matter_id,file,type,status,body,intro_date,agenda_date,passed_date,requester,name,title
10421,2015-1814,Board Correspondence,Sent,Board of Directors - Board Correspondence,2015-02-18,2015-02-18,,,,
10423,2015-1817,Board Correspondence,Sent,Board of Directors - Board Correspondence,2015-02-23,2015-02-23,,,,
10424,2015-1819,Board Correspondence,Sent,Board of Directors - Board Correspondence,2015-02-25,2015-02-25,,,,
10426,2015-1818,Board Correspondence,Sent,Board of Directors - Board Correspondence,2015-02-24,2015-02-24,,,,
10432,2015-1831,Board Correspondence,Sent,Board of Directors - Board Correspondence,2015-04-03,2015-04-03,,,,
10433,2015-1828,Board Correspondence,Sent,Board of Directors - Board Correspondence,2015-04-02,2015-04-02,,,,
10434,2015-1834,Board Correspondence,Sent,Board of Directors - Board Correspondence,2015-04-22,2015-04-22,,,,
10436,2015-1841,Board Correspondence,Sent,Board of Directors - Board Correspondence,2015-04-29,2015-04-29,,,,
10437,2015-1845,Board Correspondence,Sent,Board of Directors - Board Correspondence,2015-05-04,2015-05-04,,,,
10439,2015-1846,Board Correspondence,Sent,Board of Directors - Board Correspondence,2015-05-04,2015-05-04,,,,
10441,2015-1849,Board Correspondence,Sent,Board of Directors - Board Correspondence,2015-05-13,2015-05-13,,,,
10442,2015-1850,Board Correspondence,Sent,Board of Directors - Board Correspondence,2015-05-19,2015-05-19,,,,
10449,2015-1853,Board Correspondence,Sent,Board of Directors - Board Correspondence,2015-05-22,2015-05-22,,,,
10451,2015-1868,Board Correspondence,Sent,Board of Directors - Board Correspondence,2015-06-26,2015-06-26,,,,
10452,2015-1869,Board Correspondence,Sent,Board of Directors - Board Correspondence,2015-07-01,2015-07-01,,,,
10453,2015-1880,Board Correspondence,Sent,Board of Directors - Board Correspondence,2015-07-22,2015-07-22,,,,
10454,2015-1888,Board Correspondence,Sent,Board of Directors - Board Correspondence,2015-08-11,2015-08-11,,,,
10455,2015-1889,Board Correspondence,Sent,Board of Directors - Board Correspondence,2015-08-11,2015-08-11,,,,
10458,2015-1891,Board Correspondence,Sent,Board of Directors - Board Correspondence,2015-08-21,2015-08-21,,,,
10459,2015-1892,Board Correspondence,Sent,Board of Directors - Board Correspondence,2015-09-01,2015-09-01,,,,
10460,2015-1893,Board Correspondence,Sent,Board of Directors - Board Correspondence,2015-09-01,2015-09-01,,,,
10462,2015-1894,Board Correspondence,Sent,Board of Directors - Board Correspondence,2015-09-01,2015-09-01,,,,
10463,2015-1897,Board Correspondence,Sent,Board of Directors - Board Correspondence,2015-09-08,2015-09-08,,,,
10464,2015-1900,Board Correspondence,Sent,Board of Directors - Board Correspondence,2015-09-16,2015-09-16,,,,
10465,2015-1901,Board Correspondence,Sent,Board of Directors - Board Correspondence,2015-09-16,2015-09-16,,,,
10467,2015-1911,Board Correspondence,Sent,Board of Directors - Board Correspondence,2015-09-30,2015-09-30,,,,
10468,2015-1912,Board Correspondence,Sent,Board of Directors - Board Correspondence,2015-09-30,2015-09-30,,,,
10509,2015-1810,Board Correspondence,Sent,Board of Directors - Board Correspondence,2015-01-12,2015-01-12,,,,
10511,2015-1811,Board Correspondence,Sent,Board of Directors - Board Correspondence,2015-01-23,2015-01-23,,,,
10513,2015-1813,Board Correspondence,Sent,Board of Directors - Board Correspondence,2015-01-28,2015-01-28,,,,
10515,2015-1815,Board Correspondence,Sent,Board of Directors - Board Correspondence,2015-02-18,2015-02-18,,,,
10516,2015-1816,Board Correspondence,Sent,Board of Directors - Board Correspondence,2015-02-19,2015-02-19,,,,
10518,2015-1820,Board Correspondence,Sent,Board of Directors - Board Correspondence,2015-02-27,2015-02-27,,,,
10519,2015-1821,Board Correspondence,Sent,Board of Directors - Board Correspondence,2015-03-02,2015-03-02,,,,
10522,2015-1822,Board Correspondence,Sent,Board of Directors - Board Correspondence,2015-03-04,2015-03-04,,,,
10523,2015-1823,Board Correspondence,Sent,Board of Directors - Board Correspondence,2015-03-05,2015-03-05,,,,
10528,2015-1824,Board Correspondence,Sent,Board of Directors - Board Correspondence,2015-03-18,2015-03-18,,,,
10529,2015-1825,Board Correspondence,Sent,Board of Directors - Board Correspondence,2015-03-26,2015-03-26,,,,
10530,2015-1826,Board Correspondence,Sent,Board of Directors - Board Correspondence,2015-03-30,2015-03-30,,,,
10531,2015-1827,Board Correspondence,Sent,Board of Directors - Board Correspondence,2015-03-31,2015-03-31,,,,
10532,2015-1829,Board Correspondence,Sent,Board of Directors - Board Correspondence,2015-04-02,2015-04-02,,,,
10533,2015-1830,Board Correspondence,Sent,Board of Directors - Board Correspondence,2015-04-02,2015-04-02,,,,
10534,2015-1832,Board Correspondence,Sent,Board of Directors - Board Correspondence,2015-04-10,2015-04-10,,,,
10560,2015-1833,Board Correspondence,Sent,Board of Directors - Board Correspondence,2015-04-16,2015-04-16,,,,
10562,2015-1835,Board Correspondence,Sent,Board of Directors - Board Correspondence,2015-04-22,2015-04-22,,,,
10563,2015-1836,Board Correspondence,Sent,Board of Directors - Board Correspondence,2015-04-24,2015-04-24,,,,
10564,2015-1837,Board Correspondence,Sent,Board of Directors - Board Correspondence,2015-04-24,2015-04-24,,,,
10567,2015-1838,Board Correspondence,Sent,Board of Directors - Board Correspondence,2015-04-27,2015-04-27,,,,
10568,2015-1839,Board Correspondence,Sent,Board of Directors - Board Correspondence,2015-04-27,2015-04-27,,,,
10570,2015-1840,Board Correspondence,Sent,Board of Directors - Board Correspondence,2015-04-28,2015-04-28,,,,
10572,2015-1842,Board Correspondence,Sent,Board of Directors - Board Correspondence,2015-04-29,2015-04-29,,,,
10573,2015-1843,Board Correspondence,Sent,Board of Directors - Board Correspondence,2015-04-29,2015-04-29,,,,
10576,2015-1844,Board Correspondence,Sent,Board of Directors - Board Correspondence,2015-05-02,2015-05-02,,,,
10577,2015-1847,Board Correspondence,Sent,Board of Directors - Board Correspondence,2015-05-04,2015-05-04,,,,
10578,2015-1848,Board Correspondence,Sent,Board of Directors - Board Correspondence,2015-05-06,2015-05-06,,,,
10579,2015-1851,Board Correspondence,Sent,Board of Directors - Board Correspondence,2015-05-19,2015-05-19,,,,
10580,2015-1852,Board Correspondence,Sent,Board of Directors - Board Correspondence,2015-05-20,2015-05-20,,,,
10581,2015-1854,Board Correspondence,Sent,Board of Directors - Board Correspondence,2015-05-27,2015-05-27,,,,
10587,2015-1855,Board Correspondence,Sent,Board of Directors - Board Correspondence,2015-05-27,2015-05-27,,,,
10588,2015-1856,Board Correspondence,Sent,Board of Directors - Board Correspondence,2015-05-28,2015-05-28,,,,
10589,2015-1857,Board Correspondence,Sent,Board of Directors - Board Correspondence,2015-06-08,2015-06-08,,,,
10590,2015-1858,Board Correspondence,Sent,Board of Directors - Board Correspondence,2015-06-11,2015-06-11,,,,
10596,2015-1860,Board Correspondence,Sent,Board of Directors - Board Correspondence,2015-06-12,2015-06-12,,,,
10599,2015-1859,Board Correspondence,Sent,Board of Directors - Board Correspondence,2015-06-12,2015-06-12,,,,
10601,2015-1861,Board Correspondence,Sent,Board of Directors - Board Correspondence,2015-06-16,2015-06-16,,,,
10604,2015-1862,Board Correspondence,Sent,Board of Directors - Board Correspondence,2015-06-17,2015-06-17,,,,
10610,2015-1863,Board Correspondence,Sent,Board of Directors - Board Correspondence,2015-06-18,2015-06-18,,,,
10611,2015-1864,Board Correspondence,Sent,Board of Directors - Board Correspondence,2015-06-18,2015-06-18,,,,
10613,2015-1865,Board Correspondence,Sent,Board of Directors - Board Correspondence,2015-06-19,2015-06-19,,,,
10614,2015-1867,Board Correspondence,Sent,Board of Directors - Board Correspondence,2015-06-23,2015-06-23,,,,
10615,2015-1866,Board Correspondence,Sent,Board of Directors - Board Correspondence,2015-06-22,2015-06-22,,,,
10618,2015-1870,Board Correspondence,Sent,Board of Directors - Board Correspondence,2015-07-01,2015-07-01,,,,
10619,2015-1871,Board Correspondence,Sent,Board of Directors - Board Correspondence,2015-07-01,2015-07-01,,,,
10627,2015-1872,Board Correspondence,Sent,Board of Directors - Board Correspondence,2015-07-02,2015-07-02,,,,
10629,2015-1873,Board Correspondence,Sent,Board of Directors - Board Correspondence,2015-07-17,2015-07-17,,,,
10631,2015-1874,Board Correspondence,Sent,Board of Directors - Board Correspondence,2015-07-17,2015-07-17,,,,
10632,2015-1875,Board Correspondence,Sent,Board of Directors - Board Correspondence,2015-07-21,2015-07-21,,,,
10633,2015-1876,Board Correspondence,Sent,Board of Directors - Board Correspondence,2015-07-21,2015-07-21,,,,
10638,2015-1877,Board Correspondence,Sent,Board of Directors - Board Correspondence,2015-07-21,2015-07-21,,,,
10640,2015-1878,Board Correspondence,Sent,Board of Directors - Board Correspondence,2015-07-21,2015-07-21,,,,
10641,2015-1879,Board Correspondence,Sent,Board of Directors - Board Correspondence,2015-07-21,2015-07-21,,,,
10651,2015-1881,Board Correspondence,Sent,Board of Directors - Board Correspondence,2015-07-27,2015-07-27,,,,
10652,2015-1882,Board Correspondence,Sent,Board of Directors - Board Correspondence,2015-07-27,2015-07-27,,,,
10653,2015-1883,Board Correspondence,Sent,Board of Directors - Board Correspondence,2015-08-03,2015-08-03,,,,
10657,2015-1884,Board Correspondence,Sent,Board of Directors - Board Correspondence,2015-08-03,2015-08-03,,,,
10659,2015-1885,Board Correspondence,Sent,Board of Directors - Board Correspondence,2015-08-04,2015-08-04,,,,
10660,2015-1886,Board Correspondence,Sent,Board of Directors - Board Correspondence,2015-08-04,2015-08-04,,,,
10661,2015-1887,Board Correspondence,Sent,Board of Directors - Board Correspondence,2015-08-04,2015-08-04,,,,
10663,2015-1890,Board Correspondence,Sent,Board of Directors - Board Correspondence,2015-08-11,2015-08-11,,,,
10664,2015-1895,Board Correspondence,Sent,Board of Directors - Board Correspondence,2015-09-01,2015-09-01,,,,
10666,2015-1896,Board Correspondence,Sent,Board of Directors - Board Correspondence,2015-09-04,2015-09-04,,,,
10667,2015-1898,Board Correspondence,Sent,Board of Directors - Board Correspondence,2015-09-10,2015-09-10,,,,
10671,2015-1899,Board Correspondence,Sent,Board of Directors - Board Correspondence,2015-09-14,2015-09-14,,,,
10672,2015-1902,Board Correspondence,Sent,Board of Directors - Board Correspondence,2015-09-17,2015-09-17,,,,
10674,2015-1903,Board Correspondence,Sent,Board of Directors - Board Correspondence,2015-09-17,2015-09-17,,,,
10675,2015-1904,Board Correspondence,Sent,Board of Directors - Board Correspondence,2015-09-22,2015-09-22,,,,
10676,2015-1905,Board Correspondence,Sent,Board of Directors - Board Correspondence,2015-09-23,2015-09-23,,,,
10677,2015-1906,Board Correspondence,Sent,Board of Directors - Board Correspondence,2015-09-23,2015-09-23,,,,
10683,2015-1908,Board Correspondence,Sent,Board of Directors - Board Correspondence,2015-09-24,2015-09-24,,,,
10684,2015-1909,Board Correspondence,Sent,Board of Directors - Board Correspondence,2015-09-24,2015-09-24,,,,
10685,2015-1910,Board Correspondence,Sent,Board of Directors - Board Correspondence,2015-09-24,2015-09-24,,,,
10686,2015-1907,Board Correspondence,Sent,Board of Directors - Board Correspondence,2015-09-23,2015-09-23,,,,
10687,2015-1913,Board Correspondence,Sent,Board of Directors - Board Correspondence,2015-09-30,2015-09-30,,,,
10689,2015-1914,Board Correspondence,Sent,Board of Directors - Board Correspondence,2015-09-30,2015-09-30,,,,
10690,2015-1915,Board Correspondence,Sent,Board of Directors - Board Correspondence,2015-10-01,2015-10-01,,,,
10691,2015-1916,Board Correspondence,Sent,Board of Directors - Board Correspondence,2015-10-01,2015-10-01,,,,
10692,2015-1917,Board Correspondence,Sent,Board of Directors - Board Correspondence,2015-10-02,2015-10-02,,,,
10698,2015-1918,Board Correspondence,Sent,Board of Directors - Board Correspondence,2015-10-02,2015-10-02,,,,
10699,2015-1919,Board Correspondence,Sent,Board of Directors - Board Correspondence,2015-10-05,2015-10-05,,,,
10700,2015-1920,Board Correspondence,Sent,Board of Directors - Board Correspondence,2015-10-09,2015-10-09,,,,
10713,2015-1922,Board Correspondence,Sent,Board of Directors - Board Correspondence,2015-10-14,2015-10-14,,,,
10714,2015-1923,Board Correspondence,Sent,Board of Directors - Board Correspondence,2015-10-14,2015-10-14,,,,
10715,2015-1921,Board Correspondence,Sent,Board of Directors - Board Correspondence,2015-10-13,2015-10-13,,,,
10716,2015-1924,Board Correspondence,Sent,Board of Directors - Board Correspondence,2015-10-19,2015-10-19,,,,
10717,2015-1925,Board Correspondence,Sent,Board of Directors - Board Correspondence,2015-10-21,2015-10-21,,,,
10718,2015-1926,Board Correspondence,Sent,Board of Directors - Board Correspondence,2015-10-22,2015-10-22,,,,
10723,2015-1927,Board Correspondence,Sent,Board of Directors - Board Correspondence,2015-10-30,2015-10-30,,,,
10724,2015-1928,Board Correspondence,Sent,Board of Directors - Board Correspondence,2015-11-05,2015-11-05,,,,
10725,2015-1929,Board Correspondence,Sent,Board of Directors - Board Correspondence,2015-11-06,2015-11-06,,,,
10727,2015-1930,Board Correspondence,Sent,Board of Directors - Board Correspondence,2015-11-06,2015-11-06,,,,
10729,2015-1931,Board Correspondence,Sent,Board of Directors - Board Correspondence,2015-11-11,2015-11-11,,,,
10730,2015-1932,Board Correspondence,Sent,Board of Directors - Board Correspondence,2015-11-16,2015-11-16,,,,
10732,2015-1933,Board Correspondence,Sent,Board of Directors - Board Correspondence,2015-11-18,2015-11-18,,,,
10733,2015-1934,Board Correspondence,Sent,Board of Directors - Board Correspondence,2015-11-24,2015-11-24,,,,
10734,2015-1935,Board Correspondence,Sent,Board of Directors - Board Correspondence,2015-11-30,2015-11-20,,,,
10741,2015-1812,Board Correspondence,Sent,Board of Directors - Board Correspondence,2015-01-23,2015-01-23,,,,
10744,2015-1936,Board Correspondence,Sent,Board of Directors - Board Correspondence,2015-12-01,2015-12-01,,,,
10745,2015-1937,Board Correspondence,Sent,Board of Directors - Board Correspondence,2015-12-04,2015-12-04,,,,
10746,2015-1938,Board Correspondence,Sent,Board of Directors - Board Correspondence,2015-12-04,2015-12-04,,,,
10747,2015-1939,Board Correspondence,Sent,Board of Directors - Board Correspondence,2015-12-08,2015-12-08,,,,
10759,2015-1940,Board Correspondence,Sent,Board of Directors - Board Correspondence,2015-12-09,2015-12-09,,,,
10760,2015-1941,Board Correspondence,Sent,Board of Directors - Board Correspondence,2015-12-09,2015-12-09,,,,
10761,2015-1942,Board Correspondence,Sent,Board of Directors - Board Correspondence,2015-12-14,2015-12-14,,,,
10762,2015-1943,Board Correspondence,Sent,Board of Directors - Board Correspondence,2015-12-14,2015-12-14,,,,
10763,2015-1944,Board Correspondence,Sent,Board of Directors - Board Correspondence,2015-12-14,2015-12-14,,,,
10764,2015-1945,Board Correspondence,Sent,Board of Directors - Board Correspondence,2015-12-17,2015-12-17,,,,
10770,2015-1946,Board Correspondence,Sent,Board of Directors - Board Correspondence,2015-12-22,2015-12-22,,,,
10771,2015-1947,Board Correspondence,Sent,Board of Directors - Board Correspondence,2015-12-22,2015-12-22,,,,
10772,2015-1948,Board Correspondence,Sent,Board of Directors - Board Correspondence,2015-12-23,2015-12-23,,,,
10773,2015-1949,Board Correspondence,Sent,Board of Directors - Board Correspondence,2015-12-23,2015-12-23,,,,
10774,2015-1950,Board Correspondence,Sent,Board of Directors - Board Correspondence,2015-12-23,2015-12-23,,,,
1203,2015-0189,Contract,Withdrawn,Construction Committee,2015-04-16,2015-06-18,2015-06-18,,,"WITHDRAWN: AUTHORIZE:

A.	an increase to the total contract value for Contract No. MC069, with Stantec Consulting, Inc., to provide Construction Management Support Services In an amount not-to-exceed $21,906,272 $10,953,136 for the FY16 Annual 6-month Work Program Funding from $86,459,000 to $108,365,272; $97,412,136;

B.	an extension of the current contract period of performance from March 18, 2016 thru June 30, 2016; and

C.	the Chief Executive Officer to execute individual Contract Work Orders and Modifications within the Board approved contract value."
1227,2015-0214,Budget,Withdrawn,Construction Committee,2015-04-16,2015-09-17,2015-05-21,Program Management (Department),,"APPROVING an interim increase to the Life-of-Project (LOP) budget by $64 million, increasing the LOP budget from $1,141.4 million to $1,205.4 million, subject to availability of $64 million of federal Regional Surface Transportation Program funds."
1228,2015-0215,Contract,Consent Calendar,Board of Directors - Regular Board Meeting,2015-04-16,2015-07-23,2015-07-23,,,"CONSTRUCTION COMMITTEE RECOMMENDED (5-0):

A.	finding that awarding design-build contracts pursuant to Public Utilities Code Section 130242 (a) will achieve private sector efficiencies in the integration of the design, project work, and components related to the construction and installation of energy efficient lights in Metro’s Gateway Headquarters Building;

(REQUIRES TWO-THIRDS VOTE)

B.	authorizing the Chief Executive Officer to award the competitively bid design-build contract to the lowest responsive, responsible bidder, pursuant to Public Utiliities Code Section 130051.9 (c); and

C.	approving an increase of Contract Modification Authority (CMA) for Contract No. PS07643022 with Control Technologies to provide Building Management System upgrades in the amount of $1,000,000, increasing the CMA from $100,000 to $1,100,000."
1230,2015-0217,Contract,Withdrawn,Construction Committee,2015-04-17,2015-06-18,2015-06-18,,,"WITHDRAWN: AUTHORIZE the CEO to execute Contract Modification No. 22 to Contract No. E0119 with The Connector Partnership Joint Venture (CPJV) Inc. to continue providing Design Support Services During Construction through FY16 for the Regional Connector Transit Corridor Project, in the amount of $8,283,594, increasing the total contract value from $54,770,985 to $63,054,579. This action does not increase Life of Project Budget."
1231,2015-0218,Contract,Withdrawn,Construction Committee,2015-04-17,2015-06-18,2015-06-18,,,"WITHDRAWN: AUTHORIZE the Chief Executive Officer to execute Contract Modification No. 3 to Contract No. MC070, to ARCADIS, U.S., Inc. to continue providing Construction Management Support Services (CMSS) through FY16 December 31, 2015 for the Regional Connector Transit Corridor Project, in the amount of $11,910,669 $5,955,000, increasing the total contract value from $11,180,690 to $23,091,359 $17,135,690."
1233,2015-0220,Contract,Withdrawn,Construction Committee,2015-04-17,2015-06-18,2015-06-18,,,"WITHDRAWN: AUTHORIZE the Chief Executive Officer (CEO) to execute Change Modification No. 2 to Contract No. MC071, Westside Extension Support Team (WEST), to continue providing Construction Management Support Services (CMSS) through for six months of FY16 for the Westside Purple Line Extension Section 1 Project, in an amount not-to-exceed $12,975,255 $6,487,628, increasing the total contract value from $14,513,451 to $27,488,706 $21,001,079."
1236,2015-0223,Contract,Non-Calendar,Board of Directors - Regular Board Meeting,2015-04-20,2015-07-23,2015-05-21,,,"CONSTRUCTION COMMITTEE FORWARDED WITHOUT RECOMMENDATION authorizing the Chief Executive Officer to award a 28 month firm fixed price contract, under Invitation for Bid No. C1078, with Clark Construction Group, the lowest responsive and responsible bidder for the final design and construction of the Maintenance of Way/Non-Revenue Vehicle Maintenance Building to be constructed as part of the Division 20 Yard and Shops expansion for a firm fixed price of $52,830,310."
1237,2015-0224,Contract,Non-Calendar,Board of Directors - Regular Board Meeting,2015-04-20,2015-07-23,2015-07-23,,,"CONSTRUCTION COMMITTEE FORWARDED WITHOUT RECOMMENDATION authorizing  the Chief Executive Officer  to award and execute a five year contract, Contract No. PS84203243, with Cumming Construction Management, Inc. for Sustainability Program Assistance Services on Task Orders for a total amount not-to-exceed $12,481,230 inclusive of three base years (not to exceed $7,339,981) with two one-year options (year one =$2,545,173 and year two = $2,596,076.)"
1268,2015-0259,Program,Passed,"Finance, Budget and Audit Committee",2015-04-21,2015-06-17,2015-06-25,,,"APPROVED:

A.	the Southern California Regional Rail Authority’s (SCRRA) FY 2015-16 Annual Work Program pursuant to their April 17, 2015, budget transmittal (Attachment A) and subsequent May 28, 2015, revised budget transmittal (Attachment B);

B.	the Los Angeles County Metropolitan Transportation Authority’s (LACMTA) share of SCRRA FY 2015-16 Metrolink funding totaling $87,514,128 to reflect the programming of funds as follows: 

1.	$65,481,000 for Metrolink Operations;  

2.	$2,578,128 for Right of Way (ROW) Security;

3.	$5,806,000 for ROTEM Reimbursement;

4.	$13,074,000 for New TVM Purchase in Los Angeles County;

5.	$475,000 for Capital Projects; and

6.	$100,000 for one-time special events

C.	authorizing the Chief Executive Officer (CEO) to defer LACMTA’s share of SCRRA FY 2015-16 Renovation and Rehabilitation budget and extend the lapsing dates of expiring MOUs until the agreed upon cash flow and reconciliation of SCRRA’s Renovation and Rehabilitation program "
1314,2015-0307,Motion / Motion Response,Filed,Executive Management Committee,2015-04-23,2015-06-18,2015-06-18,Chief Executive Office (Department),,RECEIVE AND FILE quarterly report on the demographic profile of those cited for fare violation in response to Motion #55 from the May 2014 Regular Board Meeting (Item C2).
1317,2015-0310,Contract,Passed,Board of Directors - Regular Board Meeting,2015-04-23,2015-07-23,2015-07-23,Information Technology (Department),,"AUTHORIZE the Chief Executive Officer to:

A.	establish an IT Services Bench, through (RFIQ) No. PS92403383, consisting solely of vendors who have been deemed qualified to participate in future IT task order work for technical disciplines 1 through 16 below. The qualified vendors recommended in Attachment B for a five-year period will openly compete to perform individual professional service task orders for a cumulative total value of $17 million. Individual task orders will be awarded based on a competition via the Request for Proposal (RFP) process.
1.	Platform / End User Computing Systems"
1345,2015-0339,Policy,Passed,Planning and Programming Committee,2015-04-27,2015-06-17,2015-06-25,,,"APPROVED AS AMENDED BY Najarian Motion:

A. 	receiving the Doran Street and Broadway/Brazil Safety and Access Project Study Report Equivalent (PSRE); and 

B.	adopting Locally Preferred Alternative (LPA) 2 from the PSRE to advance into the Final Environmental Document."
1350,2015-0344,Informational Report,Filed,Executive Management Committee,2015-04-27,2015-06-18,2015-06-18,Information Technology (Department),,"RECEIVE AND FILE status report on efforts underway to use technology and innovation to improve the customer experience on Metro’s Bus and Rail system, and mobility in the region in general."
1369,2015-0365,Program,Passed,Planning and Programming Committee,2015-04-28,2015-06-17,2015-06-25,Planning and Development (Department),,APPROVED ON CONSENT CALENDAR the Wayfinding Signage Grant Pilot Program Guidelines as outlined in Attachment A.
1370,2015-0366,Contract,Passed,"System Safety, Security and Operations Committee",2015-04-28,2015-09-17,2015-09-24,OCEO (Department),,"AUTHORIZING the Chief Executive Officer to award a 5-year firm fixed price Contract No. PS15360111323, to FRS Environmental Inc., for parts washer services in an amount not-to-exceed $1,223,820 for a 5-year period."
1378,2015-0374,Policy,Withdrawn,Planning and Programming Committee,2015-04-28,2015-07-15,2015-07-15,Planning and Development (Department),,"WITHDRAWN: REVISE the Board’s Unified Cost Management Process and Policy to add a new Section 12 and a new Attachment A, directing that if cost increases to the specified Measure R highway projects cannot be mitigated, that 50 percent of cost increases will be addressed from the countywide program and 50 percent of the cost increases are subject to the corridor and subregional cost containment portions of the existing policy."
1437,2015-0433,Informational Report,Filed,Planning and Programming Committee,2015-04-30,2015-06-17,2015-06-17,Planning and Development (Department),,RECEIVE AND FILE report on implementation of the First/Last Mile Strategic Plan.
1442,2015-0438,Contract,Withdrawn,Construction Committee,2015-05-01,2015-06-18,2015-06-18,,,"WITHDRAWN: AUTHORIZE the Chief Executive Officer to amend the FY16 budget to add:

A.	 37 18 non-contract full-time equivalent (FTE) positions (with 7 non-contract FTE positions already accounted in the FY 16 budget) by converting new Construction Management Support Services(CMSS)/consultant positions to support Measure R transit projects for Engineering & Construction (E&C) Department;

B.	 3 2 non-contract FTE positions by converting consultant positions to support Environmental Compliance and Sustainability projects for E&C Department (Refer to Appendix 1).

C.	 6 3 non-contract FTE positions to support capital transit projects for E&C Department (refer to Appendix 2).

D.	 8 4 non-contract FTE positions by converting new CMSS/consultant positions to support Measure R transit projects for Program Management Office (Refer to Appendix 3).

E.	 7 4 non-contract FTE positions by converting new CMSS/consultant positions to support Measure R transit projects for Vendor/Contract "
1443,2015-0439,Contract,Consent Calendar,Board of Directors - Regular Board Meeting,2015-05-01,2015-09-24,2015-09-24,,,"AUTHORIZING the Chief Executive Officer to:

A.	execute Contract Modification No. 5 to Contract No. PS4710-2768 with HDR Engineering, Inc. (I-710 South Utility North Study - North Segment), for the utilities and structural engineering efforts associated with the revised project alternatives, in an amount not-to-exceed $1,443,082, increasing the total contract not-to-exceed amount from $6,715,468 to $8,158,550 and a contract extension of 18 months;

B.	execute Contract Modification No. 8 to Contract No. PS4710-2769 with Mark Thomas & Company, Inc. (I-710 South Utility Central Study - Central Segment), for the utilities and structural engineering efforts associated with the revised project alternatives, in an amount not-to-exceed $350,521, increasing the total contract not-to-exceed amount from $5,695,143 to $6,045,664 and a contract extension of 18 months;

C.	increase Contract Modification Authority (CMA) specific to the two contracts to cover the cost of any unforeseen issues th"
1446,2015-0442,Contract,Passed,LA SAFE,2015-05-01,2015-06-25,2015-06-25,LA SAFE,,"CONSIDER: 

A.	authorizing the Chief Executive Officer to execute Modification No. 36 to Contract No. 06SAFE035 - Motorist Aid Travelers Information System (MATIS) with the IBI Group Inc. (IBI) to extend the period of performance by 24 months from July 1, 2015 to June 30, 2017, and increase the contract value by $7,795,919, from $36,111,432 to $43,907,351; and

B.	approving an increase to Contract Modification Authority (CMA) for Contract No. 06SAFE035, MATIS with IBI to support the system improvements in the amount of $779,592; thereby, increasing the total CMA from $5,656,106 to $6,435,698."
1448,2015-0444,Budget,Passed,LA SAFE,2015-05-01,2015-06-25,2015-06-25,Congestion Reduction (Department),,"ADOPT the Fiscal Year 2015-2016 (FY16) budget in the amount of $12,309,099 for the operation and administration of the Los Angeles County Service Authority for Freeway Emergencies (SAFE). This budget amount includes the annual funding allocations to:
 
A.	the agreement with the Public Transportation Services Corporation (PTSC) for direct labor and administrative support services in the amount of $2,176,099; and 

B.	the agreement with the Los Angeles County Metropolitan Transportation Authority (MTA) for Freeway Service Patrol (FSP) in the amount of $2,000,000."
1449,2015-0445,Contract,Passed,LA SAFE,2015-05-01,2015-06-25,2015-06-25,Congestion Reduction (Department),,"AUTHORIZE the restructuring of the Los Angeles County Kenneth Hahn Call Box System as outlined, based upon the findings and recommendations of the recently concluded Call Box Assessment Study (Attachment A)."
1453,2015-0449,Fare / Tariff / Service Change,Passed,"Finance, Budget and Audit Committee",2015-05-01,2015-06-17,2015-06-25,Finance and Budget (Department),,"ADOPTED ON CONSENT CALENDAR:

A.	the proposed change to the Policy on Use of Interagency Transfers as described in Attachment A;

B.	finding that the proposed policy change results in a Disparate Impact but there is substantial legitimate justification for the proposed change and there are no alternatives that would have a less disparate impact on minority riders; and 

C.	the recommendation to distribute up to 1 million TAP cards free to bus riders purchasing transfers in advance of the effective date of the policy to address the underlying cause of the Disparate Impact finding (current TAP card possession)."
1454,2015-0450,Motion / Motion Response,Passed,"Finance, Budget and Audit Committee",2015-05-01,2015-07-15,2015-06-25,Planning and Development (Department),,"APPROVED:

A.	the summary of delegated Chief Executive Officer fund type assignments; and

B.	receiving and filing this information as a response to Motion 5.1 which directed staff to undertake a Fiscal Stability Overview and Funding Commitments Inventory, subject to further review and validation."
1458,2015-0454,Agreement,Passed,"System Safety, Security and Operations Committee",2015-05-04,2015-06-18,2015-06-25,,,"AUTHORIZED ON CONSENT CALENDAR the Chief Executive Officer to execute a Memorandum of Understanding with the Los Angeles Trade Technical College for FY16 - FY18 to provide continuation services in support of the Rail Technical Training and Rail Apprentice Programs, for up to $500,000 each year for a total value of $1,500,000 to support Rail Technical Training for Metro’s workforce."
1466,2015-0462,Informational Report,Filed,Executive Management Committee,2015-04-09,2015-06-18,2015-06-18,Communications (Department),,RECEIVE AND FILE report on the status of Metro’s revenue-generating bus and rail advertising contracts.
1480,2015-0476,Program,Passed,Planning and Programming Committee,2015-05-05,2015-06-17,2015-06-25,Planning and Development (Department),,"APPROVED ON CONSENT CALENDAR:

A.	recertifying $76.8 million in existing Fiscal Year (FY) 2015-16 commitments from previously approved Countywide Calls for Projects and authorize the expenditure of funds to meet these commitments as shown in Attachment A;

B.	deobligating $29.1 $28.8 million of previously approved Countywide Calls for Projects funding, as shown in Attachment B.  Continue to prioritize 2015 and future deobligated dollars to fund as the first priority the three previously approved County of Los Angeles Signal Call projects: 1) San Gabriel Valley Traffic Signal Corridors Project (#F3308); 2) Gateway Cities Traffic Signal Corridors Phase VI Project (#F3309); and 3) South Bay Traffic Signal Corridors Project (#F3310) that were not near-term priorities per the 2011 Long Range Transportation Plan (LRTP) Transportation Improvement Program (TIP) Priority List, and the second priority, the City of Palmdale North County ITS - Palmdale Extension Project (#F7304); 

C.	author"
1481,2015-0477,Program,Passed,Planning and Programming Committee,2015-05-05,2015-06-17,2015-06-25,Planning and Development (Department),,"APPROVED the four recommendations detailed in Attachment A that address the following improvements to the Call for Projects (Call) process for future Calls beyond 2015:

A.	Strengthen Subregional Partnership in Countywide Call Process;

B.	Simplify and Improve the Call Process for Local Agencies;

C.	Strengthen Focus on Greenhouse Gas Reductions; and

D.	Maximize Funding Availability."
1482,2015-0478,Contract,Passed,Planning and Programming Committee,2015-05-05,2015-06-17,2015-06-25,Planning and Development (Department),,"APPROVED AS AMENDED:

A.	adopting the Regional Bikeshare Implementation Plan for Los Angeles County (“Plan”) (Attachment B). 

B.	awarding a two-year firm fixed price Contract No. PS272680011357 (RFP No. PS11357), to Bicycle Transit Systems, Inc. (BTS) for the equipment, installation and operations of the Metro Countywide Bikeshare Phase 1 Pilot in the amount of $11,065,673  contingent upon the execution of an MOU between the City of Los Angeles and Metro. Authorization of future phases will be presented for Board approval contingent upon successful completion and operation of the Phase 1 Pilot, and completion and operation of each subsequent phase, availability of funding and interest of participating communities (Attachment A). 

C.	authorizing the Chief Executive Officer (CEO) to take the following actions to implement the Metro Countywide Bikeshare Phase 1 Pilot in downtown Los Angeles (“Pilot”): 

1.	negotiating and executing a Memorandum of Understanding (MOU) between Cit"
1488,2015-0484,Contract,Withdrawn,Construction Committee,2015-05-06,2015-06-17,2015-05-21,,,"WITHDRAWN: authorizing the Chief Executive Officer to execute a cost-plus-fixed-fee Contract No. PS2415-3412 with STV, Inc. for the Brighton to Roxford Double Track Project in the amount of $12,500,000 $13,594,016, inclusive of all design phases.  This contract is for three years."
1504,2015-0500,Oral Report / Presentation,Agenda Ready,Executive Management Committee,2015-05-07,2015-06-18,2015-06-18,,,RECEIVE oral report on Veterans Hiring Initiative & Workforce Planning.
1505,2015-0501,Program,Passed,Planning and Programming Committee,2015-05-07,2015-06-17,2015-06-25,Planning and Development (Department),,"APPROVED ON CONSENT CALENDAR:

A.	preliminary transportation modal category funding marks; and
B.	fund estimate of $199.4 million; and. 
C.	release of preliminary recommendations for the 2015 Countywide Call for Projects (Call) for distribution."
1533,2015-0529,Oral Report / Presentation,Agenda Ready,Executive Management Committee,2015-05-08,2015-06-18,2015-06-18,Communications (Department),,RECEIVE oral Federal/State Affairs update.
1536,2015-0532,Contract,Passed,Construction Committee,2015-05-11,2015-06-18,2015-06-25,,,"AUTHORIZED UNDER RECONSIDERATION the Chief Executive Officer to execute Change Order 195.00 to Contract No. C0882, with Kiewit Infrastructure West Company, for settlement of Claim No.115 for the Additional Work for the Preparation of Fact Sheet Exceptions for Mandatory and Advisory Design Standards, in the Agreed to amount of $1,550,000, increasing the total contract value from $911,755,372 to $913,305,372.  Requested funds are within the Life-of-Project (L-O-P) budget."
1546,2015-0542,Contract,Non-Calendar,Board of Directors - Regular Board Meeting,2015-05-12,2015-07-23,2015-07-23,,,"CONSTRUCTION COMMITTEE FORWARDED WITHOUT RECOMMENDATION authorizing the Chief Executive Officer to award and execute a five year contract, Contract No. PS84203274, with Kleinfelder, Inc. for Environmental Engineering and Consulting services on Task Orders, inclusive of three base years and two one-year option years with a total not-to-exceed amount of $12,000,000.00. Base year contract value is $7.2 million; Option year one contract value is $2.4 million; and Option year two contract value is $2.4 million."
1548,2015-0544,Informational Report,Filed,Executive Management Committee,2015-05-12,2016-02-17,2016-02-18,Communications (Department),,RECEIVE AND FILE the cost benefit analysis and customer satisfaction survey results for the Employer Annual Pass Programs.
1552,2015-0548,Informational Report,Filed,Planning and Programming Committee,2015-05-12,2015-07-15,2015-07-15,,,RECEIVE AND FILE the Regional Rail Update through June 2015.
1558,2015-0554,Policy,Passed,Executive Management Committee,2015-05-12,2015-07-16,2015-07-23,Planning and Development (Department),,EXECUTIVE MANAGEMENT RECOMMENDED (4-0-1) adopting updated Metro Joint Development Policy (Attachment B).
1560,2015-0556,Program,Passed,Planning and Programming Committee,2015-05-12,2015-07-15,2015-07-23,Planning and Development (Department),,"PLANNING AND PROGRAMMING COMMITTEE RECOMMENDED (3-0) authorizing the Chief Executive Officer to negotiate and execute a grant agreement with the South Bay Cities Council of Governments (SBCCOG) to implement a ride share demonstration project for events.  Amount of funding to be granted to SBCCOG is not to exceed $250,000."
1575,2015-0574,Resolution,Passed,"Finance, Budget and Audit Committee",2015-05-13,2015-06-17,2015-06-25,Finance and Budget (Department),,"ADOPTED ON CONSENT CALENDAR:

A.	findings and recommendations (Attachment A) for allocating fiscal year (FY) 2015-16 Transportation Development Act (TDA) Article 8 funds estimated at $23,988,324 as follows:

1.	In the City of Avalon there are unmet transit needs that are reasonable to meet, and the City of Avalon will use $146,632 of their Article 8 funds (Attachment B) for their transit services.  Therefore, TDA Article 8 funds will be used to meet the unmet transit needs, as described in Attachment A;

2.	In the Antelope Valley, which includes the Cities of Lancaster and Palmdale, and in the Los Angeles County Unincorporated areas of the Antelope Valley, transit needs are met using other funding sources, such as Proposition A and Proposition C Local Return.  Therefore, TDA Article 8 funds in the amount of $6,011,397 and $5,852,688 (Lancaster and Palmdale, respectively), may be used for street and road purposes and/or transit, as long as long as their transit needs continue to b"
1576,2015-0575,Contract,Consent Calendar,Board of Directors - Regular Board Meeting,2015-05-13,2015-09-24,2015-09-24,,,"AUTHORIZING the Chief Executive Officer to award and execute a 15-month firm fixed price Contract No. AE322940011372 (RFP No. AE11372) to JMDiaz, Inc. in the amount of $2,340,084.08 for Architectural and Engineering (A&E) services to complete the I-710/SR-91 PSR-PDS."
1577,2015-0576,Contract,Passed,Construction Committee,2015-05-13,2015-09-17,2015-09-24,,,"AUTHORIZING the Chief Executive Officer to award and execute a 48-month firm fixed price Contract No. AE333410011375 (RFP No. AE11375), to Parsons Transportation Group Inc. in the amount of $20,697,227.00 for Architectural and Engineering services to complete the I-605/I-5 PA/ED."
1578,2015-0577,Budget,Non-Calendar,Board of Directors - Regular Board Meeting,2015-05-13,2015-07-23,2015-07-23,,,"CONSTRUCTION COMMITTEE FORWARDED WITHOUT RECOMMENDATION amending the FY 16 Budget to add $800,000 to Project 405556 Systemwide Planning in Cost Center 4330, Countywide Planning and Development to cover the design costs for modifications to the Crenshaw/LAX (C/LAX) station design for consistency with the Systemwide Station Design."
1581,2015-0580,Informational Report,Filed,"Finance, Budget and Audit Committee",2015-05-13,2015-06-17,2015-06-17,Chief Executive Office (Department),,"RECEIVE AND FILE the third quarter report of Management Audit Services for the period ending March 31, 2015."
1589,2015-0586,Contract,Non-Calendar,Board of Directors - Regular Board Meeting,2015-05-13,2015-07-23,2015-07-23,,,"CONSTRUCTION COMMITTEE FORWARDED WITHOUT RECOMMENDATION approving an increase in the Contract Modification Authority (CMA) to Contract No. OP33402180 with Maintenance Design Group (MDG) in the amount of $350,000, increasing the total CMA from $1,350,000 to $1,700,000 for design support during construction for the Division 13 Bus Maintenance and Operations Facility."
1609,2015-0609,Oral Report / Presentation,Agenda Ready,Construction Committee,2015-05-13,2015-06-18,2015-05-21,,,RECEIVE oral report on Transit Program Project Budget & Schedule Status.
1612,2015-0612,Informational Report,Filed,Board of Directors - Regular Board Meeting,2015-05-14,2015-06-18,2015-06-25,Operations (Department),,"RECEIVED AND FILED report responding to Motion 21: Bus Rapid Transit Service - Silver Line, brought forward at the February 2015 System Safety, Security and Operations Committee."
1626,2015-0627,Oral Report / Presentation,Agenda Ready,Executive Management Committee,2015-05-14,2015-06-18,2015-06-18,Chief Executive Office (Department),,RECEIVE oral report on Civil Rights.
1649,2015-0651,Oral Report / Presentation,Agenda Ready,Construction Committee,2015-05-15,2015-06-18,2015-05-21,Engineering and Construction (Department),,RECEIVE oral update on Engineering and Construction Executive Director’s report.
1653,2015-0655,Informational Report,Passed,Board of Directors - Regular Board Meeting,2015-05-15,2015-06-18,2015-06-25,Finance and Budget (Department),,"RECEIVE AND FILE status report on response to Board Motion No. 8: MTA Ridership (March 19, 2015) to develop an Action Plan to increase Metro ridership."
1660,2015-0662,Informational Report,Filed,Executive Management Committee,2015-05-18,2015-06-18,2015-06-18,Vendor / Contract Management (Department),,RECEIVE AND FILE status on the Project Labor Agreement and Construction Careers Policy programs on the Crenshaw/LAX Transit Corridor and Regional Connector Transit Corridor projects for activity through the April 2015 reporting period.
1674,2015-0676,Policy,Withdrawn,"Finance, Budget and Audit Committee",2015-05-20,2015-06-17,2015-06-17,Chief Executive Office (Department),,WITHDRAWN: ADOPT the FY16 Proposed Audit Plan.
1675,2015-0677,Informational Report,Filed,Construction Committee,2015-05-20,2015-06-18,2015-06-18,Chief Executive Office (Department),,RECEIVE AND FILE monthly report on Crenshaw/LAX Safety.
1678,2015-0680,Informational Report,Passed,Planning and Programming Committee,2015-05-20,2015-06-18,2015-06-25,,,"APPROVED ON CONSENT CALENDAR amending the Metro Gold Line Extension Phase 2A Funding Agreement to increase funds for Phase 2B for environmental, engineering and preconstruction activities."
1679,2015-0681,Informational Report,Filed,Ad Hoc Transit Policing Oversight Committee,2015-05-20,2015-06-18,2015-06-18,Chief Executive Office (Department),,RECEIVE AND FILE report on monthly update on transit policing performance.
1682,2015-0684,Informational Report,Filed,"System Safety, Security and Operations Committee",2015-05-21,2015-06-18,2015-06-18,Operations (Department),,RECEIVE AND FILE update on bus/rail car washing and facility water reduction efforts.
1686,2015-0688,Project,Passed,"System Safety, Security and Operations Committee",2015-05-21,2015-06-18,2015-06-25,Operations (Department),,"SYSTEM SAFETY, SECURITY AND OPERATIONS COMMITTEE RECOMMENDED (4-0) approving nominees for membership on Metro’s San Fernando Valley, San Gabriel Valley, South Bay, and Westside Central Service Councils."
1688,2015-0690,Contract,Non-Calendar,Board of Directors - Regular Board Meeting,2015-05-21,2015-06-25,2015-06-25,Congestion Reduction (Department),,"AD HOC CONGESTION REDUCTION COMMITTEE FORWARDED DUE TO ABSENCES AND CONFLICTS awarding and executing a Firm Fixed Labor-Hour Contract No. AE275020011497 to Parsons Brinckerhoff (PB) for a three-year period for ExpressLanes Program Management Support Services for a total contract value not-to-exceed $7,700,000."
1689,2015-0691,Informational Report,Filed,Ad Hoc Congestion Reduction Committee,2015-05-21,2015-06-17,2015-06-17,,,RECEIVE AND FILE status report on the Los Angeles County Express Lanes Strategic Plan.
1691,2015-0693,Contract,Non-Calendar,"Finance, Budget and Audit Committee",2015-05-22,2015-09-16,2015-09-24,Finance and Budget (Department),,"AUTHORIZE the Chief Executive Officer to award a one year Firm Fixed Price Contract No. PS1544301142 to Ma and Associates to conduct the fiscal year FY 2013-2015 independent performance review of all the Los Angeles County transit operators receiving state Transportation Development Act (TDA) Article 4, and operators receiving Proposition A funds in lieu of TDA funds and Metro as the Regional Transportation Planning Entity (RTPE), for the fixed price of $588,192."
1699,2015-0701,Contract,Passed,Ad Hoc Transit Policing Oversight Committee,2015-05-22,2015-06-18,2015-06-25,Chief Executive Office (Department),,"AUTHORIZED ON CONSENT CALENDAR the Chief Executive Officer to execute Modification No. 12 to Contract No. PS2610LASD with the County of Los Angeles Sheriff’s Department (LASD) to provide law enforcement services for up to twelve (12) months for the period covering July 1, 2015 through June 30, 2016 in the amount of $102,851,600, thereby increasing the total contract value from $466,719,113 to $569,570,713."
1702,2015-0704,Formula Allocation / Local Return,Passed,"Finance, Budget and Audit Committee",2015-05-26,2015-06-17,2015-06-25,,,"APPROVED ON CONSENT CALENDAR:

A.	approving $1.8 billion in FY2016 Transit Fund Allocations for Los Angeles County jurisdictions, transit operators and Metro operations as shown in Attachments A through E and are further described in Attachment F. These allocations comply with federal and state regulations and LACMTA Board policies and guidelines:

1.	Planning and Administrative allocations of Transportation Development Act (TDA), Proposition A, Proposition C and Measure R in the amount of $70.4 million as shown in Attachment A, Line 37;

2.	Bus Transit Subsidies of State and  Local funds in the amount of $939.5 million as shown in Attachment B and includes:

3.	$6.0 million for the continuation of the Tier 2 Operators Funding Program

4.	Allocation of Federal Formula Grants in the amount of $333.6 million as shown in Attachment C.

5.	Proposition A Incentive Programs in the amount of $14.7 million as shown in Attachment D. 

6.	Proposition A Local Return, Proposition C L"
1704,2015-0706,Contract,Non-Calendar,Board of Directors - Regular Board Meeting,2015-05-26,2015-07-23,2015-07-23,Planning and Development (Department),,"PLANNING AND PROGRAMMING COMMITTEE RECOMMENDED AS AMENDED (3-0) authorizing the Chief Executive Officer to:

A.	execute Contract Modification No. 12 for Contract No. PS4320-2003, Metro Eastside Transit Corridor Phase 2 Project Alternatives Analysis, Environmental Clearance and Conceptual Engineering Consultant Services, with CDM Smith/AECOM, Joint Venture, in the amount of $2,898,336 to address post-Draft Environmental Impact Statement/Draft Environmental Impact Report (DEIS/EIR) Cooperating Agency comments and investigate refinements as directed by the Metro Board in November 2014, increasing the total contract value from $15,548,379 to $18,446,715;"
1707,2015-0709,Informational Report,Withdrawn,Ad Hoc Congestion Reduction Committee,2015-05-26,2015-06-17,,,,WITHDRAWN: RECEIVE AND FILE status report on the assessment of the impact of allowing HOVs to use the I-10 Metro ExpressLanes on the weekends without a FasTrak transponder.
1709,2015-0711,Informational Report,Filed,Executive Management Committee,2015-05-26,2015-07-16,2015-07-16,Finance and Budget (Department),,RECEIVE AND FILE status report on the Project Labor Agreement and Construction Careers Policy programs on the Crenshaw/LAX Transit Corridor and Regional Connector Transit Corridor projects for activity through the May 2015 reporting period.
1720,2015-0722,Contract,Non-Calendar,Board of Directors - Regular Board Meeting,2015-05-28,2015-07-23,2015-07-23,,,"CONSTRUCTION COMMITTEE FORWARDED WITHOUT RECOMMENDATION:

A.	authorizing a Contract Modification No. 40 (a.k.a. Contract Change Order, CCO 40) by Caltrans for Segment 3 construction contract of the I-5 North Capacity Enhancements from SR-134 to SR-118 under the Funding Agreement No. MOU.P0008355/8501 A/A5, in the amount of $1,000,000 without an increase in the project budget or contract value. The contract value of this project remains $405,575,000; and

B.	authorizing a Contract Modification No. 74 (a.k.a. Contract Change Order, CCO 74) by Caltrans for Segment 3 construction contract of the I-5 North Capacity Enhancements from SR-134 to SR-118 under the Funding Agreement No. MOU.P0008355/8501 A/A5, in the amount of $1,500,000 without an increase in the project budget or contract value. The contract value of this project remains $405,575,000."
1735,2015-0737,Policy,Passed,Board of Directors - Regular Board Meeting,2015-05-29,2015-07-23,2015-07-23,Planning and Development (Department),,"CONSIDER:

A.	supporting the establishment of the proposed Central Avenue Historic Business Improvement District  (“BID”) in the City of Los Angeles and the resulting assessments on properties within the District boundaries owned by LACMTA; and 

B.	authorizing the Chief Executive Officer or his delegate to sign any necessary petition and cast any subsequent ballots in support of the BID and property assessments."
1739,2015-0741,Policy,Passed,Executive Management Committee,2015-06-01,2015-06-18,2015-06-25,,,"AUTHORIZED ON CONSENT CALENDAR the Chief Executive Officer (CEO) to negotiate salaries within the pay range for the following positions:

A.	Chief Operations Officer, pay grade CC ($215,987 - $265,907 - $315,868) 

B.	Chief Communications Officer, pay grade BB ($161,616 - $202,030 - $242,424)"
1748,2015-0750,Informational Report,Passed,Ad Hoc Transit Policing Oversight Committee,2015-06-02,2015-06-18,2015-06-25,Chief Executive Office (Department),,"APPROVED ON CONSENT CALENDAR:

A.	receiving and filing response to Motion by Director James Butts; and

B.	directing the CEO to pursue in the 2016 State Legislative Session legislation that would clarify the status of Transit Security Officers and their authority."
1754,2015-0756,Informational Report,Filed,Planning and Programming Committee,2015-06-02,2015-06-17,2015-06-18,Finance and Budget (Department),,RECEIVE AND FILE this update on the Wilshire Bus Rapid Transit (BRT) All-Door Boarding Pilot and the Off-Board Fare Payment study in response to the April Board Motion 24.
1762,2015-0764,Oral Report / Presentation,Agenda Ready,"Finance, Budget and Audit Committee",2015-06-02,2015-06-17,2015-06-17,,,RECEIVE report from the Chief Executive Officer.
1763,2015-0765,Oral Report / Presentation,Agenda Ready,Planning and Programming Committee,2015-06-02,2015-06-17,2015-06-17,,,RECEIVE report of the Chief Executive Officer.
1764,2015-0766,Oral Report / Presentation,Agenda Ready,"System Safety, Security and Operations Committee",2015-06-02,2015-06-18,2015-06-18,,,Operations Employee of the Month.
1765,2015-0767,Oral Report / Presentation,Agenda Ready,"System Safety, Security and Operations Committee",2015-06-02,2015-06-18,2015-06-18,,,"RECEIVE report on System Safety, Security and Operations."
1767,2015-0769,Oral Report / Presentation,Agenda Ready,"System Safety, Security and Operations Committee",2015-06-02,2015-06-18,2015-06-18,,,RECEIVE report of the Chief Executive Officer.
1768,2015-0770,Oral Report / Presentation,Agenda Ready,Construction Committee,2015-06-02,2015-06-18,2015-06-18,,,RECEIVE report by the Caltrans District Director on Delivery of Projects on I-5.
1770,2015-0772,Oral Report / Presentation,Agenda Ready,Construction Committee,2015-06-02,2015-06-18,2015-06-18,,,RECEIVE report of the Chief Executive Officer.
1771,2015-0773,Oral Report / Presentation,Agenda Ready,Executive Management Committee,2015-06-02,2015-06-18,2015-06-18,,,RECEIVE report of the Chief Executive Officer.
1775,2015-0777,Oral Report / Presentation,Agenda Ready,Executive Management Committee,2015-06-02,2015-06-18,2015-06-18,,,RECEIVE Citizens’ Advisory Council update.
1796,2015-0801,Program,Passed,Board of Directors - Regular Board Meeting,2015-06-02,2015-07-23,2015-07-23,Chief Executive Office (Department),,"AUTHORIZE the Chief Executive Officer to negotiate and award excess liability insurance policies with up to $250 million in limits at a cost not to exceed $3.65 million for the 12-month period effective August 1, 2015 to August 1, 2016."
1800,2015-0805,Project,Non-Calendar,Board of Directors - Regular Board Meeting,2015-06-03,2015-07-23,2015-07-23,OCEO (Department),,"CONSTRUCTION COMMITTEE FORWARDED WITHOUT RECOMMENDATION:

A.	adopting Life-of-Project (LOP) budget for Project 205104 (Metro Blue Line (MBL) Pedestrian Active Grade Crossing Improvements Installation) of $30,175,000;

B.	increasing the Fiscal Year 2016 Budget for Project 205104 in Cost Center, 3960 - Rail Transit Engineering, by $12,897,000 to fund the FY 2016 cash flow for these pedestrian grade crossing safety enhancements; and

C.	authorizing the CEO to negotiate and execute a Public Highway at-Grade Crossing Improvement Agreement with Union Pacific Railroad (UPRR) according to the Term Sheet (Attachment B)."
1804,2015-0809,Contract,Non-Calendar,Board of Directors - Regular Board Meeting,2015-06-03,2015-07-23,2015-07-23,Planning and Development (Department),,"PLANNING AND PROGRAMMING COMMITTEE FORWARDED WITHOUT RECOMMENDATION DUE TO ABSENCES AND CONFLICTS authorizing the Chief Executive Officer (CEO) to:

A.	award a seven-year cost-plus-fixed fee Contract No. PS298340011486 (RFP No. PS11486), to Gruen Associates for the Airport Metro Connector (AMC) 96th Street Transit Station for a not-to-exceed amount of $17,789,897 for architectural and engineering services to design the AMC 96th Street Transit Station and provide design support services during construction; and

B.	approve Contract Modification Authority specific to Contract No. PS298340011486 in the amount of $3,557,979 to cover the cost of any unforeseen issues that may arise during the course of the contract."
1807,2015-0812,Motion / Motion Response,Consent Calendar,Board of Directors - Regular Board Meeting,2015-06-03,2015-07-23,2015-07-23,,,"SYSTEM SAFETY, SECURITY AND OPERATIONS COMMITTEE RECOMMENDED (5-0) approving nominees for membership on Metro’s Gateway Cities, San Fernando Valley, and San Gabriel Valley Service Councils."
1812,2015-0817,Informational Report,Filed,Ad Hoc Sustainability Committee,2015-06-04,2015-07-15,2015-07-15,Planning and Development (Department),,RECEIVE AND FILE report on City of Los Angeles Sustainability Plan.
1813,2015-0818,Informational Report,Filed,Ad Hoc Sustainability Committee,2015-06-04,2015-07-15,2015-07-15,Planning and Development (Department),,RECEIVE AND FILE status report on the progress of the Urban Greening Plan for Park and Ride Lots and Station Areas.
1815,2015-0820,Oral Report / Presentation,Filed,Ad Hoc Sustainability Committee,2015-06-04,2015-07-15,2015-07-15,,,RECEIVE oral report on Sustainability Annual Report performance metrics.
1834,2015-0839,Contract,Passed,"System Safety, Security and Operations Committee",2015-06-05,2015-06-18,2015-06-25,Operations (Department),,AUTHORIZED ON CONSENT CALENDAR the Chief Executive Officer (CEO) to enter into a joint partnership agreement between the Los Angeles County Metropolitan Transportation Authority (Metro) and the 2015 Special Olympics (World Games).
1837,2015-0842,Contract,Passed,"System Safety, Security and Operations Committee",2015-06-05,2015-07-16,2015-07-23,Chief Executive Office (Department),,"SYSTEM SAFETY, SECURITY AND OPERATIONS RECOMMENDED (3-0) authorizing  the Chief Executive Officer to execute contract Modification No. 8 to Contract No, OP24122716 with Xerox State and Local Solutions, Inc to provide Transit Court Citation Processing Services to extend the contract for up to three (3) months for the period covering September 1, 2015, through November 30, 2015, for a not-to-exceed amount of $195,000, thereby increasing the total contract value from $2,069,692.20 to $2,264,692.20."
1839,2015-0844,Informational Report,Filed,Construction Committee,2015-06-05,2015-07-16,2015-07-16,Chief Executive Office (Department),,RECEIVE AND FILE the monthly report on Crenshaw/LAX Safety.
1843,2015-0848,Contract,Passed,Construction Committee,2015-06-05,2015-07-16,2015-07-23,,,"CONSTRUCTION COMMITTEE FORWARDED WITHOUT RECOMMENDATION:

A.	authorizing an increase to the total authorized funding for Contract No. PS100800-2641 with MARRS Services, Inc., for pending and future task orders to provide Construction Management Consultant (CMC) Support Services, in an amount not to exceed $2,144,000, increasing the total contract value from $7,744,000 to $9,888,000; and

B.	authorizing the Chief Executive Officer to execute individual Task Orders (TOs) and Contract Modifications within the Board approved contract funding amount."
1844,2015-0849,Contract,Non-Calendar,Board of Directors - Regular Board Meeting,2015-06-05,2015-07-23,2015-07-23,,,"CONSTRUCTION COMMITTEE FORWARDED WITHOUT RECOMMENDATION approving an increase in the Contract Modification Authority (CMA) to Contract No. PS0933432406A with STV Incorporated (STV) in the amount of $250,000, increasing the total CMA from $500,000 to $750,000 for the design support during construction for the Patsaouras Plaza Busway Station."
1846,2015-0851,Informational Report,Non-Calendar,Board of Directors - Regular Board Meeting,2015-06-05,2015-07-23,2015-07-23,,,"CONSTRUCTION COMMITTEE FORWARDED WITHOUT RECOMMENDATION authorizing  the Chief Executive Officer (CEO) to execute Contract Modification No. 39 to Contract No. E0117 with Hatch Mott MacDonald (HMM), to continue Phase III Design Services During Construction (DSDC) support, in the amount of $6,656,000, increasing the total contract value from $54,414,652 to $61,070,652."
1847,2015-0852,Oral Report / Presentation,Filed,Executive Management Committee,2015-06-05,2015-06-18,2015-06-18,OCEO (Department),,RECEIVE oral report on Sustainability and Conservation Efforts.
1850,2015-0855,Informational Report,Passed,Executive Management Committee,2015-06-05,2015-06-18,2015-06-25,Communications (Department),,"EXECUTIVE MANAGEMENT COMMITTEE RECOMMENDED (3-0) adopting the following positions:

A.	SB 350 (De Leon) - The Golden State Standards.  SUPPORT

B.	SB 32 (Pavley) - Green House Gas Emissions. SUPPORT

C.	AB 338 (Hernandez) - Sales Tax Measure. OPPOSE"
1858,2015-0863,Contract,Consent Calendar,Board of Directors - Regular Board Meeting,2015-06-08,2015-07-23,2015-07-23,Chief Executive Office (Department),,"SYSTEM SAFETY, SECURITY AND OPERATIONS COMMITTEE RECOMMENDED (4-0) finding that awarding this low-bid design-build contract pursuant to Public Utilities Code Section 130242 (a) will achieve private sector efficiencies by integrating the design project work and components, obtaining Los Angeles County Fire Department approval for project work, and replacing the Fire Sprinkler System in Metro’s Gateway Headquarters Building;

REQUIRES TWO-THIRDS VOTE"
1859,2015-0864,Contract,Consent Calendar,Board of Directors - Regular Board Meeting,2015-06-08,2015-09-24,2015-09-24,,,"AUTHORIZING the Chief Executive Officer to:

A.	execute Contract Modification No. 2 for Contract No. PS2415-3046, Doran Street Crossing Grade Separation, with HNTB, Inc., in the amount of $94,954 to complete the necessary signal engineering for the interim one-way west bound movement at Doran Street at grade crossing, increasing the total contract value from $5,688,892 to $5,783,846; and

B.	increase Contract Modification Authority (CMA) specific to Contract No. PS2415-3046, Doran Street Crossing Grade Separation, in the amount of $125,000, increasing the total CMA amount from $523,620 to $648,620."
1860,2015-0865,Federal Legislation / State Legislation (Position),Passed,Executive Management Committee,2015-06-08,2015-06-18,2015-06-25,,,"ADOPTED ON CONSENT CALENDAR the following positions:

A.	H.R. 2485 (Torres) - The Regional Infrastructure Accelerator Act of 2015 -SUPPORT

B.	H.R. 2495 (Waters) - TIGER Grants for Job Creation Act - SUPPORT

C.	H.R. 2410 (DeFazio) - The Grow America Act - SUPPORT"
1867,2015-0872,Informational Report,Consent Calendar,Board of Directors - Regular Board Meeting,2015-06-08,2015-07-23,2015-07-23,Vendor / Contract Management (Department),,"SYSTEM SAFETY, SECURITY AND OPERATIONS COMMITTEE RECOMMENDED (4-0) authorizing the award of a sole source, non-competitive firm fixed price contract to Dematic Corporation (Dematic) for the upgrade of Metro’s Automatic Storage and Retrieval System (ASRS) Mini-Load and Unit Load, CP# 209072,for an amount not to exceed $1,294,517 for a period of ten months."
1872,2015-0877,Plan,Passed,Planning and Programming Committee,2015-06-08,2015-07-15,2015-07-23,Planning and Development (Department),,PLANNING AND PROGRAMMING COMMITTEE RECOMMENDED (3-0) adopting the locally developed 2016-2019 Coordinated Public Transit-Human Services Transportation Plan for Los Angeles County (see Attachment A for Executive Summary) to comply with the requirements of the federal Moving Ahead for Progress in the 21st Century Act (MAP-21).
1873,2015-0878,Program,Passed,Planning and Programming Committee,2015-06-08,2015-07-15,2015-07-23,Planning and Development (Department),,"PLANNING AND PROGRAMMING COMMITTEE RECOMMENDED (3-0):

A.	approving the recommended federal Section 5310 funding awards totaling $4,713,220 for Traditional Capital Projects and up to $1,615,177 for Other Capital and Operating Projects, as shown in Attachments A and B, respectively;

B.	amending the fiscal year (FY) 2016 Budget to add the necessary revenues and expenses for the recommended and previously approved Section 5310 funded projects, once the Federal Transit Administration (FTA) awards grant funds (see Attachment C for the Allocation Process);

C.	authorizing the Chief Executive Officer or his designee to negotiate and execute  pass-through agreements with agencies as sub-recipients approved for funding once the FTA awards Section 5310 grant funds; 

D.	certifying that the Section 5310 funds were fairly and equitably allocated to eligible sub-recipients and that to the maximum extent feasible, Section 5310 funded services are coordinated with transportation services ass"
1877,2015-0882,Informational Report,Filed,Construction Committee,2015-06-09,2015-07-16,2015-07-16,,,RECEIVE AND FILE the monthly report on Transit Program Project Budget & Schedule Status.
1879,2015-0884,Contract,Withdrawn,"System Safety, Security and Operations Committee",2015-06-09,2015-07-16,2015-07-16,Chief Executive Office (Department),,"WITHDRAWN: INCREASE the life of project budget for the Blue and Green Lines Transit Passenger Information System, capital project 212010, by $3,842,533, increasing the life of project from $5,987,180 to $9,829,713."
1881,2015-0886,Informational Report,Filed,Construction Committee,2015-06-09,2015-07-16,2015-07-16,,,RECEIVE AND FILE Engineering and Construction Executive Director’s report.
1883,2015-0888,Contract,Passed,LA SAFE,2015-06-09,2015-10-22,2015-10-22,Congestion Reduction (Department),,"AUTHORIZE the Chief Executive Officer to award and execute a three-year, firm fixed unit rate Contract No. PS330290011455 to Jennillian Corporation in the amount not-to-exceed $623,598 for technical support services from November 1, 2015 through October 31, 2018."
1885,2015-0890,Program,Passed,Planning and Programming Committee,2015-06-09,2015-10-22,2015-10-22,Planning and Development (Department),,PLANNING AND PROGRAMMING COMMITTEE RECOMMENDED (4-0) authorizing Parking Management staff to pilot a public parking program at the Westlake/MacArthur Park Station Joint Development Project for twelve months.
1887,2015-0892,Informational Report,Agenda Ready,Ad Hoc Transit Policing Oversight Committee,2015-06-10,2015-07-16,,Chief Executive Office (Department),,RECEIVE AND FILE report on monthly update on transit policing performance.
1890,2015-0895,Policy,Non-Calendar,Board of Directors - Regular Board Meeting,2015-06-10,2015-07-23,2015-07-16,Vendor / Contract Management (Department),,EXECUTIVE MANAGEMENT COMMITTEE FORWARDED WITHOUT RECOMMENDATION receiving and filing the Federal Fiscal Year 2016 through 2018 (FFY 2016 - 2018) 18% Federal Transit Administration (FTA) Disadvantaged Business Enterprise (DBE) overall goal and goal methodology report.
1891,2015-0896,Informational Report,Filed,Planning and Programming Committee,2015-06-10,2015-07-15,2015-07-15,,,RECEIVE AND FILE this update on the status of the HDC Project Approval/ Environmental Document.
1893,2015-0898,Informational Report,Filed,Planning and Programming Committee,2015-06-11,2015-09-16,2015-09-16,Planning and Development (Department),,"RECEIVE AND FILE this update on the status of the advanced technical studies for the Vermont and North Hollywood to Pasadena corridors in response to the July 24, 2014 and October 23, 2014 Board directives."
1895,2015-0900,Informational Report,Filed,Board of Directors - Regular Board Meeting,2015-06-11,2015-10-22,2015-10-22,Planning and Development (Department),,RECEIVE AND FILE quarterly status report on the Airport Metro Connector (AMC) 96th Street transit station in response to the June 2014 Board motion (Attachment A).
1915,2015-0920,Informational Report,Filed,"System Safety, Security and Operations Committee",2015-06-18,2015-09-17,2015-09-17,Operations (Department),,"RECEIVE AND FILE status report on the summary and recommendations of the APTA Peer Review of Metro’s Rail Operating Practices and Programs, held in June 2015."
1935,2015-0940,Informational Report,Filed,Executive Management Committee,2015-06-18,2015-07-16,2015-07-16,Vendor / Contract Management (Department),,RECEIVE AND FILE the one year update regarding the Small Business Prime Program (SB Prime).
1946,2015-0001,Oral Report / Presentation,Filed,Board of Directors - Regular Board Meeting,2015-06-19,2015-06-25,2015-06-25,,,"Report of the Chief Executive Officer. 
·	Employee of the Month
·	Risk Allocation Matrix"
1947,2015-0952,Contract,Non-Calendar,Board of Directors - Regular Board Meeting,2015-06-19,2015-07-23,2015-07-23,,,"CONSTRUCTION COMMITTEE FORWARDED WITHOUT RECOMMENDATION:

A.	authorizing the Chief Executive Officer (CEO) to continue issuing task orders within the previously Board approved total contract not-to-exceed amount of $38,000,000 for Contract EN077, with ARCADIS U.S., Inc., for the life of the contract, of which only $21,200,000 the Board had authorized for expenditure in FY12 through FY14; and

B.	authorizing the CEO to exercise Option Year One for FY16."
1949,2015-0954,Motion / Motion Response,Passed,Board of Directors - Regular Board Meeting,2015-06-19,2015-06-25,2015-06-25,,,"APPROVED Najarian Motion to amend Item 20 so that staff proceeds with the Alternative 2 environmental work with the following stipulations:

A.	Staff to work with the City of Glendale and the City of Los Angeles on furthering this alternative;

B.	Staff to examine the access to the area without the Fairmont Connector; and

C.	Staff to report to the Metro Board periodically on progress in developing an alternative that meets the short term and long term goals of the region and local communities."
1950,2015-0955,Contract,Passed,Construction Committee,2015-06-19,2015-07-16,2015-07-23,,,"CONSTRUCTION COMMITTEE RECOMMENDED (5-0) authorizing the Chief Executive Officer to amend the FY16 budget to add 33 non-contract full-time equivalent (FTE) positions:

A.	18 non-contract FTE positions (with 7 non-contract FTE positions already accounted in the FY 16 budget)  by converting new Construction Management Support Services(CMSS)/consultant positions to support Measure R transit projects for Engineering & Construction (E&C) Department;

B.	2 non-contract FTE positions by converting consultant positions to support Environmental Compliance and Sustainability projects for E&C Department (Refer to Appendix 1);

C.	3 non-contract FTE positions to support capital transit projects for E&C Department (refer to Appendix 2);

D.	4 non-contract FTE positions by converting new CMSS/consultant positions to support Measure R transit projects for Program Management Office (Refer to Appendix 3);

E.	4 non-contract FTE positions by converting new CMSS/consultant positions to support "
1951,2015-0956,Motion / Motion Response,Passed,Board of Directors - Regular Board Meeting,2015-06-19,2015-06-25,2015-06-25,,,"APPROVED Garcetti Motion that the Board instruct the CEO to:

A.	Reduce all potable water use by 20% by 2017 using 2015 as the benchmark.

B.	Restrict irrigation using potable water to no more than two days per week. Facilities will be required to post their watering schedules. Drip Irrigation systems are exempt.

C.	Remove or limit ornamental turf to reduce water consumption.

1.	Initiate a turf removal program using all available rebates.

2.	Replace landscaped areas with drought tolerant or California native plants during the renovation of existing facilities.

3.	Where possible, limit potable water use to plant establishment.

D.	Within 90 days, report back on the status of all 15 water conservation strategies outlined in MTA’s 2010 Water Action Plan and an accelerated implementation plan that identifies additional water conservation efforts that can be implemented since the Plan’s adoption. 

E.	By October 2015, MTA will disclose, via a public database, water use a"
1952,2015-0957,Contract,Non-Calendar,Board of Directors - Regular Board Meeting,2015-06-19,2015-07-23,2015-07-23,,,"CONSTRUCTION COMMITTEE FORWARDED WITHOUT RECOMMENDATION authorizing  the CEO to execute Contract Modification No. 22 to Contract No. E0119 with The Connector Partnership Joint Venture (CPJV) Inc. to continue providing Design Support Services During Construction through FY16 for the Regional Connector Transit Corridor Project, in the amount of $8,283,594, increasing the total contract value from $54,770,985 to $63,054,579. This action does not increase Life of Project Budget."
1953,2015-0958,Contract,Passed,Construction Committee,2015-06-19,2015-07-16,2015-07-23,,,"CONSTRUCTION COMMITTEE RECOMMENDED (5-0) authorizing:

A.	an increase to the total contract value for Contract No. MC069, with Stantec Consulting, Inc., to provide Construction Management Support Services in an amount not-to-exceed $10,953,136 for the FY16 six-month Work Program Funding from $86,459,000 to $97,412,136; and

B.	the Chief Executive Officer to execute individual Contract Work Orders and Modifications within the Board approved contract value."
1954,2015-0959,Informational Report,Passed,Board of Directors - Regular Board Meeting,2015-06-19,2015-06-25,2015-06-25,,,"APPROVED Minutes of the Regular Board Meeting held May 28, 2015, Special Board Meeting held May 28, 2015 and Fiscal Year 2016 Budget Special Board Workshop held May 21, 2015."
1955,2015-0960,Contract,Consent Calendar,Board of Directors - Regular Board Meeting,2015-06-19,2015-07-23,2015-07-23,,,"CONSTRUCTION COMMITTEE RECOMMENDED (5-0) authorizing the Chief Executive Officer to execute Contract Modification No. 3 to Contract No. MC070, to ARCADIS U.S., Inc., to continue providing Construction Management Support Services (CMSS) through December 31, 2015 for the Regional Connector Transit Corridor Project, in the amount of $5,955,000, increasing the total contract value from $11,180,690 to $17,135,690."
1956,2015-0961,Contract,Passed,Construction Committee,2015-06-19,2015-07-16,2015-07-23,,,"CONSTRUCTION COMMITTEE RECOMMENDED (5-0) authorizing the Chief Executive Officer (CEO) to execute Change Modification No. 2 to Contract No. MC071, Westside Extension Support Team (WEST), to continue providing Construction Management Support Services (CMSS) for six months of FY16 for the Westside Purple Line Extension Section 1 Project, in an amount not-to-exceed $6,487,628, increasing the total contract value from $14,513,451 to $21,001,079."
1957,2015-0962,Informational Report,Passed,LA SAFE,2015-06-19,2015-06-25,2015-06-25,,,"APPROVE Minutes of the LA Safe Board Meeting on May 22, 2014."
1958,2015-0963,Informational Report,Filed,Board of Directors - Regular Board Meeting,2015-06-19,2015-06-25,2015-06-25,,,Chair’s Report.
1964,2015-0969,Oral Report / Presentation,Passed,Board of Directors - Regular Board Meeting,2015-06-19,2015-06-25,2015-06-25,,,RECEIVED update on State of California Special Session on Infrastructure.
1966,2015-0971,Informational Report,Filed,Executive Management Committee,2015-06-19,2015-07-16,2015-07-16,Communications (Department),,RECEIVE AND FILE report on monthly State and Federal Legislative Remarks.
1967,2015-0972,Oral Report / Presentation,Passed,Board of Directors - Regular Board Meeting,2015-06-19,2015-06-25,2015-06-25,,,ELECTION of Board Officers.
1968,2015-0973,Motion / Motion Response,Passed,Board of Directors - Regular Board Meeting,2015-06-19,2015-06-25,2015-06-25,,,"APPROVED Antonovich, Knabe, Solis and Najarian Motion as amended by Dupont-Walker that the Board directs the CEO to develop a policy on the use of Metrolink-dedicated sources of funding (Proposition C 10% and Measure R 3%) that embodies at minimum the following principles.

A.	The first priority for the use of these funding categories is for Metrolink core functions of operations, maintenance, safety and rehabilitation capital improvements, and State of Good Repair projects;

B.	All subordinate demands for these sources of funding shall not draw down funding from nor encumber debt upon these funding sources that are necessary to support the projected demands of Metrolink core functions unless sufficient capacity for future years can be demonstrated; and
   
C.	A quarterly written report shall be presented to the Board that reviews and tracks at minimum the project implementation timelines, cashflow, costs, and Life-of-Project budget for Metrolink (Los Angeles County) and Metro Re"
1984,2015-0989,Program,Consent Calendar,Planning and Programming Committee,2015-06-25,2015-09-16,2015-09-24,Planning and Development (Department),,"APPROVING the following actions for 2015 Countywide Call for Projects (Call), as further described in this report and attachments:

A.	the recommendations in Attachment A responding to the Technical Advisory Committee (TAC) motions regarding the 2015 Call and additional funding recommendations;

B.	program $201.9 million in seven modal categories from the fund sources shown in Attachment B. This amount also programs a limited amount of funds from the 2015 Call for Projects Deobligation ($2.5 million) and the 2015 Call TAC reserve;

C.	all projects in Attachment C for potential nomination to the California Transportation Commission for 2016 State Transportation Improvement Program funds, as necessary;

D.	amend the recommended 2015 Call Program of Projects into the FY 2015-2016 Los Angeles County Regional Transportation Improvement Program by adopting the resolution in Attachment D which certifies that Los Angeles County has the resources to fund the projects in the FY 2015-2016"
1988,2015-0994,Informational Report,Filed,Planning and Programming Committee,2015-06-25,2015-09-16,2015-09-16,Planning and Development (Department),,RECEIVE AND FILE the West Santa Ana Branch (WSAB) Transit Corridor Technical Refinement Study.
1989,2015-0995,Program,Non-Calendar,Board of Directors - Regular Board Meeting,2015-06-25,2015-07-23,2015-07-23,Planning and Development (Department),,PLANNING AND PROGRAMMING COMMITTEE FORWARDED WITHOUT RECOMMENDATION receiving and filing potential financial impacts of June 2015 Item 14 Board motions on Metro Countywide Bikeshare.
2031,2015-1038,Ordinance / Administrative Code,Held,Board of Directors - Regular Board Meeting,2015-06-25,2015-09-24,,Planning and Development (Department),,"EXECUTIVE MANAGEMENT COMMITTEE RECOMMENDED (5-0):

A.	adopting the attached Parking Ordinance, as set forth in Attachment A (“Metro Parking Ordinance”), enacting a new Title 8 to Metro’s existing Administrative Code;

B.	adopting the attached Fee Resolution, as set forth in Attachment B (“Metro Parking Rates and Permit Fee Resolution”) establishing parking rates and permit fees at all Metro operated parking facilities and proposed new parking fees at Los Angeles Union Station; 

C.	authorizing the Chief Executive Officer to implement and begin regulating the adopted Metro Parking Ordinance and Parking Fee Resolution at all Metro operated parking facilities. Systemwide including proposed new fees at Los Angeles Union Station; and

D.	authorizing the Chief Executive Officer to deposit all additional revenues generated into the Risk Allocation Matrix Internal Savings Account (RISA), pending Board approval of the full concept later this year."
2033,2015-1040,Motion / Motion Response,Passed,Board of Directors - Regular Board Meeting,2015-06-25,2015-06-25,2015-06-25,,,"I, THEREFORE, MOVE that the Board instruct the CEO to:

A.	Implement the Immediate Action Plan within existing budget resources as described by the Ridership Initiatives staff report, including but not limited to beginning implementation of a frequent bus network based on the Strategic Bus Network Plan currently under development.

B.	To complement the opening of the Expo Phase 2 and Gold Line Foothill Phase 2A rail lines, develop a bus service integration plan that takes advantage of new rail service and work with municipal operators located along those new extensions. 

C.	Continue with further evaluation of cost, benefit, and implementation of Other Ridership Increase Strategies as described by the Ridership Initiatives staff report.

D.	Include the following additional programs in the study of Other Ridership Increase Strategies:

1.	A list of bus service bottlenecks that would benefit from strategically-placed bus-only facilities

2.	A specific plan to improve the accu"
2034,2015-1041,Motion / Motion Response,Passed,Board of Directors - Regular Board Meeting,2015-06-25,2015-06-25,2015-06-25,,,"APPROVED Garcetti, Antonovich, Ridley-Thomas and Krekorian Motion directing the CEO to:

A.	Amend the 2015 State Legislative Program to seek legislation which would authorize MTA to access private capital and resources to advance/accelerate infrastructure projects. 

B.	Pursue and seek legislation for Public Private Partnership authority in the first extraordinary session of the State Legislature. 

C.	Report back to the July 2015 Board with an update on the above and provide any guidance in order for the MTA to gain P3 authority."
2035,2015-1042,Policy,Passed,Board of Directors - Regular Board Meeting,2015-06-26,2015-07-23,2015-07-23,Chief Executive Office (Department),,ADOPT the FY16 Proposed Audit Plan.
2040,2015-1047,Oral Report / Presentation,Filed,Ad Hoc Sustainability Committee,2015-06-29,2015-07-15,2015-07-15,,,RECEIVE oral report of the Chair.
2041,2015-1048,Oral Report / Presentation,Filed,Ad Hoc Sustainability Committee,2015-06-29,2015-07-15,2015-07-15,,,RECEIVE report of the Chief Executive Officer.
2042,2015-1049,Oral Report / Presentation,Withdrawn,"Finance, Budget and Audit Committee",2015-06-29,,2015-07-15,,,"WITHDRAWN: RECEIVE report from the Executive Director, Finance and Budget."
2044,2015-1051,Oral Report / Presentation,Filed,Planning and Programming Committee,2015-06-29,,2015-07-15,,,RECEIVE report of the Chief Executive Officer.
2047,2015-1054,Oral Report / Presentation,Filed,"System Safety, Security and Operations Committee",2015-06-29,2015-07-16,2015-07-16,,,Operations Employee of the Month.
2048,2015-1055,Oral Report / Presentation,Filed,"System Safety, Security and Operations Committee",2015-06-29,2015-07-16,2015-07-16,,,"RECEIVE report on System Safety, Security and Operations."
2049,2015-1056,Oral Report / Presentation,Filed,"System Safety, Security and Operations Committee",2015-06-29,2015-07-16,2015-07-16,,,RECEIVE report of the Chief Executive Officer.
2050,2015-1057,Oral Report / Presentation,Filed,Construction Committee,2015-06-29,,2015-07-16,,,RECEIVE report by the Caltrans District Director on Delivery of Projects on I-5.
2052,2015-1059,Oral Report / Presentation,Filed,Construction Committee,2015-06-29,,2015-07-16,,,RECEIVE report of the Chief Executive Officer.
2054,2015-1061,Oral Report / Presentation,Filed,Executive Management Committee,2015-06-29,2015-07-23,2015-07-23,,,RECEIVE report of the Chief Executive Officer.
2056,2015-1063,Informational Report,Passed,Executive Management Committee,2015-06-29,2015-07-16,2015-07-23,Communications (Department),,"EXECUTIVE MANAGEMENT COMMITTEE RECOMMENDED AS AMENDED (5-0) adopting the following Official and Operational station names for the eight stations that comprise Metro Rail’s Crenshaw/LAX line:

Official Station Name                    Operational Station Name

1. Expo/Crenshaw                         Expo/Crenshaw 
2. Martin Luther King Jr.                Martin Luther King Jr.
3. Leimert Park                              Leimert Park
4. Hyde Park	                               Hyde Park
5. Fairview Heights                        Fairview Heights
6. Downtown Inglewood                Downtown Inglewood
7. Westchester                              Westchester
8. Aviation/Century                        Aviation/Century"
2062,2015-1069,Contract,Non-Calendar,Board of Directors - Regular Board Meeting,2015-06-30,2015-07-23,2015-07-23,,,"CONSTRUCTION COMMITTEE FORWARDED WITHOUT RECOMMENDATION authorizing the Chief Executive Officer to execute a cost-plus-fixed-fee Contract No. PS2415-3412 with STV, Inc. for the Brighton to Roxford Double Track Project in the amount of $12,500,000 inclusive of all design phases.  This contract is for three years."
2078,2015-1083,Program,Passed,Planning and Programming Committee,2015-07-07,2015-07-15,2015-07-23,Planning and Development (Department),,PLANNING AND PROGRAMMING COMMITTEE RECOMMENDED (3-0) authorizing the obligation of $90 million in federal Regional Surface Transportation Program funds for the Interstate 405 Sepulveda Pass Improvements project.
2081,2015-1086,Informational Report,Filed,Executive Management Committee,2015-07-08,2015-09-17,2015-09-17,,,RECEIVE AND FILE status update report on the Project Labor Agreement and Construction Careers policy programs for activity through the quarter ending June 2015.
2082,2015-1087,Informational Report,Filed,"System Safety, Security and Operations Committee",2015-07-08,2015-07-16,2015-07-16,Operations (Department),,RECEIVE AND FILE an update on the installation of Operator Barriers for the entire bus fleet.
2083,2015-1088,Informational Report,Filed,Executive Management Committee,2015-07-08,2015-09-17,2015-09-17,Planning and Development (Department),,RECEIVE AND FILE status update on Metro involvement in Affordable Housing and Small Business Loan Fund.
2086,2015-1091,Policy,Passed,Executive Management Committee,2015-07-10,2015-07-16,2015-07-23,Chief Executive Office (Department),,"EXECUTIVE MANAGEMENT COMMITTEE RECOMMENDED (5-0) authorizing the Chief Executive Officer to negotiate salaries within the pay range for the following positions:
A.	Executive Director, Program Management, pay grade CC ($222,476 - $273,894 - $325,353)

B.	Executive Director, Transit Project Delivery, pay grade BB ($166,462 - $208,083  - $249,704)

C.	Executive Officer, System Security and Law Enforcement, pay grade AA ($156,832 - $196,060 - $235,227)

D.	Deputy Chief Executive Officer, pay grade DD ($278,470 - $339,747 - $401,003)"
2087,2015-1092,Motion / Motion Response,Consent Calendar,Board of Directors - Regular Board Meeting,2015-07-10,2015-07-23,2015-07-23,,,EXECUTIVE MANAGEMENT COMMITTEE RECOMMENDED (5-0) approving Motion by Directors Ridley-Thomas and Butts  that the Board of Directors adopt Westchester/Veterans as the official and operational name for the station of the Crenshaw/LAX Line which is located at the intersection of Florence Avenue and Hindry Avenue.
2088,2015-1093,Motion / Motion Response,Passed,Board of Directors - Regular Board Meeting,2015-07-10,2015-07-15,2015-07-23,,,"PLANNING AND PROGRAMMING COMMITTEE FORWARDED WITHOUT RECOMMENDATION approving Ridley-Thomas Motion that the Metro Board of Directors instruct the Chief Executive Officer to proceed as follows:

A.	Continue to work with the cities of Santa Monica and Long Beach, which have executed a contract and plan to move forward with an alternate bikeshare provider to achieve the Interoperability Objectives as presented at the June 2015 Board meeting, including title sponsorship, branding and marketing, membership reciprocity, reciprocal docks, a unified fare structure and data sharing;

B.	Consistent with the Interoperability Objectives, require that any city with an existing bikeshare vendor contract as of June 25, 2015, using a bikeshare system other than Metro’s selected system, shall be eligible for up to 35% of operating and maintenance funding support from Metro on condition that the city or cities agree to fully participate in a Metro Countywide Bikeshare Title Sponsorship by reserving "
2092,2015-1097,Oral Report / Presentation,Filed,"System Safety, Security and Operations Committee",2015-07-15,2015-09-17,2015-09-17,Operations (Department),,"RECEIVE report on System Safety, Security and Operations."
2093,2015-1098,Oral Report / Presentation,Filed,"System Safety, Security and Operations Committee",2015-07-15,2015-09-17,2015-09-17,Operations (Department),,"Operations Employee of the Month. 

Presentation honoring the Operations Employees of the Month for September.  
This month we will be recognizing the Rail Roadeo Team that represented Metro at the International Rail Roadeo in Salt Lake City."
2094,2015-1099,Oral Report / Presentation,Filed,"System Safety, Security and Operations Committee",2015-07-15,2015-10-15,2015-10-15,Operations (Department),,"RECEIVE report on System Safety, Security and Operations."
2095,2015-1100,Oral Report / Presentation,Filed,"System Safety, Security and Operations Committee",2015-07-15,2015-10-15,2015-10-15,Operations (Department),,Operations Employee of the Month.
2096,2015-1101,Oral Report / Presentation,Filed,"System Safety, Security and Operations Committee",2015-07-15,2015-11-19,2015-11-19,Operations (Department),,"RECEIVE oral report on System Safety, Security and Operations."
2097,2015-1102,Oral Report / Presentation,Filed,"System Safety, Security and Operations Committee",2015-07-15,2015-11-19,2015-11-19,Operations (Department),,Operations Employee of the Month.
2099,2015-1104,Contract,Passed,"Finance, Budget and Audit Committee",2015-07-15,2015-09-16,2015-09-24,Chief Executive Office (Department),,"AUTHORIZING the Chief Executive Officer to execute Contract Modification No. 4 to Contract No. PS05312717, with Carl Warren & Company, for general liability claims administration services, to exercise the first three-year option in the amount of $7,721,051 increasing the total contract value from $10,307,876 to $18,028,927 and extending the contract term from October 31, 2015 to October 31, 2018."
2100,2015-1105,Motion / Motion Response,Passed,Planning and Programming Committee,2015-07-15,2015-07-15,2015-07-23,,,"PLANNING AND PROGRAMMING COMMITTEE RECOMMENDED (3-0) approving amending Motion by Directors Garcetti,  Knabe, Solis, DuBois, Fasana and Dupont-Walker that the Board instruct the CEO to provide quarterly updates every 60 days starting with the September 2015 Board cycle as follows:

A.	Report on the project contractual scope of work and provide a description of the task orders for the technical study;

B.	Provide the project schedule and related milestones for both the technical analysis and environmental planning process for all the alternatives under consideration and study; and

C.	In the regular quarterly updates, provide, at a minimum, the following:

1.	Project schedule updates;

2.	Progress reports with third-party agencies on the local, state, and federal level; and

3.	Community outreach schedule and meeting results, including any concerns raised by stakeholders."
2101,2015-1106,Informational Report,Filed,Construction Committee,2015-07-16,2015-09-17,2015-09-17,Chief Executive Office (Department),,RECEIVE AND FILE the monthly report on Crenshaw/LAX safety.
2102,2015-1107,Informational Report,Filed,Planning and Programming Committee,2015-07-16,2015-09-16,2015-09-16,Planning and Development (Department),,RECEIVE AND FILE Metro Countywide Bikeshare Program update.
2103,2015-1108,Informational Report,Filed,Construction Committee,2015-07-16,2015-10-15,2015-10-15,Chief Executive Office (Department),,RECEIVE AND FILE the monthly report on Crenshaw/LAX safety.
2105,2015-1110,Informational Report,Passed,Board of Directors - Regular Board Meeting,2015-07-16,2015-07-23,2015-07-23,,,"APPROVE Minutes of the Regular Board Meeting held June 25, 2015."
2106,2015-1111,Oral Report / Presentation,Passed,Board of Directors - Regular Board Meeting,2015-07-16,2015-07-23,2015-07-23,,,Chair’s Report
2107,2015-1112,Oral Report / Presentation,Passed,Board of Directors - Regular Board Meeting,2015-07-16,2015-07-23,2015-07-23,,,Report of the Chief Executive Officer.
2141,2015-1146,Informational Report,Filed,"System Safety, Security and Operations Committee",2015-07-16,2015-10-15,2015-10-15,Operations (Department),,"RECEIVE AND FILE this assessment report on the condition of Public Art at Metro’s stations, in response to the July 2015 System Safety, Security and Operations Committee request from Director Dupont-Walker."
2142,2015-1147,Minutes,Passed,LA SAFE,2015-07-17,2015-10-22,2015-10-22,,,"APPROVE Minutes of the Regular Board Meeting held June 25, 2015."
2143,2015-1148,Motion / Motion Response,Passed,Board of Directors - Regular Board Meeting,2015-07-17,2015-07-23,2015-07-23,,,"CONSIDER Motion by Directors Dupont-Walker and Solis that the Board instruct the CEO to:

A.	direct staff to establish a design advisory working group that includes representatives from the following entities:

1.	Metro Operations

2.	Metro Construction

3.	Metro Arts

4.	Metro Planning

5.	MOW Design-Build Team 

6.	City of Los Angeles 6th Street Bridge Design-Build Team

7.	Arts District Community

B.	direct staff to report back to the board on a monthly basis on progress that is made with the advisory group to explore the following objectives:	

1.	Site placement of the MOW Facility is placed the farthest distance from Santa Fe as allowed by operational functionality and applicable building codes.

2.	Parking on the site is optimized

3.	Adoption of architectural design that reflects Metro’s most recent efforts

C.	direct staff to report back in 60 days with a detailed outreach and engagement process for incorporating art into the Maintenance of Way Facilit"
2144,2015-1149,Motion / Motion Response,Passed,Board of Directors - Regular Board Meeting,2015-07-17,2015-07-23,2015-07-23,,,"CONSIDER Motion by Mayor Garcetti to direct the CEO to report back in 60 days on the following items related to the operations of Angels Flight; the historic funicular operating in the Bunker Hill area of downtown Los Angeles:

A.	A historical summary of operations for Angels Flight including past closures and safety related issues; 

B.	A summary of State and Federal safety findings pertaining to Angels Flight; and

C.	Recommendations for resuming operations."
2150,2015-1155,Informational Report,Filed,Planning and Programming Committee,2015-07-20,2015-09-16,2015-09-16,Planning and Development (Department),,"RECEIVE AND FILE report in response to the Metro Board July 23, 2015 directive to provide bi-monthly updates on the Eastside Transit Corridor Phase 2 Technical Study and Community Outreach."
2151,2015-1156,Contract,Passed,Planning and Programming Committee,2015-07-20,2015-09-16,2015-09-24,Planning and Development (Department),,"AUTHORIZING the Chief Executive Officer to award a twelve-month firm fixed price Contract No. PS3362300 (RFP No. PS114943046R) to Walker Parking Consultants in the amount of $619,589, for the Supportive Transit Parking Program Master Plan Study."
2152,2015-1157,Budget,Passed,"System Safety, Security and Operations Committee",2015-07-21,2016-01-21,2016-01-28,Planning and Development (Department),,"CONSIDER:

A.	APPROVING a $19.9 million multi-year life-of-project budget for Union Station Capital Improvements project for Fire-Life-Safety (FLS) and Americans with Disabilities Act (ADA) compliance to acquire and install a back-up generator, to integrate safety, security and emergency lighting upgrades, to complete ADA retrofitting of Union Station West; and

B.	ADOPTING a Life-of-Project (LOP) budget for Los Angeles Union Station (LAUS) FLS/ADA compliance capital program improvements of $19.9 million for the following: 

1.	Emergency back-up generator and fire alarm system for $10.3M

2.	Safety, security and emergency energy efficient lighting system for $3.8M

3.	ADA compliance - ADA access retrofitting the historic Union Station for $5.8M."
2159,2015-1164,Contract,Non-Calendar,Board of Directors - Regular Board Meeting,2015-07-23,2015-09-24,2015-09-24,Operations (Department),,"AUTHORIZING the Chief Executive Officer to:

A.	Award a firm fixed unit rate Contract under RFP No. PS11654, for Region 1 to Woods Maintenance Services, Inc., the second lowest responsive and responsible proposer, to provide graffiti abatement, landscape and irrigation maintenance, and trash and vegetation removal services throughout Metro Red Line (MRL), Metro Purple Line, Metro Orange Line (MOL), Inactive rights-of-way (IROWs) and various bus and rail locations within the geographical area specified as Region 1, for a not-to-exceed amount of $16,542,520 for the three-year base period, $5,462,340 for the first option year, and $5,462,340 for the second option year, for a combined total of $27,467,200, effective October 1, 2015 through September 30, 2020.

B.	Award a firm fixed unit rate Contract under RFP No. PS11654, for Region 2 to Parkwood Landscape Maintenance, Inc., the lowest responsive and responsible proposer, to provide graffiti abatement, landscape and irrigation mainten"
2161,2015-1166,Contract,Passed,"System Safety, Security and Operations Committee",2015-07-23,2015-09-17,2015-09-24,Operations (Department),,"AUTHORIZING the Chief Executive Officer to execute Modification No. 8 to Contract OP30002227 for Uniform Rental services with Prudential Overall Supply in the amount of $780,000 increasing the contract value from $3,735,029 to $4,515,029. This modification also extends the period of performance through June 30, 2016.

This contract provides on-going uniform rental services, vehicle seat covers, and laundry services for hand towels and floor mats."
2162,2015-1167,Informational Report,Filed,Construction Committee,2015-07-23,2015-09-17,2015-09-17,Planning and Development (Department),,"RECEIVE AND FILE the Maintenance of Way Building Art Program Outreach and Community Engagement Report in response to the July 23, 2015 Board directive (Attachment A)."
2168,2015-1174,Motion / Motion Response,Passed,Board of Directors - Regular Board Meeting,2015-07-23,2015-07-23,2015-07-23,,,"WE THEREFORE MOVE THAT THE BOARD OF DIRECTORS:

A.	Direct the Chief Executive Officer to engage the Transportation Business Advisory Council to ensure that there is an adequate understanding of potential local firms that can be engaged to complete the word that will be funded by the Federal Transit Administration during the Federal Fiscal Years 2016-2018 period and report back to the Board in September 2015 with a recommendation on the feasibility of increasing the Disadvantaged Business Enterprise Overall Goal.

B.	Report back on MTA’s DBE certification review process and discuss the criteria and principles used.

C.	Evaluate whether current staffing levels and resources are comparable with those of other countywide federal funding recipients.

D.	Provide an update on progress, methodology and projected schedule for the next DBE Disparity Study, including but not limited to focus on historically underutilized businesses."
2169,2015-1175,Motion / Motion Response,Passed,Board of Directors - Regular Board Meeting,2015-07-23,2015-07-23,2015-07-23,,,"WE THEREFORE MOVE that the Board of Directors instruct the Chief Executive Officer to take the following actions:

1.	Amend the Joint Development Policy to: 

a.	Define affordable housing as housing that is covenant-controlled, provided on an income-restricted basis to qualifying tenants earning 60% or less than Area Medium Income as defined by the CA Tax Credit Allocation Committee, and often subsidized by public or non-profit funding sources; and 

b.	Include language that promotes the consideration of affordable housing that has deeper affordability, including the creation of new units affordable to very low-income and extremely low-income households; and

2.	After implementation, further analyze the proposed land discount policy to evaluate whether it can be used as a tool to encourage the development of more very low or extremely low income units and report back to the Board within 120 days with a summary of the potential benefits and consequences to linking the land disco"
2214,2015-1221,Motion / Motion Response,Consent Calendar,Board of Directors - Regular Board Meeting,2015-07-24,2015-09-24,2015-09-24,,,"MOTION by DuBois, Knabe, Butts and Najarian that the funds derived from advertising receipts be deposited into the Risk Allocation Matrix Internal Savings Account (RISA) along with the Parking Revenues pending further recommendations from the CEO later this year."
2216,2015-1223,Contract,Passed,Planning and Programming Committee,2015-07-27,2015-10-14,2015-10-22,Planning and Development (Department),,"PLANNING AND PROGRAMMING COMMITTEE RECOMMENDED (4-0) authorizing the Chief Executive Officer to award and execute a 21-month firm fixed price Contract No. PS3604300 (RFP No. PS113344540-R) to Inland Transportation Services, Inc. (ITS) in the amount of $1,198,055 for Metro Rideshare Program Support services in Los Angeles County and to increase the FY 2016 budget for Regional Rideshare by $425,000."
2217,2015-1224,Program,Passed,"System Safety, Security and Operations Committee",2015-07-27,2015-09-17,2015-09-24,,,"APPROVING nominees for membership on Metro’s San Gabriel Valley, South Bay, and Westside Central Service Councils."
2218,2015-1225,Informational Report,Filed,Construction Committee,2015-07-28,2015-09-17,2015-09-17,Program Management (Department),,RECEIVE AND FILE the Los Angeles Construction Market Analysis Update August 2015 report.
2219,2015-1226,Contract,Passed,"System Safety, Security and Operations Committee",2015-07-28,2015-09-17,2015-09-24,Information Technology (Department),,"AUTHORIZING the Chief Executive Officer to award a sole source firm fixed price Contract No. PS92403277 to Xerox Transport Solutions, Inc. for the integration of a Countywide Signal Priority (CSP) software module into Metro’s Advanced Transportation Management System (ATMS) for an amount of $952,000."
2220,2015-1227,Resolution,Passed,Board of Directors - Regular Board Meeting,2015-07-29,2015-09-24,2015-10-22,Finance and Budget (Department),,"A.	ADOPTING a resolution:

1.	authorizing the issuance of refunding bonds by negotiated sale to refund the 2004 General Revenue Refunding Bonds (the “2004 GRRBs”) in one or more transactions through June 30, 2016, consistent with the Debt Policy;

2.	approving the forms of the supplemental trust agreement, preliminary official statement and such other documents as required and all as subject to modification as set forth in the Resolution; 

3.	authorizing taking all action necessary to achieve the foregoing, including, without limitation, the further development and execution of bond documentation associated with the issuance of the 2015 General Revenue Refunding Bonds (the “2015 GRRBs”), and approves related documents on file with the Board Secretary; and

4.	prohibiting the subsequent issuance of General Revenue Bonds or Parity Debt under the General Revenue Trust Agreement except for refunding bonds.

B.	APPOINTING the underwriter team selected for the 2015 GRRBs transacti"
2221,2015-1228,Contract,Passed,"System Safety, Security and Operations Committee",2015-07-29,2015-09-17,2015-09-24,Operations (Department),,"AUTHORIZING the Chief Executive Officer to:

A.	Increase the Life of Project (LOP) budget for the 900 bus buy project to include funding for Option 1 price escalation; retrofit of operator safety barriers; and Live Video Monitoring System (LVMS) in the amount of $3,617,152 from $503,442,500 to $507,059,652; and

B.	Approve Contract Modifications 9 and 10 for Contract OP33202869 to New Flyer of America, in the amount of $6,043,492, for Option 1 price escalation and for retrofit of operator safety barriers and LVMS, increasing the total Contract value from $498,652,341 to $504,695,833."
2222,2015-1229,Contract,Passed,Construction Committee,2015-07-29,2015-09-17,2015-09-24,,,"AUTHORIZING the Chief Executive Officer to award a 270 calendar day, firm fixed price contract under Bid Number C1110 to AP Construction, Inc., the lowest responsive and responsible bidder for the Patsaouras Bus Plaza Paver Retrofit Project (design-build) for an amount of $5,526,018 inclusive of sales tax and options."
2223,2015-1230,Informational Report,Filed,"Finance, Budget and Audit Committee",2015-07-29,2015-09-16,2015-09-16,Finance and Budget (Department),,"RECEIVE AND FILE status report on response to Board Motion No. 50: MTA Ridership (June 25, 2015) to implement the Immediate Action Plan outlining initiatives for increasing ridership.  Attachment A provides a status report on these initiatives."
2224,2015-1231,Policy,Consent Calendar,Board of Directors - Regular Board Meeting,2015-07-30,2016-01-28,2016-01-28,Finance and Budget (Department),,"CONSIDER:

A.	ADOPTING the Investment Policy, Attachment B, including the addition of 2 new Investment options outlined in Attachment A;

B.	APPROVING the Financial Institutions Resolution authorizing financial institutions to honor signatures of LACMTA Officials, Attachment C; and

C.	DELEGATING to the Treasurer or his/her designees, the authority to invest funds for a one year period, pursuant to California Government Code Section 53607."
2226,2015-1233,Policy,Passed,"System Safety, Security and Operations Committee",2015-07-30,2015-10-15,2015-10-22,Operations (Department),,"SYSTEM SAFETY, SECURITY AND OPERATIONS COMMITTEE RECOMMENDED (3-0) approving the 2016 Transit Service Policy."
2229,2015-1236,Informational Report,Filed,"System Safety, Security and Operations Committee",2015-07-31,2015-09-17,2015-09-17,,,"RECEIVE AND FILE report on feasibility study for the implementation of fare gates throughout the Blue Line, Expo Line Phase 1, and Gold Line."
2231,2015-1238,Contract,Passed,"System Safety, Security and Operations Committee",2015-08-03,2015-11-19,2015-12-03,Chief Executive Office (Department),,"AUTHORIZING the Chief Executive Officer to award and execute a five-year, indefinite delivery, indefinite quantity Contract No. PS3825500 beginning December 1, 2015, with Xerox Corporation the highest rated proposer for the lease and maintenance of multi-function peripherals for convenience copying in an amount not-to-exceed $3,757,066, inclusive of estimated sales taxes."
2233,2015-1240,Informational Report,Filed,"Finance, Budget and Audit Committee",2015-08-04,2015-09-16,2015-09-16,Chief Executive Office (Department),,"RECEIVE AND FILE the year-end report of Management Audit Services for the period ending June 30, 2015."
2246,2015-1253,Budget,Passed,Construction Committee,2015-08-07,2015-09-17,2015-09-24,,,AUTHORIZING the Chief Executive Officer to execute annual expenditure budget plan for the FY16 Annual Work Plan for the City of Los Angeles.
2247,2015-1254,Informational Report,Filed,Planning and Programming Committee,2015-08-07,2015-11-18,2015-11-18,Planning and Development (Department),,"RECEIVE AND FILE report in response to the Metro Board July 23, 2015 directive to provide bi-monthly updates on the Eastside Transit Corridor Phase 2 Technical Study and Community Outreach."
2248,2015-1255,Informational Report,Filed,Planning and Programming Committee,2015-08-07,2016-02-17,2016-02-17,Planning and Development (Department),,"RECEIVE AND FILE report in response to the Metro Board July 23, 2015 directive to provide bi-monthly updates on the Eastside Transit Corridor Phase 2 Technical Study and Community Outreach."
2254,2015-1261,Contract,Consent Calendar,Board of Directors - Regular Board Meeting,2015-08-07,2015-09-24,2015-09-24,,,"AUTHORIZING the Chief Executive Officer to award a one year Firm Fixed Price Contract No. PS1544301142 to Ma and Associates to conduct the fiscal year FY 2013-2015 independent performance review of all the Los Angeles County transit operators receiving state Transportation Development Act (TDA) Article 4, and operators receiving Proposition A funds in lieu of TDA funds and Metro as the Regional Transportation Planning Entity (RTPE), for the fixed price of $588,192."
2255,2015-1262,Contract,Passed,Construction Committee,2015-08-10,2015-09-24,2015-09-24,,,"AUTHORIZING the Chief Executive Officer to:

A.	execute Contract Modification No. 10 to Contract No. PS-2020-1055 with Geoffrey R. Martin for the continuation of Tunnel Advisory Panel Services, in an amount not-to-exceed $802,261, increasing the total contract value from $1,287,745 to $2,090,006 and extend the contract from October 1, 2015 to June 30, 2020;

B.	execute Contract Modification No. 7 to Contract No. PS-8510-2416 with Harvey Parker and Associates, Inc. for the continuation of Tunnel Advisory Panel Services, in an amount not-to-exceed $981,465, increasing the total contract value from $1,611,745 to $2,593,210, and extend the contract from October 1, 2015 to June 30, 2020; and

C.	execute Contract Modification No. 5 to Contract No. PS-8510-2493 with Cording, Dr. Edward J. for the continuation of Tunnel Advisory Panel Services, in an amount not-to-exceed $764,033, increasing the total contract value from $1,311,745 to $2,075,778 and extend the contract from October 1, 20"
2257,2015-1264,Ordinance / Administrative Code,Consent Calendar,Board of Directors - Regular Board Meeting,2015-08-10,2015-09-24,2015-09-24,Planning and Development (Department),,"A.	ADOPTING the attached Parking Ordinance, as set forth in Attachment A (“Metro Parking Ordinance”), enacting a new Title 8 to Metro’s existing Administrative Code;

B.	ADOPTING the attached Fee Resolution, as set forth in Attachment B (“Metro Parking Rates and Permit Fee Resolution”) establishing parking rates and permit fees at all Metro operated parking facilities and proposed new parking fees at Los Angeles Union Station; 

C.	AUTHORIZING the Chief Executive Officer to implement and begin regulating the adopted Metro Parking Ordinance and Parking Fee Resolution at all Metro operated parking facilities. Systemwide including proposed new fees at Los Angeles Union Station; and

D.	AUTHORIZING the Chief Executive Officer to deposit all additional revenues generated into the Risk Allocation Matrix Internal Savings Account (RISA), pending Board approval of the full concept later this year."
2258,2015-1265,Contract,Passed,"System Safety, Security and Operations Committee",2015-08-10,2015-09-17,2015-09-24,Chief Executive Office (Department),,"AUTHORIZING the Chief Executive Officer to:

A.	cancel the Private Security Services Invitation for Bid PS-14199;

B.	execute Contract Modification No. 16 to extend Contract No. PS26102156 with RMI International, Inc. for up to 12 months (October 1, 2015-September 30, 2016) in an amount not to exceed $8,119,674, thereby increasing the total contract value from $37,938,383 to $46,058,057; and

C.	amend the FY16 Budget for System Security and Law Enforcement in the amount of $3,019,674."
2270,2015-1277,Contract,Consent Calendar,Board of Directors - Regular Board Meeting,2015-08-11,2015-09-24,2015-09-24,,,"A.	EXECUTING contract modifications to 16 existing Freeway Service Patrol contracts as delineated in Attachment B, in an amount not to exceed $7,696,000, and authorize reallocation of funds to meet unanticipated operational issues.
·	Beat No. 3, Navarro’s Towing, Inc., Contract No. FSP12-3, for $475,000 for 8 months
·	Beat No. 5, Neighborhood Towing 4 U, Inc., Contract No. FSP12-5, for $450,000 for 8 months
·	Beat No. 6, Mighty Transport, Inc. dba Frank Scotto Towing, Contract No., FSP-12-6, for $420,000 for 8 months
·	Beat No. 7, South Coast Towing, Contract No. FSP12-7, for $335,000, for 5 months,
·	Beat No. 9, Classic Two, Inc. dba Tip Top Tow, Contract No. FSP12-9, for $486,000, for 8 months
·	Beat No. 11, J&M Towing, Contract No. FSP12-11, for $270,000, for 5 months
·	Beat No. 17, Sonic Towing, Inc., Contract No. FSP12-17 for $495,000 for 9 months
·	Beat No. 23, Navarro’s Towing, Contract No. FSP12-23, for $305,000 for 5 months
·	Beat No. 27, Disco Auto Sales, Inc. dba Ho"
2272,2015-1279,Contract,Passed,Board of Directors - Regular Board Meeting,2015-08-11,2015-10-22,2015-10-22,Planning and Development (Department),,"PLANNING AND PROGRAMMING COMMITTEE RECOMMENDED (4-0):

A. 	AUTHORIZING the Chief Executive Officer (CEO) to award and execute a 37-month Firm Fixed Price Contract No. AE354280011791, to RNL Interplan, Inc. in the amount of $3,835,439 for a base contract to develop advanced conceptual engineering design documents (60% design development drawings) for the Willowbrook/Rosa Parks Station Improvements Project (Project) and one of two optional tasks to advance the design to the construction document stage through either i) a Design/Build project delivery method in an amount not to exceed $800,000; or ii) a Design/Bid/Build project delivery method in an amount not to exceed $1,920,629 for a total not to exceed amount of $5,756,068;

B. 	AFFIRMING the Board’s previous commitment to provide $16 million in local match funding in line with the funding requirements of the US Department of Transportation (DOT) Transportation Investment Generating Economic Recovery Act (TIGER) VI Discretionary G"
2279,2015-1286,Informational Report,Filed,Board of Directors - Regular Board Meeting,2015-08-12,2015-10-22,2015-10-22,Finance and Budget (Department),,"RECEIVE AND FILE:

A)	staff response to Board Motion 6.1 (Attachment A) related to Commuter Rail Funding in Los Angeles County adopted at the June 2015 Board meeting.

B)	status of $18 million loan to Metrolink for rolling stock approved in FY11"
2281,2015-1288,Agreement,Consent Calendar,Board of Directors - Regular Board Meeting,2015-08-12,2015-09-24,2015-09-24,Planning and Development (Department),,"AUTHORIZING the Chief Executive Officer to:

A.	negotiate and execute an Amended and Restated Parking License (“Amended License”) for transit patron parking for an initial term of five years at 3500 Crenshaw Boulevard, Los Angeles, California with West Angeles Church of God In Christ (WA COGIC) for an amount not to exceed an annual lease payment of $323,100 plus applicable real estate taxes; 

B.	exercise options contained in the lease at his discretion; and 

C.	deposit cost savings into the Risk Allocation Matrix Internal Savings Account (RISA), pending Board approval of the full concept later this year."
2282,2015-1289,Informational Report,Filed,Ad Hoc Transit Policing Oversight Committee,2015-08-13,2015-09-17,2015-09-17,Chief Executive Office (Department),,RECEIVE AND FILE monthly update on transit policing performance.
2283,2015-1290,Contract,Passed,"System Safety, Security and Operations Committee",2015-08-13,2015-09-17,2015-09-24,Chief Executive Office (Department),,"INCREASING the life of project budget for the Blue and Green Lines Transit Passenger Information System, capital project 212010, by $3,842,533, increasing the life of project from $5,987,180 to $9,829,713 and amend the FY16 annual budget by $3,842,533."
2287,2015-1294,Informational Report,Filed,Executive Management Committee,2015-08-14,2015-09-17,2015-09-17,Information Technology (Department),,"RECEIVE AND FILE the status report on efforts underway to use technology and innovation to improve the customer experience on Metro’s Bus and Rail system, and mobility in the region in general."
2290,2015-1297,Oral Report / Presentation,Filed,Construction Committee,2015-08-17,2015-09-17,2015-09-17,Program Management (Department),,Program Management Executive Director’s report.
2297,2015-1304,Contract,Passed,Board of Directors - Regular Board Meeting,2015-08-18,2015-12-03,2015-12-03,Congestion Reduction (Department),,"A.	AUTHORIZING the Chief Executive Officer (CEO) to exercise Option 4.3, Additional Year of Operation and Maintenance (O&M) - Year 3, Modification No. 63 for contract PS0922102333 with Atkinson Contractors, LP (Atkinson) for Metro Expresslanes Operations and Maintenance in the amount of $3,072,000, increasing the total contract price from $118,991,335 to $122,063,335;  

B.	AUTHORIZING the CEO to execute Contract Modification No. 64 for additional O&M Support Costs for Option Year 3 in the amount of $10,383,408, increasing the total contract price from $122,063,335 to $132,446,743.  

C.	AUTHORIZING the CEO to execute Contract Modification No. 65 for Additional Transponders and Retail Packaging in the amount of $3,240,000, increasing the total contract price from $132,446,743 to $135,686,743.  

D.	APPROVING an increase in Contract Modification Authority (CMA) for Contract PS0922102333, to Atkinson in the amount of $17,203,063 increasing the total CMA from $60,934,978 to $78,138,"
2299,2015-1306,Resolution,Consent Calendar,Board of Directors - Regular Board Meeting,2015-08-18,2016-01-28,2016-01-28,Finance and Budget (Department),,"ADOPT a resolution, Attachment A, that:

A.	AUTHORIZES the issuance of bonds by competitive sale to refund the Prop A  Series 2008-A1, Series 2008-A2, Series 2008-A3 and Series 2008-A4  Bonds (""the 2008-A Bonds"") in one or more transactions through August 31, 2016, consistent with the Debt Policy;

B.	APPROVES the forms of Notice of Intention to Sell Bonds, Notice Inviting Bids, Supplemental Trust Agreement, Bonds, and Preliminary Official Statement, all subject to modification as set forth in the resolution; and

C.	AUTHORIZES taking all action necessary to achieve the foregoing, including, without limitation, the further development and execution of bond documentation associated with the issuance of the bonds. 

(REQUIRES SEPARATE, SIMPLE MAJORITY BOARD VOTE.)"
2307,2015-1314,Contract,Passed,"System Safety, Security and Operations Committee",2015-08-19,2016-01-21,2016-01-28,,,"AUTHORIZE the Chief Executive Officer to award a 24 month, firm fixed price contract under Bid Number SD17491 to Cummins Pacific the lowest responsive and responsible bidder for the procurement of 289 Natural Gas Fueled Heavy Duty Engines for an amount not to exceed $13,211,635."
2309,2015-1316,Contract,Passed,"System Safety, Security and Operations Committee",2015-08-19,2016-01-21,2016-01-28,Operations (Department),,"AWARD a not-to-exceed Contract under Bid No. IFB MA17204 to Worthington Cylinder, the lowest responsive and responsible bidder, for the procurement for Indefinite Delivery, Indefinite Quantity for Compressed Natural Gas (CNG) fuel (cylinder) tanks for an amount not-to-exceed $1,462,181.00 inclusive of sales tax."
2316,2015-1323,Informational Report,Filed,Board of Directors - Regular Board Meeting,2015-08-21,2015-09-24,2015-09-24,,,RECEIVING AND FILING the status report on the operations of Metro’s Pilot Crenshaw/LAX Transit Project Business Solution Center (BSC) and Metro’s Pilot Business Interruption Fund (BIF).
2319,2015-1326,Program,Passed,Board of Directors - Regular Board Meeting,2015-08-21,2015-12-03,2015-12-03,Program Management (Department),,"A.	APPROVING the updated project list and changes in the funding levels for the Measure R Highway Subregional Program (MRHSP) in Arroyo Verdugo, Las Virgenes-Malibu, South Bay, North County, and Gateway Cities subregions as shown in Attachment A.  

B.	APPROVING a time extension for Lindero Canyon Road Interchange Improvements; and

C.	AUTHORIZING the Chief Executive Officer (CEO) to negotiate and execute all necessary agreements for approved projects"
2320,2015-1327,Contract,Passed,Construction Committee,2015-08-21,2015-10-15,2015-10-22,Finance and Budget (Department),,"CONSTRUCTION COMMITTEE RECOMMENDED (3-0) authorizing the Chief Executive Officer to execute the list of Change Orders by Caltrans in Segment 2 construction contract of the I-5 North Capacity Enhancements from SR-134 to SR-118 under the Funding Agreement No. MOU.P0008355/8501 A/A5, in the amount of $2,969,831 without an increase in the project budget or contract value. The contract value of this project remains $119,688,319"
2322,2015-1329,Contract,Consent Calendar,Board of Directors - Regular Board Meeting,2015-08-21,2016-01-28,2016-01-28,,,"AUTHORIZE Contract Modification No. 32 (a.k.a. Contract Change Order, CCO 32) by Caltrans for Segment 3 construction contract of the I-5 North Capacity Enhancements project from SR-134 to SR-118 under the Funding Agreement No. MOU.P0008355/8501 A/A6, in the amount of $2,100,000 without an increase in the project budget or contract value."
2325,2015-1332,Contract,Passed,Construction Committee,2015-08-24,2015-09-17,2015-09-24,,,"AUTHORIZING the Chief Executive Officer to execute a cost-plus-fixed-fee Contract No. AE3319400599 with AECOM for the L.A. County Grade Crossing and Corridor Safety Program in the amount of $3,868,848, inclusive of all design phases.  This contract is for three years."
2326,2015-1333,Program,Passed,Planning and Programming Committee,2015-08-24,2015-10-14,2015-10-22,Planning and Development (Department),,"PLANNING AND PROGRAMMING COMMITTEE RECOMMENDED (4-0) UNDER RECONSIDERATION:

A.	ADOPTING Southern California Association of Governments (SCAG’s) Draft Regional Program for Los Angeles County ATP applicants as shown in Attachment A.

B.	APPROVING the designation of ten points to reflect the consistency of the projects listed in Attachment A with regional and local plans."
2335,2015-1342,Policy,Passed,Executive Management Committee,2015-08-28,2015-09-17,2015-09-24,Chief Executive Office (Department),,"A.	APPROVING the upgrade of a vacant position to Chief Innovation Officer, pay grade CC ($222,476 - $273,894 - $325,353); and

B.	AUTHORIZING the Chief Executive Officer to negotiate a salary within the pay grade for the position."
2338,2015-1345,Contract,Passed,Board of Directors - Regular Board Meeting,2015-08-31,2015-10-22,2015-10-22,,,"PLANNING AND PROGRAMMING COMMITTEE RECOMMENDED (3-0) authorizing the Chief Executive Officer to:

A.	EXECUTE Contract Modification No. 16 to Contract No. PS4340-1939 with AECOM (formerly URS Corporation) to address changes to the project alternatives for the Recirculated Draft EIR/EIS,  and evaluate a Preferred Alternative for the I-710 South Corridor Project, in an amount not to exceed $7,012,735, increasing the total contract not-to-exceed amount from $38,781,395 to $45,794,130 and a contract extension of 15 months; 

B.	EXECUTE Contract Modification No. 10 to Contract No. PS4340-1940 with Moore Iacofano Goltsman, Inc., for the continued facilitation of community outreach services through the evaluation of the Preferred Alternative, in an amount of $616,413, increasing the total contract amount from $3,192,312 to $3,808,725, and a contract extension of 15 months; 

C.	EXECUTE Contract Modification No. 8 to Contract No. PS4710-2647 with AECOM (I-710 South Utility Study - South S"
2339,2015-1346,Oral Report / Presentation,Filed,Executive Management Committee,2015-08-31,2015-09-17,2015-09-17,,,RECEIVE report of the Chief Executive Officer.
2340,2015-1347,Oral Report / Presentation,Filed,"Finance, Budget and Audit Committee",2015-08-31,2015-09-16,2015-09-16,,,RECEIVE report from the Chief Executive Officer.
2341,2015-1348,Oral Report / Presentation,Filed,Construction Committee,2015-08-31,2015-09-17,2015-09-17,,,RECEIVE report by the Caltrans District Director on Delivery of Projects on I-5.
2348,2015-1355,Policy,Passed,Board of Directors - Regular Board Meeting,2015-09-01,2015-10-22,2015-10-22,Finance and Budget (Department),,"FINANCE, BUDGET AND AUDIT COMMITTEE FORWARDED DUE TO ABSENCES AND CONFLICTS authorizing  the Chief Executive Officer to renew existing group insurance policies covering Non-Contract, AFSCME, and Expo employees for the one-year period beginning January 1, 2016 and to approve the use of a flexible spending card administered by a third-party vendor."
2349,2015-1356,Project,Non-Calendar,Board of Directors - Regular Board Meeting,2015-09-01,2015-12-03,2015-12-03,Planning and Development (Department),,ADOPTING the Development Guidelines (Attachment A) for the joint development of 15.6 acres of Metro-owned property at the North Hollywood Station.
2350,2015-1357,Oral Report / Presentation,Filed,Planning and Programming Committee,2015-09-01,2015-09-16,2015-09-16,,,RECEIVE report of the Chief Executive Officer.
2351,2015-1358,Informational Report,Agenda Ready,Board of Directors - Regular Board Meeting,2015-09-01,2015-09-17,,,,RECEIVE AND FILE status report on State and Federal Legislative Remarks.
2354,2015-1361,Policy,Passed,Board of Directors - Regular Board Meeting,2015-09-01,2015-10-22,2015-10-22,,,"ADOPT the following Title VI and Environmental Justice Equity Findings:

A.	Metro Gold Line Foothill Extension to Azusa and related bus service changes which have no Disparate Impact to minority populations and the Disproportionate Burden analysis as identified in Attachment A; and 

B.	Metro Expo Line Extension to Santa Monica and related bus service changes which have no Disparate Impact to minority populations and the Disproportionate Burden analysis as identified in Attachment B."
2358,2015-1365,Policy,Passed,Board of Directors - Regular Board Meeting,2015-09-02,2015-10-22,2015-10-22,Planning and Development (Department),,"PLANNING AND PROGRAMMING COMMITTEE RECOMMENDED (4-0) approving programming of up to $6.521 million from fiscal year (FY) 2015 Federal Department of Homeland Security (DHS) - Transit Security Grant Program (TSGP) funds that are available for the eligible operating project, as shown in Attachment A."
2367,2015-1374,Informational Report,Filed,Executive Management Committee,2015-09-04,2015-10-15,2015-10-15,,,"RECEIVE AND FILE status report on the Project Labor Agreement and Construction Careers Policy (PLA/CCP) programs on the Crenshaw/LAX Transit Corridor, Regional Connector Transit Corridor and Westside Subway Extension - Section 1 projects for activity through the August 2015 reporting period."
2368,2015-1375,Motion / Motion Response,Passed,Construction Committee,2015-09-04,2015-09-17,2015-09-24,,,"MOTION by Knabe that the MTA Board: 

Direct the CEO to report back to the Board in 60 days, and provide a presentation for discussion at the November/December 2015 MTA Board Meeting, on the following items related to the operations of the San Pedro Red Car Line; the historic railcar line operating on a 1.5 mile stretch of the San Pedro Waterfront in the Port of Los Angeles:

A.	A historical summary of operations and funding for the San Pedro Red Car Line, including an analysis of why the line operates only on limited days of the week; 
 
B.	A summary of existing transit services connecting to the Red Car Line, including Metro, municipal providers, and local downtown (PBID) trolley, with an analysis of how transit connections could be improved to service a shorter segment of the line, such as from the existing 22nd Street/Marina Station to the Ports O’Call Station, or to relocated stations along the alignment; 

C.	An evaluation of the reasons for the proposed closure of the Re"
2369,2015-1376,Contract,Passed,Construction Committee,2015-09-04,2015-10-15,2015-10-22,Program Management (Department),,"CONSTRUCTION COMMITTEE RECOMMENDED (3-0) modifying Funding Agreements for Expo and Foothill Construction Authorities to allow for an increase in authorized betterment funding amounts of $600,000 for Expo Phase 2 and $900,000 for Foothill Extension Phase 2A. This increase will be used for ADA improvements and for additional Metro Betterments that are enhancements to the requirements of the 2010 Metro Design Criteria used at the time of bid for these two projects."
2371,2015-1378,Oral Report / Presentation,Filed,Construction Committee,2015-09-04,2015-09-17,2015-09-17,,,RECEIVE report of the Chief Executive Officer.
2372,2015-1379,Oral Report / Presentation,Filed,"System Safety, Security and Operations Committee",2015-09-04,2015-09-17,2015-09-17,,,RECEIVE report of the Chief Executive Officer.
2373,2015-1380,Contract,Passed,"Finance, Budget and Audit Committee",2015-09-08,2015-10-14,2015-10-22,Finance and Budget (Department),,"FINANCE, BUDGET AND AUDIT COMMITTEE RECOMMENDED (4-0) authorizing the Chief Executive Officer to execute Modification No. 5 to Contract No. PS30203139 with Axiom xCell, Inc. (Axiom) to provide additional application functionality for the Fare Inspectors’ phones, which includes new features to improve security and application capabilities for an additional cost of $354,000, and extend the monthly support services for an additional two years to November 29, 2017, in an amount of $260,000.  This modification would increase the total contract value by $614,000, from $447,975 to $1,061,975."
2374,2015-1381,Informational Report,Filed,Planning and Programming Committee,2015-09-08,2015-10-14,2015-10-14,Planning and Development (Department),,RECEIVE AND FILE report on the creation of the Transit Oriented Communities (TOC) Demonstration Program.
2375,2015-1382,Informational Report,Filed,Ad Hoc Sustainability Committee,2015-09-08,2015-10-14,2015-10-14,Planning and Development (Department),,RECEIVE AND FILE status report on the Affordable Housing and Sustainable Communities Cap-and-Trade Program.
2376,2015-1383,Informational Report,Filed,Board of Directors - Regular Board Meeting,2015-09-08,2015-09-24,2015-10-14,Planning and Development (Department),,RECEIVE AND FILE status report on performance metrics for 2016 Sustainability Annual Report.
2377,2015-1384,Informational Report,Filed,Ad Hoc Sustainability Committee,2015-09-08,2015-10-14,2015-10-14,Planning and Development (Department),,RECEIVE AND FILE report on Metro’s completed Urban Greening Plan for Park and Ride Lots and Station Areas.
2378,2015-1385,Informational Report,Filed,Ad Hoc Sustainability Committee,2015-09-08,2015-10-14,2015-10-14,Planning and Development (Department),,RECEIVE AND FILE status report on SCAG/Metro Joint Work Program.
2381,2015-1388,Program,Passed,Planning and Programming Committee,2015-09-08,2015-10-14,2015-10-22,Planning and Development (Department),,"PLANNING AND PROGRAMMING COMMITTEE RECOMMENDED (4-0) approving the Resolution in Attachment A which:

A.	AUTHORIZES the Chief Executive Officer (CEO) or his designee to claim up to $28 million in FY 2015-16 the Low Carbon Transit Operations Program (LCTOP) funds from California’s Cap-and-Trade Program’s Greenhouse Gas Reduction Fund, including $24 million in funding appropriated to Metro and up to $4 million in funding appropriations to any other Los Angeles County eligible recipients which may opt not to claim their appropriation;

B.	IDENTIFIES the projects for which LCTOP funds are to be claimed; and

C.	AUTHORIZES the Chief Executive Officer (CEO) or his designee, as an eligible fund recipient, to execute all required documents of the LCTOP and any amendments thereto with the California Department of Transportation and to execute the attached Authorized Agent form (Attachment B) and the attached Certification and Assurances document (Attachment C)."
2382,2015-1389,Informational Report,Filed,Planning and Programming Committee,2015-09-09,2015-10-14,2015-10-14,,,RECEIVE AND FILE the Regional Rail Update through August 2015.
2383,2015-1390,Contract,Passed,Construction Committee,2015-09-09,2016-03-17,2016-03-24,Program Management (Department),,"CONSIDER:

A.	INCREASING the Life of Project (LOP) and Contract Modification Authority (CMA) as follows:

1.	LOP Budget for Patsaouras Bus Plaza Station (PBPS CP 202317) by $8,809,000, from $30,984,000 to $39,793,000; and

2.	CMA for Contract No.C0970 with OHL USA, Inc. (OHL), in the amount of $6,276,800, from $1,983,200 to $8,260,000.

B.	AUTHORIZING the Chief Executive Officer (CEO) to execute Contract Modification:

1.	No. 9 to Contract No. C0970, with OHL in the amount of $697,185, increasing the total value of the Contract from $20,247,802 to $20,944,987; and

2.	No. 10 to Contract No. C0970, with OHL in the amount of $3,694,695, increasing the total value of the Contract from $20,944,987 to $24,639,682."
2390,2015-1397,Program,Passed,Ad Hoc Congestion Reduction Committee,2015-09-09,2015-10-14,2015-10-22,Congestion Reduction (Department),,"AD-HOC CONGESTION REDUCTION RECOMMENDED (3-0) AS AMENDED:

A.	APPROVING the guidelines for Round 2 of the ExpressLanes Net Toll Revenue Allocations (Attachment A); and

B.	ADOPTING a timely use of funds provision to be applied to projects funded as part of the 2014 (Round 1) Net Toll Revenue Reinvestment Grant Program.

DUPONT-WALKER AMENDMENT: include the proposal release period being 3 months versus 2 months and return in January with information on including non-profits."
2392,2015-1399,Project,Non-Calendar,Board of Directors - Regular Board Meeting,2015-09-10,2015-12-03,,Chief Executive Office (Department),,"ADOPT the Life-Of-Project (LOP) budget for Project 212121, Metro Emergency Security Operations Center (ESOC) in the amount of $112,700,000."
2393,2015-1400,Contract,Passed,Board of Directors - Regular Board Meeting,2015-09-10,2015-10-22,2015-10-22,Chief Executive Office (Department),,"CONSIDER:

A.	APPROVING Life-Of-Project budget for the capital project, Reduced Risk of an Event to Union Station Gateway Complex in the amount of $6,985,096; and

B.	AMENDING System Security and Law Enforcement FY16 budget in the amount of $6,885,096."
2395,2015-1402,Plan,Withdrawn,Planning and Programming Committee,2015-09-10,2015-10-14,2015-10-14,,,"WITHDRAWN: CONSIDER:

A.	PROGRAMMING  $2,585,858 for the Burbank-Bob Hope Airport/Hollywood Way Metrolink Station Project (BHA Project) in Surface Transportation Uniform Relocation Assistant Act (STURAA) funds;

B.	PROGRAMMING  $1,500,000 in Measure R 3% funds for the BHA Project;

C. 	AMENDING  the FY 2015-16 Metro budget to include $1,000,000 in Measure R 3% funds for the construction of the BHA Project;

D.	AUTHORIZING the Chief Executive Officer, or his designee, to negotiate and execute all agreements necessary for this action."
2398,2015-1405,Informational Report,Filed,Executive Management Committee,2015-09-10,2015-09-17,2015-09-17,Communications (Department),,RECEIVE AND FILE status report on providing customer safe space environments while riding Metro buses and trains.
2399,2015-1406,Contract,Agenda Ready,"Finance, Budget and Audit Committee",2015-09-11,2015-07-23,,,,"AUTHORIZE the Chief Executive Officer to:

A.	establish an IT Services Bench, through (RFIQ) No. PS92403383, consisting solely of vendors who have been deemed qualified to participate in future IT task order work for technical disciplines 1 through 16 below. The qualified vendors recommended in Attachment B for a five-year period will openly compete to perform individual professional service task orders for a cumulative total value of $17 million. Individual task orders will be awarded based on a competition via the Request for Proposal (RFP) process.
1.	Platform / End User Computing Systems"
2400,2015-1407,Contract,Agenda Ready,"Finance, Budget and Audit Committee",2015-09-11,2015-07-23,,,,"AUTHORIZE the Chief Executive Officer to:

A.	establish an IT Services Bench, through (RFIQ) No. PS92403383, consisting solely of vendors who have been deemed qualified to participate in future IT task order work for technical disciplines 1 through 16 below. The qualified vendors recommended in Attachment B for a five-year period will openly compete to perform individual professional service task orders for a cumulative total value of $17 million. Individual task orders will be awarded based on a competition via the Request for Proposal (RFP) process.
1.	Platform / End User Computing Systems"
2401,2015-1408,Contract,Agenda Ready,"Finance, Budget and Audit Committee",2015-09-11,2015-07-23,,,,"AUTHORIZE the Chief Executive Officer to:

A.	establish an IT Services Bench, through (RFIQ) No. PS92403383, consisting solely of vendors who have been deemed qualified to participate in future IT task order work for technical disciplines 1 through 16 below. The qualified vendors recommended in Attachment B for a five-year period will openly compete to perform individual professional service task orders for a cumulative total value of $17 million. Individual task orders will be awarded based on a competition via the Request for Proposal (RFP) process.
1.	Platform / End User Computing Systems"
2402,2015-1409,Contract,Agenda Ready,"Finance, Budget and Audit Committee",2015-09-11,2015-07-23,,,,"AUTHORIZE the Chief Executive Officer to:

A.	establish an IT Services Bench, through (RFIQ) No. PS92403383, consisting solely of vendors who have been deemed qualified to participate in future IT task order work for technical disciplines 1 through 16 below. The qualified vendors recommended in Attachment B for a five-year period will openly compete to perform individual professional service task orders for a cumulative total value of $17 million. Individual task orders will be awarded based on a competition via the Request for Proposal (RFP) process.
1.	Platform / End User Computing Systems"
2403,2015-1410,Contract,Agenda Ready,"Finance, Budget and Audit Committee",2015-09-11,2015-07-23,,,,"AUTHORIZE the Chief Executive Officer to:

A.	establish an IT Services Bench, through (RFIQ) No. PS92403383, consisting solely of vendors who have been deemed qualified to participate in future IT task order work for technical disciplines 1 through 16 below. The qualified vendors recommended in Attachment B for a five-year period will openly compete to perform individual professional service task orders for a cumulative total value of $17 million. Individual task orders will be awarded based on a competition via the Request for Proposal (RFP) process.
1.	Platform / End User Computing Systems"
2404,2015-1411,Contract,Agenda Ready,"Finance, Budget and Audit Committee",2015-09-11,2015-07-23,,,,"AUTHORIZE the Chief Executive Officer to:

A.	establish an IT Services Bench, through (RFIQ) No. PS92403383, consisting solely of vendors who have been deemed qualified to participate in future IT task order work for technical disciplines 1 through 16 below. The qualified vendors recommended in Attachment B for a five-year period will openly compete to perform individual professional service task orders for a cumulative total value of $17 million. Individual task orders will be awarded based on a competition via the Request for Proposal (RFP) process.
1.	Platform / End User Computing Systems"
2405,2015-1412,Contract,Agenda Ready,"Finance, Budget and Audit Committee",2015-09-11,2015-07-23,,,,"AUTHORIZE the Chief Executive Officer to:

A.	establish an IT Services Bench, through (RFIQ) No. PS92403383, consisting solely of vendors who have been deemed qualified to participate in future IT task order work for technical disciplines 1 through 16 below. The qualified vendors recommended in Attachment B for a five-year period will openly compete to perform individual professional service task orders for a cumulative total value of $17 million. Individual task orders will be awarded based on a competition via the Request for Proposal (RFP) process.
1.	Platform / End User Computing Systems"
2406,2015-1413,Contract,Agenda Ready,"Finance, Budget and Audit Committee",2015-09-11,2015-07-23,,,,"AUTHORIZE the Chief Executive Officer to:

A.	establish an IT Services Bench, through (RFIQ) No. PS92403383, consisting solely of vendors who have been deemed qualified to participate in future IT task order work for technical disciplines 1 through 16 below. The qualified vendors recommended in Attachment B for a five-year period will openly compete to perform individual professional service task orders for a cumulative total value of $17 million. Individual task orders will be awarded based on a competition via the Request for Proposal (RFP) process.
1.	Platform / End User Computing Systems"
2407,2015-1414,Contract,Agenda Ready,"Finance, Budget and Audit Committee",2015-09-11,2015-07-23,,,,"AUTHORIZE the Chief Executive Officer to:

A.	establish an IT Services Bench, through (RFIQ) No. PS92403383, consisting solely of vendors who have been deemed qualified to participate in future IT task order work for technical disciplines 1 through 16 below. The qualified vendors recommended in Attachment B for a five-year period will openly compete to perform individual professional service task orders for a cumulative total value of $17 million. Individual task orders will be awarded based on a competition via the Request for Proposal (RFP) process.
1.	Platform / End User Computing Systems"
2408,2015-1415,Contract,Agenda Ready,"Finance, Budget and Audit Committee",2015-09-11,2015-07-23,,,,"AUTHORIZE the Chief Executive Officer to:

A.	establish an IT Services Bench, through (RFIQ) No. PS92403383, consisting solely of vendors who have been deemed qualified to participate in future IT task order work for technical disciplines 1 through 16 below. The qualified vendors recommended in Attachment B for a five-year period will openly compete to perform individual professional service task orders for a cumulative total value of $17 million. Individual task orders will be awarded based on a competition via the Request for Proposal (RFP) process.
1.	Platform / End User Computing Systems"
2409,2015-1416,Contract,Agenda Ready,"Finance, Budget and Audit Committee",2015-09-11,2015-07-23,,,,"AUTHORIZE the Chief Executive Officer to:

A.	establish an IT Services Bench, through (RFIQ) No. PS92403383, consisting solely of vendors who have been deemed qualified to participate in future IT task order work for technical disciplines 1 through 16 below. The qualified vendors recommended in Attachment B for a five-year period will openly compete to perform individual professional service task orders for a cumulative total value of $17 million. Individual task orders will be awarded based on a competition via the Request for Proposal (RFP) process.
1.	Platform / End User Computing Systems"
2410,2015-1417,Contract,Agenda Ready,"Finance, Budget and Audit Committee",2015-09-11,2015-07-23,,,,"AUTHORIZE the Chief Executive Officer to:

A.	establish an IT Services Bench, through (RFIQ) No. PS92403383, consisting solely of vendors who have been deemed qualified to participate in future IT task order work for technical disciplines 1 through 16 below. The qualified vendors recommended in Attachment B for a five-year period will openly compete to perform individual professional service task orders for a cumulative total value of $17 million. Individual task orders will be awarded based on a competition via the Request for Proposal (RFP) process.
1.	Platform / End User Computing Systems"
2411,2015-1418,Contract,Agenda Ready,"Finance, Budget and Audit Committee",2015-09-11,2015-07-23,,,,"AUTHORIZE the Chief Executive Officer to:

A.	establish an IT Services Bench, through (RFIQ) No. PS92403383, consisting solely of vendors who have been deemed qualified to participate in future IT task order work for technical disciplines 1 through 16 below. The qualified vendors recommended in Attachment B for a five-year period will openly compete to perform individual professional service task orders for a cumulative total value of $17 million. Individual task orders will be awarded based on a competition via the Request for Proposal (RFP) process.
1.	Platform / End User Computing Systems"
2412,2015-1419,Contract,Agenda Ready,"Finance, Budget and Audit Committee",2015-09-11,2015-07-23,,,,"AUTHORIZE the Chief Executive Officer to:

A.	establish an IT Services Bench, through (RFIQ) No. PS92403383, consisting solely of vendors who have been deemed qualified to participate in future IT task order work for technical disciplines 1 through 16 below. The qualified vendors recommended in Attachment B for a five-year period will openly compete to perform individual professional service task orders for a cumulative total value of $17 million. Individual task orders will be awarded based on a competition via the Request for Proposal (RFP) process.
1.	Platform / End User Computing Systems"
2413,2015-1420,Contract,Agenda Ready,"Finance, Budget and Audit Committee",2015-09-11,2015-07-23,,,,16.	SCADA Control Systems Cyber Security
2414,2015-1421,Contract,Passed,"Finance, Budget and Audit Committee",2015-09-11,2015-07-23,2015-07-23,,,"AUTHORIZE the Chief Executive Officer to:

A.	establish an IT Services Bench, through (RFIQ) No. PS92403383, consisting solely of vendors who have been deemed qualified to participate in future IT task order work for technical disciplines 1 through 16 below. The qualified vendors recommended in Attachment B for a five-year period will openly compete to perform individual professional service task orders for a cumulative total value of $17 million. Individual task orders will be awarded based on a competition via the Request for Proposal (RFP) process.
1.	Platform / End User Computing Systems"
2415,2015-1422,Contract,Agenda Ready,Planning and Programming Committee,2015-09-11,2015-07-23,,,,"B.	increase Contract Modification Authority (CMA) specific to Contract No. PS4320-	2003, Metro Eastside Transit Corridor Phase 2 Project Alternatives Analysis, 	Environmental Clearance and Conceptual Engineering Consultant Services in 	the amount of $580,000, increasing the total CMA amount from $1,952,711 to 	$2,532,711;"
2427,2015-1434,Agreement,Passed,Board of Directors - Regular Board Meeting,2015-09-11,2015-12-03,2015-12-03,Planning and Development (Department),,"AUTHORIZING the Chief Executive Officer (CEO) to:

A.	AMEND the existing Short Term Exclusive Negotiating Agreement with Bridge Housing Corporation/East LA Community Corporation for the property at 1st and Soto; and 

B.	EXECUTE an Exclusive Negotiating Agreement with Abode Communities for the property at Cesar Chavez and Soto, for 18-months with the option to extend up to 30 months."
2428,2015-1435,Motion / Motion Response,Passed,Executive Management Committee,2015-09-11,2015-09-17,2015-09-24,,,MOTION by Kuehl and Butts that the Metro Board of Directors instruct the CEO to prepare a plan to dedicate the 26th Street/Bergamot Station along the Expo line in memory of Private Joe Gandara.  The dedication should coincide with the opening of the Expo line to Santa Monica and include a plaque to be placed at the station recognizing Private Gandara’s heroism and sacrifice for our country.
2429,2015-1436,Program,Non-Calendar,Board of Directors - Regular Board Meeting,2015-09-11,2015-12-03,2015-12-03,Planning and Development (Department),,"A.	APPROVING a fare structure for the Metro Countywide Bike Share Program as proposed (Attachment A); and

B.	AUTHORIZING the initiation and implementation of a phased Regional Bike Share Interoperability Strategy including the following: 

1.	Implement Step 1 - Bike Share-enabled TAP card as Bike Share ID  and Step 2 - Existing TAP card as Bike Share ID in 2016; and

2.	Continue to collaborate with TAP on an interoperability strategy for Step 3 - Seamless User Interoperability and report back in Spring 2016."
2430,2015-1437,Program,Passed,"System Safety, Security and Operations Committee",2015-09-11,2015-10-15,2015-10-22,Operations (Department),,"SYSTEM SAFETY, SECURITY AND OPERATIONS RECOMMENDED (3-0):

A.	APPROVING  proposed 180 day new pilot bus service to operate from the Metro Gold Line in Pasadena to the North Hollywood Red/Orange Line Stations; and

B.	REVISING  the FY16 budget $784,000 to fund the FY16 portion of this 180 day pilot program."
2435,2015-1442,Plan,Passed,Board of Directors - Regular Board Meeting,2015-09-14,2015-10-22,2015-10-22,,,"PLANNING AND PROGRAMMING COMMITTEE FORWARDED WITHOUT RECOMMENDATION:

A.	APPROVING expansion of the SCRIP to include the Los Angeles Union Station Master plan passenger concourse and accommodate a high speed rail system in Union Station;

B.	PROGRAMMING $15,000,000 in FY 16 Measure R 3% funds for the SCRIP environmental and preliminary engineering scope of work; and

C.	ACCOMMODATING high speed rail in Los Angeles Union Station as part of the implementation of the Los Angeles Union Station Master Plan.

GARCETTI AMENDMENT: approve subject to High Speed Rail written financial commitment on the Master Cooperative Agreement."
2437,2015-1444,Contract,Passed,Ad Hoc Congestion Reduction Committee,2015-09-14,2015-10-14,2015-10-22,,,"AD-HOC CONGESTION REDUCTION RECOMMENDED (3-0) authorizing the Chief Executive Officer to: 

A.	AWARD a firm fixed unit rate Contract No. FSP3469400B3/FSP3471100B43 (IFB No. FSP11857) to Disco Auto Sales, Inc., dba Hollywood Car Carrier, the lowest responsive and responsible bidder for Metro Freeway Service Patrol (FSP) towing services in the amount of $3,830,652 (Beat 3 for $1,915,326 and Beat 43 for $1,915,326) for 39 months.

B.	AWARD a firm fixed unit rate Contract No. FSP3469500B5/FSP3470200B17 (IFB No. FSP11857) to Sonic Towing, Inc., the lowest responsive and responsible bidder, for Metro FSP towing services in the amount of $3,590,266 (Beat 5 for $1,808,057 and Beat 17 for $1,782,209) for 39 months.

C.	AWARD a firm fixed unit rate Contract No. FSP3469600B6 (IFB No. FSP11857) to Neighborhood Towing 4U, Inc., the lowest responsive and responsible bidder, for Metro FSP Beat 6 towing services in the amount of $1,760,238 for 39 months.

D.	AWARD a firm fixed unit rate Contra"
2439,2015-1446,Minutes,Passed,Board of Directors - Regular Board Meeting,2015-09-15,2015-09-24,2015-09-24,,,"APPROVE Minutes of the Regular Board Meeting held July 23, 2015."
2442,2015-1449,Program,Passed,Planning and Programming Committee,2015-09-16,2015-11-18,2015-12-03,Planning and Development (Department),,APPROVING the 2016 Regional Transportation Improvement Program for Los Angeles County as shown in Attachment A.
2445,2015-1452,Oral Report / Presentation,Filed,Ad Hoc Sustainability Committee,2015-09-16,2015-10-14,2015-10-14,Planning and Development (Department),,RECEIVE oral report on status of Active Transportation Strategic Plan.
2448,2015-1328,Program,Passed,Planning and Programming Committee,2015-08-21,2015-10-14,2015-10-22,Program Management (Department),,"CONSTRUCTION COMMITTEE RECOMMENDED (3-0) authorizing the Chief Executive Officer to:

A.	APPROVE programming $50.111 million in supplemental funding for the I-5 Carmenita Road Interchange project, consistent with the attached Unified Cost Management Process and Policy for Measure R Projects analysis in Attachment A, and an increase in project funding from $369.770 million to $419.881 million; and

B.	ENTER into a Local Advance Construction (AC) agreement (Attachment B) with the California Department of Transportation (Caltrans) for the use of up to $97 million in local funds to finance the construction of the I-5 South Segment 2 project until such time that federal funds already programmed to the project become available."
2470,2015-1477,Oral Report / Presentation,Filed,Board of Directors - Regular Board Meeting,2015-09-17,2015-09-24,2015-09-24,,,Chair’s Report
2471,2015-1478,Oral Report / Presentation,Filed,Board of Directors - Regular Board Meeting,2015-09-17,2015-09-24,2015-09-24,,,"Report of the Chief Executive Officer. 
·	Scroll presentations in honor of their retirements:
o	Linda Wright
o	Marc Littman	
·	Enhanced Security Program"
2472,2015-1479,Motion / Motion Response,Passed,Board of Directors - Regular Board Meeting,2015-09-17,2015-09-24,2015-09-24,,,"MOTION by Ridley-Thomas, Garcetti, Dupont-Walker and Kuehl directing the Chief Executive Officer to move forward with implementation of Affordable Housing and Business Loan Funds as follows:

A.	Engage the consortium led by California Community Foundation and Low Income Investment Fund to negotiate terms and conditions, in a multi-partner Countywide Transit-Oriented Affordable Housing Loan Fund to support the production and preservation of transit-oriented affordable housing (including mixed use projects)that leverages Metro’s financial contribution, as previously approved by the Boardin March 2015, and return to the Board for approval of the final terms and conditions; 

B.	Design a pilot Countywide Transit-Oriented Small Business Loan Fund program to provide financing under favorable terms for commercial tenant improvements within transit adjacent, mixed use (including affordable housing) or commercial projects with particular emphasis on tenant improvements for local small busin"
2473,2015-1480,Motion / Motion Response,Passed,Board of Directors - Regular Board Meeting,2015-09-17,2015-09-24,2015-09-24,,,"MOTION by Fasana that staff report back to the System Safety, Security and Operations Committee in 60 days with the following information:

A.	Usage data of the current APT system, including the average wait during peak times and the total daily usage;

B.	How to best determine the restroom usage and capacity needs, both near and long term;

C.	The feasibility of adding additional restrooms at the station either via APT’s, stand-alone restrooms, retail opportunities, or other ideas;

D.	Cost estimates for addition of additional restrooms and potential locations, and;

E.	Timelines for installing additional restrooms."
2474,2015-1481,Contract,Passed,"System Safety, Security and Operations Committee",2015-09-18,2015-11-19,2015-12-03,Operations (Department),,"AUTHORIZING the Chief Executive Officer to award a 24-month, firm fixed price contract under Bid Number 15-0004 to the following lowest responsive and responsible bidders for the purchasing of bus components for a base amount not to exceed $1,280,509 inclusive of sales tax, and a one year option amount  of $1,306,116 inclusive of sales tax, for a total contract amount of $2,586,625. 

Each component, contract value and award is listed as follows: 

A.	New Flyer Industrial for line item 3 (Module - ECU, ABS System) for a total contract value of $170,286 and;

B.	Cummins Pacific, LLC for line items 5 (Module - Electronic Control 8.9L Gas Plus), 6 (Module - Electronic Control ISL 8.9L) and 11 (Module - Ignition Control) for a total contract value of $2,416,339."
2476,2015-1483,Oral Report / Presentation,Filed,Construction Committee,2015-09-18,2015-10-15,2015-10-15,Program Management (Department),,RECEIVE AND FILE Program Management Executive Director’s report.
2488,2015-1495,Budget,Passed,Executive Management Committee,2015-09-18,2015-10-15,2015-10-22,Communications (Department),,"EXECUTIVE MANAGEMENT COMMITTEE RECOMMENDED (6-0) amending the FY16 Budget to add $2,750,000 to the Communications Department budget to fund the first phase of Metro’s Long-Range Transportation Plan (LRTP) Education Program."
2490,2015-1497,Motion / Motion Response,Passed,Board of Directors - Regular Board Meeting,2015-09-18,2015-09-24,2015-09-24,,,"MOTION by Ridley-Thomas that the Board of Directors direct the Chief Executive Officer to provide a report in 60 days on the current College TAP Program, including the usage, marketing and outreach efforts to community colleges, as well as an assessment of the feasibility of piloting a Universal Community College Student Transit Pass Program."
2500,2015-1507,Project,Consent Calendar,Board of Directors - Regular Board Meeting,2015-09-21,2015-11-18,2015-12-03,Planning and Development (Department),,"A.	RESCINDING prior authority to enter into an Exclusive Negotiations and Planning Agreement with McCormack Baron Salazar for the Metro-owned property at Cesar Chavez and Fickett and; 

B.	AUTHORIZING staff to move forward with the federally defined unsolicited proposals process for an unsolicited proposal received from a development team led by McGregor Brown for the Metro-owned property at the red line Vermont/Santa Monica station."
2503,2015-1510,Informational Report,Filed,Executive Management Committee,2015-09-22,2015-10-15,2015-10-15,,,RECEIVE AND FILE State and Federal Remarks.
2504,2015-1511,Informational Report,Filed,"System Safety, Security and Operations Committee",2015-09-23,2016-02-18,2016-02-18,Operations (Department),,"RECEIVE AND FILE status report on the Automated Public Toilets (APT’s) at El Monte Station, as requested in Motion 69 at the September 2015 Regular Board Meeting."
2505,2015-1512,Agreement,Passed,Board of Directors - Regular Board Meeting,2015-09-23,2015-12-03,2015-12-03,Planning and Development (Department),,"AUTHORIZING the Chief Executive Officer to execute an amendment to the Exclusive Negotiating Agreement with A Community of Friends to extend its term for an additional 6 months, for the joint development of Metro-owned property at 1st and Lorena Street along the Metro Gold Line Eastside Extension."
2506,2015-1513,Motion / Motion Response,Agenda Ready,Board of Directors - Regular Board Meeting,2015-09-24,2015-09-24,,,,"WE THEREFORE MOVE that the Board of Directors direct the Chief Executive Officer to:

A.	Make every effort to expedite completion of the Blue and Green Line Transit Passenger Information Systems;

B.	Conduct a thorough assessment of the reliability of the count-down clocks throughout the system, that includes an evaluation of Metro's current ability to detect and repair display failures in a timely manner; and

C.	Report back with findings and recommendations during the November 2015 Board cycle."
2523,2015-1530,Informational Report,Filed,Planning and Programming Committee,2015-09-25,2015-11-18,2015-11-18,Planning and Development (Department),,"RECEIVE AND FILE update on the status of the advanced Bus Rapid Transit (BRT) technical studies for the Vermont and North Hollywood to Pasadena corridors in response to the July 24, 2014 and October 23, 2014 Board directives."
2527,2015-1534,Appointment,Passed,"System Safety, Security and Operations Committee",2015-09-25,2015-10-15,2015-10-22,Operations (Department),,"SYSTEM SAFETY, SECURITY AND OPERATIONS COMMITTEE RECOMMENDED (3-0) approving nominee for membership on Metro’s San Fernando Valley Service Council: 

Vahid Khorsand, San Fernando Valley Service Council, New Appointment
Nominated by: Los Angeles Mayor Eric Garcetti 
Term Ending: June 30, 2018"
2529,2015-1536,Oral Report / Presentation,Filed,Ad Hoc Sustainability Committee,2015-09-28,2015-10-14,2015-10-14,,,RECEIVE oral report of the Chair.
2530,2015-1537,Oral Report / Presentation,Filed,Ad Hoc Sustainability Committee,2015-09-28,2015-10-14,2015-10-14,,,RECEIVE oral report of the Chief Executive Officer.
2531,2015-1538,Oral Report / Presentation,Filed,"Finance, Budget and Audit Committee",2015-09-28,,2015-10-14,,,RECEIVE oral report from the Chief Executive Officer.
2532,2015-1539,Informational Report,Filed,"System Safety, Security and Operations Committee",2015-09-28,2015-10-15,2015-10-15,,,RECEIVE AND FILE monthly update on transit policing performance.
2533,2015-1540,Oral Report / Presentation,Filed,"System Safety, Security and Operations Committee",2015-09-28,2016-10-15,2015-10-15,,,RECEIVE report of the Chief Executive Officer.
2534,2015-1541,Oral Report / Presentation,Filed,Executive Management Committee,2015-09-28,2015-10-15,2015-10-15,,,RECEIVE oral report of the Chief Executive Officer.
2535,2015-1542,Oral Report / Presentation,Filed,Construction Committee,2015-09-28,,2015-10-15,,,RECEIVE report by the Caltrans District Director on Delivery of Projects on I-5.
2538,2015-1545,Informational Report,Filed,Executive Management Committee,2015-09-28,2015-10-15,2015-10-22,Planning and Development (Department),,"RECEIVE AND FILE:
A.	The draft Long Range Transportation Plan (LRTP) Potential Ballot Measure Framework in Attachment A and draft Assumptions in Attachment B; 
B.	Stakeholder Input in Attachment C, Attachment D, and Attachment E, as described below; and,
C.	The Roadmap to a Potential Ballot Measure in Attachment F."
2543,2015-1550,Oral Report / Presentation,Filed,Planning and Programming Committee,2015-09-30,,2015-10-14,,,RECEIVE oral report of the Chief Executive Officer.
2548,2015-1555,Contract,Passed,Construction Committee,2015-10-01,2015-11-19,2015-12-03,Program Management (Department),,"A.	EXTENDING Contract No. MC069 with Stantec Consulting, Inc. to provide Construction Management Support Services for Crenshaw/LAX Transit Project, including the Southwestern Yard, from March 2016 to June 2021. All other existing Contract Work Orders not pertaining to Crenshaw/LAX Transit Project will be closed by March 18, 2016;
 
B.	AUTHORIZING an increase to the Crenshaw/LAX Transit Project CWO16 and Southwestern Yard CWO27 within Contract No. MC069, with Stantec Consulting, Inc. to provide Construction Management Support Services in an amount not-to-exceed $28,566,728 for the FY16/FY17 18-month Work Program Funding increasing the CWO values from $28,607,941 to $57,174,669. Therefore, the total contract value will increase from $97,412,136 to $125,978,864; and 

C.	AUTHORIZING the Chief Executive Officer to execute individual Contract Work Orders and Modifications within the Board approved contract value."
2549,2015-1556,Budget,Passed,Board of Directors - Regular Board Meeting,2015-07-01,2015-10-22,2015-10-22,,,"CONSTRUCTION COMMITTEE FORWARDED DUE TO ABSENCES AND CONFLICTS the approval of the attached agreement referred to as “Contract Modification”, including partial close-out of the I-405 Sepulveda Pass Widening Project (“Project”), in the amount of $103M and modifications to the schedule of the Arbitration Agreement. This recommendation is an interim increase to the Life-of-Project (LOP) budget by $103M, increasing the LOP budget from $1,205.4M to $1,308.4M and amend the FY16 budget by $103M."
2550,2015-1557,Minutes,Passed,Board of Directors - Regular Board Meeting,2015-10-01,2015-10-22,2015-10-22,,,"APPROVE Minutes of the Regular Board Meeting held September 24, 2015."
2551,2015-1558,Informational Report,Filed,"System Safety, Security and Operations Committee",2015-10-01,2015-10-15,2015-10-15,Operations (Department),,"Receive and File report in response to Uniform Rental Services questions from Board Report Item #48 at the September 17, 2015 System Safety, Security, and Operations Committee Meeting."
2552,2015-1559,Public Hearing,Passed,Board of Directors - Regular Board Meeting,2015-10-01,2016-01-28,2016-01-28,Planning and Development (Department),,"CONSIDER:

A.	HOLDING a public hearing on the proposed rescission of Resolution of Necessity;

B.	RESCINDING Resolution of Necessity authorizing the commencement of an eminent domain action to acquire a subsurface easement and a grouting easement in Project Parcels RC-449 and RC-449-1 (Assessor Parcel No. 5161-017-009); consisting of the real property (hereinafter the “Property”).

	(REQUIRES TWO-THIRDS VOTE)"
2554,2015-1561,Informational Report,Filed,LA SAFE,2015-10-02,2015-10-22,2015-10-22,Congestion Reduction (Department),,RECEIVE AND FILE status report on Next Generation Southern California 511 Travelers Information System.
2555,2015-1562,Oral Report / Presentation,Filed,"System Safety, Security and Operations Committee",2015-10-02,2015-10-15,2015-10-15,,,RECEIVE oral report of the Chief Executive Officer.
2556,2015-1563,Oral Report / Presentation,Filed,Construction Committee,2015-10-02,2015-10-15,2015-10-15,,,RECEIVE oral report of the Chief Executive Officer.
2557,2015-1564,Policy,Passed,"System Safety, Security and Operations Committee",2015-10-02,2015-11-19,2015-12-03,,,"IMPLEMENTING the proposed Metro Silver Xpress (Line 950) and discontinue Line 450 in December 2015, which will have no Disparate Impact on minority populations and cause no Disproportionate Burden on poverty populations."
2563,2015-1570,Informational Report,Filed,Executive Management Committee,2015-10-05,2015-11-19,2015-11-19,Vendor / Contract Management (Department),,RECEIVE AND FILE update report on the Project Labor Agreement and Construction Careers policy programs for activity through the quarter ending September 2015.
2565,2015-1572,Contract,Passed,Board of Directors - Regular Board Meeting,2015-10-06,2015-12-03,2015-12-03,Program Management (Department),,"AUTHORIZING the Chief Executive Officer to execute a Contract Modification to Contract No. C0988 with Walsh/Shea Corridor Constructors (WSCC), to increase Contract Schedule C Provisional Sums Items for the Crenshaw/LAX Transit Project in an amount not to exceed $3,000,000, increasing the total contract value from $1,286,777,827 to $1,289,777,827."
2566,2015-1573,Policy,Passed,Executive Management Committee,2015-10-06,2015-10-15,2015-10-22,OCEO (Department),,EXECUTIVE MANAGEMENT COMMITTEE RECOMMENDED (6-0) adopting an expansion of existing Board Policy to allow for the donation of Metro surplus buses to non-profit organizations for purposes that are not transit related.
2570,2015-1577,Motion / Motion Response,Passed,Board of Directors - Regular Board Meeting,2015-10-06,2015-10-15,2015-10-22,,,"CONSTRUCTION COMMITTEE RECOMMENDED (3-0) approving Motion by Director Najarian that $150,000 in Measure R 3% be transferred to the City of Glendale to be used for quiet zone implementation through the three crossings; and,

FURTHER MOVE that the CEO work with the City of Glendale to execute the necessary agreements as expeditiously as possible."
2581,2015-1588,Program,Filed,Executive Management Committee,2015-10-07,2016-01-21,2016-01-21,Planning and Development (Department),,RECEIVE AND FILE updates on Metro’s Involvement in Affordable Housing.
2582,2015-1589,Informational Report,Filed,Ad Hoc Transit Policing Oversight Committee,2015-10-08,2015-11-19,2015-11-18,Chief Executive Office (Department),,RECEIVE AND FILE monthly update on transit policing performance.
2586,2015-1593,Budget,Passed,Construction Committee,2015-10-09,2015-11-19,2015-12-03,Program Management (Department),,"A.	FINDING that utilizing design-build delivery  pursuant to Public Utilities Code (“PUC”) Section 130242 will achieve private sector efficiencies in the integration of the design, project work, and components related to the construction and installation of new roofs at Divisions 11 and 22 to later enable the installation of solar photovoltaic (“PV”) systems at Divisions 9, 11, 22 and the Expo Yard;

(REQUIRES TWO-THIRDS VOTE)

B.	AUTHORIZING the Chief Executive Officer to solicit a design-build contract for design, construction and installation of new roofs for Divisions 11 and 22,  pursuant to PUC Section 130242 

C.	INCREASING the Life of Project Budget for the Lighting Retrofit at two Rail Divisions project (CP#204801) from $1,557,000 by $2,648,100 to include design and construction of new roofs for Divisions 11 and 22; the new LOP amount will be $4,205,100."
2587,2015-1594,Contract,Consent Calendar,Board of Directors - Regular Board Meeting,2015-10-09,2016-01-28,2016-01-28,Program Management (Department),,"AUTHORIZE the Chief Executive Officer to execute Contract Modification No. 5 to Contract No. MC070, to Arcadis U.S., Inc., to continue providing Construction Management Support Services (CMSS) through June 30, 2017, for the Regional Connector Transit Corridor Project, in the amount of $18,494,981 increasing the total contract value from $17,135,690 to $35,630,671."
2588,2015-1595,Motion / Motion Response,Passed,Planning and Programming Committee,2015-10-09,2015-10-14,2015-10-22,,,"PLANNING AND PROGRAMMING COMMITTEE RECOMMENDED (3-0) approving the MOTION by Director Solis that the Board of Directors make approval of Item 22 contingent on studying the following as a part of the evaluation of Alternatives 5C and 7 in the I-710 Recirculated Draft Environmental Impact Report/ Supplemental Environmental Impact Statement:
A.	Geometric design for the I-710 Freight Corridor (under Alternative 7 only) that eliminates significant impacts and displacements of homes, businesses, or community resources, such as but not limited to the Bell Shelter or Senior Centers, and the implications of such a design on commuter and freight traffic demands; where significant impacts are unavoidable, provide documentation of the rationale and constraints;

B.	An option, under Alternative 7 only, to evaluate the feasibility should technology be available, to operate only zero-emissions trucks along the Freight Corridor as part of the project;

C.	Implementing high frequency Express Bus T"
2589,2015-1596,Contract,Passed,Construction Committee,2015-10-09,2015-11-19,2015-12-03,Program Management (Department),,"AUTHORIZING an increase in Contract Modification Authority (CMA) to Contract No. C0974 with McCarthy Building Companies for Division 13 Bus Operations and Maintenance Facility in the amount of $1,000,000, increasing the total CMA from $18,512,000 to $19,512,000. This action does not affect the FY2016 or Life of Project budget."
2590,2015-1597,Contract,Passed,Construction Committee,2015-10-10,2015-11-19,2015-12-03,Program Management (Department),,"AUTHORIZING the Chief Executive Officer to Execute Contract Modification No. 57 to Contract No. PS43502000 Parsons Brinkerhoff Inc. to provide continued design support services during construction for Section 1 of the Westside Purple Line Extension Project, from December 2015 through June 2017, in the amount not-to-exceed $9,282,218  increasing the Total Contract Value from $152,503,103 to $161,785,321."
2592,2015-1599,Policy,Filed,Ad Hoc Congestion Reduction Committee,2015-10-12,2015-11-18,2015-11-18,Congestion Reduction (Department),,RECEIVE AND FILE the ExpressLanes 2016 State Legislative Policy.
2593,2015-1600,Contract,Passed,Construction Committee,2015-10-12,2015-11-19,2015-12-03,Program Management (Department),,"APPROVING an increase in Contract Modification Authority (CMA) for pending and future Contract Modifications in the amount of $400,000 for Contract No. C1043 Universal City Pedestrian Bridge, awarded to Griffith Company, increasing the total CMA from $2,142,500 to $2,542,500. This action does not affect the Life of Project budget."
2594,2015-1601,Project,Passed,Construction Committee,2015-10-12,2015-11-19,2015-12-03,Program Management (Department),,"APPROVING AND ADOPTING project definition changes, CEQA Addendum and Findings and authorize staff to file a Notice of Determination on the Addendum for the Westside Purple Line Extension Project - Section 2."
2596,2015-1603,Program,Passed,Board of Directors - Regular Board Meeting,2015-10-12,2015-12-03,2015-12-03,Program Management (Department),,"A.	PROGRAMMING $2,585,858 for the Burbank-Bob Hope Airport/Hollywood Way Metrolink Station Project (BHA Project) in Surface Transportation Uniform Relocation Assistant Assistance Act (STURAA) funds;

B.	ESTABLISHING the Life of Project (LOP) Budget at $8,439,858;

C.	PROGRAMMING $2,500,000 in Measure R 3% funds for the BHA Project;

D.	AMENDING the FY 2015-16 Metro budget to include $1,000,000 in Measure R 3% funds for the construction of the BHA Project;

E.	AUTHORIZING the Chief Executive Officer, or his designee, to negotiate and execute all agreements necessary for this action."
2601,2015-1608,Policy,Non-Calendar,Board of Directors - Regular Board Meeting,2015-10-14,2015-12-03,2015-12-03,Planning and Development (Department),,"A.	APPROVING the 2017 Long Range Transportation Plan (LRTP) Update Proposed Performance Metrics Framework (Attachment A) to be used in analyzing all proposed major transit and highway projects (including Measure R projects not yet under construction) in order to develop a Potential Ballot Measure Expenditure Plan; and,

B.	RECEIVING AND FILING the LRTP Potential Ballot Measure Framework Working Assumptions in Attachment B, the Stakeholder Process Input (through an On-Line Link) in Attachment C, the Subregional Stakeholder Project Priorities in Attachment D, the Regional Facility Provider Needs Lists in Attachment E, and the Roadmap for LRTP Potential Ballot Measure Process in Attachment F.

KUEHL AMENDMENT to move “increased access to parks and open space” from Quality of Life to Accessibility category."
2608,2015-1615,Motion / Motion Response,Passed,"System Safety, Security and Operations Committee",2015-10-15,2015-10-15,2015-10-22,,,"SYSTEM SAFETY, SECURITY AND OPERATIONS COMMITTEE RECOMMENDED (3-0) approving  MOTION by Dupont-Walker, Kuehl and Fasana that the Board instructs the CEO to:

A.	Provide an annual report on the state of MTA’s public artworks.

B.	Beginning with the Fiscal Year 2017 budget, dedicate a reasonable amount of funds towards maintenance and/or restoration of MTA public artworks.

C.	Include conservation and/or restoration of existing MTA public artworks in all future line, station, and facility refurbishment projects.

D.	Budget additional funds as needed for maintenance of new MTA public artworks, such as artwork on the Expo Line Phase 2 and Gold Line Foothill Extension.

E.	Create a regular maintenance plan for each MTA public artwork.

F.	Develop an action plan to restore MTA public artworks that are not functioning as intended, including consideration of using remaining Blue Line Upgrades Project funding for the restoration of artwork altered by the Blue Line Upgrades Project."
2619,2015-1626,Agreement,Passed,Board of Directors - Regular Board Meeting,2015-10-15,2016-01-28,2016-01-28,Planning and Development (Department),,"CONSIDER authorizing the Chief Executive Officer to execute a thirty year (30-year) License Agreement with Clear Channel Outdoor (“CCO”) for the installation and operation of a digital outdoor advertising structure at Division 11 located at 1011 Carson Street in Long Beach at a minimum annual lease rate of $120,000."
2621,2015-1628,Agreement,Passed,Executive Management Committee,2015-10-15,2015-11-19,2015-12-03,Planning and Development (Department),,"AUTHORIZING:

A.	the Chief Executive Officer to execute a ten year (10-year) Lease Agreement, including an option to extend for an additional five (5) year term, with Groundwork Coffee and Tea Community (“Groundwork”) for the operation of a retail business at the Historic North Hollywood Train Depot at a first year annual lease rate of $3.50/square foot or $40,740; and

B.	the new net revenues generated to be applied to the Risk Allocation Matrix savings."
2622,2015-1629,Agreement,Passed,Executive Management Committee,2015-10-15,2015-11-19,2015-12-03,Planning and Development (Department),,"AUTHORIZING the Chief Executive Officer to amend the existing revenue contract with Allvision LLC (Allvision) to provide for the following terms:

A.	Metro will waive the requirement for Allvision to pay $500,000 in accrued Guaranteed Annual Revenue Payment that was due June 30, 2015;

B.	Allvision will waive and not recapture $769,000 in incurred Contractor Expenses that were reimbursable costs under the revenue contract resulting in an  increase in future net incremental revenue payments to Metro;

C.	Allvision will reduce its revenue share from 30% to 25% of the Net Incremental Revenue payable for billboard project structured under Option 1 of the Board-approved Strategic Plan;

D.	Allvision will receive 25% of net incremental revenue generated from the proposed City-approved digital billboard project in Long Beach and the proposed digital billboard project in Carson, if those projects are successfully completed and generating revenue;

E.	Allvision will develop, for Metro"
2623,2015-1630,Contract,Passed,Construction Committee,2015-10-16,2015-11-19,2015-12-03,Program Management (Department),,"A.	INCREASING the Life of Project (LOP) Budget on the Regional Connector Project by $131.8 million, from $1,420 million to $1551.8 million;

B.	INCREASING the Regional Connector FY16 Budget by $20 million;

C.	AUTHORIZING the CEO to execute Contract Modification No. 32 to Contract C0980, Regional Connector Constructors (RCC) for additional utility work and schedule recovery measures, in an amount not-to-exceed $49,000,000, increasing the total contract price from $986,177,590 to $1,035,177,590; and

D.	AUTHORIZING the CEO to execute Contract Modification No. 33 to Contract C0980, Regional Connector Constructors (RCC) for the addition of a fan plant at the wye junction, in an amount not-to-exceed $12 million, increasing the total contract price from $1,035,177,590 to $1,047,177,590.  Upon Board approval of this recommendation and execution of Modification no. 33, staff will cancel Modification No. 4 $4.1 million.  Therefore, the net effect of this additional work is $7.9 million."
2624,2015-1631,Motion / Motion Response,Passed,Board of Directors - Regular Board Meeting,2015-10-16,2015-10-22,2015-10-22,,,"CONSIDER Motion by Directors Solis, Antonovich, Najarian and Krekorian that the MTA Board direct the CEO and the Regional Rail unit of the Program Management Department to work with the Southern California Regional Railroad Authority (Metrolink) to evaluate the following:
A.	The feasibility and operational impact of installing an Advanced Locomotive Emission Control System at Metrolink's Central Maintenance Facility;

B.	The capital costs and potential funding sources including Measure R 3%; and

C.	The process by which to include and prioritize this project in the short-range (5-year) Regional Rail Capital Program

FURTHER MOVE that MTA’s Regional Rail Team includes ALECS in all design alternatives of the Environmental Impact Report for the Southern California Regional Interconnector Project at Union Station.

ALSO MOVE that staff report back within 60 days with a status update on all progress made on the items listed above."
2625,2015-1632,Motion / Motion Response,Passed,Board of Directors - Regular Board Meeting,2015-10-16,2015-10-22,2015-10-22,,,"CONSIDER Motion by Directors Solis, Antonovich, Najarian and Krekorian that the MTA Board direct the CEO and the Regional Rail unit of the Program Management Department work with the City of El Monte and the Southern California Regional Railroad Authority (Metrolink) to evaluate the following:

A.	The feasibility and operational impacts for relocating the El Monte Metrolink Station from the current location to the Metro Transit Center in El Monte; 

B.	The capital costs and potential funding sources including Measure R 3%; 

C.	The process by which to include and prioritize this project in the short-range (5-year) Regional Rail Capital Program; and

D.	The alignment of this project with Metro’s Transit Oriented Community program.

FURTHER MOVE that staff report back within 60 days with a status update on all progress made on the items listed above."
2628,2015-1635,Oral Report / Presentation,Filed,Board of Directors - Regular Board Meeting,2015-10-16,2015-10-22,2015-10-22,,,Report by the Chair.
2629,2015-1636,Oral Report / Presentation,Filed,Board of Directors - Regular Board Meeting,2015-10-16,2015-10-22,2015-10-22,,,Report by the Chief Executive Officer.
2632,2015-1639,Informational Report,Filed,Executive Management Committee,2015-10-20,2015-11-19,2015-11-19,Communications (Department),,RECEIVE AND FILE report on Community College Student Transit Pass Pilot Program in response to Motion 49.1.
2635,2015-1642,Informational Report,Filed,Ad Hoc Congestion Reduction Committee,2015-10-21,2015-11-18,2015-11-18,Congestion Reduction (Department),,RECEIVE AND FILE status report on the assessment of the impact of allowing HOVs to use the I-10 ExpressLanes on the weekends without a FasTrak transponder.
2636,2015-1643,Oral Report / Presentation,Filed,Construction Committee,2015-10-22,2015-11-19,2015-11-19,Program Management (Department),,RECEIVE oral Program Management Executive Director’s report.
2638,2015-1645,Informational Report,Filed,"System Safety, Security and Operations Committee",2015-10-22,2015-11-19,2015-11-19,Operations (Department),,"RECEIVE AND FILE response to Motion #49 by Directors Ridley-Thomas, Dupont-Walker and Kuehl for additional information regarding Metro’s Transit Passenger Information System."
2644,2015-1651,Contract,Passed,"System Safety, Security and Operations Committee",2015-10-26,2015-11-18,2015-12-03,Chief Executive Office (Department),,"A.	AUTHORIZING the Chief Executive Officer to execute Modification No. 10 to Contract No. OP24122716 with Xerox State and Local Solutions, Inc. (Xerox) to extend the Transit Court Citation Processing Services support for up to twelve (12) months, for the period covering December 12, 2015 through December 31, 2016, for an amount of $437,880, thereby increasing the total contract value from $2,264,692 to $2,702,572.

B.	INCREASING Contract Modification Authority from $187,149 (10%) to a total of $374,298 (20%) to allow for contract modifications as needed to address potential increased citation volume due to the opening of additional lines."
2648,2015-1655,Policy,Passed,Board of Directors - Regular Board Meeting,2015-10-27,2015-12-03,2015-12-03,Board of Directors (Department),,"APPROVING amendment of Title 6, Chapter 6-05 of the Los Angeles County Metropolitan Transportation Authority Administrative Code, otherwise known as the Metro Customer Code of Conduct, as set forth in Attachment A.  The amended Code will become effective January 1, 2016."
2649,2015-1656,Contract,Consent Calendar,Board of Directors - Regular Board Meeting,2015-10-27,2016-01-28,2016-01-28,Planning and Development (Department),,"AUTHORIZE the Chief Executive Officer to execute Contract Modification No. 17 to Contract No. PS4340-1939 for the I-710 South Corridor Project with URS Corporation (an AECOM Entity) to provide professional services for an additional four month period in the not-to-exceed amount of $3,729,598, increasing the total contract value from $45,794,130 to $49,523,728."
2651,2015-1658,Public Hearing,Passed,Planning and Programming Committee,2015-10-28,2015-12-03,2015-12-03,Planning and Development (Department),,"CONSIDER:

A.	HOLDING a public hearing on the proposed Resolution of Necessity; and

B.	ADOPTING a Resolution of Necessity authorizing the commencement of an eminent domain action to acquire a fee interest in the real property underlying a portion of Bronson Avenue, described above and shown on Attachment “A” (hereinafter the “Property”).

(REQUIRES 2/3 VOTE OF THE BOARD)"
2653,2015-1660,Informational Report,Filed,Planning and Programming Committee,2015-10-29,2016-02-17,2016-02-18,Planning and Development (Department),,RECEIVE AND FILE quarterly status report on the Airport Metro Connector (AMC) 96th Street transit station in response to the June 2014 Board motion.
2654,2015-1661,Informational Report,Filed,Planning and Programming Committee,2015-10-29,2016-02-17,2016-02-17,Planning and Development (Department),,"RECEIVE AND FILE update on the status of the advanced Bus Rapid Transit (BRT) technical studies for the Vermont and North Hollywood to Pasadena corridors in response to the July 24, 2014 and October 23, 2014 Board directives."
2655,2015-1662,Informational Report,Filed,Board of Directors - Regular Board Meeting,2015-10-29,2016-01-28,2016-01-28,Operations (Department),,RECEIVE AND FILE response to Motion #39 in September 2015 by Director Knabe on the San Pedro Red Car Line.
2656,2015-1663,Oral Report / Presentation,Filed,Board of Directors - Regular Board Meeting,2015-10-30,2016-02-25,2016-01-28,Planning and Development (Department),,"RECEIVE oral report on Los Angeles World Airports from Executive Director, Deborah Flint."
2660,2015-1667,Informational Report,Filed,Executive Management Committee,2015-11-02,2016-02-18,2016-02-18,Communications (Department),,RECEIVE AND FILE the quarterly status report on Metro’s sexual harassment campaign and preview of fall 2015 Customer Satisfaction Survey.
2666,2015-1673,Motion / Motion Response,Passed,"System Safety, Security and Operations Committee",2015-11-03,2015-11-19,2015-12-03,,,"MOTION by Antonovich, Najarian and Solis that:

A.	The CEO assign staff to complete a comprehensive Cost/Benefit analysis for the Los Angeles County subsidy to Metrolink; and

B.	That until such analysis is completed and approved by the board, any and all funding requests from Metrolink that increase, or have the potential to increase the Metro contribution above the FY16 approved budget, or affect Los Angeles County residents/riders negatively, shall come to the MTA board for approval prior to Metrolink full board approval; and

C.	That the Chair of the MTA board create an ad hoc committee to convene, as required, to vote on Los Angeles County Metrolink issues and to direct the cost/benefit analysis.  Said study shall include MTA staff, including, at a minimum, finance and innovation executives, to oversee a cost/benefit analysis to look at innovative ways the MTA can best serve the Los Angeles County constituency; and

D.	That the ad hoc Metrolink committee be convened beginn"
2667,2015-1674,Program,Passed,Executive Management Committee,2015-11-03,2015-11-19,2015-12-03,Vendor / Contract Management (Department),,AUTHORIZING the expansion of the Pilot Business Interruption Fund to include funding for eligible small “mom and pop” businesses directly impacted by unprecedented full street closures with a duration greater than 6 continuous months such as the planned work at 2nd & Broadway segment of the Regional Connector transit rail project.
2668,2015-1675,Minutes,Passed,Board of Directors - Regular Board Meeting,2015-11-03,2015-12-03,2015-12-03,,,"APPROVE Minutes of the Regular Board Meeting held October 22, 2015."
2669,2015-1676,Minutes,Agenda Ready,LA SAFE,2015-11-03,2016-05-19,,,,"APPROVE Minutes of the Regular Board Meeting held October 22, 2015."
2670,2015-1677,Oral Report / Presentation,Filed,Planning and Programming Committee,2015-11-03,2015-11-18,2015-11-18,,,RECEIVE report of the Chief Executive Officer.
2671,2015-1678,Oral Report / Presentation,Filed,Construction Committee,2015-11-03,2015-11-19,2015-11-19,,,RECEIVE oral report by the Caltrans District Director on Delivery of Projects on I-5.
2672,2015-1679,Oral Report / Presentation,Filed,Construction Committee,2015-11-03,2015-11-19,2015-11-19,,,RECEIVE report of the Chief Executive Officer.
2673,2015-1680,Oral Report / Presentation,Filed,"System Safety, Security and Operations Committee",2015-11-03,2015-11-19,2015-11-19,,,RECEIVE report of the Chief Executive Officer.
2674,2015-1681,Oral Report / Presentation,Filed,Executive Management Committee,2015-11-03,2015-11-19,2015-11-19,,,RECEIVE report of the Chief Executive Officer.
2679,2015-1686,Program,Passed,Executive Management Committee,2015-11-05,2015-11-19,2015-12-03,,,ADOPTING the proposed 2016 Federal and State Legislative Program.
2680,2015-1687,Informational Report,Filed,"System Safety, Security and Operations Committee",2015-11-09,2016-02-18,2016-02-18,Planning and Development (Department),,"RECEIVE AND FILE first annual report on the state of Metro’s public artworks in response to the Board Motion, Item 44 from the October 2015 System Safety, Security and Operations Committee."
2684,2015-1691,Oral Report / Presentation,Agenda Ready,Ad Hoc Transit Policing Oversight Committee,2015-11-10,2015-11-18,2015-11-18,Chief Executive Office (Department),,RECEIVE oral report on Review of Law Enforcement and Security Options.
2685,2015-1692,Contract,Consent Calendar,Board of Directors - Regular Board Meeting,2015-11-12,2016-01-28,2016-01-28,Planning and Development (Department),,"AUTHORIZE the Chief Executive Officer to:

A.	EXECUTE Contract Modification No. 5 for Contract No. PS2415-3268, Van Nuys North Platform Project, with RailPros Inc. (Rail Pros), in the amount of $399,485 for Phase II bid support and additional engineering services, increasing the contract value from $3,176,169 to $3,575,654; and

B.	INCREASE Contract Modification Authority (CMA) specific to Contract No. PS2415-3268, Van Nuys North Platform Project, in the amount of $200,000, increasing the total CMA amount from $288,750 to $488,750.

C.	AMEND the FY16 annual budget by $599,485 representing current year costs of the contract modifications requested above."
2686,2015-1693,Motion / Motion Response,Passed,Executive Management Committee,2015-11-13,2015-11-19,2015-12-03,,,"MOTION by Antonovich and Fasana that in recognition of Bob Bartlett’s accomplishments that the Metro Maintenance and Operation Facility in Monrovia, be named the Bob Bartlett Division; and 

FURTHERMORE that the Gold Line Monrovia Station be dedicated to Robert “Bob” Bartlett."
2687,2015-1694,Motion / Motion Response,Passed,Board of Directors - Regular Board Meeting,2015-11-13,2015-12-03,2015-12-03,,,"MOTION by Antonovich that the Metro Board directs the CEO to provide Metrolink-eligible funding to continue the 100% fare enforcement pilot program for the Antelope Valley Line through the remainder of Fiscal Year 2016 (June 30, 2016)."
2688,2015-1695,Informational Report,Filed,Crenshaw Project Corporation,2015-11-16,2015-12-03,2015-12-03,Planning and Development (Department),,"RECEIVE AND FILE the Crenshaw Project Corporation (CPC) Annual Financial Report for the fiscal year ended June 30, 2015 (Attachment A)."
2689,2015-1696,Contract,Passed,"System Safety, Security and Operations Committee",2015-11-16,2016-01-21,2016-01-28,Operations (Department),,"AUTHORIZE the Chief Executive Officer to award a three-year firm fixed unit rate Contract No. OP4086600 for Uniform Rental Services with Prudential Overall Supply, for a not-to-exceed amount of $3,108,087.06 effective April 1, 2016 through March 31, 2019."
2690,2015-1697,Policy,Passed,Crenshaw Project Corporation,2015-11-16,2015-12-03,2015-12-03,Planning and Development (Department),,"CONSIDER:

A.	RATIFYING AND APPROVING the Crenshaw Project Corporation (CPC) Restated Articles of Incorporation (Attachment A); and

B.	RECEIVING AND FILING the Restated Bylaws (Attachment B) and this report of other TIFIA loan administration activities during calendar year 2015."
2695,2015-1702,Contract,Consent Calendar,Board of Directors - Regular Board Meeting,2015-11-19,2016-01-28,2016-01-28,Program Management (Department),,"AUTHORIZE the Chief Executive Officer (CEO) to execute Change Modification No. 3 to Contract No. MC071, Westside Extension Support Team (West), to continue providing Construction Management Support Services (CMSS) through Fiscal Year 2017 for the Westside Purple Line Extension Section 1 Project,  in an amount not-to exceed $23,413,832, increasing the total contract value from $21,001,079 to $44,414,911."
2696,2015-1703,Minutes,Passed,Crenshaw Project Corporation,2015-11-19,2015-12-03,2015-12-03,,,"APPROVE Minutes of the Regular Board Meeting held November 13, 2014."
2697,2015-1704,Motion / Motion Response,Passed,Board of Directors - Regular Board Meeting,2015-11-19,2015-12-03,2015-12-03,,,"AMENDING MOTION by Ridley-Thomas, Garcetti, Butts and DuBois that the Board of Directors revise the Performance Metrics Framework for Major Projects to allocate a 45% weight to the Mobility category and proportionally reduce all other categories equally."
2698,2015-1705,Motion / Motion Response,Withdrawn,Board of Directors - Regular Board Meeting,2015-11-19,2015-12-03,2015-12-03,,,"AMENDING MOTION by Fasana that the 2016 Legislative program be amended to seek legislation similar to AB 2568 (Bloom 2014) that would amend existing law by prohibiting a member, alternate member, or employee of the authority who has participated as a decision maker, from accepting employment within one year of leaving the authority with any vendor, company, or business entity that was awarded a contract as a result of their participation, if that participation took place within one year prior to the member, alternate member, or employee leaving the authority."
2699,2015-1706,Oral Report / Presentation,Filed,Board of Directors - Regular Board Meeting,2015-11-20,2015-12-03,2015-12-03,,,Report by the Chair.
2700,2015-1707,Oral Report / Presentation,Passed,Board of Directors - Regular Board Meeting,2015-11-20,2015-12-03,2015-12-03,,,Report by the Chief Executive Officer.
2701,2015-1708,Informational Report,Filed,Construction Committee,2015-11-20,2016-01-21,2016-01-21,Chief Executive Office (Department),,RECEIVE AND FILE the quarterly report on Crenshaw/LAX safety.
2703,2015-1710,Policy,Passed,Board of Directors - Regular Board Meeting,2015-11-23,2016-02-25,2016-02-25,Planning and Development (Department),,"CONSIDER:

A.	RECEIVING AND FILING the Final Statewide and Southern California Association of Government’s (SCAG) recommended Active Transportation Program (ATP) Cycle 2 Results Summary for Los Angeles County (Attachment A);

B.	APPROVING proposed 2016 ATP Grant Assistance Policy (Attachment B); and

C.	AUTHORIZING the CEO to reprogram Call for Projects commitments with reduced amounts to reflect ATP partial awards (Attachment C)."
2705,2015-1712,Program,Passed,Board of Directors - Regular Board Meeting,2015-11-23,2016-02-25,2016-02-25,Planning and Development (Department),,AUTHORIZE the Chief Executive Officer to approve the development of project applications for grant funds from California’s Cap-and-Trade Program’s Greenhouse Gas Reduction Fund (GGRF) through the Transit and Intercity Rail Capital Program (TIRCP).
2706,2015-1713,Informational Report,Filed,"Finance, Budget and Audit Committee",2015-11-23,2016-01-20,2016-01-20,Finance and Budget (Department),,RECEIVE AND FILE status report on ridership trends and efforts taken as part of the Immediate Action Plan to increase ridership and improve customer service.  Attachment A provides a status report on these actions.
2707,2015-1714,Program,Passed,"System Safety, Security and Operations Committee",2015-11-23,2016-03-16,2016-03-17,Finance and Budget (Department),,"CONSIDER:

A.	RECEIVING AND FILING report on the evaluation results of the All Door Boarding pilot test on the Wilshire BRT (Line 720); and

B.	APPROVING expanding the pilot program to the Silver Line (Line 910) starting Summer 2016."
2708,2015-1715,Informational Report,Filed,Planning and Programming Committee,2015-11-23,2016-02-17,2016-02-17,Planning and Development (Department),,RECEIVE AND FILE the introduction of the Paid Parking Pilot Program.
2709,2015-1716,Contract,Passed,Construction Committee,2015-11-23,2016-06-16,2016-06-23,Program Management (Department),,"CONSIDER:

A.	AUTHORIZING the Chief Executive Officer (CEO) to issue a Modification to Contract No. C0988 with Walsh/Shea Corridor Constructors (WSCC), to begin construction on accommodations so as not to preclude a future Light Rail Transit (LRT) Station at 96th Street, Airport Metro Connector (AMC), in an amount not to exceed $7,400,000 increasing the total contract value from $1,294,476,149.38 to $1,301,876,149.38; and  

B.	APPROVING an increase in Contract Modification Authority (CMA) for Contract No. C0988 in the amount of $7,400,000 increasing the total CMA from $134,699,993 to $142,099,993."
2710,2015-1717,Program,Passed,"Finance, Budget and Audit Committee",2015-11-25,2015-12-03,2015-12-03,Finance and Budget (Department),,"AUTHORIZE AND APPROVE the appropriation of:

A.	$3.0 million in Measure R 3% - Metrolink Capital funds as match to $9.9 million in State grant funds for the procurement of 2 locomotives; and

B.	an amount not to exceed $3.3 million of Proposition C 10% - Commuter Rail funding in support of Metrolink’s temporary lease of up to 40 BNSF locomotives."
2711,2015-1718,Contract,Passed,Board of Directors - Regular Board Meeting,2015-11-30,2016-02-23,2016-02-25,,,"AUTHORIZE Contract Modification No. 103 (a.k.a. Contract Change Order, CCO 103) by Caltrans for the Segment 3 construction contract of the I-5 North Capacity Enhancements project from SR-134 to SR-118 under the Funding Agreement No. MOU.P0008355/8501 A/A6, in the amount of $828,720.00 without an increase in the project budget or contract value."
2713,2015-1720,Oral Report / Presentation,Filed,Construction Committee,2015-11-30,2016-01-21,2016-01-21,,,RECEIVE oral Program Management Executive Director’s report.
2714,2015-1721,Policy,Consent Calendar,Board of Directors - Regular Board Meeting,2015-11-30,2016-01-28,2016-01-28,Planning and Development (Department),,"APPROVE proposed Strategy for Affordable Housing and Sustainable Communities Program, including:

A.	policy framework prompting local resolutions as a prerequisite for all partnership and support;

B.	authorization for staff to include Metro-specific components as described in individual project applications; and

C.	direct staff on various activities supporting capacity building and planning for AHSC competitiveness."
2717,2015-1724,Informational Report,Filed,"Finance, Budget and Audit Committee",2015-12-01,2016-01-20,2016-01-20,Chief Executive Office (Department),,"RECEIVE AND FILE the first quarter report of Management Audit Services (Management Audit) for the period ending September 30, 2015."
2718,2015-1725,Informational Report,Filed,"System Safety, Security and Operations Committee",2015-12-01,2016-01-21,2016-01-21,Chief Executive Office (Department),,RECEIVE AND FILE report on space planning for the Union Station Gateway Building.
2721,2015-1728,Informational Report,Filed,Ad Hoc Sustainability Committee,2015-12-02,2016-01-20,2016-01-20,Planning and Development (Department),,RECEIVE AND FILE status report on SCAG 2016 Regional Transportation Plan/Sustainable Communities Strategy (RTP/SCS).
2722,2015-1729,Contract,Passed,Board of Directors - Regular Board Meeting,2015-12-02,2016-04-28,2016-04-28,,,"AUTHORIZE the Chief Executive Officer (CEO) to award a 30-month firm fixed price Contract No. AE469080015383, to CH2M Hill Inc. in the amount of $30,975,446 for Architecture and Engineering (A&E) services for Plans, Specifications and Estimate (PS&E) for I-5 North Managed Lanes."
2723,2015-1730,Program,Consent Calendar,Board of Directors - Regular Board Meeting,2015-12-03,2016-01-28,2016-01-28,Planning and Development (Department),,APPROVE technical comments on the Southern California Association of Governments’ (SCAG) Draft 2016 Regional Transportation Plan/Sustainable Communities Strategy (RTP/SCS).
2724,2015-1731,Informational Report,Agenda Ready,Ad Hoc Transit Policing Oversight Committee,2015-12-03,2016-01-21,,Chief Executive Office (Department),,RECEIVE AND FILE monthly update on transit policing performance.
2726,2015-1733,Program,Consent Calendar,Board of Directors - Regular Board Meeting,2015-12-03,2016-01-28,2016-01-28,Planning and Development (Department),,APPROVE the Metro ExpressLanes Round 2 Net Toll Revenue Grant Applications (Attachments B and C).
2728,2015-1735,Policy,Consent Calendar,Board of Directors - Regular Board Meeting,2015-12-04,2016-01-28,2016-01-28,Congestion Reduction (Department),,ADOPT the ExpressLanes Toll Policy as shown in Attachment A.
2732,2015-1739,Program,Consent Calendar,Board of Directors - Regular Board Meeting,2015-12-07,2016-01-28,2016-01-28,Planning and Development (Department),,APPROVE proposed Urban Greening Implementation Action Plan.
2733,2015-1740,Minutes,Agenda Ready,Board of Directors - Regular Board Meeting,2015-12-07,2016-12-01,,,,"APPROVE Minutes of the Regular Board Meeting held December 3, 2015."
2735,2015-1742,Minutes,Passed,Board of Directors - Regular Board Meeting,2015-12-07,2016-01-28,2016-01-28,,,"APPROVE Minutes of the Regular Board Meeting held December 3, 2015."
2736,2015-1743,Informational Report,Filed,Planning and Programming Committee,2015-12-08,2016-01-20,2016-01-20,Planning and Development (Department),,RECEIVE AND FILE Metro Active Transportation Strategic Plan Update.
2739,2015-1746,Oral Report / Presentation,Filed,"System Safety, Security and Operations Committee",2015-12-09,2016-01-21,2016-01-21,Operations (Department),,Operations Employee of the Month
2740,2015-1747,Oral Report / Presentation,Filed,"System Safety, Security and Operations Committee",2015-12-09,2016-01-21,2016-01-21,Operations (Department),,"RECEIVE oral report on System Safety, Security and Operations "
2742,2015-1749,Oral Report / Presentation,Filed,"System Safety, Security and Operations Committee",2015-12-09,2016-02-18,2016-02-18,Operations (Department),,Operations Employee of the Month
2743,2015-1750,Oral Report / Presentation,Filed,"System Safety, Security and Operations Committee",2015-12-09,2016-02-18,2016-02-18,Operations (Department),,"RECEIVE oral report on System Safety, Security and Operations."
2744,2015-1751,Oral Report / Presentation,Filed,"System Safety, Security and Operations Committee",2015-12-09,2016-03-17,2016-03-17,Operations (Department),,Operations Employee of the Month.
2745,2015-1752,Oral Report / Presentation,Filed,"System Safety, Security and Operations Committee",2015-12-09,2016-03-17,2016-03-17,Operations (Department),,"RECEIVE oral report on System Safety, Security and Operations."
2746,2015-1753,Oral Report / Presentation,Filed,"System Safety, Security and Operations Committee",2015-12-09,2016-08-18,2016-08-18,Operations (Department),,Operations Employees of the Month
2747,2015-1754,Oral Report / Presentation,Filed,"System Safety, Security and Operations Committee",2015-12-09,2016-08-18,2016-08-18,Operations (Department),,"RECEIVE oral report on System Safety, Security and Operations."
2748,2015-1755,Oral Report / Presentation,Filed,"System Safety, Security and Operations Committee",2015-12-09,2016-05-19,2016-05-19,Operations (Department),,Operations Employee of the Month.
2749,2015-1756,Oral Report / Presentation,Filed,"System Safety, Security and Operations Committee",2015-12-09,2016-05-19,2016-05-19,Operations (Department),,"RECEIVE oral report on FY16 third quarter KPI’s for the System Safety, Security and Operations Committee."
2750,2015-1757,Informational Report,Filed,Planning and Programming Committee,2015-12-09,2016-01-20,2016-01-20,Planning and Development (Department),,RECEIVE AND FILE status report on Metro Countywide Bike Share Program Update.
2752,2015-1759,Contract,Consent Calendar,Board of Directors - Regular Board Meeting,2015-12-10,2016-01-28,2016-01-28,Chief Executive Office (Department),,"CONSIDER:

A.	INCREASING the Life of Project budget for Project 809081, Red Line Segment 2 Close-out in the amount of $336,697, increasing the previous authorization amount of $31,510,403 to $31,847,100; 

B.	AMENDING the FY 16 budget to add $187,500 to Project 809081, Red Line Segment 2 Close-out;

C.	INCREASING  the Life of Project budget for Project 809082, Red Line Segment 3 Close-out in the amount of $556,900, increasing the previous authorization amount of $3,639,000 to $4,195,900; and

D.	AMENDING the FY16 budget to add $62,500 to Project 809082, Red Line Segment 3 Close-out."
2754,2015-1761,Resolution,Agenda Ready,Board of Directors - Regular Board Meeting,2015-12-11,2016-02-25,,Finance and Budget (Department),,"CONSIDER:

A.	AUTHORIZING the Chief Executive Officer to renew and/or replace the direct-pay letters of credit (“LOC”) and direct purchase revolving credit facility (“RCF”) for the Proposition A and Proposition C commercial paper/short-term borrowing programs to be provided by the banks described below and finalize negotiations with the recommended banks and enter into reimbursement/credit agreements and related documents associated with such LOCs and RCF:

1.	RENEWING AND INCREASING the stated amount of the LOC currently provided by Sumitomo Mitsui Banking Corporation, acting through its New York Branch (“Sumitomo”) for a LOC commitment amount of $125 million for a three-year term for the Proposition A commercial paper program at an estimated cost of $2.706 million including legal fees and other related expenses;

2.	RENEWING the LOC currently provided by MUFG Union Bank, N.A. (“Union Bank”) for a LOC commitment amount of $75 million for a three year term for the Proposition A c"
2756,2015-1763,Program,Consent Calendar,Board of Directors - Regular Board Meeting,2015-12-11,2016-01-28,2016-01-28,Planning and Development (Department),,"APPROVE the inclusion of $350.0 million of Proposition C 25% funds (or other eligible funds as necessary) in the third decade of the Long Range Transportation Plan for the San Fernando Valley, Arroyo Verdugo, and Gateway subregions as replacement project credits for Measure R 20% highway funds now programmed (instead of the originally planned Proposition C 25%) on three projects:

A.	the I-5 North Capacity Enhancement (SR-134 to SR-170);
B.	the I-5 South Capacity Enhancement (I-605 to Orange County Line); and
C.	the I-5 South Carmenita Road Interchange."
2758,2015-1765,Program,Passed,Executive Management Committee,2015-12-14,2016-04-14,2016-04-28,OCEO (Department),,"AUTHORIZE the Chief Executive Officer to negotiate and award All Risk Property and Boiler and Machinery Insurance Policies for all property at the current policy limits at a not to exceed price of $2.4 million for the 12-month period May 10, 2016 through May 10, 2017."
2762,2015-1699,Contract,Passed,"System Safety, Security and Operations Committee",2015-12-14,2016-01-21,2016-01-28,Operations (Department),,"APPROVE the FY16 budget amendment of $42,900,000 for the acceleration of FTA Section 5307 Federal Funding for FY16 to support the 900 Bus Acquisition (project 201056)."
2763,2015-1770,Informational Report,Filed,Planning and Programming Committee,2015-12-15,2016-01-20,2016-01-20,Program Management (Department),,RECEIVE AND FILE the Regional Rail Update through December 2015.
2765,2015-1772,Contract,Passed,"System Safety, Security and Operations Committee",2015-12-15,2016-03-17,2016-03-24,Congestion Reduction (Department),,"AUTHORIZE the Chief Executive Officer (CEO) to award a 16-month firm fixed price contract, Contract No. PS451860016612, to Cambria Solutions, Inc. in the amount of $1,149,538 for Metro ExpressLanes Consultant Services for Development of Solicitation Packages."
2769,2015-1776,Plan,Passed,Executive Management Committee,2015-12-16,2016-01-21,2016-01-28,,,"A.	ESTABLISHING Internal Savings Account to capture cost savings and revenues generated from RAM, including deposits from FY15 budget-to-actual savings and FY16 mid-year budget assessments;

B.	DIRECTING the CEO to implement all RAM new initiatives and deposit all cost savings and new revenues generated into the Internal Savings Account, as identified in Attachment B;

C.	DIRECTING the CEO to return to the Board on those initiatives requiring policy changes or Board action before implementing each initiative, as identified in Attachment B; and

D.	APPROVING Internal Savings Account eligible priority uses and withdrawal criteria guidelines, as identified in Attachment C. Quarterly updates and monitoring of the activities of the account will be provided to the Board.

AMENDMENT: CEO will have authority to withdraw funds for eligible uses in the priority order specified. Withdrawal of funds by the CEO will be allowed if within current Board-approved budget authority and in accorda"
2770,2015-1777,Informational Report,Agenda Ready,Ad Hoc Transit Policing Oversight Committee,2015-12-16,2016-01-21,,Chief Executive Office (Department),,RECEIVE AND FILE status report on the Transit Community Policing Plan
2771,2015-1778,Contract,Passed,"System Safety, Security and Operations Committee",2015-12-17,2016-02-18,2016-02-25,Operations (Department),,"AUTHORIZE the Chief Executive Officer to award a firm fixed unit rate Contract No. OP4056400OP for Fence Repair and Installation Services for Metro Rail Rights-of-Way, Facilities and Parcel Properties with APW Construction Inc, DBA Ace Fence Co., for a not-to-exceed amount of $1,000,800, for the three-year base period effective April 1, 2016 through March 31, 2019, plus $343,200 for the first option year, and $352,800 for the second option year, for a combined total of $1,696,800."
2776,2015-1783,Informational Report,Filed,Executive Management Committee,2015-12-18,2016-01-21,2016-01-28,Information Technology (Department),,RECEIVE AND FILE report of the Customer Experience Technology Improvements.
2777,2015-1784,Appointment,Passed,"System Safety, Security and Operations Committee",2015-12-18,2016-02-18,2016-02-25,Operations (Department),,APPROVE nominees for membership on Metro’s Gateway Cities Service Council.
2778,2015-1785,Contract,Passed,"System Safety, Security and Operations Committee",2015-12-18,2016-05-19,2016-05-26,Operations (Department),,"AUTHORIZE the Chief Executive Officer to award a firm fixed unit rate Contract No. OP4260900 for commercial and industrial door repair and preventive maintenance services with Specialty Doors + Automation, for a not-to-exceed amount of $1,116,405 for the three-year base period, $372,135 for the first option year, and $372,135 for the second option year, for a combined total of $1,860,675, effective July 1, 2016, through June 30, 2021."
2779,2015-1786,Informational Report,Filed,Executive Management Committee,2015-12-18,2016-01-21,2016-01-21,Communications (Department),,RECEIVE AND FILE the Chief Communications Officer’s Quarterly Report.
2782,2015-1789,Contract,Passed,"System Safety, Security and Operations Committee",2015-12-21,2016-02-18,2016-02-25,Operations (Department),,"AUTHORIZE the Chief Executive Officer to execute Contract Modification No. 4 to Contract No. OP33672974, with Nationwide Environmental Services Inc., for power sweeping services, to exercise the first one-year option in the amount of $1,424,850 increasing the total contract value from $4,275,582 to $5,700,432 and extending the contract term from June 1, 2016 to May 31, 2017."
2783,2015-1790,Contract,Passed,Executive Management Committee,2015-12-21,2016-02-18,2016-02-25,Chief Executive Office (Department),,"AUTHORIZE the Chief Executive Officer to execute Modification No. 4 to Contract No. PS62502297 with ComPsych Corporation (ComPsych) to provide Employee Assistance Program (EAP) services in the amount of $44,386, thereby increasing the contract value from $1,076,400 to $1,120,786.  This Contract Modification will also extend the period of performance for up to 3 months from April 1, 2016 to June 30, 2016."
2786,2015-1793,Contract,Passed,Board of Directors - Regular Board Meeting,2015-12-23,2016-02-25,2016-02-25,Operations (Department),,"AUTHORIZE the Chief Executive Officer to execute Modification:

A.	No. 1 to Contract No. OP3635700 with Parkwood Landscape Maintenance Inc. (Parkwood) for graffiti abatement and trash and vegetation removal services for Region 2 - Metro Gold Line extension, in the not-to-exceed amount of $2, 270,905, increasing the base contract value from $12,599,235 to $14,870,140.  

B.	No. 1 to Contract No. OP3569500 with Woods Maintenance Services, Inc. (Woods) for graffiti abatement and trash and vegetation removal services for Region 3 - Metro Expo Line extension, in the not-to-exceed amount of $3,551,658 increasing the base contract value from $16,863,892 to $20,415,550."
2788,2015-1795,Informational Report,Filed,"Finance, Budget and Audit Committee",2015-12-23,2016-01-20,2016-01-20,Vendor / Contract Management (Department),,RECEIVE AND FILE status report on the implementation of Metro’s Pilot Business Interruption Fund (BIF) for small “mom and pop” businesses directly impacted by Metro construction activity within the Little Tokyo area of the Regional Connector transit rail project.
2789,2015-1796,Policy,Passed,Executive Management Committee,2015-12-23,2016-01-21,2016-01-28,Chief Executive Office (Department),,"A.	AUTHORIZING the Chief Executive Officer to negotiate salaries within the pay range for the following positions:

1.	 Chief Planning Officer, pay grade CC ($222,476 - $273,894 - $325,353)
2.	 Executive Director, Vendor/Contract Management, pay grade BB ($166,462 - $208,083  - $249,704)
3.	 Deputy Executive Officer, Goods Movement, pay grade H1T ($147,388 - $184,288 - $221,166)
4.	 Executive Officer, Diversity and Economic Opportunity, pay grade AA ($156,832 - $196,060 - $235,227) 

B.	APPROVING interim pay for the Interim Chief Planning Officer, retroactive to December 24, 2015.

C.	AUTHORIZE the CEO to negotiate salaries within the pay range for all executive level positions that have been previously approved by the Board as amended to require Board notification."
2790,2015-1797,Oral Report / Presentation,Withdrawn,Executive Management Committee,2015-12-23,2016-01-21,2016-01-21,,,RECEIVE oral report from Metro’s State Advocacy Team -  Legislative Update.
2792,2015-1799,Informational Report,Passed,Executive Management Committee,2015-12-28,2016-01-21,2016-01-28,Communications (Department),,"AWARD the third, and final, one-year option for year 2017 with Outfront Media’s revenue-generating bus and rail advertising contracts; a $24,000,000 fixed, guaranteed amount of revenue to be received from these agreements by Metro for calendar year 2017."
2794,2015-1801,Informational Report,Filed,Ad Hoc Transit Policing Oversight Committee,2015-12-30,2016-01-21,2016-01-21,Board of Directors,,RECEIVE AND FILE this Office of the Inspector General (OIG) report on the review of Metro policing and security workload and staffing analysis.
