matter_id,file,type,status,body,intro_date,agenda_date,passed_date,requester,name,title
10681,2018-0896,Board Correspondence,Sent,Board of Directors - Board Correspondence,2018-01-02,,,,,
10703,2018-0897,Board Correspondence,Sent,Board of Directors - Board Correspondence,2018-01-02,,,,,
10704,2018-0898,Board Correspondence,Sent,Board of Directors - Board Correspondence,2018-01-09,2018-01-09,,,,
10705,2018-0899,Board Correspondence,Sent,Board of Directors - Board Correspondence,2018-01-18,2018-01-18,,,,
10706,2018-0900,Board Correspondence,Sent,Board of Directors - Board Correspondence,2018-01-19,2018-01-19,,,,
10707,2018-0901,Board Correspondence,Sent,Board of Directors - Board Correspondence,2018-01-19,2018-01-19,,,,
10708,2018-0902,Board Correspondence,Sent,Board of Directors - Board Correspondence,2018-01-22,2018-01-22,,,,
10719,2018-0903,Board Correspondence,Sent,Board of Directors - Board Correspondence,2018-01-26,2018-01-26,,,,
10720,2018-0904,Board Correspondence,Sent,Board of Directors - Board Correspondence,2018-01-24,2018-01-24,,,,
10721,2018-0905,Board Correspondence,Sent,Board of Directors - Board Correspondence,2018-01-23,2018-01-23,,,,
10722,2018-0906,Board Correspondence,Sent,Board of Directors - Board Correspondence,2018-02-07,2018-02-07,,,,
10726,2018-0907,Board Correspondence,Sent,Board of Directors - Board Correspondence,2018-02-09,2018-02-09,,,,
10728,2018-0908,Board Correspondence,Sent,Board of Directors - Board Correspondence,2018-02-09,2018-02-09,,,,
10731,2018-0909,Board Correspondence,Sent,Board of Directors - Board Correspondence,2018-02-12,,,,,
10735,2018-0910,Board Correspondence,Sent,Board of Directors - Board Correspondence,2018-02-26,2018-02-26,,,,
10736,2018-0911,Board Correspondence,Sent,Board of Directors - Board Correspondence,2018-03-06,2018-03-06,,,,
10737,2018-0912,Board Correspondence,Sent,Board of Directors - Board Correspondence,2018-03-06,2018-03-06,,,,
10738,2018-0913,Board Correspondence,Sent,Board of Directors - Board Correspondence,2018-03-07,2018-03-07,,,,
10739,2018-0914,Board Correspondence,Sent,Board of Directors - Board Correspondence,2018-03-07,2018-03-07,,,,
10740,2018-0915,Board Correspondence,Sent,Board of Directors - Board Correspondence,2018-03-14,2018-03-14,,,,
10742,2018-0916,Board Correspondence,Sent,Board of Directors - Board Correspondence,2018-03-23,2018-03-23,,,,
10743,2018-0917,Board Correspondence,Sent,Board of Directors - Board Correspondence,2018-03-28,2018-03-28,,,,
10748,2018-0918,Board Correspondence,Sent,Board of Directors - Board Correspondence,2018-03-28,2018-03-28,,,,
10749,2018-0919,Board Correspondence,Sent,Board of Directors - Board Correspondence,2018-03-29,2018-03-29,,,,
10750,2018-0920,Board Correspondence,Sent,Board of Directors - Board Correspondence,2018-04-04,2018-04-04,,,,
10751,2018-0921,Board Correspondence,Sent,Board of Directors - Board Correspondence,2018-04-10,2018-04-10,,,,
10752,2018-0922,Board Correspondence,Sent,Board of Directors - Board Correspondence,2018-04-16,2018-04-16,,,,
10753,2018-0923,Board Correspondence,Sent,Board of Directors - Board Correspondence,2018-04-16,2018-04-16,,,,
10754,2018-0924,Board Correspondence,Sent,Board of Directors - Board Correspondence,2018-04-23,2018-04-23,,,,
10755,2018-0925,Board Correspondence,Sent,Board of Directors - Board Correspondence,2018-04-23,2018-04-23,,,,
10756,2018-0926,Board Correspondence,Sent,Board of Directors - Board Correspondence,2018-04-23,2018-04-23,,,,
10757,2018-0927,Board Correspondence,Sent,Board of Directors - Board Correspondence,2018-04-30,2018-04-30,,,,
10803,2018-0928,Board Correspondence,Sent,Board of Directors - Board Correspondence,2018-05-02,2018-05-02,,,,
10834,2018-0929,Board Correspondence,Sent,Board of Directors - Board Correspondence,2018-05-03,2018-05-03,,,,
10835,2018-0930,Board Correspondence,Sent,Board of Directors - Board Correspondence,2018-05-11,2018-05-11,,,,
10836,2018-0931,Board Correspondence,Sent,Board of Directors - Board Correspondence,2018-05-11,2018-05-11,,,,
10842,2018-0932,Board Correspondence,Sent,Board of Directors - Board Correspondence,2018-05-11,2018-05-11,,,,
10855,2018-0933,Board Correspondence,Sent,Board of Directors - Board Correspondence,2018-05-14,2018-05-14,,,,
10856,2018-0934,Board Correspondence,Sent,Board of Directors - Board Correspondence,2018-05-23,2018-05-23,,,,
10857,2018-0935,Board Correspondence,Sent,Board of Directors - Board Correspondence,2018-05-30,2018-05-30,,,,
10858,2018-0936,Board Correspondence,Sent,Board of Directors - Board Correspondence,2018-05-30,2018-05-30,,,,
10859,2018-0937,Board Correspondence,Sent,Board of Directors - Board Correspondence,2018-05-29,2018-05-29,,,,
10861,2018-0938,Board Correspondence,Sent,Board of Directors - Board Correspondence,2018-06-06,2018-06-06,,,,
10862,2018-0939,Board Correspondence,Sent,Board of Directors - Board Correspondence,2018-06-13,2018-06-13,,,,
10863,2018-0895,Board Correspondence,Sent,Board of Directors - Board Correspondence,2018-06-19,2018-06-19,,,,
10864,2018-0824,Board Correspondence,Sent,Board of Directors - Board Correspondence,2018-06-20,,,,,
10865,2018-0825,Board Correspondence,Sent,Board of Directors - Board Correspondence,2018-06-21,,,,,
10866,2018-0826,Board Correspondence,Sent,Board of Directors - Board Correspondence,2018-06-21,,,,,
10867,2018-0827,Board Correspondence,Sent,Board of Directors - Board Correspondence,2018-06-21,,,,,
10868,2018-0828,Board Correspondence,Sent,Board of Directors - Board Correspondence,2018-06-28,,,,,
10869,2018-0829,Board Correspondence,Sent,Board of Directors - Board Correspondence,2018-07-05,,,,,
10870,2018-0830,Board Correspondence,Sent,Board of Directors - Board Correspondence,2018-07-11,,,,,
10871,2018-0831,Board Correspondence,Sent,Board of Directors - Board Correspondence,2018-07-11,,,,,
10888,2018-0832,Board Correspondence,Sent,Board of Directors - Board Correspondence,2018-07-17,,,,,
10890,2018-0833,Board Correspondence,Sent,Board of Directors - Board Correspondence,2018-07-17,,,,,
10891,2018-0834,Board Correspondence,Sent,Board of Directors - Board Correspondence,2018-07-23,,,,,
10915,2018-0835,Board Correspondence,Sent,Board of Directors - Board Correspondence,2018-07-30,,,,,
10916,2018-0836,Board Correspondence,Sent,Board of Directors - Board Correspondence,2018-08-01,,,,,
10917,2018-0837,Board Correspondence,Sent,Board of Directors - Board Correspondence,2018-08-01,,,,,
10918,2018-0838,Board Correspondence,Sent,Board of Directors - Board Correspondence,2018-08-02,,,,,
10919,2018-0839,Board Correspondence,Sent,Board of Directors - Board Correspondence,2018-08-03,,,,,
11104,2018-0846,Board Correspondence,Sent,Board of Directors - Board Correspondence,2018-08-24,,,,,
11105,2018-0847,Board Correspondence,Sent,Board of Directors - Board Correspondence,2018-08-31,,,,,
11107,2018-0848,Board Correspondence,Sent,Board of Directors - Board Correspondence,2018-09-05,,,,,
11108,2018-0849,Board Correspondence,Sent,Board of Directors - Board Correspondence,2018-09-06,,,,,
4684,2017-0880,Motion / Motion Response,Agenda Ready,"Finance, Budget and Audit Committee",2018-01-02,2018-02-14,,Finance and Budget (Department),,"AUTHORIZE the Chief Executive Officer to:

A.	REPLACE Day Pass sales onboard bus with ability to purchase Stored Value and Metro base fare onboard bus;

B.	ELIMINATE tokens and transition to TAP; and

C.	IMPLEMENT a consistent $2 fee for TAP cards system-wide."
4687,2017-0928,Plan,Agenda Ready,Planning and Programming Committee,2018-01-04,2018-04-11,,,,"CONSIDER:

A.	ADOPTING Blue Line First/Last Mile Plan, and 

B.	AUTHORIZING the Chief Executive Officer to seek grant funding for Plan implementation."
4688,2017-0884,Oral Report / Presentation,Agenda Ready,Construction Committee,2018-01-04,2018-02-15,,,,RECEIVE oral report on the Major Project Status by the Chief Program Management Officer.
4690,2017-0886,Informational Report,Agenda Ready,Executive Management Committee,2018-01-05,2018-01-18,,,,RECEIVE AND FILE State and Federal Legislative Report.
4691,2017-0887,Informational Report,Agenda Ready,Construction Committee,2018-01-05,2018-02-15,,,,"RECEIVE AND FILE the:
 
A.	Status update on the Project Labor Agreement and Construction Careers Policy programs through the quarter ending December 2017; and 

B.	Female Utilization Action Plan Update."
4692,2017-0888,Program,Agenda Ready,Planning and Programming Committee,2018-01-05,2018-03-14,,Planning and Development (Department),,AUTHORIZE the Metro Open Streets Grant Program Cycle Three Application and Guidelines (Attachment B).
4693,2017-0889,Oral Report / Presentation,Agenda Ready,Executive Management Committee,2018-01-05,2018-01-18,,OCEO (Department),,RECEIVE oral report on P3 megaproject proposals.
4694,2017-0890,Oral Report / Presentation,Agenda Ready,Executive Management Committee,2018-01-05,2018-01-18,,OCEO (Department),,RECEIVE oral report on Administration’s National Infrastructure Program.
4696,2017-0892,Oral Report / Presentation,Agenda Ready,Planning and Programming Committee,2018-01-09,2018-02-14,,Planning and Development (Department),,RECEIVE oral status update on Metro Bike Share.
4698,2017-0894,Informational Report,Agenda Ready,"System Safety, Security and Operations Committee",2018-01-09,2018-02-15,,Chief Executive Office (Department),,RECEIVE AND FILE Monthly Update on Transit Policing Performance.
4702,2017-0898,Informational Report,Agenda Ready,"Finance, Budget and Audit Committee",2018-01-10,2018-02-14,,,,RECEIVE AND FILE the Fiscal Year 2019 (FY19) Budget Development Process.
4704,2017-0900,Appointment,Agenda Ready,"System Safety, Security and Operations Committee",2018-01-11,2018-03-15,,Operations (Department),,APPROVE the nominee for membership on Metro’s San Gabriel Valley Service Council.
4705,2017-0901,Motion / Motion Response,Agenda Ready,Planning and Programming Committee,2018-01-12,2018-01-17,2018-01-25,,,"WE THEREFORE MOVE that the Board direct the CEO to work with the Southern California Regional Railroad Authority (SCRRA) and the San Bernardino County Transportation Authority (SBCTA) to develop a strategic plan to implement a Fare Discount Pilot Program to better understand the potential impact to ridership and demand for additional service on the San Bernardino Line.

WE FURTHER MOVE that the CEO report back in 90 days."
4708,2017-0904,Motion / Motion Response,Agenda Ready,"System Safety, Security and Operations Committee",2018-01-12,2018-01-18,2018-01-25,,,"WE THEREFORE MOVE that the Board direct the CEO to apply the USEP to all federally funded rolling stock procurements, and related contracts with a minimum contract value of $100 million that prescribes inclusion of, but is not limited to, the following:

A.	Factors such as the total wages and benefits for quality jobs that would be newly created or retained in connection to a major capital project contract; a requirement that Disadvantaged Workers comprise at least 10% of the total new wages, and benefits; identification of the location(s) of manufacture and assembly of the major capital projects; investment in new or existing facilities; investment in training, workforce development and apprenticeship programs; 

B.	Include an evaluation mechanism in the USEP proposal scoring criteria that represents a meaningful level of the overall possible points for a Best Value proposal evaluation; and

C.	Enforcement mechanisms requiring awardees to submit quarterly reports regarding compl"
4709,2017-0905,Contract,Agenda Ready,"System Safety, Security and Operations Committee",2018-01-16,2018-04-12,,,,"AUTHORIZE the Chief Executive Officer to award a three-year firm fixed unit rate Contract No. OP962800003367 to Nationwide Environmental Services Inc., to provide power sweeping services for Metro transit facilities for a not-to-exceed amount of $5,314,860 effective June 1, 2018 through May 31, 2021."
4712,2017-0908,Plan,Agenda Ready,Planning and Programming Committee,2018-01-16,2018-02-14,,Planning and Development (Department),,"CONSIDER:

A.	APPROVING the list of additional and revised financially unconstrained projects (see Attachment A) to submit to the Southern California Association of Governments (SCAG) for inclusion in its Regional Transportation Plan (RTP); and

B.	REQUESTING that SCAG amend the 2016 Regional Transportation Plan (RTP) Strategic Project list to include the project revisions and additions."
4716,2017-0912,Policy,Agenda Ready,Executive Management Committee,2018-01-17,2018-02-14,,Planning and Development (Department),,APPROVE Metro’s Equity Platform Framework.
4717,2017-0913,Informational Report,Agenda Ready,"Finance, Budget and Audit Committee",2018-01-17,2018-02-14,,Chief Executive Office (Department),,"RECEIVE AND FILE the second quarter report of Management Audit Services (Management Audit) for the period ending December 31, 2017."
4720,2017-0916,Program,Agenda Ready,Planning and Programming Committee,2018-01-18,2018-03-14,,Planning and Development (Department),,"CONSIDER: 

A.	ADOPTING the Metro Bike Share Phase III through V Expansion Environmental Analysis findings that the expansion qualifies for a Categorical Exemption under Section 15303 (Class 3), New Construction or Conversion of Small Structures (Attachment A);

B.	AUTHORIZING staff to file the Notice of Exemption for the Phase III through V Expansion;

C.	ADOPTING the Phase III through V Expansion Title VI and Environmental Justice Analysis findings that there is no Disparate Impact and no Disproportionate Burden associated with the expansion (Attachment B); and

D.	AUTHORIZING the CEO to negotiate and execute an amendment to the Memorandum of Understanding (MOU) between the City of Los Angeles and Metro to expand the Metro Bike Share service area with reallocated equipment within these Environmentally, Title VI, and Environmental Justice cleared areas."
4721,2017-0917,Oral Report / Presentation,Agenda Ready,Board of Directors - Regular Board Meeting,2018-01-19,2018-01-25,,,,RECEIVE report by the Chair.
4722,2017-0918,Informational Report,Agenda Ready,Executive Management Committee,2018-01-19,2018-02-15,,,,RECEIVE AND FILE the Final 2017 Disparity Study report.
4723,2017-0919,Oral Report / Presentation,Agenda Ready,Board of Directors - Regular Board Meeting,2018-01-19,2018-01-25,,,,RECEIVE report by the Chief Executive Officer.
4726,2017-0922,Motion / Motion Response,Agenda Ready,Board of Directors - Regular Board Meeting,2018-01-19,2018-01-25,2018-01-25,,,"WE THEREFORE MOVE that Metro provide an analysis of current ridership as a percentage of maximum capacity for passengers at all existing rail stations during weekdays, weekends, on -peak, and off-peak hours and report the results to the Board at the April 2018 meetings."
4727,2017-0923,Informational Report,Agenda Ready,Executive Management Committee,2018-01-19,2018-03-15,,,,RECEIVE AND FILE Report on Increasing Public Transit and Rideshare Use Study.
4728,2017-0924,Motion / Motion Response,Agenda Ready,Board of Directors - Regular Board Meeting,2018-01-19,2018-01-25,2018-01-25,,,"WE THEREFORE MOVE that the Board direct the CEO to:
	
A.	Include the following information in the form of quarterly report to the Board:

1.	Provide a detailed description and explanation of each change order above $500,000 issued and executed;

2.	Provide details of the timeline for each change order and/or claim that is submitted and approved. Including the date of contractor submission and MTA execution;

3.	Include the contract modification and/or change order amount that was submitted and what was approved by MTA staff and/or the CEO; and

4.	Issue the first quarterly report to the Board by April 2018.

B.	Include the following pre-conditions to ensure accountability:

·	All MTA transit and regional rail capital projects program-wide must establish a Life of Project budget at the beginning of the project in order to be eligible for inclusion in this policy.

WE FURTHER MOVE that the Inspector General:

C.	Perform periodical random spot-check audits of these proje"
4729,2017-0925,Contract,Agenda Ready,Planning and Programming Committee,2018-01-19,2018-05-16,,Planning and Development (Department),,"AUTHORIZE the:

A.	Chief Executive Officer (CEO) to exercise options and execute Modification No. 7 to Contract No. PS272680011357 with Bicycle Transit Systems, Inc. (BTS) to activate Metro Bike Share Phase III Expansion, in the not-to-exceed (NTE) amount of $35,477,704 (for capital costs,  pre-launch activities, and  on-going operations and maintenance), increasing the total contract value from $54,402,988 to $89,880,692, to the following areas:

·	Culver City
·	Marina del Rey
·	West Los Angeles
·	Downtown Los Angeles Expanded

B.	Phase III Expansion Life of Project (LOP) budget of $10.5M; and

C.	CEO to negotiate and execute a Memorandum of Understanding (MOU)/MOU amendment to set the terms of fiscal and administrative responsibility, as described in the Board Report dated January 14, 2015 (accessed at <http://media.metro.net/board/Items/2015/01_january/20150114p&pitem25.pdf>), with the City of Los Angeles, Culver City, and Marina del Rey to expand the Metro Bike Share Program to the"
4730,2017-0926,Motion / Motion Response,Agenda Ready,Board of Directors - Regular Board Meeting,2018-01-19,2018-01-25,2018-01-25,,,"WE, THEREFORE, MOVE that the Board direct the CEO to:

A.	WORK in partnership with the following organizations to host on-site events in 
order to directly enroll eligible individuals in the LIFE Program:  the LA County   Department of Children and Family Services, LA County Department of   
Workforce Development, Aging and Community Services, LA Department on Disability, LA Department of Aging - as well as the Los Angeles Homeless 
Services Authority, and all community colleges in LA County.

B.	EXPLORE the feasibility of providing victims of domestic violence and individuals experiencing homelessness with pre-loaded TAP Cards which carry enough cash value to meet the individual’s immediate and urgent transportation needs."
4733,2018-0001,Informational Report,Agenda Ready,Executive Management Committee,2018-01-24,2018-02-15,,Communications (Department),,RECEIVE AND FILE State and Federal Legislative Report.
4734,2018-0002,Federal Legislation / State Legislation (Position),Agenda Ready,Executive Management Committee,2018-01-24,2018-03-15,,,,"ADOPT staff recommended positions:

A.	S.B. 2320 (Cornyn) - Building United States Infrastructure and Leveraging Development Act or the BUILD Act - SUPPORT

B.	H.R. 1458 (Blumenauer) - Raise And Index to Sustainably and Efficiently Invest in Transportation Act of 2017 or the RAISE IT Act - SUPPORT"
4735,2018-0003,Informational Report,Agenda Ready,Planning and Programming Committee,2018-01-24,2018-04-11,,Planning and Development (Department),,RECEIVE AND FILE the Orientation and Context Module Framework for the Long Range Transportation Plan (LRTP) Update (Attachment A).
4736,2018-0004,Agreement,Agenda Ready,"System Safety, Security and Operations Committee",2018-01-24,2018-03-15,,,,"AUTHORIZE the Chief Executive Officer (CEO) to negotiate and execute an Assignment Agreement with Gardena Municipal Bus Lines (GTrans) for 46 of the Option 40-foot CNG transit buses under Contract No. OP28367-000, Part A from El Dorado National (California), Inc. (“ENC”) at no cost to Metro."
4738,2018-0006,Program,Agenda Ready,"Ad Hoc Congestion, Highway and Roads Committee",2018-01-24,2018-04-11,,,,"CONSIDER:

A.	APPROVING $20.841 million of additional programming within the capacity of the Measure R Highway Subregional Programs and funding changes via the updated project list, as shown in Attachment A for: 

·	     Highway Operational Improvements in Arroyo Verdugo
·	     Highway Operational Improvement in Las Virgenes Malibu
·	     I-405, I-110, I-105 and SR-91 Ramp and Interchange Imp. 
                (South Bay)
·	     I-605 Corridor “Hot Spots” Interchange Imp. In Gateway Cities
·	     I-710 South and/or Early Action Projects in Gateway Cities
	
B.	AUTHORIZING the CEO or his designee to negotiate and execute all necessary agreements for approved projects"
4739,2018-0007,Resolution,Agenda Ready,Planning and Programming Committee,2018-01-25,2018-03-14,,Planning and Development (Department),,"APPROVE the Resolution in Attachment A to:

A.	AUTHORIZE the Chief Executive Officer (CEO) or his designee to claim $24,719,649 in fiscal year (FY) 2017-18 LCTOP grant funds for one year of Gold Line Foothill Extension Phase 2A operations and one year of Expo Line Phase 2 operations;

B.	CERTIFY that Metro will comply with LCTOP Certification and Assurances and the Authorized Agent requirements; and 

C.	AUTHORIZE the CEO or his designee to execute all required documents and any amendments with the California Department of Transportation."
4740,2018-0008,Appointment,Agenda Ready,"System Safety, Security and Operations Committee",2018-01-25,2018-06-21,,Operations (Department),,APPROVE nominees for membership on Metro’s Service Councils.
4743,2018-0011,Project,Agenda Ready,Construction Committee,2018-01-26,2018-03-15,,,,"ESTABLISH a Life-of-Project (LOP) Budget of $90,779,817, utilizing $44,581,402 available FY19 funds from existing capital projects, for the Metro Blue Line Track and System Refurbishment Project (205115)."
4744,2018-0012,Informational Report,Agenda Ready,"System Safety, Security and Operations Committee",2018-01-25,2018-03-15,,Chief Executive Office (Department),,RECEIVE AND FILE Monthly Update on Transit Policing Performance.
4746,2018-0014,Program,Agenda Ready,"Finance, Budget and Audit Committee",2018-01-29,2018-04-11,,OCEO (Department),,"AUTHORIZE the Chief Executive Officer to negotiate and award All Risk Property and Boiler and Machinery insurance policies for all property at the current policy limits at a not to exceed price of $2.5 million for the 12-month period May 10, 2018 through May 10, 2019."
4747,2018-0015,Minutes,Agenda Ready,Board of Directors - Regular Board Meeting,2018-01-29,2018-03-01,,,,"APPROVE Minutes of the Regular Board Meeting held January 25, 2018."
4748,2018-0016,Agreement,Agenda Ready,Construction Committee,2018-01-29,2018-03-15,,,,AUTHORIZE the Chief Executive Officer to execute the Utility Cooperative Agreement (UCA) between Metro (Authority) and Enwave Los Angeles (“Enwave”) for support services associated with Metro’s construction projects.
4750,2018-0018,Program,Agenda Ready,Construction Committee,2018-01-30,2018-04-12,,Program Management (Department),,RECEIVE AND FILE report on FY2019 Program Management Annual Program Evaluation.
4751,2018-0019,Contract,Agenda Ready,"Operations, Safety, and Customer Experience Committee",2018-01-30,2019-02-21,,OCEO (Department),,"AUTHORIZE the Chief Executive Officer to:  

A.	AWARD Contract No. PS52341001 to CASCO International, Inc. (C.A. Short Company) for the implementation of a safety engagement and recognition program in an amount not to exceed $300,000 for the two-year pilot program effective March 1, 2019, and for the agency-wide program implementation, if selected, in the amount of $6,750,000 for the first three-year option, and $4,500,000 for the second two-year option, for a combined total amount of $11,550,000, inclusive of sales tax, subject to resolution of protest(s), if any; 

B.	AWARD Contract No. PS52341002 to MTM Recognition Corporation for the implementation of a safety engagement and recognition program in an amount not to exceed $287,188 for the two-year pilot program effective March 1, 2019, and for the agency-wide program implementation, if selected, in the amount of $7,033,164 for the first three-year option, and $4,688,776 for the second two-year option, for a combined total amount of "
4753,2018-0021,Informational Report,Agenda Ready,"Finance, Budget and Audit Committee",2018-01-30,2018-03-14,,,,RECEIVE AND FILE FY19 Budget Development Update.
4757,2018-0025,Contract,Agenda Ready,Executive Management Committee,2018-02-01,2018-03-15,,Chief Executive Office (Department),,"AUTHORIZE the Chief Executive Officer to:

A.	AWARD four-year, fixed rate task order based bench Contract Nos. PS45898000 through PS45898010, with the following firms: Grawbowski Collaborative Consulting, Insight Strategies, Inc., Kaygen Inc., Lopez and Company, LLP., MilliMicro Systems Inc., Newleaf Training and Development, OGX Consulting, Organic Communications, LLC., PROTRANS, Cynthia M. Ruiz & Associates, and The Greg Group, for Talent Development Services, for a not-to-exceed amount of $931,054 for the two-year base term effective April 1, 2018 through March 31, 2020, plus $465,526 for each of the two, one-year options, for a combined total amount not-to-exceed $1,862,106, subject to resolution of protest(s) if any; and

B.	EXECUTE Task Orders under these Contracts for Talent Development services in a total amount not-to-exceed $1,862,106."
4759,2018-0027,Agreement,Agenda Ready,"System Safety, Security and Operations Committee",2018-02-01,2018-05-17,,,,AUTHORIZE the Chief Executive Officer to execute the Memorandum of Understanding for Operation and Maintenance Agreement (OMA) between Metro (Authority) and The City of Santa Monica (Attachment A).
4760,2018-0028,Oral Report / Presentation,Agenda Ready,Executive Management Committee,2018-02-02,2018-02-15,,,,RECEIVE oral update on TAP Regional Integration.
4761,2018-0029,Oral Report / Presentation,Agenda Ready,Executive Management Committee,2018-02-02,2018-02-15,,,,RECEIVE oral report on Metro’s NextGen Bus Study.
4762,2018-0030,Oral Report / Presentation,Agenda Ready,Executive Management Committee,2018-02-02,2018-02-15,,,,RECEIVE oral report on Administration’s National Infrastructure Program.
4767,2018-0035,Informational Report,Agenda Ready,Planning and Programming Committee,2018-02-06,2018-05-17,,Planning and Development (Department),,RECEIVE AND FILE Metro Transfers Design Guide.
4768,2018-0036,Informational Report,Agenda Ready,"Ad Hoc Congestion, Highway and Roads Committee",2018-02-06,2018-04-11,,Planning and Development (Department),,RECEIVE AND FILE report on Metro ExpressLanes Dynamic Message Signs.
4769,2018-0037,Informational Report,Agenda Ready,"Finance, Budget and Audit Committee",2018-02-06,2018-05-16,,Chief Executive Office (Department),,"RECEIVE AND FILE the Los Angeles County Metropolitan Transportation Authority’s (Metro) basic financial statements and component financial statement audits completed by Crowe Horwath LLP (Crowe) for the fiscal year ended June 30, 2017."
4775,2018-0043,Oral Report / Presentation,Agenda Ready,Executive Management Committee,2018-02-09,2018-03-15,,,,RECEIVE oral update from the Chief Communications Officer.
4777,2018-0045,Oral Report / Presentation,Agenda Ready,Construction Committee,2018-02-13,2018-03-15,,,,RECEIVE oral report on the Major Project Status by the Chief Program Management Officer.
4778,2018-0046,Contract,Agenda Ready,"Operations, Safety, and Customer Experience Committee",2018-02-13,2018-09-20,,Operations (Department),,"AUTHORIZE the Chief Executive Officer to award a sole source Contract No. PS111340000 to New Flyer of America Inc. in the amount of $1,191,500 to furnish and install a collision avoidance and mitigation technology system on forty (40) Metro transit buses."
4779,2018-0047,Oral Report / Presentation,Agenda Ready,"System Safety, Security and Operations Committee",2018-02-14,2018-03-15,,Chief Executive Office (Department),,RECEIVE oral update on Metro’s Homeless Outreach Efforts.
4782,2018-0050,Informational Report,Agenda Ready,Executive Management Committee,2018-02-15,2018-03-15,,,,RECEIVE AND FILE State and Federal Legislative Report.
4783,2018-0051,Policy,Agenda Ready,"Finance, Budget and Audit Committee",2018-02-15,2018-03-14,,,,"AUTHORIZE the Chief Executive Officer to: 

A.	REPLACE Day Pass sales onboard bus with ability to purchase Stored Value and Metro base fare onboard bus; 

B.	ELIMINATE tokens and transition to TAP; 

C.	IMPLEMENT a consistent $2 fee for TAP cards system-wide; and

D.	FIND that the proposed change in adding Stored Value sales aboard buses results in a Disparate Impact (See Attachment D) but there is substantial legitimate justification for the proposed change and there are no alternatives that would have a less disparate impact on minority riders."
4784,2018-0052,Contract,Agenda Ready,"System Safety, Security and Operations Committee",2018-02-16,2018-03-15,,Operations (Department),,"AUTHORIZE the Chief Executive Officer to execute Modification No. 3 to Contract No. OP35903018 with Transdev Services, Inc. (Transdev) for North Region Contract Bus Services, increasing the total not-to-exceed contract value by $10,250,000 from $62,245,053 to $72,495,053."
4785,2018-0053,Motion / Motion Response,Agenda Ready,Board of Directors - Regular Board Meeting,2018-02-16,2018-03-01,,,,"WE THEREFORE MOVE to direct the Metro CEO and Staff to, as part of, staff recommended Locally Preferred Alternative 5c:

A.	Change the Zero Emission/Near Zero Emission truck technology development program to the phased-in “Zero Emission Truck Technology Development Program.”

B.	Increase program funding target from $100 million to $200 million, and include in the Program incentives and grants investment in the acceleration of zero emission technology both for long hauling trucks and for freeway infrastructure, including but not limited to, “under the pavement” vehicle charging capacity as options to consider.  

C.	Convene a working group comprised of the California Air Resources Board (CARB), California State Department of Transportation (Caltrans), Southern California Association of Governments (SCAG), South Coast Air Quality Management District (AQMD), California Transportation Commission (CTC), the Ports of Los Angeles and Long Beach, zero-emission industry experts and other key st"
4786,2018-0054,Informational Report,Agenda Ready,Construction Committee,2018-02-16,2018-03-15,,Vendor / Contract Management (Department),,RECEIVE AND FILE the Female Utilization Action Plan Update.
4789,2018-0057,Oral Report / Presentation,Agenda Ready,Board of Directors - Regular Board Meeting,2018-02-16,2018-03-01,,,,RECEIVE report by the Chair.
4790,2018-0058,Oral Report / Presentation,Agenda Ready,Board of Directors - Regular Board Meeting,2018-02-16,2018-03-01,,,,RECEIVE report by the Chief Executive Officer.
4791,2018-0059,Informational Report,Agenda Ready,"Finance, Budget and Audit Committee",2018-02-16,2018-04-11,,Finance and Budget (Department),,RECEIVE AND FILE TAP Mobile and Account-Based System update.
4792,2018-0060,Informational Report,Agenda Ready,"Finance, Budget and Audit Committee",2018-02-20,2018-04-11,,,,RECEIVE AND FILE the Fiscal Year 2018 (FY18) Second Quarter Year-To-Date (YTD) Financial and Performance Report.
4793,2018-0061,Contract,Agenda Ready,"System Safety, Security and Operations Committee",2018-02-21,2018-04-12,,,,"AUTHORIZE the Chief Executive Officer to award Contract No. PS46172000 to Gannett Fleming Transit & Rail Systems for on-call engineering support services in support of Rail Maintenance and Engineering, for a total not-to exceed amount of $31,000,000, inclusive of $16,000,000 for the initial two-year base, and $5,000,000 for each of the three, one-year options (effective May 2018 through April 2023); subject to resolution of protest(s), if any."
4796,2018-0064,Agreement,Agenda Ready,Planning and Programming Committee,2018-02-21,2018-04-11,,Planning and Development (Department),,"AUTHORIZE the Chief Executive Officer (CEO) to execute a revised Memorandum of Understanding (MOU) between the Southern California Association of Governments (SCAG), the Los Angeles County Metropolitan Transportation Authority (Metro) and Los Angeles County Transit Operators."
4798,2018-0066,Contract,Agenda Ready,Construction Committee,2018-02-22,2018-04-12,,,,"AUTHORIZE:

A.	the Chief Executive Officer to award a Task Order (TO) based seven-year cost plus fixed fee contract plus three one-year options, Contract No. AE47810E0128, to SECOTrans (Joint Venture of LTK Engineering Services, NBA Engineering Inc., Pacific Railway Enterprises Inc., and Ramos Consulting Services, Inc) for systems engineering and support services for design of rail and transit projects;

B.	an initial two year not-to-exceed amount of $28,932,000 for Task Orders issued through Fiscal Year 2020; and 

C.	the Chief Executive Officer to execute individual Task Orders and changes within the Board approved not-to-exceed amount for the contract."
4800,2018-0068,Motion / Motion Response,Agenda Ready,Board of Directors - Regular Board Meeting,2018-02-23,2018-03-01,,,,"WE THEREFORE MOVE that the Board adopt Alternative 5C as the Locally Preferred Alternative for the I-710 South Corridor Project FEIR/FEIS (inclusive of Motion 22.1 from October 2015) and expedite the delivery of an Early Action Program (EAP) that emphasizes the following:

A.	Projects that deliver the most immediate and significant benefits related to safety, mobility and air quality;

B.	Projects that can be implemented with minimal or no displacement of residences, businesses, and sensitive land uses; 

C.	Developing a local/targeted hiring policy that is applicable to any and all eligible funding sources;

D.	Conduct an operational performance analysis upon completion of the Early Action Program utilizing the most current State and local evaluation measures and standards to re-evaluate and re-validate the remaining elements of Alternative 5C, especially identifying opportunities to further reduce property impacts; 

E.	Return to the board upon completion of the aforementioned direct"
4801,2018-0069,Contract,Agenda Ready,"Operations, Safety, and Customer Experience Committee",2018-02-23,2018-07-19,,Operations (Department),,"AUTHORIZE the Chief Executive Officer to award a 60-month, indefinite delivery indefinite quantity Contract No. OP36847000 to Tristar Power Solutions LLC, the lowest responsive and responsible bidder for Metro Red Line (MRL) Uninterruptible Power Supplies for a total not to exceed amount of $1,004,000 inclusive of sales tax and subject to resolution of protest(s), if any."
4803,2018-0071,Oral Report / Presentation,Agenda Ready,Ad Hoc Customer Experience Committee,2018-02-26,2018-03-15,,,,RECEIVE oral report on the UCLA/SCAG Study on Falling Transit Ridership in Southern California.
4804,2018-0072,Contract,Agenda Ready,Planning and Programming Committee,2018-02-26,2018-06-28,,Planning and Development (Department),,"CONSIDER:

A.  RECEIVING AND FILING:

1.	West Santa Ana Branch Transit Corridor Updated Northern Alignment Options Screening Report, including project goals; and 

2.	Update on Public-Private Partnership (P3) project delivery procurement process

B.  AUTHORIZING:

1.	Northern alignment options to carry forward into Draft Environmental Impact Statement/Environmental Impact Report (EIS/EIR) 
a.	Concept E: Union Station via Alameda Underground
b.	Concept F: Union Station via Alameda Underground/Center Aerial
c.	Concept G: Downtown Transit Core Underground

FASANA AMENDMENT: As part of the environmental process, consider studying up to 6-car platforms.

C.  AUTHORIZING the Chief Executive Officer to execute:

1.	Modification No. 2 to Contract No. AE5999300 with WSP USA Inc. for technical services for the evaluation of the three northern alignments in the Draft EIS/EIR in the amount of $2,760,752, increasing the total contract value to $12,405,244; and

2.	Modification No. 1 to Contract No."
4806,2018-0074,Contract,Agenda Ready,"System Safety, Security and Operations Committee",2018-02-26,2018-04-12,,Operations (Department),,"AUTHORIZE the Chief Executive Officer to award a two-year, firm fixed price Contract No. MA48271000 to Romaine Electric Corporation, the lowest responsive and responsible bidder for Spark Plugs (Denso). The Contract one-year base amount is $701,158.68, inclusive of sales tax, and the one-year option amount is $701,158.68, inclusive of sales tax, for a total contract amount of $1,402,317.36, subject to resolution of protest(s), if any."
4808,2018-0076,Oral Report / Presentation,Agenda Ready,Ad Hoc Customer Experience Committee,2018-02-27,2018-03-15,,,,"RECEIVE oral report on Pass Programs (U-, A-, B-)."
4809,2018-0077,Oral Report / Presentation,Agenda Ready,Ad Hoc Customer Experience Committee,2018-02-27,2018-03-15,,,,RECEIVE oral report on Marketing Efforts - FY19.
4812,2018-0080,Informational Report,Agenda Ready,"Finance, Budget and Audit Committee",2018-02-28,2018-04-11,,Finance and Budget (Department),,RECEIVE AND FILE report on FY 2019 Budget Development Status.
4818,2018-0086,Informational Report,Agenda Ready,Construction Committee,2018-03-01,2018-05-17,,,,RECEIVE AND FILE the 2018 Los Angeles Construction Market Analysis report.
4819,2018-0087,Motion / Motion Response,Agenda Ready,"Finance, Budget and Audit Committee",2018-03-02,2018-06-20,,Finance and Budget (Department),,"RECEIVE AND FILE an update on the outreach activities, including on-site events, for the LIFE Program."
4820,2018-0088,Oral Report / Presentation,Agenda Ready,Planning and Programming Committee,2018-03-02,2018-03-14,,,,RECEIVE oral status update on Eastside Transit Corridor Phase 2.
4821,2018-0089,Oral Report / Presentation,Agenda Ready,Construction Committee,2018-03-02,2018-03-15,,,,RECEIVE oral update on 605 Hot Spots.
4822,2018-0090,Oral Report / Presentation,Agenda Ready,Executive Management Committee,2018-03-02,2018-03-15,,,,RECEIVE oral update on SB1 Status and Implementation.
4823,2018-0091,Minutes,Agenda Ready,Board of Directors - Regular Board Meeting,2018-03-02,2018-03-22,,,,"APPROVE Minutes of the Regular Board Meeting held March 1, 2018."
4826,2018-0094,Project,Agenda Ready,Construction Committee,2018-03-05,2018-04-12,,Program Management (Department),,"APPROVE an increase in the Life of Project Budget (LOP) for Permeable Pavement and Bioretention Pilot Project (Project) in the amount of $1.16 million increasing the LOP from $940,000 to $2.1 million to complete construction of the Project."
4827,2018-0095,Contract,Agenda Ready,Construction Committee,2018-03-05,2018-04-12,,Program Management (Department),,"AUTHORIZE the Chief Executive Officer to:

A.	EXECUTE Modification No. 4 to Contract No. AE439330011938, with Ted Tokio Tanaka Architects (TTTA), for the Metro Gold Line Eastside Access 1st/Central Station Improvement Project (Eastside Access), for additional design services in the amount of $487,959, increasing the Total Contract Value from $2,060,492 to $2,548,451; and

B.	INCREASE Contract Modification Authority (CMA) specific to Contract No. AE439330011938 for Eastside Access in the amount of $412,041, increasing the total CMA amount from $268,954 to $680,995, to support additional services related to Eastside Access."
4831,2018-0099,Program,Agenda Ready,Planning and Programming Committee,2018-03-06,2018-04-11,,,,"CONSIDER:

A.	APPROVING the Metrolink San Bernardino Line 25% Fare Discount Six-month Pilot Program;

B.	PROGRAMMING up to $2 Million in prior year Proposition C 10% surplus funds for FY 2018-19 funding only for the Metrolink SBL 25% Fare Discount Six-month Pilot Program; and

C.	AUTHORIZING the CEO to enter into all agreements necessary to implement the Metrolink SBL 25% Fare Discount Pilot Program."
4833,2018-0101,Informational Report,Agenda Ready,"System Safety, Security and Operations Committee",2018-03-08,2018-04-12,,Chief Executive Office (Department),,RECEIVE AND FILE Monthly Update on Transit Policing Performance.
4834,2018-0102,Informational Report,Agenda Ready,"Finance, Budget and Audit Committee",2018-03-08,2018-04-11,,Finance and Budget (Department),,RECEIVE AND FILE status report on Access Services - ADA Paratransit.
4836,2018-0104,Informational Report,Agenda Ready,Planning and Programming Committee,2018-03-09,2018-07-18,,Planning and Development (Department),,RECEIVE AND FILE report on the Transit Oriented Development Planning Grant Program.
4839,2018-0107,Program,Agenda Ready,Planning and Programming Committee,2018-03-09,2018-04-11,,Planning and Development (Department),,"CONSIDER:

A.	APPROVING the pursuit of a State Transportation Improvement Program (STIP) Amendment, pursuant to Assembly Bill (AB) 3090 provisions, to advance local funding for delivery of the State Route 138 highway widening projects described in Attachment A;

B.	PROGRAMMING up to $44.7 million in federal Surface Transportation Block Grant Program (STBGP) funds for the identified projects; and

C.	AUTHORIZING the CEO to negotiate and enter into an agreement for the future repayment of state funds with Caltrans."
4840,2018-0108,Contract,Agenda Ready,Planning and Programming Committee,2018-03-09,2018-05-16,,Planning and Development (Department),,"AUTHORIZE the Chief Executive Officer (CEO) to: 

A.	AWARD AND EXECUTE an 88-month, firm fixed price Contract No. AE47795000 with CH2M Hill, Inc. for $45,891,279 for Los Angeles River Bike Path Gap Closure Project Technical Services (Project), subject to resolution of protest(s), if any; 

B.	APPROVE Contract Modification Authority (CMA) specific to and execute modifications for Contract No. AE47795000 in the amount of $6,883,692 (15%) to support the cost of unforeseen issues that may arise during the course of the Contract; and

C.	NEGOTIATE and enter into a Memorandum of Understanding (MOU) with Los Angeles County Department of Public Works (LACDPW) for construction management and delivery of the Project with an option for final design; and

D.	NEGOTIATE and enter into a Cooperative Agreement with the City of Los Angeles, the City of Vernon, and LACDPW."
4841,2018-0109,Contract,Agenda Ready,"System Safety, Security and Operations Committee",2018-03-12,2018-04-12,,Finance and Budget (Department),,RECEIVE AND FILE report on Metro Rail capacity in response to Board Motion 2017-0922.
4845,2018-0113,Oral Report / Presentation,Agenda Ready,Construction Committee,2018-03-14,2018-04-12,,,,RECEIVE oral report on the Major Project Status by the Chief Program Management Officer.
4846,2018-0114,Contract,Agenda Ready,"System Safety, Security and Operations Committee",2018-03-14,2018-05-17,,,,"APPROVE a Modification to Contract No. P3010 with Kinkisharyo International, LLC for four (4) Request for Changes (RFC); RFC No. 1 Addition of Back-up Train Operator Display for a firm fixed price of $1,589,240, RFC No. 2 Addition of Color Route ID to Exterior Signs for a firm fixed price of $1,715,638, RFC No. 3 Addition of Exterior Rear View Mirrors for a firm fixed price of $1,122,336, and RFC No. 6 Addition of Interior Route Information Signs for a firm fixed price of $1,260,476, all for a combined firm fixed amount of $5,687,690, increasing the total Contract value from $914,667,177 to $920,354,867. The contract increase is within the Life of Project Budget."
4847,2018-0115,Contract,Agenda Ready,"Ad Hoc Congestion, Highway and Roads Committee",2018-03-15,2018-05-16,,,,"AUTHORIZE Contract Modification No. 198 by the California Department of Transportation (Caltrans) for construction contract of the Segment 4 of the I-5 North Capacity Enhancements Project between SR-134 and SR-118 (Project) under the Funding Agreement No. MOU. P0008355/8501A/A6, in the amount of $1,242,619.51 within the project Life of Project budget.

DUPONT-WALKER MOTION: report back to the Board in September in enhancing 
Metro and Caltrans coordination in delivering Highway Projects."
4848,2018-0116,Contract,Agenda Ready,"System Safety, Security and Operations Committee",2018-03-15,2018-06-21,,OCEO (Department),,"AUTHORIZE the Chief Executive Officer to: 

A.	AWARD task order based bench Contract Nos. PS49169000 through PS49169013 to the firms listed below and in Attachment A, for a not-to-exceed amount of $15,000,000, to provide ETAM services for a seven-year term effective July 1, 2018 through June 30, 2025, subject to resolution of protests(s), if any. The following firms are recommended for award:

1.	Accenture, LLP 
2.	AECOM Technical Services, Inc.
3.	Anil Verma Associates, Inc.
4.	EMG
5.	Intueor Consulting, Inc.
6.	Kaygen, Inc.
7.	Morgner Construction Management
8.	Pacific Railway Enterprises, Inc.
9.	Rail Surveyors and Engineers, Inc.
10.	Raul V. Bravo + Associates, Inc.
11.	Turner & Townsend AMCL, Inc.
12.	Vehicle Technical Consultants, Inc.
13.	Virginkar & Associates, Inc.
14.	WSP USA, Inc.; and 

B. EXECUTE individual task orders under these Contracts for ETAM services in a total amount not-to-exceed $15,000,000."
4849,2018-0117,Contract,Agenda Ready,Executive Management Committee,2018-03-15,2018-04-12,,OCEO (Department),,"AUTHORIZE the Chief Executive Officer to award the following firm fixed price contracts to firms to partner with Metro for planning, designing, testing and evaluating a new transportation technology-based service for traveling short distances, subject to resolution of protest(s), if any:

A.	Contract No. PS46292001 to RideCo in the amount of $219,650.26 for 6 months;

B.	Contract No. PS46292002 to NoMad Transit LLC in the amount of $348,684.69 for 6 months; and 

C.	Contract No. PS46292003 to Transdev in the amount of $316,912.31 for 6 months."
4851,2018-0119,Oral Report / Presentation,Agenda Ready,Executive Management Committee,2018-03-15,2018-04-12,,,,RECEIVE oral update on the Women and Girls Governing Council.
4852,2018-0120,Program,Agenda Ready,"Finance, Budget and Audit Committee",2018-03-15,2018-04-11,,Finance and Budget (Department),,"APPROVE programming of up to $55 million to upgrade aging bus farebox equipment and rail station validators that will enhance security, prepare for new payment technologies, ensure near real time communications, simplify regional fares and requirements, and ensure that customers and future 2028 Summer Olympic visitors experience a convenient and barrier-free fare payment system."
4853,2018-0121,Fare / Tariff / Service Change,Agenda Ready,Board of Directors - Regular Board Meeting,2018-03-16,2018-03-22,,,,"APPROVE free METRO transit service on Earth Day (April 22, 2018)."
4854,2018-0122,Program,Agenda Ready,Planning and Programming Committee,2018-03-16,2018-06-20,,OCEO Draft Review,,"APPROVE initiating the process for Metro and all Los Angeles County local jurisdictions to opt out of the California Congestion Management Program (CMP), in accordance with State CMP statute."
4856,2018-0124,Oral Report / Presentation,Agenda Ready,Board of Directors - Regular Board Meeting,2018-03-16,2018-03-22,,,,RECEIVE report by the Chair.
4857,2018-0125,Oral Report / Presentation,Agenda Ready,Board of Directors - Regular Board Meeting,2018-03-16,2018-03-22,,,,RECEIVE report by the Chief Executive Officer.
4860,2018-0128,Program,Agenda Ready,"Ad Hoc Congestion, Highway and Roads Committee",2018-03-16,2018-04-11,,,,"ESTABLISH a Toll Bond Pool of underwriters, listed in Attachment A, from which underwriters will be selected for future negotiated debt issues for toll revenue bonds and other toll revenue backed debt issued under the ExpressLanes program through June 30, 2021, with two further 1-year options to extend."
4861,2018-0129,Contract,Agenda Ready,Planning and Programming Committee,2018-03-19,2018-05-16,,Planning and Development (Department),,"AUTHORIZE the Chief Executive Officer (CEO) to award and execute a 40-month firm fixed price Contract No. AE49369000 to Kimley-Horn and Associates, Inc., in the amount of $6,768,898 for a base contract to complete the Planning and Environmental Study for the North Hollywood to Pasadena Bus Rapid Transit (BRT) Corridor and one of two optional tasks to advance the design through either 1) Advanced Conceptual Engineering (ACE) in an amount not to exceed $2,954,561, or 2) Preliminary Engineering (PE) in an amount not to exceed $4,860,264, for a total not to exceed amount of $11,629,162, subject to resolution of protest(s), if any."
4862,2018-0130,Contract,Agenda Ready,Planning and Programming Committee,2018-03-19,2018-05-16,,Planning and Development (Department),,"AUTHORIZE the Chief Executive Officer (CEO) to award and execute a 40-month firm fixed price Contract No. AE49337000 to IBI Group in the amount of $5,582,619 for a base contract to complete the North San Fernando Valley Bus Rapid Transit Corridor Planning and Environmental Study and one of two optional tasks to advance the design through either i) Advanced Conceptual Engineering (ACE) in an amount not to exceed $928,908, or ii) Preliminary Engineering (PE) in an amount not to exceed $3,176,895, for a total not-to-exceed amount of $8,759,514, subject to resolution of protest(s), if any."
4863,2018-0131,Contract,Agenda Ready,"System Safety, Security and Operations Committee",2018-03-19,2018-06-20,,,,"AUTHORIZE the Chief Executive Officer to award a twelve-month, firm-fixed price Contract No. PS43249000 to Cority Software Inc. in the amount of $1,292,925.80 to develop, configure, integrate, and implement a new Enterprise Safety Management System (ESMS), subject to resolution of protest (s) if any. The ESMS will capture all accident, incident, and injury data and be used to produce state and federal regulatory reports."
4865,2018-0133,Informational Report,Agenda Ready,Executive Management Committee,2018-03-20,2018-04-12,,,,RECEIVE AND FILE State and Federal Legislative Report.
4866,2018-0134,Federal Legislation / State Legislation (Position),Agenda Ready,Executive Management Committee,2018-03-20,2018-04-12,,,,"ADOPT staff recommended positions:

A.	Assembly Bill 2417 (Rodriguez) - Metro Foothill Gold Line Construction Authority OPPOSE UNLESS AMENDED

B.	Assembly Bill 1912 (Rodriguez) - Public Employees’ Retirement: Joint Powers Agreements: Liability OPPOSE"
4867,2018-0135,Motion / Motion Response,Agenda Ready,Planning and Programming Committee,2018-03-20,2018-05-16,,Planning and Development (Department),,RECEIVE AND FILE response to Motion 36 approved at the October 2017 Board Meeting.
4868,2018-0136,Policy,Agenda Ready,Planning and Programming Committee,2018-03-21,2018-05-16,,Planning and Development (Department),,RECEIVE AND FILE Draft Transit Oriented Communities Policy (Attachment A).
4869,2018-0137,Program,Agenda Ready,Planning and Programming Committee,2018-03-21,2018-07-18,,Planning and Development (Department),,"CONSIDER: 

A.	RECERTIFYING $161.1 million in existing Fiscal Year (FY) 2018-19 commitments from previously approved Countywide Call for Projects (Call) and AUTHORIZING the expenditure of funds to meet these commitments as shown in Attachment A;

B.	DEOBLIGATING $9.6 million of previously approved Call funding, as shown in Attachment B, and hold in RESERVE; 

C.	REALLOCATING $5.3 million Call funds originally programmed to the City of Los Angeles: 1) Foothill Boulevard and Sierra Highway Intersection Improvement (#F3144), 2) Highland Avenue Widening-Odin Street to Franklin Avenue (#F3146), and 3) Sherman Way Widening Between Whitsett Avenue to Hollywood Freeway (#F7125) projects to the City of Los Angeles San Fernando Road Bike Path Phase Phase IIIA and IIIB Construction Project (#F1524 and F3515);

D.	AUTHORIZING the CEO to:
1.	negotiate and execute all necessary agreements and/or amendments for previously awarded projects; and 
2.	amend the FY 2018-19 budget, as necessary, to include"
4870,2018-0138,Plan,Agenda Ready,Planning and Programming Committee,2018-03-21,2018-05-16,,Planning and Development (Department),,"CONSIDER:

A.	ADOPTING the new Bike Share Business Plan for Metro Bike Share Program    (<http://libraryarchives.metro.net/DPGTL/bikeplans/2018-Bikeshare-Business-Plan.pdf>);

B.	APPROVING new Bike Share fare structure as outlined in Attachment A; and 

C.	AUTHORIZING the Chief Executive Officer (CEO) to negotiate future non-title sponsorship agreements."
4871,2018-0139,Contract,Agenda Ready,Planning and Programming Committee,2018-03-21,2018-07-18,,Planning and Development (Department),,"CONSIDER:  

A.	AUTHORIZING the implementation of the Parking Management Program at eight (8) high priority locations as recommended by the adopted Supportive Transit Parking Program Master Plan; and

B.	AUTHORIZING the Chief Executive Officer to execute Modification No. 3 to Contract No. PS6264800 with L&R Auto Parks, dba Joe’s Auto Parks (Joe’s) to provide parking management services at an additional eight (8) locations, in the amount of $1,588,390, increasing the total contract value from $9,657,758 to $11,246,148."
4872,2018-0140,Agreement,Agenda Ready,Planning and Programming Committee,2018-03-21,2018-09-19,,Planning and Development (Department),,"AUTHORIZE the Chief Executive Officer (CEO) to execute an Exclusive Negotiation Agreement and Planning Document (ENA) with Watt Companies, doing business as WIP-A, LLC (Developer) and the County of Los Angeles (County) for the development of 1.77 acres of Metro-owned property and 1.66 acres of County-owned property at the Expo/Crenshaw Station (Site), for 18 months with the option to extend up to 30 months."
4878,2018-0146,Contract,Agenda Ready,"Ad Hoc Congestion, Highway and Roads Committee",2018-03-26,2018-06-21,,,,"CONSIDER:

A.	AUTHORIZING the Chief Executive Officer to execute Modification No. 22 to Contract No. PS4340-1939 with URS Corporation (an AECOM Entity) to finalize the engineering and environmental work for the I-710 South Corridor Project in the not-to-exceed amount of $7,249,919, increasing the total contract value from $50,923,799 to $58,173,718; and

B.	INCREASING Contract Modification Authority (CMA) to cover the cost of any unforeseen issues that may arise during the performance of the Contract in the amount of $724,992; increasing the total CMA amount from $2,521,000 to $3,245,992."
4879,2018-0147,Public Hearing,Agenda Ready,"Finance, Budget and Audit Committee",2018-03-26,2018-05-16,,,,"CONSIDER:

A.	ADOPTING the proposed FY19 Budget as presented in the budget document (provided in a separate transmittal and posted on metro.net); and

B.	APPROVING the Life of Project (LOP) budgets for new capital projects with LOP exceeding $5 million, included in the proposed FY19 Budget and presented in Attachment A; and

C.	APPROVING the Reimbursement Resolution declaring Metro’s intention to issue debt in FY19 for capital projects, as shown in Attachment B, with the provision that actual debt issuance will require separate Board approval; and

D.	AMEND the proposed budget to include $2,000,000 for Expo Phase 1 and $20,624,400 for Expo Phase 2, as approved by Expo Construction Authority for fiscal year 2019, for a total addition of $22,624,400; and

E.	AMEND the proposed budget to include $25,000,000 for farebox upgrade, as approved by the Board on April 18, 2018; and

F.	AMEND the proposed budget to include $500,000 to begin the draft environmental study of the Crensha"
4880,2018-0148,Informational Report,Agenda Ready,Executive Management Committee,2018-03-26,2018-04-12,,,,RECEIVE AND FILE the draft Metro Strategic Plan for release and public review.
4881,2018-0149,Project,Agenda Ready,"System Safety, Security and Operations Committee",2018-03-26,2018-06-21,,,,"APPROVE an increase to the Life-of-Project (LOP) budget for the Fire Alarm Control Panel Upgrade project (CP 204128) by $1,400,000 increasing the LOP budget from $3,600,000 to $5,000,000."
4882,2018-0150,Contract,Agenda Ready,"System Safety, Security and Operations Committee",2018-03-27,2018-05-17,,Operations (Department),,"CONSIDER:

A.	AUTHORIZING the Chief Executive Officer to award a 31 month, indefinite delivery, indefinite quantity Contract No. MA46603 to KB Powertech Corporation, USA for overhaul services of the Siemens P2000 Light Rail Vehicle (LRV) Auxiliary Inverter Assembly for a total not-to-exceed amount of $999,607, subject to resolution of protest(s), if any; and

B.	AWARDING a sole source procurement, pursuant to Public Utilities Code Section 130237 for component overhaul services of the Siemens P2000 LRV Auxiliary Inverter Assembly Overhaul the Original Equipment Manufacturer (OEM), to KB Powertech Corp.

(REQUIRES TWO-THIRDS VOTE OF THE FULL BOARD)"
4883,2018-0151,Oral Report / Presentation,Agenda Ready,Executive Management Committee,2018-03-27,2018-04-12,,Chief Executive Office (Department),,RECEIVE oral update on the Citizens Advisory Council and recognition of Mr. Rosen.
4884,2018-0152,Contract,Agenda Ready,Construction Committee,2018-03-28,2018-06-21,,,,"CONSIDER:

A.	ESTABLISHING a Life-of-Project (LOP) Budget of $1,374,826,466 for the Tunnels portion of the Westside Purple Line Extension Section 3 Project;

B.	AUTHORIZING the Chief Executive Officer (CEO) to award a 49-month firm fixed price Contract No. C1151, subject to the Federal Transit Administration (FTA) approval of a Letter of No Prejudice (LONP), to Frontier-Kemper/Tutor Perini JV, the technically acceptable lowest evaluated price, responsive and responsible Proposer for the final design and construction of the Westside Purple Line Extension Section 3 Project (Project) Tunnels in the amount of $410,002,000, subject to resolution of protest(s), if any; and

C.	APPROVING the Measure R Cost Management Process and Policy analysis and funding strategy in Attachment D to use up to $300 million of Measure R funds from the Westside Purple Line Extension line in the Measure R Expenditure Plan and other funds to meet the new total project cost and revenue assumptions in the Long Rang"
4886,2018-0154,Minutes,Agenda Ready,Board of Directors - Regular Board Meeting,2018-03-28,2018-04-26,,,,"APPROVE Minutes of the Regular Board Meeting held March 22, 2018."
4892,2018-0160,Program,Agenda Ready,Planning and Programming Committee,2018-03-28,2018-04-11,,Planning and Development (Department),,"APPROVE Metro’s participation in the Hollywood Entertainment District Business Improvement District for a period of ten years beginning January 1, 2019 to December 31, 2028 for an estimated amount of $2,891,282 through 2028."
4893,2018-0161,Oral Report / Presentation,Agenda Ready,"Ad Hoc Congestion, Highway and Roads Committee",2018-03-28,2018-04-11,,,,RECEIVE report by the Caltrans District Director on Delivery of Projects on I-5.
4897,2018-0165,Policy,Agenda Ready,"Finance, Budget and Audit Committee",2018-03-29,2018-05-16,,Planning and Development (Department),,"APPROVE Metro’s participation in the Fashion Business Improvement District (“BID” or “District”) for a period of eight years beginning January 1, 2019 to December 31, 2026 for an estimated total amount of $793,400."
4898,2018-0166,Resolution,Agenda Ready,Planning and Programming Committee,2018-03-29,2018-05-16,,Planning and Development (Department),,ADOPT the Resolution for the 2019 Los Angeles County Transportation Improvement Program (TIP) as shown in Attachment A.
4900,2018-0168,Policy,Agenda Ready,Planning and Programming Committee,2018-03-30,2018-06-20,,Planning and Development (Department),,"CONSIDER:

A.	ADOPTING the Transit Oriented Communities Policy (Attachment A); and

B.	DIRECTING staff to develop a TOC Implementation Plan including metrics, and report back to the Board with the Implementation Plan in 18 months."
4901,2018-0169,Informational Report,Agenda Ready,"Finance, Budget and Audit Committee",2018-03-30,2018-05-16,,Chief Executive Office (Department),,"RECEIVE AND FILE the third quarter report of Management Audit Services (Management Audit) for the period ending March 31, 2018."
4904,2018-0172,Program,Agenda Ready,"Ad Hoc Congestion, Highway and Roads Committee",2018-04-03,2018-05-16,,Planning and Development (Department),,"CONSIDER:

A.	APPROVING programming up to $50.05 million in Measure R 20% Highway Funds for the following North County Subregion highway operational improvement projects:

1.	SR-138 (SR-14) Avenue M Interchange in the amount of $12,446,200;

2.	The Old Road - Magic Mountain Parkway to Turnberry Lane in the amount of $25,000,000; 

3.	SR-138 (SR-14) 10th Street West Widening/Interchange Project in the amount of $12,600,000; and

B.	AUTHORIZING the CEO or his designee to negotiate and execute all necessary agreements for approved projects."
4914,2018-0183,Contract,Agenda Ready,"Ad Hoc Congestion, Highway and Roads Committee",2018-04-04,2018-06-21,,,,"AUTHORIZE the Chief Executive Officer to award a four year, firm fixed price Contract No. PS48950000 to Cambridge Systematics, Inc. for professional services in an amount not to exceed $5,489,479.96, for the Freight Advanced Traveler Information System (FRATIS) Modernization project, subject to resolution of protest(s), if any."
4915,2018-0184,Contract,Agenda Ready,"System Safety, Security and Operations Committee",2018-04-04,2018-06-21,,Operations (Department),,"AUTHORIZE the Chief Executive Officer to award a five-year firm fixed price Contract No. OP52365000 to Transdev Services Inc. for contracted bus services in the North Region for an amount not-to-exceed $105,816,969 effective August 3, 2018."
4917,2018-0186,Contract,Agenda Ready,Construction Committee,2018-04-05,2018-06-28,,Chief Executive Office (Department),,"CONSIDER: 

A.	AUTHORIZING the Chief Executive Officer to execute a 5-year cost-plus fixed fee Contract No. AE48636MC074 with DHS Consulting, Inc. to provide Construction Management Support Services for the Division 20 Portal Widening Turnback Project, in an amount not-to-exceed $13,029,957.91;

B.	APPROVE Contract Modification Authority in the amount of $2,605,991.82 or 20% of the not-to-exceed contract award value and authorize the CEO to execute individual Contract Modifications within the Board approved Contract Modification Authority."
4918,2018-0187,Policy,Agenda Ready,Planning and Programming Committee,2018-04-05,2018-07-18,,Planning and Development (Department),,ADOPT the revised Measure R and new Measure M Cost Management Policy (Attachment A).
4919,2018-0188,Informational Report,Agenda Ready,Construction Committee,2018-04-11,2018-05-17,,,,"RECEIVE AND FILE the:
 
A.	Status update on the Project Labor Agreement and Construction Careers Policy programs through the quarter ending March 2018; and 

B.	Female Participation Action Plan Update."
4920,2018-0189,Program,Agenda Ready,Executive Management Committee,2018-04-11,2018-05-17,,,,"CONSIDER:

A.	RECEIVING AND FILING the results of the Universal College Student Transit Pass (U-Pass) Pilot and GradPass Programs;

B.	APPROVING the transition of the U-Pass and GradPass Programs to become permanent programs and discontinue the I-TAP Program effective Fall 2018;

C.	APPROVING the unit reduction for undergraduate students from 6 units to 0 units and only require current enrollment in credit or non-credit courses effective Summer 2018 term for the U-Pass Program; and

D.	EXTENDING work on the Regional U-Pass Program to report back to Board within 12 months."
4922,2018-0191,Informational Report,Agenda Ready,Construction Committee,2018-04-11,2018-05-17,,,,"RECEIVE AND FILE this Office of the Inspector General report on Change Order/Modification Construction Spot Checks for the period ending February 28, 2018."
4924,2018-0193,Budget,Agenda Ready,"Finance, Budget and Audit Committee",2018-04-12,2018-06-20,,Finance and Budget (Department),,"CONSIDER:

A.	APPROVING $2.3 billion in FY 2019 Transit Fund Allocations for Los Angeles County jurisdictions, transit operators and Metro operations as shown in Attachment A. These allocations comply with federal, state and local regulations and LACMTA Board approved policies and guidelines;

B.	APPROVING fund exchange in the amount of $6.0 million of Santa Monica’s Big Blue Bus’ FY 2019 Federal Section 5307 formula share allocation with Metro’s TDA Article 4 allocation;

C.	APPROVING fund exchange of Federal Section 5307 discretionary fund awarded to the Southern California Regional Transit Training Consortium (SCRTTC) through Long Beach Transit in the amount of $300,000 with Metro’s TDA Article 4 allocation;

D.	APPROVING fund exchanges in the amount totaling $11.4 million of Metro’s Federal Section 5307 share with Municipal Operators’ shares of Federal Sections 5337 and 5339;

E.	AUTHORIZING the Chief Executive Officer to adjust FY 2019 Federal Section 5307 (Urbanized For"
4925,2018-0194,Motion / Motion Response,Agenda Ready,Board of Directors - Regular Board Meeting,2018-04-12,2018-04-26,,,,"APPROVE Motion by Hahn as amended by Dupont-Walker that the CEO report back in 180 days to the Board on:

A.	The current performance of the ExpressLanes;

B.	A comparison of the Metro ExpressLanes system to other major congestion-pricing toll systems in the country; and

C.	The viability of Metro ExpressLanes implementing a “Pay-as-You-Use” model for all drivers."
4926,2018-0195,Motion / Motion Response,Agenda Ready,Board of Directors - Regular Board Meeting,2018-04-12,2018-04-26,,,,"APPROVE Motion by Fasana that:

A.	Metro staff work with Caltrans and other stakeholders to develop, within existing federal and state guidelines, a pilot exclusively for the I-10 ExpressLane / Busway that would define carpools as registered vanpools with all other vehicles (other than passenger buses) subject to fees through a “Pay-as-You-Use” model. The Zero Emission Vehicles using the corridor would be eligible for discounts in effect at the time the pilot commences; and

B.	Report back to the Metro Board within 180 days on potential effects, key decision points and milestones necessary to implement this pilot including community outreach with feedback and surveys as well as service analysis on impacts and exemptions for low income commuters. The proposed pilot program to be consulted with SCAQMD  in  relation to Air Quality Management Plan and its impact  to sticker program for Electric Vehicle."
4927,2018-0196,Motion / Motion Response,Agenda Ready,Board of Directors - Regular Board Meeting,2018-04-12,2018-04-26,,,,"APPROVE Motion by Dupont-Walker, Barger, Solis, Krekorian, and Najarian that the Board direct the CEO to:

A.	Allocate $950,000 of “Metro surplus funds” to fund Metro’s portion of the CMF West Entrance project design cost included in Metrolink FY19 Capital Budget contingent upon matching funds from other Member Agencies;

B.	Partner with Metrolink and other Member Agencies to identify grant funding opportunities for the estimated $9.7 million construction cost of the CMF West Entrance project; and

C.	Report back to the Planning and Programming Committee on all the above in 90 days."
4928,2018-0197,Motion / Motion Response,Agenda Ready,Board of Directors - Regular Board Meeting,2018-04-12,2018-04-26,,,,"APPROVE Motion by Solis, Kuehl, Fasana, Krekorian and Barger that the Board directs the CEO to report back in 120 days with a preliminary implementation plan to establish a hygiene and mobile shower program for the homeless population in or near Metro stations. The plan shall include but not be limited to:

A.	An initial analysis and methodology, in consultation with the Los Angeles County Sheriff Department’s MET (Mental Evaluation Team) unit, the Los Angeles Police Department’s SMART (System-Wide Mental Assessment Response Team) unit, and the Los Angeles Homeless Services Authority, to identify and prioritize high-need stations;

B.	Identify practical and effective solutions to promote hygiene and prevent the spread of infectious diseases (e.g. on-board hand sanitizers, tissue, masks, etc.);

C.	Establish a multi-phase, pilot program at select stations, including Westlake/MacArthur Park Red/Purple Line Station and North Hollywood Red Line Station;

D.	Develop a long-term plan for inc"
4930,2018-0199,Informational Report,Agenda Ready,"System Safety, Security and Operations Committee",2018-04-12,2018-05-17,,Communications (Department),,RECEIVE AND FILE Annual Report on the Phased Art Asset Management Program.
4931,2018-0200,Oral Report / Presentation,Agenda Ready,Board of Directors - Regular Board Meeting,2018-04-12,2018-04-26,,,,RECEIVE report by the Chair.
4932,2018-0201,Oral Report / Presentation,Agenda Ready,Board of Directors - Regular Board Meeting,2018-04-12,2018-04-26,,,,RECEIVE report by the Chief Executive Officer.
4934,2018-0203,Contract,Agenda Ready,"System Safety, Security and Operations Committee",2018-04-13,2018-06-21,,,,"AUTHORIZE the Chief Executive Officer to:

A.	EXECUTE Modification No. 4 to Contract No. OP3569100, for Region 1 with Woods Maintenance Services, Inc., to provide graffiti abatement, landscape and irrigation maintenance, and trash and vegetation removal services throughout Metro Red Line (MRL), Metro Purple Line, Metro Orange Line (MOL), inactive rights-of-way (IROWs) and various bus and rail locations within the geographical area specified as Region 1, to exercise option year one in the amount of $5,462,340, increasing the total contract not-to-exceed amount from $16,622,414.50 to $22,084,754.50 and extending the contract term from October 1, 2018 to September 30, 2019;

B.	EXECUTE Modification No. 3 to Contract No. OP3635700, for Region 2 with Parkwood Landscape Maintenance, Inc., to provide graffiti abatement, landscape and irrigation maintenance, and trash and vegetation removal services throughout Pasadena Gold Line (PGL), IROWs and various bus and rail locations within the ge"
4936,2018-0205,Oral Report / Presentation,Agenda Ready,Board of Directors - Regular Board Meeting,2018-04-13,2018-04-26,,Communications (Department),,RECEIVE oral update on the efforts related to Senate Bill 1 implementation.
4938,2018-0207,Budget,Agenda Ready,"Finance, Budget and Audit Committee",2018-04-16,2018-06-20,,Finance and Budget (Department),,"CONSIDER:

A.	APPROVING local funding request for Access Services (Access) in an amount not to exceed $90,599,512 million for FY19. This amount includes: 

·	Operating and Capital funds in the amount of $88.3 million, and 
·	Funds paid directly to Metrolink for its participation in Access’ Free Fare Program in the amount of $2.2 million

B.	AUTHORIZING the Chief Executive Officer to negotiate and execute all necessary agreements to implement the above funding programs."
4939,2018-0208,Contract,Agenda Ready,"System Safety, Security and Operations Committee",2018-04-16,2018-06-21,,,,"AUTHORIZE the Chief Executive Officer to:

A.	Execute Modification No. 2 to Contract No. OP4056400OP with APW Construction Inc., DBA Ace Fence Co., for Metro Rail Facilities Fence Repair and Installation services, in the amount of $1,250,000, increasing the not-to-exceed three-year base contract value from $1,000,800 to $2,250,800, and 

B.	Execute Modification No. 3 to Contract No. OP4056400OP with APW Construction Inc., DBA Ace Fence Co., for Metro Rail Facilities Fence Repair and Installation services, to exercise and increase the value of option year one in the amount of $250,000, from $343,200 to $593,200, and extending the contract term from April 1, 2019 to March 31, 2020.

These two Modifications will increase the total contract value from $1,000,800 to $2,844,000."
4942,2018-0211,Resolution,Agenda Ready,"Finance, Budget and Audit Committee",2018-04-16,2018-06-20,,Finance and Budget (Department),,"ADOPT:

A.	Findings and Recommendations (Attachment A) for allocating fiscal year (FY) 2018-19 Transportation Development Act (TDA) Article 8 funds estimated at $25,832,364 as follows:

1.	In the City of Avalon there are no unmet transit needs that are reasonable to meet, therefore TDA Article 8 funds (Attachment B) in the amount of $148,677 may be used for street and road projects, or transit projects, as described in Attachment A;

2.	In the Cities of Lancaster and Palmdale, there are no unmet transit needs that are reasonable to meet; in the Cities of Lancaster and Palmdale and the unincorporated portions of North County transit needs can be met through using other existing funding sources.  Therefore, the TDA Article 8 funds in the amount of $6,310,964 and $6,342,355 (Lancaster and Palmdale, respectively) may be used for street and road purposes and/or transit, as long as their transit needs continue to be met;

3.	In the City of Santa Clarita, there are no unmet transit ne"
4944,2018-0213,Contract,Agenda Ready,"System Safety, Security and Operations Committee",2018-04-18,2018-06-21,,Finance and Budget (Department),,"AUTHORIZE the Chief Executive Officer to:

A.	ESTABLISH a Life-of-Project budget of $45,000,000 for the purchase of bus farebox and station validator hardware and installation, and necessary software upgrades. The $45,000,000 will provide funding for the subsequent contract recommendations (Items B to F);

B.	AWARD sole source Contract No. PS53915000 to Genfare SPX, Inc., as the original equipment manufacturer, for procurement of bus farebox, motherboard, farebox lid, and other hardware components to upgrade the fareboxes in the amount of $10,331,252, inclusive of sales tax;

C.	EXECUTE Modification No. 7 to Contract No. PS30203139, with Axiom xCell, Inc. (“Axiom”), for software modifications to enhance security and increase compatibility to the fare enforcement app in the amount of $167,122; increasing the total contract value from $2,000,944.20 to $2,168,066.20;

D.	NEGOTIATE and execute Modification No. 154 to Contract No. OP02461010, with Cubic Transportation Systems, Inc. (“Cubic”"
4945,2018-0214,Motion / Motion Response,Agenda Ready,Ad Hoc Customer Experience Committee,2018-04-19,2018-05-17,,Chief Executive Office (Department),,"CONSIDER:

A.	AUTHORIZING the Chief Executive Officer to expand the Multidisciplinary Homeless Outreach Program (C3) from 2 to 8 outreach teams operating seven days a week on Metro rail, bus and at Union Station. Staffing levels will be assessed annually thereafter; and

B.	RECEIVING AND FILING Metro’s inventory planning assessment for homeless temporary housing."
4946,2018-0215,Informational Report,Agenda Ready,"System Safety, Security and Operations Committee",2018-04-19,2018-05-17,,Chief Executive Office (Department),,RECEIVE AND FILE Monthly Update on Transit Policing Performance.
4948,2018-0217,Oral Report / Presentation,Agenda Ready,Construction Committee,2018-04-19,2018-05-17,,,,RECEIVE oral report on the Major Project Status by the Chief Program Management Officer.
4950,2018-0219,Federal Legislation / State Legislation (Position),Agenda Ready,Executive Management Committee,2018-04-19,2018-05-17,,,,"ADOPT staff recommended position:

A.	Senate Bill 961 (Allen) - Enhanced Infrastructure Financing Districts  SUPPORT IF AMENDED"
4951,2018-0220,Informational Report,Agenda Ready,Executive Management Committee,2018-04-19,2018-05-17,,,,RECEIVE AND FILE State and Federal Legislative Report.
4953,2018-0222,Project,Agenda Ready,Construction Committee,2018-04-19,2018-06-21,,,,"CONSIDER:

A.	APPROVING  project definition changes, and Environmental Impact Report (EIR) Addendum (Attachment A) for the Westside Purple Line Extension Project (the Project); and 

B.	AUTHORIZING the Chief Executive Officer to file a Notice of Determination (Attachment B) on the Addendum pursuant to the California Environmental Quality Act (CEQA) for the Project."
4955,2018-0224,Oral Report / Presentation,Agenda Ready,Ad Hoc Customer Experience Committee,2018-04-19,2018-05-17,,OCEO (Department),,RECEIVE oral report on Metro’s Strategic Plan.
4957,2018-0226,Contract,Agenda Ready,"System Safety, Security and Operations Committee",2018-04-19,2018-06-21,,,,"APPROVE Modification No. 32 to Contract No. P3010 with Kinkisharyo International, LLC for two Request for Changes (RFC): RFC No. 7 to revise the sandbox location for a firm fixed price of $2,551,782.56, and RFC No. 19 to add reflective decal labels for a firm fixed price of $1,123,644.61, for a combined firm fixed amount of $3,675.427.17, increasing the total Contract value from $920,964,842.19 to $924,640,269.36. The Contract increase is within the Life of Project Budget."
4958,2018-0227,Contract,Agenda Ready,Ad Hoc Customer Experience Committee,2018-04-20,2018-05-17,,Finance and Budget (Department),,RECEIVE AND FILE TAP Mobile and Account-Based System update.
4959,2018-0228,Oral Report / Presentation,Agenda Ready,"System Safety, Security and Operations Committee",2018-04-20,2018-06-21,,Operations (Department),,Operations Employee of the Month
4960,2018-0229,Oral Report / Presentation,Agenda Ready,"System Safety, Security and Operations Committee",2018-04-20,2018-06-21,,Operations (Department),,RECEIVE oral report on NextGen Bus Study Service Parameters Update.
4961,2018-0230,Oral Report / Presentation,Agenda Ready,"Operations, Safety, and Customer Experience Committee",2018-04-20,2018-07-19,,Operations (Department),,Operations Employee of the Month
4963,2018-0232,Oral Report / Presentation,Agenda Ready,"Operations, Safety, and Customer Experience Committee",2018-04-20,2018-07-19,,Operations (Department),,RECEIVE demo on Emergency Management Preparedness and Awareness Site Specific Online Training.
4964,2018-0233,Motion / Motion Response,Agenda Ready,Board of Directors - Regular Board Meeting,2018-04-20,,,,,"APPROVE Motion by Solis, Garcetti, Fasana, Krekorian, and Barger that the Board authorize the recommended 25% Fare Discount Pilot Program on the Metrolink San Bernardino Line for one full year and report back to the board on a quarterly basis."
4965,2018-0234,Contract,Agenda Ready,"Ad Hoc Congestion, Highway and Roads Committee",2018-04-23,2018-06-21,,,,"AUTHORIZE the Chief Executive Officer to award firm fixed price Contract No. PS44478000 to Conduent State & Local Solutions, Inc. for implementing and maintaining an ExpressLanes roadside toll collection system in the amount of $40,872,209 for the eight-year base period, with two, three-year options, in the amounts of $9,244,429 and $8,859,200, respectively, for a total of $58,975,838, subject to resolution of protest(s), if any."
4966,2018-0235,Informational Report,Agenda Ready,Board of Directors - Regular Board Meeting,2018-04-24,2018-04-26,,,,Receive GENERAL PUBLIC COMMENT
4967,2018-0236,Contract,Agenda Ready,Board of Directors - Regular Board Meeting,2018-04-24,2018-07-26,,Planning and Development (Department),,RECEIVE AND FILE the Crenshaw Northern Extension Feasibility/Alternatives Analysis Study Report (Attachment D).
4969,2018-0238,Contract,Agenda Ready,"Ad Hoc Congestion, Highway and Roads Committee",2018-04-25,2018-09-27,,,,"AUTHORIZE the Chief Executive Officer (CEO) to execute a three-year, firm fixed price Contract No. AE51890000 to WKE, Inc. in the amount of $21,771,625 for Architectural and Engineering (A&E) services for the preparation of Plans, Specifications and Estimates (PS&E) for SR-57/SR-60 Interchange Improvements, subject to resolution of protest(s), if any."
4970,2018-0239,Program,Agenda Ready,"Finance, Budget and Audit Committee",2018-04-25,2018-06-20,,Chief Executive Office (Department),,"AUTHORIZE the Chief Executive Officer to negotiate and purchase excess liability insurance policies with up to $300 million in limits and an $8 million self-insured retention at a cost not to exceed $4.5 million for the 12-month period effective August 1, 2018 to August 1, 2019."
4971,2018-0240,Informational Report,Agenda Ready,Ad Hoc Customer Experience Committee,2018-04-25,2018-05-17,,Operations (Department),,RECEIVE AND FILE status report identifying the most severely congested bus corridors within Metro’s service area.
4972,2018-0241,Contract,Agenda Ready,"Finance, Budget and Audit Committee",2018-04-26,2018-07-18,,LA SAFE,,"AUTHORIZE the Chief Executive Officer to execute Modification No. 5 to Contract No. PS05312717, with Carl Warren & Company (CWC), for general liability claims administration services, to exercise the second, three-year option in the amount of $7,867,714 increasing the total contract value from $18,028,927 to $25,896,641 and extending the contract term from November 1, 2018 to October 31, 2021."
4973,2018-0242,Project,Replaced,"System Safety, Security and Operations Committee",2018-04-26,2018-06-21,,,,"CONSIDER:

A.	RECEIVING AND FILING status report on the service plan for the new Crenshaw/LAX to Green Line rail network and draft bus/rail interface plan for the Crenshaw/LAX rail line to be implemented in the Fall of 2019; and

B.	DIRECTING the CEO to reevaluate the service plan one year prior to the opening of the Green Line extension to Torrance to determine if travel patterns and other relevant factors show a need for a change in service pattern."
4974,2018-0243,Oral Report / Presentation,Agenda Ready,Executive Management Committee,2018-04-26,2018-06-20,,,,RECEIVE quarterly report by Chief Communications Officer.
4975,2018-0244,Contract,Agenda Ready,Construction Committee,2018-04-26,2018-09-27,,Exposition Construction Authority (Department),,"AUTHORIZE:

A.	an increase to the total authorized funding for Contract No. PS601830026445 with Destination Enterprises, Inc., for pending and future task orders to provide Construction Management Support Services (CMSS), in an amount not to exceed  $6,123,000 increasing the total contract value from $3,000,000 to $9,123,000; and

B.	the Chief Executive Officer to execute individual Task Orders (TOs) and Contract Modifications within the Board approved contract funding amount."
4976,2018-0245,Project,Agenda Ready,Planning and Programming Committee,2018-04-26,2018-11-14,,Planning and Development (Department),,"CONSIDER:

A.	RECEIVING AND FILING the Centinela/Florence Grade Separation Traffic Study; and

B.	AUTHORIZING the Chief Executive Officer to:

1.	Initiate engineering design study to be funded in cooperation with the City of Inglewood; and

2.	Work with the City of Inglewood to develop its Funding and Delivery Strategy Plan."
4977,2018-0246,Contract,Agenda Ready,Planning and Programming Committee,2018-04-27,2018-07-18,,,,"CONSIDER:

A.	APPROVING:

1.	A conceptual project description (the Project) including:

a.	Gating at up to 35 at-grade crossings between the North Hollywood and Chatsworth Stations; 

b.	Grade separation and Bus Rapid Transit (BRT) aerial station at Van Nuys Boulevard, with closure of Tyrone Avenue;

c.	Grade separation and BRT aerial station at Sepulveda Boulevard; and

d.	Grade separated Class I bicycle/pedestrian overcrossings at Van Nuys and Sepulveda Boulevards, while maintaining an at-grade, Class I bicycle path facility with signalization across these streets.

2.	A determination that the Project is Statutorily Exempt, pursuant to California Environmental Quality Act (CEQA) Guidelines Section 15275 (a); and

B.	AUTHORIZING the Chief Executive Officer to file a CEQA Notice of Exemption (NOE) for the Project with the Los Angeles County Clerk."
4982,2018-0251,Informational Report,Agenda Ready,"System Safety, Security and Operations Committee",2018-04-30,2018-06-21,,Operations (Department),,RECEIVE AND FILE status report on the service concept and fare structure for the New Blue Bus Replacement Service.
4984,2018-0253,Minutes,Agenda Ready,Board of Directors - Regular Board Meeting,2018-04-30,2018-05-24,,,,"APPROVE Minutes of the Regular Board Meeting held April 26, 2018."
4987,2018-0256,Informational Report,Agenda Ready,"System Safety, Security and Operations Committee",2018-05-01,2018-06-21,,,,"RECEIVE AND FILE status report on Metro service changes to be implemented on Sunday, June 24, 2018."
4991,2018-0260,Contract,Agenda Ready,Planning and Programming Committee,2018-05-01,2018-06-20,,Planning and Development (Department),,"CONSIDER: 

A.	EXECUTE Modification No. 9 to Task Order No. PS2999200FFO2TO1 under Contract No. PS4010-3041-FF-XX, with Kleinfelder, Inc., for the Union Station Master Plan (USMP), to provide additional environmental services in the amount of $58,293.80 increasing the Total Task Order Value from $1,079,936.79 to $1,138,230.59; and

B.	INCREASE Contract Modification Authority (CMA) for Task Order No. PS2999200FFO2TO1 for USMP by $250,000, from $250,000 to $500,000, in support of additional services related to the Project."
4993,2018-0262,Contract,Agenda Ready,Planning and Programming Committee,2018-05-01,2018-07-18,,,,"CONSIDER:

A.	APPROVING programming $11,528,416 of Measure R funds for professional services;

B.	APPROVING Design Revisions due to East San Fernando Valley Transit Corridor in the amount of $1,078,584; and

C.	AUTHORIZING the Chief Executive Officer to negotiate and execute all necessary third-party and other related agreements."
4996,2018-0265,Contract,Agenda Ready,"System Safety, Security and Operations Committee",2018-05-02,2018-06-21,,Operations (Department),,"AUTHORIZE the Chief Executive Officer to execute Modifications Nos. 1 and No. 2 to Contract No. MA39865000, with Cummins Pacific, LLC, for Near Zero Emission Natural Gas Fueled Engines, to exercise Option 1 in the amount of $11,296,774 and Option 2 in the amount of $7,064,518, increasing the total contract value from $8,160,522 to $26,521,814, inclusive of sales tax."
4997,2018-0266,Contract,Agenda Ready,"Ad Hoc Congestion, Highway and Roads Committee",2018-05-02,2018-06-21,,,,"AUTHORIZE the Chief Executive Officer (CEO) to award a six-year, cost reimbursable plus fixed fee Contract No. PS48720000 to Cambria Solutions, Inc. (Cambria) in an amount not to exceed $8,969,941.94 for Consultant Support services for ExpressLanes Operations, subject to resolution of protest(s), if any."
4998,2018-0267,Contract,Agenda Ready,Construction Committee,2018-05-03,2018-06-21,,Program Management (Department),,"CONSIDER:
 
A.	AUTHORIZING the Chief Executive Officer to award a cost plus fixed fee Contract No. AE45752 to HDR | Maintenance Design Group (MDG), for Supplemental Engineering Support (SES) services for Bus and Rail Facilities for an amount not-to-exceed $9,000,000 for the three-year base period, plus two one-year options in an amount not to exceed $3,000,000 per option, for a Total Contract Value not to exceed $15,000,000, subject to resolution of protest(s),  and;

B.	APPROVING Contract Modification Authority specific to Contract No. AE45752 for 10% of the not-to-exceed award value."
5001,2018-0270,Formula Allocation / Local Return,Agenda Ready,"Finance, Budget and Audit Committee",2018-05-03,2018-06-20,,Finance and Budget (Department),,"CONSIDER:

A.	ESTABLISHING Proposition A and Proposition C Local Return funded Capital Reserve Account(s) for the Cities of Covina, Hidden Hills, La Mirada, Lawndale, San Dimas, Santa Monica, and Signal Hill, as described in Attachment A;

B.	APPROVING four year extension of Proposition A and Proposition C Local Return Capital Reserve Account(s)  for the Cities of El Monte, Lomita, and Redondo Beach, as described in Attachment A; 

C.	AUTHORIZING the Chief Executive Officer to negotiate and execute all necessary agreements between the Los Angeles County Metropolitan Transportation Authority (LACMTA) and the Cities in Attachment A for their Capital Reserve Accounts as approved."
5002,2018-0271,Contract,Agenda Ready,"Finance, Budget and Audit Committee",2018-05-03,2018-06-20,,Chief Executive Office (Department),,"AUTHORIZE the Chief Executive Officer to execute Modification No. 3 to Contract No. PS4488900, with Vasquez & Company, LLP for Package A of the Fiscal Years (FY) 2016-2020 to provide financial and compliance Measure M audits in the amount of $402,912 increasing the contract value from $2,357,296 to $2,760,208."
5003,2018-0272,Contract,Agenda Ready,"System Safety, Security and Operations Committee",2018-05-04,2018-06-20,,,,"AUTHORIZE the Chief Executive Officer to execute Modification No. 3 to Contract No. OP5766200 with Link-Nilsen Corp., for Fire-Life Safety Systems Testing and Certification  services in the amount of $1,360,000 increasing the not-to-exceed three-year base contract value from $1,623,895.90 to $2,983,895.90."
5004,2018-0273,Agreement,Agenda Ready,Executive Management Committee,2018-05-04,2018-05-17,,,,"CONSIDER:

A.	RECEIVING AND FILING an update on the Metro Transportation School; and

B.	AUTHORIZING the Chief Executive Officer to negotiate and execute a Memorandum of Understanding (MOU) with the County of Los Angeles (County) based on the principles outlined in Attachment A."
5013,2018-0282,Agreement,Agenda Ready,Planning and Programming Committee,2018-05-07,2018-06-20,,Planning and Development (Department),,"APPROVE the amendment of the repayment schedule of federal Surface Transportation Program-Local (STP-L) funds with non-federal funds of the Exchange Agreement between the County of Los Angeles (County) and the Los Angeles County Metropolitan Transportation Authority (Metro) for the State Route 126/Commerce Center Drive Interchange Project, as shown in Attachment A."
5016,2018-0285,Contract,Agenda Ready,Construction Committee,2018-05-08,2018-06-21,,Engineering and Construction (Department),,"CONSIDER:  

A.	AUTHORIZING the CEO to execute Modification No. 2 to Contract C1153, Advanced Utility Relocations (Westwood/UCLA Station), with Steve Bubalo Construction Company for supply and installation of equipment for a traffic Video Detection System (VDS) required by Los Angeles Department of Transportation (LADOT), in the amount of $567,554, increasing the total contract value from $11,439,000 to $12,006,554; and

B.	APPROVING an increase in Contract Modification Authority (CMA) to Contract C1153, Advanced Utility Relocations (Westwood/UCLA Station), increasing the current CMA from $1,143,900 to $2,287,800."
5017,2018-0286,Informational Report,Agenda Ready,Ad Hoc Customer Experience Committee,2018-05-09,2018-06-21,,Chief Executive Office (Department),,RECEIVE AND FILE status report on Accessibility Enhancements.
5020,2018-0289,Contract,Agenda Ready,"Operations, Safety, and Customer Experience Committee",2018-05-10,2018-07-19,,Operations (Department),,"AUTHORIZE the Chief Executive Officer to award a two-year, firm fixed unit rate Contract No. MA51203000 to Jamison Professional Services, the lowest responsive and responsible bidder for Synthetic Transmission Oil.  The Contract first year base amount is $748,348, inclusive of sales tax, and the second year contract amount is $748,349, inclusive of sales tax, for a total contract value of $1,496,697, subject to resolution of protest(s), if any."
5021,2018-0290,Informational Report,Agenda Ready,"System Safety, Security and Operations Committee",2018-05-10,2018-06-21,,Chief Executive Office (Department),,RECEIVE AND FILE Monthly Update on Transit Policing Performance.
5022,2018-0291,Policy,Agenda Ready,Planning and Programming Committee,2018-05-10,2018-07-18,,Planning and Development (Department),,"RECEIVE AND FILE report on Accountability Guidelines and the Baseline Agreements required by the California Transportation Commission (CTC) for seven projects awarded SB-1 grant funding on May 16, 2018."
5023,2018-0292,Plan,Agenda Ready,Planning and Programming Committee,2018-05-10,2018-09-19,,Planning and Development (Department),,RECEIVE AND FILE the Short Range Financial Forecast (Attachment A) and financial outlook.
5034,2018-0303,Contract,Agenda Ready,"Operations, Safety, and Customer Experience Committee",2018-05-14,2018-10-17,,Planning and Development (Department),,"AUTHORIZE the Chief Executive Officer to:

A.	EXECUTE Modification No. 18 to Contract No. PS4320-2003 with CDM Smith/AECOM Joint Venture (JV) Technical Services, Inc. for the Eastside Transit Corridor Phase 2 Project to complete the reinitiated environmental clearance study, in the amount of $7,847,298, increasing the total current contract value from $19,048,725 to $26,896,023; 

B.	INCREASE in Contract Modification Authority (CMA) specific to Contract No. PS4320-2003, for the Eastside Transit Corridor Phase 2 Project, in the amount of $784,000, increasing the total CMA amount from $2,532,711 to $3,316,711, due to the complexity of the environmental study effort and authorize the CEO to execute individual contract modifications within the Board-approved CMA; 

C.	AWARD and execute a 36-month firm fixed price Contract No. AE51242000 with Cordoba HNTB Design Partners, Inc. in an amount not to exceed $16,154,225 to provide the advanced conceptual engineering (ACE) design and urban "
5036,2018-0305,Informational Report,Agenda Ready,Ad Hoc Customer Experience Committee,2018-05-14,2018-06-21,,Finance and Budget (Department),,RECEIVE AND FILE report identifying examples of actions available to mitigate the effects of severe bus congestion.
5039,2018-0308,Plan,Agenda Ready,Planning and Programming Committee,2018-05-15,2018-07-18,,Planning and Development (Department),,"APPROVE the use of the Subregional Boundaries from the Measure M Ordinance as the Metro Subregional Planning Area Boundaries for the Long Range Transportation Plan (LRTP) Update to include the following exceptions:

A.	Changes to Metro Subregional Planning Area Boundaries for the LRTP Update will not affect previous or future Measure R funding allocations; and 

B.	Regional facilities will continue to be separate for funding purposes, but will be displayed within the Metro Subregional Planning Area Boundaries for LRTP Update data purposes, including travel demand modeling and census-based population data."
5048,2018-0317,Project,Agenda Ready,Planning and Programming Committee,2018-05-15,2018-09-19,,Planning and Development (Department),,"CONSIDER:

A.	RECEIVING AND FILING the Green Line Extension to Torrance Supplemental Alternative Analysis (SAA) Report; and

B.	AUTHORIZING the CEO to carry forward the following two build alternatives (modified):

1.	Alternative 1: Metro right-of-way (ROW) and overcrossing, without a station at Manhattan/Inglewood 

2.  Alternative 3: Hawthorne to 190th Street, without a station at Hawthorne/166th Street; and

C.  AUTHORIZING the CEO to initiate the Draft Environmental Impact Statement/ Environmental Impact Report (EIS/EIR) for the two build alternatives as modified."
5049,2018-0318,Policy,Agenda Ready,"Finance, Budget and Audit Committee",2018-05-16,2018-07-18,,Planning and Development (Department),,"APPROVE Metro’s participation in the Leimert Park Village Corridor Business Improvement District for a period of five years commencing January 1, 2019 through December 31, 2023 for an estimated amount of $62,000."
5051,2018-0320,Budget,Agenda Ready,LA SAFE,2018-05-16,2018-06-28,,,,"ADOPT the Fiscal Year 2018-2019 (FY19) budget in the amount of $7,868,365 for the operation and administration of the Los Angeles County Service Authority for Freeway Emergencies (SAFE). This budget amount includes the annual funding allocations for the agreement with the Public Transportation Services Corporation (PTSC) for direct labor and administrative support services in the amount of $1,673,365."
5052,2018-0321,Oral Report / Presentation,Agenda Ready,"Operations, Safety, and Customer Experience Committee",2018-05-17,2018-07-19,,Planning and Development (Department),,RECEIVE oral update on Metro Transfers Design Guide.
5054,2018-0323,Program,Agenda Ready,Executive Management Committee,2018-05-17,2018-06-20,,,,"APPROVE 27% Disadvantaged Business Enterprise (DBE) overall goal for Federal Fiscal Years (FFY) 2019 - 2021 for contracts funded, in whole or in part with Federal Transit Administration (FTA) funds."
5055,2018-0324,Informational Report,Agenda Ready,Executive Management Committee,2018-05-17,2018-06-20,,,,RECEIVE AND FILE update regarding the Small Business Prime Program (SB Prime).
5057,2018-0326,Oral Report / Presentation,Agenda Ready,Board of Directors - Regular Board Meeting,2018-05-18,2018-05-24,,,,RECEIVE report by the Chair.
5058,2018-0327,Oral Report / Presentation,Agenda Ready,Board of Directors - Regular Board Meeting,2018-05-18,2018-05-24,,,,RECEIVE report by the Chief Executive Officer.
5060,2018-0329,Informational Report,Agenda Ready,Board of Directors - Regular Board Meeting,2018-05-18,2018-05-24,,,,GENERAL PUBLIC COMMENT
5061,2018-0330,Contract,Agenda Ready,"Finance, Budget and Audit Committee",2018-05-18,2019-04-17,,Finance and Budget (Department),,"AUTHORIZE the Chief Executive Officer to execute a modification to Contract No. OP02461010-MAINT, with Cubic Transportation Systems, Inc. (“Cubic”), for TAP System Support Services of all fare collection equipment, in the amount of $68,220,642 increasing the total contract value from $295,351,189, to $363,571,831 and a contract modification extension of five and a half (5.5) years until December 2024."
5062,2018-0331,Policy,Agenda Ready,Board of Directors - Regular Board Meeting,2018-05-18,2018-06-28,,Planning and Development (Department),,"CONSIDER:

A.	HOLDING a public hearing on the proposed Resolution of Necessity; and

B.	ADOPTING a Resolution of Necessity (Attachment C) authorizing the commencement of an eminent domain action to acquire the fee interest in the property located at 9225 Aviation Boulevard, Los Angeles, CA   90045 (APN 4128-001-008, the “Property”)."
5063,2018-0332,Program,Agenda Ready,"Finance, Budget and Audit Committee",2018-05-18,2018-06-20,,Engineering and Construction (Department),,"CONSIDER:

A.	APPROVING the Los Angeles County Metropolitan Transportation Authority’s (LACMTA) share of the Southern California Regional Rail Authority’s (SCRRA) FY 2018-19 Budget Transmittal dated April 30, 2018, Annual Work Program totaling  $125,508,211 for programs as detailed in Attachment A;

B.	REPROGRAMMING the use of $10,360,333 in Deferred Revenue to fund LACMTA’s share of costs detailed in Attachment A;

C.	REPROGRAMMING the use of $5,000,000 in TVM funds to fund a portion of LACMTA’s share of costs detailed in Attachment A;

D.	APPROVING the Conceptual Design Study for Tunnel 25 in the amount of $750,000.

E.	EXTENDING the lapsing dates for funds previously allocated to SCRRA for the Rehabilitation and Renovation Program as follows:

1.	FY 2013-14 from June 30, 2018 to June 30, 2019 - $28,750
2.	FY 2014-15 from June 30, 2018 to June 20, 2019 - $1,177,032
	
F.	APPROVING the FY19 Transfers to Other Operators payment rate of $1.10 per boarding to LACMTA and an "
5067,2018-0336,Plan,Agenda Ready,"Finance, Budget and Audit Committee",2018-05-22,2018-06-20,,Chief Executive Office (Department),,ADOPT the FY19 Proposed Audit Plan.
5069,2018-0338,Informational Report,Agenda Ready,Executive Management Committee,2018-05-23,2018-06-21,,,,RECEIVE AND FILE State and Federal Legislative Report.
5070,2018-0339,Contract,Agenda Ready,Planning and Programming Committee,2018-05-23,2018-07-18,,,,"CONSIDER:

A.	AUTHORIZING the Chief Executive Officer to award firm-fixed unit price Vanpool Vehicle Supplier Bench Contract Nos. PS10754300051491 to Airport Van Rental, PS10754400051491 to Green Commuter, and PS10754500051491 to Enterprise Rideshare (a division of Enterprise Holdings) for a two-year base period for an amount not to exceed $18,000,000, with three, one-year options, each in an amount not to exceed $9,000,000, for a total not-to-exceed amount of $45,000,000 effective August 1, 2018, subject to resolution of protest(s) if any; and  

B.	INCREASING the maximum subsidy from $400 per month to $500 per month for Metro Vanpool Program users."
5071,2018-0340,Oral Report / Presentation,Agenda Ready,Construction Committee,2018-05-24,2018-06-21,,Engineering and Construction (Department),,RECEIVE oral report on the Major Project Status by the Chief Program Management Officer.
5073,2018-0342,Contract,Agenda Ready,"Operations, Safety, and Customer Experience Committee",2018-05-25,2018-07-19,,,,"AUTHORIZE the Chief Executive Officer to award a two year, indefinite delivery/indefinite quantity Contract No. MA4913000 to Diesel Exhaust & Emissions LLC, the lowest responsive and responsible bidder for bus turbocharger assemblies.  The award is for a base year not-to-exceed amount of $780,918, inclusive of sales tax, and a one year Option for a not-to-exceed amount of $796,160, inclusive of sales tax, for a total not-to-exceed contract value of $1,577,078, subject to resolution of protest(s), if any."
5078,2018-0347,Minutes,Agenda Ready,Board of Directors - Regular Board Meeting,2018-05-25,2018-06-28,,,,"APPROVE Minutes of the Regular Board Meeting held May 24, 2018."
5082,2018-0351,Informational Report,Agenda Ready,"Finance, Budget and Audit Committee",2018-05-30,2018-07-18,,,,RECEIVE AND FILE the Fiscal Year 2018 (FY18) Third Quarter Year-To-Date Financial and Performance Report.
5083,2018-0352,Contract,Agenda Ready,Board of Directors - Regular Board Meeting,2018-05-30,2018-06-28,,,,"AUTHORIZE the Chief Executive Officer to execute:

A.	Modification No. 2 to Contract No. AE5999300 with WSP USA Inc. for technical services for the evaluation of the two northern alignments in the Draft Environmental Impact Statement/Environmental Impact Report in the amount of $2,760,752, increasing the total contract value to $12,405,244; and

B.	Modification No. 1 to Contract No. PS2492300 with Arellano Associates for outreach support for the augmented Community Participation Program as part of the evaluation of the two northern alignments in the Draft EIS/EIR in the amount of $429,310, increasing the total contract value to $922,203."
5086,2018-0355,Contract,Agenda Ready,Executive Management Committee,2018-05-31,2018-10-18,,Chief Executive Office (Department),,"AUTHORIZE the Chief Executive Officer to execute a twelve-month sole source contract to NoMad Transit LLC in an amount not-to-exceed $2,506,410, inclusive of sales tax, to operate a first and last mile(s) transportation network company pilot service to/from the North Hollywood, Artesia, and El Monte stations, with the option to renew for an additional one year at a baseline amount of $2,506,410, to be negotiated based on the information and data analysis collected during the initial twelve-month pilot period for a total amount of $5,012,820."
5087,2018-0356,Policy,Agenda Ready,Executive Management Committee,2018-05-31,2018-06-20,,Planning and Development (Department),,ADOPT the Metro Vision 2028 Plan.
5088,2018-0357,Federal Legislation / State Legislation (Position),Agenda Ready,Executive Management Committee,2018-05-31,2018-06-20,,,,"ADOPT staff recommended positions:

A.	Assembly Bill 533 (Holden) - State Highway Route 710  WORK WITH AUTHOR OPPOSE UNLESS AMENDED

B.	Assembly Bill 1912 (Rodriguez), as amended -  Public Employees’ Retirement: Joint Powers Agreements: Liability OPPOSE UNLESS AMENDED

C.	Assembly Bill 327 (Gipson) - South Coast Air Quality Management District: fleets OPPOSE UNLESS AMENDED"
5089,2018-0358,Contract,Agenda Ready,Executive Management Committee,2018-05-31,2018-09-20,,,,"CONSIDER:

A.	RECEIVING AND FILING the Final Feasibility Report for the Metro Transportation School; 

B.	AMENDING the FY19 budget with up to $1,000,000 for predevelopment activities associated with the school site;

C.	AUTHORIZING the Chief Executive Officer to execute Modification No. 3 to Contract No. PS45385000 with causeIMPACTS LLC for additional support services for the Transportation School Consulting Services contract in the amount of $200,709, increasing the total contract value from $402,530 to $603,239 and extending the contract period of performance by 12 months; and

D.	INCREASING Contract Modification Authority (CMA) specific to Contract No. PS45385000 in the amount of $100,000 increasing the total authorized CMA amount from $100,000 to $200,000."
5090,2018-0359,Informational Report,Agenda Ready,Executive Management Committee,2018-06-01,2018-07-18,,,,RECEIVE AND FILE report on Regional Advance Mitigation Program Feasibility (Attachment A).
5091,2018-0360,Project,Agenda Ready,Planning and Programming Committee,2018-06-01,2018-06-20,,Planning and Development (Department),,"AUTHORIZE the Chief Executive Officer (CEO) to enter into a funding agreement with the City of Los Angeles to undertake pre-design activities, prepare an Environmental Impact Report (EIR) and conduct public engagement for a potential Arts District/6th Street Station for an amount of $500,000."
5092,2018-0361,Project,Agenda Ready,Construction Committee,2018-06-01,2018-06-21,,Engineering and Construction (Department),,"CONSIDER:

A.	REPROGRAMMING $11,500,000 in funds previously reserved for Metro Blue Line Washington Siding Project from Mid-City Exposition Blvd LRT (CP 800113) to Metro Blue Line Track and System Refurbishment Project (CP 205115);

B.	INCREASING the Life of Project Budget (LOP) Budget for Metro Blue Line Track and System Refurbishment Project (CP 205115) by $11,500,000 from $90,779,817 to $102,279,817; and

C.	AMEND the Fiscal Year 2019 (FY19) Budget for Metro Blue Line Track and System Refurbishment Project (CP 205115) to increase it by $5,000,000 from $44,581,402 to $49,581,402."
5095,2018-0364,Agreement,Agenda Ready,Construction Committee,2018-06-04,2018-10-18,,Engineering and Construction (Department),,"AUTHORIZE the Chief Executive Officer to execute a Memorandum of Agreement (MOA) with the City of Beverly Hills (City) to accommodate construction of the Wilshire/Rodeo Station, contingent upon execution of a settlement agreement."
5096,2018-0365,Oral Report / Presentation,Agenda Ready,Ad Hoc Customer Experience Committee,2018-06-04,2018-06-21,,,,"RECEIVE report by the Chief Executive Officer
·	Ridership Initiatives"
5097,2018-0366,Appointment,Agenda Ready,"Operations, Safety, and Customer Experience Committee",2018-06-04,2018-07-19,,Operations (Department),,APPROVE nominees for membership on Metro’s Service Councils.
5099,2018-0368,Contract,Agenda Ready,"Operations, Safety, and Customer Experience Committee",2018-06-05,2018-07-19,,Engineering and Construction (Department),,"AUTHORIZE the Chief Executive Officer to:

A.	RECEIVE AND FILE the results of the one year pilot for the use of biomethane fuel at Bus Division 5;

B.	EXPAND the use of biomethane fuel from Division 5 to all Metro Bus Divisions; 

C.	EXERCISE Contract Modification No. 3 to Indefinite Delivery/Indefinite Quantity Contract No. OP7396000 with Clean Energy Renewables to exercise a single four- year Option in the amount of $54,808,110 to provide Biomethane Gas for all Metro Bus Divisions, increasing the total contract value from $1,240,520 to $56,048,630, and extending the term of the contract from August 1, 2018 to July 31, 2022; and

D.	EXECUTE individual Task Orders (Transaction Confirmations) and changes within the Board approved contract amount."
5100,2018-0369,Informational Report,Agenda Ready,"Finance, Budget and Audit Committee",2018-06-05,,,,,GENERAL PUBLIC COMMENT
5105,2018-0374,Informational Report,Agenda Ready,Executive Management Committee,2018-06-05,2018-06-20,,,,GENERAL PUBLIC COMMENT
5106,2018-0375,Informational Report,Agenda Ready,Planning and Programming Committee,2018-06-05,2018-06-20,,,,GENERAL PUBLIC COMMENT
5108,2018-0377,Informational Report,Agenda Ready,"System Safety, Security and Operations Committee",2018-06-05,2018-06-21,,,,Receive GENERAL PUBLIC COMMENT
5110,2018-0379,Informational Report,Agenda Ready,Construction Committee,2018-06-05,,,,,Receive GENERAL PUBLIC COMMENT
5111,2018-0380,Informational Report,Agenda Ready,Board of Directors - Regular Board Meeting,2018-06-05,2018-06-21,,,,GENERAL PUBLIC COMMENT
5112,2018-0381,Informational Report,Agenda Ready,Ad Hoc Customer Experience Committee,2018-06-05,2018-06-21,,,,Receive GENERAL PUBLIC COMMENT
5114,2018-0383,Motion / Motion Response,Agenda Ready,"Ad Hoc Congestion, Highway and Roads Committee",2018-06-06,2018-11-14,,,,RECEIVE AND FILE report on the history and status of the I-5 North capacity enhancements construction projects (Project) and enhancing Metro and Caltrans coordination to deliver the remaining segments in response to Board Motion 2018-0115 (Attachment A).
5118,2018-0387,Project,Agenda Ready,Planning and Programming Committee,2018-06-07,2018-07-18,,Planning and Development (Department),,APPROVE an Addendum to the Final Environmental Impact Report for the Los Angeles Union Station (LAUS) Forecourt and Esplanade Improvements (Attachment A).
5119,2018-0388,Contract,Agenda Ready,Construction Committee,2018-06-07,2018-07-19,,Chief Executive Office (Department),,"CONSIDER:

A.	AUTHORIZING the Chief Executive Officer to execute the Memorandum of Understanding (MOU) between the Los Angeles County Metropolitan Transportation Authority (Metro) and the Exposition Metro Line Construction Authority (Authority) for closeout of the Expo Phases 1 and 2 Projects (Attachment A);

B.	AUTHORIZING distribution of the remaining balance of estimated unused project funds as of June 2018 in the amount of $216,600,000 (*), in accordance with the Funding Agreement (Attachment B) from Expo accounts to Metro accounts for allocation and use as follows:

1.	$11,500,000 to be distributed for the Metro Blue Line Track & System Refurbishment Project (CP 205115); 
2.	$5,100,000 to be distributed for Expo project close-out items; and
3.	$200,000,000 distributed to the Metro Westside Purple Line Project, Section 2; and

C.	ADOPTING Board Resolution to accept the Delegation of Plan Administration (Attachment C) of the Expo Construction Authority Public Agency Retire"
5120,2018-0389,Contract,Agenda Ready,"Finance, Budget and Audit Committee",2018-06-07,2018-07-18,,Finance and Budget (Department),,"AUTHORIZE the Chief Executive Officer to execute Contract No. DR54997000 to Golden Star Technology, Inc. (GST) for the purchase of 2,963 tablet devices to be mounted to the bus farebox, required for the farebox upgrades to serve as the bus operator’s Driver Control Unit (DCU), in the amount of $5,877,413.32, subject to resolution of protest(s), if any."
5122,2018-0391,Contract,Agenda Ready,Construction Committee,2018-06-08,2018-09-20,,Engineering and Construction (Department),,"AUTHORIZE the Chief Executive Officer to: 

A.	AWARD AND EXECUTE a cost plus fixed fee Contract No. PS46817 to Ninyo & Moore for materials verification testing and inspection services with a base period of seven years for an amount not-to-exceed $12,000,000, plus three one-year options; and

B.  EXECUTE individual Task Orders and changes within the Board approved not-to-exceed amount."
5124,2018-0393,Informational Report,Agenda Ready,Construction Committee,2018-06-11,2018-07-19,,,,RECEIVE AND FILE Program Management Quarterly Change Report.
5130,2018-0399,Contract,Agenda Ready,Construction Committee,2018-06-14,2018-09-27,,Chief Executive Office (Department),,AUTHORIZE the Chief Executive Officer to execute an amendment to the Pasadena Subdivision Shared Use Agreement (SUA) with BNSF Railway Company (“BNSF”) for the Gold Line Foothill Extension Phase 2B Project (Attachment A).
5134,2018-0403,Informational Report,Agenda Ready,Construction Committee,2018-06-18,2018-07-19,,OIG,,RECEIVE AND FILE Office of the Inspector General change order/modification construction spot checks report.
5135,2018-0404,Program,Agenda Ready,Planning and Programming Committee,2018-06-18,2018-11-14,,Planning and Development (Department),,"CONSIDER:

A.  AUTHORIZING the Chief Executive Officer to:

1.	 Approve an updated project definition (Attachment A) for Draft Environmental Impact Statement (EIS)/Environmental Impact Report (EIR);

2.	Negotiate and execute third party agreements between Metro and project corridor cities and agencies;  

3.	Execute Modification No. 6 to Contract No. AE5999300 with WSP USA, Inc. for technical services to advance the level of design to 15% to support Draft EIS/EIR in the base amount of $6,300,216, with an optional task for third-party coordination in the amount of $1,678,228, for a total amount of $7,978,444, increasing the total contract value from $12,405,244 to $20,383,688; and

4.	Execute Modification No. 2 to Contract No. PS2492300 with Arellano Associates to provide additional outreach support in the amount of $1,324,503, increasing the total contract value from $922,203 to $2,246,706. 

B.  RECEIVING AND FILING finding in response to May 2018 comment to evaluate the f"
5138,2018-0407,Contract,Agenda Ready,Planning and Programming Committee,2018-06-18,2018-09-19,,Planning and Development (Department),,"AUTHORIZE the Chief Executive Officer to:

A.	EXECUTE Modification No. 3 to Contract No. PS45023000 with Here Design Studio, LLC, to provide consultant services to develop a funding plan for the Aviation/96th St. station in the amount of $15,769, increasing the total contract value from $307,864 to $323,633; and  

B.	INCREASE Contract Modification Authority (CMA) specific to Contract No. PS45023000 in the amount of $100,000, increasing the CMA amount from $100,000 to $200,000, in support of additional services related to the Project."
5140,2018-0409,Informational Report,Agenda Ready,"Operations, Safety, and Customer Experience Committee",2018-06-19,2018-07-19,,Chief Executive Office (Department),,RECEIVE AND FILE Monthly Update on Transit Policing Performance.
5141,2018-0410,Program,Agenda Ready,Planning and Programming Committee,2018-06-19,2018-09-19,,Planning and Development (Department),,"CONSIDER: 

A.	AWARDING $4 million to 15 new Open Streets events scheduled through December 2020 (Attachment B-1);

B.	REPROGRAMMING $447,000 from two cancellations of Open Street Cycle Two events, Meet the Hollywoods and Burbank on the Boulevard, towards Cycle Three; and  

C.	AMENDING the award amount of the lowest scored event application (Paramount & Bellflower Open Streets Neighborhood Connectivity Event) to $161,000 per Cycle Three Application and Guidelines (Attachment C)."
5142,2018-0411,Oral Report / Presentation,Agenda Ready,Construction Committee,2018-06-20,2018-07-19,,Engineering and Construction (Department),,RECEIVE oral report on the Major Project Status by the Chief Program Management Officer.
5143,2018-0412,Informational Report,Agenda Ready,"Finance, Budget and Audit Committee",2018-06-20,2018-07-18,,Chief Executive Office (Department),,"RECEIVE AND FILE the Consolidated Audit financial and compliance audit reports completed by Vasquez and Company (Vasquez) and Simpson and Simpson, CPA’s (Simpson & Simpson) for the Fiscal Year ending June 30, 2017."
5145,2018-0414,Motion / Motion Response,Agenda Ready,Board of Directors - Regular Board Meeting,2018-06-21,2018-06-28,,,,"WE THEREFORE MOVE THAT the Board:

A.	Rename the System Safety, Security and Operations Committee to the Operations, Safety, and Customer Experience Committee;

B.	Endorse Travel Speed, Service Frequency, and System Reliability as the highest priority service parameters to guide the work of the NextGen Bus Study;

WE FURTHER MOVE that the Board direct the CEO to:

C.	Develop customer experience key performance indicators (KPIs) within Operations, Communications, Information & Technology Services, TAP, System Security and Law Enforcement, and other functional areas of MTA to regularly report on the status of the system, transit service, and the transit service environment;

D.	Develop an Annual Customer Service and Experience Plan, including but not limited to improvements planned and desired for:

1.	KPIs developed under section C. above
2.	The status of Customer Service & Experience projects 
3.	Key accomplishments, objectives, and challenges in Customer Service and Customer Experienc"
5147,2018-0416,Oral Report / Presentation,Agenda Ready,Board of Directors - Regular Board Meeting,2018-06-21,2018-06-28,,,,RECEIVE report by the Chair.
5148,2018-0417,Oral Report / Presentation,Agenda Ready,Board of Directors - Regular Board Meeting,2018-06-21,2018-06-28,,,,RECEIVE report by the Chief Executive Officer.
5149,2018-0418,Informational Report,Agenda Ready,Board of Directors - Regular Board Meeting,2018-06-21,2018-06-28,,,,GENERAL PUBLIC COMMENT
5150,2018-0419,Informational Report,Agenda Ready,Board of Directors - Regular Board Meeting,2018-06-21,2018-06-28,,,,GENERAL PUBLIC COMMENT
5151,2018-0420,Oral Report / Presentation,Agenda Ready,Board of Directors - Regular Board Meeting,2018-06-21,2018-06-28,,,,ELECTION of 2nd Vice Chair.
5153,2018-0422,Informational Report,Agenda Ready,Executive Management Committee,2018-06-22,2018-07-19,,Program Management (Department),,RECEIVE AND FILE status report on 2018 Energy and Resource Report (Attachment A).
5154,2018-0423,Motion / Motion Response,Agenda Ready,Board of Directors - Regular Board Meeting,2018-06-22,2018-06-28,,,,"I MOVE THAT projects of at least $2.5 million that are authorized pursuant to the Metro adopted May 2017 Motion (attached), be subject to Metro’s PLA, or a similar agreement if the activity is funded by Metro and undertaken by an agency separate from Metro."
5155,2018-0424,Motion / Motion Response,Agenda Ready,Board of Directors - Regular Board Meeting,2018-06-22,2018-06-28,,,,"WE MOVE THAT the Board direct the CEO to report back on the following:

A.	An analysis of the feasibility to implement Road Movable Barriers System on Freeway systems in Los Angeles County where asymmetric traffic flow exists.  The analysis shall include the following:

1.	Identifying the potential freeway corridor segments such as the I-405 between I-105/LAX to I-710, and others, that have unique directional traffic flows.

2.	Coordination with Caltrans to identify the associated capital costs such as bridge replacement.

3.	Coordination with Caltrans to identify the associated operation costs to implement Road Movable Barriers System to create reversible lanes during AM and PM peak hours;

B.	Identify and recommend funding sources to support a pilot demonstration program; and

C.	Report back on all the above during the October 2018 MTA Board cycle."
5159,2018-0428,Program,Agenda Ready,"Ad Hoc Congestion, Highway and Roads Committee",2018-06-26,2018-07-18,,,,"CONSIDER:

A.	APPROVING project list change for Measure R Line 32 Highway Operational Improvements in Las Virgenes Malibu Subregion; and 

B.	AUTHORIZING the CEO or his designee to negotiate and execute all necessary agreements for the approved project."
5160,2018-0429,Budget,Agenda Ready,Construction Committee,2018-06-27,2018-12-06,,Planning and Development (Department),,"CONSIDER:

A.	AUTHORIZING an increase in the life of project (LOP) budget by $1,430,000 for the Cesar Chavez Bus Stop Improvements Project from $2,100,000 to $3,530,000; and

B.	AMENDING the FY19 budget to increase Project 210041 funding by $1,850,000."
5164,2018-0433,Federal Legislation / State Legislation (Position),Agenda Ready,Executive Management Committee,2018-06-29,2018-07-19,,,,"ADOPT staff recommended positions:

A.	House Resolution 6016 (Napolitano) - Bus Operator and Pedestrian Protection Act   SUPPORT WORK WITH AUTHOR

B.	House Resolution 3305 (Blumenauer) - The Bikeshare Transit Act of 2017 SUPPORT"
5165,2018-0434,Informational Report,Agenda Ready,Executive Management Committee,2018-06-29,2018-07-19,,,,RECEIVE AND FILE State and Federal Legislative Report.
5166,2018-0435,Informational Report,Agenda Ready,Executive Management Committee,2018-06-29,2018-09-20,,,,RECEIVE AND FILE State and Federal Legislative Report.
5167,2018-0436,Informational Report,Agenda Ready,Executive Management Committee,2018-06-29,2018-10-18,,,,RECEIVE AND FILE State and Federal Legislative Report.
5168,2018-0437,Informational Report,Agenda Ready,Executive Management Committee,2018-06-29,2018-11-15,,,,RECEIVE AND FILE State and Federal Legislative Report.
5169,2018-0438,Informational Report,Agenda Ready,Executive Management Committee,2018-06-29,2019-01-17,,,,RECEIVE AND FILE State and Federal Legislative Report.
5170,2018-0439,Program,Agenda Ready,Executive Management Committee,2018-06-29,2019-01-17,,,,"ADOPT:

A.	the proposed 2019 Federal Legislative Program as outlined in Attachment A; and

B.	the proposed 2019 State Legislative Program as outlined in Attachment B."
5172,2018-0441,Oral Report / Presentation,Agenda Ready,Planning and Programming Committee,2018-07-02,2018-07-18,,Planning and Development (Department),,RECEIVE oral report on Metro Bike Share.
5173,2018-0442,Minutes,Agenda Ready,Board of Directors - Regular Board Meeting,2018-07-02,2018-07-26,,,,"APPROVE Minutes of the Regular Board Meeting held June 28, 2018."
5174,2018-0443,Minutes,Agenda Ready,LA SAFE,2018-07-02,2019-06-27,,,,"APPROVE Minutes of the LA SAFE Board Meeting held June 28, 2018."
5175,2018-0444,Informational Report,Agenda Ready,"Ad Hoc Congestion, Highway and Roads Committee",2018-07-02,2018-07-18,,,,GENERAL PUBLIC COMMENT
5176,2018-0445,Informational Report,Agenda Ready,"Finance, Budget and Audit Committee",2018-07-02,,,,,GENERAL PUBLIC COMMENT
5177,2018-0446,Informational Report,Agenda Ready,Planning and Programming Committee,2018-07-02,,,,,RECEIVE General Public Comment
5178,2018-0447,Informational Report,Agenda Ready,"System Safety, Security and Operations Committee",2018-07-02,2018-07-19,,,,RECEIVE General Public Comment
5179,2018-0448,Informational Report,Agenda Ready,Construction Committee,2018-07-02,2018-07-19,,,,Receive GENERAL PUBLIC COMMENT
5180,2018-0449,Informational Report,Agenda Ready,Executive Management Committee,2018-07-02,2018-07-19,,,,RECEIVE General Public Comment
5181,2018-0450,Informational Report,Agenda Ready,Board of Directors - Regular Board Meeting,2018-07-02,2018-07-26,,,,GENERAL PUBLIC COMMENT
5184,2018-0453,Agreement,Agenda Ready,Executive Management Committee,2018-07-03,2018-07-19,,,,AUTHORIZE the Chief Executive Officer to execute Memorandums of Understanding with the Riverside County Transportation Commission (RCTC) and the Orange County Transportation Authority (OCTA) for its regional multi-modal planning efforts.
5201,2018-0470,Contract,Agenda Ready,Planning and Programming Committee,2018-07-18,2018-10-17,,Planning and Development (Department),,"AUTHORIZE the Chief Executive Officer (CEO) to:

A.	AWARD AND EXECUTE a 28-month firm fixed price Contract No. PS53553000 to Sutra Research and Analytics, in the amount of $1,210,607 to complete the Bus Rapid Transit (BRT) Vision and Principles Study, with an optional task to analyze candidate corridors in the amount of $611,185, for a total contract amount of $1,821,792, subject to resolution of protest(s), if any; and  

B.	APPROVE Contract Modification Authority (CMA) specific to Contract No. PS53553000 in the amount of $273,269 to account for the complexity of the countywide effort and anticipated level of coordination."
5203,2018-0472,Oral Report / Presentation,Agenda Ready,Board of Directors - Regular Board Meeting,2018-07-19,2018-07-26,,,,RECEIVE report by the Chair.
5204,2018-0473,Oral Report / Presentation,Agenda Ready,Board of Directors - Regular Board Meeting,2018-07-19,2018-07-26,,,,RECEIVE report by the Chief Executive Officer.
5206,2018-0475,Informational Report,Agenda Ready,Board of Directors - Regular Board Meeting,2018-07-19,,,,,RECEIVE General Public Comment
5209,2018-0478,Program,Agenda Ready,Planning and Programming Committee,2018-07-23,2018-09-19,,Planning and Development (Department),,"CONSIDER: 

A.	APPROVING the programming of $281.5 million in federal Surface Transportation Block Grant Program (STBGP) funds for Access Services as shown in Attachment A for Fiscal Years (FY) 2020 through FY 2023; and

B.	AUTHORIZING the Chief Executive Officer to negotiate and execute funding agreements between Metro and Access Services."
5210,2018-0479,Program,Agenda Ready,Planning and Programming Committee,2018-07-23,2018-09-19,,Planning and Development (Department),,"CONSIDER:	

A.	RECEIVING AND FILING report on the status of performance of the new fare structure for the Metro Bike Share Program and potential integration with other Bike Share programs in Los Angeles County, and

B.	DIRECTING the CEO to complete an evaluation of the feasibility of continuing the Metro Bike Share Program after 12 months of performance data under the new fare structure authorized in May 2018."
5211,2018-0480,Contract,Agenda Ready,"Finance, Budget and Audit Committee",2018-07-23,2018-09-19,,Chief Executive Office (Department),,"AUTHORIZE the Chief Executive Officer to execute Modification No. 3 to Contract No. PS4489300, with Simpson and Simpson, CPA’s for Package B of the Fiscal Years (FY) 2016-2020 to provide financial and compliance Measure M audits in the amount of $324,060 increasing the contract value from $3,897,330 to $4,221,390."
5213,2018-0482,Contract,Agenda Ready,Construction Committee,2018-07-23,2018-11-15,,Chief Executive Office (Department),,"AUTHORIZE the Chief Executive Officer (CEO) to award and execute a five (5) year Contract No. AE51181EN084, with Burns & McDonnell, Engineering Company, Inc. for Environmental Compliance and Sustainability Support Services on Task Orders, inclusive of a three (3) year base term for an amount not-to-exceed $18,000,000,  plus two (2) one-year options for a not-to-exceed amount of $21,000,000, for a total contract value of $39,000,000."
5214,2018-0483,Contract,Agenda Ready,"Operations, Safety, and Customer Experience Committee",2018-07-23,2018-09-20,,Operations (Department),,"CONSIDER:

A.	FINDING that awarding a design-build contract pursuant to Public Utilities Code Section 130242(b) will achieve for Metro certain private sector efficiencies through the integration of design, project work and components at Metro rail facilities and in Metro light rail vehicles in Los Angeles County as defined by the project listed in Attachment A. Approval requires a two-thirds affirmative vote;

B.	ADOPTING the use of the design-build process pursuant to Public Utilities Code Section 130242 et seq. will result in a reduction in project costs and expedite project completion.  Approval requires a two-thirds affirmative vote; and

C.	AUTHORIZING the Chief Executive Officer to solicit a design-build contract for design and construction of the project listed in Attachment A pursuant to Public Utilities Code Section 130242 (a), (c), (d) and (e)."
5215,2018-0484,Contract,Agenda Ready,"Operations, Safety, and Customer Experience Committee",2018-07-24,2018-09-20,,Operations (Department),,"AUTHORIZE the Chief Executive Officer to award a two year, Indefinite Delivery, Indefinite Quantity Contract No. MA49128000 to Cummins Inc., for bus engine cylinder head assemblies.  The Contract first year base amount is $834,968, inclusive of sales tax, and the second year Contract amount is $855,843, inclusive of sales tax, for a total contract value of $1,690,811."
5216,2018-0485,Contract,Agenda Ready,"Operations, Safety, and Customer Experience Committee",2018-07-24,2018-11-15,,Operations (Department),,"APPROVE a Modification to Contract No. P3010 with Kinkisharyo International, LLC for Request for Change (RFC) No. 28, Crenshaw Final Cutover Automatic Train Control (ATC) Software Release, for a firm fixed price of $2,350,680 increasing the total Contract value from $921,755,722 to $924,106,402. The contract increase is within the Life of Project Budget."
5217,2018-0486,Contract,Agenda Ready,"Operations, Safety, and Customer Experience Committee",2018-07-24,2018-09-20,,Operations (Department),,"AUTHORIZE the Chief Executive Officer to execute Contract Modification No. 2 to Contract No. A650-2015, with Talgo Inc. for the Heavy Rail Vehicle Overhaul and Critical Component Replacement Program (OCCRP), for the design and installation of an on-board Mist Fire Suppression System (MFSS) on 74 A650 Heavy Rail Vehicles (HRV) in the firm-fixed price amount of $10,355,000 for a total contract value not-to-exceed $83,325,494.  The inclusion of the MFSS into the OCCRP will extend the period of performance by eight months."
5219,2018-0488,Contract,Agenda Ready,"Operations, Safety, and Customer Experience Committee",2018-07-24,2018-10-18,,Operations (Department),,"AUTHORIZE the Chief Executive Officer to:

A.	EXECUTE Modification No. 3 to Contract No. OP28367-001, Part D, awarded to New Flyer of America, for the acquisition of sixty foot Zero Emission Buses (ZEB), to upgrade and increase the onboard bus battery capacity in the firm fixed price amount of $2,792,074, for a total contract amount of $70,970,417; and

B.	NEGOTIATE AND EXECUTE with New Flyer of America future contract modifications to Contract No. OP28367-001, Part D, for a not to exceed amount of $1,000,000 for each contract modification."
5220,2018-0489,Contract,Agenda Ready,"Operations, Safety, and Customer Experience Committee",2018-07-24,2018-09-20,,Operations (Department),,"APRROVE Modification No. 36 to Contract No. P3010 with Kinkisharyo International  LLC to reduce the existing 100% performance bond requirements for Contract deliverables to realize a project savings of $4,386,957, decreasing the total Contract value from $926,142,679 to $921,755,722. The Contract decrease does not affect the Life of Project Budget."
5222,2018-0491,Contract,Agenda Ready,"Operations, Safety, and Customer Experience Committee",2018-07-24,2018-10-18,,Operations (Department),,"CONSIDER:

A.	FINDING that the procurement of Bus C-Frames under Public Utilities Code (PUC) Section 130237, as an Original Equipment Manufacturer (OEM) item, constitutes a single source procurement method for the purpose of duplicating equipment already in use; and

B.	AUTHORIZING the Chief Executive Officer to award a single source two-year, Indefinite Delivery, Indefinite Quantity Contract No. MA53981000 to The Aftermarket Parts Company, LLC (New Flyer Parts) for C-Frames Left Hand (LH) and Right Hand (RH). The Contract first year base amount is $653,889, inclusive of sales tax, and the second year Contract amount is $653,889, inclusive of sales tax for a total Contract Not-to-Exceed value of $1,307,778.

(REQUIRES 2/3 VOTE OF THE BOARD)"
5226,2018-0495,Appointment,Agenda Ready,"Operations, Safety, and Customer Experience Committee",2018-07-24,2018-09-20,,Operations (Department),,APPROVE nominee for membership on Metro’s Service Councils (Attachment A).
5227,2018-0496,Contract,Agenda Ready,"Operations, Safety, and Customer Experience Committee",2018-07-26,2018-09-20,,,,"AUTHORIZE the Chief Executive Officer to award a two year, Indefinite Delivery, Indefinite Quantity Contract No. MA48849-2000 to Cummins Inc. for bus engine ignition coils with a first year base contract amount of $678,129, inclusive of sales tax, and a second year contract amount of $695,106, inclusive of sales tax, for a total contract value of $1,373,235, subject to resolution of protest(s), if any."
5228,2018-0497,Contract,Agenda Ready,"Operations, Safety, and Customer Experience Committee",2018-07-26,2018-09-20,,Operations (Department),,"AUTHORIZE the Chief Executive Officer to award a firm fixed price Contract No.  OP51822000 with Brandt Group, Road Rail Division, the lowest responsive and responsible bidder, for one (1) Rail Emergency Response Unit in the amount of $1,429,680 inclusive of sales tax, subject to resolution of protest(s), if any."
5232,2018-0501,Informational Report,Agenda Ready,"Finance, Budget and Audit Committee",2018-07-27,2018-11-14,,Chief Executive Office (Department),,"RECEIVE AND FILE the:

A.	Year-end report of Management Audit Services (Management Audit) for the period ending June 30, 2018; and

B.	Management Audit Services Draft Audit Charter."
5233,2018-0502,Minutes,Agenda Ready,Board of Directors - Regular Board Meeting,2018-07-27,2018-09-27,,,,"APPROVE Minutes of the Regular Board Meeting held July 26, 2018."
5234,2018-0503,Contract,Agenda Ready,"Operations, Safety, and Customer Experience Committee",2018-07-27,2018-09-20,,Operations (Department),,"AWARD a 60-month indefinite quantity/indefinite delivery Contract No. MA48386000 to Knorr-Bremse PowerTech to overhaul up to 42 Static Converter LVPS Assemblies for the A650 Option Rail Vehicle for a not-to-exceed amount of $1,308,394, subject to resolution of protest(s), if any."
5235,2018-0504,Contract,Agenda Ready,"Operations, Safety, and Customer Experience Committee",2018-07-27,2018-09-20,,Operations (Department),,"AWARD a 74-month indefinite delivery/indefinite quantity Contract No. MA47351000 for the overhaul of up to 296 traction gear units for 74 Breda A650 Option Rail Vehicles to ORX, for a not-to-exceed amount of $4,925,746, subject to resolution of protest, if any."
5236,2018-0505,Oral Report / Presentation,Agenda Ready,"Operations, Safety, and Customer Experience Committee",2018-07-27,2018-09-20,,Operations (Department),,Operations Employee of the Month
5237,2018-0506,Oral Report / Presentation,Agenda Ready,"Operations, Safety, and Customer Experience Committee",2018-07-27,2018-09-20,,Operations (Department),,RECEIVE oral report on Crenshaw/Green Line Operation Plan Motion 40.1 Update.
5238,2018-0507,Informational Report,Agenda Ready,"Operations, Safety, and Customer Experience Committee",2018-07-30,2018-09-20,,Chief Executive Office (Department),,RECEIVE AND FILE Monthly Update on Transit Policing Performance.
5239,2018-0508,Oral Report / Presentation,Agenda Ready,"Operations, Safety, and Customer Experience Committee",2018-07-30,2018-10-18,,Operations (Department),,Operations Employees of the Month
5240,2018-0509,Oral Report / Presentation,Agenda Ready,"Operations, Safety, and Customer Experience Committee",2018-07-30,2018-10-18,,Operations (Department),,"RECEIVE oral report on System Safety, Security and Operations."
5241,2018-0510,Contract,Agenda Ready,"Ad Hoc Congestion, Highway and Roads Committee",2018-08-01,2018-09-19,,Engineering and Construction (Department),,"AUTHORIZE Contract Modification No. 168 (CCO 168) by the California Department of Transportation (Caltrans) for the construction contract of Segment 2 of the I-5 North Capacity Enhancements Project from SR-134 to SR-118 (Project) under Funding Agreement No. MOU.P0008355/8501A/A7, in the amount of $11 million within the overall corridor LOP budget."
5242,2018-0511,Contract,Agenda Ready,"Ad Hoc Congestion, Highway and Roads Committee",2018-08-01,2018-10-17,,Engineering and Construction (Department),,"AUTHORIZE the Chief Executive Officer (CEO) to execute a 24-month, firm fixed price Contract No. AE51806000 with NCM Engineering Corporation in the amount of $2,059,860 for Architectural & Engineering (A&E) services for the preparation of Project Approval and Environmental Document (PA&ED) and Plans, Specifications and Estimates (PS&E) for the I-605/Valley Boulevard Interchange Improvements Project, subject to resolution of protest(s), if any."
5243,2018-0512,Contract,Agenda Ready,"Ad Hoc Congestion, Highway and Roads Committee",2018-08-01,2018-11-14,,Engineering and Construction (Department),,"AUTHORIZE the Chief Executive Officer (CEO) to execute a 24-month, firm fixed price Contract No. AE53204000 with ADVANTEC Consulting Engineers in the amount of $1,999,895 for Architectural and Engineering (A&E) services for the preparation of Project Approval and Environmental Document (PA&ED) and Plans, Specifications and Estimates (PS&E) for SR-60/7th Avenue Interchange Improvements Project, subject to resolution of protest(s), if any."
5244,2018-0513,Program,Agenda Ready,"Ad Hoc Congestion, Highway and Roads Committee",2018-08-01,2018-11-14,,Engineering and Construction (Department),,"APPROVE the following actions pertaining to the development and implementation of mobility improvement projects on local arterials and at freeway local interchanges experiencing congestion as a result of the discontinuity of the SR-710 North Freeway: 

A.	APPROVE the attached list of eligible Mobility Improvement Projects [MIPs] recommended for funding;

B.	AUTHORIZE programming $350 $450 million in Measure R funds and $65 million in State and Federal funds for a total of $415 $515 million to the SR-710 starting in FY20 for the initial list of MIPs in compliance with the guidelines in the Board Motion 29.1 (Attachment A) to fund new mobility improvement projects consistent with the purpose of the 710 freeway gap closure project to relieve congestion on local streets in the impact area of the SR-710 as depicted in the SR-710 Environmental Document; and 

C.	AUTHORIZE programming up to $45 million in Measure R funds starting in FY20 for the Transportation System Management/Transportation"
5245,2018-0514,Contract,Agenda Ready,"Ad Hoc Congestion, Highway and Roads Committee",2018-08-01,2019-03-20,,Engineering and Construction (Department),,"AUTHORIZE the Chief Executive Officer (CEO) to execute a two-year, firm fixed price Contract No. AE57645000 with HNTB Corporation in the amount of $5,006,899.68 for Architectural and Engineering (A&E) services for the preparation of a Project Approval and Environmental Document (PA&ED) for the SR-91 Acacia Court to Central Avenue Improvement Project (the Project), subject to resolution of protest(s), if any."
5246,2018-0515,Contract,Agenda Ready,"Ad Hoc Congestion, Highway and Roads Committee",2018-08-01,2018-09-19,,Engineering and Construction (Department),,"AUTHORIZE the Chief Executive Officer (CEO) to execute a two-year, firm fixed price Contract No. AE5302500 with TRC Solutions, Inc. in the amount of $7,394,536 for Architectural and Engineering (A&E) services for the preparation of a Project Approval and Environmental Document (PA&ED) and Plans, Specifications and Estimates (PS&E) for EB SR-91 Atlantic Avenue to Cherry Avenue Auxiliary Lane Improvement Project, subject to resolution of protest(s), if any."
5252,2018-0521,Informational Report,Agenda Ready,"Finance, Budget and Audit Committee",2018-08-01,2018-09-19,,Finance and Budget (Department),,RECEIVE AND FILE status report on Access Services - ADA Paratransit.
5254,2018-0523,Contract,Agenda Ready,"Operations, Safety, and Customer Experience Committee",2018-08-02,2018-09-20,,,,"AUTHORIZE the Chief Executive Officer to award a five-year Contract No. PS110638000 to Canon Solutions America Inc. for Copy Center and Design Studio equipment and services in an amount not-to-exceed $1,590,568, inclusive of sales taxes; subject to the resolution of protest(s), if any."
5256,2018-0525,Contract,Agenda Ready,"Finance, Budget and Audit Committee",2018-08-06,2018-10-25,,,,"AUTHORIZE the Chief Executive Officer to renew existing group insurance policies covering Non-Contract and AFSCME employees for the one-year period beginning January 1, 2019 as outlined in Attachment A."
5258,2018-0527,Informational Report,Agenda Ready,Construction Committee,2018-08-06,2018-09-20,,,,"RECEIVE AND FILE the:
 
A.	Status update on the Project Labor Agreement and Construction Careers Policy programs through the quarter ending June 2018; and 

B.	Female Participation Action Plan Update."
5260,2018-0529,Program,Agenda Ready,"Ad Hoc Congestion, Highway and Roads Committee",2018-08-07,2018-10-17,,,,"CONSIDER: 

A.	APPROVING $35.048 million of additional programming within the capacity of the Measure R 20% Highway funds saved at the completion of the I-5/SR-14 HOV direct connector project to be allocated to the following North County highway operational improvement projects (Attachment A): 

1.	Sierra Highway Traffic Signal Improvement Project in the amount of $565,000;

2.	Vista Canyon Road Bridge between Soledad Canyon Road and Lost Canyon Road in the amount of $20,000,000;

3.	Vista Canyon Transit Center and Metrolink Station in the amount of $4,000,000;

4.	SR-138 (SR-14) Avenue K Interchange in the amount of $9,297,500; and

5.	SR-138 Palmdale Blvd South Bound SR-14 Ramps in the amount of $1,186,250; 

B.	AUTHORIZING the CEO or his designee to negotiate and execute all necessary agreements for the approved projects."
5261,2018-0530,Program,Agenda Ready,"Ad Hoc Congestion, Highway and Roads Committee",2018-08-07,2018-10-17,,Engineering and Construction (Department),,"CONSIDER:

A.	APPROVING $41.3 million of additional programming within the capacity of the Measure R Highway Subregional Programs and funding changes via the updated project list, as shown in Attachment A for:

·	     Highway Operational Improvements in Arroyo Verdugo
·	     Highway Operational Improvement in Las Virgenes Malibu
·	I-405, I-110, I-105 and SR-91 Ramp and Interchange Improvements (South Bay)
·	     I-605 Corridor “Hot Spots” Interchange Improvements in Gateway 
     Cities
·	     I-710 South and/or Early Action Projects in Gateway Cities

B.	APPROVING time extension for 20 projects as shown in Attachment B;

C.	DEOBLIGATING $4.4 million of previously approved measure R Highway Subregional Program funds;

D.	DELEGATING to the Chief Executive Officer (CEO) or his designee the authority to deobligate/reprogram funds and administratively extend funding agreement lapse dates for Measure R Highway Subregional project agreements to meet design, right of way and construction time"
5262,2018-0531,Contract,Agenda Ready,Construction Committee,2018-08-07,2018-10-18,,Engineering and Construction (Department),,"CONSIDER:

A.	AUTHORIZING the Chief Executive Officer to award Contract No. OP111922000 for the Crenshaw/LAX Rail Operations Center (ROC) Transit Passenger Information System (TPIS) to B&C Transit, Inc. for an amount of $719,950 for the Base Work; an amount of $378,774 for the Regional Connector Option 1; an amount of $378,774 for the Westside Purple Line Extension (WPLE) Segment-1 Option 2;  an amount of $100,274 for the WPLE Segment-2 Option-3; and an amount of $100,274 for the WPLE Segment-3 Option-4, for a total firm fixed price contract amount of $1,678,046, subject to resolution of any properly submitted protest, if any; and

B.	APPROVING Contract Modification Authority in the amount of $500,000 and authorize the CEO to execute individual Contract Modifications within the Board approved Contract Modification Authority for potential change orders and cost increase associated with the contract extended period."
5264,2018-0533,Contract,Agenda Ready,Construction Committee,2018-08-09,2018-09-20,,Engineering and Construction (Department),,"AUTHORIZE the Chief Executive Officer to execute an annual expenditure budget plan in the amount of $37,920,890  $37,930,890 for the FY19 Annual Work Plan for the City of Los Angeles."
5265,2018-0534,Contract,Agenda Ready,Executive Management Committee,2018-08-09,2018-09-20,,,,"AUTHORIZE the Chief Executive Officer to:

A.	AWARD task order based bench Contract Nos. PS51863000 through PS51863002 to the firms listed below to provide disadvantaged and small business enterprise certification services for a four-year base term in an amount not to exceed $1,997,880, with two, one-year options, each in an amount not to exceed $499,470, for a total not to exceed amount of $2,996,820, subject to resolution of protest(s), if any.  The following firms are recommended for award:

1.	Gail Charles Consulting Services, LLC
2.	HSW Services, Inc.
3.	Small Business Enterprise Utilization Services

B.	EXECUTE individual task orders under these Contracts for disadvantaged and small business enterprise certification services in a total amount not-to-exceed $2,996,820; and

C.	AUTHORIZE the CEO to award contracts to additional qualified firms throughout the term of this Contract to assist in the performance of this work."
5267,2018-0536,Contract,Agenda Ready,"Ad Hoc Congestion, Highway and Roads Committee",2018-08-09,2018-11-14,,,,"AUTHORIZE the Chief Executive Officer (CEO) to execute Modification No. 78 for Operation and Maintenance (O&M) - Year 6 (from February 24, 2019 to February 29, 2020), for up to one year, for Contract No. PS0922102333 with Atkinson Contractors, LP (Atkinson) for Metro ExpressLanes Operation and Maintenance in the amount of $18,655,393; increasing the total contract price from $185,669,328 to $204,324,721."
5273,2018-0542,Contract,Agenda Ready,Construction Committee,2018-08-10,2018-09-20,,,,"AUTHORIZE the Chief Executive Officer (CEO) to:

A.	AUTHORIZE staff to execute the Settlement Agreement; 

B.	INCREASE the Life of Project Budget for The Bloc/Metro Connection Joint Development by $270,000, increasing the Life of Project from $4,650,000 to $4,920,000; and

C.	AMEND the FY19 annual budget by $270,000."
5275,2018-0544,Contract,Agenda Ready,"Ad Hoc Congestion, Highway and Roads Committee",2018-08-14,2019-01-16,,Planning and Development (Department),,"AUTHORIZE the Chief Executive Officer to award firm fixed price Contract No. PS51236000 to Faneuil, Inc. to provide the personnel, services, and expertise to operate the Metro ExpressLanes Customer Service Centers for an eight-year base period, with three, two year options, in the amount of $83,022,159 for the base period and $86,352,515 for all option years exercised, for a total of $169,374,674, subject to resolution of protest(s), if any."
5276,2018-0545,Oral Report / Presentation,Agenda Ready,Construction Committee,2018-08-14,2018-09-20,,Engineering and Construction (Department),,RECEIVE oral report on the Major Project Status by the Chief Program Management Officer.
5286,2018-0555,Informational Report,Agenda Ready,"Operations, Safety, and Customer Experience Committee",2018-08-20,2018-10-18,,Finance and Budget (Department),,RECEIVE AND FILE an update on NextGen transit competitiveness and market potential information.
5287,2018-0556,Contract,Agenda Ready,Construction Committee,2018-08-20,2018-09-20,,Chief Executive Office (Department),,"AUTHORIZE Amendment No. 1 for the Funding Agreement between the Foothill Gold Line Extension Construction Authority (""Authority"") and the Los Angeles County Metropolitan Transportation Authority (""Metro"") to reflect award of Cap & Trade Funding in the amount of $290,200,000 and to increase the Measure M 3% Local Funding Commitment estimate from $33,000,000 to $36,161,067."
5290,2018-0559,Policy,Failed,Board of Directors - Regular Board Meeting,2018-08-22,2018-09-27,,,,"CONSIDER:

A.  	HOLDING a public hearing on proposed Resolutions of Necessity (Attachment B); and

B.	ADOPTING Resolutions of Necessity authorizing the commencement of eminent domain actions to acquire subsurface easements in the properties identified as Parcels W-3404 (APN 4328-008-050 through 4328-008-053); W-3501 (APN 4328-007-020); W-3503 (APN: 4328-007-107, 4328-007-108, 4328-007-109, and 4328-007-110); W-3504 (APN 4328-007-017); and W-3505 (APN 4328-005-001) (hereinafter the “Property”).

(REQUIRES 2/3 VOTE OF THE BOARD)"
5291,2018-0560,Informational Report,Agenda Ready,"Ad Hoc Congestion, Highway and Roads Committee",2018-08-22,2018-10-17,,Congestion Reduction (Department),,RECEIVE AND FILE the FY2018 Operations Performance Report (Attachment A) for the Metro ExpressLanes.
5292,2018-0561,Ordinance / Administrative Code,Agenda Ready,Executive Management Committee,2018-08-22,2018-09-20,,,,"APPROVE amendment of Title 6, Chapter 6-05 of the Los Angeles County Metropolitan Transportation Authority (“Metro”) Administrative Code (the “Code”), otherwise known as the Metro Customer Code of Conduct, as set forth in Attachment A.  The amended Code will become effective October 1, 2018."
5293,2018-0562,Motion / Motion Response,Agenda Ready,"Ad Hoc Congestion, Highway and Roads Committee",2018-08-22,2019-01-16,,Congestion Reduction (Department),,AUTHORIZE the development of an implementation plan for the I-10 ExpressLanes Pilot Program.
5301,2018-0570,Contract,Agenda Ready,"Operations, Safety, and Customer Experience Committee",2018-08-24,2018-10-18,,,,"AUTHORIZE the Chief Executive Officer to award a two year, Indefinite Delivery, Indefinite Quantity Contract No. MA54977000 to The Aftermarket Parts Company, LLC (New Flyer Parts), the lowest responsive and responsible bidder for bus operator seat assemblies.   The award is for a base year not-to-exceed amount of $692,806, inclusive of sales tax, and a one year option for a not-to-exceed amount of $713,590, inclusive of sales tax, for a total not-to-exceed contract value of $1,406,397, subject to resolution of protest(s), if any."
5303,2018-0572,Contract,Agenda Ready,"Operations, Safety, and Customer Experience Committee",2018-08-24,2018-10-18,,,,"AUTHORIZE the Chief Executive Officer to award a two year, Indefinite Delivery, Indefinite Quantity Contract No. MA44849-2000 to Cummins Incorporated the lowest responsive and responsible bidder for bus engine ignition control modules.   The award is for a Base year not-to-exceed $678,866, inclusive of sales taxes, and a one year Option for a not-to-exceed amount of $694,369, inclusive of sales tax, for a total not-to-exceed contract value of $1,373,235, subject to resolution of protest(s), if any."
5304,2018-0573,Agreement,Agenda Ready,Planning and Programming Committee,2018-08-27,2018-11-14,,Planning and Development (Department),,"AUTHORIZE the Chief Executive Officer to execute:

A.	An amendment to an existing Exclusive Negotiation Agreement and Planning Document (“ENA”) with Bridge Housing Corporation - Southern California and East LA Community Corporation (“Bridge/ELACC”), that extends the term of the ENA to December 31, 2019 and provides for up to an additional 12-month term extension, if deemed necessary and prudent; and

B.	An amendment to an existing Joint Development Agreement (“JDA”) with Taylor Yards, LLC, a development entity created by McCormack Baron Salazar, that extends the term of the JDA to March 31, 2020 and provides for up to an additional 12-month term extension, if deemed necessary and prudent."
5305,2018-0574,Contract,Agenda Ready,Planning and Programming Committee,2018-08-27,2018-11-14,,Planning and Development (Department),,"AUTHORIZE the Chief Executive Officer (CEO) to:

A.	AWARD 29 bench Contract Nos. PS54330000 through PS54330028 under the Countywide Planning and Development Bench for professional services with the contractors recommended in Attachment A-1 for a three-year base period in the funding amount of $25 million, with two, one-year options, in the funding amount of $5 million for each option year, for a not-to-exceed cumulative total funding amount of $35 million, subject to resolution of protest(s) if any:
1.	Discipline 1 - Transportation Planning:
1.1.	AECOM Technical Services, Inc 
1.2.	Cambridge Systematics, Inc.
1.3.	CH2M Hill, Inc.
1.4.	Chen Ryan Associates, Inc. (SBE/DBE)
1.5.	Fehr & Peers
1.6.	HDR Engineering, Inc.
1.7.	Kimley-Horn & Associates, Inc.
1.8.	Mott MacDonald, LLC
1.9.	Steer 
1.10.	STV Incorporated
1.11.	TransLink Consulting, LLC (SBE/DBE)
1.12.	WSP USA;
2.	Discipline 2 - Environmental Planning:
2.1.	AECOM Technical Services, Inc.
2.2.	HDR Engineering, Inc."
5307,2018-0576,Contract,Agenda Ready,Construction Committee,2018-08-28,2018-10-18,,Engineering and Construction (Department),,"CONSIDER:

A.	FINDING that awarding a design-build contract pursuant to Public Utilities Code Section 130242(a) will achieve certain private sector efficiencies in the integration of design, project work, and components related to real property renovation, improvements, and construction work for Project 204094, Division 21 Midway Yard, Main Shop, Blowdown Modification; and

(REQUIRES A 2/3 VOTE OF THE BOARD) 

B.	AUTHORIZING the Chief Executive Officer to solicit and award low bid design-build contracts for renovations, improvements, and construction for Division 21 Midway Yard, Main Shop, Blowdown Modification, pursuant to Public Utilities Code Section 130242."
5308,2018-0577,Plan,Agenda Ready,Executive Management Committee,2018-08-28,2018-09-20,,,,"DIRECT the Chief Executive Officer to return to the December 2018 Board meeting with a recommendation on a Transit Line Operational Naming Convention, including an implementation plan, and cost estimate."
5309,2018-0578,Contract,Agenda Ready,"Operations, Safety, and Customer Experience Committee",2018-08-28,2018-10-18,,Operations (Department),,"AUTHORIZE the Chief Executive Officer to:

A.	AWARD a five-year, firm fixed unit rate Contract No. PS113404000 to Becnel Uniforms, Inc. to provide uniforms for Bus and Rail Transit Operations Supervisors (TOS), in an amount not-to-exceed $819,773 for the three-year base term and $400,000 for one, two year option, for a combined total not-to-exceed amount of $1,219,773 effective January 1, 2019, subject to resolution of protest(s), if any; and

B.	AWARD a five-year, firm fixed unit rate Contract No. PS113405000 to LA Uniforms and Tailoring to provide uniforms for Bus and Rail Transit Operations Supervisors (TOS), in an amount not-to-exceed $221,602 for the three-year base period and $100,000 for one, two year option, for a combined total not-to-exceed amount of $321,602 effective January 1, 2019, subject to resolution of protest(s), if any."
5310,2018-0579,Agreement,Agenda Ready,"Operations, Safety, and Customer Experience Committee",2018-08-28,2018-10-18,,Operations (Department),,"CONSIDER:

A.	ESTABLISHING two contract agreements solicited as Request for Information and Qualification (RFIQ) No. OP44570-2 with M.C. Dean, Incorporated and Skyler Electric Company, Incorporated for goods and services for amount of $2,244,000 for a two year base period and $1,000,000 for three one year options for a total not-to-exceed cumulative value of $3,244,000, subject to resolution of protest(s), if any;

B.	AUTHORIZING the CEO to award Task Orders to qualified UPS Battery suppliers under the approved not-to-exceed cumulative total value of $3,244,000; and 

C.	AUTHORIZING the CEO to add additional qualified Uninterruptible Power Supply (UPS) Battery suppliers to the Bench subject to each potential supplier meeting the same RFIQ evaluation criteria qualifications; and award Task Orders to these qualified suppliers within the approved not-to-exceed cumulative total value of $3,244,000."
5311,2018-0580,Plan,Agenda Ready,Executive Management Committee,2018-08-29,2019-01-17,,Planning and Development (Department),,RECEIVE AND FILE Equity Platform FY19 Activation Plan.
5312,2018-0581,Oral Report / Presentation,Agenda Ready,Executive Management Committee,2018-08-29,2018-10-18,,,,RECEIVE Chief Communications Officer Oral Quarterly Report.
5313,2018-0582,Contract,Agenda Ready,"Ad Hoc Congestion, Highway and Roads Committee",2018-08-29,2018-11-14,,Engineering and Construction (Department),,"AUTHORIZE Contract Modifications No. 194, No. 222 & No. 225 (CCO 194, CCO 222 & CCO 225) by the California Department of Transportation (Caltrans) for the construction contract of Segment 4 of the I-5 North Capacity Enhancements Project from SR-134 to SR-118 (Project) under Funding Agreement No. MOU.P0008355/8501A/A8, in the amount of $20.8 million within the overall corridor LOP budget."
5314,2018-0583,Informational Report,Agenda Ready,Construction Committee,2018-08-29,2018-10-18,,,,RECEIVE AND FILE Office of the Inspector General change order/modification construction spot checks report.
5315,2018-0584,Contract,Agenda Ready,Planning and Programming Committee,2018-08-30,2019-05-15,,Planning and Development (Department),,"AUTHORIZE the Chief Executive Officer to: 

A.	EXECUTE Modification No. 1 to Task Order No. AE115994000 with IBI Group, for the Purple Line Sections 2 and 3 First/Last Mile (FLM) Plan and Guidelines (Project), to: 1) provide additional community engagement for the Purple Line FLM planning, and 2) further the development of the FLM Guidelines, in the amount of $118,512 increasing the task order value from $986,246 to $1,104,758; and

B.	INCREASE Contract Modification Authority (CMA) specific to Task Order No. AE115994000 in the amount of $100,000, increasing the CMA amount from $100,000 to $200,000, in support of additional services related to the Project."
5316,2018-0585,Contract,Agenda Ready,"Operations, Safety, and Customer Experience Committee",2018-09-04,2018-11-15,,,,"CONSIDER:

A.	FINDING that the procurement of stainless steel, anti-graffiti film installation and replacement services for all Metro facilities pursuant to Public Utilities Code (PUC) Section 130237, constitutes a single source procurement method for the sole purpose of duplicating or replacing supply, equipment or material already in use; and

B.	 AUTHORIZING the Chief Executive Officer to award a non-competitive five-year firm fixed unit rate Contract No. OP1141410003367 to Graffiti Shield, Inc. to provide stainless steel, anti-graffiti film installation and replacement services for all Metro facilities for a not to exceed amount of $14,919,070 for the three-year base period and a not to exceed amount of $11,835,168 for the two, one year options for a combined not to exceed total amount of $26,754,238, effective February 3, 2019.

  (REQUIRES 2/3 VOTE OF THE BOARD)"
5319,2018-0588,Contract,Agenda Ready,Construction Committee,2018-09-04,2018-10-17,,Chief Executive Office (Department),,"CONSIDER:

A.	 CERTIFYING the Final Environmental Impact Report (FEIR);

B.	AUTHORIZING the Chief Executive Officer (CEO) to file a Notice of Determination with the Los Angeles County Clerk and State of California Clearinghouse; 

C.	ADOPTING the:

1.	Findings of Fact and Statement of Overriding Considerations (FF/SOC) in accordance with the California Environmental Quality Act (CEQA); and

2.	Mitigation Monitoring and Reporting Plan (MMRP)."
5320,2018-0589,Contract,Agenda Ready,Board of Directors - Regular Board Meeting,2018-09-04,2018-09-27,,Planning and Development (Department),,"AUTHORIZE:

A.	the preparation of an Advanced Alternatives Screening Study with further engineering design, initiation of the procurement process for a Project Environmental Impact Report (EIR) with additional studies to facilitate subsequent National Environmental Quality Act (NEPA) review, conducting public/stakeholder engagement and supporting the City of West Hollywood in preparing a Funding and Delivery Strategic Plan, with all work efforts subject to subsequent funding appropriations by the Board of Directors; and

B.	the Chief Executive Officer to increase Contract Modification Authority (CMA) specific to Task Order No. PS4686900 with AECOM Technical Services, Inc. in the amount of $400,000, increasing the CMA amount from $100,000 to $500,000, for the Advanced Alternatives Screening Study."
5322,2018-0591,Project,Agenda Ready,Planning and Programming Committee,2018-09-04,2018-09-19,,Engineering and Construction (Department),,AUTHORIZE the CEO to support the State’s intention to reprogram $74 million from Raymer to Bernson Double Track and suspend the project.
5326,2018-0595,Resolution,Agenda Ready,"Finance, Budget and Audit Committee",2018-09-05,2018-11-14,,Finance and Budget (Department),,"ADOPT a resolution, Attachment A, that:

A.	AUTHORIZES the negotiated bond sale and issuance of up to $650 million in aggregate principal amount of bonds (Proposition C Sales Tax Revenue Bonds, 2019) in one or more series, to finance capital projects and refinance outstanding commercial paper and revolving credit notes;

B.	APPROVES the forms of the supplemental trust agreement, continuing disclosure certificate, preliminary official statement and such other documents as required for the issuance of the bonds, and approves related documents on file with the Board Secretary as set forth in the resolution and all of which are subject to modification as set forth in the Resolution;

C.	APPROVES the form of the bond purchase contract on file with the Board Secretary, that will be entered into with the underwriters as listed in Attachment B hereto; and

D.	AUTHORIZES taking all action necessary to achieve the foregoing, including, without limitation, the further development and exec"
5327,2018-0596,Resolution,Agenda Ready,"Finance, Budget and Audit Committee",2018-09-05,2019-02-20,,Finance and Budget (Department),,"ADOPT a resolution, Attachment A, that:

A.	AUTHORIZES the issuance of bonds by competitive sale to refund the Proposition C Series 2009-E Bonds, consistent with the Debt Policy to achieve approximately $8.9 million in net present value savings over the ten-year life of the bonds;

B.	APPROVES the forms of Notice of Intention to Sell Bonds, Notice Inviting Bids, Supplemental Trust Agreement, Escrow Agreement, Continuing Disclosure Certificate and Preliminary Official Statement on file with the Board Secretary as set forth in the resolution all as subject to modification as set forth in the resolution; and

C.	AUTHORIZES taking all action necessary to achieve the foregoing, including, without limitation, the further development and execution of bond documentation associated with the issuance of the refunding bonds.

(REQUIRES SEPARATE, SIMPLE MAJORITY BOARD VOTE)"
5328,2018-0597,Resolution,Agenda Ready,"Finance, Budget and Audit Committee",2018-09-05,2019-02-20,,Finance and Budget (Department),,"ADOPT a resolution, Attachment A, that:

A.	AUTHORIZES the issuance of bonds by competitive sale to refund the Proposition A Series 2009-A Bonds, consistent with the Debt Policy to achieve approximately $8.9 million in net present value savings over the seven-year life of the bonds;

B.	APPROVES the forms of Notice of Intention to Sell Bonds, Notice Inviting Bids, Supplemental Trust Agreement, Escrow Agreement, Continuing Disclosure Certificate and Preliminary Official Statement on file with the Board Secretary as set forth in the resolution all as subject to modification as set forth in the resolution; and

C.	AUTHORIZES taking all action necessary to achieve the foregoing, including, without limitation, the further development and execution of bond documentation associated with the issuance of the refunding bonds.

(REQUIRES SEPARATE, SIMPLE MAJORITY BOARD VOTE)"
5329,2018-0598,Contract,Agenda Ready,Executive Management Committee,2018-09-05,2018-11-15,,,,"AUTHORIZE the Chief Executive Officer to: 

A.	AWARD a three-year firm fixed price Contract No. PS54336000 to Southern Methodist University Cox School of Business, to serve as the academic partner for the Metro Leadership Academy (MLA) Program, in the amount of $858,552, effective December 2018 through December 2021; and

B.	APPROVE Contract Modification Authority specific to Contract No. PS54336000 in the amount of $85,855."
5330,2018-0599,Contract,Agenda Ready,Executive Management Committee,2018-09-05,2018-11-15,,,,"AUTHORIZE the Chief Executive Officer to award a 42-month, firm fixed unit rate Contract No. PS42270000 to Temple Medical Center for medical clinic services for Metro downtown service area, in an amount not-to-exceed $1,034,640 effective January 25, 2019 subject to resolution of protests(s) if any."
5331,2018-0600,Informational Report,Agenda Ready,"Ad Hoc Congestion, Highway and Roads Committee",2018-09-05,2018-09-19,,,,RECEIVE General Public Comment
5332,2018-0601,Informational Report,Agenda Ready,Construction Committee,2018-09-05,2018-09-20,,,,RECEIVE General Public Comment
5333,2018-0602,Informational Report,Agenda Ready,Executive Management Committee,2018-09-05,2018-09-20,,,,RECEIVE General Public Comment
5334,2018-0603,Informational Report,Agenda Ready,"Finance, Budget and Audit Committee",2018-09-05,,,,,RECEIVE General Public Comment
5335,2018-0604,Informational Report,Agenda Ready,"Ad Hoc Congestion, Highway and Roads Committee",2018-09-05,2018-09-19,,,,RECEIVE General Public Comment
5336,2018-0605,Informational Report,Agenda Ready,Planning and Programming Committee,2018-09-05,2018-09-19,,,,RECEIVE General Public Comment
5337,2018-0606,Program,Agenda Ready,"Finance, Budget and Audit Committee",2018-09-05,2018-10-18,,,,"CONSIDER:

A.	APPROVING the programming of up to $2.875 Million in FY21, $3.631 Million in FY22, $4.494 Million in FY23, and $5 Million annually from FY 24 through FY35 (cumulatively, up to $75 $71 Million over 15 Fiscal Years), to support the operations of Los Angeles County’s first transportation infrastructure school; and

B.	AUTHORIZING the Chief Executive Officer or his designee to negotiate and execute a Funding Agreement for the transportation infrastructure school with the County of Los Angeles."
5338,2018-0607,Policy,Agenda Ready,"Finance, Budget and Audit Committee",2018-09-06,2019-02-20,,Finance and Budget (Department),,"CONSIDER:

A.	ADOPTING the Investment Policy in Attachment B; 

B.	APPROVING the Financial Institutions Resolution authorizing financial institutions to honor signatures of LACMTA Officials, Attachment C; and

C.	APPROVING the Local Agency Investment Fund (LAIF) Resolution authorizing LAIF to honor  LACMTA Authorized Signatures, Attachment D; and 

D.	DELEGATING to the Treasurer or her designees, the authority to invest funds for a one year period, pursuant to California Government Code (“Code”) Section 53607."
5339,2018-0608,Contract,Agenda Ready,Planning and Programming Committee,2018-09-06,2018-11-14,,Planning and Development (Department),,"AUTHORIZE the Chief Executive Officer to:

A.	EXECUTE Modification No. 8 to Contract No. PS272680011357 with Bicycle Transit Systems, Inc. (BTS) for the Metro Countywide Bike Share Greenhouse Gas Reduction Fund (GGRF) Grant in the amount of $6,342,126, increasing the total contract value from $89,001,735 to $95,343,861;

B.	APPROVE the increase of the Phase III Expansion Life of Project (LOP) budget by $2.83M increasing total LOP from $10.5M to $13.33M; and

C.	NEGOTIATE and EXECUTE a Memorandum of Understanding (MOU) amendment to set the terms of fiscal and administrative responsibility as described in the January 2015 Receive and File (accessed at <http://media.metro.net/board/Items/2015/01_january/20150114p&pitem25.pdf>) with the City of Los Angeles as it relates to the GGRF Grant award."
5340,2018-0609,Contract,Agenda Ready,"Operations, Safety, and Customer Experience Committee",2018-09-07,2018-10-17,,Information Technology (Department),,"AUTHORIZE the Chief Executive Officer to award a firm fixed price Contract No. PS51796000 for telephone system maintenance, service, and repair to Scottel Voice & Data, Inc., dba Black Box Network Services, for a not-to-exceed amount of $1,521,764 for the three-year base period effective November 1, 2018, plus $1,037,075 for the first two-year option, and $1,058,899 for the second two-year option, inclusive of sales tax, for a combined total not-to-exceed amount of $3,617,738, subject to resolution of protest(s), if any."
5350,2018-0619,Informational Report,Agenda Ready,Construction Committee,2018-09-17,2018-10-18,,Chief Executive Office (Department),,RECEIVE AND FILE this status report on the Airport Metro Connector (AMC) project (the Project).
5352,2018-0621,Appointment,Agenda Ready,"Operations, Safety, and Customer Experience Committee",2018-09-17,2019-01-17,,Operations (Department),,APPROVE Mr. Danny Hom for membership on Metro’s Gateway Cities Service Council.
5353,2018-0622,Informational Report,Agenda Ready,Planning and Programming Committee,2018-09-18,2019-01-16,,Planning and Development (Department),,"WITHDRAWN:  RECEIVE AND FILE status report on the Long Range Transportation Plan (LRTP) Update, including the following informational items:

A.	Public Engagement Summary Report (Phase 1); and

B.	Draft Mobility Plan to Access Opportunity Framework."
5354,2018-0623,Informational Report,Agenda Ready,Construction Committee,2018-09-18,2018-10-18,,Engineering and Construction (Department),,RECEIVE AND FILE Program Management Quarterly Change Report
5355,2018-0624,Budget,Agenda Ready,Crenshaw Project Corporation,2018-09-18,2018-12-06,,Finance and Budget (Department),,"APPROVE the Fiscal Year 2018-2019 (FY19) budget in the amount of $36,406 for the operation and administration of the Crenshaw Project Corporation (CPC)."
5356,2018-0625,Informational Report,Agenda Ready,Crenshaw Project Corporation,2018-09-18,2018-12-06,,Finance and Budget (Department),,RECEIVE AND FILE report on Crenshaw Project Corporation (CPC) Transportation Infrastructure Finance Innovation Act (TIFIA) Loan administration activities during calendar year 2018.
5359,2018-0628,Contract,Agenda Ready,"Operations, Safety, and Customer Experience Committee",2018-09-19,2018-11-15,,,,"AUTHORIZE the Chief Executive Officer to award a two year, Indefinite Delivery, Indefinite Quantity Contract No. MA49132000 to Cummins Inc., for electronic control modules for a one year base amount of $730,578, inclusive of sales tax, and a second year amount of $748,845, inclusive of sales tax, for a total contract value of $1,479,423, subject to resolution of protest(s), if any."
5360,2018-0629,Oral Report / Presentation,Agenda Ready,Construction Committee,2018-09-19,2018-10-18,,Engineering and Construction (Department),,RECEIVE oral report on the Major Project Status by the Chief Program Management Officer.
5361,2018-0630,Informational Report,Agenda Ready,"Operations, Safety, and Customer Experience Committee",2018-09-19,2018-10-18,,,,RECEIVE AND FILE Monthly Update on Transit Policing Performance.
5362,2018-0631,Informational Report,Agenda Ready,Crenshaw Project Corporation,2018-09-20,2018-12-06,,Finance and Budget (Department),,"RECEIVE AND FILE the Crenshaw Project Corporation (CPC) Annual Financial Report for the fiscal year ended June 30, 2018 (see Attachment A)."
5363,2018-0632,Informational Report,Agenda Ready,Board of Directors - Regular Board Meeting,2018-09-27,,,,,RECEIVE report by the Chair.
5364,2018-0633,Informational Report,Agenda Ready,Board of Directors - Regular Board Meeting,2018-09-20,2018-09-27,,,,"RECEIVE report by the Chief Executive Officer. 

·	Letter from Solis, Hahn, and Garcetti."
5365,2018-0634,Informational Report,Agenda Ready,Board of Directors - Regular Board Meeting,2018-09-20,,,,,"CLOSED SESSION:
A.	Conference with Legal Counsel - Existing Litigation - G.C. 54956.9(d)(1)

1.	Isidra Corrales, et al v. LACMTA, et al., LASC Case No. BC630760
2.	Maria Cuaron v. LACMTA, LASC Case No. BC643187
3.	City of Beverly Hills v. LACMTA, USDC Case No. CV-18-3891-GW(SSx)


B.	Conference with Legal Counsel - Anticipated Litigation - G.C. 54956.9(d)(2)

Significant Exposure to Litigation (One Case)


C.   Conference with Real Property Negotiator - G.C. 54956.8 

1.	Property Description:  2029-2049 Century Park East, Los Angeles, CA
Agency Negotiator:  Velma C. Marshall 
Negotiating Party:  Brian X. Okrent
Under Negotiation:  Terms and Price

2.	Property Description:  6101 Wilshire Boulevard, Los Angeles, CA
Agency Negotiator:  Velma C. Marshall
Negotiating Party:  Jesse Allan   
Under Negotiation:  Terms and Price

3.	Property Description:  2848 E. 208th Street, Long Beach, CA 90810
Agency Negotiator:  John T. Potts
Negotiating Party:  Nick Martin
Unde"
5368,2018-0637,Motion / Motion Response,Agenda Ready,Board of Directors - Regular Board Meeting,2018-09-20,2018-09-27,,,,"WE, THEREFORE, MOVE that the Board direct the CEO to:

A.	inventory existing secure bike parking facilities;

B.	assess demand for additional secure bike parking, including wait lists for bike lockers, utilization of existing bike racks, reports of bike theft, and the availability of alternative first/last mile options, such as bike share;

C.	evaluate alternative rental models for bike lockers used by other transit
agencies, including hourly or daily rentals;

D.	identify high-demand locations that could be good candidates for future
Bike Hubs;

E.	evaluate interim steps that can be taken to deter theft at existing bike
parking, such as lighting, surveillance cameras, targeted enforcement,
etc.; and

F.	report back to the Board with the above information in February 2019."
5369,2018-0638,Contract,Agenda Ready,"Operations, Safety, and Customer Experience Committee",2018-09-21,2018-11-15,,,,"AUTHORIZE the chief Executive Officer to award a two-year, Indefinite Delivery, Indefinite Quantity Contract No. MA53850000 to Gillig LLC, for Kit - Q’Pod Assemblies with Passenger Curb Side Seats.  The Contract has a first year amount of $2,005,420, inclusive of sales tax, and a second year amount of $2,005,420, inclusive of sales tax, for a total contract value of $4,010,840, subject to resolution of protest(s), if any."
5373,2018-0642,Motion / Motion Response,Agenda Ready,Board of Directors - Regular Board Meeting,2018-09-21,2018-09-27,,,,"WE, THEREFORE, MOVE THAT THE CEO:

A.	report back to the Board in 120 days with potential strategies and methods that Metro may employ in future Open Streets funding processes in order to ensure resources are spread across a wider geographical area, such as examining the impact of the current maximum grant allocation and coordinating with Councils of Governments and other cross-jurisdictional entities to assist with grant-writing for smaller, more disadvantaged cities;

B.	create a “mini-cycle” in FY2020 of Open Street Grant applications that is open to communities that have not received funding from the Cycle 3 Grants, with a focus on regional equity; and

C.	identify potential funding sources, including Prop C 25%, of up to $1 million for the “mini-cycle” Open Streets event applications."
5375,2018-0644,Oral Report / Presentation,Agenda Ready,"Operations, Safety, and Customer Experience Committee",2018-09-21,2018-11-15,,Operations (Department),,Operations Employees of the Month
5376,2018-0645,Oral Report / Presentation,Agenda Ready,"Operations, Safety, and Customer Experience Committee",2018-09-21,2018-11-15,,Operations (Department),,"RECEIVE oral report on SmartDrive program update to discuss the positive impact on safety, service and operator behavior as a result of the collaborative efforts between Safety/Risk Management, Operations and IT."
5377,2018-0646,Informational Report,Agenda Ready,Board of Directors - Regular Board Meeting,2018-09-24,2018-09-27,,,,RECEIVE General Public Comment
5380,2018-0649,Oral Report / Presentation,Agenda Ready,"Ad Hoc Congestion, Highway and Roads Committee",2018-09-26,2018-10-17,,,,RECEIVE report by the Caltrans District Director on Delivery of Projects on I-5.
5383,2018-0652,Motion / Motion Response,Agenda Ready,"Ad Hoc Congestion, Highway and Roads Committee",2018-09-27,2019-02-20,,,,RECEIVE oral report by Caltrans in response to the Road Movable Barriers System Motion from June 2018.
5384,2018-0653,Federal Legislation / State Legislation (Position),Agenda Ready,Executive Management Committee,2018-09-27,2018-10-18,,,,"ADOPT staff recommended position:

A.	House Resolution 5857 (DeFazio) - Stop Sexual Assault And Harassment In Transportation Act   SUPPORT"
5391,2018-0660,Program,Agenda Ready,"Ad Hoc Congestion, Highway and Roads Committee",2018-09-28,2019-06-19,,Engineering and Construction (Department),,"CONSIDER:

A.	PROGRAMMING an additional $968,356 for Soundwall Package 10 (Project); and

B.	AUTHORIZING the Chief Executive officer to execute a Funding Agreement with Caltrans to add $968,356 to Soundwall Package 10 to cover the Supplemental NBSSRs, PS&E and Right of Way expenses for the Project to date."
5393,2018-0662,Informational Report,Agenda Ready,"Finance, Budget and Audit Committee",2018-10-01,,,,,RECEIVE General Public Comment
5394,2018-0663,Informational Report,Agenda Ready,"Ad Hoc Congestion, Highway and Roads Committee",2018-10-01,,,,,RECEIVE General Public Comment
5395,2018-0664,Informational Report,Agenda Ready,Planning and Programming Committee,2018-10-01,,,,,RECEIVE General Public Comment
5396,2018-0665,Informational Report,Agenda Ready,Planning and Programming Committee,2018-10-01,,,,,RECEIVE General Public Comment
5397,2018-0666,Informational Report,Agenda Ready,Construction Committee,2018-10-01,,,,,RECEIVE General Public Comment
5398,2018-0667,Informational Report,Agenda Ready,Executive Management Committee,2018-10-01,,,,,RECEIVE General Public Comment
5399,2018-0668,Motion / Motion Response,Agenda Ready,"Operations, Safety, and Customer Experience Committee",2018-10-01,2019-02-21,,Operations (Department),,RECEIVE AND FILE the status update for Motion 38.1 about the customer experience program.
5401,2018-0670,Contract,Agenda Ready,"Operations, Safety, and Customer Experience Committee",2018-10-01,2019-01-17,,Operations (Department),,"CONSIDER:

A.	AUTHORIZING the Chief Executive Officer to increase the Life-of-Project (LOP) budget to Contract No. A650-2015, for the Heavy Rail Vehicle Overhaul and Critical Component Replacement Program (OCCRP), by $12,399,908 increasing the total Life-of-Project (LOP) budget from $86,662,000 to $99,061,908 as funded per attachment C; and

B.	APPROVING Modification No. 3 to Contract A650-2015, with Talgo Inc., for the design and installation of the Train-To-Wayside Communication (TWC) System in the firm-fixed price amount of $2,044,908."
5403,2018-0672,Oral Report / Presentation,Agenda Ready,Construction Committee,2018-01-01,2018-11-15,,Engineering and Construction (Department),,RECEIVE oral report on the Major Project Status by the Chief Program Management Officer.
5404,2018-0673,Minutes,Agenda Ready,Board of Directors - Regular Board Meeting,2018-10-02,2018-10-25,,,,"APPROVE Minutes of the Regular Board Meeting held September 27, 2018."
5406,2018-0675,Contract,Agenda Ready,"Ad Hoc Congestion, Highway and Roads Committee",2018-10-08,2018-11-14,,,,"AUTHORIZE the Chief Executive Officer to increase Contract Modification Authority (CMA) to 12 existing Freeway Service Patrol contracts as delineated below for a total amount of $3,670,000 thereby increasing the CMA amount from $2,113,534 to $5,783,534 and extend the periods of performance as follows:

·	Beat no.1:  All City Tow contract no. FSP2828200FSP141, for $265,000 for 6 months
·	Beat no.2:  Citywide Towing contract no. FSP2785600FSP142, for $190,000 for 5 months
·	Beat no.4:   Frank Scotto Towing contract no. FSP2788200FSP144, for $190,000 for 5 months
·	Beat no.8:   Citywide Towing contract no. FSP2825800FSP148, for $195,000 for 5 months
·	Beat no.10:  Neighborhood Towing 4 U contract no. FSP3848100FSP1410, for $245,000 for 7 months
·	Beat no.13:  Reliable Delivery Service contract no. FSP2831500FSP1413, for $475,000 for 7 months
·	Beat no.24: T.G. Towing, Inc. contract no. FSP2833200FSP1424, for $330,000 for 8 months
·	Beat no.33:  Mid Valley Towing contract no. FSP2851900FSP"
5408,2018-0677,Policy,Agenda Ready,Board of Directors - Regular Board Meeting,2018-10-09,2018-10-25,,Planning and Development (Department),,"CONSIDER:

A.	HOLDING a public hearing on the proposed Resolution of Necessity; and

B.	ADOPTING a Resolution of Necessity authorizing the commencement of an eminent domain action to acquire fee simple interest in the property identified as Parcel RM-10 (APN 8069-003-008).

(REQUIRES 2/3 VOTE OF THE BOARD)"
5415,2018-0684,Plan,Agenda Ready,Executive Management Committee,2018-10-11,2018-11-15,,,,"CONSIDER:

A.	AUTHORIZING the CEO to establish a Transit Line Operational Naming Convention to change the current naming convention to a color and letter designation for rail lines and bus rapid transit lines; and

B.	APPROVING a phased implementation plan that takes advantage of planned capital projects and a phased transition through the completion of the Regional Connector Project."
5416,2018-0685,Informational Report,Agenda Ready,"Finance, Budget and Audit Committee",2018-10-11,2018-11-14,,Chief Executive Office (Department),,"RECEIVE AND FILE the first quarter report of Management Audit Services (Management Audit) for the period ending September 30, 2018."
5417,2018-0686,Informational Report,Agenda Ready,Executive Management Committee,2018-10-11,2018-11-15,,Chief Executive Office (Department),,RECEIVE AND FILE report on streamlining audits for small and disadvantaged businesses (SBE/DBE).
5418,2018-0687,Motion / Motion Response,Agenda Ready,Executive Management Committee,2018-10-12,2018-10-18,,,,"APPROVE MOTION by Garcetti, Kuehl, Ridley-Thomas and Garcia that the Board direct the CEO to:

A.	provide transit services free of fare on the November 6, 2018 election day;

B.	partner with Access Services to examine providing enhanced and/or reduced-fare services on the November 6, 2018 election day; and

C.	in consultation with the Los Angeles County Registrar-Recorder/County Clerk, report back to the Board by the February 2019 cycle on whether or not to make free transit permanent on federal and statewide election days."
5419,2018-0688,Informational Report,Agenda Ready,"Operations, Safety, and Customer Experience Committee",2018-10-12,2018-10-18,,,,"WE, THEREFORE, direct the CEO to:
A.	apply the $5.5 million grant from the Federal Transit Administration to a bus replacement implementation plan that prioritizes routes in the South Bay and Gateway cities that service the following criteria:
 
1.	Environmentally disadvantaged communities, as defined by SB 535
2.	Congested arterial streets
3.	Goods movement corridors

B.	provide a quarterly update to the Board on the progress of the Zero Emission Bus (ZEB) Program Master Plan as it relates to Metro’s replacement priorities of the existing fleet, and to specifically address how those priorities address areas in the greatest need of pollution and emissions relief.

C.	report back to the Metro Board with the bus replacement implementation plan during the January Board cycle."
5420,2018-0689,Policy,Agenda Ready,Board of Directors - Regular Board Meeting,2018-10-12,2018-10-25,,Planning and Development (Department),,"CONSIDER:

A.	HOLDING a public hearing on the proposed Resolutions of Necessity; and

B.	ADOPTING the Resolutions of Necessity (Attachment B) authorizing the commencement of an eminent domain action to acquire a subsurface easement in the properties identified as Parcels: W-3301 (APN: 4328-014-005);  W-3302 (APN: 4328-009-003); W-3303 (APN: 4328-009-023); W-3304 (APN: 4328-009-043); W-3402 (APN: 4328-008-002); W-3405 (APN: 4328-008-029 through 4328-008-048); W-3408 (APN: 4328-08-014); W-3503* (APN: 4328-007-107 through 4328-007-110); W-3504* (APN 4328-007-017); W-3505* (APN 4328-005-001).

*These parcels were previously included in the Resolutions of Necessity presented to the Board at its September 27, 2018 meeting. However, two-thirds of the Board was not present at the time of the vote and the item did not pass.

(REQUIRES 2/3 VOTE OF THE BOARD)"
5421,2018-0690,Program,Agenda Ready,Planning and Programming Committee,2018-10-15,2018-11-14,,Planning and Development (Department),,APPROVE the assignment of up to ten points as presented in Attachment A to candidate projects for the Active Transportation Program (ATP) Cycle 4 Southern California Association of Governments’ (SCAG) Regional ATP competition.
5425,2018-0694,Project,Agenda Ready,Planning and Programming Committee,2018-10-17,2018-11-14,,,,"APPROVE the designation of the California Environmental Quality Act (CEQA) “Proposed Project” in the Link Union Station (Link US) Draft Environmental Impact Report (DEIR) as Alternative 1 with Design Option B which provides up to 10 run-through tracks with shared lead tracks. The CEQA Proposed Project includes an above-grade passenger concourse that will also include a new expanded, at-grade passage way which will provide additional passenger travel-path convenience and options."
5428,2018-0697,Informational Report,Agenda Ready,"Operations, Safety, and Customer Experience Committee",2018-10-18,2018-11-15,,,,RECEIVE AND FILE Transit Safety and Security Report.
5429,2018-0698,Informational Report,Agenda Ready,Board of Directors - Regular Board Meeting,2018-10-18,,,,,RECEIVE General Public Comment
5430,2018-0699,Informational Report,Agenda Ready,Board of Directors - Regular Board Meeting,2018-10-18,,,,,"A.	Conference with Legal Counsel - Existing Litigation - G.C. 54956.9(d)(1)
City of Beverly Hills v. LACMTA, USDC Case No. CV-18-3891-GW(SSx)

B.	Public Employee Performance Evaluation - G.C. 54957(b)(1) 
Titles: CEO, General Counsel, Board Secretary, Inspector General; and Chief  Ethics Officer

C.   Conference with Real Property Negotiator - G.C. 54956.8 
1.	Property Description:  2029-2049 Century Park East, Los Angeles, CA
Agency Negotiator:  Velma C. Marshall  
Negotiating Party:  One Hundred Towers, LLC 
Under Negotiation:  Terms and Price 

2.	Property Description:  1950 Century Park East, Los Angeles, CA    
Agency Negotiator:  Velma C. Marshall
Negotiating Party:  Automobile Club of Southern California  
Under Negotiation:  Terms and Price"
5431,2018-0700,Informational Report,Agenda Ready,Board of Directors - Regular Board Meeting,2018-10-18,,,,,RECEIVE report by the Chief Executive Officer.
5432,2018-0701,Informational Report,Agenda Ready,Board of Directors - Regular Board Meeting,2018-10-18,,,,,RECEIVE remarks by the Chair.
5433,2018-0702,Motion / Motion Response,Agenda Ready,Board of Directors - Regular Board Meeting,2018-10-18,2018-10-25,,,,"RECOMMENDATION

APPROVE Amending Motion by Barger and Najarian as amended by Solis that: 

A.	$3.288 million be allocated to this project from the Call for Projects Reserve Fund, and;

B.	The CEO direct staff to analyze the existing Countywide Soundwall Program, phases I & II, in coordination with appropriate local and state agencies, and report back to the board in 120 days on available options to fund and construct the remaining soundwalls, including a short term plan for completion of phase I and a long term plan for implementation of phase II; and

C.	Metro will proactively seek and exhaust all resources and explore other funding opportunities, including, but not limited to, any funding that may become available from the sales of Caltrans-owned surplus properties related to the I-710 Corridor as well as Federal, State, and Regional resources to reimburse the Call for Projects Reserve Fund."
5434,2018-0703,Motion / Motion Response,Agenda Ready,"Ad Hoc Congestion, Highway and Roads Committee",2018-10-18,2019-01-16,,Congestion Reduction (Department),,APPROVING a one-year pilot of the “Pay-as-You-Use” model.
5435,2018-0704,Motion / Motion Response,Agenda Ready,Board of Directors - Regular Board Meeting,2018-10-19,2018-10-25,,,,"APPROVE Motion by Garcia, Hahn, Ridley-Thomas and Bonin to direct the CEO to report back to the Board in January 2019 on the following:

A.	A review of current cleanliness measures and recommendations for possible improvements, with any associated costs if applicable, with full consideration of customer expectations;

B.	Proposed coordinative efforts to help address cleanliness on non-Metro property, along Metro-owned rights-of-way and adjacent to Metro bus rapid transit and rail stations, including graffiti abatement and trash pick-up;

C.	Recommendations for improved coordination among Metro departments that are responsible for components of the customer experience at Metro bus rapid transit and rail stations, including cleanliness; and

D.	Recommendations for improved coordination with other public agencies with oversight over non-Metro property along Metro-owned rights-of-way and adjacent to Metro bus rapid transit and rail stations."
5437,2018-0706,Program,Agenda Ready,"Finance, Budget and Audit Committee",2018-10-24,2019-01-16,,Finance and Budget (Department),,"CONSIDER:

A.	AUTHORIZING the extension and execution of Memorandums of Understanding (MOU) by the Chief Executive Officer for Low Income Fare is Easy (LIFE) and Immediate Needs Transportation Programs (INTP) including transportation and administration for a period of six months beginning July 1, 2019 through December 31, 2019; 

B.	AMENDING the Fiscal Year (FY) 2019 Budget by $400,000 to increase the LIFE program from $14.1M to $14.5M due to Federal Transit Administration Section 5316 Job Access and Reverse Commute (Section 5316) funding received for the LIFE program; 

C.	AUTHORIZING the extension and execution of the Memorandums of Understanding (MOU) by the Chief Executive Officer for the Municipal, Included and other TAP Operators that are or will be participating in the LIFE program; 

D.	AUTHORIZING the extension and execution of Memorandum of Understanding (MOU) by the Chief Executive Officer for Support for Homeless on Re-Entry Program (SHORE), including transportation and adm"
5440,2018-0709,Motion / Motion Response,Agenda Ready,Board of Directors - Regular Board Meeting,2018-10-26,2018-12-06,,,,RECEIVE AND FILE the Twenty-Eight by ’28 White Paper (Attachment B).
5441,2018-0710,Motion / Motion Response,Agenda Ready,"Operations, Safety, and Customer Experience Committee",2018-10-29,2018-11-15,,,,"CONSIDER:

A.	APPROVING Alternative C-1 (Norwalk - Crenshaw/Expo, and Redondo Beach - Aviation/Century) as the preferred service plan for Crenshaw/LAX - Green Line; and

B.	DIRECTING the CEO to reevaluate the service plan one year prior to the opening of the Green Line extension to Torrance to determine if travel patterns and other relevant factors show a need for a change in service pattern."
5442,2018-0711,Motion / Motion Response,Agenda Ready,"Operations, Safety, and Customer Experience Committee",2018-10-29,2019-01-17,,,,"RECEIVE AND FILE the motion response regarding Metro system cleanliness activities, including Metro’s right-of-way and adjacent property, with full consideration to the customer experience."
5443,2018-0712,Minutes,Agenda Ready,Board of Directors - Regular Board Meeting,2018-10-29,2018-12-06,,,,"APPROVE Minutes of the Regular Board Meeting held October 25, 2018."
5444,2018-0713,Informational Report,Agenda Ready,"Ad Hoc Congestion, Highway and Roads Committee",2018-10-29,2018-11-14,,,,RECEIVE General Public Comment
5445,2018-0714,Informational Report,Agenda Ready,"Finance, Budget and Audit Committee",2018-10-29,2018-11-14,,,,RECEIVE General Public Comment
5446,2018-0715,Informational Report,Agenda Ready,Planning and Programming Committee,2018-10-29,2018-11-14,,,,RECEIVE General Public Comment
5447,2018-0716,Informational Report,Agenda Ready,"Operations, Safety, and Customer Experience Committee",2018-10-29,2018-11-15,,,,RECEIVE General Public Comment
5448,2018-0717,Informational Report,Agenda Ready,Construction Committee,2018-10-29,2018-11-15,,,,RECEIVE General Public Comment
5449,2018-0718,Informational Report,Agenda Ready,Executive Management Committee,2018-10-29,2018-11-15,,,,RECEIVE General Public Comment
5454,2018-0723,Contract,Agenda Ready,"Operations, Safety, and Customer Experience Committee",2018-10-31,2019-01-17,,,,"AUTHORIZE the Chief Executive Officer to award a two year, Indefinite Delivery, Indefinite Quantity Contract No. MA56400000 to Cummins Incorporated, the lowest responsive and responsible bidder for Three-Way Muffler Catalysts.  The award is for a Base year not-to-exceed of $607,663 inclusive of sales tax, and a one year Option for a not-to-exceed amount of $622,855, inclusive of sales tax for a total not-to-exceed contract value of $1,230,518, subject to resolution of protest(s), if any."
5455,2018-0724,Agreement,Agenda Ready,"Finance, Budget and Audit Committee",2018-11-02,2019-01-16,,Planning and Development (Department),,"AUTHORIZE the Chief Executive Officer (CEO) to execute a five (5)-year license agreement commencing November 1, 2018 with Southern California Edison (“Licensor”) for the Blue Line Storage Yard located next to Division 11 in Long Beach at a rate of $117,848.33 annually with escalations of three percent (3%) annually for a total license value of $625,673 over the term."
5460,2018-0729,Motion / Motion Response,Agenda Ready,Board of Directors - Regular Board Meeting,2018-11-09,2018-11-15,,,,"APPROVE Motion by Hahn, Solis, Butts & Krekorian that the Board direct the CEO to:

A.	Expedite the replacement of all 52 diesel buses operating in the South Bay region ahead of Metro’s current schedule, to ensure the safety of drivers and passengers;

B.	Fully investigate the circumstances surrounding the incidents whereby 7 of these buses caught fire, how driver complaints about safety issues were handled and an explanation as to why the Board was not informed of these incidents;

C.	Conduct a full review of Metro’s contract with MV Transportation, including maintenance, quality control and driver safety issues; and

D.	Conduct a full review of Metro’s practice of contracting bus services out, and advise as to the feasibility of Metro directly providing bus services instead of through contractors.

FURTHER MOVE that the CEO provide a comprehensive report within 30 days that addresses the fore-mentioned directives."
5461,2018-0730,Motion / Motion Response,Agenda Ready,Board of Directors - Regular Board Meeting,2018-11-09,2018-11-15,,,,"APPROVE Motion by Hahn, Butts, Solis, Najarian, Fasana & Garcia that the Board instruct the CEO to:

A.	implement Alternative C-3 for the Crenshaw/LAX -Green Line Operating Plan as a 1 year pilot plan in anticipation of the opening of the LAX Automated People Mover (APM) and 96th Street Station, maintaining the existing headways on the Green Line;

B.	report back to the Metro Board one (1) year after the pilot is over to reevaluate the ridership and travel demand; and

C.	as a new policy, bring future substantive changes to rail operating plans to the Metro Board for approval as a matter of course, instead of “receive and file.”"
5467,2018-0736,Program,Agenda Ready,Planning and Programming Committee,2018-11-14,2019-01-16,,Planning and Development (Department),,"CONSIDER:

A.	AUTHORIZING the Metro Open Streets Grant Program FY 2020 Mini-cycle Application and Guidelines (Attachment B); and

B.	REPROGRAMMING $252,688 in unutilized Cycle Two funds towards the FY 2020 Mini-cycle; and to fully fund Cycle Three awarded events in El Monte and Paramount."
5468,2018-0737,Informational Report,Agenda Ready,"Operations, Safety, and Customer Experience Committee",2018-11-14,2019-01-17,,OCEO (Department),,RECEIVE AND FILE an update on Metro’s Photo Enforcement Program.
5470,2018-0739,Contract,Agenda Ready,"Operations, Safety, and Customer Experience Committee",2018-11-14,2019-01-17,,,,"APPROVE an increase to the Life-of-Project (LOP) budget for the bus facilities fire alarm control panel replacement project (CP 202333) by $1,850,000, increasing the LOP budget from $1,624,300 to $3,474,300, which will enable staff to re-solicit and award a contract to the lowest responsible bidder for the bus facilities fire alarm control panel replacement project."
5471,2018-0740,Oral Report / Presentation,Agenda Ready,"Operations, Safety, and Customer Experience Committee",2018-11-14,2019-01-17,,Operations (Department),,Operations Employees of the Month
5472,2018-0741,Oral Report / Presentation,Agenda Ready,"Operations, Safety, and Customer Experience Committee",2018-11-14,2019-01-17,,Operations (Department),,RECEIVE oral report on Metro Operations and ITS Countdown Clock Update.
5473,2018-0742,Oral Report / Presentation,Agenda Ready,"Operations, Safety, and Customer Experience Committee",2018-11-14,2019-02-21,,Operations (Department),,Operations Employees of the Month
5474,2018-0743,Oral Report / Presentation,Agenda Ready,"Operations, Safety, and Customer Experience Committee",2018-11-14,2019-02-21,,Operations (Department),,RECEIVE oral report on New Blue and Metro Special Events Bus and Rail Services.
5475,2018-0744,Oral Report / Presentation,Agenda Ready,"Operations, Safety, and Customer Experience Committee",2018-11-14,2019-03-21,,Operations (Department),,Operations Employees of the Month
5476,2018-0745,Oral Report / Presentation,Agenda Ready,"Operations, Safety, and Customer Experience Committee",2018-11-14,2019-03-21,,Operations (Department),,RECEIVE oral report on NextGen Regional Service Concept and New Blue Update.
5479,2018-0748,Contract,Agenda Ready,"Operations, Safety, and Customer Experience Committee",2018-11-15,2019-01-17,,Vendor / Contract Management (Department),,"AUTHORIZE the Chief Executive Officer to execute a four-year, three month amendment to the existing lease agreement with Andy Azad 2002 Irrevocable Trust (“Landlord”) for the use of 44,964 rentable square feet (“RSF”) of warehouse space located at 2950 East Vernon Ave, Vernon, commencing May 1, 2019 at a monthly rate of $40,017.96 for the total value of $2,189,247 including annual escalations of three percent."
5480,2018-0749,Informational Report,Agenda Ready,Board of Directors - Regular Board Meeting,2018-11-15,2018-12-06,,,,RECEIVE remarks by the Chair.
5481,2018-0750,Informational Report,Agenda Ready,Board of Directors - Regular Board Meeting,2018-11-15,2018-12-06,,,,RECEIVE report by the Chief Executive Officer.
5483,2018-0752,Informational Report,Agenda Ready,Board of Directors - Regular Board Meeting,2018-11-15,,,,,RECEIVE General Public Comment
5484,2018-0753,Program,Agenda Ready,"Finance, Budget and Audit Committee",2018-11-15,2019-02-28,,Finance and Budget (Department),,"CONSIDER:

A.	AUTHORIZING the Chief Executive Officer to renew and/or replace the direct-pay letters of credit (“LOC”) and direct purchase revolving credit facility (“RCF”) to be provided by the banks described below, finalize negotiations with the recommended banks and enter into reimbursement/credit agreements and related documents associated with such LOCs and RCF;

1.	Replace the LOCs currently being provided by Sumitomo Mitsui Banking Corporation (“Sumitomo”) and MUFG Union Bank, N.A. (“MUFG”), for the Proposition A commercial paper program with a LOC to be provided by Barclays Bank PLC (“Barclays”) for a commitment amount of $200 million for a 3 year term at an estimated cost of $13.5 million including interest, legal fees and other related expenses.

2.	Replace the LOC currently being provided by Bank of America (“BANA”) of $75 million for the Proposition C commercial paper program with a revolving credit facility provided by Wells Fargo Bank, N.A. (“Wells Fargo”) for an e"
5487,2018-0756,Informational Report,Agenda Ready,Board of Directors - Regular Board Meeting,2018-11-20,,,,,RECEIVE General Public Comment
5488,2018-0757,Motion / Motion Response,Agenda Ready,"Operations, Safety, and Customer Experience Committee",2018-11-20,2019-01-17,,Operations (Department),,RECEIVE AND FILE the status update for item 37 entitled Burning Bus Motion regarding Contract Bus Services provider MV Transportation.
5492,2018-0761,Informational Report,Agenda Ready,Planning and Programming Committee,2018-11-21,2019-01-16,,,,RECEIVE AND FILE the Quarterly Status Dashboard of Countywide Planning and Development (CPD) Department's Strategic Projects and Programs.
5494,2018-0763,Informational Report,Agenda Ready,"Finance, Budget and Audit Committee",2018-11-26,2019-01-16,,Finance and Budget (Department),,RECEIVE AND FILE status report on Access Services - ADA Paratransit.
5495,2018-0764,Oral Report / Presentation,Agenda Ready,Executive Management Committee,2018-11-26,2019-01-17,,,,RECEIVE oral report on the MicroTransit Pilot Project.
5498,2018-0767,Program,Agenda Ready,Planning and Programming Committee,2018-11-28,2019-01-16,,Planning and Development (Department),,"CONSIDER:

A.	APPROVING: 

1.	programming of $22,045,893 in Measure M Multi-Year Subregional Program (MSP) - Active Transportation/Transit/Tech Program (Attachment A);

2.	programming of $18,824,581 in Measure M MSP Highway Efficiency Program (Attachment B); and

B.	AUTHORIZING the CEO or his designee to negotiate and execute all necessary agreements for approved projects."
5501,2018-0770,Informational Report,Agenda Ready,Board of Directors - Regular Board Meeting,2018-11-29,,,,,"A.	Conference with Legal Counsel - Existing Litigation - G.C. 54956.9(d)(1)
                  Ted Shatz v. LACMTA, LASC Case No. BC654621

B.  Conference with Real Property Negotiator - G.C. 54956.8   
Property Description:  1950 Century Park East, Los Angeles, CA
Agency Negotiator:  Velma C. Marshall  
Negotiating Party:  Automobile Club of Southern California  
Under Negotiation:  Terms and Price 

C.	 Public Employee Performance Evaluation - G.C. 54957(b)(1)
Titles: CEO, General Counsel, Board Secretary, Inspector General; and Chief Ethics Officer"
5502,2018-0771,Plan,Agenda Ready,Planning and Programming Committee,2018-11-30,2019-02-20,,Planning and Development (Department),,ADOPT Inglewood First/Last Mile Plan.
5503,2018-0772,Motion / Motion Response,Agenda Ready,Board of Directors - Regular Board Meeting,2018-11-30,2018-12-06,,,,"APPROVE motion by Solis, Fasana, Garcetti, Najarian & Barger that the Board:

A.	Reaffirm its commitment to complete the Foothill Extension to Montclair as a first priority project, per the final and unanimous vote to approve the 2009 Long Range Transportation Plan, and in accordance with promises made to county voters in 2008 and 2016 when they overwhelmingly supported Measures R and M;

B.	Oppose any actions or proposals that would reduce or eliminate already committed funding secured on behalf of the Foothill Extension project and/or that could disrupt the ability of the Construction Authority to complete the project to Claremont, including but not limited to proposals to introduce new rail service within the future Gold Line corridor that could make it more difficult and more costly to complete the project to Claremont.  This directive does not apply to any new or improved Metrolink service as long as there is no project cost of schedule impact to the Foothill Gold Line Extension P"
5504,2018-0773,Motion / Motion Response,Agenda Ready,Board of Directors - Regular Board Meeting,2018-11-30,2018-12-06,,,,"APPROVE motion by Solis, Hahn, Butts, Ridley-Thomas & Dupont-Walker that:

A.	Metro will fund the feasibility study and any necessary environmental clearance for a potential station at the confluence site;

B.	A feasibility study of a station at the confluence site shall commence immediately, with a determination of feasibility and whether to advance into environmental review made after the completion of the environmental documentation process for the Project; 



C.	Metro staff shall participate with proponents seeking to design and implement the confluence area vision, which is set forth in the Lower Los Angeles River Revitalization Plan; 

D.	Metro will work collaboratively with its state, local and federal partners to secure funding for the capital improvements of the potential confluence site station, should Metro subsequently find the station would provide mobility value after consideration of a future 
study;

E.	Metro will report back in 6 months on the progress of the feasibil"
5505,2018-0774,Plan,Agenda Ready,Planning and Programming Committee,2018-11-30,2019-06-19,,Planning and Development (Department),,ADOPT the Transit to Parks Strategic Plan.
5510,2018-0779,Informational Report,Agenda Ready,Construction Committee,2018-12-07,2019-01-17,,,,RECEIVE AND FILE Office of the Inspector General Change Order/Modification Construction Spot Check Report.
5511,2018-0780,Contract,Agenda Ready,Construction Committee,2018-12-10,2019-01-17,,Engineering and Construction (Department),,RECEIVE AND FILE status report on Program Management Quarterly Change Report.
5513,2018-0782,Contract,Agenda Ready,"Operations, Safety, and Customer Experience Committee",2018-12-11,2019-02-21,,,,"AUTHORIZE the Chief Executive Officer to award a firm fixed unit rate Contract No. OP1212080003367 to Intuitive Real Estate Solutions for a three year program, to provide heavy duty artificial ivy installation and maintenance services as a graffiti deterrent, for a not to exceed amount of $659,198, effective March 18, 2019."
5514,2018-0783,Oral Report / Presentation,Agenda Ready,Construction Committee,2018-12-11,2019-01-17,,Engineering and Construction (Department),,RECEIVE oral report on the Major Project Status by the Chief Program Management Officer.
5515,2018-0784,Minutes,Agenda Ready,Board of Directors - Regular Board Meeting,2018-12-11,2019-01-24,,,,"APPROVE Minutes of the Regular Board Meeting held December 6, 2018."
5516,2018-0785,Minutes,Agenda Ready,Crenshaw Project Corporation,2018-12-11,2019-12-05,,,,"APPROVE Minutes of the Regular Board Meeting held December 6, 2018."
5517,2018-0786,Oral Report / Presentation,Agenda Ready,Executive Management Committee,2018-12-12,2019-01-17,,,,RECEIVE oral update on the Citizens Advisory Council and Work Plan for FY19.
5518,2018-0787,Motion / Motion Response,Agenda Ready,"Ad Hoc Congestion, Highway and Roads Committee",2018-12-13,2019-02-20,,Engineering and Construction (Department),,"RECEIVE AND FILE Countywide soundwall program outline and analysis of potential delivery options to construct the remaining prioritized retrofit soundwall projects, utilizing  materials currently approved by the California Department of Transportation (Caltrans) for construction of soundwalls and funding opportunities in response to the October 25, 2018 Board Motion 9.1."
5519,2018-0788,Appointment,Agenda Ready,"Operations, Safety, and Customer Experience Committee",2018-12-14,2019-04-18,,,,APPROVE Nominees for membership on Metro’s Service Councils.
5520,2018-0789,Motion / Motion Response,Agenda Ready,Construction Committee,2018-12-14,2019-01-17,,Planning and Development (Department),,"DIRECT the Chief Executive Officer to pursue finalize negotiations with the Gold Line Authority to ensure the extension of the Foothill Alignment to Pomona station as a first phase, consistent with the provisions of Board-adopted Measure R and Measure M Unified Cost Management Policy."
5521,2018-0790,Informational Report,Agenda Ready,"Operations, Safety, and Customer Experience Committee",2018-12-14,2019-01-17,,,,RECEIVE AND FILE Transit Safety and Security Report.
5523,2018-0792,Motion / Motion Response,Agenda Ready,"Operations, Safety, and Customer Experience Committee",2018-12-17,2019-02-21,,Planning and Development (Department),,RECEIVE AND FILE secure bicycle parking assessment report in response to September 2018 Board Motion item 22.
5528,2018-0797,Contract,Agenda Ready,"Operations, Safety, and Customer Experience Committee",2018-12-20,2019-02-21,,Operations (Department),,"APPROVE Modification No. 1 to Task Order No. PS878320003041, under Contract No. PS4010-3041-F-XX, with Cambridge Systematics, Inc. for additional enhancements to the systemwide bus network restructuring plan for a firm fixed price of $764,325, increasing the total Task Order value from $1,295,762 to $2,060,087, and extending the period of performance through December 30, 2021."
5529,2018-0798,Agreement,Agenda Ready,"Ad Hoc Congestion, Highway and Roads Committee",2018-12-24,2019-02-20,,Engineering and Construction (Department),,"AUTHORIZE the Chief Executive Officer (CEO) to execute Funding Agreement #9200000000M500201 for $29,525,000 with San Gabriel Valley Council of Governments (SGVCOG) for support services for the SR-57/SR-60 Interchange Improvements."
5530,2018-0799,Motion / Motion Response,Agenda Ready,Planning and Programming Committee,2018-12-27,2019-03-20,,Planning and Development (Department),,"RECEIVE AND FILE update report on Transportation Demand Management Program in response to Board Motion 36 approved at the October 2017 Board meeting.
(CARRIED OVER FROM FEBRUARY)"
5532,2018-0801,Contract,Agenda Ready,Planning and Programming Committee,2018-12-28,2019-04-17,,,,"AUTHORIZE the Chief Executive Officer (CEO) to:

A.	AWARD six task order based on-call Contracts for Regional Rail Planning and Environmental services to the firms listed below for a five-year base period in an amount not-to-exceed $10 million, with two, one-year options not-to-exceed $2 million each year, for a not-to-exceed cumulative total funding amount of $14 million, subject to resolution of protest(s) if any. The following firms are recommended for award:
							
1.	Gensler, Contract Number	AE56752000
2.	HDR Engineering, Inc., Contract Number AE56752001
3.	Jacobs/CH2M Hill, Contract Number AE56752002
4.	Mott MacDonald, LLC, Contract Number	AE56752003
5.	STV Inc., Contract Number AE56752004
6.	WSP USA, Contract Number AE56752005

B.	AWARD five task order based on-call Contracts for Regional Rail Engineering and Design services to the firms listed below for a five-year base period in an amount not-to-exceed $11 million, with two, one-year options not-to-exceed $2 millio"
5533,2018-0802,Program,Agenda Ready,Planning and Programming Committee,2018-12-28,2019-02-20,,Planning and Development (Department),,"CONSIDER:

A.	APPROVING: 

1.	programming of $16,570,590 in Measure M Multi-Year Subregional Program (MSP) - Active Transportation Program (Attachment A);

2.	programming of $13,143,260 in Measure M MSP - Transit Program (Attachment B);

3.	inter-program borrowing from subregion’s Measure M MSP - Transit Program and programming of $8,051,220 in Measure M MSP - Highway Efficiency Program (Attachment C); and

B.	AUTHORIZING the CEO or his designee to negotiate and execute all necessary agreements for approved projects."
5534,2018-0803,Contract,Agenda Ready,Construction Committee,2018-12-31,2019-02-21,,,,"AUTHORIZE the Chief Executive Officer (CEO) to:

A.	AWARD a two-year base period, firm fixed price Contract No. PS56079000 with Pacific Coast Regional Small Business Development Corporation (PCR) to serve as the fund administrator for Metro’s Pilot Business Interruption Fund (BIF) in the amount of $1,585,246 with two, one-year options, in the amounts of $720,882 and $650,306, respectively, with an optional start-up of $391,576 for the inclusion of future new rail lines in this pilot, for a total amount of $3,348,010; 

B.	EXPAND the Pilot Business Interruption Fund to include eligible small “mom and pop” businesses directly impacted by construction of the Purple Line Extension, Section 3; and

C.	RECEIVE AND FILE the status report of the Pilot Business Interruption Fund (BIF)."
