event_id,event_date,body,item_id,agenda_number,matter_file,action,person_id,person,vote,vote_result
1054,2016-01-20,Ad Hoc Congestion Reduction Committee,16029,23,2015-1735,RECOMMENDED FOR APPROVAL,280,John Fasana,Aye,1
1054,2016-01-20,Ad Hoc Congestion Reduction Committee,16029,23,2015-1735,RECOMMENDED FOR APPROVAL,284,Jacquelyn Dupont-Walker,Aye,1
1054,2016-01-20,Ad Hoc Congestion Reduction Committee,16029,23,2015-1735,RECOMMENDED FOR APPROVAL,282,Mike Bonin,Aye,1
1054,2016-01-20,Ad Hoc Congestion Reduction Committee,16029,23,2015-1735,RECOMMENDED FOR APPROVAL,279,Mark Ridley-Thomas,Absent,0
1054,2016-01-20,Ad Hoc Congestion Reduction Committee,16029,23,2015-1735,RECOMMENDED FOR APPROVAL,290,Hilda L. Solis,Aye,1
1054,2016-01-20,Ad Hoc Congestion Reduction Committee,16030,24,2015-1733,RECOMMENDED FOR APPROVAL,280,John Fasana,Aye,1
1054,2016-01-20,Ad Hoc Congestion Reduction Committee,16030,24,2015-1733,RECOMMENDED FOR APPROVAL,284,Jacquelyn Dupont-Walker,Aye,1
1054,2016-01-20,Ad Hoc Congestion Reduction Committee,16030,24,2015-1733,RECOMMENDED FOR APPROVAL,282,Mike Bonin,Aye,1
1054,2016-01-20,Ad Hoc Congestion Reduction Committee,16030,24,2015-1733,RECOMMENDED FOR APPROVAL,279,Mark Ridley-Thomas,Absent,0
1054,2016-01-20,Ad Hoc Congestion Reduction Committee,16030,24,2015-1733,RECOMMENDED FOR APPROVAL,290,Hilda L. Solis,Aye,1
1055,2016-01-20,Ad Hoc Sustainability Committee,16326,7,2015-1721,RECOMMENDED FOR APPROVAL,289,Pam O'Connor,Aye,1
1055,2016-01-20,Ad Hoc Sustainability Committee,16326,7,2015-1721,RECOMMENDED FOR APPROVAL,282,Mike Bonin,Absent,0
1055,2016-01-20,Ad Hoc Sustainability Committee,16326,7,2015-1721,RECOMMENDED FOR APPROVAL,881,Jacki Bacharach,Aye,1
1055,2016-01-20,Ad Hoc Sustainability Committee,16326,7,2015-1721,RECOMMENDED FOR APPROVAL,280,John Fasana,Aye,1
1055,2016-01-20,Ad Hoc Sustainability Committee,16326,7,2015-1721,RECOMMENDED FOR APPROVAL,1044,Nancy Pfeffer,Aye,1
1055,2016-01-20,Ad Hoc Sustainability Committee,16326,7,2015-1721,RECOMMENDED FOR APPROVAL,279,Mark Ridley-Thomas,Absent,0
1055,2016-01-20,Ad Hoc Sustainability Committee,16326,7,2015-1721,RECOMMENDED FOR APPROVAL,290,Hilda L. Solis,Aye,1
1055,2016-01-20,Ad Hoc Sustainability Committee,16327,8,2015-1739,RECOMMENDED FOR APPROVAL,289,Pam O'Connor,Aye,1
1055,2016-01-20,Ad Hoc Sustainability Committee,16327,8,2015-1739,RECOMMENDED FOR APPROVAL,282,Mike Bonin,Absent,0
1055,2016-01-20,Ad Hoc Sustainability Committee,16327,8,2015-1739,RECOMMENDED FOR APPROVAL,881,Jacki Bacharach,Aye,1
1055,2016-01-20,Ad Hoc Sustainability Committee,16327,8,2015-1739,RECOMMENDED FOR APPROVAL,280,John Fasana,Aye,1
1055,2016-01-20,Ad Hoc Sustainability Committee,16327,8,2015-1739,RECOMMENDED FOR APPROVAL,1044,Nancy Pfeffer,Aye,1
1055,2016-01-20,Ad Hoc Sustainability Committee,16327,8,2015-1739,RECOMMENDED FOR APPROVAL,279,Mark Ridley-Thomas,Absent,0
1055,2016-01-20,Ad Hoc Sustainability Committee,16327,8,2015-1739,RECOMMENDED FOR APPROVAL,290,Hilda L. Solis,Aye,1
1055,2016-01-20,Ad Hoc Sustainability Committee,16328,6,2015-1728,RECEIVED AND FILED,289,Pam O'Connor,Aye,1
1055,2016-01-20,Ad Hoc Sustainability Committee,16328,6,2015-1728,RECEIVED AND FILED,282,Mike Bonin,Absent,0
1055,2016-01-20,Ad Hoc Sustainability Committee,16328,6,2015-1728,RECEIVED AND FILED,881,Jacki Bacharach,Aye,1
1055,2016-01-20,Ad Hoc Sustainability Committee,16328,6,2015-1728,RECEIVED AND FILED,280,John Fasana,Aye,1
1055,2016-01-20,Ad Hoc Sustainability Committee,16328,6,2015-1728,RECEIVED AND FILED,1044,Nancy Pfeffer,Aye,1
1055,2016-01-20,Ad Hoc Sustainability Committee,16328,6,2015-1728,RECEIVED AND FILED,279,Mark Ridley-Thomas,Absent,0
1055,2016-01-20,Ad Hoc Sustainability Committee,16328,6,2015-1728,RECEIVED AND FILED,290,Hilda L. Solis,Aye,1
1055,2016-01-20,Ad Hoc Sustainability Committee,16375,55,2016-0045,RECEIVED,289,Pam O'Connor,Aye,1
1055,2016-01-20,Ad Hoc Sustainability Committee,16375,55,2016-0045,RECEIVED,282,Mike Bonin,Absent,0
1055,2016-01-20,Ad Hoc Sustainability Committee,16375,55,2016-0045,RECEIVED,881,Jacki Bacharach,Aye,1
1055,2016-01-20,Ad Hoc Sustainability Committee,16375,55,2016-0045,RECEIVED,280,John Fasana,Aye,1
1055,2016-01-20,Ad Hoc Sustainability Committee,16375,55,2016-0045,RECEIVED,1044,Nancy Pfeffer,Aye,1
1055,2016-01-20,Ad Hoc Sustainability Committee,16375,55,2016-0045,RECEIVED,279,Mark Ridley-Thomas,Absent,0
1055,2016-01-20,Ad Hoc Sustainability Committee,16375,55,2016-0045,RECEIVED,290,Hilda L. Solis,Aye,1
1056,2016-01-21,Ad Hoc Transit Policing Oversight Committee,16011,49,2015-1777,RECEIVED AND FILED,1820,James Butts,Absent,0
1056,2016-01-21,Ad Hoc Transit Policing Oversight Committee,16011,49,2015-1777,RECEIVED AND FILED,281,Michael Antonovich,Aye,1
1056,2016-01-21,Ad Hoc Transit Policing Oversight Committee,16011,49,2015-1777,RECEIVED AND FILED,284,Jacquelyn Dupont-Walker,Aye,1
1056,2016-01-21,Ad Hoc Transit Policing Oversight Committee,16011,49,2015-1777,RECEIVED AND FILED,280,John Fasana,Aye,1
1056,2016-01-21,Ad Hoc Transit Policing Oversight Committee,16011,49,2015-1777,RECEIVED AND FILED,285,Don Knabe,Absent,0
1056,2016-01-21,Ad Hoc Transit Policing Oversight Committee,16012,50,2015-1731,RECEIVED AND FILED,1820,James Butts,Absent,0
1056,2016-01-21,Ad Hoc Transit Policing Oversight Committee,16012,50,2015-1731,RECEIVED AND FILED,281,Michael Antonovich,Aye,1
1056,2016-01-21,Ad Hoc Transit Policing Oversight Committee,16012,50,2015-1731,RECEIVED AND FILED,284,Jacquelyn Dupont-Walker,Aye,1
1056,2016-01-21,Ad Hoc Transit Policing Oversight Committee,16012,50,2015-1731,RECEIVED AND FILED,280,John Fasana,Aye,1
1056,2016-01-21,Ad Hoc Transit Policing Oversight Committee,16012,50,2015-1731,RECEIVED AND FILED,285,Don Knabe,Absent,0
1058,2016-01-21,Construction Committee,16092,26,2015-1708,RECEIVED AND FILED,285,Don Knabe,Aye,1
1058,2016-01-21,Construction Committee,16092,26,2015-1708,RECEIVED AND FILED,284,Jacquelyn Dupont-Walker,Aye,1
1058,2016-01-21,Construction Committee,16092,26,2015-1708,RECEIVED AND FILED,282,Mike Bonin,Aye,1
1058,2016-01-21,Construction Committee,16092,26,2015-1708,RECEIVED AND FILED,283,Diane DuBois,Aye,1
1058,2016-01-21,Construction Committee,16092,26,2015-1708,RECEIVED AND FILED,288,Ara J. Najarian,Aye,1
1058,2016-01-21,Construction Committee,16093,27,2015-1720,RECEIVED AND FILED,285,Don Knabe,Aye,1
1058,2016-01-21,Construction Committee,16093,27,2015-1720,RECEIVED AND FILED,284,Jacquelyn Dupont-Walker,Aye,1
1058,2016-01-21,Construction Committee,16093,27,2015-1720,RECEIVED AND FILED,282,Mike Bonin,Aye,1
1058,2016-01-21,Construction Committee,16093,27,2015-1720,RECEIVED AND FILED,283,Diane DuBois,Aye,1
1058,2016-01-21,Construction Committee,16093,27,2015-1720,RECEIVED AND FILED,288,Ara J. Najarian,Aye,1
1058,2016-01-21,Construction Committee,35436,,,APPROVED ON CONSENT CALENDAR,285,Don Knabe,Aye,1
1058,2016-01-21,Construction Committee,35436,,,APPROVED ON CONSENT CALENDAR,284,Jacquelyn Dupont-Walker,Aye,1
1058,2016-01-21,Construction Committee,35436,,,APPROVED ON CONSENT CALENDAR,282,Mike Bonin,Aye,1
1058,2016-01-21,Construction Committee,35436,,,APPROVED ON CONSENT CALENDAR,283,Diane DuBois,Aye,1
1058,2016-01-21,Construction Committee,35436,,,APPROVED ON CONSENT CALENDAR,288,Ara J. Najarian,Aye,1
1059,2016-01-21,Executive Management Committee,16129,47,2015-1776,RECOMMENDED FOR APPROVAL AS AMENDED,279,Mark Ridley-Thomas,Aye,1
1059,2016-01-21,Executive Management Committee,16129,47,2015-1776,RECOMMENDED FOR APPROVAL AS AMENDED,280,John Fasana,Aye,1
1059,2016-01-21,Executive Management Committee,16129,47,2015-1776,RECOMMENDED FOR APPROVAL AS AMENDED,281,Michael Antonovich,Aye,1
1059,2016-01-21,Executive Management Committee,16129,47,2015-1776,RECOMMENDED FOR APPROVAL AS AMENDED,278,Eric Garcetti,Absent,0
1059,2016-01-21,Executive Management Committee,16129,47,2015-1776,RECOMMENDED FOR APPROVAL AS AMENDED,286,Paul Krekorian,Aye,1
1059,2016-01-21,Executive Management Committee,16129,47,2015-1776,RECOMMENDED FOR APPROVAL AS AMENDED,287,Sheila Kuehl,Aye,1
1059,2016-01-21,Executive Management Committee,16135,44,2015-1783,RECEIVED AND FILED,279,Mark Ridley-Thomas,Aye,1
1059,2016-01-21,Executive Management Committee,16135,44,2015-1783,RECEIVED AND FILED,280,John Fasana,Aye,1
1059,2016-01-21,Executive Management Committee,16135,44,2015-1783,RECEIVED AND FILED,281,Michael Antonovich,Aye,1
1059,2016-01-21,Executive Management Committee,16135,44,2015-1783,RECEIVED AND FILED,278,Eric Garcetti,Absent,0
1059,2016-01-21,Executive Management Committee,16135,44,2015-1783,RECEIVED AND FILED,286,Paul Krekorian,Absent,0
1059,2016-01-21,Executive Management Committee,16135,44,2015-1783,RECEIVED AND FILED,287,Sheila Kuehl,Aye,1
1059,2016-01-21,Executive Management Committee,16137,48,2015-1796,RECOMMENDED FOR APPROVAL,279,Mark Ridley-Thomas,Aye,1
1059,2016-01-21,Executive Management Committee,16137,48,2015-1796,RECOMMENDED FOR APPROVAL,280,John Fasana,Aye,1
1059,2016-01-21,Executive Management Committee,16137,48,2015-1796,RECOMMENDED FOR APPROVAL,281,Michael Antonovich,Aye,1
1059,2016-01-21,Executive Management Committee,16137,48,2015-1796,RECOMMENDED FOR APPROVAL,278,Eric Garcetti,Absent,0
1059,2016-01-21,Executive Management Committee,16137,48,2015-1796,RECOMMENDED FOR APPROVAL,286,Paul Krekorian,Aye,1
1059,2016-01-21,Executive Management Committee,16137,48,2015-1796,RECOMMENDED FOR APPROVAL,287,Sheila Kuehl,Aye,1
1059,2016-01-21,Executive Management Committee,16377,57,2015-1799,RECOMMENDED FOR APPROVAL,279,Mark Ridley-Thomas,Aye,1
1059,2016-01-21,Executive Management Committee,16377,57,2015-1799,RECOMMENDED FOR APPROVAL,280,John Fasana,Aye,1
1059,2016-01-21,Executive Management Committee,16377,57,2015-1799,RECOMMENDED FOR APPROVAL,281,Michael Antonovich,Aye,1
1059,2016-01-21,Executive Management Committee,16377,57,2015-1799,RECOMMENDED FOR APPROVAL,278,Eric Garcetti,Absent,0
1059,2016-01-21,Executive Management Committee,16377,57,2015-1799,RECOMMENDED FOR APPROVAL,286,Paul Krekorian,Conflict,0
1059,2016-01-21,Executive Management Committee,16377,57,2015-1799,RECOMMENDED FOR APPROVAL,287,Sheila Kuehl,Aye,1
1059,2016-01-21,Executive Management Committee,16379,58,2016-0057,RECOMMENDED FOR APPROVAL,279,Mark Ridley-Thomas,Aye,1
1059,2016-01-21,Executive Management Committee,16379,58,2016-0057,RECOMMENDED FOR APPROVAL,280,John Fasana,Aye,1
1059,2016-01-21,Executive Management Committee,16379,58,2016-0057,RECOMMENDED FOR APPROVAL,281,Michael Antonovich,Aye,1
1059,2016-01-21,Executive Management Committee,16379,58,2016-0057,RECOMMENDED FOR APPROVAL,278,Eric Garcetti,Absent,0
1059,2016-01-21,Executive Management Committee,16379,58,2016-0057,RECOMMENDED FOR APPROVAL,286,Paul Krekorian,Aye,1
1059,2016-01-21,Executive Management Committee,16379,58,2016-0057,RECOMMENDED FOR APPROVAL,287,Sheila Kuehl,Aye,1
1059,2016-01-21,Executive Management Committee,41512,,,APPROVED ON CONSENT CALENDAR,279,Mark Ridley-Thomas,Aye,1
1059,2016-01-21,Executive Management Committee,41512,,,APPROVED ON CONSENT CALENDAR,280,John Fasana,Aye,1
1059,2016-01-21,Executive Management Committee,41512,,,APPROVED ON CONSENT CALENDAR,281,Michael Antonovich,Aye,1
1059,2016-01-21,Executive Management Committee,41512,,,APPROVED ON CONSENT CALENDAR,278,Eric Garcetti,Absent,0
1059,2016-01-21,Executive Management Committee,41512,,,APPROVED ON CONSENT CALENDAR,286,Paul Krekorian,Absent,0
1059,2016-01-21,Executive Management Committee,41512,,,APPROVED ON CONSENT CALENDAR,287,Sheila Kuehl,Aye,1
1060,2016-01-20,"Finance, Budget and Audit Committee",16167,12,2015-1231,RECOMMENDED FOR APPROVAL,286,Paul Krekorian,Aye,1
1060,2016-01-20,"Finance, Budget and Audit Committee",16167,12,2015-1231,RECOMMENDED FOR APPROVAL,283,Diane DuBois,Aye,1
1060,2016-01-20,"Finance, Budget and Audit Committee",16167,12,2015-1231,RECOMMENDED FOR APPROVAL,1820,James Butts,Absent,0
1060,2016-01-20,"Finance, Budget and Audit Committee",16167,12,2015-1231,RECOMMENDED FOR APPROVAL,279,Mark Ridley-Thomas,Absent,0
1060,2016-01-20,"Finance, Budget and Audit Committee",16167,12,2015-1231,RECOMMENDED FOR APPROVAL,290,Hilda L. Solis,Absent,0
1060,2016-01-20,"Finance, Budget and Audit Committee",16167,12,2015-1231,RECOMMENDED FOR APPROVAL,287,Sheila Kuehl,Aye,1
1060,2016-01-20,"Finance, Budget and Audit Committee",16168,13,2015-1306,RECOMMENDED FOR APPROVAL,286,Paul Krekorian,Aye,1
1060,2016-01-20,"Finance, Budget and Audit Committee",16168,13,2015-1306,RECOMMENDED FOR APPROVAL,283,Diane DuBois,Aye,1
1060,2016-01-20,"Finance, Budget and Audit Committee",16168,13,2015-1306,RECOMMENDED FOR APPROVAL,1820,James Butts,Absent,0
1060,2016-01-20,"Finance, Budget and Audit Committee",16168,13,2015-1306,RECOMMENDED FOR APPROVAL,279,Mark Ridley-Thomas,Absent,0
1060,2016-01-20,"Finance, Budget and Audit Committee",16168,13,2015-1306,RECOMMENDED FOR APPROVAL,290,Hilda L. Solis,Absent,0
1060,2016-01-20,"Finance, Budget and Audit Committee",16168,13,2015-1306,RECOMMENDED FOR APPROVAL,287,Sheila Kuehl,Aye,1
1060,2016-01-20,"Finance, Budget and Audit Committee",16169,10,2015-1713,RECEIVED AND FILED,286,Paul Krekorian,Aye,1
1060,2016-01-20,"Finance, Budget and Audit Committee",16169,10,2015-1713,RECEIVED AND FILED,283,Diane DuBois,Aye,1
1060,2016-01-20,"Finance, Budget and Audit Committee",16169,10,2015-1713,RECEIVED AND FILED,1820,James Butts,Absent,0
1060,2016-01-20,"Finance, Budget and Audit Committee",16169,10,2015-1713,RECEIVED AND FILED,279,Mark Ridley-Thomas,Absent,0
1060,2016-01-20,"Finance, Budget and Audit Committee",16169,10,2015-1713,RECEIVED AND FILED,290,Hilda L. Solis,Absent,0
1060,2016-01-20,"Finance, Budget and Audit Committee",16169,10,2015-1713,RECEIVED AND FILED,287,Sheila Kuehl,Aye,1
1060,2016-01-20,"Finance, Budget and Audit Committee",16170,11,2015-1724,RECEIVED AND FILED,286,Paul Krekorian,Aye,1
1060,2016-01-20,"Finance, Budget and Audit Committee",16170,11,2015-1724,RECEIVED AND FILED,283,Diane DuBois,Aye,1
1060,2016-01-20,"Finance, Budget and Audit Committee",16170,11,2015-1724,RECEIVED AND FILED,1820,James Butts,Absent,0
1060,2016-01-20,"Finance, Budget and Audit Committee",16170,11,2015-1724,RECEIVED AND FILED,279,Mark Ridley-Thomas,Absent,0
1060,2016-01-20,"Finance, Budget and Audit Committee",16170,11,2015-1724,RECEIVED AND FILED,290,Hilda L. Solis,Absent,0
1060,2016-01-20,"Finance, Budget and Audit Committee",16170,11,2015-1724,RECEIVED AND FILED,287,Sheila Kuehl,Aye,1
1060,2016-01-20,"Finance, Budget and Audit Committee",16365,14,2015-1795,RECEIVED AND FILED,286,Paul Krekorian,Aye,1
1060,2016-01-20,"Finance, Budget and Audit Committee",16365,14,2015-1795,RECEIVED AND FILED,283,Diane DuBois,Aye,1
1060,2016-01-20,"Finance, Budget and Audit Committee",16365,14,2015-1795,RECEIVED AND FILED,1820,James Butts,Absent,0
1060,2016-01-20,"Finance, Budget and Audit Committee",16365,14,2015-1795,RECEIVED AND FILED,279,Mark Ridley-Thomas,Absent,0
1060,2016-01-20,"Finance, Budget and Audit Committee",16365,14,2015-1795,RECEIVED AND FILED,290,Hilda L. Solis,Absent,0
1060,2016-01-20,"Finance, Budget and Audit Committee",16365,14,2015-1795,RECEIVED AND FILED,287,Sheila Kuehl,Aye,1
1060,2016-01-20,"Finance, Budget and Audit Committee",41505,,,APPROVED ON CONSENT CALENDAR,286,Paul Krekorian,Aye,1
1060,2016-01-20,"Finance, Budget and Audit Committee",41505,,,APPROVED ON CONSENT CALENDAR,283,Diane DuBois,Aye,1
1060,2016-01-20,"Finance, Budget and Audit Committee",41505,,,APPROVED ON CONSENT CALENDAR,1820,James Butts,Absent,0
1060,2016-01-20,"Finance, Budget and Audit Committee",41505,,,APPROVED ON CONSENT CALENDAR,279,Mark Ridley-Thomas,Absent,0
1060,2016-01-20,"Finance, Budget and Audit Committee",41505,,,APPROVED ON CONSENT CALENDAR,290,Hilda L. Solis,Absent,0
1060,2016-01-20,"Finance, Budget and Audit Committee",41505,,,APPROVED ON CONSENT CALENDAR,287,Sheila Kuehl,Aye,1
1061,2016-01-20,Planning and Programming Committee,16227,21,2015-1656,RECOMMENDED FOR APPROVAL,282,Mike Bonin,Aye,1
1061,2016-01-20,Planning and Programming Committee,16227,21,2015-1656,RECOMMENDED FOR APPROVAL,287,Sheila Kuehl,Conflict,0
1061,2016-01-20,Planning and Programming Committee,16227,21,2015-1656,RECOMMENDED FOR APPROVAL,1820,James Butts,Absent,0
1061,2016-01-20,Planning and Programming Committee,16227,21,2015-1656,RECOMMENDED FOR APPROVAL,284,Jacquelyn Dupont-Walker,Aye,1
1061,2016-01-20,Planning and Programming Committee,16227,21,2015-1656,RECOMMENDED FOR APPROVAL,290,Hilda L. Solis,Aye,1
1061,2016-01-20,Planning and Programming Committee,16227,21,2015-1656,RECOMMENDED FOR APPROVAL,281,Michael Antonovich,Absent,0
1061,2016-01-20,Planning and Programming Committee,16228,22,2015-1692,RECOMMENDED FOR APPROVAL,282,Mike Bonin,Aye,1
1061,2016-01-20,Planning and Programming Committee,16228,22,2015-1692,RECOMMENDED FOR APPROVAL,287,Sheila Kuehl,Aye,1
1061,2016-01-20,Planning and Programming Committee,16228,22,2015-1692,RECOMMENDED FOR APPROVAL,1820,James Butts,Absent,0
1061,2016-01-20,Planning and Programming Committee,16228,22,2015-1692,RECOMMENDED FOR APPROVAL,284,Jacquelyn Dupont-Walker,Aye,1
1061,2016-01-20,Planning and Programming Committee,16228,22,2015-1692,RECOMMENDED FOR APPROVAL,290,Hilda L. Solis,Aye,1
1061,2016-01-20,Planning and Programming Committee,16228,22,2015-1692,RECOMMENDED FOR APPROVAL,281,Michael Antonovich,Aye,1
1061,2016-01-20,Planning and Programming Committee,16231,16,2015-1757,RECEIVED AND FILED,282,Mike Bonin,Aye,1
1061,2016-01-20,Planning and Programming Committee,16231,16,2015-1757,RECEIVED AND FILED,287,Sheila Kuehl,Aye,1
1061,2016-01-20,Planning and Programming Committee,16231,16,2015-1757,RECEIVED AND FILED,1820,James Butts,Absent,0
1061,2016-01-20,Planning and Programming Committee,16231,16,2015-1757,RECEIVED AND FILED,284,Jacquelyn Dupont-Walker,Aye,1
1061,2016-01-20,Planning and Programming Committee,16231,16,2015-1757,RECEIVED AND FILED,290,Hilda L. Solis,Aye,1
1061,2016-01-20,Planning and Programming Committee,16231,16,2015-1757,RECEIVED AND FILED,281,Michael Antonovich,Aye,1
1061,2016-01-20,Planning and Programming Committee,16232,17,2015-1770,RECEIVED AND FILED,282,Mike Bonin,Aye,1
1061,2016-01-20,Planning and Programming Committee,16232,17,2015-1770,RECEIVED AND FILED,287,Sheila Kuehl,Aye,1
1061,2016-01-20,Planning and Programming Committee,16232,17,2015-1770,RECEIVED AND FILED,1820,James Butts,Absent,0
1061,2016-01-20,Planning and Programming Committee,16232,17,2015-1770,RECEIVED AND FILED,284,Jacquelyn Dupont-Walker,Aye,1
1061,2016-01-20,Planning and Programming Committee,16232,17,2015-1770,RECEIVED AND FILED,290,Hilda L. Solis,Aye,1
1061,2016-01-20,Planning and Programming Committee,16232,17,2015-1770,RECEIVED AND FILED,281,Michael Antonovich,Aye,1
1061,2016-01-20,Planning and Programming Committee,16376,56,2015-1743,RECEIVED AND FILED,282,Mike Bonin,Aye,1
1061,2016-01-20,Planning and Programming Committee,16376,56,2015-1743,RECEIVED AND FILED,287,Sheila Kuehl,Aye,1
1061,2016-01-20,Planning and Programming Committee,16376,56,2015-1743,RECEIVED AND FILED,1820,James Butts,Absent,0
1061,2016-01-20,Planning and Programming Committee,16376,56,2015-1743,RECEIVED AND FILED,284,Jacquelyn Dupont-Walker,Aye,1
1061,2016-01-20,Planning and Programming Committee,16376,56,2015-1743,RECEIVED AND FILED,290,Hilda L. Solis,Aye,1
1061,2016-01-20,Planning and Programming Committee,16376,56,2015-1743,RECEIVED AND FILED,281,Michael Antonovich,Aye,1
1061,2016-01-20,Planning and Programming Committee,41506,,,APPROVED ON CONSENT CALENDAR,282,Mike Bonin,Aye,1
1061,2016-01-20,Planning and Programming Committee,41506,,,APPROVED ON CONSENT CALENDAR,287,Sheila Kuehl,Aye,1
1061,2016-01-20,Planning and Programming Committee,41506,,,APPROVED ON CONSENT CALENDAR,1820,James Butts,Absent,0
1061,2016-01-20,Planning and Programming Committee,41506,,,APPROVED ON CONSENT CALENDAR,284,Jacquelyn Dupont-Walker,Aye,1
1061,2016-01-20,Planning and Programming Committee,41506,,,APPROVED ON CONSENT CALENDAR,290,Hilda L. Solis,Aye,1
1061,2016-01-20,Planning and Programming Committee,41506,,,APPROVED ON CONSENT CALENDAR,281,Michael Antonovich,Aye,1
1062,2016-01-21,"System Safety, Security and Operations Committee",16288,37,2015-1157,RECOMMENDED FOR APPROVAL,280,John Fasana,Aye,1
1062,2016-01-21,"System Safety, Security and Operations Committee",16288,37,2015-1157,RECOMMENDED FOR APPROVAL,281,Michael Antonovich,Absent,0
1062,2016-01-21,"System Safety, Security and Operations Committee",16288,37,2015-1157,RECOMMENDED FOR APPROVAL,284,Jacquelyn Dupont-Walker,Aye,1
1062,2016-01-21,"System Safety, Security and Operations Committee",16288,37,2015-1157,RECOMMENDED FOR APPROVAL,285,Don Knabe,Aye,1
1062,2016-01-21,"System Safety, Security and Operations Committee",16288,37,2015-1157,RECOMMENDED FOR APPROVAL,288,Ara J. Najarian,Aye,1
1062,2016-01-21,"System Safety, Security and Operations Committee",16289,38,2015-1699,RECOMMENDED FOR APPROVAL,280,John Fasana,Aye,1
1062,2016-01-21,"System Safety, Security and Operations Committee",16289,38,2015-1699,RECOMMENDED FOR APPROVAL,281,Michael Antonovich,Absent,0
1062,2016-01-21,"System Safety, Security and Operations Committee",16289,38,2015-1699,RECOMMENDED FOR APPROVAL,284,Jacquelyn Dupont-Walker,Aye,1
1062,2016-01-21,"System Safety, Security and Operations Committee",16289,38,2015-1699,RECOMMENDED FOR APPROVAL,285,Don Knabe,Aye,1
1062,2016-01-21,"System Safety, Security and Operations Committee",16289,38,2015-1699,RECOMMENDED FOR APPROVAL,288,Ara J. Najarian,Aye,1
1062,2016-01-21,"System Safety, Security and Operations Committee",16290,39,2015-1314,RECOMMENDED FOR APPROVAL,280,John Fasana,Aye,1
1062,2016-01-21,"System Safety, Security and Operations Committee",16290,39,2015-1314,RECOMMENDED FOR APPROVAL,281,Michael Antonovich,Absent,0
1062,2016-01-21,"System Safety, Security and Operations Committee",16290,39,2015-1314,RECOMMENDED FOR APPROVAL,284,Jacquelyn Dupont-Walker,Aye,1
1062,2016-01-21,"System Safety, Security and Operations Committee",16290,39,2015-1314,RECOMMENDED FOR APPROVAL,285,Don Knabe,Aye,1
1062,2016-01-21,"System Safety, Security and Operations Committee",16290,39,2015-1314,RECOMMENDED FOR APPROVAL,288,Ara J. Najarian,Absent,0
1062,2016-01-21,"System Safety, Security and Operations Committee",16291,40,2015-1696,RECOMMENDED FOR APPROVAL,280,John Fasana,Aye,1
1062,2016-01-21,"System Safety, Security and Operations Committee",16291,40,2015-1696,RECOMMENDED FOR APPROVAL,281,Michael Antonovich,Absent,0
1062,2016-01-21,"System Safety, Security and Operations Committee",16291,40,2015-1696,RECOMMENDED FOR APPROVAL,284,Jacquelyn Dupont-Walker,Aye,1
1062,2016-01-21,"System Safety, Security and Operations Committee",16291,40,2015-1696,RECOMMENDED FOR APPROVAL,285,Don Knabe,Aye,1
1062,2016-01-21,"System Safety, Security and Operations Committee",16291,40,2015-1696,RECOMMENDED FOR APPROVAL,288,Ara J. Najarian,Absent,0
1062,2016-01-21,"System Safety, Security and Operations Committee",16292,41,2015-1316,RECOMMENDED FOR APPROVAL,280,John Fasana,Aye,1
1062,2016-01-21,"System Safety, Security and Operations Committee",16292,41,2015-1316,RECOMMENDED FOR APPROVAL,281,Michael Antonovich,Aye,1
1062,2016-01-21,"System Safety, Security and Operations Committee",16292,41,2015-1316,RECOMMENDED FOR APPROVAL,284,Jacquelyn Dupont-Walker,Aye,1
1062,2016-01-21,"System Safety, Security and Operations Committee",16292,41,2015-1316,RECOMMENDED FOR APPROVAL,285,Don Knabe,Aye,1
1062,2016-01-21,"System Safety, Security and Operations Committee",16292,41,2015-1316,RECOMMENDED FOR APPROVAL,288,Ara J. Najarian,Absent,0
1077,2016-01-28,Board of Directors - Regular Board Meeting,16397,2,2015-1742,APPROVED,279,Mark Ridley-Thomas,Absent,0
1077,2016-01-28,Board of Directors - Regular Board Meeting,16397,2,2015-1742,APPROVED,280,John Fasana,Aye,1
1077,2016-01-28,Board of Directors - Regular Board Meeting,16397,2,2015-1742,APPROVED,278,Eric Garcetti,Absent,0
1077,2016-01-28,Board of Directors - Regular Board Meeting,16397,2,2015-1742,APPROVED,281,Michael Antonovich,Absent,0
1077,2016-01-28,Board of Directors - Regular Board Meeting,16397,2,2015-1742,APPROVED,282,Mike Bonin,Absent,0
1077,2016-01-28,Board of Directors - Regular Board Meeting,16397,2,2015-1742,APPROVED,1820,James Butts,Aye,1
1077,2016-01-28,Board of Directors - Regular Board Meeting,16397,2,2015-1742,APPROVED,283,Diane DuBois,Aye,1
1077,2016-01-28,Board of Directors - Regular Board Meeting,16397,2,2015-1742,APPROVED,284,Jacquelyn Dupont-Walker,Absent,0
1077,2016-01-28,Board of Directors - Regular Board Meeting,16397,2,2015-1742,APPROVED,285,Don Knabe,Aye,1
1077,2016-01-28,Board of Directors - Regular Board Meeting,16397,2,2015-1742,APPROVED,286,Paul Krekorian,Aye,1
1077,2016-01-28,Board of Directors - Regular Board Meeting,16397,2,2015-1742,APPROVED,287,Sheila Kuehl,Aye,1
1077,2016-01-28,Board of Directors - Regular Board Meeting,16397,2,2015-1742,APPROVED,288,Ara J. Najarian,Aye,1
1077,2016-01-28,Board of Directors - Regular Board Meeting,16397,2,2015-1742,APPROVED,290,Hilda L. Solis,Absent,0
1077,2016-01-28,Board of Directors - Regular Board Meeting,16398,7,2015-1721,ADOPTED,279,Mark Ridley-Thomas,Absent,0
1077,2016-01-28,Board of Directors - Regular Board Meeting,16398,7,2015-1721,ADOPTED,280,John Fasana,Aye,1
1077,2016-01-28,Board of Directors - Regular Board Meeting,16398,7,2015-1721,ADOPTED,278,Eric Garcetti,Absent,0
1077,2016-01-28,Board of Directors - Regular Board Meeting,16398,7,2015-1721,ADOPTED,281,Michael Antonovich,Absent,0
1077,2016-01-28,Board of Directors - Regular Board Meeting,16398,7,2015-1721,ADOPTED,282,Mike Bonin,Absent,0
1077,2016-01-28,Board of Directors - Regular Board Meeting,16398,7,2015-1721,ADOPTED,1820,James Butts,Aye,1
1077,2016-01-28,Board of Directors - Regular Board Meeting,16398,7,2015-1721,ADOPTED,283,Diane DuBois,Aye,1
1077,2016-01-28,Board of Directors - Regular Board Meeting,16398,7,2015-1721,ADOPTED,284,Jacquelyn Dupont-Walker,Absent,0
1077,2016-01-28,Board of Directors - Regular Board Meeting,16398,7,2015-1721,ADOPTED,285,Don Knabe,Aye,1
1077,2016-01-28,Board of Directors - Regular Board Meeting,16398,7,2015-1721,ADOPTED,286,Paul Krekorian,Aye,1
1077,2016-01-28,Board of Directors - Regular Board Meeting,16398,7,2015-1721,ADOPTED,287,Sheila Kuehl,Aye,1
1077,2016-01-28,Board of Directors - Regular Board Meeting,16398,7,2015-1721,ADOPTED,288,Ara J. Najarian,Aye,1
1077,2016-01-28,Board of Directors - Regular Board Meeting,16398,7,2015-1721,ADOPTED,290,Hilda L. Solis,Absent,0
1077,2016-01-28,Board of Directors - Regular Board Meeting,16399,8,2015-1739,APPROVED,279,Mark Ridley-Thomas,Absent,0
1077,2016-01-28,Board of Directors - Regular Board Meeting,16399,8,2015-1739,APPROVED,280,John Fasana,Aye,1
1077,2016-01-28,Board of Directors - Regular Board Meeting,16399,8,2015-1739,APPROVED,278,Eric Garcetti,Absent,0
1077,2016-01-28,Board of Directors - Regular Board Meeting,16399,8,2015-1739,APPROVED,281,Michael Antonovich,Absent,0
1077,2016-01-28,Board of Directors - Regular Board Meeting,16399,8,2015-1739,APPROVED,282,Mike Bonin,Absent,0
1077,2016-01-28,Board of Directors - Regular Board Meeting,16399,8,2015-1739,APPROVED,1820,James Butts,Aye,1
1077,2016-01-28,Board of Directors - Regular Board Meeting,16399,8,2015-1739,APPROVED,283,Diane DuBois,Aye,1
1077,2016-01-28,Board of Directors - Regular Board Meeting,16399,8,2015-1739,APPROVED,284,Jacquelyn Dupont-Walker,Absent,0
1077,2016-01-28,Board of Directors - Regular Board Meeting,16399,8,2015-1739,APPROVED,285,Don Knabe,Aye,1
1077,2016-01-28,Board of Directors - Regular Board Meeting,16399,8,2015-1739,APPROVED,286,Paul Krekorian,Aye,1
1077,2016-01-28,Board of Directors - Regular Board Meeting,16399,8,2015-1739,APPROVED,287,Sheila Kuehl,Aye,1
1077,2016-01-28,Board of Directors - Regular Board Meeting,16399,8,2015-1739,APPROVED,288,Ara J. Najarian,Aye,1
1077,2016-01-28,Board of Directors - Regular Board Meeting,16399,8,2015-1739,APPROVED,290,Hilda L. Solis,Absent,0
1077,2016-01-28,Board of Directors - Regular Board Meeting,16402,12,2015-1231,ADOPTED,279,Mark Ridley-Thomas,Absent,0
1077,2016-01-28,Board of Directors - Regular Board Meeting,16402,12,2015-1231,ADOPTED,280,John Fasana,Aye,1
1077,2016-01-28,Board of Directors - Regular Board Meeting,16402,12,2015-1231,ADOPTED,278,Eric Garcetti,Absent,0
1077,2016-01-28,Board of Directors - Regular Board Meeting,16402,12,2015-1231,ADOPTED,281,Michael Antonovich,Absent,0
1077,2016-01-28,Board of Directors - Regular Board Meeting,16402,12,2015-1231,ADOPTED,282,Mike Bonin,Absent,0
1077,2016-01-28,Board of Directors - Regular Board Meeting,16402,12,2015-1231,ADOPTED,1820,James Butts,Aye,1
1077,2016-01-28,Board of Directors - Regular Board Meeting,16402,12,2015-1231,ADOPTED,283,Diane DuBois,Aye,1
1077,2016-01-28,Board of Directors - Regular Board Meeting,16402,12,2015-1231,ADOPTED,284,Jacquelyn Dupont-Walker,Absent,0
1077,2016-01-28,Board of Directors - Regular Board Meeting,16402,12,2015-1231,ADOPTED,285,Don Knabe,Aye,1
1077,2016-01-28,Board of Directors - Regular Board Meeting,16402,12,2015-1231,ADOPTED,286,Paul Krekorian,Aye,1
1077,2016-01-28,Board of Directors - Regular Board Meeting,16402,12,2015-1231,ADOPTED,287,Sheila Kuehl,Aye,1
1077,2016-01-28,Board of Directors - Regular Board Meeting,16402,12,2015-1231,ADOPTED,288,Ara J. Najarian,Aye,1
1077,2016-01-28,Board of Directors - Regular Board Meeting,16402,12,2015-1231,ADOPTED,290,Hilda L. Solis,Absent,0
1077,2016-01-28,Board of Directors - Regular Board Meeting,16404,13,2015-1306,APPROVED,279,Mark Ridley-Thomas,Absent,0
1077,2016-01-28,Board of Directors - Regular Board Meeting,16404,13,2015-1306,APPROVED,280,John Fasana,Aye,1
1077,2016-01-28,Board of Directors - Regular Board Meeting,16404,13,2015-1306,APPROVED,278,Eric Garcetti,Absent,0
1077,2016-01-28,Board of Directors - Regular Board Meeting,16404,13,2015-1306,APPROVED,281,Michael Antonovich,Aye,1
1077,2016-01-28,Board of Directors - Regular Board Meeting,16404,13,2015-1306,APPROVED,282,Mike Bonin,Absent,0
1077,2016-01-28,Board of Directors - Regular Board Meeting,16404,13,2015-1306,APPROVED,1820,James Butts,Aye,1
1077,2016-01-28,Board of Directors - Regular Board Meeting,16404,13,2015-1306,APPROVED,283,Diane DuBois,Aye,1
1077,2016-01-28,Board of Directors - Regular Board Meeting,16404,13,2015-1306,APPROVED,284,Jacquelyn Dupont-Walker,Absent,0
1077,2016-01-28,Board of Directors - Regular Board Meeting,16404,13,2015-1306,APPROVED,285,Don Knabe,Aye,1
1077,2016-01-28,Board of Directors - Regular Board Meeting,16404,13,2015-1306,APPROVED,286,Paul Krekorian,Aye,1
1077,2016-01-28,Board of Directors - Regular Board Meeting,16404,13,2015-1306,APPROVED,287,Sheila Kuehl,Aye,1
1077,2016-01-28,Board of Directors - Regular Board Meeting,16404,13,2015-1306,APPROVED,288,Ara J. Najarian,Aye,1
1077,2016-01-28,Board of Directors - Regular Board Meeting,16404,13,2015-1306,APPROVED,290,Hilda L. Solis,Absent,0
1077,2016-01-28,Board of Directors - Regular Board Meeting,16406,18,2015-1626,APPROVED,279,Mark Ridley-Thomas,Absent,0
1077,2016-01-28,Board of Directors - Regular Board Meeting,16406,18,2015-1626,APPROVED,280,John Fasana,Aye,1
1077,2016-01-28,Board of Directors - Regular Board Meeting,16406,18,2015-1626,APPROVED,278,Eric Garcetti,Absent,0
1077,2016-01-28,Board of Directors - Regular Board Meeting,16406,18,2015-1626,APPROVED,281,Michael Antonovich,Aye,1
1077,2016-01-28,Board of Directors - Regular Board Meeting,16406,18,2015-1626,APPROVED,282,Mike Bonin,Absent,0
1077,2016-01-28,Board of Directors - Regular Board Meeting,16406,18,2015-1626,APPROVED,1820,James Butts,Aye,1
1077,2016-01-28,Board of Directors - Regular Board Meeting,16406,18,2015-1626,APPROVED,283,Diane DuBois,Aye,1
1077,2016-01-28,Board of Directors - Regular Board Meeting,16406,18,2015-1626,APPROVED,284,Jacquelyn Dupont-Walker,Aye,1
1077,2016-01-28,Board of Directors - Regular Board Meeting,16406,18,2015-1626,APPROVED,285,Don Knabe,Aye,1
1077,2016-01-28,Board of Directors - Regular Board Meeting,16406,18,2015-1626,APPROVED,286,Paul Krekorian,Absent,0
1077,2016-01-28,Board of Directors - Regular Board Meeting,16406,18,2015-1626,APPROVED,287,Sheila Kuehl,Conflict,0
1077,2016-01-28,Board of Directors - Regular Board Meeting,16406,18,2015-1626,APPROVED,288,Ara J. Najarian,Aye,1
1077,2016-01-28,Board of Directors - Regular Board Meeting,16406,18,2015-1626,APPROVED,290,Hilda L. Solis,Absent,0
1077,2016-01-28,Board of Directors - Regular Board Meeting,16408,19,2015-1730,APPROVED,279,Mark Ridley-Thomas,Absent,0
1077,2016-01-28,Board of Directors - Regular Board Meeting,16408,19,2015-1730,APPROVED,280,John Fasana,Aye,1
1077,2016-01-28,Board of Directors - Regular Board Meeting,16408,19,2015-1730,APPROVED,278,Eric Garcetti,Absent,0
1077,2016-01-28,Board of Directors - Regular Board Meeting,16408,19,2015-1730,APPROVED,281,Michael Antonovich,Aye,1
1077,2016-01-28,Board of Directors - Regular Board Meeting,16408,19,2015-1730,APPROVED,282,Mike Bonin,Absent,0
1077,2016-01-28,Board of Directors - Regular Board Meeting,16408,19,2015-1730,APPROVED,1820,James Butts,Aye,1
1077,2016-01-28,Board of Directors - Regular Board Meeting,16408,19,2015-1730,APPROVED,283,Diane DuBois,Aye,1
1077,2016-01-28,Board of Directors - Regular Board Meeting,16408,19,2015-1730,APPROVED,284,Jacquelyn Dupont-Walker,Absent,0
1077,2016-01-28,Board of Directors - Regular Board Meeting,16408,19,2015-1730,APPROVED,285,Don Knabe,Aye,1
1077,2016-01-28,Board of Directors - Regular Board Meeting,16408,19,2015-1730,APPROVED,286,Paul Krekorian,Aye,1
1077,2016-01-28,Board of Directors - Regular Board Meeting,16408,19,2015-1730,APPROVED,287,Sheila Kuehl,Aye,1
1077,2016-01-28,Board of Directors - Regular Board Meeting,16408,19,2015-1730,APPROVED,288,Ara J. Najarian,Aye,1
1077,2016-01-28,Board of Directors - Regular Board Meeting,16408,19,2015-1730,APPROVED,290,Hilda L. Solis,Absent,0
1077,2016-01-28,Board of Directors - Regular Board Meeting,16410,20,2015-1763,APPROVED,279,Mark Ridley-Thomas,Absent,0
1077,2016-01-28,Board of Directors - Regular Board Meeting,16410,20,2015-1763,APPROVED,280,John Fasana,Aye,1
1077,2016-01-28,Board of Directors - Regular Board Meeting,16410,20,2015-1763,APPROVED,278,Eric Garcetti,Absent,0
1077,2016-01-28,Board of Directors - Regular Board Meeting,16410,20,2015-1763,APPROVED,281,Michael Antonovich,Aye,1
1077,2016-01-28,Board of Directors - Regular Board Meeting,16410,20,2015-1763,APPROVED,282,Mike Bonin,Absent,0
1077,2016-01-28,Board of Directors - Regular Board Meeting,16410,20,2015-1763,APPROVED,1820,James Butts,Aye,1
1077,2016-01-28,Board of Directors - Regular Board Meeting,16410,20,2015-1763,APPROVED,283,Diane DuBois,Aye,1
1077,2016-01-28,Board of Directors - Regular Board Meeting,16410,20,2015-1763,APPROVED,284,Jacquelyn Dupont-Walker,Absent,0
1077,2016-01-28,Board of Directors - Regular Board Meeting,16410,20,2015-1763,APPROVED,285,Don Knabe,Aye,1
1077,2016-01-28,Board of Directors - Regular Board Meeting,16410,20,2015-1763,APPROVED,286,Paul Krekorian,Aye,1
1077,2016-01-28,Board of Directors - Regular Board Meeting,16410,20,2015-1763,APPROVED,287,Sheila Kuehl,Aye,1
1077,2016-01-28,Board of Directors - Regular Board Meeting,16410,20,2015-1763,APPROVED,288,Ara J. Najarian,Abstain,0
1077,2016-01-28,Board of Directors - Regular Board Meeting,16410,20,2015-1763,APPROVED,290,Hilda L. Solis,Absent,0
1077,2016-01-28,Board of Directors - Regular Board Meeting,16412,21,2015-1656,APPROVED,279,Mark Ridley-Thomas,Absent,0
1077,2016-01-28,Board of Directors - Regular Board Meeting,16412,21,2015-1656,APPROVED,280,John Fasana,Aye,1
1077,2016-01-28,Board of Directors - Regular Board Meeting,16412,21,2015-1656,APPROVED,278,Eric Garcetti,Absent,0
1077,2016-01-28,Board of Directors - Regular Board Meeting,16412,21,2015-1656,APPROVED,281,Michael Antonovich,Absent,0
1077,2016-01-28,Board of Directors - Regular Board Meeting,16412,21,2015-1656,APPROVED,282,Mike Bonin,Absent,0
1077,2016-01-28,Board of Directors - Regular Board Meeting,16412,21,2015-1656,APPROVED,1820,James Butts,Aye,1
1077,2016-01-28,Board of Directors - Regular Board Meeting,16412,21,2015-1656,APPROVED,283,Diane DuBois,Aye,1
1077,2016-01-28,Board of Directors - Regular Board Meeting,16412,21,2015-1656,APPROVED,284,Jacquelyn Dupont-Walker,Absent,0
1077,2016-01-28,Board of Directors - Regular Board Meeting,16412,21,2015-1656,APPROVED,285,Don Knabe,Aye,1
1077,2016-01-28,Board of Directors - Regular Board Meeting,16412,21,2015-1656,APPROVED,286,Paul Krekorian,Aye,1
1077,2016-01-28,Board of Directors - Regular Board Meeting,16412,21,2015-1656,APPROVED,287,Sheila Kuehl,Aye,1
1077,2016-01-28,Board of Directors - Regular Board Meeting,16412,21,2015-1656,APPROVED,288,Ara J. Najarian,Aye,1
1077,2016-01-28,Board of Directors - Regular Board Meeting,16412,21,2015-1656,APPROVED,290,Hilda L. Solis,Absent,0
1077,2016-01-28,Board of Directors - Regular Board Meeting,16414,22,2015-1692,APPROVED,279,Mark Ridley-Thomas,Absent,0
1077,2016-01-28,Board of Directors - Regular Board Meeting,16414,22,2015-1692,APPROVED,280,John Fasana,Aye,1
1077,2016-01-28,Board of Directors - Regular Board Meeting,16414,22,2015-1692,APPROVED,278,Eric Garcetti,Absent,0
1077,2016-01-28,Board of Directors - Regular Board Meeting,16414,22,2015-1692,APPROVED,281,Michael Antonovich,Absent,0
1077,2016-01-28,Board of Directors - Regular Board Meeting,16414,22,2015-1692,APPROVED,282,Mike Bonin,Absent,0
1077,2016-01-28,Board of Directors - Regular Board Meeting,16414,22,2015-1692,APPROVED,1820,James Butts,Aye,1
1077,2016-01-28,Board of Directors - Regular Board Meeting,16414,22,2015-1692,APPROVED,283,Diane DuBois,Aye,1
1077,2016-01-28,Board of Directors - Regular Board Meeting,16414,22,2015-1692,APPROVED,284,Jacquelyn Dupont-Walker,Absent,0
1077,2016-01-28,Board of Directors - Regular Board Meeting,16414,22,2015-1692,APPROVED,285,Don Knabe,Aye,1
1077,2016-01-28,Board of Directors - Regular Board Meeting,16414,22,2015-1692,APPROVED,286,Paul Krekorian,Aye,1
1077,2016-01-28,Board of Directors - Regular Board Meeting,16414,22,2015-1692,APPROVED,287,Sheila Kuehl,Aye,1
1077,2016-01-28,Board of Directors - Regular Board Meeting,16414,22,2015-1692,APPROVED,288,Ara J. Najarian,Aye,1
1077,2016-01-28,Board of Directors - Regular Board Meeting,16414,22,2015-1692,APPROVED,290,Hilda L. Solis,Absent,0
1077,2016-01-28,Board of Directors - Regular Board Meeting,16416,23,2015-1735,APPROVED,279,Mark Ridley-Thomas,Absent,0
1077,2016-01-28,Board of Directors - Regular Board Meeting,16416,23,2015-1735,APPROVED,280,John Fasana,Aye,1
1077,2016-01-28,Board of Directors - Regular Board Meeting,16416,23,2015-1735,APPROVED,278,Eric Garcetti,Absent,0
1077,2016-01-28,Board of Directors - Regular Board Meeting,16416,23,2015-1735,APPROVED,281,Michael Antonovich,Aye,1
1077,2016-01-28,Board of Directors - Regular Board Meeting,16416,23,2015-1735,APPROVED,282,Mike Bonin,Absent,0
1077,2016-01-28,Board of Directors - Regular Board Meeting,16416,23,2015-1735,APPROVED,1820,James Butts,Aye,1
1077,2016-01-28,Board of Directors - Regular Board Meeting,16416,23,2015-1735,APPROVED,283,Diane DuBois,Aye,1
1077,2016-01-28,Board of Directors - Regular Board Meeting,16416,23,2015-1735,APPROVED,284,Jacquelyn Dupont-Walker,Aye,1
1077,2016-01-28,Board of Directors - Regular Board Meeting,16416,23,2015-1735,APPROVED,285,Don Knabe,Aye,1
1077,2016-01-28,Board of Directors - Regular Board Meeting,16416,23,2015-1735,APPROVED,286,Paul Krekorian,Absent,0
1077,2016-01-28,Board of Directors - Regular Board Meeting,16416,23,2015-1735,APPROVED,287,Sheila Kuehl,Aye,1
1077,2016-01-28,Board of Directors - Regular Board Meeting,16416,23,2015-1735,APPROVED,288,Ara J. Najarian,Aye,1
1077,2016-01-28,Board of Directors - Regular Board Meeting,16416,23,2015-1735,APPROVED,290,Hilda L. Solis,Absent,0
1077,2016-01-28,Board of Directors - Regular Board Meeting,16418,24,2015-1733,APPROVED,279,Mark Ridley-Thomas,Absent,0
1077,2016-01-28,Board of Directors - Regular Board Meeting,16418,24,2015-1733,APPROVED,280,John Fasana,Aye,1
1077,2016-01-28,Board of Directors - Regular Board Meeting,16418,24,2015-1733,APPROVED,278,Eric Garcetti,Absent,0
1077,2016-01-28,Board of Directors - Regular Board Meeting,16418,24,2015-1733,APPROVED,281,Michael Antonovich,Absent,0
1077,2016-01-28,Board of Directors - Regular Board Meeting,16418,24,2015-1733,APPROVED,282,Mike Bonin,Absent,0
1077,2016-01-28,Board of Directors - Regular Board Meeting,16418,24,2015-1733,APPROVED,1820,James Butts,Aye,1
1077,2016-01-28,Board of Directors - Regular Board Meeting,16418,24,2015-1733,APPROVED,283,Diane DuBois,Aye,1
1077,2016-01-28,Board of Directors - Regular Board Meeting,16418,24,2015-1733,APPROVED,284,Jacquelyn Dupont-Walker,Absent,0
1077,2016-01-28,Board of Directors - Regular Board Meeting,16418,24,2015-1733,APPROVED,285,Don Knabe,Aye,1
1077,2016-01-28,Board of Directors - Regular Board Meeting,16418,24,2015-1733,APPROVED,286,Paul Krekorian,Aye,1
1077,2016-01-28,Board of Directors - Regular Board Meeting,16418,24,2015-1733,APPROVED,287,Sheila Kuehl,Aye,1
1077,2016-01-28,Board of Directors - Regular Board Meeting,16418,24,2015-1733,APPROVED,288,Ara J. Najarian,Aye,1
1077,2016-01-28,Board of Directors - Regular Board Meeting,16418,24,2015-1733,APPROVED,290,Hilda L. Solis,Absent,0
1077,2016-01-28,Board of Directors - Regular Board Meeting,16420,29,2015-1329,APPROVED,279,Mark Ridley-Thomas,Absent,0
1077,2016-01-28,Board of Directors - Regular Board Meeting,16420,29,2015-1329,APPROVED,280,John Fasana,Aye,1
1077,2016-01-28,Board of Directors - Regular Board Meeting,16420,29,2015-1329,APPROVED,278,Eric Garcetti,Absent,0
1077,2016-01-28,Board of Directors - Regular Board Meeting,16420,29,2015-1329,APPROVED,281,Michael Antonovich,Absent,0
1077,2016-01-28,Board of Directors - Regular Board Meeting,16420,29,2015-1329,APPROVED,282,Mike Bonin,Absent,0
1077,2016-01-28,Board of Directors - Regular Board Meeting,16420,29,2015-1329,APPROVED,1820,James Butts,Aye,1
1077,2016-01-28,Board of Directors - Regular Board Meeting,16420,29,2015-1329,APPROVED,283,Diane DuBois,Aye,1
1077,2016-01-28,Board of Directors - Regular Board Meeting,16420,29,2015-1329,APPROVED,284,Jacquelyn Dupont-Walker,Absent,0
1077,2016-01-28,Board of Directors - Regular Board Meeting,16420,29,2015-1329,APPROVED,285,Don Knabe,Aye,1
1077,2016-01-28,Board of Directors - Regular Board Meeting,16420,29,2015-1329,APPROVED,286,Paul Krekorian,Aye,1
1077,2016-01-28,Board of Directors - Regular Board Meeting,16420,29,2015-1329,APPROVED,287,Sheila Kuehl,Aye,1
1077,2016-01-28,Board of Directors - Regular Board Meeting,16420,29,2015-1329,APPROVED,288,Ara J. Najarian,Aye,1
1077,2016-01-28,Board of Directors - Regular Board Meeting,16420,29,2015-1329,APPROVED,290,Hilda L. Solis,Absent,0
1077,2016-01-28,Board of Directors - Regular Board Meeting,16422,30,2015-1702,APPROVED,279,Mark Ridley-Thomas,Absent,0
1077,2016-01-28,Board of Directors - Regular Board Meeting,16422,30,2015-1702,APPROVED,280,John Fasana,Aye,1
1077,2016-01-28,Board of Directors - Regular Board Meeting,16422,30,2015-1702,APPROVED,278,Eric Garcetti,Absent,0
1077,2016-01-28,Board of Directors - Regular Board Meeting,16422,30,2015-1702,APPROVED,281,Michael Antonovich,Absent,0
1077,2016-01-28,Board of Directors - Regular Board Meeting,16422,30,2015-1702,APPROVED,282,Mike Bonin,Absent,0
1077,2016-01-28,Board of Directors - Regular Board Meeting,16422,30,2015-1702,APPROVED,1820,James Butts,Aye,1
1077,2016-01-28,Board of Directors - Regular Board Meeting,16422,30,2015-1702,APPROVED,283,Diane DuBois,Aye,1
1077,2016-01-28,Board of Directors - Regular Board Meeting,16422,30,2015-1702,APPROVED,284,Jacquelyn Dupont-Walker,Absent,0
1077,2016-01-28,Board of Directors - Regular Board Meeting,16422,30,2015-1702,APPROVED,285,Don Knabe,Aye,1
1077,2016-01-28,Board of Directors - Regular Board Meeting,16422,30,2015-1702,APPROVED,286,Paul Krekorian,Aye,1
1077,2016-01-28,Board of Directors - Regular Board Meeting,16422,30,2015-1702,APPROVED,287,Sheila Kuehl,Aye,1
1077,2016-01-28,Board of Directors - Regular Board Meeting,16422,30,2015-1702,APPROVED,288,Ara J. Najarian,Aye,1
1077,2016-01-28,Board of Directors - Regular Board Meeting,16422,30,2015-1702,APPROVED,290,Hilda L. Solis,Absent,0
1077,2016-01-28,Board of Directors - Regular Board Meeting,16424,31,2015-1594,APPROVED,279,Mark Ridley-Thomas,Absent,0
1077,2016-01-28,Board of Directors - Regular Board Meeting,16424,31,2015-1594,APPROVED,280,John Fasana,Aye,1
1077,2016-01-28,Board of Directors - Regular Board Meeting,16424,31,2015-1594,APPROVED,278,Eric Garcetti,Absent,0
1077,2016-01-28,Board of Directors - Regular Board Meeting,16424,31,2015-1594,APPROVED,281,Michael Antonovich,Absent,0
1077,2016-01-28,Board of Directors - Regular Board Meeting,16424,31,2015-1594,APPROVED,282,Mike Bonin,Absent,0
1077,2016-01-28,Board of Directors - Regular Board Meeting,16424,31,2015-1594,APPROVED,1820,James Butts,Aye,1
1077,2016-01-28,Board of Directors - Regular Board Meeting,16424,31,2015-1594,APPROVED,283,Diane DuBois,Aye,1
1077,2016-01-28,Board of Directors - Regular Board Meeting,16424,31,2015-1594,APPROVED,284,Jacquelyn Dupont-Walker,Absent,0
1077,2016-01-28,Board of Directors - Regular Board Meeting,16424,31,2015-1594,APPROVED,285,Don Knabe,Aye,1
1077,2016-01-28,Board of Directors - Regular Board Meeting,16424,31,2015-1594,APPROVED,286,Paul Krekorian,Aye,1
1077,2016-01-28,Board of Directors - Regular Board Meeting,16424,31,2015-1594,APPROVED,287,Sheila Kuehl,Aye,1
1077,2016-01-28,Board of Directors - Regular Board Meeting,16424,31,2015-1594,APPROVED,288,Ara J. Najarian,Aye,1
1077,2016-01-28,Board of Directors - Regular Board Meeting,16424,31,2015-1594,APPROVED,290,Hilda L. Solis,Absent,0
1077,2016-01-28,Board of Directors - Regular Board Meeting,16426,32,2015-1759,APPROVED,279,Mark Ridley-Thomas,Absent,0
1077,2016-01-28,Board of Directors - Regular Board Meeting,16426,32,2015-1759,APPROVED,280,John Fasana,Aye,1
1077,2016-01-28,Board of Directors - Regular Board Meeting,16426,32,2015-1759,APPROVED,278,Eric Garcetti,Absent,0
1077,2016-01-28,Board of Directors - Regular Board Meeting,16426,32,2015-1759,APPROVED,281,Michael Antonovich,Absent,0
1077,2016-01-28,Board of Directors - Regular Board Meeting,16426,32,2015-1759,APPROVED,282,Mike Bonin,Absent,0
1077,2016-01-28,Board of Directors - Regular Board Meeting,16426,32,2015-1759,APPROVED,1820,James Butts,Aye,1
1077,2016-01-28,Board of Directors - Regular Board Meeting,16426,32,2015-1759,APPROVED,283,Diane DuBois,Aye,1
1077,2016-01-28,Board of Directors - Regular Board Meeting,16426,32,2015-1759,APPROVED,284,Jacquelyn Dupont-Walker,Absent,0
1077,2016-01-28,Board of Directors - Regular Board Meeting,16426,32,2015-1759,APPROVED,285,Don Knabe,Aye,1
1077,2016-01-28,Board of Directors - Regular Board Meeting,16426,32,2015-1759,APPROVED,286,Paul Krekorian,Aye,1
1077,2016-01-28,Board of Directors - Regular Board Meeting,16426,32,2015-1759,APPROVED,287,Sheila Kuehl,Aye,1
1077,2016-01-28,Board of Directors - Regular Board Meeting,16426,32,2015-1759,APPROVED,288,Ara J. Najarian,Aye,1
1077,2016-01-28,Board of Directors - Regular Board Meeting,16426,32,2015-1759,APPROVED,290,Hilda L. Solis,Absent,0
1077,2016-01-28,Board of Directors - Regular Board Meeting,16428,37,2015-1157,ADOPTED,279,Mark Ridley-Thomas,Absent,0
1077,2016-01-28,Board of Directors - Regular Board Meeting,16428,37,2015-1157,ADOPTED,280,John Fasana,Aye,1
1077,2016-01-28,Board of Directors - Regular Board Meeting,16428,37,2015-1157,ADOPTED,278,Eric Garcetti,Absent,0
1077,2016-01-28,Board of Directors - Regular Board Meeting,16428,37,2015-1157,ADOPTED,281,Michael Antonovich,Absent,0
1077,2016-01-28,Board of Directors - Regular Board Meeting,16428,37,2015-1157,ADOPTED,282,Mike Bonin,Absent,0
1077,2016-01-28,Board of Directors - Regular Board Meeting,16428,37,2015-1157,ADOPTED,1820,James Butts,Aye,1
1077,2016-01-28,Board of Directors - Regular Board Meeting,16428,37,2015-1157,ADOPTED,283,Diane DuBois,Aye,1
1077,2016-01-28,Board of Directors - Regular Board Meeting,16428,37,2015-1157,ADOPTED,284,Jacquelyn Dupont-Walker,Absent,0
1077,2016-01-28,Board of Directors - Regular Board Meeting,16428,37,2015-1157,ADOPTED,285,Don Knabe,Aye,1
1077,2016-01-28,Board of Directors - Regular Board Meeting,16428,37,2015-1157,ADOPTED,286,Paul Krekorian,Aye,1
1077,2016-01-28,Board of Directors - Regular Board Meeting,16428,37,2015-1157,ADOPTED,287,Sheila Kuehl,Aye,1
1077,2016-01-28,Board of Directors - Regular Board Meeting,16428,37,2015-1157,ADOPTED,288,Ara J. Najarian,Aye,1
1077,2016-01-28,Board of Directors - Regular Board Meeting,16428,37,2015-1157,ADOPTED,290,Hilda L. Solis,Absent,0
1077,2016-01-28,Board of Directors - Regular Board Meeting,16430,38,2015-1699,APPROVED,279,Mark Ridley-Thomas,Absent,0
1077,2016-01-28,Board of Directors - Regular Board Meeting,16430,38,2015-1699,APPROVED,280,John Fasana,Aye,1
1077,2016-01-28,Board of Directors - Regular Board Meeting,16430,38,2015-1699,APPROVED,278,Eric Garcetti,Absent,0
1077,2016-01-28,Board of Directors - Regular Board Meeting,16430,38,2015-1699,APPROVED,281,Michael Antonovich,Absent,0
1077,2016-01-28,Board of Directors - Regular Board Meeting,16430,38,2015-1699,APPROVED,282,Mike Bonin,Absent,0
1077,2016-01-28,Board of Directors - Regular Board Meeting,16430,38,2015-1699,APPROVED,1820,James Butts,Aye,1
1077,2016-01-28,Board of Directors - Regular Board Meeting,16430,38,2015-1699,APPROVED,283,Diane DuBois,Aye,1
1077,2016-01-28,Board of Directors - Regular Board Meeting,16430,38,2015-1699,APPROVED,284,Jacquelyn Dupont-Walker,Absent,0
1077,2016-01-28,Board of Directors - Regular Board Meeting,16430,38,2015-1699,APPROVED,285,Don Knabe,Aye,1
1077,2016-01-28,Board of Directors - Regular Board Meeting,16430,38,2015-1699,APPROVED,286,Paul Krekorian,Aye,1
1077,2016-01-28,Board of Directors - Regular Board Meeting,16430,38,2015-1699,APPROVED,287,Sheila Kuehl,Aye,1
1077,2016-01-28,Board of Directors - Regular Board Meeting,16430,38,2015-1699,APPROVED,288,Ara J. Najarian,Aye,1
1077,2016-01-28,Board of Directors - Regular Board Meeting,16430,38,2015-1699,APPROVED,290,Hilda L. Solis,Absent,0
1077,2016-01-28,Board of Directors - Regular Board Meeting,16432,39,2015-1314,APPROVED,279,Mark Ridley-Thomas,Absent,0
1077,2016-01-28,Board of Directors - Regular Board Meeting,16432,39,2015-1314,APPROVED,280,John Fasana,Aye,1
1077,2016-01-28,Board of Directors - Regular Board Meeting,16432,39,2015-1314,APPROVED,278,Eric Garcetti,Absent,0
1077,2016-01-28,Board of Directors - Regular Board Meeting,16432,39,2015-1314,APPROVED,281,Michael Antonovich,Absent,0
1077,2016-01-28,Board of Directors - Regular Board Meeting,16432,39,2015-1314,APPROVED,282,Mike Bonin,Absent,0
1077,2016-01-28,Board of Directors - Regular Board Meeting,16432,39,2015-1314,APPROVED,1820,James Butts,Aye,1
1077,2016-01-28,Board of Directors - Regular Board Meeting,16432,39,2015-1314,APPROVED,283,Diane DuBois,Aye,1
1077,2016-01-28,Board of Directors - Regular Board Meeting,16432,39,2015-1314,APPROVED,284,Jacquelyn Dupont-Walker,Absent,0
1077,2016-01-28,Board of Directors - Regular Board Meeting,16432,39,2015-1314,APPROVED,285,Don Knabe,Aye,1
1077,2016-01-28,Board of Directors - Regular Board Meeting,16432,39,2015-1314,APPROVED,286,Paul Krekorian,Aye,1
1077,2016-01-28,Board of Directors - Regular Board Meeting,16432,39,2015-1314,APPROVED,287,Sheila Kuehl,Aye,1
1077,2016-01-28,Board of Directors - Regular Board Meeting,16432,39,2015-1314,APPROVED,288,Ara J. Najarian,Aye,1
1077,2016-01-28,Board of Directors - Regular Board Meeting,16432,39,2015-1314,APPROVED,290,Hilda L. Solis,Absent,0
1077,2016-01-28,Board of Directors - Regular Board Meeting,16434,40,2015-1696,APPROVED,279,Mark Ridley-Thomas,Absent,0
1077,2016-01-28,Board of Directors - Regular Board Meeting,16434,40,2015-1696,APPROVED,280,John Fasana,Aye,1
1077,2016-01-28,Board of Directors - Regular Board Meeting,16434,40,2015-1696,APPROVED,278,Eric Garcetti,Absent,0
1077,2016-01-28,Board of Directors - Regular Board Meeting,16434,40,2015-1696,APPROVED,281,Michael Antonovich,Absent,0
1077,2016-01-28,Board of Directors - Regular Board Meeting,16434,40,2015-1696,APPROVED,282,Mike Bonin,Absent,0
1077,2016-01-28,Board of Directors - Regular Board Meeting,16434,40,2015-1696,APPROVED,1820,James Butts,Aye,1
1077,2016-01-28,Board of Directors - Regular Board Meeting,16434,40,2015-1696,APPROVED,283,Diane DuBois,Aye,1
1077,2016-01-28,Board of Directors - Regular Board Meeting,16434,40,2015-1696,APPROVED,284,Jacquelyn Dupont-Walker,Absent,0
1077,2016-01-28,Board of Directors - Regular Board Meeting,16434,40,2015-1696,APPROVED,285,Don Knabe,Aye,1
1077,2016-01-28,Board of Directors - Regular Board Meeting,16434,40,2015-1696,APPROVED,286,Paul Krekorian,Aye,1
1077,2016-01-28,Board of Directors - Regular Board Meeting,16434,40,2015-1696,APPROVED,287,Sheila Kuehl,Aye,1
1077,2016-01-28,Board of Directors - Regular Board Meeting,16434,40,2015-1696,APPROVED,288,Ara J. Najarian,Aye,1
1077,2016-01-28,Board of Directors - Regular Board Meeting,16434,40,2015-1696,APPROVED,290,Hilda L. Solis,Absent,0
1077,2016-01-28,Board of Directors - Regular Board Meeting,16436,41,2015-1316,APPROVED,279,Mark Ridley-Thomas,Absent,0
1077,2016-01-28,Board of Directors - Regular Board Meeting,16436,41,2015-1316,APPROVED,280,John Fasana,Aye,1
1077,2016-01-28,Board of Directors - Regular Board Meeting,16436,41,2015-1316,APPROVED,278,Eric Garcetti,Absent,0
1077,2016-01-28,Board of Directors - Regular Board Meeting,16436,41,2015-1316,APPROVED,281,Michael Antonovich,Absent,0
1077,2016-01-28,Board of Directors - Regular Board Meeting,16436,41,2015-1316,APPROVED,282,Mike Bonin,Absent,0
1077,2016-01-28,Board of Directors - Regular Board Meeting,16436,41,2015-1316,APPROVED,1820,James Butts,Aye,1
1077,2016-01-28,Board of Directors - Regular Board Meeting,16436,41,2015-1316,APPROVED,283,Diane DuBois,Aye,1
1077,2016-01-28,Board of Directors - Regular Board Meeting,16436,41,2015-1316,APPROVED,284,Jacquelyn Dupont-Walker,Absent,0
1077,2016-01-28,Board of Directors - Regular Board Meeting,16436,41,2015-1316,APPROVED,285,Don Knabe,Aye,1
1077,2016-01-28,Board of Directors - Regular Board Meeting,16436,41,2015-1316,APPROVED,286,Paul Krekorian,Aye,1
1077,2016-01-28,Board of Directors - Regular Board Meeting,16436,41,2015-1316,APPROVED,287,Sheila Kuehl,Aye,1
1077,2016-01-28,Board of Directors - Regular Board Meeting,16436,41,2015-1316,APPROVED,288,Ara J. Najarian,Aye,1
1077,2016-01-28,Board of Directors - Regular Board Meeting,16436,41,2015-1316,APPROVED,290,Hilda L. Solis,Absent,0
1077,2016-01-28,Board of Directors - Regular Board Meeting,16438,43,2016-0066,APPROVED,279,Mark Ridley-Thomas,Absent,0
1077,2016-01-28,Board of Directors - Regular Board Meeting,16438,43,2016-0066,APPROVED,280,John Fasana,Aye,1
1077,2016-01-28,Board of Directors - Regular Board Meeting,16438,43,2016-0066,APPROVED,278,Eric Garcetti,Absent,0
1077,2016-01-28,Board of Directors - Regular Board Meeting,16438,43,2016-0066,APPROVED,281,Michael Antonovich,Absent,0
1077,2016-01-28,Board of Directors - Regular Board Meeting,16438,43,2016-0066,APPROVED,282,Mike Bonin,Absent,0
1077,2016-01-28,Board of Directors - Regular Board Meeting,16438,43,2016-0066,APPROVED,1820,James Butts,Aye,1
1077,2016-01-28,Board of Directors - Regular Board Meeting,16438,43,2016-0066,APPROVED,283,Diane DuBois,Aye,1
1077,2016-01-28,Board of Directors - Regular Board Meeting,16438,43,2016-0066,APPROVED,284,Jacquelyn Dupont-Walker,Absent,0
1077,2016-01-28,Board of Directors - Regular Board Meeting,16438,43,2016-0066,APPROVED,285,Don Knabe,Aye,1
1077,2016-01-28,Board of Directors - Regular Board Meeting,16438,43,2016-0066,APPROVED,286,Paul Krekorian,Aye,1
1077,2016-01-28,Board of Directors - Regular Board Meeting,16438,43,2016-0066,APPROVED,287,Sheila Kuehl,Aye,1
1077,2016-01-28,Board of Directors - Regular Board Meeting,16438,43,2016-0066,APPROVED,288,Ara J. Najarian,Aye,1
1077,2016-01-28,Board of Directors - Regular Board Meeting,16438,43,2016-0066,APPROVED,290,Hilda L. Solis,Absent,0
1077,2016-01-28,Board of Directors - Regular Board Meeting,16440,47,2015-1776,APPROVED,279,Mark Ridley-Thomas,Absent,0
1077,2016-01-28,Board of Directors - Regular Board Meeting,16440,47,2015-1776,APPROVED,280,John Fasana,Aye,1
1077,2016-01-28,Board of Directors - Regular Board Meeting,16440,47,2015-1776,APPROVED,278,Eric Garcetti,Absent,0
1077,2016-01-28,Board of Directors - Regular Board Meeting,16440,47,2015-1776,APPROVED,281,Michael Antonovich,Absent,0
1077,2016-01-28,Board of Directors - Regular Board Meeting,16440,47,2015-1776,APPROVED,282,Mike Bonin,Absent,0
1077,2016-01-28,Board of Directors - Regular Board Meeting,16440,47,2015-1776,APPROVED,1820,James Butts,Aye,1
1077,2016-01-28,Board of Directors - Regular Board Meeting,16440,47,2015-1776,APPROVED,283,Diane DuBois,Aye,1
1077,2016-01-28,Board of Directors - Regular Board Meeting,16440,47,2015-1776,APPROVED,284,Jacquelyn Dupont-Walker,Absent,0
1077,2016-01-28,Board of Directors - Regular Board Meeting,16440,47,2015-1776,APPROVED,285,Don Knabe,Aye,1
1077,2016-01-28,Board of Directors - Regular Board Meeting,16440,47,2015-1776,APPROVED,286,Paul Krekorian,Aye,1
1077,2016-01-28,Board of Directors - Regular Board Meeting,16440,47,2015-1776,APPROVED,287,Sheila Kuehl,Aye,1
1077,2016-01-28,Board of Directors - Regular Board Meeting,16440,47,2015-1776,APPROVED,288,Ara J. Najarian,Aye,1
1077,2016-01-28,Board of Directors - Regular Board Meeting,16440,47,2015-1776,APPROVED,290,Hilda L. Solis,Absent,0
1077,2016-01-28,Board of Directors - Regular Board Meeting,16442,48,2015-1796,ADOPTED,279,Mark Ridley-Thomas,Absent,0
1077,2016-01-28,Board of Directors - Regular Board Meeting,16442,48,2015-1796,ADOPTED,280,John Fasana,Aye,1
1077,2016-01-28,Board of Directors - Regular Board Meeting,16442,48,2015-1796,ADOPTED,278,Eric Garcetti,Absent,0
1077,2016-01-28,Board of Directors - Regular Board Meeting,16442,48,2015-1796,ADOPTED,281,Michael Antonovich,Absent,0
1077,2016-01-28,Board of Directors - Regular Board Meeting,16442,48,2015-1796,ADOPTED,282,Mike Bonin,Absent,0
1077,2016-01-28,Board of Directors - Regular Board Meeting,16442,48,2015-1796,ADOPTED,1820,James Butts,Aye,1
1077,2016-01-28,Board of Directors - Regular Board Meeting,16442,48,2015-1796,ADOPTED,283,Diane DuBois,Aye,1
1077,2016-01-28,Board of Directors - Regular Board Meeting,16442,48,2015-1796,ADOPTED,284,Jacquelyn Dupont-Walker,Absent,0
1077,2016-01-28,Board of Directors - Regular Board Meeting,16442,48,2015-1796,ADOPTED,285,Don Knabe,Aye,1
1077,2016-01-28,Board of Directors - Regular Board Meeting,16442,48,2015-1796,ADOPTED,286,Paul Krekorian,Aye,1
1077,2016-01-28,Board of Directors - Regular Board Meeting,16442,48,2015-1796,ADOPTED,287,Sheila Kuehl,Aye,1
1077,2016-01-28,Board of Directors - Regular Board Meeting,16442,48,2015-1796,ADOPTED,288,Ara J. Najarian,Aye,1
1077,2016-01-28,Board of Directors - Regular Board Meeting,16442,48,2015-1796,ADOPTED,290,Hilda L. Solis,Absent,0
1077,2016-01-28,Board of Directors - Regular Board Meeting,16443,57,2015-1799,RECEIVED AND FILED,279,Mark Ridley-Thomas,Absent,0
1077,2016-01-28,Board of Directors - Regular Board Meeting,16443,57,2015-1799,RECEIVED AND FILED,280,John Fasana,Aye,1
1077,2016-01-28,Board of Directors - Regular Board Meeting,16443,57,2015-1799,RECEIVED AND FILED,278,Eric Garcetti,Absent,0
1077,2016-01-28,Board of Directors - Regular Board Meeting,16443,57,2015-1799,RECEIVED AND FILED,281,Michael Antonovich,Absent,0
1077,2016-01-28,Board of Directors - Regular Board Meeting,16443,57,2015-1799,RECEIVED AND FILED,282,Mike Bonin,Absent,0
1077,2016-01-28,Board of Directors - Regular Board Meeting,16443,57,2015-1799,RECEIVED AND FILED,1820,James Butts,Aye,1
1077,2016-01-28,Board of Directors - Regular Board Meeting,16443,57,2015-1799,RECEIVED AND FILED,283,Diane DuBois,Aye,1
1077,2016-01-28,Board of Directors - Regular Board Meeting,16443,57,2015-1799,RECEIVED AND FILED,284,Jacquelyn Dupont-Walker,Absent,0
1077,2016-01-28,Board of Directors - Regular Board Meeting,16443,57,2015-1799,RECEIVED AND FILED,285,Don Knabe,Aye,1
1077,2016-01-28,Board of Directors - Regular Board Meeting,16443,57,2015-1799,RECEIVED AND FILED,286,Paul Krekorian,Aye,1
1077,2016-01-28,Board of Directors - Regular Board Meeting,16443,57,2015-1799,RECEIVED AND FILED,287,Sheila Kuehl,Aye,1
1077,2016-01-28,Board of Directors - Regular Board Meeting,16443,57,2015-1799,RECEIVED AND FILED,288,Ara J. Najarian,Aye,1
1077,2016-01-28,Board of Directors - Regular Board Meeting,16443,57,2015-1799,RECEIVED AND FILED,290,Hilda L. Solis,Absent,0
1077,2016-01-28,Board of Directors - Regular Board Meeting,16444,58,2016-0057,APPROVED AS AMENDED,279,Mark Ridley-Thomas,Aye,1
1077,2016-01-28,Board of Directors - Regular Board Meeting,16444,58,2016-0057,APPROVED AS AMENDED,280,John Fasana,Aye,1
1077,2016-01-28,Board of Directors - Regular Board Meeting,16444,58,2016-0057,APPROVED AS AMENDED,278,Eric Garcetti,Aye,1
1077,2016-01-28,Board of Directors - Regular Board Meeting,16444,58,2016-0057,APPROVED AS AMENDED,281,Michael Antonovich,Aye,1
1077,2016-01-28,Board of Directors - Regular Board Meeting,16444,58,2016-0057,APPROVED AS AMENDED,282,Mike Bonin,Aye,1
1077,2016-01-28,Board of Directors - Regular Board Meeting,16444,58,2016-0057,APPROVED AS AMENDED,1820,James Butts,Aye,1
1077,2016-01-28,Board of Directors - Regular Board Meeting,16444,58,2016-0057,APPROVED AS AMENDED,283,Diane DuBois,Aye,1
1077,2016-01-28,Board of Directors - Regular Board Meeting,16444,58,2016-0057,APPROVED AS AMENDED,284,Jacquelyn Dupont-Walker,Absent,0
1077,2016-01-28,Board of Directors - Regular Board Meeting,16444,58,2016-0057,APPROVED AS AMENDED,285,Don Knabe,Aye,1
1077,2016-01-28,Board of Directors - Regular Board Meeting,16444,58,2016-0057,APPROVED AS AMENDED,286,Paul Krekorian,Aye,1
1077,2016-01-28,Board of Directors - Regular Board Meeting,16444,58,2016-0057,APPROVED AS AMENDED,287,Sheila Kuehl,Aye,1
1077,2016-01-28,Board of Directors - Regular Board Meeting,16444,58,2016-0057,APPROVED AS AMENDED,288,Ara J. Najarian,Aye,1
1077,2016-01-28,Board of Directors - Regular Board Meeting,16444,58,2016-0057,APPROVED AS AMENDED,290,Hilda L. Solis,Absent,0
1077,2016-01-28,Board of Directors - Regular Board Meeting,16451,59,2016-0067,APPROVED,279,Mark Ridley-Thomas,Absent,0
1077,2016-01-28,Board of Directors - Regular Board Meeting,16451,59,2016-0067,APPROVED,280,John Fasana,Aye,1
1077,2016-01-28,Board of Directors - Regular Board Meeting,16451,59,2016-0067,APPROVED,278,Eric Garcetti,Absent,0
1077,2016-01-28,Board of Directors - Regular Board Meeting,16451,59,2016-0067,APPROVED,281,Michael Antonovich,Aye,1
1077,2016-01-28,Board of Directors - Regular Board Meeting,16451,59,2016-0067,APPROVED,282,Mike Bonin,Absent,0
1077,2016-01-28,Board of Directors - Regular Board Meeting,16451,59,2016-0067,APPROVED,1820,James Butts,Aye,1
1077,2016-01-28,Board of Directors - Regular Board Meeting,16451,59,2016-0067,APPROVED,283,Diane DuBois,Absent,0
1077,2016-01-28,Board of Directors - Regular Board Meeting,16451,59,2016-0067,APPROVED,284,Jacquelyn Dupont-Walker,Aye,1
1077,2016-01-28,Board of Directors - Regular Board Meeting,16451,59,2016-0067,APPROVED,285,Don Knabe,Aye,1
1077,2016-01-28,Board of Directors - Regular Board Meeting,16451,59,2016-0067,APPROVED,286,Paul Krekorian,Aye,1
1077,2016-01-28,Board of Directors - Regular Board Meeting,16451,59,2016-0067,APPROVED,287,Sheila Kuehl,Aye,1
1077,2016-01-28,Board of Directors - Regular Board Meeting,16451,59,2016-0067,APPROVED,288,Ara J. Najarian,Aye,1
1077,2016-01-28,Board of Directors - Regular Board Meeting,16451,59,2016-0067,APPROVED,290,Hilda L. Solis,Absent,0
1077,2016-01-28,Board of Directors - Regular Board Meeting,16453,61,2015-1559,APPROVED,279,Mark Ridley-Thomas,Absent,0
1077,2016-01-28,Board of Directors - Regular Board Meeting,16453,61,2015-1559,APPROVED,280,John Fasana,Aye,1
1077,2016-01-28,Board of Directors - Regular Board Meeting,16453,61,2015-1559,APPROVED,278,Eric Garcetti,Absent,0
1077,2016-01-28,Board of Directors - Regular Board Meeting,16453,61,2015-1559,APPROVED,281,Michael Antonovich,Aye,1
1077,2016-01-28,Board of Directors - Regular Board Meeting,16453,61,2015-1559,APPROVED,282,Mike Bonin,Absent,0
1077,2016-01-28,Board of Directors - Regular Board Meeting,16453,61,2015-1559,APPROVED,1820,James Butts,Aye,1
1077,2016-01-28,Board of Directors - Regular Board Meeting,16453,61,2015-1559,APPROVED,283,Diane DuBois,Aye,1
1077,2016-01-28,Board of Directors - Regular Board Meeting,16453,61,2015-1559,APPROVED,284,Jacquelyn Dupont-Walker,Aye,1
1077,2016-01-28,Board of Directors - Regular Board Meeting,16453,61,2015-1559,APPROVED,285,Don Knabe,Aye,1
1077,2016-01-28,Board of Directors - Regular Board Meeting,16453,61,2015-1559,APPROVED,286,Paul Krekorian,Aye,1
1077,2016-01-28,Board of Directors - Regular Board Meeting,16453,61,2015-1559,APPROVED,287,Sheila Kuehl,Aye,1
1077,2016-01-28,Board of Directors - Regular Board Meeting,16453,61,2015-1559,APPROVED,288,Ara J. Najarian,Aye,1
1077,2016-01-28,Board of Directors - Regular Board Meeting,16453,61,2015-1559,APPROVED,290,Hilda L. Solis,Absent,0
1077,2016-01-28,Board of Directors - Regular Board Meeting,16454,62,2015-1662,RECEIVED AND FILED,279,Mark Ridley-Thomas,Absent,0
1077,2016-01-28,Board of Directors - Regular Board Meeting,16454,62,2015-1662,RECEIVED AND FILED,280,John Fasana,Aye,1
1077,2016-01-28,Board of Directors - Regular Board Meeting,16454,62,2015-1662,RECEIVED AND FILED,278,Eric Garcetti,Absent,0
1077,2016-01-28,Board of Directors - Regular Board Meeting,16454,62,2015-1662,RECEIVED AND FILED,281,Michael Antonovich,Aye,1
1077,2016-01-28,Board of Directors - Regular Board Meeting,16454,62,2015-1662,RECEIVED AND FILED,282,Mike Bonin,Absent,0
1077,2016-01-28,Board of Directors - Regular Board Meeting,16454,62,2015-1662,RECEIVED AND FILED,1820,James Butts,Aye,1
1077,2016-01-28,Board of Directors - Regular Board Meeting,16454,62,2015-1662,RECEIVED AND FILED,283,Diane DuBois,Aye,1
1077,2016-01-28,Board of Directors - Regular Board Meeting,16454,62,2015-1662,RECEIVED AND FILED,284,Jacquelyn Dupont-Walker,Aye,1
1077,2016-01-28,Board of Directors - Regular Board Meeting,16454,62,2015-1662,RECEIVED AND FILED,285,Don Knabe,Aye,1
1077,2016-01-28,Board of Directors - Regular Board Meeting,16454,62,2015-1662,RECEIVED AND FILED,286,Paul Krekorian,Aye,1
1077,2016-01-28,Board of Directors - Regular Board Meeting,16454,62,2015-1662,RECEIVED AND FILED,287,Sheila Kuehl,Aye,1
1077,2016-01-28,Board of Directors - Regular Board Meeting,16454,62,2015-1662,RECEIVED AND FILED,288,Ara J. Najarian,Aye,1
1077,2016-01-28,Board of Directors - Regular Board Meeting,16454,62,2015-1662,RECEIVED AND FILED,290,Hilda L. Solis,Absent,0
1077,2016-01-28,Board of Directors - Regular Board Meeting,16455,64,2016-0065,RECEIVED,279,Mark Ridley-Thomas,Aye,1
1077,2016-01-28,Board of Directors - Regular Board Meeting,16455,64,2016-0065,RECEIVED,280,John Fasana,Aye,1
1077,2016-01-28,Board of Directors - Regular Board Meeting,16455,64,2016-0065,RECEIVED,278,Eric Garcetti,Aye,1
1077,2016-01-28,Board of Directors - Regular Board Meeting,16455,64,2016-0065,RECEIVED,281,Michael Antonovich,Aye,1
1077,2016-01-28,Board of Directors - Regular Board Meeting,16455,64,2016-0065,RECEIVED,282,Mike Bonin,Aye,1
1077,2016-01-28,Board of Directors - Regular Board Meeting,16455,64,2016-0065,RECEIVED,1820,James Butts,Aye,1
1077,2016-01-28,Board of Directors - Regular Board Meeting,16455,64,2016-0065,RECEIVED,283,Diane DuBois,Aye,1
1077,2016-01-28,Board of Directors - Regular Board Meeting,16455,64,2016-0065,RECEIVED,284,Jacquelyn Dupont-Walker,Aye,1
1077,2016-01-28,Board of Directors - Regular Board Meeting,16455,64,2016-0065,RECEIVED,285,Don Knabe,Aye,1
1077,2016-01-28,Board of Directors - Regular Board Meeting,16455,64,2016-0065,RECEIVED,286,Paul Krekorian,Aye,1
1077,2016-01-28,Board of Directors - Regular Board Meeting,16455,64,2016-0065,RECEIVED,287,Sheila Kuehl,Aye,1
1077,2016-01-28,Board of Directors - Regular Board Meeting,16455,64,2016-0065,RECEIVED,288,Ara J. Najarian,Aye,1
1077,2016-01-28,Board of Directors - Regular Board Meeting,16455,64,2016-0065,RECEIVED,290,Hilda L. Solis,Absent,0
1077,2016-01-28,Board of Directors - Regular Board Meeting,16462,44,2015-1783,RECEIVED AND FILED,279,Mark Ridley-Thomas,Aye,1
1077,2016-01-28,Board of Directors - Regular Board Meeting,16462,44,2015-1783,RECEIVED AND FILED,280,John Fasana,Aye,1
1077,2016-01-28,Board of Directors - Regular Board Meeting,16462,44,2015-1783,RECEIVED AND FILED,278,Eric Garcetti,Aye,1
1077,2016-01-28,Board of Directors - Regular Board Meeting,16462,44,2015-1783,RECEIVED AND FILED,281,Michael Antonovich,Absent,0
1077,2016-01-28,Board of Directors - Regular Board Meeting,16462,44,2015-1783,RECEIVED AND FILED,282,Mike Bonin,Aye,1
1077,2016-01-28,Board of Directors - Regular Board Meeting,16462,44,2015-1783,RECEIVED AND FILED,1820,James Butts,Aye,1
1077,2016-01-28,Board of Directors - Regular Board Meeting,16462,44,2015-1783,RECEIVED AND FILED,283,Diane DuBois,Aye,1
1077,2016-01-28,Board of Directors - Regular Board Meeting,16462,44,2015-1783,RECEIVED AND FILED,284,Jacquelyn Dupont-Walker,Absent,0
1077,2016-01-28,Board of Directors - Regular Board Meeting,16462,44,2015-1783,RECEIVED AND FILED,285,Don Knabe,Aye,1
1077,2016-01-28,Board of Directors - Regular Board Meeting,16462,44,2015-1783,RECEIVED AND FILED,286,Paul Krekorian,Aye,1
1077,2016-01-28,Board of Directors - Regular Board Meeting,16462,44,2015-1783,RECEIVED AND FILED,287,Sheila Kuehl,Aye,1
1077,2016-01-28,Board of Directors - Regular Board Meeting,16462,44,2015-1783,RECEIVED AND FILED,288,Ara J. Najarian,Aye,1
1077,2016-01-28,Board of Directors - Regular Board Meeting,16462,44,2015-1783,RECEIVED AND FILED,290,Hilda L. Solis,Absent,0
1077,2016-01-28,Board of Directors - Regular Board Meeting,41518,18,2015-1626,APPROVED,279,Mark Ridley-Thomas,Absent,0
1077,2016-01-28,Board of Directors - Regular Board Meeting,41518,18,2015-1626,APPROVED,280,John Fasana,Aye,1
1077,2016-01-28,Board of Directors - Regular Board Meeting,41518,18,2015-1626,APPROVED,278,Eric Garcetti,Absent,0
1077,2016-01-28,Board of Directors - Regular Board Meeting,41518,18,2015-1626,APPROVED,281,Michael Antonovich,Aye,1
1077,2016-01-28,Board of Directors - Regular Board Meeting,41518,18,2015-1626,APPROVED,282,Mike Bonin,Absent,0
1077,2016-01-28,Board of Directors - Regular Board Meeting,41518,18,2015-1626,APPROVED,1820,James Butts,Aye,1
1077,2016-01-28,Board of Directors - Regular Board Meeting,41518,18,2015-1626,APPROVED,283,Diane DuBois,Aye,1
1077,2016-01-28,Board of Directors - Regular Board Meeting,41518,18,2015-1626,APPROVED,284,Jacquelyn Dupont-Walker,Aye,1
1077,2016-01-28,Board of Directors - Regular Board Meeting,41518,18,2015-1626,APPROVED,285,Don Knabe,Aye,1
1077,2016-01-28,Board of Directors - Regular Board Meeting,41518,18,2015-1626,APPROVED,286,Paul Krekorian,Absent,0
1077,2016-01-28,Board of Directors - Regular Board Meeting,41518,18,2015-1626,APPROVED,287,Sheila Kuehl,Absent,0
1077,2016-01-28,Board of Directors - Regular Board Meeting,41518,18,2015-1626,APPROVED,288,Ara J. Najarian,Aye,1
1077,2016-01-28,Board of Directors - Regular Board Meeting,41518,18,2015-1626,APPROVED,290,Hilda L. Solis,Absent,0
1077,2016-01-28,Board of Directors - Regular Board Meeting,41520,63,2016-0071,APPROVED,279,Mark Ridley-Thomas,Absent,0
1077,2016-01-28,Board of Directors - Regular Board Meeting,41520,63,2016-0071,APPROVED,280,John Fasana,Aye,1
1077,2016-01-28,Board of Directors - Regular Board Meeting,41520,63,2016-0071,APPROVED,278,Eric Garcetti,Absent,0
1077,2016-01-28,Board of Directors - Regular Board Meeting,41520,63,2016-0071,APPROVED,281,Michael Antonovich,Aye,1
1077,2016-01-28,Board of Directors - Regular Board Meeting,41520,63,2016-0071,APPROVED,282,Mike Bonin,Absent,0
1077,2016-01-28,Board of Directors - Regular Board Meeting,41520,63,2016-0071,APPROVED,1820,James Butts,Aye,1
1077,2016-01-28,Board of Directors - Regular Board Meeting,41520,63,2016-0071,APPROVED,283,Diane DuBois,Aye,1
1077,2016-01-28,Board of Directors - Regular Board Meeting,41520,63,2016-0071,APPROVED,284,Jacquelyn Dupont-Walker,Aye,1
1077,2016-01-28,Board of Directors - Regular Board Meeting,41520,63,2016-0071,APPROVED,285,Don Knabe,Aye,1
1077,2016-01-28,Board of Directors - Regular Board Meeting,41520,63,2016-0071,APPROVED,286,Paul Krekorian,Aye,1
1077,2016-01-28,Board of Directors - Regular Board Meeting,41520,63,2016-0071,APPROVED,287,Sheila Kuehl,Aye,1
1077,2016-01-28,Board of Directors - Regular Board Meeting,41520,63,2016-0071,APPROVED,288,Ara J. Najarian,Aye,1
1077,2016-01-28,Board of Directors - Regular Board Meeting,41520,63,2016-0071,APPROVED,290,Hilda L. Solis,Absent,0
1077,2016-01-28,Board of Directors - Regular Board Meeting,41523,58.1,2016-0070,APPROVED AS AMENDED,279,Mark Ridley-Thomas,Aye,1
1077,2016-01-28,Board of Directors - Regular Board Meeting,41523,58.1,2016-0070,APPROVED AS AMENDED,280,John Fasana,Aye,1
1077,2016-01-28,Board of Directors - Regular Board Meeting,41523,58.1,2016-0070,APPROVED AS AMENDED,278,Eric Garcetti,Aye,1
1077,2016-01-28,Board of Directors - Regular Board Meeting,41523,58.1,2016-0070,APPROVED AS AMENDED,281,Michael Antonovich,Aye,1
1077,2016-01-28,Board of Directors - Regular Board Meeting,41523,58.1,2016-0070,APPROVED AS AMENDED,282,Mike Bonin,Aye,1
1077,2016-01-28,Board of Directors - Regular Board Meeting,41523,58.1,2016-0070,APPROVED AS AMENDED,1820,James Butts,Aye,1
1077,2016-01-28,Board of Directors - Regular Board Meeting,41523,58.1,2016-0070,APPROVED AS AMENDED,283,Diane DuBois,Aye,1
1077,2016-01-28,Board of Directors - Regular Board Meeting,41523,58.1,2016-0070,APPROVED AS AMENDED,284,Jacquelyn Dupont-Walker,Absent,0
1077,2016-01-28,Board of Directors - Regular Board Meeting,41523,58.1,2016-0070,APPROVED AS AMENDED,285,Don Knabe,Aye,1
1077,2016-01-28,Board of Directors - Regular Board Meeting,41523,58.1,2016-0070,APPROVED AS AMENDED,286,Paul Krekorian,Aye,1
1077,2016-01-28,Board of Directors - Regular Board Meeting,41523,58.1,2016-0070,APPROVED AS AMENDED,287,Sheila Kuehl,Aye,1
1077,2016-01-28,Board of Directors - Regular Board Meeting,41523,58.1,2016-0070,APPROVED AS AMENDED,288,Ara J. Najarian,Aye,1
1077,2016-01-28,Board of Directors - Regular Board Meeting,41523,58.1,2016-0070,APPROVED AS AMENDED,290,Hilda L. Solis,Absent,0
1077,2016-01-28,Board of Directors - Regular Board Meeting,41524,,,APPROVED ON CONSENT CALENDAR,279,Mark Ridley-Thomas,Absent,0
1077,2016-01-28,Board of Directors - Regular Board Meeting,41524,,,APPROVED ON CONSENT CALENDAR,280,John Fasana,Aye,1
1077,2016-01-28,Board of Directors - Regular Board Meeting,41524,,,APPROVED ON CONSENT CALENDAR,278,Eric Garcetti,Absent,0
1077,2016-01-28,Board of Directors - Regular Board Meeting,41524,,,APPROVED ON CONSENT CALENDAR,281,Michael Antonovich,Absent,0
1077,2016-01-28,Board of Directors - Regular Board Meeting,41524,,,APPROVED ON CONSENT CALENDAR,282,Mike Bonin,Absent,0
1077,2016-01-28,Board of Directors - Regular Board Meeting,41524,,,APPROVED ON CONSENT CALENDAR,1820,James Butts,Aye,1
1077,2016-01-28,Board of Directors - Regular Board Meeting,41524,,,APPROVED ON CONSENT CALENDAR,283,Diane DuBois,Aye,1
1077,2016-01-28,Board of Directors - Regular Board Meeting,41524,,,APPROVED ON CONSENT CALENDAR,284,Jacquelyn Dupont-Walker,Absent,0
1077,2016-01-28,Board of Directors - Regular Board Meeting,41524,,,APPROVED ON CONSENT CALENDAR,285,Don Knabe,Aye,1
1077,2016-01-28,Board of Directors - Regular Board Meeting,41524,,,APPROVED ON CONSENT CALENDAR,286,Paul Krekorian,Aye,1
1077,2016-01-28,Board of Directors - Regular Board Meeting,41524,,,APPROVED ON CONSENT CALENDAR,287,Sheila Kuehl,Aye,1
1077,2016-01-28,Board of Directors - Regular Board Meeting,41524,,,APPROVED ON CONSENT CALENDAR,288,Ara J. Najarian,Aye,1
1077,2016-01-28,Board of Directors - Regular Board Meeting,41524,,,APPROVED ON CONSENT CALENDAR,290,Hilda L. Solis,Absent,0
1078,2016-02-18,Executive Management Committee,16543,30,2016-0011,RECEIVED AND FILED,279,Mark Ridley-Thomas,Absent,0
1078,2016-02-18,Executive Management Committee,16543,30,2016-0011,RECEIVED AND FILED,280,John Fasana,Aye,1
1078,2016-02-18,Executive Management Committee,16543,30,2016-0011,RECEIVED AND FILED,281,Michael Antonovich,Absent,0
1078,2016-02-18,Executive Management Committee,16543,30,2016-0011,RECEIVED AND FILED,278,Eric Garcetti,Absent,0
1078,2016-02-18,Executive Management Committee,16543,30,2016-0011,RECEIVED AND FILED,286,Paul Krekorian,Aye,1
1078,2016-02-18,Executive Management Committee,16543,30,2016-0011,RECEIVED AND FILED,287,Sheila Kuehl,Aye,1
1078,2016-02-18,Executive Management Committee,16581,54,2015-1790,RECOMMENDED FOR APPROVAL,279,Mark Ridley-Thomas,Absent,0
1078,2016-02-18,Executive Management Committee,16581,54,2015-1790,RECOMMENDED FOR APPROVAL,280,John Fasana,Aye,1
1078,2016-02-18,Executive Management Committee,16581,54,2015-1790,RECOMMENDED FOR APPROVAL,281,Michael Antonovich,Aye,1
1078,2016-02-18,Executive Management Committee,16581,54,2015-1790,RECOMMENDED FOR APPROVAL,278,Eric Garcetti,Aye,1
1078,2016-02-18,Executive Management Committee,16581,54,2015-1790,RECOMMENDED FOR APPROVAL,286,Paul Krekorian,Aye,1
1078,2016-02-18,Executive Management Committee,16581,54,2015-1790,RECOMMENDED FOR APPROVAL,287,Sheila Kuehl,Aye,1
1078,2016-02-18,Executive Management Committee,16798,51,2016-0100,RECEIVED,279,Mark Ridley-Thomas,Absent,0
1078,2016-02-18,Executive Management Committee,16798,51,2016-0100,RECEIVED,280,John Fasana,Aye,1
1078,2016-02-18,Executive Management Committee,16798,51,2016-0100,RECEIVED,281,Michael Antonovich,Aye,1
1078,2016-02-18,Executive Management Committee,16798,51,2016-0100,RECEIVED,278,Eric Garcetti,Aye,1
1078,2016-02-18,Executive Management Committee,16798,51,2016-0100,RECEIVED,286,Paul Krekorian,Aye,1
1078,2016-02-18,Executive Management Committee,16798,51,2016-0100,RECEIVED,287,Sheila Kuehl,Aye,1
1078,2016-02-18,Executive Management Committee,16800,52,2016-0106,RECEIVED,279,Mark Ridley-Thomas,Aye,1
1078,2016-02-18,Executive Management Committee,16800,52,2016-0106,RECEIVED,280,John Fasana,Aye,1
1078,2016-02-18,Executive Management Committee,16800,52,2016-0106,RECEIVED,281,Michael Antonovich,Aye,1
1078,2016-02-18,Executive Management Committee,16800,52,2016-0106,RECEIVED,278,Eric Garcetti,Aye,1
1078,2016-02-18,Executive Management Committee,16800,52,2016-0106,RECEIVED,286,Paul Krekorian,Aye,1
1078,2016-02-18,Executive Management Committee,16800,52,2016-0106,RECEIVED,287,Sheila Kuehl,Aye,1
1078,2016-02-18,Executive Management Committee,16818,49,2016-0107,RECEIVED AND FILED,279,Mark Ridley-Thomas,Absent,0
1078,2016-02-18,Executive Management Committee,16818,49,2016-0107,RECEIVED AND FILED,280,John Fasana,Aye,1
1078,2016-02-18,Executive Management Committee,16818,49,2016-0107,RECEIVED AND FILED,281,Michael Antonovich,Absent,0
1078,2016-02-18,Executive Management Committee,16818,49,2016-0107,RECEIVED AND FILED,278,Eric Garcetti,Absent,0
1078,2016-02-18,Executive Management Committee,16818,49,2016-0107,RECEIVED AND FILED,286,Paul Krekorian,Aye,1
1078,2016-02-18,Executive Management Committee,16818,49,2016-0107,RECEIVED AND FILED,287,Sheila Kuehl,Aye,1
1078,2016-02-18,Executive Management Committee,16821,50,2015-1667,RECEIVED AND FILED,279,Mark Ridley-Thomas,Absent,0
1078,2016-02-18,Executive Management Committee,16821,50,2015-1667,RECEIVED AND FILED,280,John Fasana,Aye,1
1078,2016-02-18,Executive Management Committee,16821,50,2015-1667,RECEIVED AND FILED,281,Michael Antonovich,Absent,0
1078,2016-02-18,Executive Management Committee,16821,50,2015-1667,RECEIVED AND FILED,278,Eric Garcetti,Absent,0
1078,2016-02-18,Executive Management Committee,16821,50,2015-1667,RECEIVED AND FILED,286,Paul Krekorian,Aye,1
1078,2016-02-18,Executive Management Committee,16821,50,2015-1667,RECEIVED AND FILED,287,Sheila Kuehl,Aye,1
1078,2016-02-18,Executive Management Committee,16824,55,2015-0544,RECEIVED AND FILED,279,Mark Ridley-Thomas,Absent,0
1078,2016-02-18,Executive Management Committee,16824,55,2015-0544,RECEIVED AND FILED,280,John Fasana,Aye,1
1078,2016-02-18,Executive Management Committee,16824,55,2015-0544,RECEIVED AND FILED,281,Michael Antonovich,Aye,1
1078,2016-02-18,Executive Management Committee,16824,55,2015-0544,RECEIVED AND FILED,278,Eric Garcetti,Aye,1
1078,2016-02-18,Executive Management Committee,16824,55,2015-0544,RECEIVED AND FILED,286,Paul Krekorian,Aye,1
1078,2016-02-18,Executive Management Committee,16824,55,2015-0544,RECEIVED AND FILED,287,Sheila Kuehl,Aye,1
1078,2016-02-18,Executive Management Committee,16834,56,2016-0115,RECEIVED AND FILED,279,Mark Ridley-Thomas,Aye,1
1078,2016-02-18,Executive Management Committee,16834,56,2016-0115,RECEIVED AND FILED,280,John Fasana,Aye,1
1078,2016-02-18,Executive Management Committee,16834,56,2016-0115,RECEIVED AND FILED,281,Michael Antonovich,Aye,1
1078,2016-02-18,Executive Management Committee,16834,56,2016-0115,RECEIVED AND FILED,278,Eric Garcetti,Aye,1
1078,2016-02-18,Executive Management Committee,16834,56,2016-0115,RECEIVED AND FILED,286,Paul Krekorian,Aye,1
1078,2016-02-18,Executive Management Committee,16834,56,2016-0115,RECEIVED AND FILED,287,Sheila Kuehl,Aye,1
1078,2016-02-18,Executive Management Committee,16835,57,2016-0157,RECOMMENDED FOR APPROVAL,279,Mark Ridley-Thomas,Aye,1
1078,2016-02-18,Executive Management Committee,16835,57,2016-0157,RECOMMENDED FOR APPROVAL,280,John Fasana,Aye,1
1078,2016-02-18,Executive Management Committee,16835,57,2016-0157,RECOMMENDED FOR APPROVAL,281,Michael Antonovich,Aye,1
1078,2016-02-18,Executive Management Committee,16835,57,2016-0157,RECOMMENDED FOR APPROVAL,278,Eric Garcetti,Aye,1
1078,2016-02-18,Executive Management Committee,16835,57,2016-0157,RECOMMENDED FOR APPROVAL,286,Paul Krekorian,Aye,1
1078,2016-02-18,Executive Management Committee,16835,57,2016-0157,RECOMMENDED FOR APPROVAL,287,Sheila Kuehl,Aye,1
1078,2016-02-18,Executive Management Committee,16836,10,2016-0114,RECEIVED AND FILED,279,Mark Ridley-Thomas,Aye,1
1078,2016-02-18,Executive Management Committee,16836,10,2016-0114,RECEIVED AND FILED,280,John Fasana,Aye,1
1078,2016-02-18,Executive Management Committee,16836,10,2016-0114,RECEIVED AND FILED,281,Michael Antonovich,Aye,1
1078,2016-02-18,Executive Management Committee,16836,10,2016-0114,RECEIVED AND FILED,278,Eric Garcetti,Aye,1
1078,2016-02-18,Executive Management Committee,16836,10,2016-0114,RECEIVED AND FILED,286,Paul Krekorian,Aye,1
1078,2016-02-18,Executive Management Committee,16836,10,2016-0114,RECEIVED AND FILED,287,Sheila Kuehl,Aye,1
1078,2016-02-18,Executive Management Committee,16837,8,2016-0036,RECEIVED AND FILED,279,Mark Ridley-Thomas,Aye,1
1078,2016-02-18,Executive Management Committee,16837,8,2016-0036,RECEIVED AND FILED,280,John Fasana,Aye,1
1078,2016-02-18,Executive Management Committee,16837,8,2016-0036,RECEIVED AND FILED,281,Michael Antonovich,Aye,1
1078,2016-02-18,Executive Management Committee,16837,8,2016-0036,RECEIVED AND FILED,278,Eric Garcetti,Aye,1
1078,2016-02-18,Executive Management Committee,16837,8,2016-0036,RECEIVED AND FILED,286,Paul Krekorian,Aye,1
1078,2016-02-18,Executive Management Committee,16837,8,2016-0036,RECEIVED AND FILED,287,Sheila Kuehl,Aye,1
1078,2016-02-18,Executive Management Committee,41533,51,2016-0100,RECEIVED,279,Mark Ridley-Thomas,Absent,0
1078,2016-02-18,Executive Management Committee,41533,51,2016-0100,RECEIVED,280,John Fasana,Aye,1
1078,2016-02-18,Executive Management Committee,41533,51,2016-0100,RECEIVED,281,Michael Antonovich,Aye,1
1078,2016-02-18,Executive Management Committee,41533,51,2016-0100,RECEIVED,278,Eric Garcetti,Aye,1
1078,2016-02-18,Executive Management Committee,41533,51,2016-0100,RECEIVED,286,Paul Krekorian,Aye,1
1078,2016-02-18,Executive Management Committee,41533,51,2016-0100,RECEIVED,287,Sheila Kuehl,Aye,1
1078,2016-02-18,Executive Management Committee,41535,53,2016-0118,RECOMMENDED FOR APPROVAL,279,Mark Ridley-Thomas,Aye,1
1078,2016-02-18,Executive Management Committee,41535,53,2016-0118,RECOMMENDED FOR APPROVAL,280,John Fasana,Aye,1
1078,2016-02-18,Executive Management Committee,41535,53,2016-0118,RECOMMENDED FOR APPROVAL,281,Michael Antonovich,Nay,2
1078,2016-02-18,Executive Management Committee,41535,53,2016-0118,RECOMMENDED FOR APPROVAL,278,Eric Garcetti,Aye,1
1078,2016-02-18,Executive Management Committee,41535,53,2016-0118,RECOMMENDED FOR APPROVAL,286,Paul Krekorian,Aye,1
1078,2016-02-18,Executive Management Committee,41535,53,2016-0118,RECOMMENDED FOR APPROVAL,287,Sheila Kuehl,Aye,1
1078,2016-02-18,Executive Management Committee,41536,,,APPROVED ON CONSENT CALENDAR,279,Mark Ridley-Thomas,Absent,0
1078,2016-02-18,Executive Management Committee,41536,,,APPROVED ON CONSENT CALENDAR,280,John Fasana,Aye,1
1078,2016-02-18,Executive Management Committee,41536,,,APPROVED ON CONSENT CALENDAR,281,Michael Antonovich,Absent,0
1078,2016-02-18,Executive Management Committee,41536,,,APPROVED ON CONSENT CALENDAR,278,Eric Garcetti,Absent,0
1078,2016-02-18,Executive Management Committee,41536,,,APPROVED ON CONSENT CALENDAR,286,Paul Krekorian,Aye,1
1078,2016-02-18,Executive Management Committee,41536,,,APPROVED ON CONSENT CALENDAR,287,Sheila Kuehl,Aye,1
1079,2016-02-25,Board of Directors - Regular Board Meeting,16848,1,,,279,Mark Ridley-Thomas,Aye,1
1079,2016-02-25,Board of Directors - Regular Board Meeting,16848,1,,,280,John Fasana,Aye,1
1079,2016-02-25,Board of Directors - Regular Board Meeting,16848,1,,,278,Eric Garcetti,Aye,1
1079,2016-02-25,Board of Directors - Regular Board Meeting,16848,1,,,281,Michael Antonovich,Absent,0
1079,2016-02-25,Board of Directors - Regular Board Meeting,16848,1,,,282,Mike Bonin,Aye,1
1079,2016-02-25,Board of Directors - Regular Board Meeting,16848,1,,,1820,James Butts,Absent,0
1079,2016-02-25,Board of Directors - Regular Board Meeting,16848,1,,,283,Diane DuBois,Aye,1
1079,2016-02-25,Board of Directors - Regular Board Meeting,16848,1,,,284,Jacquelyn Dupont-Walker,Aye,1
1079,2016-02-25,Board of Directors - Regular Board Meeting,16848,1,,,285,Don Knabe,Aye,1
1079,2016-02-25,Board of Directors - Regular Board Meeting,16848,1,,,286,Paul Krekorian,Aye,1
1079,2016-02-25,Board of Directors - Regular Board Meeting,16848,1,,,287,Sheila Kuehl,Aye,1
1079,2016-02-25,Board of Directors - Regular Board Meeting,16848,1,,,288,Ara J. Najarian,Aye,1
1079,2016-02-25,Board of Directors - Regular Board Meeting,16848,1,,,290,Hilda L. Solis,Aye,1
1079,2016-02-25,Board of Directors - Regular Board Meeting,16862,54,2015-1790,APPROVED,279,Mark Ridley-Thomas,Aye,1
1079,2016-02-25,Board of Directors - Regular Board Meeting,16862,54,2015-1790,APPROVED,280,John Fasana,Aye,1
1079,2016-02-25,Board of Directors - Regular Board Meeting,16862,54,2015-1790,APPROVED,278,Eric Garcetti,Aye,1
1079,2016-02-25,Board of Directors - Regular Board Meeting,16862,54,2015-1790,APPROVED,281,Michael Antonovich,Absent,0
1079,2016-02-25,Board of Directors - Regular Board Meeting,16862,54,2015-1790,APPROVED,282,Mike Bonin,Aye,1
1079,2016-02-25,Board of Directors - Regular Board Meeting,16862,54,2015-1790,APPROVED,1820,James Butts,Absent,0
1079,2016-02-25,Board of Directors - Regular Board Meeting,16862,54,2015-1790,APPROVED,283,Diane DuBois,Aye,1
1079,2016-02-25,Board of Directors - Regular Board Meeting,16862,54,2015-1790,APPROVED,284,Jacquelyn Dupont-Walker,Aye,1
1079,2016-02-25,Board of Directors - Regular Board Meeting,16862,54,2015-1790,APPROVED,285,Don Knabe,Aye,1
1079,2016-02-25,Board of Directors - Regular Board Meeting,16862,54,2015-1790,APPROVED,286,Paul Krekorian,Aye,1
1079,2016-02-25,Board of Directors - Regular Board Meeting,16862,54,2015-1790,APPROVED,287,Sheila Kuehl,Aye,1
1079,2016-02-25,Board of Directors - Regular Board Meeting,16862,54,2015-1790,APPROVED,288,Ara J. Najarian,Aye,1
1079,2016-02-25,Board of Directors - Regular Board Meeting,16862,54,2015-1790,APPROVED,290,Hilda L. Solis,Aye,1
1079,2016-02-25,Board of Directors - Regular Board Meeting,16862,54,2015-1790,APPROVED,1821,Carrie Bowen,Aye,1
1079,2016-02-25,Board of Directors - Regular Board Meeting,16862,54,2015-1790,APPROVED,1861,Shirley Choate,Aye,1
1079,2016-02-25,Board of Directors - Regular Board Meeting,16862,54,2015-1790,APPROVED,1848,Phil Washington,Aye,1
1079,2016-02-25,Board of Directors - Regular Board Meeting,16863,21,2016-0047,ADOPTED,279,Mark Ridley-Thomas,Aye,1
1079,2016-02-25,Board of Directors - Regular Board Meeting,16863,21,2016-0047,ADOPTED,280,John Fasana,Aye,1
1079,2016-02-25,Board of Directors - Regular Board Meeting,16863,21,2016-0047,ADOPTED,278,Eric Garcetti,Aye,1
1079,2016-02-25,Board of Directors - Regular Board Meeting,16863,21,2016-0047,ADOPTED,281,Michael Antonovich,Absent,0
1079,2016-02-25,Board of Directors - Regular Board Meeting,16863,21,2016-0047,ADOPTED,282,Mike Bonin,Aye,1
1079,2016-02-25,Board of Directors - Regular Board Meeting,16863,21,2016-0047,ADOPTED,1820,James Butts,Absent,0
1079,2016-02-25,Board of Directors - Regular Board Meeting,16863,21,2016-0047,ADOPTED,283,Diane DuBois,Aye,1
1079,2016-02-25,Board of Directors - Regular Board Meeting,16863,21,2016-0047,ADOPTED,284,Jacquelyn Dupont-Walker,Aye,1
1079,2016-02-25,Board of Directors - Regular Board Meeting,16863,21,2016-0047,ADOPTED,285,Don Knabe,Aye,1
1079,2016-02-25,Board of Directors - Regular Board Meeting,16863,21,2016-0047,ADOPTED,286,Paul Krekorian,Aye,1
1079,2016-02-25,Board of Directors - Regular Board Meeting,16863,21,2016-0047,ADOPTED,287,Sheila Kuehl,Aye,1
1079,2016-02-25,Board of Directors - Regular Board Meeting,16863,21,2016-0047,ADOPTED,288,Ara J. Najarian,Aye,1
1079,2016-02-25,Board of Directors - Regular Board Meeting,16863,21,2016-0047,ADOPTED,290,Hilda L. Solis,Aye,1
1079,2016-02-25,Board of Directors - Regular Board Meeting,16863,21,2016-0047,ADOPTED,1821,Carrie Bowen,Aye,1
1079,2016-02-25,Board of Directors - Regular Board Meeting,16863,21,2016-0047,ADOPTED,1861,Shirley Choate,Aye,1
1079,2016-02-25,Board of Directors - Regular Board Meeting,16863,21,2016-0047,ADOPTED,1848,Phil Washington,Aye,1
1079,2016-02-25,Board of Directors - Regular Board Meeting,16864,41,2015-1789,APPROVED,279,Mark Ridley-Thomas,Aye,1
1079,2016-02-25,Board of Directors - Regular Board Meeting,16864,41,2015-1789,APPROVED,280,John Fasana,Aye,1
1079,2016-02-25,Board of Directors - Regular Board Meeting,16864,41,2015-1789,APPROVED,278,Eric Garcetti,Aye,1
1079,2016-02-25,Board of Directors - Regular Board Meeting,16864,41,2015-1789,APPROVED,281,Michael Antonovich,Aye,1
1079,2016-02-25,Board of Directors - Regular Board Meeting,16864,41,2015-1789,APPROVED,282,Mike Bonin,Aye,1
1079,2016-02-25,Board of Directors - Regular Board Meeting,16864,41,2015-1789,APPROVED,1820,James Butts,Aye,1
1079,2016-02-25,Board of Directors - Regular Board Meeting,16864,41,2015-1789,APPROVED,283,Diane DuBois,Aye,1
1079,2016-02-25,Board of Directors - Regular Board Meeting,16864,41,2015-1789,APPROVED,284,Jacquelyn Dupont-Walker,Aye,1
1079,2016-02-25,Board of Directors - Regular Board Meeting,16864,41,2015-1789,APPROVED,285,Don Knabe,Aye,1
1079,2016-02-25,Board of Directors - Regular Board Meeting,16864,41,2015-1789,APPROVED,286,Paul Krekorian,Conflict,0
1079,2016-02-25,Board of Directors - Regular Board Meeting,16864,41,2015-1789,APPROVED,287,Sheila Kuehl,Aye,1
1079,2016-02-25,Board of Directors - Regular Board Meeting,16864,41,2015-1789,APPROVED,288,Ara J. Najarian,Aye,1
1079,2016-02-25,Board of Directors - Regular Board Meeting,16864,41,2015-1789,APPROVED,290,Hilda L. Solis,Aye,1
1079,2016-02-25,Board of Directors - Regular Board Meeting,16865,20,2015-1710,ADOPTED,279,Mark Ridley-Thomas,Aye,1
1079,2016-02-25,Board of Directors - Regular Board Meeting,16865,20,2015-1710,ADOPTED,280,John Fasana,Aye,1
1079,2016-02-25,Board of Directors - Regular Board Meeting,16865,20,2015-1710,ADOPTED,278,Eric Garcetti,Aye,1
1079,2016-02-25,Board of Directors - Regular Board Meeting,16865,20,2015-1710,ADOPTED,281,Michael Antonovich,Absent,0
1079,2016-02-25,Board of Directors - Regular Board Meeting,16865,20,2015-1710,ADOPTED,282,Mike Bonin,Aye,1
1079,2016-02-25,Board of Directors - Regular Board Meeting,16865,20,2015-1710,ADOPTED,1820,James Butts,Absent,0
1079,2016-02-25,Board of Directors - Regular Board Meeting,16865,20,2015-1710,ADOPTED,283,Diane DuBois,Aye,1
1079,2016-02-25,Board of Directors - Regular Board Meeting,16865,20,2015-1710,ADOPTED,284,Jacquelyn Dupont-Walker,Aye,1
1079,2016-02-25,Board of Directors - Regular Board Meeting,16865,20,2015-1710,ADOPTED,285,Don Knabe,Aye,1
1079,2016-02-25,Board of Directors - Regular Board Meeting,16865,20,2015-1710,ADOPTED,286,Paul Krekorian,Aye,1
1079,2016-02-25,Board of Directors - Regular Board Meeting,16865,20,2015-1710,ADOPTED,287,Sheila Kuehl,Aye,1
1079,2016-02-25,Board of Directors - Regular Board Meeting,16865,20,2015-1710,ADOPTED,288,Ara J. Najarian,Aye,1
1079,2016-02-25,Board of Directors - Regular Board Meeting,16865,20,2015-1710,ADOPTED,290,Hilda L. Solis,Aye,1
1079,2016-02-25,Board of Directors - Regular Board Meeting,16865,20,2015-1710,ADOPTED,1821,Carrie Bowen,Aye,1
1079,2016-02-25,Board of Directors - Regular Board Meeting,16865,20,2015-1710,ADOPTED,1861,Shirley Choate,Aye,1
1079,2016-02-25,Board of Directors - Regular Board Meeting,16865,20,2015-1710,ADOPTED,1848,Phil Washington,Aye,1
1079,2016-02-25,Board of Directors - Regular Board Meeting,16866,35,2015-1784,APPROVED,279,Mark Ridley-Thomas,Aye,1
1079,2016-02-25,Board of Directors - Regular Board Meeting,16866,35,2015-1784,APPROVED,280,John Fasana,Aye,1
1079,2016-02-25,Board of Directors - Regular Board Meeting,16866,35,2015-1784,APPROVED,278,Eric Garcetti,Aye,1
1079,2016-02-25,Board of Directors - Regular Board Meeting,16866,35,2015-1784,APPROVED,281,Michael Antonovich,Absent,0
1079,2016-02-25,Board of Directors - Regular Board Meeting,16866,35,2015-1784,APPROVED,282,Mike Bonin,Aye,1
1079,2016-02-25,Board of Directors - Regular Board Meeting,16866,35,2015-1784,APPROVED,1820,James Butts,Absent,0
1079,2016-02-25,Board of Directors - Regular Board Meeting,16866,35,2015-1784,APPROVED,283,Diane DuBois,Aye,1
1079,2016-02-25,Board of Directors - Regular Board Meeting,16866,35,2015-1784,APPROVED,284,Jacquelyn Dupont-Walker,Aye,1
1079,2016-02-25,Board of Directors - Regular Board Meeting,16866,35,2015-1784,APPROVED,285,Don Knabe,Aye,1
1079,2016-02-25,Board of Directors - Regular Board Meeting,16866,35,2015-1784,APPROVED,286,Paul Krekorian,Aye,1
1079,2016-02-25,Board of Directors - Regular Board Meeting,16866,35,2015-1784,APPROVED,287,Sheila Kuehl,Aye,1
1079,2016-02-25,Board of Directors - Regular Board Meeting,16866,35,2015-1784,APPROVED,288,Ara J. Najarian,Aye,1
1079,2016-02-25,Board of Directors - Regular Board Meeting,16866,35,2015-1784,APPROVED,290,Hilda L. Solis,Aye,1
1079,2016-02-25,Board of Directors - Regular Board Meeting,16866,35,2015-1784,APPROVED,1821,Carrie Bowen,Aye,1
1079,2016-02-25,Board of Directors - Regular Board Meeting,16866,35,2015-1784,APPROVED,1861,Shirley Choate,Aye,1
1079,2016-02-25,Board of Directors - Regular Board Meeting,16866,35,2015-1784,APPROVED,1848,Phil Washington,Aye,1
1079,2016-02-25,Board of Directors - Regular Board Meeting,16867,19,2015-1712,APPROVED,279,Mark Ridley-Thomas,Aye,1
1079,2016-02-25,Board of Directors - Regular Board Meeting,16867,19,2015-1712,APPROVED,280,John Fasana,Aye,1
1079,2016-02-25,Board of Directors - Regular Board Meeting,16867,19,2015-1712,APPROVED,278,Eric Garcetti,Aye,1
1079,2016-02-25,Board of Directors - Regular Board Meeting,16867,19,2015-1712,APPROVED,281,Michael Antonovich,Absent,0
1079,2016-02-25,Board of Directors - Regular Board Meeting,16867,19,2015-1712,APPROVED,282,Mike Bonin,Aye,1
1079,2016-02-25,Board of Directors - Regular Board Meeting,16867,19,2015-1712,APPROVED,1820,James Butts,Absent,0
1079,2016-02-25,Board of Directors - Regular Board Meeting,16867,19,2015-1712,APPROVED,283,Diane DuBois,Aye,1
1079,2016-02-25,Board of Directors - Regular Board Meeting,16867,19,2015-1712,APPROVED,284,Jacquelyn Dupont-Walker,Aye,1
1079,2016-02-25,Board of Directors - Regular Board Meeting,16867,19,2015-1712,APPROVED,285,Don Knabe,Aye,1
1079,2016-02-25,Board of Directors - Regular Board Meeting,16867,19,2015-1712,APPROVED,286,Paul Krekorian,Aye,1
1079,2016-02-25,Board of Directors - Regular Board Meeting,16867,19,2015-1712,APPROVED,287,Sheila Kuehl,Aye,1
1079,2016-02-25,Board of Directors - Regular Board Meeting,16867,19,2015-1712,APPROVED,288,Ara J. Najarian,Aye,1
1079,2016-02-25,Board of Directors - Regular Board Meeting,16867,19,2015-1712,APPROVED,290,Hilda L. Solis,Aye,1
1079,2016-02-25,Board of Directors - Regular Board Meeting,16867,19,2015-1712,APPROVED,1821,Carrie Bowen,Aye,1
1079,2016-02-25,Board of Directors - Regular Board Meeting,16867,19,2015-1712,APPROVED,1861,Shirley Choate,Aye,1
1079,2016-02-25,Board of Directors - Regular Board Meeting,16867,19,2015-1712,APPROVED,1848,Phil Washington,Aye,1
1079,2016-02-25,Board of Directors - Regular Board Meeting,16868,42,2015-1793,APPROVED,279,Mark Ridley-Thomas,Aye,1
1079,2016-02-25,Board of Directors - Regular Board Meeting,16868,42,2015-1793,APPROVED,280,John Fasana,Aye,1
1079,2016-02-25,Board of Directors - Regular Board Meeting,16868,42,2015-1793,APPROVED,278,Eric Garcetti,Aye,1
1079,2016-02-25,Board of Directors - Regular Board Meeting,16868,42,2015-1793,APPROVED,281,Michael Antonovich,Absent,0
1079,2016-02-25,Board of Directors - Regular Board Meeting,16868,42,2015-1793,APPROVED,282,Mike Bonin,Aye,1
1079,2016-02-25,Board of Directors - Regular Board Meeting,16868,42,2015-1793,APPROVED,1820,James Butts,Absent,0
1079,2016-02-25,Board of Directors - Regular Board Meeting,16868,42,2015-1793,APPROVED,283,Diane DuBois,Aye,1
1079,2016-02-25,Board of Directors - Regular Board Meeting,16868,42,2015-1793,APPROVED,284,Jacquelyn Dupont-Walker,Aye,1
1079,2016-02-25,Board of Directors - Regular Board Meeting,16868,42,2015-1793,APPROVED,285,Don Knabe,Aye,1
1079,2016-02-25,Board of Directors - Regular Board Meeting,16868,42,2015-1793,APPROVED,286,Paul Krekorian,Aye,1
1079,2016-02-25,Board of Directors - Regular Board Meeting,16868,42,2015-1793,APPROVED,287,Sheila Kuehl,Aye,1
1079,2016-02-25,Board of Directors - Regular Board Meeting,16868,42,2015-1793,APPROVED,288,Ara J. Najarian,Aye,1
1079,2016-02-25,Board of Directors - Regular Board Meeting,16868,42,2015-1793,APPROVED,290,Hilda L. Solis,Aye,1
1079,2016-02-25,Board of Directors - Regular Board Meeting,16868,42,2015-1793,APPROVED,1821,Carrie Bowen,Aye,1
1079,2016-02-25,Board of Directors - Regular Board Meeting,16868,42,2015-1793,APPROVED,1861,Shirley Choate,Aye,1
1079,2016-02-25,Board of Directors - Regular Board Meeting,16868,42,2015-1793,APPROVED,1848,Phil Washington,Aye,1
1079,2016-02-25,Board of Directors - Regular Board Meeting,16871,2,2016-0093,APPROVED,279,Mark Ridley-Thomas,Aye,1
1079,2016-02-25,Board of Directors - Regular Board Meeting,16871,2,2016-0093,APPROVED,280,John Fasana,Aye,1
1079,2016-02-25,Board of Directors - Regular Board Meeting,16871,2,2016-0093,APPROVED,278,Eric Garcetti,Aye,1
1079,2016-02-25,Board of Directors - Regular Board Meeting,16871,2,2016-0093,APPROVED,281,Michael Antonovich,Absent,0
1079,2016-02-25,Board of Directors - Regular Board Meeting,16871,2,2016-0093,APPROVED,282,Mike Bonin,Aye,1
1079,2016-02-25,Board of Directors - Regular Board Meeting,16871,2,2016-0093,APPROVED,1820,James Butts,Absent,0
1079,2016-02-25,Board of Directors - Regular Board Meeting,16871,2,2016-0093,APPROVED,283,Diane DuBois,Aye,1
1079,2016-02-25,Board of Directors - Regular Board Meeting,16871,2,2016-0093,APPROVED,284,Jacquelyn Dupont-Walker,Aye,1
1079,2016-02-25,Board of Directors - Regular Board Meeting,16871,2,2016-0093,APPROVED,285,Don Knabe,Aye,1
1079,2016-02-25,Board of Directors - Regular Board Meeting,16871,2,2016-0093,APPROVED,286,Paul Krekorian,Aye,1
1079,2016-02-25,Board of Directors - Regular Board Meeting,16871,2,2016-0093,APPROVED,287,Sheila Kuehl,Aye,1
1079,2016-02-25,Board of Directors - Regular Board Meeting,16871,2,2016-0093,APPROVED,288,Ara J. Najarian,Aye,1
1079,2016-02-25,Board of Directors - Regular Board Meeting,16871,2,2016-0093,APPROVED,290,Hilda L. Solis,Aye,1
1079,2016-02-25,Board of Directors - Regular Board Meeting,16871,2,2016-0093,APPROVED,1821,Carrie Bowen,Aye,1
1079,2016-02-25,Board of Directors - Regular Board Meeting,16871,2,2016-0093,APPROVED,1861,Shirley Choate,Aye,1
1079,2016-02-25,Board of Directors - Regular Board Meeting,16871,2,2016-0093,APPROVED,1848,Phil Washington,Aye,1
1079,2016-02-25,Board of Directors - Regular Board Meeting,16872,44,2016-0009,APPROVED,279,Mark Ridley-Thomas,Aye,1
1079,2016-02-25,Board of Directors - Regular Board Meeting,16872,44,2016-0009,APPROVED,280,John Fasana,Aye,1
1079,2016-02-25,Board of Directors - Regular Board Meeting,16872,44,2016-0009,APPROVED,278,Eric Garcetti,Aye,1
1079,2016-02-25,Board of Directors - Regular Board Meeting,16872,44,2016-0009,APPROVED,281,Michael Antonovich,Absent,0
1079,2016-02-25,Board of Directors - Regular Board Meeting,16872,44,2016-0009,APPROVED,282,Mike Bonin,Aye,1
1079,2016-02-25,Board of Directors - Regular Board Meeting,16872,44,2016-0009,APPROVED,1820,James Butts,Absent,0
1079,2016-02-25,Board of Directors - Regular Board Meeting,16872,44,2016-0009,APPROVED,283,Diane DuBois,Aye,1
1079,2016-02-25,Board of Directors - Regular Board Meeting,16872,44,2016-0009,APPROVED,284,Jacquelyn Dupont-Walker,Aye,1
1079,2016-02-25,Board of Directors - Regular Board Meeting,16872,44,2016-0009,APPROVED,285,Don Knabe,Aye,1
1079,2016-02-25,Board of Directors - Regular Board Meeting,16872,44,2016-0009,APPROVED,286,Paul Krekorian,Aye,1
1079,2016-02-25,Board of Directors - Regular Board Meeting,16872,44,2016-0009,APPROVED,287,Sheila Kuehl,Aye,1
1079,2016-02-25,Board of Directors - Regular Board Meeting,16872,44,2016-0009,APPROVED,288,Ara J. Najarian,Aye,1
1079,2016-02-25,Board of Directors - Regular Board Meeting,16872,44,2016-0009,APPROVED,290,Hilda L. Solis,Aye,1
1079,2016-02-25,Board of Directors - Regular Board Meeting,16872,44,2016-0009,APPROVED,1821,Carrie Bowen,Aye,1
1079,2016-02-25,Board of Directors - Regular Board Meeting,16872,44,2016-0009,APPROVED,1861,Shirley Choate,Aye,1
1079,2016-02-25,Board of Directors - Regular Board Meeting,16872,44,2016-0009,APPROVED,1848,Phil Washington,Aye,1
1079,2016-02-25,Board of Directors - Regular Board Meeting,16873,43,2015-1778,APPROVED,279,Mark Ridley-Thomas,Aye,1
1079,2016-02-25,Board of Directors - Regular Board Meeting,16873,43,2015-1778,APPROVED,280,John Fasana,Aye,1
1079,2016-02-25,Board of Directors - Regular Board Meeting,16873,43,2015-1778,APPROVED,278,Eric Garcetti,Aye,1
1079,2016-02-25,Board of Directors - Regular Board Meeting,16873,43,2015-1778,APPROVED,281,Michael Antonovich,Absent,0
1079,2016-02-25,Board of Directors - Regular Board Meeting,16873,43,2015-1778,APPROVED,282,Mike Bonin,Aye,1
1079,2016-02-25,Board of Directors - Regular Board Meeting,16873,43,2015-1778,APPROVED,1820,James Butts,Absent,0
1079,2016-02-25,Board of Directors - Regular Board Meeting,16873,43,2015-1778,APPROVED,283,Diane DuBois,Aye,1
1079,2016-02-25,Board of Directors - Regular Board Meeting,16873,43,2015-1778,APPROVED,284,Jacquelyn Dupont-Walker,Aye,1
1079,2016-02-25,Board of Directors - Regular Board Meeting,16873,43,2015-1778,APPROVED,285,Don Knabe,Aye,1
1079,2016-02-25,Board of Directors - Regular Board Meeting,16873,43,2015-1778,APPROVED,286,Paul Krekorian,Aye,1
1079,2016-02-25,Board of Directors - Regular Board Meeting,16873,43,2015-1778,APPROVED,287,Sheila Kuehl,Aye,1
1079,2016-02-25,Board of Directors - Regular Board Meeting,16873,43,2015-1778,APPROVED,288,Ara J. Najarian,Aye,1
1079,2016-02-25,Board of Directors - Regular Board Meeting,16873,43,2015-1778,APPROVED,290,Hilda L. Solis,Aye,1
1079,2016-02-25,Board of Directors - Regular Board Meeting,16873,43,2015-1778,APPROVED,1821,Carrie Bowen,Aye,1
1079,2016-02-25,Board of Directors - Regular Board Meeting,16873,43,2015-1778,APPROVED,1861,Shirley Choate,Aye,1
1079,2016-02-25,Board of Directors - Regular Board Meeting,16873,43,2015-1778,APPROVED,1848,Phil Washington,Aye,1
1079,2016-02-25,Board of Directors - Regular Board Meeting,16874,26,2016-0007,APPROVED,279,Mark Ridley-Thomas,Aye,1
1079,2016-02-25,Board of Directors - Regular Board Meeting,16874,26,2016-0007,APPROVED,280,John Fasana,Aye,1
1079,2016-02-25,Board of Directors - Regular Board Meeting,16874,26,2016-0007,APPROVED,278,Eric Garcetti,Aye,1
1079,2016-02-25,Board of Directors - Regular Board Meeting,16874,26,2016-0007,APPROVED,281,Michael Antonovich,Absent,0
1079,2016-02-25,Board of Directors - Regular Board Meeting,16874,26,2016-0007,APPROVED,282,Mike Bonin,Aye,1
1079,2016-02-25,Board of Directors - Regular Board Meeting,16874,26,2016-0007,APPROVED,1820,James Butts,Absent,0
1079,2016-02-25,Board of Directors - Regular Board Meeting,16874,26,2016-0007,APPROVED,283,Diane DuBois,Aye,1
1079,2016-02-25,Board of Directors - Regular Board Meeting,16874,26,2016-0007,APPROVED,284,Jacquelyn Dupont-Walker,Aye,1
1079,2016-02-25,Board of Directors - Regular Board Meeting,16874,26,2016-0007,APPROVED,285,Don Knabe,Aye,1
1079,2016-02-25,Board of Directors - Regular Board Meeting,16874,26,2016-0007,APPROVED,286,Paul Krekorian,Aye,1
1079,2016-02-25,Board of Directors - Regular Board Meeting,16874,26,2016-0007,APPROVED,287,Sheila Kuehl,Aye,1
1079,2016-02-25,Board of Directors - Regular Board Meeting,16874,26,2016-0007,APPROVED,288,Ara J. Najarian,Aye,1
1079,2016-02-25,Board of Directors - Regular Board Meeting,16874,26,2016-0007,APPROVED,290,Hilda L. Solis,Aye,1
1079,2016-02-25,Board of Directors - Regular Board Meeting,16874,26,2016-0007,APPROVED,1821,Carrie Bowen,Aye,1
1079,2016-02-25,Board of Directors - Regular Board Meeting,16874,26,2016-0007,APPROVED,1861,Shirley Choate,Aye,1
1079,2016-02-25,Board of Directors - Regular Board Meeting,16874,26,2016-0007,APPROVED,1848,Phil Washington,Aye,1
1079,2016-02-25,Board of Directors - Regular Board Meeting,16875,24,2016-0025,APPROVED,279,Mark Ridley-Thomas,Aye,1
1079,2016-02-25,Board of Directors - Regular Board Meeting,16875,24,2016-0025,APPROVED,280,John Fasana,Aye,1
1079,2016-02-25,Board of Directors - Regular Board Meeting,16875,24,2016-0025,APPROVED,278,Eric Garcetti,Aye,1
1079,2016-02-25,Board of Directors - Regular Board Meeting,16875,24,2016-0025,APPROVED,281,Michael Antonovich,Absent,0
1079,2016-02-25,Board of Directors - Regular Board Meeting,16875,24,2016-0025,APPROVED,282,Mike Bonin,Aye,1
1079,2016-02-25,Board of Directors - Regular Board Meeting,16875,24,2016-0025,APPROVED,1820,James Butts,Absent,0
1079,2016-02-25,Board of Directors - Regular Board Meeting,16875,24,2016-0025,APPROVED,283,Diane DuBois,Aye,1
1079,2016-02-25,Board of Directors - Regular Board Meeting,16875,24,2016-0025,APPROVED,284,Jacquelyn Dupont-Walker,Aye,1
1079,2016-02-25,Board of Directors - Regular Board Meeting,16875,24,2016-0025,APPROVED,285,Don Knabe,Aye,1
1079,2016-02-25,Board of Directors - Regular Board Meeting,16875,24,2016-0025,APPROVED,286,Paul Krekorian,Aye,1
1079,2016-02-25,Board of Directors - Regular Board Meeting,16875,24,2016-0025,APPROVED,287,Sheila Kuehl,Aye,1
1079,2016-02-25,Board of Directors - Regular Board Meeting,16875,24,2016-0025,APPROVED,288,Ara J. Najarian,Aye,1
1079,2016-02-25,Board of Directors - Regular Board Meeting,16875,24,2016-0025,APPROVED,290,Hilda L. Solis,Aye,1
1079,2016-02-25,Board of Directors - Regular Board Meeting,16875,24,2016-0025,APPROVED,1821,Carrie Bowen,Aye,1
1079,2016-02-25,Board of Directors - Regular Board Meeting,16875,24,2016-0025,APPROVED,1861,Shirley Choate,Aye,1
1079,2016-02-25,Board of Directors - Regular Board Meeting,16875,24,2016-0025,APPROVED,1848,Phil Washington,Aye,1
1079,2016-02-25,Board of Directors - Regular Board Meeting,16879,22,2016-0053,APPROVED,279,Mark Ridley-Thomas,Aye,1
1079,2016-02-25,Board of Directors - Regular Board Meeting,16879,22,2016-0053,APPROVED,280,John Fasana,Aye,1
1079,2016-02-25,Board of Directors - Regular Board Meeting,16879,22,2016-0053,APPROVED,278,Eric Garcetti,Conflict,0
1079,2016-02-25,Board of Directors - Regular Board Meeting,16879,22,2016-0053,APPROVED,281,Michael Antonovich,Aye,1
1079,2016-02-25,Board of Directors - Regular Board Meeting,16879,22,2016-0053,APPROVED,282,Mike Bonin,Aye,1
1079,2016-02-25,Board of Directors - Regular Board Meeting,16879,22,2016-0053,APPROVED,1820,James Butts,Conflict,0
1079,2016-02-25,Board of Directors - Regular Board Meeting,16879,22,2016-0053,APPROVED,283,Diane DuBois,Aye,1
1079,2016-02-25,Board of Directors - Regular Board Meeting,16879,22,2016-0053,APPROVED,284,Jacquelyn Dupont-Walker,Aye,1
1079,2016-02-25,Board of Directors - Regular Board Meeting,16879,22,2016-0053,APPROVED,285,Don Knabe,Aye,1
1079,2016-02-25,Board of Directors - Regular Board Meeting,16879,22,2016-0053,APPROVED,286,Paul Krekorian,Aye,1
1079,2016-02-25,Board of Directors - Regular Board Meeting,16879,22,2016-0053,APPROVED,287,Sheila Kuehl,Conflict,0
1079,2016-02-25,Board of Directors - Regular Board Meeting,16879,22,2016-0053,APPROVED,288,Ara J. Najarian,Aye,1
1079,2016-02-25,Board of Directors - Regular Board Meeting,16879,22,2016-0053,APPROVED,290,Hilda L. Solis,Conflict,0
1079,2016-02-25,Board of Directors - Regular Board Meeting,16879,22,2016-0053,APPROVED,1821,Carrie Bowen,Aye,1
1079,2016-02-25,Board of Directors - Regular Board Meeting,16879,22,2016-0053,APPROVED,1861,Shirley Choate,Aye,1
1079,2016-02-25,Board of Directors - Regular Board Meeting,16879,22,2016-0053,APPROVED,1848,Phil Washington,Aye,1
1079,2016-02-25,Board of Directors - Regular Board Meeting,16881,23,2016-0062,APPROVED,279,Mark Ridley-Thomas,Aye,1
1079,2016-02-25,Board of Directors - Regular Board Meeting,16881,23,2016-0062,APPROVED,280,John Fasana,Aye,1
1079,2016-02-25,Board of Directors - Regular Board Meeting,16881,23,2016-0062,APPROVED,278,Eric Garcetti,Conflict,0
1079,2016-02-25,Board of Directors - Regular Board Meeting,16881,23,2016-0062,APPROVED,281,Michael Antonovich,Aye,1
1079,2016-02-25,Board of Directors - Regular Board Meeting,16881,23,2016-0062,APPROVED,282,Mike Bonin,Aye,1
1079,2016-02-25,Board of Directors - Regular Board Meeting,16881,23,2016-0062,APPROVED,1820,James Butts,Conflict,0
1079,2016-02-25,Board of Directors - Regular Board Meeting,16881,23,2016-0062,APPROVED,283,Diane DuBois,Aye,1
1079,2016-02-25,Board of Directors - Regular Board Meeting,16881,23,2016-0062,APPROVED,284,Jacquelyn Dupont-Walker,Aye,1
1079,2016-02-25,Board of Directors - Regular Board Meeting,16881,23,2016-0062,APPROVED,285,Don Knabe,Aye,1
1079,2016-02-25,Board of Directors - Regular Board Meeting,16881,23,2016-0062,APPROVED,286,Paul Krekorian,Aye,1
1079,2016-02-25,Board of Directors - Regular Board Meeting,16881,23,2016-0062,APPROVED,287,Sheila Kuehl,Conflict,0
1079,2016-02-25,Board of Directors - Regular Board Meeting,16881,23,2016-0062,APPROVED,288,Ara J. Najarian,Aye,1
1079,2016-02-25,Board of Directors - Regular Board Meeting,16881,23,2016-0062,APPROVED,290,Hilda L. Solis,Conflict,0
1079,2016-02-25,Board of Directors - Regular Board Meeting,16881,23,2016-0062,APPROVED,1821,Carrie Bowen,Aye,1
1079,2016-02-25,Board of Directors - Regular Board Meeting,16881,23,2016-0062,APPROVED,1861,Shirley Choate,Aye,1
1079,2016-02-25,Board of Directors - Regular Board Meeting,16881,23,2016-0062,APPROVED,1848,Phil Washington,Aye,1
1079,2016-02-25,Board of Directors - Regular Board Meeting,16885,25,2016-0014,APPROVED,279,Mark Ridley-Thomas,Aye,1
1079,2016-02-25,Board of Directors - Regular Board Meeting,16885,25,2016-0014,APPROVED,280,John Fasana,Aye,1
1079,2016-02-25,Board of Directors - Regular Board Meeting,16885,25,2016-0014,APPROVED,278,Eric Garcetti,Aye,1
1079,2016-02-25,Board of Directors - Regular Board Meeting,16885,25,2016-0014,APPROVED,281,Michael Antonovich,Aye,1
1079,2016-02-25,Board of Directors - Regular Board Meeting,16885,25,2016-0014,APPROVED,282,Mike Bonin,Aye,1
1079,2016-02-25,Board of Directors - Regular Board Meeting,16885,25,2016-0014,APPROVED,1820,James Butts,Aye,1
1079,2016-02-25,Board of Directors - Regular Board Meeting,16885,25,2016-0014,APPROVED,283,Diane DuBois,Aye,1
1079,2016-02-25,Board of Directors - Regular Board Meeting,16885,25,2016-0014,APPROVED,284,Jacquelyn Dupont-Walker,Aye,1
1079,2016-02-25,Board of Directors - Regular Board Meeting,16885,25,2016-0014,APPROVED,285,Don Knabe,Aye,1
1079,2016-02-25,Board of Directors - Regular Board Meeting,16885,25,2016-0014,APPROVED,286,Paul Krekorian,Aye,1
1079,2016-02-25,Board of Directors - Regular Board Meeting,16885,25,2016-0014,APPROVED,287,Sheila Kuehl,Aye,1
1079,2016-02-25,Board of Directors - Regular Board Meeting,16885,25,2016-0014,APPROVED,288,Ara J. Najarian,Aye,1
1079,2016-02-25,Board of Directors - Regular Board Meeting,16885,25,2016-0014,APPROVED,290,Hilda L. Solis,Aye,1
1079,2016-02-25,Board of Directors - Regular Board Meeting,16885,25,2016-0014,APPROVED,1821,Carrie Bowen,Aye,1
1079,2016-02-25,Board of Directors - Regular Board Meeting,16885,25,2016-0014,APPROVED,1861,Shirley Choate,Aye,1
1079,2016-02-25,Board of Directors - Regular Board Meeting,16885,25,2016-0014,APPROVED,1848,Phil Washington,Aye,1
1079,2016-02-25,Board of Directors - Regular Board Meeting,16887,33,2015-1718,APPROVED,279,Mark Ridley-Thomas,Aye,1
1079,2016-02-25,Board of Directors - Regular Board Meeting,16887,33,2015-1718,APPROVED,280,John Fasana,Aye,1
1079,2016-02-25,Board of Directors - Regular Board Meeting,16887,33,2015-1718,APPROVED,278,Eric Garcetti,Aye,1
1079,2016-02-25,Board of Directors - Regular Board Meeting,16887,33,2015-1718,APPROVED,281,Michael Antonovich,Aye,1
1079,2016-02-25,Board of Directors - Regular Board Meeting,16887,33,2015-1718,APPROVED,282,Mike Bonin,Aye,1
1079,2016-02-25,Board of Directors - Regular Board Meeting,16887,33,2015-1718,APPROVED,1820,James Butts,Aye,1
1079,2016-02-25,Board of Directors - Regular Board Meeting,16887,33,2015-1718,APPROVED,283,Diane DuBois,Aye,1
1079,2016-02-25,Board of Directors - Regular Board Meeting,16887,33,2015-1718,APPROVED,284,Jacquelyn Dupont-Walker,Aye,1
1079,2016-02-25,Board of Directors - Regular Board Meeting,16887,33,2015-1718,APPROVED,285,Don Knabe,Aye,1
1079,2016-02-25,Board of Directors - Regular Board Meeting,16887,33,2015-1718,APPROVED,286,Paul Krekorian,Aye,1
1079,2016-02-25,Board of Directors - Regular Board Meeting,16887,33,2015-1718,APPROVED,287,Sheila Kuehl,Aye,1
1079,2016-02-25,Board of Directors - Regular Board Meeting,16887,33,2015-1718,APPROVED,288,Ara J. Najarian,Aye,1
1079,2016-02-25,Board of Directors - Regular Board Meeting,16887,33,2015-1718,APPROVED,290,Hilda L. Solis,Aye,1
1079,2016-02-25,Board of Directors - Regular Board Meeting,16887,33,2015-1718,APPROVED,1821,Carrie Bowen,Aye,1
1079,2016-02-25,Board of Directors - Regular Board Meeting,16887,33,2015-1718,APPROVED,1861,Shirley Choate,Aye,1
1079,2016-02-25,Board of Directors - Regular Board Meeting,16887,33,2015-1718,APPROVED,1848,Phil Washington,Aye,1
1079,2016-02-25,Board of Directors - Regular Board Meeting,16888,32,2016-0021,APPROVED AS AMENDED,279,Mark Ridley-Thomas,Aye,1
1079,2016-02-25,Board of Directors - Regular Board Meeting,16888,32,2016-0021,APPROVED AS AMENDED,280,John Fasana,Aye,1
1079,2016-02-25,Board of Directors - Regular Board Meeting,16888,32,2016-0021,APPROVED AS AMENDED,278,Eric Garcetti,Conflict,0
1079,2016-02-25,Board of Directors - Regular Board Meeting,16888,32,2016-0021,APPROVED AS AMENDED,281,Michael Antonovich,Conflict,0
1079,2016-02-25,Board of Directors - Regular Board Meeting,16888,32,2016-0021,APPROVED AS AMENDED,282,Mike Bonin,Conflict,0
1079,2016-02-25,Board of Directors - Regular Board Meeting,16888,32,2016-0021,APPROVED AS AMENDED,1820,James Butts,Aye,1
1079,2016-02-25,Board of Directors - Regular Board Meeting,16888,32,2016-0021,APPROVED AS AMENDED,283,Diane DuBois,Aye,1
1079,2016-02-25,Board of Directors - Regular Board Meeting,16888,32,2016-0021,APPROVED AS AMENDED,284,Jacquelyn Dupont-Walker,Aye,1
1079,2016-02-25,Board of Directors - Regular Board Meeting,16888,32,2016-0021,APPROVED AS AMENDED,285,Don Knabe,Aye,1
1079,2016-02-25,Board of Directors - Regular Board Meeting,16888,32,2016-0021,APPROVED AS AMENDED,286,Paul Krekorian,Aye,1
1079,2016-02-25,Board of Directors - Regular Board Meeting,16888,32,2016-0021,APPROVED AS AMENDED,287,Sheila Kuehl,Aye,1
1079,2016-02-25,Board of Directors - Regular Board Meeting,16888,32,2016-0021,APPROVED AS AMENDED,288,Ara J. Najarian,Aye,1
1079,2016-02-25,Board of Directors - Regular Board Meeting,16888,32,2016-0021,APPROVED AS AMENDED,290,Hilda L. Solis,Aye,1
1079,2016-02-25,Board of Directors - Regular Board Meeting,16888,32,2016-0021,APPROVED AS AMENDED,1821,Carrie Bowen,Aye,1
1079,2016-02-25,Board of Directors - Regular Board Meeting,16888,32,2016-0021,APPROVED AS AMENDED,1861,Shirley Choate,Aye,1
1079,2016-02-25,Board of Directors - Regular Board Meeting,16888,32,2016-0021,APPROVED AS AMENDED,1848,Phil Washington,Aye,1
1079,2016-02-25,Board of Directors - Regular Board Meeting,16895,53,2016-0118,ADOPTED,279,Mark Ridley-Thomas,Aye,1
1079,2016-02-25,Board of Directors - Regular Board Meeting,16895,53,2016-0118,ADOPTED,280,John Fasana,Aye,1
1079,2016-02-25,Board of Directors - Regular Board Meeting,16895,53,2016-0118,ADOPTED,278,Eric Garcetti,Aye,1
1079,2016-02-25,Board of Directors - Regular Board Meeting,16895,53,2016-0118,ADOPTED,281,Michael Antonovich,Absent,0
1079,2016-02-25,Board of Directors - Regular Board Meeting,16895,53,2016-0118,ADOPTED,282,Mike Bonin,Aye,1
1079,2016-02-25,Board of Directors - Regular Board Meeting,16895,53,2016-0118,ADOPTED,1820,James Butts,Absent,0
1079,2016-02-25,Board of Directors - Regular Board Meeting,16895,53,2016-0118,ADOPTED,283,Diane DuBois,Aye,1
1079,2016-02-25,Board of Directors - Regular Board Meeting,16895,53,2016-0118,ADOPTED,284,Jacquelyn Dupont-Walker,Aye,1
1079,2016-02-25,Board of Directors - Regular Board Meeting,16895,53,2016-0118,ADOPTED,285,Don Knabe,Aye,1
1079,2016-02-25,Board of Directors - Regular Board Meeting,16895,53,2016-0118,ADOPTED,286,Paul Krekorian,Aye,1
1079,2016-02-25,Board of Directors - Regular Board Meeting,16895,53,2016-0118,ADOPTED,287,Sheila Kuehl,Aye,1
1079,2016-02-25,Board of Directors - Regular Board Meeting,16895,53,2016-0118,ADOPTED,288,Ara J. Najarian,Aye,1
1079,2016-02-25,Board of Directors - Regular Board Meeting,16895,53,2016-0118,ADOPTED,290,Hilda L. Solis,Aye,1
1079,2016-02-25,Board of Directors - Regular Board Meeting,16895,53,2016-0118,ADOPTED,1821,Carrie Bowen,Aye,1
1079,2016-02-25,Board of Directors - Regular Board Meeting,16895,53,2016-0118,ADOPTED,1861,Shirley Choate,Aye,1
1079,2016-02-25,Board of Directors - Regular Board Meeting,16895,53,2016-0118,ADOPTED,1848,Phil Washington,Aye,1
1079,2016-02-25,Board of Directors - Regular Board Meeting,16896,46,2016-0041,APPROVED,279,Mark Ridley-Thomas,Aye,1
1079,2016-02-25,Board of Directors - Regular Board Meeting,16896,46,2016-0041,APPROVED,280,John Fasana,Aye,1
1079,2016-02-25,Board of Directors - Regular Board Meeting,16896,46,2016-0041,APPROVED,278,Eric Garcetti,Aye,1
1079,2016-02-25,Board of Directors - Regular Board Meeting,16896,46,2016-0041,APPROVED,281,Michael Antonovich,Absent,0
1079,2016-02-25,Board of Directors - Regular Board Meeting,16896,46,2016-0041,APPROVED,282,Mike Bonin,Aye,1
1079,2016-02-25,Board of Directors - Regular Board Meeting,16896,46,2016-0041,APPROVED,1820,James Butts,Absent,0
1079,2016-02-25,Board of Directors - Regular Board Meeting,16896,46,2016-0041,APPROVED,283,Diane DuBois,Aye,1
1079,2016-02-25,Board of Directors - Regular Board Meeting,16896,46,2016-0041,APPROVED,284,Jacquelyn Dupont-Walker,Aye,1
1079,2016-02-25,Board of Directors - Regular Board Meeting,16896,46,2016-0041,APPROVED,285,Don Knabe,Aye,1
1079,2016-02-25,Board of Directors - Regular Board Meeting,16896,46,2016-0041,APPROVED,286,Paul Krekorian,Aye,1
1079,2016-02-25,Board of Directors - Regular Board Meeting,16896,46,2016-0041,APPROVED,287,Sheila Kuehl,Aye,1
1079,2016-02-25,Board of Directors - Regular Board Meeting,16896,46,2016-0041,APPROVED,288,Ara J. Najarian,Aye,1
1079,2016-02-25,Board of Directors - Regular Board Meeting,16896,46,2016-0041,APPROVED,290,Hilda L. Solis,Aye,1
1079,2016-02-25,Board of Directors - Regular Board Meeting,16896,46,2016-0041,APPROVED,1821,Carrie Bowen,Aye,1
1079,2016-02-25,Board of Directors - Regular Board Meeting,16896,46,2016-0041,APPROVED,1861,Shirley Choate,Aye,1
1079,2016-02-25,Board of Directors - Regular Board Meeting,16896,46,2016-0041,APPROVED,1848,Phil Washington,Aye,1
1079,2016-02-25,Board of Directors - Regular Board Meeting,16897,45,2016-0010,APPROVED,279,Mark Ridley-Thomas,Aye,1
1079,2016-02-25,Board of Directors - Regular Board Meeting,16897,45,2016-0010,APPROVED,280,John Fasana,Aye,1
1079,2016-02-25,Board of Directors - Regular Board Meeting,16897,45,2016-0010,APPROVED,278,Eric Garcetti,Aye,1
1079,2016-02-25,Board of Directors - Regular Board Meeting,16897,45,2016-0010,APPROVED,281,Michael Antonovich,Absent,0
1079,2016-02-25,Board of Directors - Regular Board Meeting,16897,45,2016-0010,APPROVED,282,Mike Bonin,Aye,1
1079,2016-02-25,Board of Directors - Regular Board Meeting,16897,45,2016-0010,APPROVED,1820,James Butts,Absent,0
1079,2016-02-25,Board of Directors - Regular Board Meeting,16897,45,2016-0010,APPROVED,283,Diane DuBois,Aye,1
1079,2016-02-25,Board of Directors - Regular Board Meeting,16897,45,2016-0010,APPROVED,284,Jacquelyn Dupont-Walker,Aye,1
1079,2016-02-25,Board of Directors - Regular Board Meeting,16897,45,2016-0010,APPROVED,285,Don Knabe,Aye,1
1079,2016-02-25,Board of Directors - Regular Board Meeting,16897,45,2016-0010,APPROVED,286,Paul Krekorian,Aye,1
1079,2016-02-25,Board of Directors - Regular Board Meeting,16897,45,2016-0010,APPROVED,287,Sheila Kuehl,Aye,1
1079,2016-02-25,Board of Directors - Regular Board Meeting,16897,45,2016-0010,APPROVED,288,Ara J. Najarian,Aye,1
1079,2016-02-25,Board of Directors - Regular Board Meeting,16897,45,2016-0010,APPROVED,290,Hilda L. Solis,Aye,1
1079,2016-02-25,Board of Directors - Regular Board Meeting,16897,45,2016-0010,APPROVED,1821,Carrie Bowen,Aye,1
1079,2016-02-25,Board of Directors - Regular Board Meeting,16897,45,2016-0010,APPROVED,1861,Shirley Choate,Aye,1
1079,2016-02-25,Board of Directors - Regular Board Meeting,16897,45,2016-0010,APPROVED,1848,Phil Washington,Aye,1
1079,2016-02-25,Board of Directors - Regular Board Meeting,16902,57,2016-0157,APPROVED,279,Mark Ridley-Thomas,Aye,1
1079,2016-02-25,Board of Directors - Regular Board Meeting,16902,57,2016-0157,APPROVED,280,John Fasana,Aye,1
1079,2016-02-25,Board of Directors - Regular Board Meeting,16902,57,2016-0157,APPROVED,278,Eric Garcetti,Aye,1
1079,2016-02-25,Board of Directors - Regular Board Meeting,16902,57,2016-0157,APPROVED,281,Michael Antonovich,Absent,0
1079,2016-02-25,Board of Directors - Regular Board Meeting,16902,57,2016-0157,APPROVED,282,Mike Bonin,Aye,1
1079,2016-02-25,Board of Directors - Regular Board Meeting,16902,57,2016-0157,APPROVED,1820,James Butts,Absent,0
1079,2016-02-25,Board of Directors - Regular Board Meeting,16902,57,2016-0157,APPROVED,283,Diane DuBois,Aye,1
1079,2016-02-25,Board of Directors - Regular Board Meeting,16902,57,2016-0157,APPROVED,284,Jacquelyn Dupont-Walker,Aye,1
1079,2016-02-25,Board of Directors - Regular Board Meeting,16902,57,2016-0157,APPROVED,285,Don Knabe,Aye,1
1079,2016-02-25,Board of Directors - Regular Board Meeting,16902,57,2016-0157,APPROVED,286,Paul Krekorian,Aye,1
1079,2016-02-25,Board of Directors - Regular Board Meeting,16902,57,2016-0157,APPROVED,287,Sheila Kuehl,Aye,1
1079,2016-02-25,Board of Directors - Regular Board Meeting,16902,57,2016-0157,APPROVED,288,Ara J. Najarian,Aye,1
1079,2016-02-25,Board of Directors - Regular Board Meeting,16902,57,2016-0157,APPROVED,290,Hilda L. Solis,Aye,1
1079,2016-02-25,Board of Directors - Regular Board Meeting,16902,57,2016-0157,APPROVED,1821,Carrie Bowen,Aye,1
1079,2016-02-25,Board of Directors - Regular Board Meeting,16902,57,2016-0157,APPROVED,1861,Shirley Choate,Aye,1
1079,2016-02-25,Board of Directors - Regular Board Meeting,16902,57,2016-0157,APPROVED,1848,Phil Washington,Aye,1
1079,2016-02-25,Board of Directors - Regular Board Meeting,16904,60,2015-1663,RECEIVED,279,Mark Ridley-Thomas,Aye,1
1079,2016-02-25,Board of Directors - Regular Board Meeting,16904,60,2015-1663,RECEIVED,280,John Fasana,Aye,1
1079,2016-02-25,Board of Directors - Regular Board Meeting,16904,60,2015-1663,RECEIVED,278,Eric Garcetti,Aye,1
1079,2016-02-25,Board of Directors - Regular Board Meeting,16904,60,2015-1663,RECEIVED,281,Michael Antonovich,Aye,1
1079,2016-02-25,Board of Directors - Regular Board Meeting,16904,60,2015-1663,RECEIVED,282,Mike Bonin,Aye,1
1079,2016-02-25,Board of Directors - Regular Board Meeting,16904,60,2015-1663,RECEIVED,1820,James Butts,Aye,1
1079,2016-02-25,Board of Directors - Regular Board Meeting,16904,60,2015-1663,RECEIVED,283,Diane DuBois,Aye,1
1079,2016-02-25,Board of Directors - Regular Board Meeting,16904,60,2015-1663,RECEIVED,284,Jacquelyn Dupont-Walker,Aye,1
1079,2016-02-25,Board of Directors - Regular Board Meeting,16904,60,2015-1663,RECEIVED,285,Don Knabe,Aye,1
1079,2016-02-25,Board of Directors - Regular Board Meeting,16904,60,2015-1663,RECEIVED,286,Paul Krekorian,Aye,1
1079,2016-02-25,Board of Directors - Regular Board Meeting,16904,60,2015-1663,RECEIVED,287,Sheila Kuehl,Aye,1
1079,2016-02-25,Board of Directors - Regular Board Meeting,16904,60,2015-1663,RECEIVED,288,Ara J. Najarian,Aye,1
1079,2016-02-25,Board of Directors - Regular Board Meeting,16904,60,2015-1663,RECEIVED,290,Hilda L. Solis,Aye,1
1079,2016-02-25,Board of Directors - Regular Board Meeting,16908,59,2016-0097,APPROVED,279,Mark Ridley-Thomas,Aye,1
1079,2016-02-25,Board of Directors - Regular Board Meeting,16908,59,2016-0097,APPROVED,280,John Fasana,Aye,1
1079,2016-02-25,Board of Directors - Regular Board Meeting,16908,59,2016-0097,APPROVED,278,Eric Garcetti,Absent,0
1079,2016-02-25,Board of Directors - Regular Board Meeting,16908,59,2016-0097,APPROVED,281,Michael Antonovich,Aye,1
1079,2016-02-25,Board of Directors - Regular Board Meeting,16908,59,2016-0097,APPROVED,282,Mike Bonin,Aye,1
1079,2016-02-25,Board of Directors - Regular Board Meeting,16908,59,2016-0097,APPROVED,1820,James Butts,Aye,1
1079,2016-02-25,Board of Directors - Regular Board Meeting,16908,59,2016-0097,APPROVED,283,Diane DuBois,Absent,0
1079,2016-02-25,Board of Directors - Regular Board Meeting,16908,59,2016-0097,APPROVED,284,Jacquelyn Dupont-Walker,Aye,1
1079,2016-02-25,Board of Directors - Regular Board Meeting,16908,59,2016-0097,APPROVED,285,Don Knabe,Absent,0
1079,2016-02-25,Board of Directors - Regular Board Meeting,16908,59,2016-0097,APPROVED,286,Paul Krekorian,Aye,1
1079,2016-02-25,Board of Directors - Regular Board Meeting,16908,59,2016-0097,APPROVED,287,Sheila Kuehl,Aye,1
1079,2016-02-25,Board of Directors - Regular Board Meeting,16908,59,2016-0097,APPROVED,288,Ara J. Najarian,Aye,1
1079,2016-02-25,Board of Directors - Regular Board Meeting,16908,59,2016-0097,APPROVED,290,Hilda L. Solis,Aye,1
1079,2016-02-25,Board of Directors - Regular Board Meeting,16909,58,2015-1761,APPROVED,279,Mark Ridley-Thomas,Aye,1
1079,2016-02-25,Board of Directors - Regular Board Meeting,16909,58,2015-1761,APPROVED,280,John Fasana,Aye,1
1079,2016-02-25,Board of Directors - Regular Board Meeting,16909,58,2015-1761,APPROVED,278,Eric Garcetti,Conflict,0
1079,2016-02-25,Board of Directors - Regular Board Meeting,16909,58,2015-1761,APPROVED,281,Michael Antonovich,Aye,1
1079,2016-02-25,Board of Directors - Regular Board Meeting,16909,58,2015-1761,APPROVED,282,Mike Bonin,Abstain,0
1079,2016-02-25,Board of Directors - Regular Board Meeting,16909,58,2015-1761,APPROVED,1820,James Butts,Conflict,0
1079,2016-02-25,Board of Directors - Regular Board Meeting,16909,58,2015-1761,APPROVED,283,Diane DuBois,Aye,1
1079,2016-02-25,Board of Directors - Regular Board Meeting,16909,58,2015-1761,APPROVED,284,Jacquelyn Dupont-Walker,Aye,1
1079,2016-02-25,Board of Directors - Regular Board Meeting,16909,58,2015-1761,APPROVED,285,Don Knabe,Aye,1
1079,2016-02-25,Board of Directors - Regular Board Meeting,16909,58,2015-1761,APPROVED,286,Paul Krekorian,Aye,1
1079,2016-02-25,Board of Directors - Regular Board Meeting,16909,58,2015-1761,APPROVED,287,Sheila Kuehl,Aye,1
1079,2016-02-25,Board of Directors - Regular Board Meeting,16909,58,2015-1761,APPROVED,288,Ara J. Najarian,Aye,1
1079,2016-02-25,Board of Directors - Regular Board Meeting,16909,58,2015-1761,APPROVED,290,Hilda L. Solis,Aye,1
1079,2016-02-25,Board of Directors - Regular Board Meeting,16975,32.1,2016-0175,APPROVED,279,Mark Ridley-Thomas,Aye,1
1079,2016-02-25,Board of Directors - Regular Board Meeting,16975,32.1,2016-0175,APPROVED,280,John Fasana,Aye,1
1079,2016-02-25,Board of Directors - Regular Board Meeting,16975,32.1,2016-0175,APPROVED,278,Eric Garcetti,Aye,1
1079,2016-02-25,Board of Directors - Regular Board Meeting,16975,32.1,2016-0175,APPROVED,281,Michael Antonovich,Abstain,0
1079,2016-02-25,Board of Directors - Regular Board Meeting,16975,32.1,2016-0175,APPROVED,282,Mike Bonin,Abstain,0
1079,2016-02-25,Board of Directors - Regular Board Meeting,16975,32.1,2016-0175,APPROVED,1820,James Butts,Aye,1
1079,2016-02-25,Board of Directors - Regular Board Meeting,16975,32.1,2016-0175,APPROVED,283,Diane DuBois,Aye,1
1079,2016-02-25,Board of Directors - Regular Board Meeting,16975,32.1,2016-0175,APPROVED,284,Jacquelyn Dupont-Walker,Aye,1
1079,2016-02-25,Board of Directors - Regular Board Meeting,16975,32.1,2016-0175,APPROVED,285,Don Knabe,Aye,1
1079,2016-02-25,Board of Directors - Regular Board Meeting,16975,32.1,2016-0175,APPROVED,286,Paul Krekorian,Aye,1
1079,2016-02-25,Board of Directors - Regular Board Meeting,16975,32.1,2016-0175,APPROVED,287,Sheila Kuehl,Aye,1
1079,2016-02-25,Board of Directors - Regular Board Meeting,16975,32.1,2016-0175,APPROVED,288,Ara J. Najarian,Aye,1
1079,2016-02-25,Board of Directors - Regular Board Meeting,16975,32.1,2016-0175,APPROVED,290,Hilda L. Solis,Aye,1
1079,2016-02-25,Board of Directors - Regular Board Meeting,41550,18,2016-0087,APPROVED,279,Mark Ridley-Thomas,Aye,1
1079,2016-02-25,Board of Directors - Regular Board Meeting,41550,18,2016-0087,APPROVED,280,John Fasana,Aye,1
1079,2016-02-25,Board of Directors - Regular Board Meeting,41550,18,2016-0087,APPROVED,278,Eric Garcetti,Aye,1
1079,2016-02-25,Board of Directors - Regular Board Meeting,41550,18,2016-0087,APPROVED,281,Michael Antonovich,Absent,0
1079,2016-02-25,Board of Directors - Regular Board Meeting,41550,18,2016-0087,APPROVED,282,Mike Bonin,Aye,1
1079,2016-02-25,Board of Directors - Regular Board Meeting,41550,18,2016-0087,APPROVED,1820,James Butts,Absent,0
1079,2016-02-25,Board of Directors - Regular Board Meeting,41550,18,2016-0087,APPROVED,283,Diane DuBois,Aye,1
1079,2016-02-25,Board of Directors - Regular Board Meeting,41550,18,2016-0087,APPROVED,284,Jacquelyn Dupont-Walker,Aye,1
1079,2016-02-25,Board of Directors - Regular Board Meeting,41550,18,2016-0087,APPROVED,285,Don Knabe,Aye,1
1079,2016-02-25,Board of Directors - Regular Board Meeting,41550,18,2016-0087,APPROVED,286,Paul Krekorian,Aye,1
1079,2016-02-25,Board of Directors - Regular Board Meeting,41550,18,2016-0087,APPROVED,287,Sheila Kuehl,Aye,1
1079,2016-02-25,Board of Directors - Regular Board Meeting,41550,18,2016-0087,APPROVED,288,Ara J. Najarian,Aye,1
1079,2016-02-25,Board of Directors - Regular Board Meeting,41550,18,2016-0087,APPROVED,290,Hilda L. Solis,Aye,1
1079,2016-02-25,Board of Directors - Regular Board Meeting,41550,18,2016-0087,APPROVED,1821,Carrie Bowen,Aye,1
1079,2016-02-25,Board of Directors - Regular Board Meeting,41550,18,2016-0087,APPROVED,1861,Shirley Choate,Aye,1
1079,2016-02-25,Board of Directors - Regular Board Meeting,41550,18,2016-0087,APPROVED,1848,Phil Washington,Aye,1
1079,2016-02-25,Board of Directors - Regular Board Meeting,41559,61,2016-0174,APPROVED,279,Mark Ridley-Thomas,Aye,1
1079,2016-02-25,Board of Directors - Regular Board Meeting,41559,61,2016-0174,APPROVED,280,John Fasana,Aye,1
1079,2016-02-25,Board of Directors - Regular Board Meeting,41559,61,2016-0174,APPROVED,278,Eric Garcetti,Absent,0
1079,2016-02-25,Board of Directors - Regular Board Meeting,41559,61,2016-0174,APPROVED,281,Michael Antonovich,Aye,1
1079,2016-02-25,Board of Directors - Regular Board Meeting,41559,61,2016-0174,APPROVED,282,Mike Bonin,Aye,1
1079,2016-02-25,Board of Directors - Regular Board Meeting,41559,61,2016-0174,APPROVED,1820,James Butts,Absent,0
1079,2016-02-25,Board of Directors - Regular Board Meeting,41559,61,2016-0174,APPROVED,283,Diane DuBois,Aye,1
1079,2016-02-25,Board of Directors - Regular Board Meeting,41559,61,2016-0174,APPROVED,284,Jacquelyn Dupont-Walker,Aye,1
1079,2016-02-25,Board of Directors - Regular Board Meeting,41559,61,2016-0174,APPROVED,285,Don Knabe,Absent,0
1079,2016-02-25,Board of Directors - Regular Board Meeting,41559,61,2016-0174,APPROVED,286,Paul Krekorian,Aye,1
1079,2016-02-25,Board of Directors - Regular Board Meeting,41559,61,2016-0174,APPROVED,287,Sheila Kuehl,Aye,1
1079,2016-02-25,Board of Directors - Regular Board Meeting,41559,61,2016-0174,APPROVED,288,Ara J. Najarian,Aye,1
1079,2016-02-25,Board of Directors - Regular Board Meeting,41559,61,2016-0174,APPROVED,290,Hilda L. Solis,Aye,1
1079,2016-02-25,Board of Directors - Regular Board Meeting,41655,,,APPROVED ON CONSENT CALENDAR,279,Mark Ridley-Thomas,Aye,1
1079,2016-02-25,Board of Directors - Regular Board Meeting,41655,,,APPROVED ON CONSENT CALENDAR,280,John Fasana,Aye,1
1079,2016-02-25,Board of Directors - Regular Board Meeting,41655,,,APPROVED ON CONSENT CALENDAR,278,Eric Garcetti,Aye,1
1079,2016-02-25,Board of Directors - Regular Board Meeting,41655,,,APPROVED ON CONSENT CALENDAR,281,Michael Antonovich,Absent,0
1079,2016-02-25,Board of Directors - Regular Board Meeting,41655,,,APPROVED ON CONSENT CALENDAR,282,Mike Bonin,Aye,1
1079,2016-02-25,Board of Directors - Regular Board Meeting,41655,,,APPROVED ON CONSENT CALENDAR,1820,James Butts,Absent,0
1079,2016-02-25,Board of Directors - Regular Board Meeting,41655,,,APPROVED ON CONSENT CALENDAR,283,Diane DuBois,Aye,1
1079,2016-02-25,Board of Directors - Regular Board Meeting,41655,,,APPROVED ON CONSENT CALENDAR,284,Jacquelyn Dupont-Walker,Aye,1
1079,2016-02-25,Board of Directors - Regular Board Meeting,41655,,,APPROVED ON CONSENT CALENDAR,285,Don Knabe,Aye,1
1079,2016-02-25,Board of Directors - Regular Board Meeting,41655,,,APPROVED ON CONSENT CALENDAR,286,Paul Krekorian,Aye,1
1079,2016-02-25,Board of Directors - Regular Board Meeting,41655,,,APPROVED ON CONSENT CALENDAR,287,Sheila Kuehl,Aye,1
1079,2016-02-25,Board of Directors - Regular Board Meeting,41655,,,APPROVED ON CONSENT CALENDAR,288,Ara J. Najarian,Aye,1
1079,2016-02-25,Board of Directors - Regular Board Meeting,41655,,,APPROVED ON CONSENT CALENDAR,290,Hilda L. Solis,Aye,1
1079,2016-02-25,Board of Directors - Regular Board Meeting,41655,,,APPROVED ON CONSENT CALENDAR,1821,Carrie Bowen,Aye,1
1079,2016-02-25,Board of Directors - Regular Board Meeting,41655,,,APPROVED ON CONSENT CALENDAR,1861,Shirley Choate,Aye,1
1079,2016-02-25,Board of Directors - Regular Board Meeting,41655,,,APPROVED ON CONSENT CALENDAR,1848,Phil Washington,Aye,1
1083,2016-02-17,Planning and Programming Committee,16626,26,2016-0007,RECOMMENDED FOR APPROVAL,282,Mike Bonin,Aye,1
1083,2016-02-17,Planning and Programming Committee,16626,26,2016-0007,RECOMMENDED FOR APPROVAL,287,Sheila Kuehl,Aye,1
1083,2016-02-17,Planning and Programming Committee,16626,26,2016-0007,RECOMMENDED FOR APPROVAL,1820,James Butts,Aye,1
1083,2016-02-17,Planning and Programming Committee,16626,26,2016-0007,RECOMMENDED FOR APPROVAL,284,Jacquelyn Dupont-Walker,Absent,0
1083,2016-02-17,Planning and Programming Committee,16626,26,2016-0007,RECOMMENDED FOR APPROVAL,290,Hilda L. Solis,Absent,0
1083,2016-02-17,Planning and Programming Committee,16626,26,2016-0007,RECOMMENDED FOR APPROVAL,1861,Shirley Choate,Absent,0
1083,2016-02-17,Planning and Programming Committee,16687,24,2016-0025,RECOMMENDED FOR APPROVAL,282,Mike Bonin,Aye,1
1083,2016-02-17,Planning and Programming Committee,16687,24,2016-0025,RECOMMENDED FOR APPROVAL,287,Sheila Kuehl,Aye,1
1083,2016-02-17,Planning and Programming Committee,16687,24,2016-0025,RECOMMENDED FOR APPROVAL,1820,James Butts,Aye,1
1083,2016-02-17,Planning and Programming Committee,16687,24,2016-0025,RECOMMENDED FOR APPROVAL,284,Jacquelyn Dupont-Walker,Absent,0
1083,2016-02-17,Planning and Programming Committee,16687,24,2016-0025,RECOMMENDED FOR APPROVAL,290,Hilda L. Solis,Absent,0
1083,2016-02-17,Planning and Programming Committee,16687,24,2016-0025,RECOMMENDED FOR APPROVAL,1861,Shirley Choate,Absent,0
1083,2016-02-17,Planning and Programming Committee,16688,21,2016-0047,RECOMMENDED FOR APPROVAL,282,Mike Bonin,Aye,1
1083,2016-02-17,Planning and Programming Committee,16688,21,2016-0047,RECOMMENDED FOR APPROVAL,287,Sheila Kuehl,Aye,1
1083,2016-02-17,Planning and Programming Committee,16688,21,2016-0047,RECOMMENDED FOR APPROVAL,1820,James Butts,Aye,1
1083,2016-02-17,Planning and Programming Committee,16688,21,2016-0047,RECOMMENDED FOR APPROVAL,284,Jacquelyn Dupont-Walker,Absent,0
1083,2016-02-17,Planning and Programming Committee,16688,21,2016-0047,RECOMMENDED FOR APPROVAL,290,Hilda L. Solis,Absent,0
1083,2016-02-17,Planning and Programming Committee,16688,21,2016-0047,RECOMMENDED FOR APPROVAL,1861,Shirley Choate,Absent,0
1083,2016-02-17,Planning and Programming Committee,16690,13,2015-1255,RECEIVED AND FILED,282,Mike Bonin,Aye,1
1083,2016-02-17,Planning and Programming Committee,16690,13,2015-1255,RECEIVED AND FILED,287,Sheila Kuehl,Aye,1
1083,2016-02-17,Planning and Programming Committee,16690,13,2015-1255,RECEIVED AND FILED,1820,James Butts,Aye,1
1083,2016-02-17,Planning and Programming Committee,16690,13,2015-1255,RECEIVED AND FILED,284,Jacquelyn Dupont-Walker,Absent,0
1083,2016-02-17,Planning and Programming Committee,16690,13,2015-1255,RECEIVED AND FILED,290,Hilda L. Solis,Absent,0
1083,2016-02-17,Planning and Programming Committee,16690,13,2015-1255,RECEIVED AND FILED,1861,Shirley Choate,Absent,0
1083,2016-02-17,Planning and Programming Committee,16692,14,2015-1661,RECEIVED AND FILED,282,Mike Bonin,Aye,1
1083,2016-02-17,Planning and Programming Committee,16692,14,2015-1661,RECEIVED AND FILED,287,Sheila Kuehl,Aye,1
1083,2016-02-17,Planning and Programming Committee,16692,14,2015-1661,RECEIVED AND FILED,1820,James Butts,Aye,1
1083,2016-02-17,Planning and Programming Committee,16692,14,2015-1661,RECEIVED AND FILED,284,Jacquelyn Dupont-Walker,Absent,0
1083,2016-02-17,Planning and Programming Committee,16692,14,2015-1661,RECEIVED AND FILED,290,Hilda L. Solis,Absent,0
1083,2016-02-17,Planning and Programming Committee,16692,14,2015-1661,RECEIVED AND FILED,1861,Shirley Choate,Absent,0
1083,2016-02-17,Planning and Programming Committee,16693,20,2015-1710,RECOMMENDED FOR APPROVAL,282,Mike Bonin,Aye,1
1083,2016-02-17,Planning and Programming Committee,16693,20,2015-1710,RECOMMENDED FOR APPROVAL,287,Sheila Kuehl,Aye,1
1083,2016-02-17,Planning and Programming Committee,16693,20,2015-1710,RECOMMENDED FOR APPROVAL,1820,James Butts,Aye,1
1083,2016-02-17,Planning and Programming Committee,16693,20,2015-1710,RECOMMENDED FOR APPROVAL,284,Jacquelyn Dupont-Walker,Absent,0
1083,2016-02-17,Planning and Programming Committee,16693,20,2015-1710,RECOMMENDED FOR APPROVAL,290,Hilda L. Solis,Absent,0
1083,2016-02-17,Planning and Programming Committee,16694,19,2015-1712,RECOMMENDED FOR APPROVAL,282,Mike Bonin,Aye,1
1083,2016-02-17,Planning and Programming Committee,16694,19,2015-1712,RECOMMENDED FOR APPROVAL,287,Sheila Kuehl,Aye,1
1083,2016-02-17,Planning and Programming Committee,16694,19,2015-1712,RECOMMENDED FOR APPROVAL,1820,James Butts,Aye,1
1083,2016-02-17,Planning and Programming Committee,16694,19,2015-1712,RECOMMENDED FOR APPROVAL,284,Jacquelyn Dupont-Walker,Absent,0
1083,2016-02-17,Planning and Programming Committee,16694,19,2015-1712,RECOMMENDED FOR APPROVAL,290,Hilda L. Solis,Absent,0
1083,2016-02-17,Planning and Programming Committee,16695,18,2016-0087,RECOMMENDED FOR APPROVAL,282,Mike Bonin,Aye,1
1083,2016-02-17,Planning and Programming Committee,16695,18,2016-0087,RECOMMENDED FOR APPROVAL,287,Sheila Kuehl,Aye,1
1083,2016-02-17,Planning and Programming Committee,16695,18,2016-0087,RECOMMENDED FOR APPROVAL,1820,James Butts,Aye,1
1083,2016-02-17,Planning and Programming Committee,16695,18,2016-0087,RECOMMENDED FOR APPROVAL,284,Jacquelyn Dupont-Walker,Absent,0
1083,2016-02-17,Planning and Programming Committee,16695,18,2016-0087,RECOMMENDED FOR APPROVAL,290,Hilda L. Solis,Absent,0
1083,2016-02-17,Planning and Programming Committee,16696,15,2015-1715,RECEIVED AND FILED,282,Mike Bonin,Aye,1
1083,2016-02-17,Planning and Programming Committee,16696,15,2015-1715,RECEIVED AND FILED,287,Sheila Kuehl,Aye,1
1083,2016-02-17,Planning and Programming Committee,16696,15,2015-1715,RECEIVED AND FILED,1820,James Butts,Aye,1
1083,2016-02-17,Planning and Programming Committee,16696,15,2015-1715,RECEIVED AND FILED,284,Jacquelyn Dupont-Walker,Absent,0
1083,2016-02-17,Planning and Programming Committee,16696,15,2015-1715,RECEIVED AND FILED,290,Hilda L. Solis,Absent,0
1083,2016-02-17,Planning and Programming Committee,16696,15,2015-1715,RECEIVED AND FILED,1861,Shirley Choate,Absent,0
1083,2016-02-17,Planning and Programming Committee,16697,16,2015-1660,RECEIVED AND FILED,282,Mike Bonin,Aye,1
1083,2016-02-17,Planning and Programming Committee,16697,16,2015-1660,RECEIVED AND FILED,287,Sheila Kuehl,Aye,1
1083,2016-02-17,Planning and Programming Committee,16697,16,2015-1660,RECEIVED AND FILED,1820,James Butts,Aye,1
1083,2016-02-17,Planning and Programming Committee,16697,16,2015-1660,RECEIVED AND FILED,284,Jacquelyn Dupont-Walker,Absent,0
1083,2016-02-17,Planning and Programming Committee,16697,16,2015-1660,RECEIVED AND FILED,290,Hilda L. Solis,Absent,0
1083,2016-02-17,Planning and Programming Committee,16697,16,2015-1660,RECEIVED AND FILED,1861,Shirley Choate,Absent,0
1083,2016-02-17,Planning and Programming Committee,16795,17,2016-0095,RECEIVED,282,Mike Bonin,Aye,1
1083,2016-02-17,Planning and Programming Committee,16795,17,2016-0095,RECEIVED,287,Sheila Kuehl,Aye,1
1083,2016-02-17,Planning and Programming Committee,16795,17,2016-0095,RECEIVED,1820,James Butts,Aye,1
1083,2016-02-17,Planning and Programming Committee,16795,17,2016-0095,RECEIVED,284,Jacquelyn Dupont-Walker,Absent,0
1083,2016-02-17,Planning and Programming Committee,16795,17,2016-0095,RECEIVED,290,Hilda L. Solis,Absent,0
1083,2016-02-17,Planning and Programming Committee,16795,17,2016-0095,RECEIVED,1861,Shirley Choate,Absent,0
1083,2016-02-17,Planning and Programming Committee,16830,27,2016-0130,RECEIVED AND FILED,282,Mike Bonin,Aye,1
1083,2016-02-17,Planning and Programming Committee,16830,27,2016-0130,RECEIVED AND FILED,287,Sheila Kuehl,Aye,1
1083,2016-02-17,Planning and Programming Committee,16830,27,2016-0130,RECEIVED AND FILED,1820,James Butts,Aye,1
1083,2016-02-17,Planning and Programming Committee,16830,27,2016-0130,RECEIVED AND FILED,284,Jacquelyn Dupont-Walker,Absent,0
1083,2016-02-17,Planning and Programming Committee,16830,27,2016-0130,RECEIVED AND FILED,290,Hilda L. Solis,Absent,0
1083,2016-02-17,Planning and Programming Committee,16830,27,2016-0130,RECEIVED AND FILED,1861,Shirley Choate,Absent,0
1083,2016-02-17,Planning and Programming Committee,41527,,,APPROVED ON CONSENT CALENDAR,282,Mike Bonin,Aye,1
1083,2016-02-17,Planning and Programming Committee,41527,,,APPROVED ON CONSENT CALENDAR,287,Sheila Kuehl,Aye,1
1083,2016-02-17,Planning and Programming Committee,41527,,,APPROVED ON CONSENT CALENDAR,1820,James Butts,Aye,1
1083,2016-02-17,Planning and Programming Committee,41527,,,APPROVED ON CONSENT CALENDAR,284,Jacquelyn Dupont-Walker,Absent,0
1083,2016-02-17,Planning and Programming Committee,41527,,,APPROVED ON CONSENT CALENDAR,290,Hilda L. Solis,Absent,0
1083,2016-02-17,Planning and Programming Committee,41527,,,APPROVED ON CONSENT CALENDAR,1861,Shirley Choate,Absent,0
1084,2016-02-18,"System Safety, Security and Operations Committee",16703,35,2015-1784,RECOMMENDED FOR APPROVAL,280,John Fasana,Aye,1
1084,2016-02-18,"System Safety, Security and Operations Committee",16703,35,2015-1784,RECOMMENDED FOR APPROVAL,281,Michael Antonovich,Absent,0
1084,2016-02-18,"System Safety, Security and Operations Committee",16703,35,2015-1784,RECOMMENDED FOR APPROVAL,284,Jacquelyn Dupont-Walker,Aye,1
1084,2016-02-18,"System Safety, Security and Operations Committee",16703,35,2015-1784,RECOMMENDED FOR APPROVAL,285,Don Knabe,Aye,1
1084,2016-02-18,"System Safety, Security and Operations Committee",16703,35,2015-1784,RECOMMENDED FOR APPROVAL,288,Ara J. Najarian,Absent,0
1084,2016-02-18,"System Safety, Security and Operations Committee",16756,44,2016-0009,RECOMMENDED FOR APPROVAL,280,John Fasana,Aye,1
1084,2016-02-18,"System Safety, Security and Operations Committee",16756,44,2016-0009,RECOMMENDED FOR APPROVAL,281,Michael Antonovich,Aye,1
1084,2016-02-18,"System Safety, Security and Operations Committee",16756,44,2016-0009,RECOMMENDED FOR APPROVAL,284,Jacquelyn Dupont-Walker,Aye,1
1084,2016-02-18,"System Safety, Security and Operations Committee",16756,44,2016-0009,RECOMMENDED FOR APPROVAL,285,Don Knabe,Aye,1
1084,2016-02-18,"System Safety, Security and Operations Committee",16756,44,2016-0009,RECOMMENDED FOR APPROVAL,288,Ara J. Najarian,Absent,0
1084,2016-02-18,"System Safety, Security and Operations Committee",16760,39,2015-1749,RECEIVED,280,John Fasana,Aye,1
1084,2016-02-18,"System Safety, Security and Operations Committee",16760,39,2015-1749,RECEIVED,281,Michael Antonovich,Aye,1
1084,2016-02-18,"System Safety, Security and Operations Committee",16760,39,2015-1749,RECEIVED,284,Jacquelyn Dupont-Walker,Aye,1
1084,2016-02-18,"System Safety, Security and Operations Committee",16760,39,2015-1749,RECEIVED,285,Don Knabe,Aye,1
1084,2016-02-18,"System Safety, Security and Operations Committee",16760,39,2015-1749,RECEIVED,288,Ara J. Najarian,Absent,0
1084,2016-02-18,"System Safety, Security and Operations Committee",16761,42,2015-1793,RECOMMENDED FOR APPROVAL,280,John Fasana,Aye,1
1084,2016-02-18,"System Safety, Security and Operations Committee",16761,42,2015-1793,RECOMMENDED FOR APPROVAL,281,Michael Antonovich,Aye,1
1084,2016-02-18,"System Safety, Security and Operations Committee",16761,42,2015-1793,RECOMMENDED FOR APPROVAL,284,Jacquelyn Dupont-Walker,Aye,1
1084,2016-02-18,"System Safety, Security and Operations Committee",16761,42,2015-1793,RECOMMENDED FOR APPROVAL,285,Don Knabe,Aye,1
1084,2016-02-18,"System Safety, Security and Operations Committee",16761,42,2015-1793,RECOMMENDED FOR APPROVAL,288,Ara J. Najarian,Absent,0
1084,2016-02-18,"System Safety, Security and Operations Committee",16762,41,2015-1789,RECOMMENDED FOR APPROVAL,280,John Fasana,Aye,1
1084,2016-02-18,"System Safety, Security and Operations Committee",16762,41,2015-1789,RECOMMENDED FOR APPROVAL,281,Michael Antonovich,Aye,1
1084,2016-02-18,"System Safety, Security and Operations Committee",16762,41,2015-1789,RECOMMENDED FOR APPROVAL,284,Jacquelyn Dupont-Walker,Aye,1
1084,2016-02-18,"System Safety, Security and Operations Committee",16762,41,2015-1789,RECOMMENDED FOR APPROVAL,285,Don Knabe,Aye,1
1084,2016-02-18,"System Safety, Security and Operations Committee",16762,41,2015-1789,RECOMMENDED FOR APPROVAL,288,Ara J. Najarian,Absent,0
1084,2016-02-18,"System Safety, Security and Operations Committee",16763,40,2015-1750,RECEIVED,280,John Fasana,Aye,1
1084,2016-02-18,"System Safety, Security and Operations Committee",16763,40,2015-1750,RECEIVED,281,Michael Antonovich,Aye,1
1084,2016-02-18,"System Safety, Security and Operations Committee",16763,40,2015-1750,RECEIVED,284,Jacquelyn Dupont-Walker,Aye,1
1084,2016-02-18,"System Safety, Security and Operations Committee",16763,40,2015-1750,RECEIVED,285,Don Knabe,Aye,1
1084,2016-02-18,"System Safety, Security and Operations Committee",16763,40,2015-1750,RECEIVED,288,Ara J. Najarian,Absent,0
1084,2016-02-18,"System Safety, Security and Operations Committee",16764,37,2015-1687,RECEIVED AND FILED,280,John Fasana,Aye,1
1084,2016-02-18,"System Safety, Security and Operations Committee",16764,37,2015-1687,RECEIVED AND FILED,281,Michael Antonovich,Absent,0
1084,2016-02-18,"System Safety, Security and Operations Committee",16764,37,2015-1687,RECEIVED AND FILED,284,Jacquelyn Dupont-Walker,Aye,1
1084,2016-02-18,"System Safety, Security and Operations Committee",16764,37,2015-1687,RECEIVED AND FILED,285,Don Knabe,Aye,1
1084,2016-02-18,"System Safety, Security and Operations Committee",16764,37,2015-1687,RECEIVED AND FILED,288,Ara J. Najarian,Absent,0
1084,2016-02-18,"System Safety, Security and Operations Committee",16765,36,2015-1511,RECEIVED AND FILED,280,John Fasana,Aye,1
1084,2016-02-18,"System Safety, Security and Operations Committee",16765,36,2015-1511,RECEIVED AND FILED,281,Michael Antonovich,Aye,1
1084,2016-02-18,"System Safety, Security and Operations Committee",16765,36,2015-1511,RECEIVED AND FILED,284,Jacquelyn Dupont-Walker,Aye,1
1084,2016-02-18,"System Safety, Security and Operations Committee",16765,36,2015-1511,RECEIVED AND FILED,285,Don Knabe,Aye,1
1084,2016-02-18,"System Safety, Security and Operations Committee",16765,36,2015-1511,RECEIVED AND FILED,288,Ara J. Najarian,Absent,0
1084,2016-02-18,"System Safety, Security and Operations Committee",16766,43,2015-1778,RECOMMENDED FOR APPROVAL,280,John Fasana,Aye,1
1084,2016-02-18,"System Safety, Security and Operations Committee",16766,43,2015-1778,RECOMMENDED FOR APPROVAL,281,Michael Antonovich,Aye,1
1084,2016-02-18,"System Safety, Security and Operations Committee",16766,43,2015-1778,RECOMMENDED FOR APPROVAL,284,Jacquelyn Dupont-Walker,Aye,1
1084,2016-02-18,"System Safety, Security and Operations Committee",16766,43,2015-1778,RECOMMENDED FOR APPROVAL,285,Don Knabe,Aye,1
1084,2016-02-18,"System Safety, Security and Operations Committee",16766,43,2015-1778,RECOMMENDED FOR APPROVAL,288,Ara J. Najarian,Absent,0
1084,2016-02-18,"System Safety, Security and Operations Committee",16767,45,2016-0010,RECOMMENDED FOR APPROVAL,280,John Fasana,Aye,1
1084,2016-02-18,"System Safety, Security and Operations Committee",16767,45,2016-0010,RECOMMENDED FOR APPROVAL,281,Michael Antonovich,Aye,1
1084,2016-02-18,"System Safety, Security and Operations Committee",16767,45,2016-0010,RECOMMENDED FOR APPROVAL,284,Jacquelyn Dupont-Walker,Aye,1
1084,2016-02-18,"System Safety, Security and Operations Committee",16767,45,2016-0010,RECOMMENDED FOR APPROVAL,285,Don Knabe,Aye,1
1084,2016-02-18,"System Safety, Security and Operations Committee",16767,45,2016-0010,RECOMMENDED FOR APPROVAL,288,Ara J. Najarian,Absent,0
1084,2016-02-18,"System Safety, Security and Operations Committee",16833,46,2016-0041,RECOMMENDED FOR APPROVAL,280,John Fasana,Aye,1
1084,2016-02-18,"System Safety, Security and Operations Committee",16833,46,2016-0041,RECOMMENDED FOR APPROVAL,281,Michael Antonovich,Aye,1
1084,2016-02-18,"System Safety, Security and Operations Committee",16833,46,2016-0041,RECOMMENDED FOR APPROVAL,284,Jacquelyn Dupont-Walker,Aye,1
1084,2016-02-18,"System Safety, Security and Operations Committee",16833,46,2016-0041,RECOMMENDED FOR APPROVAL,285,Don Knabe,Aye,1
1084,2016-02-18,"System Safety, Security and Operations Committee",16833,46,2016-0041,RECOMMENDED FOR APPROVAL,288,Ara J. Najarian,Absent,0
1084,2016-02-18,"System Safety, Security and Operations Committee",41529,38,2016-0050,RECEIVED,280,John Fasana,Aye,1
1084,2016-02-18,"System Safety, Security and Operations Committee",41529,38,2016-0050,RECEIVED,281,Michael Antonovich,Aye,1
1084,2016-02-18,"System Safety, Security and Operations Committee",41529,38,2016-0050,RECEIVED,284,Jacquelyn Dupont-Walker,Aye,1
1084,2016-02-18,"System Safety, Security and Operations Committee",41529,38,2016-0050,RECEIVED,285,Don Knabe,Aye,1
1084,2016-02-18,"System Safety, Security and Operations Committee",41529,38,2016-0050,RECEIVED,288,Ara J. Najarian,Absent,0
1084,2016-02-18,"System Safety, Security and Operations Committee",41530,,,APPROVED ON CONSENT CALENDAR,280,John Fasana,Aye,1
1084,2016-02-18,"System Safety, Security and Operations Committee",41530,,,APPROVED ON CONSENT CALENDAR,281,Michael Antonovich,Absent,0
1084,2016-02-18,"System Safety, Security and Operations Committee",41530,,,APPROVED ON CONSENT CALENDAR,284,Jacquelyn Dupont-Walker,Aye,1
1084,2016-02-18,"System Safety, Security and Operations Committee",41530,,,APPROVED ON CONSENT CALENDAR,285,Don Knabe,Aye,1
1084,2016-02-18,"System Safety, Security and Operations Committee",41530,,,APPROVED ON CONSENT CALENDAR,288,Ara J. Najarian,Absent,0
1085,2016-03-24,Board of Directors - Regular Board Meeting,17477,30,2016-0149,ADOPTED,279,Mark Ridley-Thomas,Aye,1
1085,2016-03-24,Board of Directors - Regular Board Meeting,17477,30,2016-0149,ADOPTED,280,John Fasana,Aye,1
1085,2016-03-24,Board of Directors - Regular Board Meeting,17477,30,2016-0149,ADOPTED,278,Eric Garcetti,Absent,0
1085,2016-03-24,Board of Directors - Regular Board Meeting,17477,30,2016-0149,ADOPTED,281,Michael Antonovich,Absent,0
1085,2016-03-24,Board of Directors - Regular Board Meeting,17477,30,2016-0149,ADOPTED,282,Mike Bonin,Aye,1
1085,2016-03-24,Board of Directors - Regular Board Meeting,17477,30,2016-0149,ADOPTED,1820,James Butts,Aye,1
1085,2016-03-24,Board of Directors - Regular Board Meeting,17477,30,2016-0149,ADOPTED,283,Diane DuBois,Aye,1
1085,2016-03-24,Board of Directors - Regular Board Meeting,17477,30,2016-0149,ADOPTED,284,Jacquelyn Dupont-Walker,Aye,1
1085,2016-03-24,Board of Directors - Regular Board Meeting,17477,30,2016-0149,ADOPTED,285,Don Knabe,Aye,1
1085,2016-03-24,Board of Directors - Regular Board Meeting,17477,30,2016-0149,ADOPTED,286,Paul Krekorian,Absent,0
1085,2016-03-24,Board of Directors - Regular Board Meeting,17477,30,2016-0149,ADOPTED,287,Sheila Kuehl,Aye,1
1085,2016-03-24,Board of Directors - Regular Board Meeting,17477,30,2016-0149,ADOPTED,288,Ara J. Najarian,Aye,1
1085,2016-03-24,Board of Directors - Regular Board Meeting,17477,30,2016-0149,ADOPTED,290,Hilda L. Solis,Aye,1
1085,2016-03-24,Board of Directors - Regular Board Meeting,17478,16,2016-0154,APPROVED,279,Mark Ridley-Thomas,Aye,1
1085,2016-03-24,Board of Directors - Regular Board Meeting,17478,16,2016-0154,APPROVED,280,John Fasana,Aye,1
1085,2016-03-24,Board of Directors - Regular Board Meeting,17478,16,2016-0154,APPROVED,278,Eric Garcetti,Absent,0
1085,2016-03-24,Board of Directors - Regular Board Meeting,17478,16,2016-0154,APPROVED,281,Michael Antonovich,Absent,0
1085,2016-03-24,Board of Directors - Regular Board Meeting,17478,16,2016-0154,APPROVED,282,Mike Bonin,Aye,1
1085,2016-03-24,Board of Directors - Regular Board Meeting,17478,16,2016-0154,APPROVED,1820,James Butts,Aye,1
1085,2016-03-24,Board of Directors - Regular Board Meeting,17478,16,2016-0154,APPROVED,283,Diane DuBois,Aye,1
1085,2016-03-24,Board of Directors - Regular Board Meeting,17478,16,2016-0154,APPROVED,284,Jacquelyn Dupont-Walker,Aye,1
1085,2016-03-24,Board of Directors - Regular Board Meeting,17478,16,2016-0154,APPROVED,285,Don Knabe,Aye,1
1085,2016-03-24,Board of Directors - Regular Board Meeting,17478,16,2016-0154,APPROVED,286,Paul Krekorian,Absent,0
1085,2016-03-24,Board of Directors - Regular Board Meeting,17478,16,2016-0154,APPROVED,287,Sheila Kuehl,Aye,1
1085,2016-03-24,Board of Directors - Regular Board Meeting,17478,16,2016-0154,APPROVED,288,Ara J. Najarian,Aye,1
1085,2016-03-24,Board of Directors - Regular Board Meeting,17478,16,2016-0154,APPROVED,290,Hilda L. Solis,Aye,1
1085,2016-03-24,Board of Directors - Regular Board Meeting,17479,8,2016-0074,APPROVED,279,Mark Ridley-Thomas,Aye,1
1085,2016-03-24,Board of Directors - Regular Board Meeting,17479,8,2016-0074,APPROVED,280,John Fasana,Aye,1
1085,2016-03-24,Board of Directors - Regular Board Meeting,17479,8,2016-0074,APPROVED,278,Eric Garcetti,Absent,0
1085,2016-03-24,Board of Directors - Regular Board Meeting,17479,8,2016-0074,APPROVED,281,Michael Antonovich,Absent,0
1085,2016-03-24,Board of Directors - Regular Board Meeting,17479,8,2016-0074,APPROVED,282,Mike Bonin,Aye,1
1085,2016-03-24,Board of Directors - Regular Board Meeting,17479,8,2016-0074,APPROVED,1820,James Butts,Aye,1
1085,2016-03-24,Board of Directors - Regular Board Meeting,17479,8,2016-0074,APPROVED,283,Diane DuBois,Aye,1
1085,2016-03-24,Board of Directors - Regular Board Meeting,17479,8,2016-0074,APPROVED,284,Jacquelyn Dupont-Walker,Aye,1
1085,2016-03-24,Board of Directors - Regular Board Meeting,17479,8,2016-0074,APPROVED,285,Don Knabe,Aye,1
1085,2016-03-24,Board of Directors - Regular Board Meeting,17479,8,2016-0074,APPROVED,286,Paul Krekorian,Absent,0
1085,2016-03-24,Board of Directors - Regular Board Meeting,17479,8,2016-0074,APPROVED,287,Sheila Kuehl,Aye,1
1085,2016-03-24,Board of Directors - Regular Board Meeting,17479,8,2016-0074,APPROVED,288,Ara J. Najarian,Aye,1
1085,2016-03-24,Board of Directors - Regular Board Meeting,17479,8,2016-0074,APPROVED,290,Hilda L. Solis,Aye,1
1085,2016-03-24,Board of Directors - Regular Board Meeting,17480,7,2016-0016,APPROVED,279,Mark Ridley-Thomas,Aye,1
1085,2016-03-24,Board of Directors - Regular Board Meeting,17480,7,2016-0016,APPROVED,280,John Fasana,Aye,1
1085,2016-03-24,Board of Directors - Regular Board Meeting,17480,7,2016-0016,APPROVED,278,Eric Garcetti,Absent,0
1085,2016-03-24,Board of Directors - Regular Board Meeting,17480,7,2016-0016,APPROVED,281,Michael Antonovich,Absent,0
1085,2016-03-24,Board of Directors - Regular Board Meeting,17480,7,2016-0016,APPROVED,282,Mike Bonin,Aye,1
1085,2016-03-24,Board of Directors - Regular Board Meeting,17480,7,2016-0016,APPROVED,1820,James Butts,Aye,1
1085,2016-03-24,Board of Directors - Regular Board Meeting,17480,7,2016-0016,APPROVED,283,Diane DuBois,Aye,1
1085,2016-03-24,Board of Directors - Regular Board Meeting,17480,7,2016-0016,APPROVED,284,Jacquelyn Dupont-Walker,Aye,1
1085,2016-03-24,Board of Directors - Regular Board Meeting,17480,7,2016-0016,APPROVED,285,Don Knabe,Aye,1
1085,2016-03-24,Board of Directors - Regular Board Meeting,17480,7,2016-0016,APPROVED,286,Paul Krekorian,Absent,0
1085,2016-03-24,Board of Directors - Regular Board Meeting,17480,7,2016-0016,APPROVED,287,Sheila Kuehl,Aye,1
1085,2016-03-24,Board of Directors - Regular Board Meeting,17480,7,2016-0016,APPROVED,288,Ara J. Najarian,Aye,1
1085,2016-03-24,Board of Directors - Regular Board Meeting,17480,7,2016-0016,APPROVED,290,Hilda L. Solis,Aye,1
1085,2016-03-24,Board of Directors - Regular Board Meeting,17482,2,2016-0203,APPROVED,279,Mark Ridley-Thomas,Aye,1
1085,2016-03-24,Board of Directors - Regular Board Meeting,17482,2,2016-0203,APPROVED,280,John Fasana,Aye,1
1085,2016-03-24,Board of Directors - Regular Board Meeting,17482,2,2016-0203,APPROVED,278,Eric Garcetti,Absent,0
1085,2016-03-24,Board of Directors - Regular Board Meeting,17482,2,2016-0203,APPROVED,281,Michael Antonovich,Absent,0
1085,2016-03-24,Board of Directors - Regular Board Meeting,17482,2,2016-0203,APPROVED,282,Mike Bonin,Aye,1
1085,2016-03-24,Board of Directors - Regular Board Meeting,17482,2,2016-0203,APPROVED,1820,James Butts,Aye,1
1085,2016-03-24,Board of Directors - Regular Board Meeting,17482,2,2016-0203,APPROVED,283,Diane DuBois,Aye,1
1085,2016-03-24,Board of Directors - Regular Board Meeting,17482,2,2016-0203,APPROVED,284,Jacquelyn Dupont-Walker,Aye,1
1085,2016-03-24,Board of Directors - Regular Board Meeting,17482,2,2016-0203,APPROVED,285,Don Knabe,Aye,1
1085,2016-03-24,Board of Directors - Regular Board Meeting,17482,2,2016-0203,APPROVED,286,Paul Krekorian,Absent,0
1085,2016-03-24,Board of Directors - Regular Board Meeting,17482,2,2016-0203,APPROVED,287,Sheila Kuehl,Aye,1
1085,2016-03-24,Board of Directors - Regular Board Meeting,17482,2,2016-0203,APPROVED,288,Ara J. Najarian,Aye,1
1085,2016-03-24,Board of Directors - Regular Board Meeting,17482,2,2016-0203,APPROVED,290,Hilda L. Solis,Aye,1
1085,2016-03-24,Board of Directors - Regular Board Meeting,17484,9,2016-0084,APPROVED,279,Mark Ridley-Thomas,Aye,1
1085,2016-03-24,Board of Directors - Regular Board Meeting,17484,9,2016-0084,APPROVED,280,John Fasana,Aye,1
1085,2016-03-24,Board of Directors - Regular Board Meeting,17484,9,2016-0084,APPROVED,278,Eric Garcetti,Absent,0
1085,2016-03-24,Board of Directors - Regular Board Meeting,17484,9,2016-0084,APPROVED,281,Michael Antonovich,Absent,0
1085,2016-03-24,Board of Directors - Regular Board Meeting,17484,9,2016-0084,APPROVED,282,Mike Bonin,Aye,1
1085,2016-03-24,Board of Directors - Regular Board Meeting,17484,9,2016-0084,APPROVED,1820,James Butts,Aye,1
1085,2016-03-24,Board of Directors - Regular Board Meeting,17484,9,2016-0084,APPROVED,283,Diane DuBois,Aye,1
1085,2016-03-24,Board of Directors - Regular Board Meeting,17484,9,2016-0084,APPROVED,284,Jacquelyn Dupont-Walker,Aye,1
1085,2016-03-24,Board of Directors - Regular Board Meeting,17484,9,2016-0084,APPROVED,285,Don Knabe,Aye,1
1085,2016-03-24,Board of Directors - Regular Board Meeting,17484,9,2016-0084,APPROVED,286,Paul Krekorian,Absent,0
1085,2016-03-24,Board of Directors - Regular Board Meeting,17484,9,2016-0084,APPROVED,287,Sheila Kuehl,Aye,1
1085,2016-03-24,Board of Directors - Regular Board Meeting,17484,9,2016-0084,APPROVED,288,Ara J. Najarian,Aye,1
1085,2016-03-24,Board of Directors - Regular Board Meeting,17484,9,2016-0084,APPROVED,290,Hilda L. Solis,Aye,1
1085,2016-03-24,Board of Directors - Regular Board Meeting,17490,17,2016-0061,APPROVED,279,Mark Ridley-Thomas,Absent,0
1085,2016-03-24,Board of Directors - Regular Board Meeting,17490,17,2016-0061,APPROVED,280,John Fasana,Aye,1
1085,2016-03-24,Board of Directors - Regular Board Meeting,17490,17,2016-0061,APPROVED,278,Eric Garcetti,Absent,0
1085,2016-03-24,Board of Directors - Regular Board Meeting,17490,17,2016-0061,APPROVED,281,Michael Antonovich,Aye,1
1085,2016-03-24,Board of Directors - Regular Board Meeting,17490,17,2016-0061,APPROVED,282,Mike Bonin,Aye,1
1085,2016-03-24,Board of Directors - Regular Board Meeting,17490,17,2016-0061,APPROVED,1820,James Butts,Absent,0
1085,2016-03-24,Board of Directors - Regular Board Meeting,17490,17,2016-0061,APPROVED,283,Diane DuBois,Aye,1
1085,2016-03-24,Board of Directors - Regular Board Meeting,17490,17,2016-0061,APPROVED,284,Jacquelyn Dupont-Walker,Aye,1
1085,2016-03-24,Board of Directors - Regular Board Meeting,17490,17,2016-0061,APPROVED,285,Don Knabe,Aye,1
1085,2016-03-24,Board of Directors - Regular Board Meeting,17490,17,2016-0061,APPROVED,286,Paul Krekorian,Aye,1
1085,2016-03-24,Board of Directors - Regular Board Meeting,17490,17,2016-0061,APPROVED,287,Sheila Kuehl,Nay,2
1085,2016-03-24,Board of Directors - Regular Board Meeting,17490,17,2016-0061,APPROVED,288,Ara J. Najarian,Aye,1
1085,2016-03-24,Board of Directors - Regular Board Meeting,17490,17,2016-0061,APPROVED,290,Hilda L. Solis,Absent,0
1085,2016-03-24,Board of Directors - Regular Board Meeting,17491,14,2016-0002,APPROVED,279,Mark Ridley-Thomas,Absent,0
1085,2016-03-24,Board of Directors - Regular Board Meeting,17491,14,2016-0002,APPROVED,280,John Fasana,Aye,1
1085,2016-03-24,Board of Directors - Regular Board Meeting,17491,14,2016-0002,APPROVED,278,Eric Garcetti,Absent,0
1085,2016-03-24,Board of Directors - Regular Board Meeting,17491,14,2016-0002,APPROVED,281,Michael Antonovich,Conflict,0
1085,2016-03-24,Board of Directors - Regular Board Meeting,17491,14,2016-0002,APPROVED,282,Mike Bonin,Aye,1
1085,2016-03-24,Board of Directors - Regular Board Meeting,17491,14,2016-0002,APPROVED,1820,James Butts,Absent,0
1085,2016-03-24,Board of Directors - Regular Board Meeting,17491,14,2016-0002,APPROVED,283,Diane DuBois,Aye,1
1085,2016-03-24,Board of Directors - Regular Board Meeting,17491,14,2016-0002,APPROVED,284,Jacquelyn Dupont-Walker,Aye,1
1085,2016-03-24,Board of Directors - Regular Board Meeting,17491,14,2016-0002,APPROVED,285,Don Knabe,Aye,1
1085,2016-03-24,Board of Directors - Regular Board Meeting,17491,14,2016-0002,APPROVED,286,Paul Krekorian,Aye,1
1085,2016-03-24,Board of Directors - Regular Board Meeting,17491,14,2016-0002,APPROVED,287,Sheila Kuehl,Aye,1
1085,2016-03-24,Board of Directors - Regular Board Meeting,17491,14,2016-0002,APPROVED,288,Ara J. Najarian,Conflict,0
1085,2016-03-24,Board of Directors - Regular Board Meeting,17491,14,2016-0002,APPROVED,290,Hilda L. Solis,Absent,0
1085,2016-03-24,Board of Directors - Regular Board Meeting,17492,15,2016-0139,APPROVED,279,Mark Ridley-Thomas,Absent,0
1085,2016-03-24,Board of Directors - Regular Board Meeting,17492,15,2016-0139,APPROVED,280,John Fasana,Aye,1
1085,2016-03-24,Board of Directors - Regular Board Meeting,17492,15,2016-0139,APPROVED,278,Eric Garcetti,Absent,0
1085,2016-03-24,Board of Directors - Regular Board Meeting,17492,15,2016-0139,APPROVED,281,Michael Antonovich,Aye,1
1085,2016-03-24,Board of Directors - Regular Board Meeting,17492,15,2016-0139,APPROVED,282,Mike Bonin,Conflict,0
1085,2016-03-24,Board of Directors - Regular Board Meeting,17492,15,2016-0139,APPROVED,1820,James Butts,Absent,0
1085,2016-03-24,Board of Directors - Regular Board Meeting,17492,15,2016-0139,APPROVED,283,Diane DuBois,Aye,1
1085,2016-03-24,Board of Directors - Regular Board Meeting,17492,15,2016-0139,APPROVED,284,Jacquelyn Dupont-Walker,Aye,1
1085,2016-03-24,Board of Directors - Regular Board Meeting,17492,15,2016-0139,APPROVED,285,Don Knabe,Aye,1
1085,2016-03-24,Board of Directors - Regular Board Meeting,17492,15,2016-0139,APPROVED,286,Paul Krekorian,Aye,1
1085,2016-03-24,Board of Directors - Regular Board Meeting,17492,15,2016-0139,APPROVED,287,Sheila Kuehl,Aye,1
1085,2016-03-24,Board of Directors - Regular Board Meeting,17492,15,2016-0139,APPROVED,288,Ara J. Najarian,Conflict,0
1085,2016-03-24,Board of Directors - Regular Board Meeting,17492,15,2016-0139,APPROVED,290,Hilda L. Solis,Absent,0
1085,2016-03-24,Board of Directors - Regular Board Meeting,17493,12,2016-0141,ADOPTED,279,Mark Ridley-Thomas,Aye,1
1085,2016-03-24,Board of Directors - Regular Board Meeting,17493,12,2016-0141,ADOPTED,280,John Fasana,Aye,1
1085,2016-03-24,Board of Directors - Regular Board Meeting,17493,12,2016-0141,ADOPTED,278,Eric Garcetti,Absent,0
1085,2016-03-24,Board of Directors - Regular Board Meeting,17493,12,2016-0141,ADOPTED,281,Michael Antonovich,Absent,0
1085,2016-03-24,Board of Directors - Regular Board Meeting,17493,12,2016-0141,ADOPTED,282,Mike Bonin,Aye,1
1085,2016-03-24,Board of Directors - Regular Board Meeting,17493,12,2016-0141,ADOPTED,1820,James Butts,Aye,1
1085,2016-03-24,Board of Directors - Regular Board Meeting,17493,12,2016-0141,ADOPTED,283,Diane DuBois,Aye,1
1085,2016-03-24,Board of Directors - Regular Board Meeting,17493,12,2016-0141,ADOPTED,284,Jacquelyn Dupont-Walker,Aye,1
1085,2016-03-24,Board of Directors - Regular Board Meeting,17493,12,2016-0141,ADOPTED,285,Don Knabe,Aye,1
1085,2016-03-24,Board of Directors - Regular Board Meeting,17493,12,2016-0141,ADOPTED,286,Paul Krekorian,Absent,0
1085,2016-03-24,Board of Directors - Regular Board Meeting,17493,12,2016-0141,ADOPTED,287,Sheila Kuehl,Aye,1
1085,2016-03-24,Board of Directors - Regular Board Meeting,17493,12,2016-0141,ADOPTED,288,Ara J. Najarian,Aye,1
1085,2016-03-24,Board of Directors - Regular Board Meeting,17493,12,2016-0141,ADOPTED,290,Hilda L. Solis,Aye,1
1085,2016-03-24,Board of Directors - Regular Board Meeting,17494,10,2016-0085,APPROVED,279,Mark Ridley-Thomas,Aye,1
1085,2016-03-24,Board of Directors - Regular Board Meeting,17494,10,2016-0085,APPROVED,280,John Fasana,Aye,1
1085,2016-03-24,Board of Directors - Regular Board Meeting,17494,10,2016-0085,APPROVED,278,Eric Garcetti,Absent,0
1085,2016-03-24,Board of Directors - Regular Board Meeting,17494,10,2016-0085,APPROVED,281,Michael Antonovich,Absent,0
1085,2016-03-24,Board of Directors - Regular Board Meeting,17494,10,2016-0085,APPROVED,282,Mike Bonin,Aye,1
1085,2016-03-24,Board of Directors - Regular Board Meeting,17494,10,2016-0085,APPROVED,1820,James Butts,Aye,1
1085,2016-03-24,Board of Directors - Regular Board Meeting,17494,10,2016-0085,APPROVED,283,Diane DuBois,Aye,1
1085,2016-03-24,Board of Directors - Regular Board Meeting,17494,10,2016-0085,APPROVED,284,Jacquelyn Dupont-Walker,Aye,1
1085,2016-03-24,Board of Directors - Regular Board Meeting,17494,10,2016-0085,APPROVED,285,Don Knabe,Aye,1
1085,2016-03-24,Board of Directors - Regular Board Meeting,17494,10,2016-0085,APPROVED,286,Paul Krekorian,Absent,0
1085,2016-03-24,Board of Directors - Regular Board Meeting,17494,10,2016-0085,APPROVED,287,Sheila Kuehl,Aye,1
1085,2016-03-24,Board of Directors - Regular Board Meeting,17494,10,2016-0085,APPROVED,288,Ara J. Najarian,Aye,1
1085,2016-03-24,Board of Directors - Regular Board Meeting,17494,10,2016-0085,APPROVED,290,Hilda L. Solis,Aye,1
1085,2016-03-24,Board of Directors - Regular Board Meeting,17495,11,2016-0121,APPROVED,279,Mark Ridley-Thomas,Aye,1
1085,2016-03-24,Board of Directors - Regular Board Meeting,17495,11,2016-0121,APPROVED,280,John Fasana,Aye,1
1085,2016-03-24,Board of Directors - Regular Board Meeting,17495,11,2016-0121,APPROVED,278,Eric Garcetti,Absent,0
1085,2016-03-24,Board of Directors - Regular Board Meeting,17495,11,2016-0121,APPROVED,281,Michael Antonovich,Absent,0
1085,2016-03-24,Board of Directors - Regular Board Meeting,17495,11,2016-0121,APPROVED,282,Mike Bonin,Aye,1
1085,2016-03-24,Board of Directors - Regular Board Meeting,17495,11,2016-0121,APPROVED,1820,James Butts,Aye,1
1085,2016-03-24,Board of Directors - Regular Board Meeting,17495,11,2016-0121,APPROVED,283,Diane DuBois,Aye,1
1085,2016-03-24,Board of Directors - Regular Board Meeting,17495,11,2016-0121,APPROVED,284,Jacquelyn Dupont-Walker,Aye,1
1085,2016-03-24,Board of Directors - Regular Board Meeting,17495,11,2016-0121,APPROVED,285,Don Knabe,Aye,1
1085,2016-03-24,Board of Directors - Regular Board Meeting,17495,11,2016-0121,APPROVED,286,Paul Krekorian,Absent,0
1085,2016-03-24,Board of Directors - Regular Board Meeting,17495,11,2016-0121,APPROVED,287,Sheila Kuehl,Aye,1
1085,2016-03-24,Board of Directors - Regular Board Meeting,17495,11,2016-0121,APPROVED,288,Ara J. Najarian,Aye,1
1085,2016-03-24,Board of Directors - Regular Board Meeting,17495,11,2016-0121,APPROVED,290,Hilda L. Solis,Aye,1
1085,2016-03-24,Board of Directors - Regular Board Meeting,17503,39,2016-228,APPROVED AS AMENDED,279,Mark Ridley-Thomas,Absent,0
1085,2016-03-24,Board of Directors - Regular Board Meeting,17503,39,2016-228,APPROVED AS AMENDED,280,John Fasana,Aye,1
1085,2016-03-24,Board of Directors - Regular Board Meeting,17503,39,2016-228,APPROVED AS AMENDED,278,Eric Garcetti,Absent,0
1085,2016-03-24,Board of Directors - Regular Board Meeting,17503,39,2016-228,APPROVED AS AMENDED,281,Michael Antonovich,Aye,1
1085,2016-03-24,Board of Directors - Regular Board Meeting,17503,39,2016-228,APPROVED AS AMENDED,282,Mike Bonin,Aye,1
1085,2016-03-24,Board of Directors - Regular Board Meeting,17503,39,2016-228,APPROVED AS AMENDED,1820,James Butts,Absent,0
1085,2016-03-24,Board of Directors - Regular Board Meeting,17503,39,2016-228,APPROVED AS AMENDED,283,Diane DuBois,Aye,1
1085,2016-03-24,Board of Directors - Regular Board Meeting,17503,39,2016-228,APPROVED AS AMENDED,284,Jacquelyn Dupont-Walker,Aye,1
1085,2016-03-24,Board of Directors - Regular Board Meeting,17503,39,2016-228,APPROVED AS AMENDED,285,Don Knabe,Aye,1
1085,2016-03-24,Board of Directors - Regular Board Meeting,17503,39,2016-228,APPROVED AS AMENDED,286,Paul Krekorian,Aye,1
1085,2016-03-24,Board of Directors - Regular Board Meeting,17503,39,2016-228,APPROVED AS AMENDED,287,Sheila Kuehl,Aye,1
1085,2016-03-24,Board of Directors - Regular Board Meeting,17503,39,2016-228,APPROVED AS AMENDED,288,Ara J. Najarian,Aye,1
1085,2016-03-24,Board of Directors - Regular Board Meeting,17503,39,2016-228,APPROVED AS AMENDED,290,Hilda L. Solis,Absent,0
1085,2016-03-24,Board of Directors - Regular Board Meeting,17503,39,2016-228,APPROVED AS AMENDED,1821,Carrie Bowen,Aye,1
1085,2016-03-24,Board of Directors - Regular Board Meeting,17503,39,2016-228,APPROVED AS AMENDED,1848,Phil Washington,Aye,1
1085,2016-03-24,Board of Directors - Regular Board Meeting,17505,21,2015-1390,APPROVED,279,Mark Ridley-Thomas,Absent,0
1085,2016-03-24,Board of Directors - Regular Board Meeting,17505,21,2015-1390,APPROVED,280,John Fasana,Aye,1
1085,2016-03-24,Board of Directors - Regular Board Meeting,17505,21,2015-1390,APPROVED,278,Eric Garcetti,Absent,0
1085,2016-03-24,Board of Directors - Regular Board Meeting,17505,21,2015-1390,APPROVED,281,Michael Antonovich,Aye,1
1085,2016-03-24,Board of Directors - Regular Board Meeting,17505,21,2015-1390,APPROVED,282,Mike Bonin,Conflict,0
1085,2016-03-24,Board of Directors - Regular Board Meeting,17505,21,2015-1390,APPROVED,1820,James Butts,Absent,0
1085,2016-03-24,Board of Directors - Regular Board Meeting,17505,21,2015-1390,APPROVED,283,Diane DuBois,Aye,1
1085,2016-03-24,Board of Directors - Regular Board Meeting,17505,21,2015-1390,APPROVED,284,Jacquelyn Dupont-Walker,Aye,1
1085,2016-03-24,Board of Directors - Regular Board Meeting,17505,21,2015-1390,APPROVED,285,Don Knabe,Aye,1
1085,2016-03-24,Board of Directors - Regular Board Meeting,17505,21,2015-1390,APPROVED,286,Paul Krekorian,Aye,1
1085,2016-03-24,Board of Directors - Regular Board Meeting,17505,21,2015-1390,APPROVED,287,Sheila Kuehl,Aye,1
1085,2016-03-24,Board of Directors - Regular Board Meeting,17505,21,2015-1390,APPROVED,288,Ara J. Najarian,Aye,1
1085,2016-03-24,Board of Directors - Regular Board Meeting,17505,21,2015-1390,APPROVED,290,Hilda L. Solis,Absent,0
1085,2016-03-24,Board of Directors - Regular Board Meeting,17508,29,2015-1772,APPROVED,279,Mark Ridley-Thomas,Aye,1
1085,2016-03-24,Board of Directors - Regular Board Meeting,17508,29,2015-1772,APPROVED,280,John Fasana,Aye,1
1085,2016-03-24,Board of Directors - Regular Board Meeting,17508,29,2015-1772,APPROVED,278,Eric Garcetti,Absent,0
1085,2016-03-24,Board of Directors - Regular Board Meeting,17508,29,2015-1772,APPROVED,281,Michael Antonovich,Absent,0
1085,2016-03-24,Board of Directors - Regular Board Meeting,17508,29,2015-1772,APPROVED,282,Mike Bonin,Aye,1
1085,2016-03-24,Board of Directors - Regular Board Meeting,17508,29,2015-1772,APPROVED,1820,James Butts,Aye,1
1085,2016-03-24,Board of Directors - Regular Board Meeting,17508,29,2015-1772,APPROVED,283,Diane DuBois,Aye,1
1085,2016-03-24,Board of Directors - Regular Board Meeting,17508,29,2015-1772,APPROVED,284,Jacquelyn Dupont-Walker,Aye,1
1085,2016-03-24,Board of Directors - Regular Board Meeting,17508,29,2015-1772,APPROVED,285,Don Knabe,Aye,1
1085,2016-03-24,Board of Directors - Regular Board Meeting,17508,29,2015-1772,APPROVED,286,Paul Krekorian,Absent,0
1085,2016-03-24,Board of Directors - Regular Board Meeting,17508,29,2015-1772,APPROVED,287,Sheila Kuehl,Aye,1
1085,2016-03-24,Board of Directors - Regular Board Meeting,17508,29,2015-1772,APPROVED,288,Ara J. Najarian,Aye,1
1085,2016-03-24,Board of Directors - Regular Board Meeting,17508,29,2015-1772,APPROVED,290,Hilda L. Solis,Aye,1
1085,2016-03-24,Board of Directors - Regular Board Meeting,17509,28,2016-0035,APPROVED,279,Mark Ridley-Thomas,Aye,1
1085,2016-03-24,Board of Directors - Regular Board Meeting,17509,28,2016-0035,APPROVED,280,John Fasana,Aye,1
1085,2016-03-24,Board of Directors - Regular Board Meeting,17509,28,2016-0035,APPROVED,278,Eric Garcetti,Absent,0
1085,2016-03-24,Board of Directors - Regular Board Meeting,17509,28,2016-0035,APPROVED,281,Michael Antonovich,Absent,0
1085,2016-03-24,Board of Directors - Regular Board Meeting,17509,28,2016-0035,APPROVED,282,Mike Bonin,Aye,1
1085,2016-03-24,Board of Directors - Regular Board Meeting,17509,28,2016-0035,APPROVED,1820,James Butts,Aye,1
1085,2016-03-24,Board of Directors - Regular Board Meeting,17509,28,2016-0035,APPROVED,283,Diane DuBois,Aye,1
1085,2016-03-24,Board of Directors - Regular Board Meeting,17509,28,2016-0035,APPROVED,284,Jacquelyn Dupont-Walker,Aye,1
1085,2016-03-24,Board of Directors - Regular Board Meeting,17509,28,2016-0035,APPROVED,285,Don Knabe,Aye,1
1085,2016-03-24,Board of Directors - Regular Board Meeting,17509,28,2016-0035,APPROVED,286,Paul Krekorian,Absent,0
1085,2016-03-24,Board of Directors - Regular Board Meeting,17509,28,2016-0035,APPROVED,287,Sheila Kuehl,Aye,1
1085,2016-03-24,Board of Directors - Regular Board Meeting,17509,28,2016-0035,APPROVED,288,Ara J. Najarian,Aye,1
1085,2016-03-24,Board of Directors - Regular Board Meeting,17509,28,2016-0035,APPROVED,290,Hilda L. Solis,Aye,1
1085,2016-03-24,Board of Directors - Regular Board Meeting,17510,23,2016-0134,APPROVED,279,Mark Ridley-Thomas,Aye,1
1085,2016-03-24,Board of Directors - Regular Board Meeting,17510,23,2016-0134,APPROVED,280,John Fasana,Aye,1
1085,2016-03-24,Board of Directors - Regular Board Meeting,17510,23,2016-0134,APPROVED,278,Eric Garcetti,Absent,0
1085,2016-03-24,Board of Directors - Regular Board Meeting,17510,23,2016-0134,APPROVED,281,Michael Antonovich,Absent,0
1085,2016-03-24,Board of Directors - Regular Board Meeting,17510,23,2016-0134,APPROVED,282,Mike Bonin,Aye,1
1085,2016-03-24,Board of Directors - Regular Board Meeting,17510,23,2016-0134,APPROVED,1820,James Butts,Aye,1
1085,2016-03-24,Board of Directors - Regular Board Meeting,17510,23,2016-0134,APPROVED,283,Diane DuBois,Aye,1
1085,2016-03-24,Board of Directors - Regular Board Meeting,17510,23,2016-0134,APPROVED,284,Jacquelyn Dupont-Walker,Aye,1
1085,2016-03-24,Board of Directors - Regular Board Meeting,17510,23,2016-0134,APPROVED,285,Don Knabe,Aye,1
1085,2016-03-24,Board of Directors - Regular Board Meeting,17510,23,2016-0134,APPROVED,286,Paul Krekorian,Absent,0
1085,2016-03-24,Board of Directors - Regular Board Meeting,17510,23,2016-0134,APPROVED,287,Sheila Kuehl,Aye,1
1085,2016-03-24,Board of Directors - Regular Board Meeting,17510,23,2016-0134,APPROVED,288,Ara J. Najarian,Aye,1
1085,2016-03-24,Board of Directors - Regular Board Meeting,17510,23,2016-0134,APPROVED,290,Hilda L. Solis,Aye,1
1085,2016-03-24,Board of Directors - Regular Board Meeting,17511,22,2016-0098,APPROVED,279,Mark Ridley-Thomas,Aye,1
1085,2016-03-24,Board of Directors - Regular Board Meeting,17511,22,2016-0098,APPROVED,280,John Fasana,Aye,1
1085,2016-03-24,Board of Directors - Regular Board Meeting,17511,22,2016-0098,APPROVED,278,Eric Garcetti,Absent,0
1085,2016-03-24,Board of Directors - Regular Board Meeting,17511,22,2016-0098,APPROVED,281,Michael Antonovich,Absent,0
1085,2016-03-24,Board of Directors - Regular Board Meeting,17511,22,2016-0098,APPROVED,282,Mike Bonin,Aye,1
1085,2016-03-24,Board of Directors - Regular Board Meeting,17511,22,2016-0098,APPROVED,1820,James Butts,Aye,1
1085,2016-03-24,Board of Directors - Regular Board Meeting,17511,22,2016-0098,APPROVED,283,Diane DuBois,Aye,1
1085,2016-03-24,Board of Directors - Regular Board Meeting,17511,22,2016-0098,APPROVED,284,Jacquelyn Dupont-Walker,Aye,1
1085,2016-03-24,Board of Directors - Regular Board Meeting,17511,22,2016-0098,APPROVED,285,Don Knabe,Aye,1
1085,2016-03-24,Board of Directors - Regular Board Meeting,17511,22,2016-0098,APPROVED,286,Paul Krekorian,Absent,0
1085,2016-03-24,Board of Directors - Regular Board Meeting,17511,22,2016-0098,APPROVED,287,Sheila Kuehl,Aye,1
1085,2016-03-24,Board of Directors - Regular Board Meeting,17511,22,2016-0098,APPROVED,288,Ara J. Najarian,Aye,1
1085,2016-03-24,Board of Directors - Regular Board Meeting,17511,22,2016-0098,APPROVED,290,Hilda L. Solis,Aye,1
1085,2016-03-24,Board of Directors - Regular Board Meeting,17518,38,2016-0104,ADOPTED,279,Mark Ridley-Thomas,Aye,1
1085,2016-03-24,Board of Directors - Regular Board Meeting,17518,38,2016-0104,ADOPTED,280,John Fasana,Aye,1
1085,2016-03-24,Board of Directors - Regular Board Meeting,17518,38,2016-0104,ADOPTED,278,Eric Garcetti,Absent,0
1085,2016-03-24,Board of Directors - Regular Board Meeting,17518,38,2016-0104,ADOPTED,281,Michael Antonovich,Absent,0
1085,2016-03-24,Board of Directors - Regular Board Meeting,17518,38,2016-0104,ADOPTED,282,Mike Bonin,Aye,1
1085,2016-03-24,Board of Directors - Regular Board Meeting,17518,38,2016-0104,ADOPTED,1820,James Butts,Aye,1
1085,2016-03-24,Board of Directors - Regular Board Meeting,17518,38,2016-0104,ADOPTED,283,Diane DuBois,Aye,1
1085,2016-03-24,Board of Directors - Regular Board Meeting,17518,38,2016-0104,ADOPTED,284,Jacquelyn Dupont-Walker,Aye,1
1085,2016-03-24,Board of Directors - Regular Board Meeting,17518,38,2016-0104,ADOPTED,285,Don Knabe,Aye,1
1085,2016-03-24,Board of Directors - Regular Board Meeting,17518,38,2016-0104,ADOPTED,286,Paul Krekorian,Absent,0
1085,2016-03-24,Board of Directors - Regular Board Meeting,17518,38,2016-0104,ADOPTED,287,Sheila Kuehl,Aye,1
1085,2016-03-24,Board of Directors - Regular Board Meeting,17518,38,2016-0104,ADOPTED,288,Ara J. Najarian,Aye,1
1085,2016-03-24,Board of Directors - Regular Board Meeting,17518,38,2016-0104,ADOPTED,290,Hilda L. Solis,Aye,1
1085,2016-03-24,Board of Directors - Regular Board Meeting,17519,37,2016-0129,APPROVED,279,Mark Ridley-Thomas,Aye,1
1085,2016-03-24,Board of Directors - Regular Board Meeting,17519,37,2016-0129,APPROVED,280,John Fasana,Aye,1
1085,2016-03-24,Board of Directors - Regular Board Meeting,17519,37,2016-0129,APPROVED,278,Eric Garcetti,Absent,0
1085,2016-03-24,Board of Directors - Regular Board Meeting,17519,37,2016-0129,APPROVED,281,Michael Antonovich,Absent,0
1085,2016-03-24,Board of Directors - Regular Board Meeting,17519,37,2016-0129,APPROVED,282,Mike Bonin,Aye,1
1085,2016-03-24,Board of Directors - Regular Board Meeting,17519,37,2016-0129,APPROVED,1820,James Butts,Aye,1
1085,2016-03-24,Board of Directors - Regular Board Meeting,17519,37,2016-0129,APPROVED,283,Diane DuBois,Aye,1
1085,2016-03-24,Board of Directors - Regular Board Meeting,17519,37,2016-0129,APPROVED,284,Jacquelyn Dupont-Walker,Aye,1
1085,2016-03-24,Board of Directors - Regular Board Meeting,17519,37,2016-0129,APPROVED,285,Don Knabe,Aye,1
1085,2016-03-24,Board of Directors - Regular Board Meeting,17519,37,2016-0129,APPROVED,286,Paul Krekorian,Absent,0
1085,2016-03-24,Board of Directors - Regular Board Meeting,17519,37,2016-0129,APPROVED,287,Sheila Kuehl,Aye,1
1085,2016-03-24,Board of Directors - Regular Board Meeting,17519,37,2016-0129,APPROVED,288,Ara J. Najarian,Aye,1
1085,2016-03-24,Board of Directors - Regular Board Meeting,17519,37,2016-0129,APPROVED,290,Hilda L. Solis,Aye,1
1085,2016-03-24,Board of Directors - Regular Board Meeting,17520,36,2016-217,ADOPTED,279,Mark Ridley-Thomas,Aye,1
1085,2016-03-24,Board of Directors - Regular Board Meeting,17520,36,2016-217,ADOPTED,280,John Fasana,Aye,1
1085,2016-03-24,Board of Directors - Regular Board Meeting,17520,36,2016-217,ADOPTED,278,Eric Garcetti,Absent,0
1085,2016-03-24,Board of Directors - Regular Board Meeting,17520,36,2016-217,ADOPTED,281,Michael Antonovich,Absent,0
1085,2016-03-24,Board of Directors - Regular Board Meeting,17520,36,2016-217,ADOPTED,282,Mike Bonin,Aye,1
1085,2016-03-24,Board of Directors - Regular Board Meeting,17520,36,2016-217,ADOPTED,1820,James Butts,Aye,1
1085,2016-03-24,Board of Directors - Regular Board Meeting,17520,36,2016-217,ADOPTED,283,Diane DuBois,Aye,1
1085,2016-03-24,Board of Directors - Regular Board Meeting,17520,36,2016-217,ADOPTED,284,Jacquelyn Dupont-Walker,Aye,1
1085,2016-03-24,Board of Directors - Regular Board Meeting,17520,36,2016-217,ADOPTED,285,Don Knabe,Aye,1
1085,2016-03-24,Board of Directors - Regular Board Meeting,17520,36,2016-217,ADOPTED,286,Paul Krekorian,Absent,0
1085,2016-03-24,Board of Directors - Regular Board Meeting,17520,36,2016-217,ADOPTED,287,Sheila Kuehl,Aye,1
1085,2016-03-24,Board of Directors - Regular Board Meeting,17520,36,2016-217,ADOPTED,288,Ara J. Najarian,Aye,1
1085,2016-03-24,Board of Directors - Regular Board Meeting,17520,36,2016-217,ADOPTED,290,Hilda L. Solis,Aye,1
1085,2016-03-24,Board of Directors - Regular Board Meeting,17531,38.1,2016-0247,CARRIED OVER,279,Mark Ridley-Thomas,Absent,0
1085,2016-03-24,Board of Directors - Regular Board Meeting,17531,38.1,2016-0247,CARRIED OVER,280,John Fasana,Aye,1
1085,2016-03-24,Board of Directors - Regular Board Meeting,17531,38.1,2016-0247,CARRIED OVER,278,Eric Garcetti,Absent,0
1085,2016-03-24,Board of Directors - Regular Board Meeting,17531,38.1,2016-0247,CARRIED OVER,281,Michael Antonovich,Aye,1
1085,2016-03-24,Board of Directors - Regular Board Meeting,17531,38.1,2016-0247,CARRIED OVER,282,Mike Bonin,Absent,0
1085,2016-03-24,Board of Directors - Regular Board Meeting,17531,38.1,2016-0247,CARRIED OVER,1820,James Butts,Absent,0
1085,2016-03-24,Board of Directors - Regular Board Meeting,17531,38.1,2016-0247,CARRIED OVER,283,Diane DuBois,Aye,1
1085,2016-03-24,Board of Directors - Regular Board Meeting,17531,38.1,2016-0247,CARRIED OVER,284,Jacquelyn Dupont-Walker,Aye,1
1085,2016-03-24,Board of Directors - Regular Board Meeting,17531,38.1,2016-0247,CARRIED OVER,285,Don Knabe,Aye,1
1085,2016-03-24,Board of Directors - Regular Board Meeting,17531,38.1,2016-0247,CARRIED OVER,286,Paul Krekorian,Aye,1
1085,2016-03-24,Board of Directors - Regular Board Meeting,17531,38.1,2016-0247,CARRIED OVER,287,Sheila Kuehl,Aye,1
1085,2016-03-24,Board of Directors - Regular Board Meeting,17531,38.1,2016-0247,CARRIED OVER,288,Ara J. Najarian,Aye,1
1085,2016-03-24,Board of Directors - Regular Board Meeting,17531,38.1,2016-0247,CARRIED OVER,290,Hilda L. Solis,Absent,0
1085,2016-03-24,Board of Directors - Regular Board Meeting,17531,38.1,2016-0247,CARRIED OVER,1821,Carrie Bowen,Aye,1
1085,2016-03-24,Board of Directors - Regular Board Meeting,17531,38.1,2016-0247,CARRIED OVER,1848,Phil Washington,Aye,1
1085,2016-03-24,Board of Directors - Regular Board Meeting,41582,4.1,2016-0148,APPROVED AS AMENDED,279,Mark Ridley-Thomas,Aye,1
1085,2016-03-24,Board of Directors - Regular Board Meeting,41582,4.1,2016-0148,APPROVED AS AMENDED,280,John Fasana,Aye,1
1085,2016-03-24,Board of Directors - Regular Board Meeting,41582,4.1,2016-0148,APPROVED AS AMENDED,278,Eric Garcetti,Absent,0
1085,2016-03-24,Board of Directors - Regular Board Meeting,41582,4.1,2016-0148,APPROVED AS AMENDED,281,Michael Antonovich,Aye,1
1085,2016-03-24,Board of Directors - Regular Board Meeting,41582,4.1,2016-0148,APPROVED AS AMENDED,282,Mike Bonin,Aye,1
1085,2016-03-24,Board of Directors - Regular Board Meeting,41582,4.1,2016-0148,APPROVED AS AMENDED,1820,James Butts,Absent,0
1085,2016-03-24,Board of Directors - Regular Board Meeting,41582,4.1,2016-0148,APPROVED AS AMENDED,283,Diane DuBois,Aye,1
1085,2016-03-24,Board of Directors - Regular Board Meeting,41582,4.1,2016-0148,APPROVED AS AMENDED,284,Jacquelyn Dupont-Walker,Aye,1
1085,2016-03-24,Board of Directors - Regular Board Meeting,41582,4.1,2016-0148,APPROVED AS AMENDED,285,Don Knabe,Aye,1
1085,2016-03-24,Board of Directors - Regular Board Meeting,41582,4.1,2016-0148,APPROVED AS AMENDED,286,Paul Krekorian,Aye,1
1085,2016-03-24,Board of Directors - Regular Board Meeting,41582,4.1,2016-0148,APPROVED AS AMENDED,287,Sheila Kuehl,Aye,1
1085,2016-03-24,Board of Directors - Regular Board Meeting,41582,4.1,2016-0148,APPROVED AS AMENDED,288,Ara J. Najarian,Aye,1
1085,2016-03-24,Board of Directors - Regular Board Meeting,41582,4.1,2016-0148,APPROVED AS AMENDED,290,Hilda L. Solis,Aye,1
1085,2016-03-24,Board of Directors - Regular Board Meeting,41583,31,2015-1714,APPROVED,279,Mark Ridley-Thomas,Absent,0
1085,2016-03-24,Board of Directors - Regular Board Meeting,41583,31,2015-1714,APPROVED,280,John Fasana,Aye,1
1085,2016-03-24,Board of Directors - Regular Board Meeting,41583,31,2015-1714,APPROVED,278,Eric Garcetti,Absent,0
1085,2016-03-24,Board of Directors - Regular Board Meeting,41583,31,2015-1714,APPROVED,281,Michael Antonovich,Aye,1
1085,2016-03-24,Board of Directors - Regular Board Meeting,41583,31,2015-1714,APPROVED,282,Mike Bonin,Aye,1
1085,2016-03-24,Board of Directors - Regular Board Meeting,41583,31,2015-1714,APPROVED,1820,James Butts,Absent,0
1085,2016-03-24,Board of Directors - Regular Board Meeting,41583,31,2015-1714,APPROVED,283,Diane DuBois,Aye,1
1085,2016-03-24,Board of Directors - Regular Board Meeting,41583,31,2015-1714,APPROVED,284,Jacquelyn Dupont-Walker,Aye,1
1085,2016-03-24,Board of Directors - Regular Board Meeting,41583,31,2015-1714,APPROVED,285,Don Knabe,Aye,1
1085,2016-03-24,Board of Directors - Regular Board Meeting,41583,31,2015-1714,APPROVED,286,Paul Krekorian,Aye,1
1085,2016-03-24,Board of Directors - Regular Board Meeting,41583,31,2015-1714,APPROVED,287,Sheila Kuehl,Aye,1
1085,2016-03-24,Board of Directors - Regular Board Meeting,41583,31,2015-1714,APPROVED,288,Ara J. Najarian,Aye,1
1085,2016-03-24,Board of Directors - Regular Board Meeting,41583,31,2015-1714,APPROVED,290,Hilda L. Solis,Absent,0
1085,2016-03-24,Board of Directors - Regular Board Meeting,41584,40,2016-0181,RECEIVED AND FILED,279,Mark Ridley-Thomas,Absent,0
1085,2016-03-24,Board of Directors - Regular Board Meeting,41584,40,2016-0181,RECEIVED AND FILED,280,John Fasana,Aye,1
1085,2016-03-24,Board of Directors - Regular Board Meeting,41584,40,2016-0181,RECEIVED AND FILED,278,Eric Garcetti,Absent,0
1085,2016-03-24,Board of Directors - Regular Board Meeting,41584,40,2016-0181,RECEIVED AND FILED,281,Michael Antonovich,Aye,1
1085,2016-03-24,Board of Directors - Regular Board Meeting,41584,40,2016-0181,RECEIVED AND FILED,282,Mike Bonin,Aye,1
1085,2016-03-24,Board of Directors - Regular Board Meeting,41584,40,2016-0181,RECEIVED AND FILED,1820,James Butts,Absent,0
1085,2016-03-24,Board of Directors - Regular Board Meeting,41584,40,2016-0181,RECEIVED AND FILED,283,Diane DuBois,Aye,1
1085,2016-03-24,Board of Directors - Regular Board Meeting,41584,40,2016-0181,RECEIVED AND FILED,284,Jacquelyn Dupont-Walker,Aye,1
1085,2016-03-24,Board of Directors - Regular Board Meeting,41584,40,2016-0181,RECEIVED AND FILED,285,Don Knabe,Aye,1
1085,2016-03-24,Board of Directors - Regular Board Meeting,41584,40,2016-0181,RECEIVED AND FILED,286,Paul Krekorian,Aye,1
1085,2016-03-24,Board of Directors - Regular Board Meeting,41584,40,2016-0181,RECEIVED AND FILED,287,Sheila Kuehl,Aye,1
1085,2016-03-24,Board of Directors - Regular Board Meeting,41584,40,2016-0181,RECEIVED AND FILED,288,Ara J. Najarian,Aye,1
1085,2016-03-24,Board of Directors - Regular Board Meeting,41584,40,2016-0181,RECEIVED AND FILED,290,Hilda L. Solis,Absent,0
1085,2016-03-24,Board of Directors - Regular Board Meeting,41584,40,2016-0181,RECEIVED AND FILED,1821,Carrie Bowen,Aye,1
1085,2016-03-24,Board of Directors - Regular Board Meeting,41584,40,2016-0181,RECEIVED AND FILED,1848,Phil Washington,Aye,1
1085,2016-03-24,Board of Directors - Regular Board Meeting,41586,,,APPROVED ON CONSENT CALENDAR,279,Mark Ridley-Thomas,Aye,1
1085,2016-03-24,Board of Directors - Regular Board Meeting,41586,,,APPROVED ON CONSENT CALENDAR,280,John Fasana,Aye,1
1085,2016-03-24,Board of Directors - Regular Board Meeting,41586,,,APPROVED ON CONSENT CALENDAR,278,Eric Garcetti,Absent,0
1085,2016-03-24,Board of Directors - Regular Board Meeting,41586,,,APPROVED ON CONSENT CALENDAR,281,Michael Antonovich,Absent,0
1085,2016-03-24,Board of Directors - Regular Board Meeting,41586,,,APPROVED ON CONSENT CALENDAR,282,Mike Bonin,Aye,1
1085,2016-03-24,Board of Directors - Regular Board Meeting,41586,,,APPROVED ON CONSENT CALENDAR,1820,James Butts,Aye,1
1085,2016-03-24,Board of Directors - Regular Board Meeting,41586,,,APPROVED ON CONSENT CALENDAR,283,Diane DuBois,Aye,1
1085,2016-03-24,Board of Directors - Regular Board Meeting,41586,,,APPROVED ON CONSENT CALENDAR,284,Jacquelyn Dupont-Walker,Aye,1
1085,2016-03-24,Board of Directors - Regular Board Meeting,41586,,,APPROVED ON CONSENT CALENDAR,285,Don Knabe,Aye,1
1085,2016-03-24,Board of Directors - Regular Board Meeting,41586,,,APPROVED ON CONSENT CALENDAR,286,Paul Krekorian,Absent,0
1085,2016-03-24,Board of Directors - Regular Board Meeting,41586,,,APPROVED ON CONSENT CALENDAR,287,Sheila Kuehl,Aye,1
1085,2016-03-24,Board of Directors - Regular Board Meeting,41586,,,APPROVED ON CONSENT CALENDAR,288,Ara J. Najarian,Aye,1
1085,2016-03-24,Board of Directors - Regular Board Meeting,41586,,,APPROVED ON CONSENT CALENDAR,290,Hilda L. Solis,Aye,1
1086,2016-03-17,Construction Committee,17342,21,2015-1390,FORWARDED WITHOUT RECOMMENDATION,285,Don Knabe,Aye,1
1086,2016-03-17,Construction Committee,17342,21,2015-1390,FORWARDED WITHOUT RECOMMENDATION,284,Jacquelyn Dupont-Walker,Aye,1
1086,2016-03-17,Construction Committee,17342,21,2015-1390,FORWARDED WITHOUT RECOMMENDATION,283,Diane DuBois,Aye,1
1086,2016-03-17,Construction Committee,17342,21,2015-1390,FORWARDED WITHOUT RECOMMENDATION,282,Mike Bonin,Aye,1
1086,2016-03-17,Construction Committee,17342,21,2015-1390,FORWARDED WITHOUT RECOMMENDATION,288,Ara J. Najarian,Aye,1
1086,2016-03-17,Construction Committee,17343,22,2016-0098,RECOMMENDED FOR APPROVAL,285,Don Knabe,Aye,1
1086,2016-03-17,Construction Committee,17343,22,2016-0098,RECOMMENDED FOR APPROVAL,284,Jacquelyn Dupont-Walker,Aye,1
1086,2016-03-17,Construction Committee,17343,22,2016-0098,RECOMMENDED FOR APPROVAL,283,Diane DuBois,Aye,1
1086,2016-03-17,Construction Committee,17343,22,2016-0098,RECOMMENDED FOR APPROVAL,282,Mike Bonin,Conflict,0
1086,2016-03-17,Construction Committee,17343,22,2016-0098,RECOMMENDED FOR APPROVAL,288,Ara J. Najarian,Aye,1
1086,2016-03-17,Construction Committee,17344,23,2016-0134,RECOMMENDED FOR APPROVAL,285,Don Knabe,Aye,1
1086,2016-03-17,Construction Committee,17344,23,2016-0134,RECOMMENDED FOR APPROVAL,284,Jacquelyn Dupont-Walker,Aye,1
1086,2016-03-17,Construction Committee,17344,23,2016-0134,RECOMMENDED FOR APPROVAL,283,Diane DuBois,Aye,1
1086,2016-03-17,Construction Committee,17344,23,2016-0134,RECOMMENDED FOR APPROVAL,282,Mike Bonin,Aye,1
1086,2016-03-17,Construction Committee,17344,23,2016-0134,RECOMMENDED FOR APPROVAL,288,Ara J. Najarian,Aye,1
1086,2016-03-17,Construction Committee,17356,20,2016-0156,RECEIVED,285,Don Knabe,Aye,1
1086,2016-03-17,Construction Committee,17356,20,2016-0156,RECEIVED,284,Jacquelyn Dupont-Walker,Aye,1
1086,2016-03-17,Construction Committee,17356,20,2016-0156,RECEIVED,283,Diane DuBois,Aye,1
1086,2016-03-17,Construction Committee,17356,20,2016-0156,RECEIVED,282,Mike Bonin,Aye,1
1086,2016-03-17,Construction Committee,17356,20,2016-0156,RECEIVED,288,Ara J. Najarian,Aye,1
1087,2016-03-17,Executive Management Committee,17323,35,2016-0180,RECEIVED AND FILED,279,Mark Ridley-Thomas,Absent,0
1087,2016-03-17,Executive Management Committee,17323,35,2016-0180,RECEIVED AND FILED,280,John Fasana,Aye,1
1087,2016-03-17,Executive Management Committee,17323,35,2016-0180,RECEIVED AND FILED,281,Michael Antonovich,Aye,1
1087,2016-03-17,Executive Management Committee,17323,35,2016-0180,RECEIVED AND FILED,278,Eric Garcetti,Aye,1
1087,2016-03-17,Executive Management Committee,17323,35,2016-0180,RECEIVED AND FILED,286,Paul Krekorian,Aye,1
1087,2016-03-17,Executive Management Committee,17323,35,2016-0180,RECEIVED AND FILED,287,Sheila Kuehl,Aye,1
1087,2016-03-17,Executive Management Committee,17365,33,2016-0161,RECEIVED AND FILED,279,Mark Ridley-Thomas,Absent,0
1087,2016-03-17,Executive Management Committee,17365,33,2016-0161,RECEIVED AND FILED,280,John Fasana,Aye,1
1087,2016-03-17,Executive Management Committee,17365,33,2016-0161,RECEIVED AND FILED,281,Michael Antonovich,Aye,1
1087,2016-03-17,Executive Management Committee,17365,33,2016-0161,RECEIVED AND FILED,278,Eric Garcetti,Aye,1
1087,2016-03-17,Executive Management Committee,17365,33,2016-0161,RECEIVED AND FILED,286,Paul Krekorian,Aye,1
1087,2016-03-17,Executive Management Committee,17365,33,2016-0161,RECEIVED AND FILED,287,Sheila Kuehl,Aye,1
1087,2016-03-17,Executive Management Committee,17366,34,2016-0081,RECEIVED AND FILED,279,Mark Ridley-Thomas,Absent,0
1087,2016-03-17,Executive Management Committee,17366,34,2016-0081,RECEIVED AND FILED,280,John Fasana,Aye,1
1087,2016-03-17,Executive Management Committee,17366,34,2016-0081,RECEIVED AND FILED,281,Michael Antonovich,Aye,1
1087,2016-03-17,Executive Management Committee,17366,34,2016-0081,RECEIVED AND FILED,278,Eric Garcetti,Aye,1
1087,2016-03-17,Executive Management Committee,17366,34,2016-0081,RECEIVED AND FILED,286,Paul Krekorian,Aye,1
1087,2016-03-17,Executive Management Committee,17366,34,2016-0081,RECEIVED AND FILED,287,Sheila Kuehl,Aye,1
1087,2016-03-17,Executive Management Committee,17367,37,2016-0129,RECOMMENDED FOR APPROVAL,279,Mark Ridley-Thomas,Absent,0
1087,2016-03-17,Executive Management Committee,17367,37,2016-0129,RECOMMENDED FOR APPROVAL,280,John Fasana,Aye,1
1087,2016-03-17,Executive Management Committee,17367,37,2016-0129,RECOMMENDED FOR APPROVAL,281,Michael Antonovich,Aye,1
1087,2016-03-17,Executive Management Committee,17367,37,2016-0129,RECOMMENDED FOR APPROVAL,278,Eric Garcetti,Absent,0
1087,2016-03-17,Executive Management Committee,17367,37,2016-0129,RECOMMENDED FOR APPROVAL,286,Paul Krekorian,Aye,1
1087,2016-03-17,Executive Management Committee,17367,37,2016-0129,RECOMMENDED FOR APPROVAL,287,Sheila Kuehl,Aye,1
1087,2016-03-17,Executive Management Committee,17368,36,2016-217,RECOMMENDED FOR APPROVAL,279,Mark Ridley-Thomas,Absent,0
1087,2016-03-17,Executive Management Committee,17368,36,2016-217,RECOMMENDED FOR APPROVAL,280,John Fasana,Aye,1
1087,2016-03-17,Executive Management Committee,17368,36,2016-217,RECOMMENDED FOR APPROVAL,281,Michael Antonovich,Aye,1
1087,2016-03-17,Executive Management Committee,17368,36,2016-217,RECOMMENDED FOR APPROVAL,278,Eric Garcetti,Aye,1
1087,2016-03-17,Executive Management Committee,17368,36,2016-217,RECOMMENDED FOR APPROVAL,286,Paul Krekorian,Aye,1
1087,2016-03-17,Executive Management Committee,17368,36,2016-217,RECOMMENDED FOR APPROVAL,287,Sheila Kuehl,Aye,1
1087,2016-03-17,Executive Management Committee,41579,,,APPROVED ON CONSENT CALENDAR,279,Mark Ridley-Thomas,Absent,0
1087,2016-03-17,Executive Management Committee,41579,,,APPROVED ON CONSENT CALENDAR,280,John Fasana,Aye,1
1087,2016-03-17,Executive Management Committee,41579,,,APPROVED ON CONSENT CALENDAR,281,Michael Antonovich,Aye,1
1087,2016-03-17,Executive Management Committee,41579,,,APPROVED ON CONSENT CALENDAR,278,Eric Garcetti,Aye,1
1087,2016-03-17,Executive Management Committee,41579,,,APPROVED ON CONSENT CALENDAR,286,Paul Krekorian,Aye,1
1087,2016-03-17,Executive Management Committee,41579,,,APPROVED ON CONSENT CALENDAR,287,Sheila Kuehl,Aye,1
1089,2016-03-16,Planning and Programming Committee,17061,14,2016-0002,FORWARDED WITHOUT RECOMMENDATION,282,Mike Bonin,Aye,1
1089,2016-03-16,Planning and Programming Committee,17061,14,2016-0002,FORWARDED WITHOUT RECOMMENDATION,287,Sheila Kuehl,Aye,1
1089,2016-03-16,Planning and Programming Committee,17061,14,2016-0002,FORWARDED WITHOUT RECOMMENDATION,1820,James Butts,Absent,0
1089,2016-03-16,Planning and Programming Committee,17061,14,2016-0002,FORWARDED WITHOUT RECOMMENDATION,284,Jacquelyn Dupont-Walker,Aye,1
1089,2016-03-16,Planning and Programming Committee,17061,14,2016-0002,FORWARDED WITHOUT RECOMMENDATION,290,Hilda L. Solis,Aye,1
1089,2016-03-16,Planning and Programming Committee,17135,7,2016-0016,RECOMMENDED FOR APPROVAL,282,Mike Bonin,Aye,1
1089,2016-03-16,Planning and Programming Committee,17135,7,2016-0016,RECOMMENDED FOR APPROVAL,287,Sheila Kuehl,Aye,1
1089,2016-03-16,Planning and Programming Committee,17135,7,2016-0016,RECOMMENDED FOR APPROVAL,1820,James Butts,Absent,0
1089,2016-03-16,Planning and Programming Committee,17135,7,2016-0016,RECOMMENDED FOR APPROVAL,284,Jacquelyn Dupont-Walker,Aye,1
1089,2016-03-16,Planning and Programming Committee,17135,7,2016-0016,RECOMMENDED FOR APPROVAL,290,Hilda L. Solis,Aye,1
1089,2016-03-16,Planning and Programming Committee,17331,8,2016-0074,RECOMMENDED FOR APPROVAL,282,Mike Bonin,Aye,1
1089,2016-03-16,Planning and Programming Committee,17331,8,2016-0074,RECOMMENDED FOR APPROVAL,287,Sheila Kuehl,Aye,1
1089,2016-03-16,Planning and Programming Committee,17331,8,2016-0074,RECOMMENDED FOR APPROVAL,1820,James Butts,Absent,0
1089,2016-03-16,Planning and Programming Committee,17331,8,2016-0074,RECOMMENDED FOR APPROVAL,284,Jacquelyn Dupont-Walker,Aye,1
1089,2016-03-16,Planning and Programming Committee,17331,8,2016-0074,RECOMMENDED FOR APPROVAL,290,Hilda L. Solis,Aye,1
1089,2016-03-16,Planning and Programming Committee,17332,9,2016-0084,RECOMMENDED FOR APPROVAL,282,Mike Bonin,Aye,1
1089,2016-03-16,Planning and Programming Committee,17332,9,2016-0084,RECOMMENDED FOR APPROVAL,287,Sheila Kuehl,Aye,1
1089,2016-03-16,Planning and Programming Committee,17332,9,2016-0084,RECOMMENDED FOR APPROVAL,1820,James Butts,Absent,0
1089,2016-03-16,Planning and Programming Committee,17332,9,2016-0084,RECOMMENDED FOR APPROVAL,284,Jacquelyn Dupont-Walker,Aye,1
1089,2016-03-16,Planning and Programming Committee,17332,9,2016-0084,RECOMMENDED FOR APPROVAL,290,Hilda L. Solis,Aye,1
1089,2016-03-16,Planning and Programming Committee,17333,10,2016-0085,RECOMMENDED FOR APPROVAL,282,Mike Bonin,Aye,1
1089,2016-03-16,Planning and Programming Committee,17333,10,2016-0085,RECOMMENDED FOR APPROVAL,287,Sheila Kuehl,Aye,1
1089,2016-03-16,Planning and Programming Committee,17333,10,2016-0085,RECOMMENDED FOR APPROVAL,1820,James Butts,Absent,0
1089,2016-03-16,Planning and Programming Committee,17333,10,2016-0085,RECOMMENDED FOR APPROVAL,284,Jacquelyn Dupont-Walker,Aye,1
1089,2016-03-16,Planning and Programming Committee,17333,10,2016-0085,RECOMMENDED FOR APPROVAL,290,Hilda L. Solis,Aye,1
1089,2016-03-16,Planning and Programming Committee,17334,11,2016-0121,RECOMMENDED FOR APPROVAL,282,Mike Bonin,Aye,1
1089,2016-03-16,Planning and Programming Committee,17334,11,2016-0121,RECOMMENDED FOR APPROVAL,287,Sheila Kuehl,Aye,1
1089,2016-03-16,Planning and Programming Committee,17334,11,2016-0121,RECOMMENDED FOR APPROVAL,1820,James Butts,Absent,0
1089,2016-03-16,Planning and Programming Committee,17334,11,2016-0121,RECOMMENDED FOR APPROVAL,284,Jacquelyn Dupont-Walker,Aye,1
1089,2016-03-16,Planning and Programming Committee,17334,11,2016-0121,RECOMMENDED FOR APPROVAL,290,Hilda L. Solis,Aye,1
1089,2016-03-16,Planning and Programming Committee,17335,12,2016-0141,RECOMMENDED FOR APPROVAL,282,Mike Bonin,Aye,1
1089,2016-03-16,Planning and Programming Committee,17335,12,2016-0141,RECOMMENDED FOR APPROVAL,287,Sheila Kuehl,Aye,1
1089,2016-03-16,Planning and Programming Committee,17335,12,2016-0141,RECOMMENDED FOR APPROVAL,1820,James Butts,Absent,0
1089,2016-03-16,Planning and Programming Committee,17335,12,2016-0141,RECOMMENDED FOR APPROVAL,284,Jacquelyn Dupont-Walker,Aye,1
1089,2016-03-16,Planning and Programming Committee,17335,12,2016-0141,RECOMMENDED FOR APPROVAL,290,Hilda L. Solis,Aye,1
1089,2016-03-16,Planning and Programming Committee,17339,16,2016-0154,RECOMMENDED FOR APPROVAL,282,Mike Bonin,Aye,1
1089,2016-03-16,Planning and Programming Committee,17339,16,2016-0154,RECOMMENDED FOR APPROVAL,287,Sheila Kuehl,Aye,1
1089,2016-03-16,Planning and Programming Committee,17339,16,2016-0154,RECOMMENDED FOR APPROVAL,1820,James Butts,Absent,0
1089,2016-03-16,Planning and Programming Committee,17339,16,2016-0154,RECOMMENDED FOR APPROVAL,284,Jacquelyn Dupont-Walker,Aye,1
1089,2016-03-16,Planning and Programming Committee,17339,16,2016-0154,RECOMMENDED FOR APPROVAL,290,Hilda L. Solis,Aye,1
1089,2016-03-16,Planning and Programming Committee,17454,39,2016-228,RECOMMENDED FOR APPROVAL AS AMENDED,282,Mike Bonin,Aye,1
1089,2016-03-16,Planning and Programming Committee,17454,39,2016-228,RECOMMENDED FOR APPROVAL AS AMENDED,287,Sheila Kuehl,Aye,1
1089,2016-03-16,Planning and Programming Committee,17454,39,2016-228,RECOMMENDED FOR APPROVAL AS AMENDED,1820,James Butts,Absent,0
1089,2016-03-16,Planning and Programming Committee,17454,39,2016-228,RECOMMENDED FOR APPROVAL AS AMENDED,284,Jacquelyn Dupont-Walker,Aye,1
1089,2016-03-16,Planning and Programming Committee,17454,39,2016-228,RECOMMENDED FOR APPROVAL AS AMENDED,290,Hilda L. Solis,Aye,1
1089,2016-03-16,Planning and Programming Committee,17454,39,2016-228,RECOMMENDED FOR APPROVAL AS AMENDED,1821,Carrie Bowen,Aye,1
1089,2016-03-16,Planning and Programming Committee,17454,39,2016-228,RECOMMENDED FOR APPROVAL AS AMENDED,1848,Phil Washington,Aye,1
1089,2016-03-16,Planning and Programming Committee,17455,17,2016-0061,RECOMMENDED FOR APPROVAL,282,Mike Bonin,Aye,1
1089,2016-03-16,Planning and Programming Committee,17455,17,2016-0061,RECOMMENDED FOR APPROVAL,287,Sheila Kuehl,Aye,1
1089,2016-03-16,Planning and Programming Committee,17455,17,2016-0061,RECOMMENDED FOR APPROVAL,1820,James Butts,Absent,0
1089,2016-03-16,Planning and Programming Committee,17455,17,2016-0061,RECOMMENDED FOR APPROVAL,284,Jacquelyn Dupont-Walker,Aye,1
1089,2016-03-16,Planning and Programming Committee,17455,17,2016-0061,RECOMMENDED FOR APPROVAL,290,Hilda L. Solis,Aye,1
1089,2016-03-16,Planning and Programming Committee,41562,,,APPROVED ON CONSENT CALENDAR,282,Mike Bonin,Aye,1
1089,2016-03-16,Planning and Programming Committee,41562,,,APPROVED ON CONSENT CALENDAR,287,Sheila Kuehl,Aye,1
1089,2016-03-16,Planning and Programming Committee,41562,,,APPROVED ON CONSENT CALENDAR,1820,James Butts,Absent,0
1089,2016-03-16,Planning and Programming Committee,41562,,,APPROVED ON CONSENT CALENDAR,284,Jacquelyn Dupont-Walker,Aye,1
1089,2016-03-16,Planning and Programming Committee,41562,,,APPROVED ON CONSENT CALENDAR,290,Hilda L. Solis,Aye,1
1090,2016-03-17,"System Safety, Security and Operations Committee",17346,25,2016-0158,RECEIVED AND FILED,280,John Fasana,Aye,1
1090,2016-03-17,"System Safety, Security and Operations Committee",17346,25,2016-0158,RECEIVED AND FILED,281,Michael Antonovich,Absent,0
1090,2016-03-17,"System Safety, Security and Operations Committee",17346,25,2016-0158,RECEIVED AND FILED,284,Jacquelyn Dupont-Walker,Aye,1
1090,2016-03-17,"System Safety, Security and Operations Committee",17346,25,2016-0158,RECEIVED AND FILED,285,Don Knabe,Aye,1
1090,2016-03-17,"System Safety, Security and Operations Committee",17346,25,2016-0158,RECEIVED AND FILED,288,Ara J. Najarian,Aye,1
1090,2016-03-17,"System Safety, Security and Operations Committee",17349,28,2016-0035,RECOMMENDED FOR APPROVAL,280,John Fasana,Aye,1
1090,2016-03-17,"System Safety, Security and Operations Committee",17349,28,2016-0035,RECOMMENDED FOR APPROVAL,281,Michael Antonovich,Absent,0
1090,2016-03-17,"System Safety, Security and Operations Committee",17349,28,2016-0035,RECOMMENDED FOR APPROVAL,284,Jacquelyn Dupont-Walker,Aye,1
1090,2016-03-17,"System Safety, Security and Operations Committee",17349,28,2016-0035,RECOMMENDED FOR APPROVAL,285,Don Knabe,Absent,0
1090,2016-03-17,"System Safety, Security and Operations Committee",17349,28,2016-0035,RECOMMENDED FOR APPROVAL,288,Ara J. Najarian,Aye,1
1090,2016-03-17,"System Safety, Security and Operations Committee",17350,29,2015-1772,RECOMMENDED FOR APPROVAL,280,John Fasana,Aye,1
1090,2016-03-17,"System Safety, Security and Operations Committee",17350,29,2015-1772,RECOMMENDED FOR APPROVAL,281,Michael Antonovich,Aye,1
1090,2016-03-17,"System Safety, Security and Operations Committee",17350,29,2015-1772,RECOMMENDED FOR APPROVAL,284,Jacquelyn Dupont-Walker,Aye,1
1090,2016-03-17,"System Safety, Security and Operations Committee",17350,29,2015-1772,RECOMMENDED FOR APPROVAL,285,Don Knabe,Absent,0
1090,2016-03-17,"System Safety, Security and Operations Committee",17350,29,2015-1772,RECOMMENDED FOR APPROVAL,288,Ara J. Najarian,Aye,1
1090,2016-03-17,"System Safety, Security and Operations Committee",17351,30,2016-0149,RECOMMENDED FOR APPROVAL,280,John Fasana,Aye,1
1090,2016-03-17,"System Safety, Security and Operations Committee",17351,30,2016-0149,RECOMMENDED FOR APPROVAL,281,Michael Antonovich,Aye,1
1090,2016-03-17,"System Safety, Security and Operations Committee",17351,30,2016-0149,RECOMMENDED FOR APPROVAL,284,Jacquelyn Dupont-Walker,Aye,1
1090,2016-03-17,"System Safety, Security and Operations Committee",17351,30,2016-0149,RECOMMENDED FOR APPROVAL,285,Don Knabe,Absent,0
1090,2016-03-17,"System Safety, Security and Operations Committee",17351,30,2016-0149,RECOMMENDED FOR APPROVAL,288,Ara J. Najarian,Conflict,0
1090,2016-03-17,"System Safety, Security and Operations Committee",41567,31,2015-1714,RECOMMENDED FOR APPROVAL AS AMENDED,280,John Fasana,Aye,1
1090,2016-03-17,"System Safety, Security and Operations Committee",41567,31,2015-1714,RECOMMENDED FOR APPROVAL AS AMENDED,281,Michael Antonovich,Aye,1
1090,2016-03-17,"System Safety, Security and Operations Committee",41567,31,2015-1714,RECOMMENDED FOR APPROVAL AS AMENDED,284,Jacquelyn Dupont-Walker,Aye,1
1090,2016-03-17,"System Safety, Security and Operations Committee",41567,31,2015-1714,RECOMMENDED FOR APPROVAL AS AMENDED,285,Don Knabe,Absent,0
1090,2016-03-17,"System Safety, Security and Operations Committee",41567,31,2015-1714,RECOMMENDED FOR APPROVAL AS AMENDED,288,Ara J. Najarian,Aye,1
1090,2016-03-17,"System Safety, Security and Operations Committee",41568,,,APPROVED ON CONSENT CALENDAR,280,John Fasana,Aye,1
1090,2016-03-17,"System Safety, Security and Operations Committee",41568,,,APPROVED ON CONSENT CALENDAR,281,Michael Antonovich,Absent,0
1090,2016-03-17,"System Safety, Security and Operations Committee",41568,,,APPROVED ON CONSENT CALENDAR,284,Jacquelyn Dupont-Walker,Aye,1
1090,2016-03-17,"System Safety, Security and Operations Committee",41568,,,APPROVED ON CONSENT CALENDAR,285,Don Knabe,Aye,1
1090,2016-03-17,"System Safety, Security and Operations Committee",41568,,,APPROVED ON CONSENT CALENDAR,288,Ara J. Najarian,Aye,1
1091,2016-04-28,Board of Directors - Regular Board Meeting,18044,2,2016-0278,APPROVED,279,Mark Ridley-Thomas,Absent,0
1091,2016-04-28,Board of Directors - Regular Board Meeting,18044,2,2016-0278,APPROVED,280,John Fasana,Aye,1
1091,2016-04-28,Board of Directors - Regular Board Meeting,18044,2,2016-0278,APPROVED,278,Eric Garcetti,Aye,1
1091,2016-04-28,Board of Directors - Regular Board Meeting,18044,2,2016-0278,APPROVED,281,Michael Antonovich,Absent,0
1091,2016-04-28,Board of Directors - Regular Board Meeting,18044,2,2016-0278,APPROVED,282,Mike Bonin,Aye,1
1091,2016-04-28,Board of Directors - Regular Board Meeting,18044,2,2016-0278,APPROVED,1820,James Butts,Absent,0
1091,2016-04-28,Board of Directors - Regular Board Meeting,18044,2,2016-0278,APPROVED,283,Diane DuBois,Aye,1
1091,2016-04-28,Board of Directors - Regular Board Meeting,18044,2,2016-0278,APPROVED,284,Jacquelyn Dupont-Walker,Aye,1
1091,2016-04-28,Board of Directors - Regular Board Meeting,18044,2,2016-0278,APPROVED,285,Don Knabe,Aye,1
1091,2016-04-28,Board of Directors - Regular Board Meeting,18044,2,2016-0278,APPROVED,286,Paul Krekorian,Absent,0
1091,2016-04-28,Board of Directors - Regular Board Meeting,18044,2,2016-0278,APPROVED,287,Sheila Kuehl,Absent,0
1091,2016-04-28,Board of Directors - Regular Board Meeting,18044,2,2016-0278,APPROVED,288,Ara J. Najarian,Aye,1
1091,2016-04-28,Board of Directors - Regular Board Meeting,18044,2,2016-0278,APPROVED,290,Hilda L. Solis,Aye,1
1091,2016-04-28,Board of Directors - Regular Board Meeting,18045,10,2015-1729,APPROVED,279,Mark Ridley-Thomas,Absent,0
1091,2016-04-28,Board of Directors - Regular Board Meeting,18045,10,2015-1729,APPROVED,280,John Fasana,Aye,1
1091,2016-04-28,Board of Directors - Regular Board Meeting,18045,10,2015-1729,APPROVED,278,Eric Garcetti,Conflict,0
1091,2016-04-28,Board of Directors - Regular Board Meeting,18045,10,2015-1729,APPROVED,281,Michael Antonovich,Aye,1
1091,2016-04-28,Board of Directors - Regular Board Meeting,18045,10,2015-1729,APPROVED,282,Mike Bonin,Aye,1
1091,2016-04-28,Board of Directors - Regular Board Meeting,18045,10,2015-1729,APPROVED,1820,James Butts,Conflict,0
1091,2016-04-28,Board of Directors - Regular Board Meeting,18045,10,2015-1729,APPROVED,283,Diane DuBois,Aye,1
1091,2016-04-28,Board of Directors - Regular Board Meeting,18045,10,2015-1729,APPROVED,284,Jacquelyn Dupont-Walker,Aye,1
1091,2016-04-28,Board of Directors - Regular Board Meeting,18045,10,2015-1729,APPROVED,285,Don Knabe,Aye,1
1091,2016-04-28,Board of Directors - Regular Board Meeting,18045,10,2015-1729,APPROVED,286,Paul Krekorian,Absent,0
1091,2016-04-28,Board of Directors - Regular Board Meeting,18045,10,2015-1729,APPROVED,287,Sheila Kuehl,Aye,1
1091,2016-04-28,Board of Directors - Regular Board Meeting,18045,10,2015-1729,APPROVED,288,Ara J. Najarian,Aye,1
1091,2016-04-28,Board of Directors - Regular Board Meeting,18045,10,2015-1729,APPROVED,290,Hilda L. Solis,Conflict,0
1091,2016-04-28,Board of Directors - Regular Board Meeting,18046,12,2016-0123,APPROVED,279,Mark Ridley-Thomas,Absent,0
1091,2016-04-28,Board of Directors - Regular Board Meeting,18046,12,2016-0123,APPROVED,280,John Fasana,Aye,1
1091,2016-04-28,Board of Directors - Regular Board Meeting,18046,12,2016-0123,APPROVED,278,Eric Garcetti,Aye,1
1091,2016-04-28,Board of Directors - Regular Board Meeting,18046,12,2016-0123,APPROVED,281,Michael Antonovich,Conflict,0
1091,2016-04-28,Board of Directors - Regular Board Meeting,18046,12,2016-0123,APPROVED,282,Mike Bonin,Conflict,0
1091,2016-04-28,Board of Directors - Regular Board Meeting,18046,12,2016-0123,APPROVED,1820,James Butts,Aye,1
1091,2016-04-28,Board of Directors - Regular Board Meeting,18046,12,2016-0123,APPROVED,283,Diane DuBois,Aye,1
1091,2016-04-28,Board of Directors - Regular Board Meeting,18046,12,2016-0123,APPROVED,284,Jacquelyn Dupont-Walker,Aye,1
1091,2016-04-28,Board of Directors - Regular Board Meeting,18046,12,2016-0123,APPROVED,285,Don Knabe,Conflict,0
1091,2016-04-28,Board of Directors - Regular Board Meeting,18046,12,2016-0123,APPROVED,286,Paul Krekorian,Absent,0
1091,2016-04-28,Board of Directors - Regular Board Meeting,18046,12,2016-0123,APPROVED,287,Sheila Kuehl,Conflict,0
1091,2016-04-28,Board of Directors - Regular Board Meeting,18046,12,2016-0123,APPROVED,288,Ara J. Najarian,Aye,1
1091,2016-04-28,Board of Directors - Regular Board Meeting,18046,12,2016-0123,APPROVED,290,Hilda L. Solis,Aye,1
1091,2016-04-28,Board of Directors - Regular Board Meeting,18047,13,2016-0162,APPROVED,279,Mark Ridley-Thomas,Absent,0
1091,2016-04-28,Board of Directors - Regular Board Meeting,18047,13,2016-0162,APPROVED,280,John Fasana,Aye,1
1091,2016-04-28,Board of Directors - Regular Board Meeting,18047,13,2016-0162,APPROVED,278,Eric Garcetti,Aye,1
1091,2016-04-28,Board of Directors - Regular Board Meeting,18047,13,2016-0162,APPROVED,281,Michael Antonovich,Aye,1
1091,2016-04-28,Board of Directors - Regular Board Meeting,18047,13,2016-0162,APPROVED,282,Mike Bonin,Aye,1
1091,2016-04-28,Board of Directors - Regular Board Meeting,18047,13,2016-0162,APPROVED,1820,James Butts,Aye,1
1091,2016-04-28,Board of Directors - Regular Board Meeting,18047,13,2016-0162,APPROVED,283,Diane DuBois,Aye,1
1091,2016-04-28,Board of Directors - Regular Board Meeting,18047,13,2016-0162,APPROVED,284,Jacquelyn Dupont-Walker,Aye,1
1091,2016-04-28,Board of Directors - Regular Board Meeting,18047,13,2016-0162,APPROVED,285,Don Knabe,Aye,1
1091,2016-04-28,Board of Directors - Regular Board Meeting,18047,13,2016-0162,APPROVED,286,Paul Krekorian,Absent,0
1091,2016-04-28,Board of Directors - Regular Board Meeting,18047,13,2016-0162,APPROVED,287,Sheila Kuehl,Aye,1
1091,2016-04-28,Board of Directors - Regular Board Meeting,18047,13,2016-0162,APPROVED,288,Ara J. Najarian,Aye,1
1091,2016-04-28,Board of Directors - Regular Board Meeting,18047,13,2016-0162,APPROVED,290,Hilda L. Solis,Aye,1
1091,2016-04-28,Board of Directors - Regular Board Meeting,18047,13,2016-0162,APPROVED,1821,Carrie Bowen,Aye,1
1091,2016-04-28,Board of Directors - Regular Board Meeting,18047,13,2016-0162,APPROVED,1861,Shirley Choate,Aye,1
1091,2016-04-28,Board of Directors - Regular Board Meeting,18047,13,2016-0162,APPROVED,1848,Phil Washington,Aye,1
1091,2016-04-28,Board of Directors - Regular Board Meeting,18048,14,2016-0209,APPROVED,279,Mark Ridley-Thomas,Absent,0
1091,2016-04-28,Board of Directors - Regular Board Meeting,18048,14,2016-0209,APPROVED,280,John Fasana,Aye,1
1091,2016-04-28,Board of Directors - Regular Board Meeting,18048,14,2016-0209,APPROVED,278,Eric Garcetti,Aye,1
1091,2016-04-28,Board of Directors - Regular Board Meeting,18048,14,2016-0209,APPROVED,281,Michael Antonovich,Aye,1
1091,2016-04-28,Board of Directors - Regular Board Meeting,18048,14,2016-0209,APPROVED,282,Mike Bonin,Aye,1
1091,2016-04-28,Board of Directors - Regular Board Meeting,18048,14,2016-0209,APPROVED,1820,James Butts,Aye,1
1091,2016-04-28,Board of Directors - Regular Board Meeting,18048,14,2016-0209,APPROVED,283,Diane DuBois,Aye,1
1091,2016-04-28,Board of Directors - Regular Board Meeting,18048,14,2016-0209,APPROVED,284,Jacquelyn Dupont-Walker,Aye,1
1091,2016-04-28,Board of Directors - Regular Board Meeting,18048,14,2016-0209,APPROVED,285,Don Knabe,Aye,1
1091,2016-04-28,Board of Directors - Regular Board Meeting,18048,14,2016-0209,APPROVED,286,Paul Krekorian,Absent,0
1091,2016-04-28,Board of Directors - Regular Board Meeting,18048,14,2016-0209,APPROVED,287,Sheila Kuehl,Aye,1
1091,2016-04-28,Board of Directors - Regular Board Meeting,18048,14,2016-0209,APPROVED,288,Ara J. Najarian,Aye,1
1091,2016-04-28,Board of Directors - Regular Board Meeting,18048,14,2016-0209,APPROVED,290,Hilda L. Solis,Aye,1
1091,2016-04-28,Board of Directors - Regular Board Meeting,18048,14,2016-0209,APPROVED,1821,Carrie Bowen,Aye,1
1091,2016-04-28,Board of Directors - Regular Board Meeting,18048,14,2016-0209,APPROVED,1861,Shirley Choate,Aye,1
1091,2016-04-28,Board of Directors - Regular Board Meeting,18048,14,2016-0209,APPROVED,1848,Phil Washington,Aye,1
1091,2016-04-28,Board of Directors - Regular Board Meeting,18049,15,2016-0231,APPROVED,279,Mark Ridley-Thomas,Absent,0
1091,2016-04-28,Board of Directors - Regular Board Meeting,18049,15,2016-0231,APPROVED,280,John Fasana,Aye,1
1091,2016-04-28,Board of Directors - Regular Board Meeting,18049,15,2016-0231,APPROVED,278,Eric Garcetti,Aye,1
1091,2016-04-28,Board of Directors - Regular Board Meeting,18049,15,2016-0231,APPROVED,281,Michael Antonovich,Aye,1
1091,2016-04-28,Board of Directors - Regular Board Meeting,18049,15,2016-0231,APPROVED,282,Mike Bonin,Aye,1
1091,2016-04-28,Board of Directors - Regular Board Meeting,18049,15,2016-0231,APPROVED,1820,James Butts,Aye,1
1091,2016-04-28,Board of Directors - Regular Board Meeting,18049,15,2016-0231,APPROVED,283,Diane DuBois,Aye,1
1091,2016-04-28,Board of Directors - Regular Board Meeting,18049,15,2016-0231,APPROVED,284,Jacquelyn Dupont-Walker,Aye,1
1091,2016-04-28,Board of Directors - Regular Board Meeting,18049,15,2016-0231,APPROVED,285,Don Knabe,Aye,1
1091,2016-04-28,Board of Directors - Regular Board Meeting,18049,15,2016-0231,APPROVED,286,Paul Krekorian,Absent,0
1091,2016-04-28,Board of Directors - Regular Board Meeting,18049,15,2016-0231,APPROVED,287,Sheila Kuehl,Aye,1
1091,2016-04-28,Board of Directors - Regular Board Meeting,18049,15,2016-0231,APPROVED,288,Ara J. Najarian,Aye,1
1091,2016-04-28,Board of Directors - Regular Board Meeting,18049,15,2016-0231,APPROVED,290,Hilda L. Solis,Aye,1
1091,2016-04-28,Board of Directors - Regular Board Meeting,18049,15,2016-0231,APPROVED,1821,Carrie Bowen,Aye,1
1091,2016-04-28,Board of Directors - Regular Board Meeting,18049,15,2016-0231,APPROVED,1861,Shirley Choate,Aye,1
1091,2016-04-28,Board of Directors - Regular Board Meeting,18049,15,2016-0231,APPROVED,1848,Phil Washington,Aye,1
1091,2016-04-28,Board of Directors - Regular Board Meeting,18050,16,2016-0252,APPROVED,279,Mark Ridley-Thomas,Absent,0
1091,2016-04-28,Board of Directors - Regular Board Meeting,18050,16,2016-0252,APPROVED,280,John Fasana,Aye,1
1091,2016-04-28,Board of Directors - Regular Board Meeting,18050,16,2016-0252,APPROVED,278,Eric Garcetti,Aye,1
1091,2016-04-28,Board of Directors - Regular Board Meeting,18050,16,2016-0252,APPROVED,281,Michael Antonovich,Aye,1
1091,2016-04-28,Board of Directors - Regular Board Meeting,18050,16,2016-0252,APPROVED,282,Mike Bonin,Aye,1
1091,2016-04-28,Board of Directors - Regular Board Meeting,18050,16,2016-0252,APPROVED,1820,James Butts,Absent,0
1091,2016-04-28,Board of Directors - Regular Board Meeting,18050,16,2016-0252,APPROVED,283,Diane DuBois,Aye,1
1091,2016-04-28,Board of Directors - Regular Board Meeting,18050,16,2016-0252,APPROVED,284,Jacquelyn Dupont-Walker,Aye,1
1091,2016-04-28,Board of Directors - Regular Board Meeting,18050,16,2016-0252,APPROVED,285,Don Knabe,Aye,1
1091,2016-04-28,Board of Directors - Regular Board Meeting,18050,16,2016-0252,APPROVED,286,Paul Krekorian,Absent,0
1091,2016-04-28,Board of Directors - Regular Board Meeting,18050,16,2016-0252,APPROVED,287,Sheila Kuehl,Aye,1
1091,2016-04-28,Board of Directors - Regular Board Meeting,18050,16,2016-0252,APPROVED,288,Ara J. Najarian,Aye,1
1091,2016-04-28,Board of Directors - Regular Board Meeting,18050,16,2016-0252,APPROVED,290,Hilda L. Solis,Aye,1
1091,2016-04-28,Board of Directors - Regular Board Meeting,18050,16,2016-0252,APPROVED,1821,Carrie Bowen,Aye,1
1091,2016-04-28,Board of Directors - Regular Board Meeting,18050,16,2016-0252,APPROVED,1861,Shirley Choate,Aye,1
1091,2016-04-28,Board of Directors - Regular Board Meeting,18050,16,2016-0252,APPROVED,1848,Phil Washington,Aye,1
1091,2016-04-28,Board of Directors - Regular Board Meeting,18051,19,2016-0279,RECEIVED AND FILED,279,Mark Ridley-Thomas,Absent,0
1091,2016-04-28,Board of Directors - Regular Board Meeting,18051,19,2016-0279,RECEIVED AND FILED,280,John Fasana,Aye,1
1091,2016-04-28,Board of Directors - Regular Board Meeting,18051,19,2016-0279,RECEIVED AND FILED,278,Eric Garcetti,Aye,1
1091,2016-04-28,Board of Directors - Regular Board Meeting,18051,19,2016-0279,RECEIVED AND FILED,281,Michael Antonovich,Aye,1
1091,2016-04-28,Board of Directors - Regular Board Meeting,18051,19,2016-0279,RECEIVED AND FILED,282,Mike Bonin,Aye,1
1091,2016-04-28,Board of Directors - Regular Board Meeting,18051,19,2016-0279,RECEIVED AND FILED,1820,James Butts,Absent,0
1091,2016-04-28,Board of Directors - Regular Board Meeting,18051,19,2016-0279,RECEIVED AND FILED,283,Diane DuBois,Aye,1
1091,2016-04-28,Board of Directors - Regular Board Meeting,18051,19,2016-0279,RECEIVED AND FILED,284,Jacquelyn Dupont-Walker,Aye,1
1091,2016-04-28,Board of Directors - Regular Board Meeting,18051,19,2016-0279,RECEIVED AND FILED,285,Don Knabe,Aye,1
1091,2016-04-28,Board of Directors - Regular Board Meeting,18051,19,2016-0279,RECEIVED AND FILED,286,Paul Krekorian,Absent,0
1091,2016-04-28,Board of Directors - Regular Board Meeting,18051,19,2016-0279,RECEIVED AND FILED,287,Sheila Kuehl,Aye,1
1091,2016-04-28,Board of Directors - Regular Board Meeting,18051,19,2016-0279,RECEIVED AND FILED,288,Ara J. Najarian,Aye,1
1091,2016-04-28,Board of Directors - Regular Board Meeting,18051,19,2016-0279,RECEIVED AND FILED,290,Hilda L. Solis,Aye,1
1091,2016-04-28,Board of Directors - Regular Board Meeting,18051,19,2016-0279,RECEIVED AND FILED,1821,Carrie Bowen,Aye,1
1091,2016-04-28,Board of Directors - Regular Board Meeting,18051,19,2016-0279,RECEIVED AND FILED,1861,Shirley Choate,Aye,1
1091,2016-04-28,Board of Directors - Regular Board Meeting,18051,19,2016-0279,RECEIVED AND FILED,1848,Phil Washington,Aye,1
1091,2016-04-28,Board of Directors - Regular Board Meeting,18052,20,2016-0251,RECEIVED,279,Mark Ridley-Thomas,Absent,0
1091,2016-04-28,Board of Directors - Regular Board Meeting,18052,20,2016-0251,RECEIVED,280,John Fasana,Aye,1
1091,2016-04-28,Board of Directors - Regular Board Meeting,18052,20,2016-0251,RECEIVED,278,Eric Garcetti,Aye,1
1091,2016-04-28,Board of Directors - Regular Board Meeting,18052,20,2016-0251,RECEIVED,281,Michael Antonovich,Aye,1
1091,2016-04-28,Board of Directors - Regular Board Meeting,18052,20,2016-0251,RECEIVED,282,Mike Bonin,Aye,1
1091,2016-04-28,Board of Directors - Regular Board Meeting,18052,20,2016-0251,RECEIVED,1820,James Butts,Aye,1
1091,2016-04-28,Board of Directors - Regular Board Meeting,18052,20,2016-0251,RECEIVED,283,Diane DuBois,Aye,1
1091,2016-04-28,Board of Directors - Regular Board Meeting,18052,20,2016-0251,RECEIVED,284,Jacquelyn Dupont-Walker,Aye,1
1091,2016-04-28,Board of Directors - Regular Board Meeting,18052,20,2016-0251,RECEIVED,285,Don Knabe,Aye,1
1091,2016-04-28,Board of Directors - Regular Board Meeting,18052,20,2016-0251,RECEIVED,286,Paul Krekorian,Absent,0
1091,2016-04-28,Board of Directors - Regular Board Meeting,18052,20,2016-0251,RECEIVED,287,Sheila Kuehl,Aye,1
1091,2016-04-28,Board of Directors - Regular Board Meeting,18052,20,2016-0251,RECEIVED,288,Ara J. Najarian,Aye,1
1091,2016-04-28,Board of Directors - Regular Board Meeting,18052,20,2016-0251,RECEIVED,290,Hilda L. Solis,Aye,1
1091,2016-04-28,Board of Directors - Regular Board Meeting,18052,20,2016-0251,RECEIVED,1821,Carrie Bowen,Aye,1
1091,2016-04-28,Board of Directors - Regular Board Meeting,18052,20,2016-0251,RECEIVED,1861,Shirley Choate,Aye,1
1091,2016-04-28,Board of Directors - Regular Board Meeting,18052,20,2016-0251,RECEIVED,1848,Phil Washington,Aye,1
1091,2016-04-28,Board of Directors - Regular Board Meeting,18054,22,2016-0235,APPROVED,279,Mark Ridley-Thomas,Absent,0
1091,2016-04-28,Board of Directors - Regular Board Meeting,18054,22,2016-0235,APPROVED,280,John Fasana,Aye,1
1091,2016-04-28,Board of Directors - Regular Board Meeting,18054,22,2016-0235,APPROVED,278,Eric Garcetti,Aye,1
1091,2016-04-28,Board of Directors - Regular Board Meeting,18054,22,2016-0235,APPROVED,281,Michael Antonovich,Aye,1
1091,2016-04-28,Board of Directors - Regular Board Meeting,18054,22,2016-0235,APPROVED,282,Mike Bonin,Aye,1
1091,2016-04-28,Board of Directors - Regular Board Meeting,18054,22,2016-0235,APPROVED,1820,James Butts,Aye,1
1091,2016-04-28,Board of Directors - Regular Board Meeting,18054,22,2016-0235,APPROVED,283,Diane DuBois,Aye,1
1091,2016-04-28,Board of Directors - Regular Board Meeting,18054,22,2016-0235,APPROVED,284,Jacquelyn Dupont-Walker,Absent,0
1091,2016-04-28,Board of Directors - Regular Board Meeting,18054,22,2016-0235,APPROVED,285,Don Knabe,Aye,1
1091,2016-04-28,Board of Directors - Regular Board Meeting,18054,22,2016-0235,APPROVED,286,Paul Krekorian,Absent,0
1091,2016-04-28,Board of Directors - Regular Board Meeting,18054,22,2016-0235,APPROVED,287,Sheila Kuehl,Aye,1
1091,2016-04-28,Board of Directors - Regular Board Meeting,18054,22,2016-0235,APPROVED,288,Ara J. Najarian,Aye,1
1091,2016-04-28,Board of Directors - Regular Board Meeting,18054,22,2016-0235,APPROVED,290,Hilda L. Solis,Aye,1
1091,2016-04-28,Board of Directors - Regular Board Meeting,18055,24,2016-0144,RECEIVED AND FILED,279,Mark Ridley-Thomas,Absent,0
1091,2016-04-28,Board of Directors - Regular Board Meeting,18055,24,2016-0144,RECEIVED AND FILED,280,John Fasana,Aye,1
1091,2016-04-28,Board of Directors - Regular Board Meeting,18055,24,2016-0144,RECEIVED AND FILED,278,Eric Garcetti,Aye,1
1091,2016-04-28,Board of Directors - Regular Board Meeting,18055,24,2016-0144,RECEIVED AND FILED,281,Michael Antonovich,Aye,1
1091,2016-04-28,Board of Directors - Regular Board Meeting,18055,24,2016-0144,RECEIVED AND FILED,282,Mike Bonin,Aye,1
1091,2016-04-28,Board of Directors - Regular Board Meeting,18055,24,2016-0144,RECEIVED AND FILED,1820,James Butts,Aye,1
1091,2016-04-28,Board of Directors - Regular Board Meeting,18055,24,2016-0144,RECEIVED AND FILED,283,Diane DuBois,Aye,1
1091,2016-04-28,Board of Directors - Regular Board Meeting,18055,24,2016-0144,RECEIVED AND FILED,284,Jacquelyn Dupont-Walker,Absent,0
1091,2016-04-28,Board of Directors - Regular Board Meeting,18055,24,2016-0144,RECEIVED AND FILED,285,Don Knabe,Aye,1
1091,2016-04-28,Board of Directors - Regular Board Meeting,18055,24,2016-0144,RECEIVED AND FILED,286,Paul Krekorian,Absent,0
1091,2016-04-28,Board of Directors - Regular Board Meeting,18055,24,2016-0144,RECEIVED AND FILED,287,Sheila Kuehl,Aye,1
1091,2016-04-28,Board of Directors - Regular Board Meeting,18055,24,2016-0144,RECEIVED AND FILED,288,Ara J. Najarian,Aye,1
1091,2016-04-28,Board of Directors - Regular Board Meeting,18055,24,2016-0144,RECEIVED AND FILED,290,Hilda L. Solis,Aye,1
1091,2016-04-28,Board of Directors - Regular Board Meeting,18055,24,2016-0144,RECEIVED AND FILED,1821,Carrie Bowen,Aye,1
1091,2016-04-28,Board of Directors - Regular Board Meeting,18055,24,2016-0144,RECEIVED AND FILED,1861,Shirley Choate,Aye,1
1091,2016-04-28,Board of Directors - Regular Board Meeting,18055,24,2016-0144,RECEIVED AND FILED,1848,Phil Washington,Aye,1
1091,2016-04-28,Board of Directors - Regular Board Meeting,18057,28,2016-0153,ADOPTED,279,Mark Ridley-Thomas,Absent,0
1091,2016-04-28,Board of Directors - Regular Board Meeting,18057,28,2016-0153,ADOPTED,280,John Fasana,Aye,1
1091,2016-04-28,Board of Directors - Regular Board Meeting,18057,28,2016-0153,ADOPTED,278,Eric Garcetti,Aye,1
1091,2016-04-28,Board of Directors - Regular Board Meeting,18057,28,2016-0153,ADOPTED,281,Michael Antonovich,Absent,0
1091,2016-04-28,Board of Directors - Regular Board Meeting,18057,28,2016-0153,ADOPTED,282,Mike Bonin,Aye,1
1091,2016-04-28,Board of Directors - Regular Board Meeting,18057,28,2016-0153,ADOPTED,1820,James Butts,Absent,0
1091,2016-04-28,Board of Directors - Regular Board Meeting,18057,28,2016-0153,ADOPTED,283,Diane DuBois,Aye,1
1091,2016-04-28,Board of Directors - Regular Board Meeting,18057,28,2016-0153,ADOPTED,284,Jacquelyn Dupont-Walker,Aye,1
1091,2016-04-28,Board of Directors - Regular Board Meeting,18057,28,2016-0153,ADOPTED,285,Don Knabe,Aye,1
1091,2016-04-28,Board of Directors - Regular Board Meeting,18057,28,2016-0153,ADOPTED,286,Paul Krekorian,Absent,0
1091,2016-04-28,Board of Directors - Regular Board Meeting,18057,28,2016-0153,ADOPTED,287,Sheila Kuehl,Absent,0
1091,2016-04-28,Board of Directors - Regular Board Meeting,18057,28,2016-0153,ADOPTED,288,Ara J. Najarian,Aye,1
1091,2016-04-28,Board of Directors - Regular Board Meeting,18057,28,2016-0153,ADOPTED,290,Hilda L. Solis,Aye,1
1091,2016-04-28,Board of Directors - Regular Board Meeting,18059,29,2016-0182,APPROVED AS AMENDED,279,Mark Ridley-Thomas,Absent,0
1091,2016-04-28,Board of Directors - Regular Board Meeting,18059,29,2016-0182,APPROVED AS AMENDED,280,John Fasana,Aye,1
1091,2016-04-28,Board of Directors - Regular Board Meeting,18059,29,2016-0182,APPROVED AS AMENDED,278,Eric Garcetti,Aye,1
1091,2016-04-28,Board of Directors - Regular Board Meeting,18059,29,2016-0182,APPROVED AS AMENDED,281,Michael Antonovich,Absent,0
1091,2016-04-28,Board of Directors - Regular Board Meeting,18059,29,2016-0182,APPROVED AS AMENDED,282,Mike Bonin,Aye,1
1091,2016-04-28,Board of Directors - Regular Board Meeting,18059,29,2016-0182,APPROVED AS AMENDED,1820,James Butts,Aye,1
1091,2016-04-28,Board of Directors - Regular Board Meeting,18059,29,2016-0182,APPROVED AS AMENDED,283,Diane DuBois,Aye,1
1091,2016-04-28,Board of Directors - Regular Board Meeting,18059,29,2016-0182,APPROVED AS AMENDED,284,Jacquelyn Dupont-Walker,Aye,1
1091,2016-04-28,Board of Directors - Regular Board Meeting,18059,29,2016-0182,APPROVED AS AMENDED,285,Don Knabe,Aye,1
1091,2016-04-28,Board of Directors - Regular Board Meeting,18059,29,2016-0182,APPROVED AS AMENDED,286,Paul Krekorian,Absent,0
1091,2016-04-28,Board of Directors - Regular Board Meeting,18059,29,2016-0182,APPROVED AS AMENDED,287,Sheila Kuehl,Aye,1
1091,2016-04-28,Board of Directors - Regular Board Meeting,18059,29,2016-0182,APPROVED AS AMENDED,288,Ara J. Najarian,Aye,1
1091,2016-04-28,Board of Directors - Regular Board Meeting,18059,29,2016-0182,APPROVED AS AMENDED,290,Hilda L. Solis,Aye,1
1091,2016-04-28,Board of Directors - Regular Board Meeting,18059,29,2016-0182,APPROVED AS AMENDED,1821,Carrie Bowen,Aye,1
1091,2016-04-28,Board of Directors - Regular Board Meeting,18059,29,2016-0182,APPROVED AS AMENDED,1861,Shirley Choate,Aye,1
1091,2016-04-28,Board of Directors - Regular Board Meeting,18059,29,2016-0182,APPROVED AS AMENDED,1848,Phil Washington,Aye,1
1091,2016-04-28,Board of Directors - Regular Board Meeting,18061,30,2016-0003,APPROVED,279,Mark Ridley-Thomas,Absent,0
1091,2016-04-28,Board of Directors - Regular Board Meeting,18061,30,2016-0003,APPROVED,280,John Fasana,Aye,1
1091,2016-04-28,Board of Directors - Regular Board Meeting,18061,30,2016-0003,APPROVED,278,Eric Garcetti,Aye,1
1091,2016-04-28,Board of Directors - Regular Board Meeting,18061,30,2016-0003,APPROVED,281,Michael Antonovich,Absent,0
1091,2016-04-28,Board of Directors - Regular Board Meeting,18061,30,2016-0003,APPROVED,282,Mike Bonin,Aye,1
1091,2016-04-28,Board of Directors - Regular Board Meeting,18061,30,2016-0003,APPROVED,1820,James Butts,Absent,0
1091,2016-04-28,Board of Directors - Regular Board Meeting,18061,30,2016-0003,APPROVED,283,Diane DuBois,Aye,1
1091,2016-04-28,Board of Directors - Regular Board Meeting,18061,30,2016-0003,APPROVED,284,Jacquelyn Dupont-Walker,Aye,1
1091,2016-04-28,Board of Directors - Regular Board Meeting,18061,30,2016-0003,APPROVED,285,Don Knabe,Aye,1
1091,2016-04-28,Board of Directors - Regular Board Meeting,18061,30,2016-0003,APPROVED,286,Paul Krekorian,Absent,0
1091,2016-04-28,Board of Directors - Regular Board Meeting,18061,30,2016-0003,APPROVED,287,Sheila Kuehl,Absent,0
1091,2016-04-28,Board of Directors - Regular Board Meeting,18061,30,2016-0003,APPROVED,288,Ara J. Najarian,Aye,1
1091,2016-04-28,Board of Directors - Regular Board Meeting,18061,30,2016-0003,APPROVED,290,Hilda L. Solis,Aye,1
1091,2016-04-28,Board of Directors - Regular Board Meeting,18063,31,2016-0124,APPROVED,279,Mark Ridley-Thomas,Absent,0
1091,2016-04-28,Board of Directors - Regular Board Meeting,18063,31,2016-0124,APPROVED,280,John Fasana,Aye,1
1091,2016-04-28,Board of Directors - Regular Board Meeting,18063,31,2016-0124,APPROVED,278,Eric Garcetti,Aye,1
1091,2016-04-28,Board of Directors - Regular Board Meeting,18063,31,2016-0124,APPROVED,281,Michael Antonovich,Absent,0
1091,2016-04-28,Board of Directors - Regular Board Meeting,18063,31,2016-0124,APPROVED,282,Mike Bonin,Aye,1
1091,2016-04-28,Board of Directors - Regular Board Meeting,18063,31,2016-0124,APPROVED,1820,James Butts,Absent,0
1091,2016-04-28,Board of Directors - Regular Board Meeting,18063,31,2016-0124,APPROVED,283,Diane DuBois,Aye,1
1091,2016-04-28,Board of Directors - Regular Board Meeting,18063,31,2016-0124,APPROVED,284,Jacquelyn Dupont-Walker,Aye,1
1091,2016-04-28,Board of Directors - Regular Board Meeting,18063,31,2016-0124,APPROVED,285,Don Knabe,Aye,1
1091,2016-04-28,Board of Directors - Regular Board Meeting,18063,31,2016-0124,APPROVED,286,Paul Krekorian,Absent,0
1091,2016-04-28,Board of Directors - Regular Board Meeting,18063,31,2016-0124,APPROVED,287,Sheila Kuehl,Absent,0
1091,2016-04-28,Board of Directors - Regular Board Meeting,18063,31,2016-0124,APPROVED,288,Ara J. Najarian,Aye,1
1091,2016-04-28,Board of Directors - Regular Board Meeting,18063,31,2016-0124,APPROVED,290,Hilda L. Solis,Aye,1
1091,2016-04-28,Board of Directors - Regular Board Meeting,18065,6,2015-1804,APPROVED,279,Mark Ridley-Thomas,Absent,0
1091,2016-04-28,Board of Directors - Regular Board Meeting,18065,6,2015-1804,APPROVED,280,John Fasana,Aye,1
1091,2016-04-28,Board of Directors - Regular Board Meeting,18065,6,2015-1804,APPROVED,278,Eric Garcetti,Aye,1
1091,2016-04-28,Board of Directors - Regular Board Meeting,18065,6,2015-1804,APPROVED,281,Michael Antonovich,Absent,0
1091,2016-04-28,Board of Directors - Regular Board Meeting,18065,6,2015-1804,APPROVED,282,Mike Bonin,Aye,1
1091,2016-04-28,Board of Directors - Regular Board Meeting,18065,6,2015-1804,APPROVED,1820,James Butts,Aye,1
1091,2016-04-28,Board of Directors - Regular Board Meeting,18065,6,2015-1804,APPROVED,283,Diane DuBois,Aye,1
1091,2016-04-28,Board of Directors - Regular Board Meeting,18065,6,2015-1804,APPROVED,284,Jacquelyn Dupont-Walker,Aye,1
1091,2016-04-28,Board of Directors - Regular Board Meeting,18065,6,2015-1804,APPROVED,285,Don Knabe,Aye,1
1091,2016-04-28,Board of Directors - Regular Board Meeting,18065,6,2015-1804,APPROVED,286,Paul Krekorian,Aye,1
1091,2016-04-28,Board of Directors - Regular Board Meeting,18065,6,2015-1804,APPROVED,287,Sheila Kuehl,Conflict,0
1091,2016-04-28,Board of Directors - Regular Board Meeting,18065,6,2015-1804,APPROVED,288,Ara J. Najarian,Aye,1
1091,2016-04-28,Board of Directors - Regular Board Meeting,18065,6,2015-1804,APPROVED,290,Hilda L. Solis,Aye,1
1091,2016-04-28,Board of Directors - Regular Board Meeting,18065,6,2015-1804,APPROVED,1821,Carrie Bowen,Aye,1
1091,2016-04-28,Board of Directors - Regular Board Meeting,18065,6,2015-1804,APPROVED,1861,Shirley Choate,Aye,1
1091,2016-04-28,Board of Directors - Regular Board Meeting,18065,6,2015-1804,APPROVED,1848,Phil Washington,Aye,1
1091,2016-04-28,Board of Directors - Regular Board Meeting,18067,39,2016-0325,RECEIVED AND FILED,279,Mark Ridley-Thomas,Absent,0
1091,2016-04-28,Board of Directors - Regular Board Meeting,18067,39,2016-0325,RECEIVED AND FILED,280,John Fasana,Aye,1
1091,2016-04-28,Board of Directors - Regular Board Meeting,18067,39,2016-0325,RECEIVED AND FILED,278,Eric Garcetti,Aye,1
1091,2016-04-28,Board of Directors - Regular Board Meeting,18067,39,2016-0325,RECEIVED AND FILED,281,Michael Antonovich,Absent,0
1091,2016-04-28,Board of Directors - Regular Board Meeting,18067,39,2016-0325,RECEIVED AND FILED,282,Mike Bonin,Aye,1
1091,2016-04-28,Board of Directors - Regular Board Meeting,18067,39,2016-0325,RECEIVED AND FILED,1820,James Butts,Absent,0
1091,2016-04-28,Board of Directors - Regular Board Meeting,18067,39,2016-0325,RECEIVED AND FILED,283,Diane DuBois,Aye,1
1091,2016-04-28,Board of Directors - Regular Board Meeting,18067,39,2016-0325,RECEIVED AND FILED,284,Jacquelyn Dupont-Walker,Aye,1
1091,2016-04-28,Board of Directors - Regular Board Meeting,18067,39,2016-0325,RECEIVED AND FILED,285,Don Knabe,Aye,1
1091,2016-04-28,Board of Directors - Regular Board Meeting,18067,39,2016-0325,RECEIVED AND FILED,286,Paul Krekorian,Absent,0
1091,2016-04-28,Board of Directors - Regular Board Meeting,18067,39,2016-0325,RECEIVED AND FILED,287,Sheila Kuehl,Absent,0
1091,2016-04-28,Board of Directors - Regular Board Meeting,18067,39,2016-0325,RECEIVED AND FILED,288,Ara J. Najarian,Aye,1
1091,2016-04-28,Board of Directors - Regular Board Meeting,18067,39,2016-0325,RECEIVED AND FILED,290,Hilda L. Solis,Aye,1
1091,2016-04-28,Board of Directors - Regular Board Meeting,18069,37,2016-0269,ADOPTED,279,Mark Ridley-Thomas,Absent,0
1091,2016-04-28,Board of Directors - Regular Board Meeting,18069,37,2016-0269,ADOPTED,280,John Fasana,Aye,1
1091,2016-04-28,Board of Directors - Regular Board Meeting,18069,37,2016-0269,ADOPTED,278,Eric Garcetti,Aye,1
1091,2016-04-28,Board of Directors - Regular Board Meeting,18069,37,2016-0269,ADOPTED,281,Michael Antonovich,Absent,0
1091,2016-04-28,Board of Directors - Regular Board Meeting,18069,37,2016-0269,ADOPTED,282,Mike Bonin,Aye,1
1091,2016-04-28,Board of Directors - Regular Board Meeting,18069,37,2016-0269,ADOPTED,1820,James Butts,Absent,0
1091,2016-04-28,Board of Directors - Regular Board Meeting,18069,37,2016-0269,ADOPTED,283,Diane DuBois,Aye,1
1091,2016-04-28,Board of Directors - Regular Board Meeting,18069,37,2016-0269,ADOPTED,284,Jacquelyn Dupont-Walker,Aye,1
1091,2016-04-28,Board of Directors - Regular Board Meeting,18069,37,2016-0269,ADOPTED,285,Don Knabe,Aye,1
1091,2016-04-28,Board of Directors - Regular Board Meeting,18069,37,2016-0269,ADOPTED,286,Paul Krekorian,Absent,0
1091,2016-04-28,Board of Directors - Regular Board Meeting,18069,37,2016-0269,ADOPTED,287,Sheila Kuehl,Absent,0
1091,2016-04-28,Board of Directors - Regular Board Meeting,18069,37,2016-0269,ADOPTED,288,Ara J. Najarian,Aye,1
1091,2016-04-28,Board of Directors - Regular Board Meeting,18069,37,2016-0269,ADOPTED,290,Hilda L. Solis,Aye,1
1091,2016-04-28,Board of Directors - Regular Board Meeting,18072,5,2015-1765,APPROVED,279,Mark Ridley-Thomas,Absent,0
1091,2016-04-28,Board of Directors - Regular Board Meeting,18072,5,2015-1765,APPROVED,280,John Fasana,Aye,1
1091,2016-04-28,Board of Directors - Regular Board Meeting,18072,5,2015-1765,APPROVED,278,Eric Garcetti,Aye,1
1091,2016-04-28,Board of Directors - Regular Board Meeting,18072,5,2015-1765,APPROVED,281,Michael Antonovich,Absent,0
1091,2016-04-28,Board of Directors - Regular Board Meeting,18072,5,2015-1765,APPROVED,282,Mike Bonin,Aye,1
1091,2016-04-28,Board of Directors - Regular Board Meeting,18072,5,2015-1765,APPROVED,1820,James Butts,Absent,0
1091,2016-04-28,Board of Directors - Regular Board Meeting,18072,5,2015-1765,APPROVED,283,Diane DuBois,Aye,1
1091,2016-04-28,Board of Directors - Regular Board Meeting,18072,5,2015-1765,APPROVED,284,Jacquelyn Dupont-Walker,Aye,1
1091,2016-04-28,Board of Directors - Regular Board Meeting,18072,5,2015-1765,APPROVED,285,Don Knabe,Aye,1
1091,2016-04-28,Board of Directors - Regular Board Meeting,18072,5,2015-1765,APPROVED,286,Paul Krekorian,Absent,0
1091,2016-04-28,Board of Directors - Regular Board Meeting,18072,5,2015-1765,APPROVED,287,Sheila Kuehl,Absent,0
1091,2016-04-28,Board of Directors - Regular Board Meeting,18072,5,2015-1765,APPROVED,288,Ara J. Najarian,Aye,1
1091,2016-04-28,Board of Directors - Regular Board Meeting,18072,5,2015-1765,APPROVED,290,Hilda L. Solis,Aye,1
1091,2016-04-28,Board of Directors - Regular Board Meeting,18073,7,2016-0211,APPROVED,279,Mark Ridley-Thomas,Absent,0
1091,2016-04-28,Board of Directors - Regular Board Meeting,18073,7,2016-0211,APPROVED,280,John Fasana,Aye,1
1091,2016-04-28,Board of Directors - Regular Board Meeting,18073,7,2016-0211,APPROVED,278,Eric Garcetti,Aye,1
1091,2016-04-28,Board of Directors - Regular Board Meeting,18073,7,2016-0211,APPROVED,281,Michael Antonovich,Absent,0
1091,2016-04-28,Board of Directors - Regular Board Meeting,18073,7,2016-0211,APPROVED,282,Mike Bonin,Aye,1
1091,2016-04-28,Board of Directors - Regular Board Meeting,18073,7,2016-0211,APPROVED,1820,James Butts,Absent,0
1091,2016-04-28,Board of Directors - Regular Board Meeting,18073,7,2016-0211,APPROVED,283,Diane DuBois,Aye,1
1091,2016-04-28,Board of Directors - Regular Board Meeting,18073,7,2016-0211,APPROVED,284,Jacquelyn Dupont-Walker,Aye,1
1091,2016-04-28,Board of Directors - Regular Board Meeting,18073,7,2016-0211,APPROVED,285,Don Knabe,Aye,1
1091,2016-04-28,Board of Directors - Regular Board Meeting,18073,7,2016-0211,APPROVED,286,Paul Krekorian,Absent,0
1091,2016-04-28,Board of Directors - Regular Board Meeting,18073,7,2016-0211,APPROVED,287,Sheila Kuehl,Aye,1
1091,2016-04-28,Board of Directors - Regular Board Meeting,18073,7,2016-0211,APPROVED,288,Ara J. Najarian,Aye,1
1091,2016-04-28,Board of Directors - Regular Board Meeting,18073,7,2016-0211,APPROVED,290,Hilda L. Solis,Aye,1
1091,2016-04-28,Board of Directors - Regular Board Meeting,18076,41,2016-0273,APPROVED,279,Mark Ridley-Thomas,Absent,0
1091,2016-04-28,Board of Directors - Regular Board Meeting,18076,41,2016-0273,APPROVED,280,John Fasana,Aye,1
1091,2016-04-28,Board of Directors - Regular Board Meeting,18076,41,2016-0273,APPROVED,278,Eric Garcetti,Aye,1
1091,2016-04-28,Board of Directors - Regular Board Meeting,18076,41,2016-0273,APPROVED,281,Michael Antonovich,Absent,0
1091,2016-04-28,Board of Directors - Regular Board Meeting,18076,41,2016-0273,APPROVED,282,Mike Bonin,Aye,1
1091,2016-04-28,Board of Directors - Regular Board Meeting,18076,41,2016-0273,APPROVED,1820,James Butts,Absent,0
1091,2016-04-28,Board of Directors - Regular Board Meeting,18076,41,2016-0273,APPROVED,283,Diane DuBois,Aye,1
1091,2016-04-28,Board of Directors - Regular Board Meeting,18076,41,2016-0273,APPROVED,284,Jacquelyn Dupont-Walker,Aye,1
1091,2016-04-28,Board of Directors - Regular Board Meeting,18076,41,2016-0273,APPROVED,285,Don Knabe,Aye,1
1091,2016-04-28,Board of Directors - Regular Board Meeting,18076,41,2016-0273,APPROVED,286,Paul Krekorian,Absent,0
1091,2016-04-28,Board of Directors - Regular Board Meeting,18076,41,2016-0273,APPROVED,287,Sheila Kuehl,Aye,1
1091,2016-04-28,Board of Directors - Regular Board Meeting,18076,41,2016-0273,APPROVED,288,Ara J. Najarian,Aye,1
1091,2016-04-28,Board of Directors - Regular Board Meeting,18076,41,2016-0273,APPROVED,290,Hilda L. Solis,Aye,1
1091,2016-04-28,Board of Directors - Regular Board Meeting,18078,43,2016-0339,APPROVED,279,Mark Ridley-Thomas,Absent,0
1091,2016-04-28,Board of Directors - Regular Board Meeting,18078,43,2016-0339,APPROVED,280,John Fasana,Aye,1
1091,2016-04-28,Board of Directors - Regular Board Meeting,18078,43,2016-0339,APPROVED,278,Eric Garcetti,Aye,1
1091,2016-04-28,Board of Directors - Regular Board Meeting,18078,43,2016-0339,APPROVED,281,Michael Antonovich,Aye,1
1091,2016-04-28,Board of Directors - Regular Board Meeting,18078,43,2016-0339,APPROVED,282,Mike Bonin,Aye,1
1091,2016-04-28,Board of Directors - Regular Board Meeting,18078,43,2016-0339,APPROVED,1820,James Butts,Aye,1
1091,2016-04-28,Board of Directors - Regular Board Meeting,18078,43,2016-0339,APPROVED,283,Diane DuBois,Aye,1
1091,2016-04-28,Board of Directors - Regular Board Meeting,18078,43,2016-0339,APPROVED,284,Jacquelyn Dupont-Walker,Absent,0
1091,2016-04-28,Board of Directors - Regular Board Meeting,18078,43,2016-0339,APPROVED,285,Don Knabe,Aye,1
1091,2016-04-28,Board of Directors - Regular Board Meeting,18078,43,2016-0339,APPROVED,286,Paul Krekorian,Absent,0
1091,2016-04-28,Board of Directors - Regular Board Meeting,18078,43,2016-0339,APPROVED,287,Sheila Kuehl,Aye,1
1091,2016-04-28,Board of Directors - Regular Board Meeting,18078,43,2016-0339,APPROVED,288,Ara J. Najarian,Aye,1
1091,2016-04-28,Board of Directors - Regular Board Meeting,18078,43,2016-0339,APPROVED,290,Hilda L. Solis,Aye,1
1091,2016-04-28,Board of Directors - Regular Board Meeting,18079,44,2016-0341,APPROVED,279,Mark Ridley-Thomas,Absent,0
1091,2016-04-28,Board of Directors - Regular Board Meeting,18079,44,2016-0341,APPROVED,280,John Fasana,Aye,1
1091,2016-04-28,Board of Directors - Regular Board Meeting,18079,44,2016-0341,APPROVED,278,Eric Garcetti,Aye,1
1091,2016-04-28,Board of Directors - Regular Board Meeting,18079,44,2016-0341,APPROVED,281,Michael Antonovich,Aye,1
1091,2016-04-28,Board of Directors - Regular Board Meeting,18079,44,2016-0341,APPROVED,282,Mike Bonin,Aye,1
1091,2016-04-28,Board of Directors - Regular Board Meeting,18079,44,2016-0341,APPROVED,1820,James Butts,Aye,1
1091,2016-04-28,Board of Directors - Regular Board Meeting,18079,44,2016-0341,APPROVED,283,Diane DuBois,Absent,0
1091,2016-04-28,Board of Directors - Regular Board Meeting,18079,44,2016-0341,APPROVED,284,Jacquelyn Dupont-Walker,Absent,0
1091,2016-04-28,Board of Directors - Regular Board Meeting,18079,44,2016-0341,APPROVED,285,Don Knabe,Absent,0
1091,2016-04-28,Board of Directors - Regular Board Meeting,18079,44,2016-0341,APPROVED,286,Paul Krekorian,Absent,0
1091,2016-04-28,Board of Directors - Regular Board Meeting,18079,44,2016-0341,APPROVED,287,Sheila Kuehl,Aye,1
1091,2016-04-28,Board of Directors - Regular Board Meeting,18079,44,2016-0341,APPROVED,288,Ara J. Najarian,Aye,1
1091,2016-04-28,Board of Directors - Regular Board Meeting,18079,44,2016-0341,APPROVED,290,Hilda L. Solis,Aye,1
1091,2016-04-28,Board of Directors - Regular Board Meeting,18086,36,2016-0247,ADOPTED,279,Mark Ridley-Thomas,Absent,0
1091,2016-04-28,Board of Directors - Regular Board Meeting,18086,36,2016-0247,ADOPTED,280,John Fasana,Aye,1
1091,2016-04-28,Board of Directors - Regular Board Meeting,18086,36,2016-0247,ADOPTED,278,Eric Garcetti,Aye,1
1091,2016-04-28,Board of Directors - Regular Board Meeting,18086,36,2016-0247,ADOPTED,281,Michael Antonovich,Absent,0
1091,2016-04-28,Board of Directors - Regular Board Meeting,18086,36,2016-0247,ADOPTED,282,Mike Bonin,Aye,1
1091,2016-04-28,Board of Directors - Regular Board Meeting,18086,36,2016-0247,ADOPTED,1820,James Butts,Absent,0
1091,2016-04-28,Board of Directors - Regular Board Meeting,18086,36,2016-0247,ADOPTED,283,Diane DuBois,Aye,1
1091,2016-04-28,Board of Directors - Regular Board Meeting,18086,36,2016-0247,ADOPTED,284,Jacquelyn Dupont-Walker,Aye,1
1091,2016-04-28,Board of Directors - Regular Board Meeting,18086,36,2016-0247,ADOPTED,285,Don Knabe,Aye,1
1091,2016-04-28,Board of Directors - Regular Board Meeting,18086,36,2016-0247,ADOPTED,286,Paul Krekorian,Absent,0
1091,2016-04-28,Board of Directors - Regular Board Meeting,18086,36,2016-0247,ADOPTED,287,Sheila Kuehl,Absent,0
1091,2016-04-28,Board of Directors - Regular Board Meeting,18086,36,2016-0247,ADOPTED,288,Ara J. Najarian,Aye,1
1091,2016-04-28,Board of Directors - Regular Board Meeting,18086,36,2016-0247,ADOPTED,290,Hilda L. Solis,Aye,1
1091,2016-04-28,Board of Directors - Regular Board Meeting,18097,40,2016-0371,ADOPTED,279,Mark Ridley-Thomas,Absent,0
1091,2016-04-28,Board of Directors - Regular Board Meeting,18097,40,2016-0371,ADOPTED,280,John Fasana,Aye,1
1091,2016-04-28,Board of Directors - Regular Board Meeting,18097,40,2016-0371,ADOPTED,278,Eric Garcetti,Aye,1
1091,2016-04-28,Board of Directors - Regular Board Meeting,18097,40,2016-0371,ADOPTED,281,Michael Antonovich,Aye,1
1091,2016-04-28,Board of Directors - Regular Board Meeting,18097,40,2016-0371,ADOPTED,282,Mike Bonin,Aye,1
1091,2016-04-28,Board of Directors - Regular Board Meeting,18097,40,2016-0371,ADOPTED,1820,James Butts,Aye,1
1091,2016-04-28,Board of Directors - Regular Board Meeting,18097,40,2016-0371,ADOPTED,283,Diane DuBois,Aye,1
1091,2016-04-28,Board of Directors - Regular Board Meeting,18097,40,2016-0371,ADOPTED,284,Jacquelyn Dupont-Walker,Absent,0
1091,2016-04-28,Board of Directors - Regular Board Meeting,18097,40,2016-0371,ADOPTED,285,Don Knabe,Aye,1
1091,2016-04-28,Board of Directors - Regular Board Meeting,18097,40,2016-0371,ADOPTED,286,Paul Krekorian,Absent,0
1091,2016-04-28,Board of Directors - Regular Board Meeting,18097,40,2016-0371,ADOPTED,287,Sheila Kuehl,Nay,2
1091,2016-04-28,Board of Directors - Regular Board Meeting,18097,40,2016-0371,ADOPTED,288,Ara J. Najarian,Nay,2
1091,2016-04-28,Board of Directors - Regular Board Meeting,18097,40,2016-0371,ADOPTED,290,Hilda L. Solis,Aye,1
1091,2016-04-28,Board of Directors - Regular Board Meeting,18101,45,2016-0375,APPROVED,279,Mark Ridley-Thomas,Absent,0
1091,2016-04-28,Board of Directors - Regular Board Meeting,18101,45,2016-0375,APPROVED,280,John Fasana,Aye,1
1091,2016-04-28,Board of Directors - Regular Board Meeting,18101,45,2016-0375,APPROVED,278,Eric Garcetti,Aye,1
1091,2016-04-28,Board of Directors - Regular Board Meeting,18101,45,2016-0375,APPROVED,281,Michael Antonovich,Aye,1
1091,2016-04-28,Board of Directors - Regular Board Meeting,18101,45,2016-0375,APPROVED,282,Mike Bonin,Aye,1
1091,2016-04-28,Board of Directors - Regular Board Meeting,18101,45,2016-0375,APPROVED,1820,James Butts,Aye,1
1091,2016-04-28,Board of Directors - Regular Board Meeting,18101,45,2016-0375,APPROVED,283,Diane DuBois,Absent,0
1091,2016-04-28,Board of Directors - Regular Board Meeting,18101,45,2016-0375,APPROVED,284,Jacquelyn Dupont-Walker,Absent,0
1091,2016-04-28,Board of Directors - Regular Board Meeting,18101,45,2016-0375,APPROVED,285,Don Knabe,Absent,0
1091,2016-04-28,Board of Directors - Regular Board Meeting,18101,45,2016-0375,APPROVED,286,Paul Krekorian,Absent,0
1091,2016-04-28,Board of Directors - Regular Board Meeting,18101,45,2016-0375,APPROVED,287,Sheila Kuehl,Aye,1
1091,2016-04-28,Board of Directors - Regular Board Meeting,18101,45,2016-0375,APPROVED,288,Ara J. Najarian,Aye,1
1091,2016-04-28,Board of Directors - Regular Board Meeting,18101,45,2016-0375,APPROVED,290,Hilda L. Solis,Aye,1
1091,2016-04-28,Board of Directors - Regular Board Meeting,41596,4,2016-0342,RECEIVED,279,Mark Ridley-Thomas,Absent,0
1091,2016-04-28,Board of Directors - Regular Board Meeting,41596,4,2016-0342,RECEIVED,280,John Fasana,Aye,1
1091,2016-04-28,Board of Directors - Regular Board Meeting,41596,4,2016-0342,RECEIVED,278,Eric Garcetti,Aye,1
1091,2016-04-28,Board of Directors - Regular Board Meeting,41596,4,2016-0342,RECEIVED,281,Michael Antonovich,Absent,0
1091,2016-04-28,Board of Directors - Regular Board Meeting,41596,4,2016-0342,RECEIVED,282,Mike Bonin,Aye,1
1091,2016-04-28,Board of Directors - Regular Board Meeting,41596,4,2016-0342,RECEIVED,1820,James Butts,Absent,0
1091,2016-04-28,Board of Directors - Regular Board Meeting,41596,4,2016-0342,RECEIVED,283,Diane DuBois,Aye,1
1091,2016-04-28,Board of Directors - Regular Board Meeting,41596,4,2016-0342,RECEIVED,284,Jacquelyn Dupont-Walker,Aye,1
1091,2016-04-28,Board of Directors - Regular Board Meeting,41596,4,2016-0342,RECEIVED,285,Don Knabe,Aye,1
1091,2016-04-28,Board of Directors - Regular Board Meeting,41596,4,2016-0342,RECEIVED,286,Paul Krekorian,Absent,0
1091,2016-04-28,Board of Directors - Regular Board Meeting,41596,4,2016-0342,RECEIVED,287,Sheila Kuehl,Aye,1
1091,2016-04-28,Board of Directors - Regular Board Meeting,41596,4,2016-0342,RECEIVED,288,Ara J. Najarian,Aye,1
1091,2016-04-28,Board of Directors - Regular Board Meeting,41596,4,2016-0342,RECEIVED,290,Hilda L. Solis,Aye,1
1091,2016-04-28,Board of Directors - Regular Board Meeting,41596,4,2016-0342,RECEIVED,1821,Carrie Bowen,Aye,1
1091,2016-04-28,Board of Directors - Regular Board Meeting,41596,4,2016-0342,RECEIVED,1861,Shirley Choate,Aye,1
1091,2016-04-28,Board of Directors - Regular Board Meeting,41596,4,2016-0342,RECEIVED,1848,Phil Washington,Aye,1
1091,2016-04-28,Board of Directors - Regular Board Meeting,41598,42,2016-0280,APPROVED,279,Mark Ridley-Thomas,Absent,0
1091,2016-04-28,Board of Directors - Regular Board Meeting,41598,42,2016-0280,APPROVED,280,John Fasana,Aye,1
1091,2016-04-28,Board of Directors - Regular Board Meeting,41598,42,2016-0280,APPROVED,278,Eric Garcetti,Aye,1
1091,2016-04-28,Board of Directors - Regular Board Meeting,41598,42,2016-0280,APPROVED,281,Michael Antonovich,Abstain,0
1091,2016-04-28,Board of Directors - Regular Board Meeting,41598,42,2016-0280,APPROVED,282,Mike Bonin,Aye,1
1091,2016-04-28,Board of Directors - Regular Board Meeting,41598,42,2016-0280,APPROVED,1820,James Butts,Aye,1
1091,2016-04-28,Board of Directors - Regular Board Meeting,41598,42,2016-0280,APPROVED,283,Diane DuBois,Aye,1
1091,2016-04-28,Board of Directors - Regular Board Meeting,41598,42,2016-0280,APPROVED,284,Jacquelyn Dupont-Walker,Aye,1
1091,2016-04-28,Board of Directors - Regular Board Meeting,41598,42,2016-0280,APPROVED,285,Don Knabe,Aye,1
1091,2016-04-28,Board of Directors - Regular Board Meeting,41598,42,2016-0280,APPROVED,286,Paul Krekorian,Absent,0
1091,2016-04-28,Board of Directors - Regular Board Meeting,41598,42,2016-0280,APPROVED,287,Sheila Kuehl,Aye,1
1091,2016-04-28,Board of Directors - Regular Board Meeting,41598,42,2016-0280,APPROVED,288,Ara J. Najarian,Aye,1
1091,2016-04-28,Board of Directors - Regular Board Meeting,41598,42,2016-0280,APPROVED,290,Hilda L. Solis,Absent,0
1091,2016-04-28,Board of Directors - Regular Board Meeting,41602,,,APPROVED ON CONSENT CALENDAR,279,Mark Ridley-Thomas,Absent,0
1091,2016-04-28,Board of Directors - Regular Board Meeting,41602,,,APPROVED ON CONSENT CALENDAR,280,John Fasana,Aye,1
1091,2016-04-28,Board of Directors - Regular Board Meeting,41602,,,APPROVED ON CONSENT CALENDAR,278,Eric Garcetti,Aye,1
1091,2016-04-28,Board of Directors - Regular Board Meeting,41602,,,APPROVED ON CONSENT CALENDAR,281,Michael Antonovich,Absent,0
1091,2016-04-28,Board of Directors - Regular Board Meeting,41602,,,APPROVED ON CONSENT CALENDAR,282,Mike Bonin,Aye,1
1091,2016-04-28,Board of Directors - Regular Board Meeting,41602,,,APPROVED ON CONSENT CALENDAR,1820,James Butts,Absent,0
1091,2016-04-28,Board of Directors - Regular Board Meeting,41602,,,APPROVED ON CONSENT CALENDAR,283,Diane DuBois,Aye,1
1091,2016-04-28,Board of Directors - Regular Board Meeting,41602,,,APPROVED ON CONSENT CALENDAR,284,Jacquelyn Dupont-Walker,Aye,1
1091,2016-04-28,Board of Directors - Regular Board Meeting,41602,,,APPROVED ON CONSENT CALENDAR,285,Don Knabe,Aye,1
1091,2016-04-28,Board of Directors - Regular Board Meeting,41602,,,APPROVED ON CONSENT CALENDAR,286,Paul Krekorian,Absent,0
1091,2016-04-28,Board of Directors - Regular Board Meeting,41602,,,APPROVED ON CONSENT CALENDAR,287,Sheila Kuehl,Absent,0
1091,2016-04-28,Board of Directors - Regular Board Meeting,41602,,,APPROVED ON CONSENT CALENDAR,288,Ara J. Najarian,Aye,1
1091,2016-04-28,Board of Directors - Regular Board Meeting,41602,,,APPROVED ON CONSENT CALENDAR,290,Hilda L. Solis,Aye,1
1092,2016-04-14,Construction Committee,17772,18,2016-0131,RECEIVED AND FILED,285,Don Knabe,Aye,1
1092,2016-04-14,Construction Committee,17772,18,2016-0131,RECEIVED AND FILED,284,Jacquelyn Dupont-Walker,Aye,1
1092,2016-04-14,Construction Committee,17772,18,2016-0131,RECEIVED AND FILED,283,Diane DuBois,Aye,1
1092,2016-04-14,Construction Committee,17772,18,2016-0131,RECEIVED AND FILED,282,Mike Bonin,Absent,0
1092,2016-04-14,Construction Committee,17772,18,2016-0131,RECEIVED AND FILED,288,Ara J. Najarian,Absent,0
1092,2016-04-14,Construction Committee,17773,22,2016-0235,FORWARDED WITHOUT RECOMMENDATION,285,Don Knabe,Aye,1
1092,2016-04-14,Construction Committee,17773,22,2016-0235,FORWARDED WITHOUT RECOMMENDATION,284,Jacquelyn Dupont-Walker,Aye,1
1092,2016-04-14,Construction Committee,17773,22,2016-0235,FORWARDED WITHOUT RECOMMENDATION,283,Diane DuBois,Aye,1
1092,2016-04-14,Construction Committee,17773,22,2016-0235,FORWARDED WITHOUT RECOMMENDATION,282,Mike Bonin,Absent,0
1092,2016-04-14,Construction Committee,17773,22,2016-0235,FORWARDED WITHOUT RECOMMENDATION,288,Ara J. Najarian,Absent,0
1092,2016-04-14,Construction Committee,17945,19,2016-0279,REFERRED,285,Don Knabe,Aye,1
1092,2016-04-14,Construction Committee,17945,19,2016-0279,REFERRED,284,Jacquelyn Dupont-Walker,Aye,1
1092,2016-04-14,Construction Committee,17945,19,2016-0279,REFERRED,283,Diane DuBois,Aye,1
1092,2016-04-14,Construction Committee,17945,19,2016-0279,REFERRED,282,Mike Bonin,Absent,0
1092,2016-04-14,Construction Committee,17945,19,2016-0279,REFERRED,288,Ara J. Najarian,Absent,0
1093,2016-04-14,Executive Management Committee,17934,33,2016-0202,RECOMMENDED FOR APPROVAL,279,Mark Ridley-Thomas,Aye,1
1093,2016-04-14,Executive Management Committee,17934,33,2016-0202,RECOMMENDED FOR APPROVAL,280,John Fasana,Aye,1
1093,2016-04-14,Executive Management Committee,17934,33,2016-0202,RECOMMENDED FOR APPROVAL,281,Michael Antonovich,Absent,0
1093,2016-04-14,Executive Management Committee,17934,33,2016-0202,RECOMMENDED FOR APPROVAL,278,Eric Garcetti,Absent,0
1093,2016-04-14,Executive Management Committee,17934,33,2016-0202,RECOMMENDED FOR APPROVAL,286,Paul Krekorian,Aye,1
1093,2016-04-14,Executive Management Committee,17934,33,2016-0202,RECOMMENDED FOR APPROVAL,287,Sheila Kuehl,Aye,1
1093,2016-04-14,Executive Management Committee,17936,35,2016-0268,RECEIVED,279,Mark Ridley-Thomas,Aye,1
1093,2016-04-14,Executive Management Committee,17936,35,2016-0268,RECEIVED,280,John Fasana,Aye,1
1093,2016-04-14,Executive Management Committee,17936,35,2016-0268,RECEIVED,281,Michael Antonovich,Aye,1
1093,2016-04-14,Executive Management Committee,17936,35,2016-0268,RECEIVED,278,Eric Garcetti,Absent,0
1093,2016-04-14,Executive Management Committee,17936,35,2016-0268,RECEIVED,286,Paul Krekorian,Absent,0
1093,2016-04-14,Executive Management Committee,17936,35,2016-0268,RECEIVED,287,Sheila Kuehl,Aye,1
1093,2016-04-14,Executive Management Committee,17937,37,2016-0269,RECOMMENDED FOR APPROVAL,279,Mark Ridley-Thomas,Aye,1
1093,2016-04-14,Executive Management Committee,17937,37,2016-0269,RECOMMENDED FOR APPROVAL,280,John Fasana,Aye,1
1093,2016-04-14,Executive Management Committee,17937,37,2016-0269,RECOMMENDED FOR APPROVAL,281,Michael Antonovich,Aye,1
1093,2016-04-14,Executive Management Committee,17937,37,2016-0269,RECOMMENDED FOR APPROVAL,278,Eric Garcetti,Absent,0
1093,2016-04-14,Executive Management Committee,17937,37,2016-0269,RECOMMENDED FOR APPROVAL,286,Paul Krekorian,Absent,0
1093,2016-04-14,Executive Management Committee,17937,37,2016-0269,RECOMMENDED FOR APPROVAL,287,Sheila Kuehl,Aye,1
1093,2016-04-14,Executive Management Committee,17939,34,2016-0275,RECEIVED AND FILED,279,Mark Ridley-Thomas,Aye,1
1093,2016-04-14,Executive Management Committee,17939,34,2016-0275,RECEIVED AND FILED,280,John Fasana,Aye,1
1093,2016-04-14,Executive Management Committee,17939,34,2016-0275,RECEIVED AND FILED,281,Michael Antonovich,Absent,0
1093,2016-04-14,Executive Management Committee,17939,34,2016-0275,RECEIVED AND FILED,278,Eric Garcetti,Absent,0
1093,2016-04-14,Executive Management Committee,17939,34,2016-0275,RECEIVED AND FILED,286,Paul Krekorian,Aye,1
1093,2016-04-14,Executive Management Committee,17939,34,2016-0275,RECEIVED AND FILED,287,Sheila Kuehl,Aye,1
1093,2016-04-14,Executive Management Committee,17946,36,2016-0247,RECOMMENDED FOR APPROVAL,279,Mark Ridley-Thomas,Aye,1
1093,2016-04-14,Executive Management Committee,17946,36,2016-0247,RECOMMENDED FOR APPROVAL,280,John Fasana,Aye,1
1093,2016-04-14,Executive Management Committee,17946,36,2016-0247,RECOMMENDED FOR APPROVAL,281,Michael Antonovich,Aye,1
1093,2016-04-14,Executive Management Committee,17946,36,2016-0247,RECOMMENDED FOR APPROVAL,278,Eric Garcetti,Absent,0
1093,2016-04-14,Executive Management Committee,17946,36,2016-0247,RECOMMENDED FOR APPROVAL,286,Paul Krekorian,Absent,0
1093,2016-04-14,Executive Management Committee,17946,36,2016-0247,RECOMMENDED FOR APPROVAL,287,Sheila Kuehl,Aye,1
1093,2016-04-14,Executive Management Committee,18024,5,2015-1765,RECOMMENDED FOR APPROVAL,279,Mark Ridley-Thomas,Aye,1
1093,2016-04-14,Executive Management Committee,18024,5,2015-1765,RECOMMENDED FOR APPROVAL,280,John Fasana,Aye,1
1093,2016-04-14,Executive Management Committee,18024,5,2015-1765,RECOMMENDED FOR APPROVAL,281,Michael Antonovich,Absent,0
1093,2016-04-14,Executive Management Committee,18024,5,2015-1765,RECOMMENDED FOR APPROVAL,278,Eric Garcetti,Absent,0
1093,2016-04-14,Executive Management Committee,18024,5,2015-1765,RECOMMENDED FOR APPROVAL,286,Paul Krekorian,Absent,0
1093,2016-04-14,Executive Management Committee,18024,5,2015-1765,RECOMMENDED FOR APPROVAL,287,Sheila Kuehl,Aye,1
1093,2016-04-14,Executive Management Committee,18026,38,2016-0266,RECEIVED AND FILED,279,Mark Ridley-Thomas,Aye,1
1093,2016-04-14,Executive Management Committee,18026,38,2016-0266,RECEIVED AND FILED,280,John Fasana,Aye,1
1093,2016-04-14,Executive Management Committee,18026,38,2016-0266,RECEIVED AND FILED,281,Michael Antonovich,Absent,0
1093,2016-04-14,Executive Management Committee,18026,38,2016-0266,RECEIVED AND FILED,278,Eric Garcetti,Absent,0
1093,2016-04-14,Executive Management Committee,18026,38,2016-0266,RECEIVED AND FILED,286,Paul Krekorian,Aye,1
1093,2016-04-14,Executive Management Committee,18026,38,2016-0266,RECEIVED AND FILED,287,Sheila Kuehl,Aye,1
1093,2016-04-14,Executive Management Committee,41594,,,APPROVED ON CONSENT CALENDAR,279,Mark Ridley-Thomas,Aye,1
1093,2016-04-14,Executive Management Committee,41594,,,APPROVED ON CONSENT CALENDAR,280,John Fasana,Aye,1
1093,2016-04-14,Executive Management Committee,41594,,,APPROVED ON CONSENT CALENDAR,281,Michael Antonovich,Absent,0
1093,2016-04-14,Executive Management Committee,41594,,,APPROVED ON CONSENT CALENDAR,278,Eric Garcetti,Absent,0
1093,2016-04-14,Executive Management Committee,41594,,,APPROVED ON CONSENT CALENDAR,286,Paul Krekorian,Aye,1
1093,2016-04-14,Executive Management Committee,41594,,,APPROVED ON CONSENT CALENDAR,287,Sheila Kuehl,Aye,1
1096,2016-04-14,"System Safety, Security and Operations Committee",17864,27,2016-0076,RECEIVED,280,John Fasana,Aye,1
1096,2016-04-14,"System Safety, Security and Operations Committee",17864,27,2016-0076,RECEIVED,281,Michael Antonovich,Aye,1
1096,2016-04-14,"System Safety, Security and Operations Committee",17864,27,2016-0076,RECEIVED,284,Jacquelyn Dupont-Walker,Aye,1
1096,2016-04-14,"System Safety, Security and Operations Committee",17864,27,2016-0076,RECEIVED,285,Don Knabe,Aye,1
1096,2016-04-14,"System Safety, Security and Operations Committee",17864,27,2016-0076,RECEIVED,288,Ara J. Najarian,Absent,0
1096,2016-04-14,"System Safety, Security and Operations Committee",17867,28,2016-0153,RECOMMENDED FOR APPROVAL,280,John Fasana,Aye,1
1096,2016-04-14,"System Safety, Security and Operations Committee",17867,28,2016-0153,RECOMMENDED FOR APPROVAL,281,Michael Antonovich,Aye,1
1096,2016-04-14,"System Safety, Security and Operations Committee",17867,28,2016-0153,RECOMMENDED FOR APPROVAL,284,Jacquelyn Dupont-Walker,Aye,1
1096,2016-04-14,"System Safety, Security and Operations Committee",17867,28,2016-0153,RECOMMENDED FOR APPROVAL,285,Don Knabe,Absent,0
1096,2016-04-14,"System Safety, Security and Operations Committee",17867,28,2016-0153,RECOMMENDED FOR APPROVAL,288,Ara J. Najarian,Absent,0
1096,2016-04-14,"System Safety, Security and Operations Committee",17868,29,2016-0182,RECOMMENDED FOR APPROVAL,280,John Fasana,Aye,1
1096,2016-04-14,"System Safety, Security and Operations Committee",17868,29,2016-0182,RECOMMENDED FOR APPROVAL,281,Michael Antonovich,Aye,1
1096,2016-04-14,"System Safety, Security and Operations Committee",17868,29,2016-0182,RECOMMENDED FOR APPROVAL,284,Jacquelyn Dupont-Walker,Aye,1
1096,2016-04-14,"System Safety, Security and Operations Committee",17868,29,2016-0182,RECOMMENDED FOR APPROVAL,285,Don Knabe,Absent,0
1096,2016-04-14,"System Safety, Security and Operations Committee",17868,29,2016-0182,RECOMMENDED FOR APPROVAL,288,Ara J. Najarian,Absent,0
1096,2016-04-14,"System Safety, Security and Operations Committee",17869,30,2016-0003,RECOMMENDED FOR APPROVAL,280,John Fasana,Aye,1
1096,2016-04-14,"System Safety, Security and Operations Committee",17869,30,2016-0003,RECOMMENDED FOR APPROVAL,281,Michael Antonovich,Aye,1
1096,2016-04-14,"System Safety, Security and Operations Committee",17869,30,2016-0003,RECOMMENDED FOR APPROVAL,284,Jacquelyn Dupont-Walker,Aye,1
1096,2016-04-14,"System Safety, Security and Operations Committee",17869,30,2016-0003,RECOMMENDED FOR APPROVAL,285,Don Knabe,Absent,0
1096,2016-04-14,"System Safety, Security and Operations Committee",17869,30,2016-0003,RECOMMENDED FOR APPROVAL,288,Ara J. Najarian,Absent,0
1096,2016-04-14,"System Safety, Security and Operations Committee",17871,31,2016-0124,RECOMMENDED FOR APPROVAL,280,John Fasana,Aye,1
1096,2016-04-14,"System Safety, Security and Operations Committee",17871,31,2016-0124,RECOMMENDED FOR APPROVAL,281,Michael Antonovich,Aye,1
1096,2016-04-14,"System Safety, Security and Operations Committee",17871,31,2016-0124,RECOMMENDED FOR APPROVAL,284,Jacquelyn Dupont-Walker,Aye,1
1096,2016-04-14,"System Safety, Security and Operations Committee",17871,31,2016-0124,RECOMMENDED FOR APPROVAL,285,Don Knabe,Absent,0
1096,2016-04-14,"System Safety, Security and Operations Committee",17871,31,2016-0124,RECOMMENDED FOR APPROVAL,288,Ara J. Najarian,Absent,0
1096,2016-04-14,"System Safety, Security and Operations Committee",17872,25,2016-0265,RECEIVED AND FILED,280,John Fasana,Aye,1
1096,2016-04-14,"System Safety, Security and Operations Committee",17872,25,2016-0265,RECEIVED AND FILED,281,Michael Antonovich,Aye,1
1096,2016-04-14,"System Safety, Security and Operations Committee",17872,25,2016-0265,RECEIVED AND FILED,284,Jacquelyn Dupont-Walker,Aye,1
1096,2016-04-14,"System Safety, Security and Operations Committee",17872,25,2016-0265,RECEIVED AND FILED,285,Don Knabe,Aye,1
1096,2016-04-14,"System Safety, Security and Operations Committee",17872,25,2016-0265,RECEIVED AND FILED,288,Ara J. Najarian,Absent,0
1096,2016-04-14,"System Safety, Security and Operations Committee",18023,6,2015-1804,RECOMMENDED FOR APPROVAL,280,John Fasana,Aye,1
1096,2016-04-14,"System Safety, Security and Operations Committee",18023,6,2015-1804,RECOMMENDED FOR APPROVAL,281,Michael Antonovich,Aye,1
1096,2016-04-14,"System Safety, Security and Operations Committee",18023,6,2015-1804,RECOMMENDED FOR APPROVAL,284,Jacquelyn Dupont-Walker,Aye,1
1096,2016-04-14,"System Safety, Security and Operations Committee",18023,6,2015-1804,RECOMMENDED FOR APPROVAL,285,Don Knabe,Absent,0
1096,2016-04-14,"System Safety, Security and Operations Committee",18023,6,2015-1804,RECOMMENDED FOR APPROVAL,288,Ara J. Najarian,Absent,0
1096,2016-04-14,"System Safety, Security and Operations Committee",18030,39,2016-0325,RECOMMENDED FOR APPROVAL,280,John Fasana,Aye,1
1096,2016-04-14,"System Safety, Security and Operations Committee",18030,39,2016-0325,RECOMMENDED FOR APPROVAL,281,Michael Antonovich,Aye,1
1096,2016-04-14,"System Safety, Security and Operations Committee",18030,39,2016-0325,RECOMMENDED FOR APPROVAL,284,Jacquelyn Dupont-Walker,Aye,1
1096,2016-04-14,"System Safety, Security and Operations Committee",18030,39,2016-0325,RECOMMENDED FOR APPROVAL,285,Don Knabe,Absent,0
1096,2016-04-14,"System Safety, Security and Operations Committee",18030,39,2016-0325,RECOMMENDED FOR APPROVAL,288,Ara J. Najarian,Absent,0
1097,2016-05-26,Board of Directors - Regular Board Meeting,18479,42,2016-0337,RECEIVED AND FILED,279,Mark Ridley-Thomas,Aye,1
1097,2016-05-26,Board of Directors - Regular Board Meeting,18479,42,2016-0337,RECEIVED AND FILED,280,John Fasana,Aye,1
1097,2016-05-26,Board of Directors - Regular Board Meeting,18479,42,2016-0337,RECEIVED AND FILED,278,Eric Garcetti,Aye,1
1097,2016-05-26,Board of Directors - Regular Board Meeting,18479,42,2016-0337,RECEIVED AND FILED,281,Michael Antonovich,Aye,1
1097,2016-05-26,Board of Directors - Regular Board Meeting,18479,42,2016-0337,RECEIVED AND FILED,282,Mike Bonin,Absent,0
1097,2016-05-26,Board of Directors - Regular Board Meeting,18479,42,2016-0337,RECEIVED AND FILED,1820,James Butts,Absent,0
1097,2016-05-26,Board of Directors - Regular Board Meeting,18479,42,2016-0337,RECEIVED AND FILED,283,Diane DuBois,Aye,1
1097,2016-05-26,Board of Directors - Regular Board Meeting,18479,42,2016-0337,RECEIVED AND FILED,284,Jacquelyn Dupont-Walker,Aye,1
1097,2016-05-26,Board of Directors - Regular Board Meeting,18479,42,2016-0337,RECEIVED AND FILED,285,Don Knabe,Aye,1
1097,2016-05-26,Board of Directors - Regular Board Meeting,18479,42,2016-0337,RECEIVED AND FILED,286,Paul Krekorian,Aye,1
1097,2016-05-26,Board of Directors - Regular Board Meeting,18479,42,2016-0337,RECEIVED AND FILED,287,Sheila Kuehl,Aye,1
1097,2016-05-26,Board of Directors - Regular Board Meeting,18479,42,2016-0337,RECEIVED AND FILED,288,Ara J. Najarian,Aye,1
1097,2016-05-26,Board of Directors - Regular Board Meeting,18479,42,2016-0337,RECEIVED AND FILED,290,Hilda L. Solis,Aye,1
1097,2016-05-26,Board of Directors - Regular Board Meeting,18480,41,2016-0333,APPROVED,279,Mark Ridley-Thomas,Aye,1
1097,2016-05-26,Board of Directors - Regular Board Meeting,18480,41,2016-0333,APPROVED,280,John Fasana,Aye,1
1097,2016-05-26,Board of Directors - Regular Board Meeting,18480,41,2016-0333,APPROVED,278,Eric Garcetti,Aye,1
1097,2016-05-26,Board of Directors - Regular Board Meeting,18480,41,2016-0333,APPROVED,281,Michael Antonovich,Aye,1
1097,2016-05-26,Board of Directors - Regular Board Meeting,18480,41,2016-0333,APPROVED,282,Mike Bonin,Aye,1
1097,2016-05-26,Board of Directors - Regular Board Meeting,18480,41,2016-0333,APPROVED,1820,James Butts,Aye,1
1097,2016-05-26,Board of Directors - Regular Board Meeting,18480,41,2016-0333,APPROVED,283,Diane DuBois,Aye,1
1097,2016-05-26,Board of Directors - Regular Board Meeting,18480,41,2016-0333,APPROVED,284,Jacquelyn Dupont-Walker,Aye,1
1097,2016-05-26,Board of Directors - Regular Board Meeting,18480,41,2016-0333,APPROVED,285,Don Knabe,Aye,1
1097,2016-05-26,Board of Directors - Regular Board Meeting,18480,41,2016-0333,APPROVED,286,Paul Krekorian,Aye,1
1097,2016-05-26,Board of Directors - Regular Board Meeting,18480,41,2016-0333,APPROVED,287,Sheila Kuehl,Aye,1
1097,2016-05-26,Board of Directors - Regular Board Meeting,18480,41,2016-0333,APPROVED,288,Ara J. Najarian,Aye,1
1097,2016-05-26,Board of Directors - Regular Board Meeting,18480,41,2016-0333,APPROVED,290,Hilda L. Solis,Aye,1
1097,2016-05-26,Board of Directors - Regular Board Meeting,18481,40,2016-0393,ADOPTED,279,Mark Ridley-Thomas,Aye,1
1097,2016-05-26,Board of Directors - Regular Board Meeting,18481,40,2016-0393,ADOPTED,280,John Fasana,Aye,1
1097,2016-05-26,Board of Directors - Regular Board Meeting,18481,40,2016-0393,ADOPTED,278,Eric Garcetti,Absent,0
1097,2016-05-26,Board of Directors - Regular Board Meeting,18481,40,2016-0393,ADOPTED,281,Michael Antonovich,Absent,0
1097,2016-05-26,Board of Directors - Regular Board Meeting,18481,40,2016-0393,ADOPTED,282,Mike Bonin,Absent,0
1097,2016-05-26,Board of Directors - Regular Board Meeting,18481,40,2016-0393,ADOPTED,1820,James Butts,Absent,0
1097,2016-05-26,Board of Directors - Regular Board Meeting,18481,40,2016-0393,ADOPTED,283,Diane DuBois,Aye,1
1097,2016-05-26,Board of Directors - Regular Board Meeting,18481,40,2016-0393,ADOPTED,284,Jacquelyn Dupont-Walker,Aye,1
1097,2016-05-26,Board of Directors - Regular Board Meeting,18481,40,2016-0393,ADOPTED,285,Don Knabe,Absent,0
1097,2016-05-26,Board of Directors - Regular Board Meeting,18481,40,2016-0393,ADOPTED,286,Paul Krekorian,Aye,1
1097,2016-05-26,Board of Directors - Regular Board Meeting,18481,40,2016-0393,ADOPTED,287,Sheila Kuehl,Aye,1
1097,2016-05-26,Board of Directors - Regular Board Meeting,18481,40,2016-0393,ADOPTED,288,Ara J. Najarian,Aye,1
1097,2016-05-26,Board of Directors - Regular Board Meeting,18481,40,2016-0393,ADOPTED,290,Hilda L. Solis,Aye,1
1097,2016-05-26,Board of Directors - Regular Board Meeting,18482,38,2016-0372,APPROVED,279,Mark Ridley-Thomas,Aye,1
1097,2016-05-26,Board of Directors - Regular Board Meeting,18482,38,2016-0372,APPROVED,280,John Fasana,Absent,0
1097,2016-05-26,Board of Directors - Regular Board Meeting,18482,38,2016-0372,APPROVED,278,Eric Garcetti,Absent,0
1097,2016-05-26,Board of Directors - Regular Board Meeting,18482,38,2016-0372,APPROVED,281,Michael Antonovich,Absent,0
1097,2016-05-26,Board of Directors - Regular Board Meeting,18482,38,2016-0372,APPROVED,282,Mike Bonin,Aye,1
1097,2016-05-26,Board of Directors - Regular Board Meeting,18482,38,2016-0372,APPROVED,1820,James Butts,Absent,0
1097,2016-05-26,Board of Directors - Regular Board Meeting,18482,38,2016-0372,APPROVED,283,Diane DuBois,Aye,1
1097,2016-05-26,Board of Directors - Regular Board Meeting,18482,38,2016-0372,APPROVED,284,Jacquelyn Dupont-Walker,Aye,1
1097,2016-05-26,Board of Directors - Regular Board Meeting,18482,38,2016-0372,APPROVED,285,Don Knabe,Absent,0
1097,2016-05-26,Board of Directors - Regular Board Meeting,18482,38,2016-0372,APPROVED,286,Paul Krekorian,Aye,1
1097,2016-05-26,Board of Directors - Regular Board Meeting,18482,38,2016-0372,APPROVED,287,Sheila Kuehl,Aye,1
1097,2016-05-26,Board of Directors - Regular Board Meeting,18482,38,2016-0372,APPROVED,288,Ara J. Najarian,Aye,1
1097,2016-05-26,Board of Directors - Regular Board Meeting,18482,38,2016-0372,APPROVED,290,Hilda L. Solis,Aye,1
1097,2016-05-26,Board of Directors - Regular Board Meeting,18483,9,2016-0344,APPROVED,279,Mark Ridley-Thomas,Aye,1
1097,2016-05-26,Board of Directors - Regular Board Meeting,18483,9,2016-0344,APPROVED,280,John Fasana,Aye,1
1097,2016-05-26,Board of Directors - Regular Board Meeting,18483,9,2016-0344,APPROVED,278,Eric Garcetti,Aye,1
1097,2016-05-26,Board of Directors - Regular Board Meeting,18483,9,2016-0344,APPROVED,281,Michael Antonovich,Aye,1
1097,2016-05-26,Board of Directors - Regular Board Meeting,18483,9,2016-0344,APPROVED,282,Mike Bonin,Absent,0
1097,2016-05-26,Board of Directors - Regular Board Meeting,18483,9,2016-0344,APPROVED,1820,James Butts,Aye,1
1097,2016-05-26,Board of Directors - Regular Board Meeting,18483,9,2016-0344,APPROVED,283,Diane DuBois,Aye,1
1097,2016-05-26,Board of Directors - Regular Board Meeting,18483,9,2016-0344,APPROVED,284,Jacquelyn Dupont-Walker,Absent,0
1097,2016-05-26,Board of Directors - Regular Board Meeting,18483,9,2016-0344,APPROVED,285,Don Knabe,Aye,1
1097,2016-05-26,Board of Directors - Regular Board Meeting,18483,9,2016-0344,APPROVED,286,Paul Krekorian,Absent,0
1097,2016-05-26,Board of Directors - Regular Board Meeting,18483,9,2016-0344,APPROVED,287,Sheila Kuehl,Aye,1
1097,2016-05-26,Board of Directors - Regular Board Meeting,18483,9,2016-0344,APPROVED,288,Ara J. Najarian,Aye,1
1097,2016-05-26,Board of Directors - Regular Board Meeting,18483,9,2016-0344,APPROVED,290,Hilda L. Solis,Aye,1
1097,2016-05-26,Board of Directors - Regular Board Meeting,18486,12,2016-0329,APPROVED,279,Mark Ridley-Thomas,Aye,1
1097,2016-05-26,Board of Directors - Regular Board Meeting,18486,12,2016-0329,APPROVED,280,John Fasana,Aye,1
1097,2016-05-26,Board of Directors - Regular Board Meeting,18486,12,2016-0329,APPROVED,278,Eric Garcetti,Aye,1
1097,2016-05-26,Board of Directors - Regular Board Meeting,18486,12,2016-0329,APPROVED,281,Michael Antonovich,Aye,1
1097,2016-05-26,Board of Directors - Regular Board Meeting,18486,12,2016-0329,APPROVED,282,Mike Bonin,Absent,0
1097,2016-05-26,Board of Directors - Regular Board Meeting,18486,12,2016-0329,APPROVED,1820,James Butts,Aye,1
1097,2016-05-26,Board of Directors - Regular Board Meeting,18486,12,2016-0329,APPROVED,283,Diane DuBois,Aye,1
1097,2016-05-26,Board of Directors - Regular Board Meeting,18486,12,2016-0329,APPROVED,284,Jacquelyn Dupont-Walker,Absent,0
1097,2016-05-26,Board of Directors - Regular Board Meeting,18486,12,2016-0329,APPROVED,285,Don Knabe,Aye,1
1097,2016-05-26,Board of Directors - Regular Board Meeting,18486,12,2016-0329,APPROVED,286,Paul Krekorian,Absent,0
1097,2016-05-26,Board of Directors - Regular Board Meeting,18486,12,2016-0329,APPROVED,287,Sheila Kuehl,Aye,1
1097,2016-05-26,Board of Directors - Regular Board Meeting,18486,12,2016-0329,APPROVED,288,Ara J. Najarian,Aye,1
1097,2016-05-26,Board of Directors - Regular Board Meeting,18486,12,2016-0329,APPROVED,290,Hilda L. Solis,Aye,1
1097,2016-05-26,Board of Directors - Regular Board Meeting,18489,20,2016-0334,APPROVED,279,Mark Ridley-Thomas,Aye,1
1097,2016-05-26,Board of Directors - Regular Board Meeting,18489,20,2016-0334,APPROVED,280,John Fasana,Aye,1
1097,2016-05-26,Board of Directors - Regular Board Meeting,18489,20,2016-0334,APPROVED,278,Eric Garcetti,Aye,1
1097,2016-05-26,Board of Directors - Regular Board Meeting,18489,20,2016-0334,APPROVED,281,Michael Antonovich,Aye,1
1097,2016-05-26,Board of Directors - Regular Board Meeting,18489,20,2016-0334,APPROVED,282,Mike Bonin,Absent,0
1097,2016-05-26,Board of Directors - Regular Board Meeting,18489,20,2016-0334,APPROVED,1820,James Butts,Aye,1
1097,2016-05-26,Board of Directors - Regular Board Meeting,18489,20,2016-0334,APPROVED,283,Diane DuBois,Aye,1
1097,2016-05-26,Board of Directors - Regular Board Meeting,18489,20,2016-0334,APPROVED,284,Jacquelyn Dupont-Walker,Absent,0
1097,2016-05-26,Board of Directors - Regular Board Meeting,18489,20,2016-0334,APPROVED,285,Don Knabe,Aye,1
1097,2016-05-26,Board of Directors - Regular Board Meeting,18489,20,2016-0334,APPROVED,286,Paul Krekorian,Absent,0
1097,2016-05-26,Board of Directors - Regular Board Meeting,18489,20,2016-0334,APPROVED,287,Sheila Kuehl,Aye,1
1097,2016-05-26,Board of Directors - Regular Board Meeting,18489,20,2016-0334,APPROVED,288,Ara J. Najarian,Aye,1
1097,2016-05-26,Board of Directors - Regular Board Meeting,18489,20,2016-0334,APPROVED,290,Hilda L. Solis,Aye,1
1097,2016-05-26,Board of Directors - Regular Board Meeting,18490,14.1,2016-0442,APPROVED AS AMENDED,279,Mark Ridley-Thomas,Aye,1
1097,2016-05-26,Board of Directors - Regular Board Meeting,18490,14.1,2016-0442,APPROVED AS AMENDED,280,John Fasana,Aye,1
1097,2016-05-26,Board of Directors - Regular Board Meeting,18490,14.1,2016-0442,APPROVED AS AMENDED,278,Eric Garcetti,Aye,1
1097,2016-05-26,Board of Directors - Regular Board Meeting,18490,14.1,2016-0442,APPROVED AS AMENDED,281,Michael Antonovich,Absent,0
1097,2016-05-26,Board of Directors - Regular Board Meeting,18490,14.1,2016-0442,APPROVED AS AMENDED,282,Mike Bonin,Aye,1
1097,2016-05-26,Board of Directors - Regular Board Meeting,18490,14.1,2016-0442,APPROVED AS AMENDED,1820,James Butts,Aye,1
1097,2016-05-26,Board of Directors - Regular Board Meeting,18490,14.1,2016-0442,APPROVED AS AMENDED,283,Diane DuBois,Aye,1
1097,2016-05-26,Board of Directors - Regular Board Meeting,18490,14.1,2016-0442,APPROVED AS AMENDED,284,Jacquelyn Dupont-Walker,Aye,1
1097,2016-05-26,Board of Directors - Regular Board Meeting,18490,14.1,2016-0442,APPROVED AS AMENDED,285,Don Knabe,Absent,0
1097,2016-05-26,Board of Directors - Regular Board Meeting,18490,14.1,2016-0442,APPROVED AS AMENDED,286,Paul Krekorian,Aye,1
1097,2016-05-26,Board of Directors - Regular Board Meeting,18490,14.1,2016-0442,APPROVED AS AMENDED,287,Sheila Kuehl,Aye,1
1097,2016-05-26,Board of Directors - Regular Board Meeting,18490,14.1,2016-0442,APPROVED AS AMENDED,288,Ara J. Najarian,Aye,1
1097,2016-05-26,Board of Directors - Regular Board Meeting,18490,14.1,2016-0442,APPROVED AS AMENDED,290,Hilda L. Solis,Aye,1
1097,2016-05-26,Board of Directors - Regular Board Meeting,18490,14.1,2016-0442,APPROVED AS AMENDED,1821,Carrie Bowen,Aye,1
1097,2016-05-26,Board of Directors - Regular Board Meeting,18490,14.1,2016-0442,APPROVED AS AMENDED,1848,Phil Washington,Aye,1
1097,2016-05-26,Board of Directors - Regular Board Meeting,18497,21,2016-0326,APPROVED,279,Mark Ridley-Thomas,Aye,1
1097,2016-05-26,Board of Directors - Regular Board Meeting,18497,21,2016-0326,APPROVED,280,John Fasana,Aye,1
1097,2016-05-26,Board of Directors - Regular Board Meeting,18497,21,2016-0326,APPROVED,278,Eric Garcetti,Aye,1
1097,2016-05-26,Board of Directors - Regular Board Meeting,18497,21,2016-0326,APPROVED,281,Michael Antonovich,Aye,1
1097,2016-05-26,Board of Directors - Regular Board Meeting,18497,21,2016-0326,APPROVED,282,Mike Bonin,Absent,0
1097,2016-05-26,Board of Directors - Regular Board Meeting,18497,21,2016-0326,APPROVED,1820,James Butts,Aye,1
1097,2016-05-26,Board of Directors - Regular Board Meeting,18497,21,2016-0326,APPROVED,283,Diane DuBois,Aye,1
1097,2016-05-26,Board of Directors - Regular Board Meeting,18497,21,2016-0326,APPROVED,284,Jacquelyn Dupont-Walker,Absent,0
1097,2016-05-26,Board of Directors - Regular Board Meeting,18497,21,2016-0326,APPROVED,285,Don Knabe,Aye,1
1097,2016-05-26,Board of Directors - Regular Board Meeting,18497,21,2016-0326,APPROVED,286,Paul Krekorian,Absent,0
1097,2016-05-26,Board of Directors - Regular Board Meeting,18497,21,2016-0326,APPROVED,287,Sheila Kuehl,Aye,1
1097,2016-05-26,Board of Directors - Regular Board Meeting,18497,21,2016-0326,APPROVED,288,Ara J. Najarian,Aye,1
1097,2016-05-26,Board of Directors - Regular Board Meeting,18497,21,2016-0326,APPROVED,290,Hilda L. Solis,Aye,1
1097,2016-05-26,Board of Directors - Regular Board Meeting,18500,22,2016-0101,APPROVED,279,Mark Ridley-Thomas,Aye,1
1097,2016-05-26,Board of Directors - Regular Board Meeting,18500,22,2016-0101,APPROVED,280,John Fasana,Aye,1
1097,2016-05-26,Board of Directors - Regular Board Meeting,18500,22,2016-0101,APPROVED,278,Eric Garcetti,Aye,1
1097,2016-05-26,Board of Directors - Regular Board Meeting,18500,22,2016-0101,APPROVED,281,Michael Antonovich,Aye,1
1097,2016-05-26,Board of Directors - Regular Board Meeting,18500,22,2016-0101,APPROVED,282,Mike Bonin,Absent,0
1097,2016-05-26,Board of Directors - Regular Board Meeting,18500,22,2016-0101,APPROVED,1820,James Butts,Aye,1
1097,2016-05-26,Board of Directors - Regular Board Meeting,18500,22,2016-0101,APPROVED,283,Diane DuBois,Aye,1
1097,2016-05-26,Board of Directors - Regular Board Meeting,18500,22,2016-0101,APPROVED,284,Jacquelyn Dupont-Walker,Absent,0
1097,2016-05-26,Board of Directors - Regular Board Meeting,18500,22,2016-0101,APPROVED,285,Don Knabe,Aye,1
1097,2016-05-26,Board of Directors - Regular Board Meeting,18500,22,2016-0101,APPROVED,286,Paul Krekorian,Absent,0
1097,2016-05-26,Board of Directors - Regular Board Meeting,18500,22,2016-0101,APPROVED,287,Sheila Kuehl,Aye,1
1097,2016-05-26,Board of Directors - Regular Board Meeting,18500,22,2016-0101,APPROVED,288,Ara J. Najarian,Aye,1
1097,2016-05-26,Board of Directors - Regular Board Meeting,18500,22,2016-0101,APPROVED,290,Hilda L. Solis,Aye,1
1097,2016-05-26,Board of Directors - Regular Board Meeting,18502,23,2016-0365,APPROVED,279,Mark Ridley-Thomas,Aye,1
1097,2016-05-26,Board of Directors - Regular Board Meeting,18502,23,2016-0365,APPROVED,280,John Fasana,Aye,1
1097,2016-05-26,Board of Directors - Regular Board Meeting,18502,23,2016-0365,APPROVED,278,Eric Garcetti,Aye,1
1097,2016-05-26,Board of Directors - Regular Board Meeting,18502,23,2016-0365,APPROVED,281,Michael Antonovich,Aye,1
1097,2016-05-26,Board of Directors - Regular Board Meeting,18502,23,2016-0365,APPROVED,282,Mike Bonin,Absent,0
1097,2016-05-26,Board of Directors - Regular Board Meeting,18502,23,2016-0365,APPROVED,1820,James Butts,Aye,1
1097,2016-05-26,Board of Directors - Regular Board Meeting,18502,23,2016-0365,APPROVED,283,Diane DuBois,Aye,1
1097,2016-05-26,Board of Directors - Regular Board Meeting,18502,23,2016-0365,APPROVED,284,Jacquelyn Dupont-Walker,Absent,0
1097,2016-05-26,Board of Directors - Regular Board Meeting,18502,23,2016-0365,APPROVED,285,Don Knabe,Aye,1
1097,2016-05-26,Board of Directors - Regular Board Meeting,18502,23,2016-0365,APPROVED,286,Paul Krekorian,Absent,0
1097,2016-05-26,Board of Directors - Regular Board Meeting,18502,23,2016-0365,APPROVED,287,Sheila Kuehl,Aye,1
1097,2016-05-26,Board of Directors - Regular Board Meeting,18502,23,2016-0365,APPROVED,288,Ara J. Najarian,Aye,1
1097,2016-05-26,Board of Directors - Regular Board Meeting,18502,23,2016-0365,APPROVED,290,Hilda L. Solis,Aye,1
1097,2016-05-26,Board of Directors - Regular Board Meeting,18504,2,2016-0396,APPROVED,279,Mark Ridley-Thomas,Aye,1
1097,2016-05-26,Board of Directors - Regular Board Meeting,18504,2,2016-0396,APPROVED,280,John Fasana,Aye,1
1097,2016-05-26,Board of Directors - Regular Board Meeting,18504,2,2016-0396,APPROVED,278,Eric Garcetti,Aye,1
1097,2016-05-26,Board of Directors - Regular Board Meeting,18504,2,2016-0396,APPROVED,281,Michael Antonovich,Aye,1
1097,2016-05-26,Board of Directors - Regular Board Meeting,18504,2,2016-0396,APPROVED,282,Mike Bonin,Absent,0
1097,2016-05-26,Board of Directors - Regular Board Meeting,18504,2,2016-0396,APPROVED,1820,James Butts,Aye,1
1097,2016-05-26,Board of Directors - Regular Board Meeting,18504,2,2016-0396,APPROVED,283,Diane DuBois,Aye,1
1097,2016-05-26,Board of Directors - Regular Board Meeting,18504,2,2016-0396,APPROVED,284,Jacquelyn Dupont-Walker,Absent,0
1097,2016-05-26,Board of Directors - Regular Board Meeting,18504,2,2016-0396,APPROVED,285,Don Knabe,Aye,1
1097,2016-05-26,Board of Directors - Regular Board Meeting,18504,2,2016-0396,APPROVED,286,Paul Krekorian,Absent,0
1097,2016-05-26,Board of Directors - Regular Board Meeting,18504,2,2016-0396,APPROVED,287,Sheila Kuehl,Aye,1
1097,2016-05-26,Board of Directors - Regular Board Meeting,18504,2,2016-0396,APPROVED,288,Ara J. Najarian,Aye,1
1097,2016-05-26,Board of Directors - Regular Board Meeting,18504,2,2016-0396,APPROVED,290,Hilda L. Solis,Aye,1
1097,2016-05-26,Board of Directors - Regular Board Meeting,18506,26,2016-0283,RECEIVED AND FILED,279,Mark Ridley-Thomas,Aye,1
1097,2016-05-26,Board of Directors - Regular Board Meeting,18506,26,2016-0283,RECEIVED AND FILED,280,John Fasana,Aye,1
1097,2016-05-26,Board of Directors - Regular Board Meeting,18506,26,2016-0283,RECEIVED AND FILED,278,Eric Garcetti,Aye,1
1097,2016-05-26,Board of Directors - Regular Board Meeting,18506,26,2016-0283,RECEIVED AND FILED,281,Michael Antonovich,Aye,1
1097,2016-05-26,Board of Directors - Regular Board Meeting,18506,26,2016-0283,RECEIVED AND FILED,282,Mike Bonin,Absent,0
1097,2016-05-26,Board of Directors - Regular Board Meeting,18506,26,2016-0283,RECEIVED AND FILED,1820,James Butts,Aye,1
1097,2016-05-26,Board of Directors - Regular Board Meeting,18506,26,2016-0283,RECEIVED AND FILED,283,Diane DuBois,Aye,1
1097,2016-05-26,Board of Directors - Regular Board Meeting,18506,26,2016-0283,RECEIVED AND FILED,284,Jacquelyn Dupont-Walker,Absent,0
1097,2016-05-26,Board of Directors - Regular Board Meeting,18506,26,2016-0283,RECEIVED AND FILED,285,Don Knabe,Aye,1
1097,2016-05-26,Board of Directors - Regular Board Meeting,18506,26,2016-0283,RECEIVED AND FILED,286,Paul Krekorian,Absent,0
1097,2016-05-26,Board of Directors - Regular Board Meeting,18506,26,2016-0283,RECEIVED AND FILED,287,Sheila Kuehl,Aye,1
1097,2016-05-26,Board of Directors - Regular Board Meeting,18506,26,2016-0283,RECEIVED AND FILED,288,Ara J. Najarian,Aye,1
1097,2016-05-26,Board of Directors - Regular Board Meeting,18506,26,2016-0283,RECEIVED AND FILED,290,Hilda L. Solis,Aye,1
1097,2016-05-26,Board of Directors - Regular Board Meeting,18509,29,2016-0171,APPROVED,279,Mark Ridley-Thomas,Aye,1
1097,2016-05-26,Board of Directors - Regular Board Meeting,18509,29,2016-0171,APPROVED,280,John Fasana,Aye,1
1097,2016-05-26,Board of Directors - Regular Board Meeting,18509,29,2016-0171,APPROVED,278,Eric Garcetti,Aye,1
1097,2016-05-26,Board of Directors - Regular Board Meeting,18509,29,2016-0171,APPROVED,281,Michael Antonovich,Absent,0
1097,2016-05-26,Board of Directors - Regular Board Meeting,18509,29,2016-0171,APPROVED,282,Mike Bonin,Aye,1
1097,2016-05-26,Board of Directors - Regular Board Meeting,18509,29,2016-0171,APPROVED,1820,James Butts,Aye,1
1097,2016-05-26,Board of Directors - Regular Board Meeting,18509,29,2016-0171,APPROVED,283,Diane DuBois,Aye,1
1097,2016-05-26,Board of Directors - Regular Board Meeting,18509,29,2016-0171,APPROVED,284,Jacquelyn Dupont-Walker,Aye,1
1097,2016-05-26,Board of Directors - Regular Board Meeting,18509,29,2016-0171,APPROVED,285,Don Knabe,Absent,0
1097,2016-05-26,Board of Directors - Regular Board Meeting,18509,29,2016-0171,APPROVED,286,Paul Krekorian,Aye,1
1097,2016-05-26,Board of Directors - Regular Board Meeting,18509,29,2016-0171,APPROVED,287,Sheila Kuehl,Aye,1
1097,2016-05-26,Board of Directors - Regular Board Meeting,18509,29,2016-0171,APPROVED,288,Ara J. Najarian,Aye,1
1097,2016-05-26,Board of Directors - Regular Board Meeting,18509,29,2016-0171,APPROVED,290,Hilda L. Solis,Aye,1
1097,2016-05-26,Board of Directors - Regular Board Meeting,18511,37,2016-0360,APPROVED,279,Mark Ridley-Thomas,Aye,1
1097,2016-05-26,Board of Directors - Regular Board Meeting,18511,37,2016-0360,APPROVED,280,John Fasana,Aye,1
1097,2016-05-26,Board of Directors - Regular Board Meeting,18511,37,2016-0360,APPROVED,278,Eric Garcetti,Aye,1
1097,2016-05-26,Board of Directors - Regular Board Meeting,18511,37,2016-0360,APPROVED,281,Michael Antonovich,Aye,1
1097,2016-05-26,Board of Directors - Regular Board Meeting,18511,37,2016-0360,APPROVED,282,Mike Bonin,Absent,0
1097,2016-05-26,Board of Directors - Regular Board Meeting,18511,37,2016-0360,APPROVED,1820,James Butts,Aye,1
1097,2016-05-26,Board of Directors - Regular Board Meeting,18511,37,2016-0360,APPROVED,283,Diane DuBois,Aye,1
1097,2016-05-26,Board of Directors - Regular Board Meeting,18511,37,2016-0360,APPROVED,284,Jacquelyn Dupont-Walker,Absent,0
1097,2016-05-26,Board of Directors - Regular Board Meeting,18511,37,2016-0360,APPROVED,285,Don Knabe,Aye,1
1097,2016-05-26,Board of Directors - Regular Board Meeting,18511,37,2016-0360,APPROVED,286,Paul Krekorian,Absent,0
1097,2016-05-26,Board of Directors - Regular Board Meeting,18511,37,2016-0360,APPROVED,287,Sheila Kuehl,Aye,1
1097,2016-05-26,Board of Directors - Regular Board Meeting,18511,37,2016-0360,APPROVED,288,Ara J. Najarian,Aye,1
1097,2016-05-26,Board of Directors - Regular Board Meeting,18511,37,2016-0360,APPROVED,290,Hilda L. Solis,Aye,1
1097,2016-05-26,Board of Directors - Regular Board Meeting,18513,33,2016-0411,APPROVED,279,Mark Ridley-Thomas,Aye,1
1097,2016-05-26,Board of Directors - Regular Board Meeting,18513,33,2016-0411,APPROVED,280,John Fasana,Aye,1
1097,2016-05-26,Board of Directors - Regular Board Meeting,18513,33,2016-0411,APPROVED,278,Eric Garcetti,Aye,1
1097,2016-05-26,Board of Directors - Regular Board Meeting,18513,33,2016-0411,APPROVED,281,Michael Antonovich,Aye,1
1097,2016-05-26,Board of Directors - Regular Board Meeting,18513,33,2016-0411,APPROVED,282,Mike Bonin,Absent,0
1097,2016-05-26,Board of Directors - Regular Board Meeting,18513,33,2016-0411,APPROVED,1820,James Butts,Aye,1
1097,2016-05-26,Board of Directors - Regular Board Meeting,18513,33,2016-0411,APPROVED,283,Diane DuBois,Aye,1
1097,2016-05-26,Board of Directors - Regular Board Meeting,18513,33,2016-0411,APPROVED,284,Jacquelyn Dupont-Walker,Absent,0
1097,2016-05-26,Board of Directors - Regular Board Meeting,18513,33,2016-0411,APPROVED,285,Don Knabe,Aye,1
1097,2016-05-26,Board of Directors - Regular Board Meeting,18513,33,2016-0411,APPROVED,286,Paul Krekorian,Absent,0
1097,2016-05-26,Board of Directors - Regular Board Meeting,18513,33,2016-0411,APPROVED,287,Sheila Kuehl,Aye,1
1097,2016-05-26,Board of Directors - Regular Board Meeting,18513,33,2016-0411,APPROVED,288,Ara J. Najarian,Aye,1
1097,2016-05-26,Board of Directors - Regular Board Meeting,18513,33,2016-0411,APPROVED,290,Hilda L. Solis,Aye,1
1097,2016-05-26,Board of Directors - Regular Board Meeting,18514,32,2016-0052,APPROVED,279,Mark Ridley-Thomas,Aye,1
1097,2016-05-26,Board of Directors - Regular Board Meeting,18514,32,2016-0052,APPROVED,280,John Fasana,Aye,1
1097,2016-05-26,Board of Directors - Regular Board Meeting,18514,32,2016-0052,APPROVED,278,Eric Garcetti,Aye,1
1097,2016-05-26,Board of Directors - Regular Board Meeting,18514,32,2016-0052,APPROVED,281,Michael Antonovich,Aye,1
1097,2016-05-26,Board of Directors - Regular Board Meeting,18514,32,2016-0052,APPROVED,282,Mike Bonin,Absent,0
1097,2016-05-26,Board of Directors - Regular Board Meeting,18514,32,2016-0052,APPROVED,1820,James Butts,Aye,1
1097,2016-05-26,Board of Directors - Regular Board Meeting,18514,32,2016-0052,APPROVED,283,Diane DuBois,Aye,1
1097,2016-05-26,Board of Directors - Regular Board Meeting,18514,32,2016-0052,APPROVED,284,Jacquelyn Dupont-Walker,Absent,0
1097,2016-05-26,Board of Directors - Regular Board Meeting,18514,32,2016-0052,APPROVED,285,Don Knabe,Aye,1
1097,2016-05-26,Board of Directors - Regular Board Meeting,18514,32,2016-0052,APPROVED,286,Paul Krekorian,Absent,0
1097,2016-05-26,Board of Directors - Regular Board Meeting,18514,32,2016-0052,APPROVED,287,Sheila Kuehl,Aye,1
1097,2016-05-26,Board of Directors - Regular Board Meeting,18514,32,2016-0052,APPROVED,288,Ara J. Najarian,Aye,1
1097,2016-05-26,Board of Directors - Regular Board Meeting,18514,32,2016-0052,APPROVED,290,Hilda L. Solis,Aye,1
1097,2016-05-26,Board of Directors - Regular Board Meeting,18515,31,2015-1785,APPROVED,279,Mark Ridley-Thomas,Aye,1
1097,2016-05-26,Board of Directors - Regular Board Meeting,18515,31,2015-1785,APPROVED,280,John Fasana,Aye,1
1097,2016-05-26,Board of Directors - Regular Board Meeting,18515,31,2015-1785,APPROVED,278,Eric Garcetti,Aye,1
1097,2016-05-26,Board of Directors - Regular Board Meeting,18515,31,2015-1785,APPROVED,281,Michael Antonovich,Aye,1
1097,2016-05-26,Board of Directors - Regular Board Meeting,18515,31,2015-1785,APPROVED,282,Mike Bonin,Absent,0
1097,2016-05-26,Board of Directors - Regular Board Meeting,18515,31,2015-1785,APPROVED,1820,James Butts,Aye,1
1097,2016-05-26,Board of Directors - Regular Board Meeting,18515,31,2015-1785,APPROVED,283,Diane DuBois,Aye,1
1097,2016-05-26,Board of Directors - Regular Board Meeting,18515,31,2015-1785,APPROVED,284,Jacquelyn Dupont-Walker,Absent,0
1097,2016-05-26,Board of Directors - Regular Board Meeting,18515,31,2015-1785,APPROVED,285,Don Knabe,Aye,1
1097,2016-05-26,Board of Directors - Regular Board Meeting,18515,31,2015-1785,APPROVED,286,Paul Krekorian,Absent,0
1097,2016-05-26,Board of Directors - Regular Board Meeting,18515,31,2015-1785,APPROVED,287,Sheila Kuehl,Aye,1
1097,2016-05-26,Board of Directors - Regular Board Meeting,18515,31,2015-1785,APPROVED,288,Ara J. Najarian,Aye,1
1097,2016-05-26,Board of Directors - Regular Board Meeting,18515,31,2015-1785,APPROVED,290,Hilda L. Solis,Aye,1
1097,2016-05-26,Board of Directors - Regular Board Meeting,18521,18,2016-0456,APPROVED,279,Mark Ridley-Thomas,Aye,1
1097,2016-05-26,Board of Directors - Regular Board Meeting,18521,18,2016-0456,APPROVED,280,John Fasana,Aye,1
1097,2016-05-26,Board of Directors - Regular Board Meeting,18521,18,2016-0456,APPROVED,278,Eric Garcetti,Aye,1
1097,2016-05-26,Board of Directors - Regular Board Meeting,18521,18,2016-0456,APPROVED,281,Michael Antonovich,Aye,1
1097,2016-05-26,Board of Directors - Regular Board Meeting,18521,18,2016-0456,APPROVED,282,Mike Bonin,Absent,0
1097,2016-05-26,Board of Directors - Regular Board Meeting,18521,18,2016-0456,APPROVED,1820,James Butts,Aye,1
1097,2016-05-26,Board of Directors - Regular Board Meeting,18521,18,2016-0456,APPROVED,283,Diane DuBois,Aye,1
1097,2016-05-26,Board of Directors - Regular Board Meeting,18521,18,2016-0456,APPROVED,284,Jacquelyn Dupont-Walker,Absent,0
1097,2016-05-26,Board of Directors - Regular Board Meeting,18521,18,2016-0456,APPROVED,285,Don Knabe,Aye,1
1097,2016-05-26,Board of Directors - Regular Board Meeting,18521,18,2016-0456,APPROVED,286,Paul Krekorian,Absent,0
1097,2016-05-26,Board of Directors - Regular Board Meeting,18521,18,2016-0456,APPROVED,287,Sheila Kuehl,Aye,1
1097,2016-05-26,Board of Directors - Regular Board Meeting,18521,18,2016-0456,APPROVED,288,Ara J. Najarian,Aye,1
1097,2016-05-26,Board of Directors - Regular Board Meeting,18521,18,2016-0456,APPROVED,290,Hilda L. Solis,Aye,1
1097,2016-05-26,Board of Directors - Regular Board Meeting,18523,35.1,2016-0455,APPROVED AS AMENDED,279,Mark Ridley-Thomas,Aye,1
1097,2016-05-26,Board of Directors - Regular Board Meeting,18523,35.1,2016-0455,APPROVED AS AMENDED,280,John Fasana,Aye,1
1097,2016-05-26,Board of Directors - Regular Board Meeting,18523,35.1,2016-0455,APPROVED AS AMENDED,278,Eric Garcetti,Aye,1
1097,2016-05-26,Board of Directors - Regular Board Meeting,18523,35.1,2016-0455,APPROVED AS AMENDED,281,Michael Antonovich,Absent,0
1097,2016-05-26,Board of Directors - Regular Board Meeting,18523,35.1,2016-0455,APPROVED AS AMENDED,282,Mike Bonin,Aye,1
1097,2016-05-26,Board of Directors - Regular Board Meeting,18523,35.1,2016-0455,APPROVED AS AMENDED,1820,James Butts,Aye,1
1097,2016-05-26,Board of Directors - Regular Board Meeting,18523,35.1,2016-0455,APPROVED AS AMENDED,283,Diane DuBois,Aye,1
1097,2016-05-26,Board of Directors - Regular Board Meeting,18523,35.1,2016-0455,APPROVED AS AMENDED,284,Jacquelyn Dupont-Walker,Aye,1
1097,2016-05-26,Board of Directors - Regular Board Meeting,18523,35.1,2016-0455,APPROVED AS AMENDED,285,Don Knabe,Absent,0
1097,2016-05-26,Board of Directors - Regular Board Meeting,18523,35.1,2016-0455,APPROVED AS AMENDED,286,Paul Krekorian,Aye,1
1097,2016-05-26,Board of Directors - Regular Board Meeting,18523,35.1,2016-0455,APPROVED AS AMENDED,287,Sheila Kuehl,Aye,1
1097,2016-05-26,Board of Directors - Regular Board Meeting,18523,35.1,2016-0455,APPROVED AS AMENDED,288,Ara J. Najarian,Aye,1
1097,2016-05-26,Board of Directors - Regular Board Meeting,18523,35.1,2016-0455,APPROVED AS AMENDED,290,Hilda L. Solis,Aye,1
1097,2016-05-26,Board of Directors - Regular Board Meeting,18523,35.1,2016-0455,APPROVED AS AMENDED,1821,Carrie Bowen,Aye,1
1097,2016-05-26,Board of Directors - Regular Board Meeting,18523,35.1,2016-0455,APPROVED AS AMENDED,1861,Shirley Choate,Aye,1
1097,2016-05-26,Board of Directors - Regular Board Meeting,18523,35.1,2016-0455,APPROVED AS AMENDED,1848,Phil Washington,Aye,1
1097,2016-05-26,Board of Directors - Regular Board Meeting,18524,43,2016-0286,RECEIVED AND FILED,279,Mark Ridley-Thomas,Aye,1
1097,2016-05-26,Board of Directors - Regular Board Meeting,18524,43,2016-0286,RECEIVED AND FILED,280,John Fasana,Aye,1
1097,2016-05-26,Board of Directors - Regular Board Meeting,18524,43,2016-0286,RECEIVED AND FILED,278,Eric Garcetti,Aye,1
1097,2016-05-26,Board of Directors - Regular Board Meeting,18524,43,2016-0286,RECEIVED AND FILED,281,Michael Antonovich,Absent,0
1097,2016-05-26,Board of Directors - Regular Board Meeting,18524,43,2016-0286,RECEIVED AND FILED,282,Mike Bonin,Aye,1
1097,2016-05-26,Board of Directors - Regular Board Meeting,18524,43,2016-0286,RECEIVED AND FILED,1820,James Butts,Absent,0
1097,2016-05-26,Board of Directors - Regular Board Meeting,18524,43,2016-0286,RECEIVED AND FILED,283,Diane DuBois,Aye,1
1097,2016-05-26,Board of Directors - Regular Board Meeting,18524,43,2016-0286,RECEIVED AND FILED,284,Jacquelyn Dupont-Walker,Aye,1
1097,2016-05-26,Board of Directors - Regular Board Meeting,18524,43,2016-0286,RECEIVED AND FILED,285,Don Knabe,Absent,0
1097,2016-05-26,Board of Directors - Regular Board Meeting,18524,43,2016-0286,RECEIVED AND FILED,286,Paul Krekorian,Aye,1
1097,2016-05-26,Board of Directors - Regular Board Meeting,18524,43,2016-0286,RECEIVED AND FILED,287,Sheila Kuehl,Aye,1
1097,2016-05-26,Board of Directors - Regular Board Meeting,18524,43,2016-0286,RECEIVED AND FILED,288,Ara J. Najarian,Aye,1
1097,2016-05-26,Board of Directors - Regular Board Meeting,18524,43,2016-0286,RECEIVED AND FILED,290,Hilda L. Solis,Aye,1
1097,2016-05-26,Board of Directors - Regular Board Meeting,18532,4,2016-0461,RECEIVED,279,Mark Ridley-Thomas,Aye,1
1097,2016-05-26,Board of Directors - Regular Board Meeting,18532,4,2016-0461,RECEIVED,280,John Fasana,Aye,1
1097,2016-05-26,Board of Directors - Regular Board Meeting,18532,4,2016-0461,RECEIVED,278,Eric Garcetti,Aye,1
1097,2016-05-26,Board of Directors - Regular Board Meeting,18532,4,2016-0461,RECEIVED,281,Michael Antonovich,Aye,1
1097,2016-05-26,Board of Directors - Regular Board Meeting,18532,4,2016-0461,RECEIVED,282,Mike Bonin,Aye,1
1097,2016-05-26,Board of Directors - Regular Board Meeting,18532,4,2016-0461,RECEIVED,1820,James Butts,Aye,1
1097,2016-05-26,Board of Directors - Regular Board Meeting,18532,4,2016-0461,RECEIVED,283,Diane DuBois,Aye,1
1097,2016-05-26,Board of Directors - Regular Board Meeting,18532,4,2016-0461,RECEIVED,284,Jacquelyn Dupont-Walker,Aye,1
1097,2016-05-26,Board of Directors - Regular Board Meeting,18532,4,2016-0461,RECEIVED,285,Don Knabe,Aye,1
1097,2016-05-26,Board of Directors - Regular Board Meeting,18532,4,2016-0461,RECEIVED,286,Paul Krekorian,Aye,1
1097,2016-05-26,Board of Directors - Regular Board Meeting,18532,4,2016-0461,RECEIVED,287,Sheila Kuehl,Aye,1
1097,2016-05-26,Board of Directors - Regular Board Meeting,18532,4,2016-0461,RECEIVED,288,Ara J. Najarian,Aye,1
1097,2016-05-26,Board of Directors - Regular Board Meeting,18532,4,2016-0461,RECEIVED,290,Hilda L. Solis,Absent,0
1097,2016-05-26,Board of Directors - Regular Board Meeting,18533,3,2016-0460,RECEIVED,279,Mark Ridley-Thomas,Aye,1
1097,2016-05-26,Board of Directors - Regular Board Meeting,18533,3,2016-0460,RECEIVED,280,John Fasana,Aye,1
1097,2016-05-26,Board of Directors - Regular Board Meeting,18533,3,2016-0460,RECEIVED,278,Eric Garcetti,Aye,1
1097,2016-05-26,Board of Directors - Regular Board Meeting,18533,3,2016-0460,RECEIVED,281,Michael Antonovich,Aye,1
1097,2016-05-26,Board of Directors - Regular Board Meeting,18533,3,2016-0460,RECEIVED,282,Mike Bonin,Aye,1
1097,2016-05-26,Board of Directors - Regular Board Meeting,18533,3,2016-0460,RECEIVED,1820,James Butts,Aye,1
1097,2016-05-26,Board of Directors - Regular Board Meeting,18533,3,2016-0460,RECEIVED,283,Diane DuBois,Aye,1
1097,2016-05-26,Board of Directors - Regular Board Meeting,18533,3,2016-0460,RECEIVED,284,Jacquelyn Dupont-Walker,Aye,1
1097,2016-05-26,Board of Directors - Regular Board Meeting,18533,3,2016-0460,RECEIVED,285,Don Knabe,Aye,1
1097,2016-05-26,Board of Directors - Regular Board Meeting,18533,3,2016-0460,RECEIVED,286,Paul Krekorian,Aye,1
1097,2016-05-26,Board of Directors - Regular Board Meeting,18533,3,2016-0460,RECEIVED,287,Sheila Kuehl,Aye,1
1097,2016-05-26,Board of Directors - Regular Board Meeting,18533,3,2016-0460,RECEIVED,288,Ara J. Najarian,Aye,1
1097,2016-05-26,Board of Directors - Regular Board Meeting,18533,3,2016-0460,RECEIVED,290,Hilda L. Solis,Aye,1
1097,2016-05-26,Board of Directors - Regular Board Meeting,41635,14,2016-0108,APPROVED AS AMENDED,279,Mark Ridley-Thomas,Aye,1
1097,2016-05-26,Board of Directors - Regular Board Meeting,41635,14,2016-0108,APPROVED AS AMENDED,280,John Fasana,Aye,1
1097,2016-05-26,Board of Directors - Regular Board Meeting,41635,14,2016-0108,APPROVED AS AMENDED,278,Eric Garcetti,Aye,1
1097,2016-05-26,Board of Directors - Regular Board Meeting,41635,14,2016-0108,APPROVED AS AMENDED,281,Michael Antonovich,Absent,0
1097,2016-05-26,Board of Directors - Regular Board Meeting,41635,14,2016-0108,APPROVED AS AMENDED,282,Mike Bonin,Aye,1
1097,2016-05-26,Board of Directors - Regular Board Meeting,41635,14,2016-0108,APPROVED AS AMENDED,1820,James Butts,Aye,1
1097,2016-05-26,Board of Directors - Regular Board Meeting,41635,14,2016-0108,APPROVED AS AMENDED,283,Diane DuBois,Aye,1
1097,2016-05-26,Board of Directors - Regular Board Meeting,41635,14,2016-0108,APPROVED AS AMENDED,284,Jacquelyn Dupont-Walker,Aye,1
1097,2016-05-26,Board of Directors - Regular Board Meeting,41635,14,2016-0108,APPROVED AS AMENDED,285,Don Knabe,Absent,0
1097,2016-05-26,Board of Directors - Regular Board Meeting,41635,14,2016-0108,APPROVED AS AMENDED,286,Paul Krekorian,Aye,1
1097,2016-05-26,Board of Directors - Regular Board Meeting,41635,14,2016-0108,APPROVED AS AMENDED,287,Sheila Kuehl,Aye,1
1097,2016-05-26,Board of Directors - Regular Board Meeting,41635,14,2016-0108,APPROVED AS AMENDED,288,Ara J. Najarian,Aye,1
1097,2016-05-26,Board of Directors - Regular Board Meeting,41635,14,2016-0108,APPROVED AS AMENDED,290,Hilda L. Solis,Aye,1
1097,2016-05-26,Board of Directors - Regular Board Meeting,41636,35,2016-0392,APPROVED,279,Mark Ridley-Thomas,Aye,1
1097,2016-05-26,Board of Directors - Regular Board Meeting,41636,35,2016-0392,APPROVED,280,John Fasana,Aye,1
1097,2016-05-26,Board of Directors - Regular Board Meeting,41636,35,2016-0392,APPROVED,278,Eric Garcetti,Aye,1
1097,2016-05-26,Board of Directors - Regular Board Meeting,41636,35,2016-0392,APPROVED,281,Michael Antonovich,Absent,0
1097,2016-05-26,Board of Directors - Regular Board Meeting,41636,35,2016-0392,APPROVED,282,Mike Bonin,Aye,1
1097,2016-05-26,Board of Directors - Regular Board Meeting,41636,35,2016-0392,APPROVED,1820,James Butts,Aye,1
1097,2016-05-26,Board of Directors - Regular Board Meeting,41636,35,2016-0392,APPROVED,283,Diane DuBois,Aye,1
1097,2016-05-26,Board of Directors - Regular Board Meeting,41636,35,2016-0392,APPROVED,284,Jacquelyn Dupont-Walker,Aye,1
1097,2016-05-26,Board of Directors - Regular Board Meeting,41636,35,2016-0392,APPROVED,285,Don Knabe,Absent,0
1097,2016-05-26,Board of Directors - Regular Board Meeting,41636,35,2016-0392,APPROVED,286,Paul Krekorian,Aye,1
1097,2016-05-26,Board of Directors - Regular Board Meeting,41636,35,2016-0392,APPROVED,287,Sheila Kuehl,Aye,1
1097,2016-05-26,Board of Directors - Regular Board Meeting,41636,35,2016-0392,APPROVED,288,Ara J. Najarian,Aye,1
1097,2016-05-26,Board of Directors - Regular Board Meeting,41636,35,2016-0392,APPROVED,290,Hilda L. Solis,Aye,1
1097,2016-05-26,Board of Directors - Regular Board Meeting,41637,15,2016-0116,APPROVED,279,Mark Ridley-Thomas,Aye,1
1097,2016-05-26,Board of Directors - Regular Board Meeting,41637,15,2016-0116,APPROVED,280,John Fasana,Aye,1
1097,2016-05-26,Board of Directors - Regular Board Meeting,41637,15,2016-0116,APPROVED,278,Eric Garcetti,Aye,1
1097,2016-05-26,Board of Directors - Regular Board Meeting,41637,15,2016-0116,APPROVED,281,Michael Antonovich,Absent,0
1097,2016-05-26,Board of Directors - Regular Board Meeting,41637,15,2016-0116,APPROVED,282,Mike Bonin,Conflict,0
1097,2016-05-26,Board of Directors - Regular Board Meeting,41637,15,2016-0116,APPROVED,1820,James Butts,Aye,1
1097,2016-05-26,Board of Directors - Regular Board Meeting,41637,15,2016-0116,APPROVED,283,Diane DuBois,Aye,1
1097,2016-05-26,Board of Directors - Regular Board Meeting,41637,15,2016-0116,APPROVED,284,Jacquelyn Dupont-Walker,Aye,1
1097,2016-05-26,Board of Directors - Regular Board Meeting,41637,15,2016-0116,APPROVED,285,Don Knabe,Absent,0
1097,2016-05-26,Board of Directors - Regular Board Meeting,41637,15,2016-0116,APPROVED,286,Paul Krekorian,Aye,1
1097,2016-05-26,Board of Directors - Regular Board Meeting,41637,15,2016-0116,APPROVED,287,Sheila Kuehl,Conflict,0
1097,2016-05-26,Board of Directors - Regular Board Meeting,41637,15,2016-0116,APPROVED,288,Ara J. Najarian,Conflict,0
1097,2016-05-26,Board of Directors - Regular Board Meeting,41637,15,2016-0116,APPROVED,290,Hilda L. Solis,Conflict,0
1097,2016-05-26,Board of Directors - Regular Board Meeting,41638,30,2016-0357,,279,Mark Ridley-Thomas,Absent,0
1097,2016-05-26,Board of Directors - Regular Board Meeting,41638,30,2016-0357,,280,John Fasana,Aye,1
1097,2016-05-26,Board of Directors - Regular Board Meeting,41638,30,2016-0357,,278,Eric Garcetti,Aye,1
1097,2016-05-26,Board of Directors - Regular Board Meeting,41638,30,2016-0357,,281,Michael Antonovich,Absent,0
1097,2016-05-26,Board of Directors - Regular Board Meeting,41638,30,2016-0357,,282,Mike Bonin,Aye,1
1097,2016-05-26,Board of Directors - Regular Board Meeting,41638,30,2016-0357,,1820,James Butts,Aye,1
1097,2016-05-26,Board of Directors - Regular Board Meeting,41638,30,2016-0357,,283,Diane DuBois,Aye,1
1097,2016-05-26,Board of Directors - Regular Board Meeting,41638,30,2016-0357,,284,Jacquelyn Dupont-Walker,Aye,1
1097,2016-05-26,Board of Directors - Regular Board Meeting,41638,30,2016-0357,,285,Don Knabe,Absent,0
1097,2016-05-26,Board of Directors - Regular Board Meeting,41638,30,2016-0357,,286,Paul Krekorian,Aye,1
1097,2016-05-26,Board of Directors - Regular Board Meeting,41638,30,2016-0357,,287,Sheila Kuehl,Aye,1
1097,2016-05-26,Board of Directors - Regular Board Meeting,41638,30,2016-0357,,288,Ara J. Najarian,Aye,1
1097,2016-05-26,Board of Directors - Regular Board Meeting,41638,30,2016-0357,,290,Hilda L. Solis,Aye,1
1097,2016-05-26,Board of Directors - Regular Board Meeting,41639,36,2016-0250,APPROVED,279,Mark Ridley-Thomas,Aye,1
1097,2016-05-26,Board of Directors - Regular Board Meeting,41639,36,2016-0250,APPROVED,280,John Fasana,Aye,1
1097,2016-05-26,Board of Directors - Regular Board Meeting,41639,36,2016-0250,APPROVED,278,Eric Garcetti,Absent,0
1097,2016-05-26,Board of Directors - Regular Board Meeting,41639,36,2016-0250,APPROVED,281,Michael Antonovich,Absent,0
1097,2016-05-26,Board of Directors - Regular Board Meeting,41639,36,2016-0250,APPROVED,282,Mike Bonin,Aye,1
1097,2016-05-26,Board of Directors - Regular Board Meeting,41639,36,2016-0250,APPROVED,1820,James Butts,Aye,1
1097,2016-05-26,Board of Directors - Regular Board Meeting,41639,36,2016-0250,APPROVED,283,Diane DuBois,Aye,1
1097,2016-05-26,Board of Directors - Regular Board Meeting,41639,36,2016-0250,APPROVED,284,Jacquelyn Dupont-Walker,Aye,1
1097,2016-05-26,Board of Directors - Regular Board Meeting,41639,36,2016-0250,APPROVED,285,Don Knabe,Absent,0
1097,2016-05-26,Board of Directors - Regular Board Meeting,41639,36,2016-0250,APPROVED,286,Paul Krekorian,Absent,0
1097,2016-05-26,Board of Directors - Regular Board Meeting,41639,36,2016-0250,APPROVED,287,Sheila Kuehl,Absent,0
1097,2016-05-26,Board of Directors - Regular Board Meeting,41639,36,2016-0250,APPROVED,288,Ara J. Najarian,Aye,1
1097,2016-05-26,Board of Directors - Regular Board Meeting,41639,36,2016-0250,APPROVED,290,Hilda L. Solis,Absent,0
1097,2016-05-26,Board of Directors - Regular Board Meeting,41640,39,2016-0391,RECEIVED AND FILED,279,Mark Ridley-Thomas,Aye,1
1097,2016-05-26,Board of Directors - Regular Board Meeting,41640,39,2016-0391,RECEIVED AND FILED,280,John Fasana,Aye,1
1097,2016-05-26,Board of Directors - Regular Board Meeting,41640,39,2016-0391,RECEIVED AND FILED,278,Eric Garcetti,Absent,0
1097,2016-05-26,Board of Directors - Regular Board Meeting,41640,39,2016-0391,RECEIVED AND FILED,281,Michael Antonovich,Absent,0
1097,2016-05-26,Board of Directors - Regular Board Meeting,41640,39,2016-0391,RECEIVED AND FILED,282,Mike Bonin,Aye,1
1097,2016-05-26,Board of Directors - Regular Board Meeting,41640,39,2016-0391,RECEIVED AND FILED,1820,James Butts,Absent,0
1097,2016-05-26,Board of Directors - Regular Board Meeting,41640,39,2016-0391,RECEIVED AND FILED,283,Diane DuBois,Aye,1
1097,2016-05-26,Board of Directors - Regular Board Meeting,41640,39,2016-0391,RECEIVED AND FILED,284,Jacquelyn Dupont-Walker,Aye,1
1097,2016-05-26,Board of Directors - Regular Board Meeting,41640,39,2016-0391,RECEIVED AND FILED,285,Don Knabe,Absent,0
1097,2016-05-26,Board of Directors - Regular Board Meeting,41640,39,2016-0391,RECEIVED AND FILED,286,Paul Krekorian,Aye,1
1097,2016-05-26,Board of Directors - Regular Board Meeting,41640,39,2016-0391,RECEIVED AND FILED,287,Sheila Kuehl,Aye,1
1097,2016-05-26,Board of Directors - Regular Board Meeting,41640,39,2016-0391,RECEIVED AND FILED,288,Ara J. Najarian,Aye,1
1097,2016-05-26,Board of Directors - Regular Board Meeting,41640,39,2016-0391,RECEIVED AND FILED,290,Hilda L. Solis,Aye,1
1097,2016-05-26,Board of Directors - Regular Board Meeting,41640,39,2016-0391,RECEIVED AND FILED,1821,Carrie Bowen,Aye,1
1097,2016-05-26,Board of Directors - Regular Board Meeting,41640,39,2016-0391,RECEIVED AND FILED,1861,Shirley Choate,Aye,1
1097,2016-05-26,Board of Directors - Regular Board Meeting,41640,39,2016-0391,RECEIVED AND FILED,1848,Phil Washington,Aye,1
1097,2016-05-26,Board of Directors - Regular Board Meeting,41641,44,2016-0359,CARRIED OVER,279,Mark Ridley-Thomas,Aye,1
1097,2016-05-26,Board of Directors - Regular Board Meeting,41641,44,2016-0359,CARRIED OVER,280,John Fasana,Aye,1
1097,2016-05-26,Board of Directors - Regular Board Meeting,41641,44,2016-0359,CARRIED OVER,278,Eric Garcetti,Absent,0
1097,2016-05-26,Board of Directors - Regular Board Meeting,41641,44,2016-0359,CARRIED OVER,281,Michael Antonovich,Absent,0
1097,2016-05-26,Board of Directors - Regular Board Meeting,41641,44,2016-0359,CARRIED OVER,282,Mike Bonin,Absent,0
1097,2016-05-26,Board of Directors - Regular Board Meeting,41641,44,2016-0359,CARRIED OVER,1820,James Butts,Absent,0
1097,2016-05-26,Board of Directors - Regular Board Meeting,41641,44,2016-0359,CARRIED OVER,283,Diane DuBois,Aye,1
1097,2016-05-26,Board of Directors - Regular Board Meeting,41641,44,2016-0359,CARRIED OVER,284,Jacquelyn Dupont-Walker,Aye,1
1097,2016-05-26,Board of Directors - Regular Board Meeting,41641,44,2016-0359,CARRIED OVER,285,Don Knabe,Absent,0
1097,2016-05-26,Board of Directors - Regular Board Meeting,41641,44,2016-0359,CARRIED OVER,286,Paul Krekorian,Aye,1
1097,2016-05-26,Board of Directors - Regular Board Meeting,41641,44,2016-0359,CARRIED OVER,287,Sheila Kuehl,Aye,1
1097,2016-05-26,Board of Directors - Regular Board Meeting,41641,44,2016-0359,CARRIED OVER,288,Ara J. Najarian,Aye,1
1097,2016-05-26,Board of Directors - Regular Board Meeting,41641,44,2016-0359,CARRIED OVER,290,Hilda L. Solis,Aye,1
1097,2016-05-26,Board of Directors - Regular Board Meeting,41643,,,APPROVED ON CONSENT CALENDAR,279,Mark Ridley-Thomas,Aye,1
1097,2016-05-26,Board of Directors - Regular Board Meeting,41643,,,APPROVED ON CONSENT CALENDAR,280,John Fasana,Aye,1
1097,2016-05-26,Board of Directors - Regular Board Meeting,41643,,,APPROVED ON CONSENT CALENDAR,278,Eric Garcetti,Aye,1
1097,2016-05-26,Board of Directors - Regular Board Meeting,41643,,,APPROVED ON CONSENT CALENDAR,281,Michael Antonovich,Aye,1
1097,2016-05-26,Board of Directors - Regular Board Meeting,41643,,,APPROVED ON CONSENT CALENDAR,282,Mike Bonin,Absent,0
1097,2016-05-26,Board of Directors - Regular Board Meeting,41643,,,APPROVED ON CONSENT CALENDAR,1820,James Butts,Aye,1
1097,2016-05-26,Board of Directors - Regular Board Meeting,41643,,,APPROVED ON CONSENT CALENDAR,283,Diane DuBois,Aye,1
1097,2016-05-26,Board of Directors - Regular Board Meeting,41643,,,APPROVED ON CONSENT CALENDAR,284,Jacquelyn Dupont-Walker,Absent,0
1097,2016-05-26,Board of Directors - Regular Board Meeting,41643,,,APPROVED ON CONSENT CALENDAR,285,Don Knabe,Aye,1
1097,2016-05-26,Board of Directors - Regular Board Meeting,41643,,,APPROVED ON CONSENT CALENDAR,286,Paul Krekorian,Absent,0
1097,2016-05-26,Board of Directors - Regular Board Meeting,41643,,,APPROVED ON CONSENT CALENDAR,287,Sheila Kuehl,Aye,1
1097,2016-05-26,Board of Directors - Regular Board Meeting,41643,,,APPROVED ON CONSENT CALENDAR,288,Ara J. Najarian,Aye,1
1097,2016-05-26,Board of Directors - Regular Board Meeting,41643,,,APPROVED ON CONSENT CALENDAR,290,Hilda L. Solis,Aye,1
1098,2016-05-19,Construction Committee,18269,21,2016-0326,RECOMMENDED FOR APPROVAL,285,Don Knabe,Aye,1
1098,2016-05-19,Construction Committee,18269,21,2016-0326,RECOMMENDED FOR APPROVAL,284,Jacquelyn Dupont-Walker,Aye,1
1098,2016-05-19,Construction Committee,18269,21,2016-0326,RECOMMENDED FOR APPROVAL,283,Diane DuBois,Aye,1
1098,2016-05-19,Construction Committee,18269,21,2016-0326,RECOMMENDED FOR APPROVAL,282,Mike Bonin,Absent,0
1098,2016-05-19,Construction Committee,18269,21,2016-0326,RECOMMENDED FOR APPROVAL,288,Ara J. Najarian,Aye,1
1098,2016-05-19,Construction Committee,18272,19,2016-0363,RECEIVED,285,Don Knabe,Aye,1
1098,2016-05-19,Construction Committee,18272,19,2016-0363,RECEIVED,284,Jacquelyn Dupont-Walker,Aye,1
1098,2016-05-19,Construction Committee,18272,19,2016-0363,RECEIVED,283,Diane DuBois,Aye,1
1098,2016-05-19,Construction Committee,18272,19,2016-0363,RECEIVED,282,Mike Bonin,Aye,1
1098,2016-05-19,Construction Committee,18272,19,2016-0363,RECEIVED,288,Ara J. Najarian,Aye,1
1098,2016-05-19,Construction Committee,18276,20,2016-0334,RECOMMENDED FOR APPROVAL,285,Don Knabe,Aye,1
1098,2016-05-19,Construction Committee,18276,20,2016-0334,RECOMMENDED FOR APPROVAL,284,Jacquelyn Dupont-Walker,Aye,1
1098,2016-05-19,Construction Committee,18276,20,2016-0334,RECOMMENDED FOR APPROVAL,283,Diane DuBois,Aye,1
1098,2016-05-19,Construction Committee,18276,20,2016-0334,RECOMMENDED FOR APPROVAL,282,Mike Bonin,Absent,0
1098,2016-05-19,Construction Committee,18276,20,2016-0334,RECOMMENDED FOR APPROVAL,288,Ara J. Najarian,Aye,1
1098,2016-05-19,Construction Committee,18422,22,2016-0101,RECOMMENDED FOR APPROVAL,285,Don Knabe,Aye,1
1098,2016-05-19,Construction Committee,18422,22,2016-0101,RECOMMENDED FOR APPROVAL,284,Jacquelyn Dupont-Walker,Aye,1
1098,2016-05-19,Construction Committee,18422,22,2016-0101,RECOMMENDED FOR APPROVAL,283,Diane DuBois,Aye,1
1098,2016-05-19,Construction Committee,18422,22,2016-0101,RECOMMENDED FOR APPROVAL,282,Mike Bonin,Absent,0
1098,2016-05-19,Construction Committee,18422,22,2016-0101,RECOMMENDED FOR APPROVAL,288,Ara J. Najarian,Aye,1
1098,2016-05-19,Construction Committee,18453,23,2016-0365,RECOMMENDED FOR APPROVAL,285,Don Knabe,Aye,1
1098,2016-05-19,Construction Committee,18453,23,2016-0365,RECOMMENDED FOR APPROVAL,284,Jacquelyn Dupont-Walker,Aye,1
1098,2016-05-19,Construction Committee,18453,23,2016-0365,RECOMMENDED FOR APPROVAL,283,Diane DuBois,Aye,1
1098,2016-05-19,Construction Committee,18453,23,2016-0365,RECOMMENDED FOR APPROVAL,282,Mike Bonin,Absent,0
1098,2016-05-19,Construction Committee,18453,23,2016-0365,RECOMMENDED FOR APPROVAL,288,Ara J. Najarian,Aye,1
1098,2016-05-19,Construction Committee,41623,36,2016-0250,FORWARDED WITHOUT RECOMMENDATION,285,Don Knabe,Aye,1
1098,2016-05-19,Construction Committee,41623,36,2016-0250,FORWARDED WITHOUT RECOMMENDATION,284,Jacquelyn Dupont-Walker,Aye,1
1098,2016-05-19,Construction Committee,41623,36,2016-0250,FORWARDED WITHOUT RECOMMENDATION,283,Diane DuBois,Aye,1
1098,2016-05-19,Construction Committee,41623,36,2016-0250,FORWARDED WITHOUT RECOMMENDATION,282,Mike Bonin,Absent,0
1098,2016-05-19,Construction Committee,41623,36,2016-0250,FORWARDED WITHOUT RECOMMENDATION,288,Ara J. Najarian,Aye,1
1100,2016-05-18,"Finance, Budget and Audit Committee",18138,6,2016-0169,RECEIVED AND FILED,286,Paul Krekorian,Aye,1
1100,2016-05-18,"Finance, Budget and Audit Committee",18138,6,2016-0169,RECEIVED AND FILED,1820,James Butts,Aye,1
1100,2016-05-18,"Finance, Budget and Audit Committee",18138,6,2016-0169,RECEIVED AND FILED,283,Diane DuBois,Aye,1
1100,2016-05-18,"Finance, Budget and Audit Committee",18138,6,2016-0169,RECEIVED AND FILED,290,Hilda L. Solis,Absent,0
1100,2016-05-18,"Finance, Budget and Audit Committee",18138,6,2016-0169,RECEIVED AND FILED,279,Mark Ridley-Thomas,Absent,0
1100,2016-05-18,"Finance, Budget and Audit Committee",18140,9,2016-0344,ADOPTED,286,Paul Krekorian,Aye,1
1100,2016-05-18,"Finance, Budget and Audit Committee",18140,9,2016-0344,ADOPTED,1820,James Butts,Aye,1
1100,2016-05-18,"Finance, Budget and Audit Committee",18140,9,2016-0344,ADOPTED,283,Diane DuBois,Aye,1
1100,2016-05-18,"Finance, Budget and Audit Committee",18140,9,2016-0344,ADOPTED,290,Hilda L. Solis,Absent,0
1100,2016-05-18,"Finance, Budget and Audit Committee",18140,9,2016-0344,ADOPTED,279,Mark Ridley-Thomas,Absent,0
1100,2016-05-18,"Finance, Budget and Audit Committee",18144,7,2016-0362,RECEIVED AND FILED,286,Paul Krekorian,Aye,1
1100,2016-05-18,"Finance, Budget and Audit Committee",18144,7,2016-0362,RECEIVED AND FILED,1820,James Butts,Aye,1
1100,2016-05-18,"Finance, Budget and Audit Committee",18144,7,2016-0362,RECEIVED AND FILED,283,Diane DuBois,Aye,1
1100,2016-05-18,"Finance, Budget and Audit Committee",18144,7,2016-0362,RECEIVED AND FILED,290,Hilda L. Solis,Absent,0
1100,2016-05-18,"Finance, Budget and Audit Committee",18144,7,2016-0362,RECEIVED AND FILED,279,Mark Ridley-Thomas,Absent,0
1100,2016-05-18,"Finance, Budget and Audit Committee",18464,38,2016-0372,APPROVED,286,Paul Krekorian,Aye,1
1100,2016-05-18,"Finance, Budget and Audit Committee",18464,38,2016-0372,APPROVED,1820,James Butts,Aye,1
1100,2016-05-18,"Finance, Budget and Audit Committee",18464,38,2016-0372,APPROVED,283,Diane DuBois,Aye,1
1100,2016-05-18,"Finance, Budget and Audit Committee",18464,38,2016-0372,APPROVED,290,Hilda L. Solis,Absent,0
1100,2016-05-18,"Finance, Budget and Audit Committee",18464,38,2016-0372,APPROVED,279,Mark Ridley-Thomas,Absent,0
1100,2016-05-18,"Finance, Budget and Audit Committee",41611,,,APPROVED ON CONSENT CALENDAR,286,Paul Krekorian,Aye,1
1100,2016-05-18,"Finance, Budget and Audit Committee",41611,,,APPROVED ON CONSENT CALENDAR,1820,James Butts,Aye,1
1100,2016-05-18,"Finance, Budget and Audit Committee",41611,,,APPROVED ON CONSENT CALENDAR,283,Diane DuBois,Aye,1
1100,2016-05-18,"Finance, Budget and Audit Committee",41611,,,APPROVED ON CONSENT CALENDAR,290,Hilda L. Solis,Absent,0
1100,2016-05-18,"Finance, Budget and Audit Committee",41611,,,APPROVED ON CONSENT CALENDAR,279,Mark Ridley-Thomas,Absent,0
1102,2016-05-18,Planning and Programming Committee,18215,12,2016-0329,RECOMMENDED FOR APPROVAL,282,Mike Bonin,Aye,1
1102,2016-05-18,Planning and Programming Committee,18215,12,2016-0329,RECOMMENDED FOR APPROVAL,287,Sheila Kuehl,Aye,1
1102,2016-05-18,Planning and Programming Committee,18215,12,2016-0329,RECOMMENDED FOR APPROVAL,1820,James Butts,Aye,1
1102,2016-05-18,Planning and Programming Committee,18215,12,2016-0329,RECOMMENDED FOR APPROVAL,284,Jacquelyn Dupont-Walker,Aye,1
1102,2016-05-18,Planning and Programming Committee,18215,12,2016-0329,RECOMMENDED FOR APPROVAL,290,Hilda L. Solis,Aye,1
1102,2016-05-18,Planning and Programming Committee,18216,11,2016-0315,RECEIVED AND FILED,282,Mike Bonin,Aye,1
1102,2016-05-18,Planning and Programming Committee,18216,11,2016-0315,RECEIVED AND FILED,287,Sheila Kuehl,Aye,1
1102,2016-05-18,Planning and Programming Committee,18216,11,2016-0315,RECEIVED AND FILED,1820,James Butts,Aye,1
1102,2016-05-18,Planning and Programming Committee,18216,11,2016-0315,RECEIVED AND FILED,284,Jacquelyn Dupont-Walker,Aye,1
1102,2016-05-18,Planning and Programming Committee,18216,11,2016-0315,RECEIVED AND FILED,290,Hilda L. Solis,Aye,1
1102,2016-05-18,Planning and Programming Committee,41615,14,2016-0108,APPROVED AS AMENDED,282,Mike Bonin,Aye,1
1102,2016-05-18,Planning and Programming Committee,41615,14,2016-0108,APPROVED AS AMENDED,287,Sheila Kuehl,Aye,1
1102,2016-05-18,Planning and Programming Committee,41615,14,2016-0108,APPROVED AS AMENDED,1820,James Butts,Aye,1
1102,2016-05-18,Planning and Programming Committee,41615,14,2016-0108,APPROVED AS AMENDED,284,Jacquelyn Dupont-Walker,Aye,1
1102,2016-05-18,Planning and Programming Committee,41615,14,2016-0108,APPROVED AS AMENDED,290,Hilda L. Solis,Aye,1
1102,2016-05-18,Planning and Programming Committee,41618,35,2016-0392,RECOMMENDED FOR APPROVAL,282,Mike Bonin,Aye,1
1102,2016-05-18,Planning and Programming Committee,41618,35,2016-0392,RECOMMENDED FOR APPROVAL,287,Sheila Kuehl,Aye,1
1102,2016-05-18,Planning and Programming Committee,41618,35,2016-0392,RECOMMENDED FOR APPROVAL,1820,James Butts,Aye,1
1102,2016-05-18,Planning and Programming Committee,41618,35,2016-0392,RECOMMENDED FOR APPROVAL,284,Jacquelyn Dupont-Walker,Aye,1
1102,2016-05-18,Planning and Programming Committee,41618,35,2016-0392,RECOMMENDED FOR APPROVAL,290,Hilda L. Solis,Aye,1
1102,2016-05-18,Planning and Programming Committee,41619,,,APPROVED ON CONSENT CALENDAR,282,Mike Bonin,Aye,1
1102,2016-05-18,Planning and Programming Committee,41619,,,APPROVED ON CONSENT CALENDAR,287,Sheila Kuehl,Aye,1
1102,2016-05-18,Planning and Programming Committee,41619,,,APPROVED ON CONSENT CALENDAR,1820,James Butts,Aye,1
1102,2016-05-18,Planning and Programming Committee,41619,,,APPROVED ON CONSENT CALENDAR,284,Jacquelyn Dupont-Walker,Aye,1
1102,2016-05-18,Planning and Programming Committee,41619,,,APPROVED ON CONSENT CALENDAR,290,Hilda L. Solis,Aye,1
1103,2016-05-19,"System Safety, Security and Operations Committee",18343,29,2016-0171,FORWARDED WITHOUT RECOMMENDATION,280,John Fasana,Aye,1
1103,2016-05-19,"System Safety, Security and Operations Committee",18343,29,2016-0171,FORWARDED WITHOUT RECOMMENDATION,281,Michael Antonovich,Aye,1
1103,2016-05-19,"System Safety, Security and Operations Committee",18343,29,2016-0171,FORWARDED WITHOUT RECOMMENDATION,284,Jacquelyn Dupont-Walker,Aye,1
1103,2016-05-19,"System Safety, Security and Operations Committee",18343,29,2016-0171,FORWARDED WITHOUT RECOMMENDATION,285,Don Knabe,Aye,1
1103,2016-05-19,"System Safety, Security and Operations Committee",18343,29,2016-0171,FORWARDED WITHOUT RECOMMENDATION,288,Ara J. Najarian,Aye,1
1103,2016-05-19,"System Safety, Security and Operations Committee",18346,26,2016-0283,RECEIVED AND FILED,280,John Fasana,Aye,1
1103,2016-05-19,"System Safety, Security and Operations Committee",18346,26,2016-0283,RECEIVED AND FILED,281,Michael Antonovich,Absent,0
1103,2016-05-19,"System Safety, Security and Operations Committee",18346,26,2016-0283,RECEIVED AND FILED,284,Jacquelyn Dupont-Walker,Aye,1
1103,2016-05-19,"System Safety, Security and Operations Committee",18346,26,2016-0283,RECEIVED AND FILED,285,Don Knabe,Aye,1
1103,2016-05-19,"System Safety, Security and Operations Committee",18346,26,2016-0283,RECEIVED AND FILED,288,Ara J. Najarian,Aye,1
1103,2016-05-19,"System Safety, Security and Operations Committee",18351,27,2015-1755,RECEIVED,280,John Fasana,Aye,1
1103,2016-05-19,"System Safety, Security and Operations Committee",18351,27,2015-1755,RECEIVED,281,Michael Antonovich,Absent,0
1103,2016-05-19,"System Safety, Security and Operations Committee",18351,27,2015-1755,RECEIVED,284,Jacquelyn Dupont-Walker,Aye,1
1103,2016-05-19,"System Safety, Security and Operations Committee",18351,27,2015-1755,RECEIVED,285,Don Knabe,Aye,1
1103,2016-05-19,"System Safety, Security and Operations Committee",18351,27,2015-1755,RECEIVED,288,Ara J. Najarian,Aye,1
1103,2016-05-19,"System Safety, Security and Operations Committee",18424,30,2016-0357,RECOMMENDED FOR APPROVAL,280,John Fasana,Aye,1
1103,2016-05-19,"System Safety, Security and Operations Committee",18424,30,2016-0357,RECOMMENDED FOR APPROVAL,281,Michael Antonovich,Aye,1
1103,2016-05-19,"System Safety, Security and Operations Committee",18424,30,2016-0357,RECOMMENDED FOR APPROVAL,284,Jacquelyn Dupont-Walker,Aye,1
1103,2016-05-19,"System Safety, Security and Operations Committee",18424,30,2016-0357,RECOMMENDED FOR APPROVAL,285,Don Knabe,Aye,1
1103,2016-05-19,"System Safety, Security and Operations Committee",18424,30,2016-0357,RECOMMENDED FOR APPROVAL,288,Ara J. Najarian,Aye,1
1103,2016-05-19,"System Safety, Security and Operations Committee",18425,31,2015-1785,RECOMMENDED FOR APPROVAL,280,John Fasana,Aye,1
1103,2016-05-19,"System Safety, Security and Operations Committee",18425,31,2015-1785,RECOMMENDED FOR APPROVAL,281,Michael Antonovich,Aye,1
1103,2016-05-19,"System Safety, Security and Operations Committee",18425,31,2015-1785,RECOMMENDED FOR APPROVAL,284,Jacquelyn Dupont-Walker,Aye,1
1103,2016-05-19,"System Safety, Security and Operations Committee",18425,31,2015-1785,RECOMMENDED FOR APPROVAL,285,Don Knabe,Aye,1
1103,2016-05-19,"System Safety, Security and Operations Committee",18425,31,2015-1785,RECOMMENDED FOR APPROVAL,288,Ara J. Najarian,Aye,1
1103,2016-05-19,"System Safety, Security and Operations Committee",18426,32,2016-0052,RECOMMENDED FOR APPROVAL,280,John Fasana,Aye,1
1103,2016-05-19,"System Safety, Security and Operations Committee",18426,32,2016-0052,RECOMMENDED FOR APPROVAL,281,Michael Antonovich,Aye,1
1103,2016-05-19,"System Safety, Security and Operations Committee",18426,32,2016-0052,RECOMMENDED FOR APPROVAL,284,Jacquelyn Dupont-Walker,Aye,1
1103,2016-05-19,"System Safety, Security and Operations Committee",18426,32,2016-0052,RECOMMENDED FOR APPROVAL,285,Don Knabe,Aye,1
1103,2016-05-19,"System Safety, Security and Operations Committee",18426,32,2016-0052,RECOMMENDED FOR APPROVAL,288,Ara J. Najarian,Aye,1
1103,2016-05-19,"System Safety, Security and Operations Committee",41627,33,2016-0411,RECOMMENDED FOR APPROVAL,280,John Fasana,Aye,1
1103,2016-05-19,"System Safety, Security and Operations Committee",41627,33,2016-0411,RECOMMENDED FOR APPROVAL,281,Michael Antonovich,Aye,1
1103,2016-05-19,"System Safety, Security and Operations Committee",41627,33,2016-0411,RECOMMENDED FOR APPROVAL,284,Jacquelyn Dupont-Walker,Aye,1
1103,2016-05-19,"System Safety, Security and Operations Committee",41627,33,2016-0411,RECOMMENDED FOR APPROVAL,285,Don Knabe,Aye,1
1103,2016-05-19,"System Safety, Security and Operations Committee",41627,33,2016-0411,RECOMMENDED FOR APPROVAL,288,Ara J. Najarian,Aye,1
1103,2016-05-19,"System Safety, Security and Operations Committee",41628,,,APPROVED ON CONSENT CALENDAR,280,John Fasana,Aye,1
1103,2016-05-19,"System Safety, Security and Operations Committee",41628,,,APPROVED ON CONSENT CALENDAR,281,Michael Antonovich,Absent,0
1103,2016-05-19,"System Safety, Security and Operations Committee",41628,,,APPROVED ON CONSENT CALENDAR,284,Jacquelyn Dupont-Walker,Aye,1
1103,2016-05-19,"System Safety, Security and Operations Committee",41628,,,APPROVED ON CONSENT CALENDAR,285,Don Knabe,Aye,1
1103,2016-05-19,"System Safety, Security and Operations Committee",41628,,,APPROVED ON CONSENT CALENDAR,288,Ara J. Najarian,Aye,1
1112,2016-01-20,Ad Hoc Regional Rail Committee,16369,53,2016-0023,RECEIVED AND FILED,286,Paul Krekorian,Aye,1
1112,2016-01-20,Ad Hoc Regional Rail Committee,16369,53,2016-0023,RECEIVED AND FILED,1912,Jennifer Brogin,Aye,1
1112,2016-01-20,Ad Hoc Regional Rail Committee,16369,53,2016-0023,RECEIVED AND FILED,287,Sheila Kuehl,Aye,1
1112,2016-01-20,Ad Hoc Regional Rail Committee,16369,53,2016-0023,RECEIVED AND FILED,1915,Maureen Micheline,Aye,1
1112,2016-01-20,Ad Hoc Regional Rail Committee,16369,53,2016-0023,RECEIVED AND FILED,1916,Joseph Gonzalez,Aye,1
1112,2016-01-20,Ad Hoc Regional Rail Committee,16373,52,2016-0043,RECEIVED,286,Paul Krekorian,Aye,1
1112,2016-01-20,Ad Hoc Regional Rail Committee,16373,52,2016-0043,RECEIVED,1912,Jennifer Brogin,Aye,1
1112,2016-01-20,Ad Hoc Regional Rail Committee,16373,52,2016-0043,RECEIVED,287,Sheila Kuehl,Aye,1
1112,2016-01-20,Ad Hoc Regional Rail Committee,16373,52,2016-0043,RECEIVED,1915,Maureen Micheline,Aye,1
1112,2016-01-20,Ad Hoc Regional Rail Committee,16373,52,2016-0043,RECEIVED,1916,Joseph Gonzalez,Aye,1
1112,2016-01-20,Ad Hoc Regional Rail Committee,16374,54,2016-0018,RECEIVED AND FILED,286,Paul Krekorian,Aye,1
1112,2016-01-20,Ad Hoc Regional Rail Committee,16374,54,2016-0018,RECEIVED AND FILED,1912,Jennifer Brogin,Aye,1
1112,2016-01-20,Ad Hoc Regional Rail Committee,16374,54,2016-0018,RECEIVED AND FILED,287,Sheila Kuehl,Aye,1
1112,2016-01-20,Ad Hoc Regional Rail Committee,16374,54,2016-0018,RECEIVED AND FILED,1915,Maureen Micheline,Aye,1
1112,2016-01-20,Ad Hoc Regional Rail Committee,16374,54,2016-0018,RECEIVED AND FILED,1916,Joseph Gonzalez,Aye,1
1119,2016-06-15,Ad Hoc Sustainability Committee,18583,7,2016-0300,RECEIVED AND FILED,289,Pam O'Connor,Aye,1
1119,2016-06-15,Ad Hoc Sustainability Committee,18583,7,2016-0300,RECEIVED AND FILED,282,Mike Bonin,Aye,1
1119,2016-06-15,Ad Hoc Sustainability Committee,18583,7,2016-0300,RECEIVED AND FILED,280,John Fasana,Aye,1
1119,2016-06-15,Ad Hoc Sustainability Committee,18583,7,2016-0300,RECEIVED AND FILED,1044,Nancy Pfeffer,Absent,0
1119,2016-06-15,Ad Hoc Sustainability Committee,18583,7,2016-0300,RECEIVED AND FILED,290,Hilda L. Solis,Aye,1
1119,2016-06-15,Ad Hoc Sustainability Committee,18583,7,2016-0300,RECEIVED AND FILED,2162,Karly Katona,Absent,0
1119,2016-06-15,Ad Hoc Sustainability Committee,18583,7,2016-0300,RECEIVED AND FILED,2140,Wally Siembab,Absent,0
1119,2016-06-15,Ad Hoc Sustainability Committee,18584,8,2016-0301,RECEIVED AND FILED,289,Pam O'Connor,Aye,1
1119,2016-06-15,Ad Hoc Sustainability Committee,18584,8,2016-0301,RECEIVED AND FILED,282,Mike Bonin,Aye,1
1119,2016-06-15,Ad Hoc Sustainability Committee,18584,8,2016-0301,RECEIVED AND FILED,280,John Fasana,Aye,1
1119,2016-06-15,Ad Hoc Sustainability Committee,18584,8,2016-0301,RECEIVED AND FILED,1044,Nancy Pfeffer,Absent,0
1119,2016-06-15,Ad Hoc Sustainability Committee,18584,8,2016-0301,RECEIVED AND FILED,290,Hilda L. Solis,Aye,1
1119,2016-06-15,Ad Hoc Sustainability Committee,18584,8,2016-0301,RECEIVED AND FILED,2162,Karly Katona,Absent,0
1119,2016-06-15,Ad Hoc Sustainability Committee,18584,8,2016-0301,RECEIVED AND FILED,2140,Wally Siembab,Absent,0
1119,2016-06-15,Ad Hoc Sustainability Committee,18586,10,2016-0303,RECEIVED,289,Pam O'Connor,Aye,1
1119,2016-06-15,Ad Hoc Sustainability Committee,18586,10,2016-0303,RECEIVED,282,Mike Bonin,Aye,1
1119,2016-06-15,Ad Hoc Sustainability Committee,18586,10,2016-0303,RECEIVED,280,John Fasana,Aye,1
1119,2016-06-15,Ad Hoc Sustainability Committee,18586,10,2016-0303,RECEIVED,1044,Nancy Pfeffer,Absent,0
1119,2016-06-15,Ad Hoc Sustainability Committee,18586,10,2016-0303,RECEIVED,290,Hilda L. Solis,Aye,1
1119,2016-06-15,Ad Hoc Sustainability Committee,18586,10,2016-0303,RECEIVED,2162,Karly Katona,Absent,0
1119,2016-06-15,Ad Hoc Sustainability Committee,18586,10,2016-0303,RECEIVED,2140,Wally Siembab,Absent,0
1119,2016-06-15,Ad Hoc Sustainability Committee,18588,6,2016-0414,RECEIVED AND FILED,289,Pam O'Connor,Aye,1
1119,2016-06-15,Ad Hoc Sustainability Committee,18588,6,2016-0414,RECEIVED AND FILED,282,Mike Bonin,Aye,1
1119,2016-06-15,Ad Hoc Sustainability Committee,18588,6,2016-0414,RECEIVED AND FILED,280,John Fasana,Aye,1
1119,2016-06-15,Ad Hoc Sustainability Committee,18588,6,2016-0414,RECEIVED AND FILED,1044,Nancy Pfeffer,Absent,0
1119,2016-06-15,Ad Hoc Sustainability Committee,18588,6,2016-0414,RECEIVED AND FILED,290,Hilda L. Solis,Aye,1
1119,2016-06-15,Ad Hoc Sustainability Committee,18588,6,2016-0414,RECEIVED AND FILED,2162,Karly Katona,Absent,0
1119,2016-06-15,Ad Hoc Sustainability Committee,18588,6,2016-0414,RECEIVED AND FILED,2140,Wally Siembab,Absent,0
1120,2016-06-23,Board of Directors - Regular Board Meeting,19025,11,2016-0412,APPROVED,279,Mark Ridley-Thomas,Aye,1
1120,2016-06-23,Board of Directors - Regular Board Meeting,19025,11,2016-0412,APPROVED,280,John Fasana,Aye,1
1120,2016-06-23,Board of Directors - Regular Board Meeting,19025,11,2016-0412,APPROVED,278,Eric Garcetti,Absent,0
1120,2016-06-23,Board of Directors - Regular Board Meeting,19025,11,2016-0412,APPROVED,281,Michael Antonovich,Aye,1
1120,2016-06-23,Board of Directors - Regular Board Meeting,19025,11,2016-0412,APPROVED,282,Mike Bonin,Aye,1
1120,2016-06-23,Board of Directors - Regular Board Meeting,19025,11,2016-0412,APPROVED,1820,James Butts,Aye,1
1120,2016-06-23,Board of Directors - Regular Board Meeting,19025,11,2016-0412,APPROVED,283,Diane DuBois,Aye,1
1120,2016-06-23,Board of Directors - Regular Board Meeting,19025,11,2016-0412,APPROVED,284,Jacquelyn Dupont-Walker,Aye,1
1120,2016-06-23,Board of Directors - Regular Board Meeting,19025,11,2016-0412,APPROVED,285,Don Knabe,Aye,1
1120,2016-06-23,Board of Directors - Regular Board Meeting,19025,11,2016-0412,APPROVED,286,Paul Krekorian,Absent,0
1120,2016-06-23,Board of Directors - Regular Board Meeting,19025,11,2016-0412,APPROVED,287,Sheila Kuehl,Aye,1
1120,2016-06-23,Board of Directors - Regular Board Meeting,19025,11,2016-0412,APPROVED,288,Ara J. Najarian,Aye,1
1120,2016-06-23,Board of Directors - Regular Board Meeting,19025,11,2016-0412,APPROVED,290,Hilda L. Solis,Aye,1
1120,2016-06-23,Board of Directors - Regular Board Meeting,19025,11,2016-0412,APPROVED,1821,Carrie Bowen,Aye,1
1120,2016-06-23,Board of Directors - Regular Board Meeting,19025,11,2016-0412,APPROVED,1861,Shirley Choate,Absent,0
1120,2016-06-23,Board of Directors - Regular Board Meeting,19025,11,2016-0412,APPROVED,1848,Phil Washington,Aye,1
1120,2016-06-23,Board of Directors - Regular Board Meeting,19028,14,2016-0318,ADOPTED,279,Mark Ridley-Thomas,Aye,1
1120,2016-06-23,Board of Directors - Regular Board Meeting,19028,14,2016-0318,ADOPTED,280,John Fasana,Aye,1
1120,2016-06-23,Board of Directors - Regular Board Meeting,19028,14,2016-0318,ADOPTED,278,Eric Garcetti,Absent,0
1120,2016-06-23,Board of Directors - Regular Board Meeting,19028,14,2016-0318,ADOPTED,281,Michael Antonovich,Aye,1
1120,2016-06-23,Board of Directors - Regular Board Meeting,19028,14,2016-0318,ADOPTED,282,Mike Bonin,Aye,1
1120,2016-06-23,Board of Directors - Regular Board Meeting,19028,14,2016-0318,ADOPTED,1820,James Butts,Aye,1
1120,2016-06-23,Board of Directors - Regular Board Meeting,19028,14,2016-0318,ADOPTED,283,Diane DuBois,Aye,1
1120,2016-06-23,Board of Directors - Regular Board Meeting,19028,14,2016-0318,ADOPTED,284,Jacquelyn Dupont-Walker,Aye,1
1120,2016-06-23,Board of Directors - Regular Board Meeting,19028,14,2016-0318,ADOPTED,285,Don Knabe,Aye,1
1120,2016-06-23,Board of Directors - Regular Board Meeting,19028,14,2016-0318,ADOPTED,286,Paul Krekorian,Absent,0
1120,2016-06-23,Board of Directors - Regular Board Meeting,19028,14,2016-0318,ADOPTED,287,Sheila Kuehl,Aye,1
1120,2016-06-23,Board of Directors - Regular Board Meeting,19028,14,2016-0318,ADOPTED,288,Ara J. Najarian,Aye,1
1120,2016-06-23,Board of Directors - Regular Board Meeting,19028,14,2016-0318,ADOPTED,290,Hilda L. Solis,Aye,1
1120,2016-06-23,Board of Directors - Regular Board Meeting,19028,14,2016-0318,ADOPTED,1821,Carrie Bowen,Aye,1
1120,2016-06-23,Board of Directors - Regular Board Meeting,19028,14,2016-0318,ADOPTED,1861,Shirley Choate,Absent,0
1120,2016-06-23,Board of Directors - Regular Board Meeting,19028,14,2016-0318,ADOPTED,1848,Phil Washington,Aye,1
1120,2016-06-23,Board of Directors - Regular Board Meeting,19030,15,2016-0454,APPROVED,279,Mark Ridley-Thomas,Aye,1
1120,2016-06-23,Board of Directors - Regular Board Meeting,19030,15,2016-0454,APPROVED,280,John Fasana,Aye,1
1120,2016-06-23,Board of Directors - Regular Board Meeting,19030,15,2016-0454,APPROVED,278,Eric Garcetti,Absent,0
1120,2016-06-23,Board of Directors - Regular Board Meeting,19030,15,2016-0454,APPROVED,281,Michael Antonovich,Aye,1
1120,2016-06-23,Board of Directors - Regular Board Meeting,19030,15,2016-0454,APPROVED,282,Mike Bonin,Aye,1
1120,2016-06-23,Board of Directors - Regular Board Meeting,19030,15,2016-0454,APPROVED,1820,James Butts,Aye,1
1120,2016-06-23,Board of Directors - Regular Board Meeting,19030,15,2016-0454,APPROVED,283,Diane DuBois,Aye,1
1120,2016-06-23,Board of Directors - Regular Board Meeting,19030,15,2016-0454,APPROVED,284,Jacquelyn Dupont-Walker,Aye,1
1120,2016-06-23,Board of Directors - Regular Board Meeting,19030,15,2016-0454,APPROVED,285,Don Knabe,Aye,1
1120,2016-06-23,Board of Directors - Regular Board Meeting,19030,15,2016-0454,APPROVED,286,Paul Krekorian,Absent,0
1120,2016-06-23,Board of Directors - Regular Board Meeting,19030,15,2016-0454,APPROVED,287,Sheila Kuehl,Aye,1
1120,2016-06-23,Board of Directors - Regular Board Meeting,19030,15,2016-0454,APPROVED,288,Ara J. Najarian,Aye,1
1120,2016-06-23,Board of Directors - Regular Board Meeting,19030,15,2016-0454,APPROVED,290,Hilda L. Solis,Aye,1
1120,2016-06-23,Board of Directors - Regular Board Meeting,19030,15,2016-0454,APPROVED,1821,Carrie Bowen,Aye,1
1120,2016-06-23,Board of Directors - Regular Board Meeting,19030,15,2016-0454,APPROVED,1861,Shirley Choate,Absent,0
1120,2016-06-23,Board of Directors - Regular Board Meeting,19030,15,2016-0454,APPROVED,1848,Phil Washington,Aye,1
1120,2016-06-23,Board of Directors - Regular Board Meeting,19032,16,2016-0254,APPROVED,279,Mark Ridley-Thomas,Aye,1
1120,2016-06-23,Board of Directors - Regular Board Meeting,19032,16,2016-0254,APPROVED,280,John Fasana,Aye,1
1120,2016-06-23,Board of Directors - Regular Board Meeting,19032,16,2016-0254,APPROVED,278,Eric Garcetti,Absent,0
1120,2016-06-23,Board of Directors - Regular Board Meeting,19032,16,2016-0254,APPROVED,281,Michael Antonovich,Aye,1
1120,2016-06-23,Board of Directors - Regular Board Meeting,19032,16,2016-0254,APPROVED,282,Mike Bonin,Aye,1
1120,2016-06-23,Board of Directors - Regular Board Meeting,19032,16,2016-0254,APPROVED,1820,James Butts,Aye,1
1120,2016-06-23,Board of Directors - Regular Board Meeting,19032,16,2016-0254,APPROVED,283,Diane DuBois,Aye,1
1120,2016-06-23,Board of Directors - Regular Board Meeting,19032,16,2016-0254,APPROVED,284,Jacquelyn Dupont-Walker,Aye,1
1120,2016-06-23,Board of Directors - Regular Board Meeting,19032,16,2016-0254,APPROVED,285,Don Knabe,Aye,1
1120,2016-06-23,Board of Directors - Regular Board Meeting,19032,16,2016-0254,APPROVED,286,Paul Krekorian,Absent,0
1120,2016-06-23,Board of Directors - Regular Board Meeting,19032,16,2016-0254,APPROVED,287,Sheila Kuehl,Aye,1
1120,2016-06-23,Board of Directors - Regular Board Meeting,19032,16,2016-0254,APPROVED,288,Ara J. Najarian,Aye,1
1120,2016-06-23,Board of Directors - Regular Board Meeting,19032,16,2016-0254,APPROVED,290,Hilda L. Solis,Aye,1
1120,2016-06-23,Board of Directors - Regular Board Meeting,19032,16,2016-0254,APPROVED,1821,Carrie Bowen,Aye,1
1120,2016-06-23,Board of Directors - Regular Board Meeting,19032,16,2016-0254,APPROVED,1861,Shirley Choate,Absent,0
1120,2016-06-23,Board of Directors - Regular Board Meeting,19032,16,2016-0254,APPROVED,1848,Phil Washington,Aye,1
1120,2016-06-23,Board of Directors - Regular Board Meeting,19034,17,2016-0406,APPROVED,279,Mark Ridley-Thomas,Aye,1
1120,2016-06-23,Board of Directors - Regular Board Meeting,19034,17,2016-0406,APPROVED,280,John Fasana,Aye,1
1120,2016-06-23,Board of Directors - Regular Board Meeting,19034,17,2016-0406,APPROVED,278,Eric Garcetti,Absent,0
1120,2016-06-23,Board of Directors - Regular Board Meeting,19034,17,2016-0406,APPROVED,281,Michael Antonovich,Aye,1
1120,2016-06-23,Board of Directors - Regular Board Meeting,19034,17,2016-0406,APPROVED,282,Mike Bonin,Aye,1
1120,2016-06-23,Board of Directors - Regular Board Meeting,19034,17,2016-0406,APPROVED,1820,James Butts,Aye,1
1120,2016-06-23,Board of Directors - Regular Board Meeting,19034,17,2016-0406,APPROVED,283,Diane DuBois,Aye,1
1120,2016-06-23,Board of Directors - Regular Board Meeting,19034,17,2016-0406,APPROVED,284,Jacquelyn Dupont-Walker,Aye,1
1120,2016-06-23,Board of Directors - Regular Board Meeting,19034,17,2016-0406,APPROVED,285,Don Knabe,Aye,1
1120,2016-06-23,Board of Directors - Regular Board Meeting,19034,17,2016-0406,APPROVED,286,Paul Krekorian,Absent,0
1120,2016-06-23,Board of Directors - Regular Board Meeting,19034,17,2016-0406,APPROVED,287,Sheila Kuehl,Aye,1
1120,2016-06-23,Board of Directors - Regular Board Meeting,19034,17,2016-0406,APPROVED,288,Ara J. Najarian,Aye,1
1120,2016-06-23,Board of Directors - Regular Board Meeting,19034,17,2016-0406,APPROVED,290,Hilda L. Solis,Aye,1
1120,2016-06-23,Board of Directors - Regular Board Meeting,19034,17,2016-0406,APPROVED,1821,Carrie Bowen,Aye,1
1120,2016-06-23,Board of Directors - Regular Board Meeting,19034,17,2016-0406,APPROVED,1861,Shirley Choate,Absent,0
1120,2016-06-23,Board of Directors - Regular Board Meeting,19034,17,2016-0406,APPROVED,1848,Phil Washington,Aye,1
1120,2016-06-23,Board of Directors - Regular Board Meeting,19036,18,2016-0433,APPROVED,279,Mark Ridley-Thomas,Aye,1
1120,2016-06-23,Board of Directors - Regular Board Meeting,19036,18,2016-0433,APPROVED,280,John Fasana,Aye,1
1120,2016-06-23,Board of Directors - Regular Board Meeting,19036,18,2016-0433,APPROVED,278,Eric Garcetti,Absent,0
1120,2016-06-23,Board of Directors - Regular Board Meeting,19036,18,2016-0433,APPROVED,281,Michael Antonovich,Aye,1
1120,2016-06-23,Board of Directors - Regular Board Meeting,19036,18,2016-0433,APPROVED,282,Mike Bonin,Aye,1
1120,2016-06-23,Board of Directors - Regular Board Meeting,19036,18,2016-0433,APPROVED,1820,James Butts,Aye,1
1120,2016-06-23,Board of Directors - Regular Board Meeting,19036,18,2016-0433,APPROVED,283,Diane DuBois,Aye,1
1120,2016-06-23,Board of Directors - Regular Board Meeting,19036,18,2016-0433,APPROVED,284,Jacquelyn Dupont-Walker,Aye,1
1120,2016-06-23,Board of Directors - Regular Board Meeting,19036,18,2016-0433,APPROVED,285,Don Knabe,Aye,1
1120,2016-06-23,Board of Directors - Regular Board Meeting,19036,18,2016-0433,APPROVED,286,Paul Krekorian,Absent,0
1120,2016-06-23,Board of Directors - Regular Board Meeting,19036,18,2016-0433,APPROVED,287,Sheila Kuehl,Aye,1
1120,2016-06-23,Board of Directors - Regular Board Meeting,19036,18,2016-0433,APPROVED,288,Ara J. Najarian,Aye,1
1120,2016-06-23,Board of Directors - Regular Board Meeting,19036,18,2016-0433,APPROVED,290,Hilda L. Solis,Aye,1
1120,2016-06-23,Board of Directors - Regular Board Meeting,19036,18,2016-0433,APPROVED,1821,Carrie Bowen,Aye,1
1120,2016-06-23,Board of Directors - Regular Board Meeting,19036,18,2016-0433,APPROVED,1861,Shirley Choate,Absent,0
1120,2016-06-23,Board of Directors - Regular Board Meeting,19036,18,2016-0433,APPROVED,1848,Phil Washington,Aye,1
1120,2016-06-23,Board of Directors - Regular Board Meeting,19038,19,2016-0449,APPROVED,279,Mark Ridley-Thomas,Aye,1
1120,2016-06-23,Board of Directors - Regular Board Meeting,19038,19,2016-0449,APPROVED,280,John Fasana,Aye,1
1120,2016-06-23,Board of Directors - Regular Board Meeting,19038,19,2016-0449,APPROVED,278,Eric Garcetti,Absent,0
1120,2016-06-23,Board of Directors - Regular Board Meeting,19038,19,2016-0449,APPROVED,281,Michael Antonovich,Aye,1
1120,2016-06-23,Board of Directors - Regular Board Meeting,19038,19,2016-0449,APPROVED,282,Mike Bonin,Aye,1
1120,2016-06-23,Board of Directors - Regular Board Meeting,19038,19,2016-0449,APPROVED,1820,James Butts,Aye,1
1120,2016-06-23,Board of Directors - Regular Board Meeting,19038,19,2016-0449,APPROVED,283,Diane DuBois,Aye,1
1120,2016-06-23,Board of Directors - Regular Board Meeting,19038,19,2016-0449,APPROVED,284,Jacquelyn Dupont-Walker,Aye,1
1120,2016-06-23,Board of Directors - Regular Board Meeting,19038,19,2016-0449,APPROVED,285,Don Knabe,Aye,1
1120,2016-06-23,Board of Directors - Regular Board Meeting,19038,19,2016-0449,APPROVED,286,Paul Krekorian,Absent,0
1120,2016-06-23,Board of Directors - Regular Board Meeting,19038,19,2016-0449,APPROVED,287,Sheila Kuehl,Aye,1
1120,2016-06-23,Board of Directors - Regular Board Meeting,19038,19,2016-0449,APPROVED,288,Ara J. Najarian,Aye,1
1120,2016-06-23,Board of Directors - Regular Board Meeting,19038,19,2016-0449,APPROVED,290,Hilda L. Solis,Aye,1
1120,2016-06-23,Board of Directors - Regular Board Meeting,19038,19,2016-0449,APPROVED,1821,Carrie Bowen,Aye,1
1120,2016-06-23,Board of Directors - Regular Board Meeting,19038,19,2016-0449,APPROVED,1861,Shirley Choate,Absent,0
1120,2016-06-23,Board of Directors - Regular Board Meeting,19038,19,2016-0449,APPROVED,1848,Phil Washington,Aye,1
1120,2016-06-23,Board of Directors - Regular Board Meeting,19040,21,2016-0320,APPROVED,279,Mark Ridley-Thomas,Aye,1
1120,2016-06-23,Board of Directors - Regular Board Meeting,19040,21,2016-0320,APPROVED,280,John Fasana,Aye,1
1120,2016-06-23,Board of Directors - Regular Board Meeting,19040,21,2016-0320,APPROVED,278,Eric Garcetti,Absent,0
1120,2016-06-23,Board of Directors - Regular Board Meeting,19040,21,2016-0320,APPROVED,281,Michael Antonovich,Aye,1
1120,2016-06-23,Board of Directors - Regular Board Meeting,19040,21,2016-0320,APPROVED,282,Mike Bonin,Aye,1
1120,2016-06-23,Board of Directors - Regular Board Meeting,19040,21,2016-0320,APPROVED,1820,James Butts,Aye,1
1120,2016-06-23,Board of Directors - Regular Board Meeting,19040,21,2016-0320,APPROVED,283,Diane DuBois,Aye,1
1120,2016-06-23,Board of Directors - Regular Board Meeting,19040,21,2016-0320,APPROVED,284,Jacquelyn Dupont-Walker,Aye,1
1120,2016-06-23,Board of Directors - Regular Board Meeting,19040,21,2016-0320,APPROVED,285,Don Knabe,Aye,1
1120,2016-06-23,Board of Directors - Regular Board Meeting,19040,21,2016-0320,APPROVED,286,Paul Krekorian,Absent,0
1120,2016-06-23,Board of Directors - Regular Board Meeting,19040,21,2016-0320,APPROVED,287,Sheila Kuehl,Aye,1
1120,2016-06-23,Board of Directors - Regular Board Meeting,19040,21,2016-0320,APPROVED,288,Ara J. Najarian,Aye,1
1120,2016-06-23,Board of Directors - Regular Board Meeting,19040,21,2016-0320,APPROVED,290,Hilda L. Solis,Aye,1
1120,2016-06-23,Board of Directors - Regular Board Meeting,19040,21,2016-0320,APPROVED,1821,Carrie Bowen,Aye,1
1120,2016-06-23,Board of Directors - Regular Board Meeting,19040,21,2016-0320,APPROVED,1861,Shirley Choate,Absent,0
1120,2016-06-23,Board of Directors - Regular Board Meeting,19040,21,2016-0320,APPROVED,1848,Phil Washington,Aye,1
1120,2016-06-23,Board of Directors - Regular Board Meeting,19042,22,2016-0444,APPROVED,279,Mark Ridley-Thomas,Aye,1
1120,2016-06-23,Board of Directors - Regular Board Meeting,19042,22,2016-0444,APPROVED,280,John Fasana,Aye,1
1120,2016-06-23,Board of Directors - Regular Board Meeting,19042,22,2016-0444,APPROVED,278,Eric Garcetti,Absent,0
1120,2016-06-23,Board of Directors - Regular Board Meeting,19042,22,2016-0444,APPROVED,281,Michael Antonovich,Aye,1
1120,2016-06-23,Board of Directors - Regular Board Meeting,19042,22,2016-0444,APPROVED,282,Mike Bonin,Aye,1
1120,2016-06-23,Board of Directors - Regular Board Meeting,19042,22,2016-0444,APPROVED,1820,James Butts,Aye,1
1120,2016-06-23,Board of Directors - Regular Board Meeting,19042,22,2016-0444,APPROVED,283,Diane DuBois,Aye,1
1120,2016-06-23,Board of Directors - Regular Board Meeting,19042,22,2016-0444,APPROVED,284,Jacquelyn Dupont-Walker,Aye,1
1120,2016-06-23,Board of Directors - Regular Board Meeting,19042,22,2016-0444,APPROVED,285,Don Knabe,Aye,1
1120,2016-06-23,Board of Directors - Regular Board Meeting,19042,22,2016-0444,APPROVED,286,Paul Krekorian,Absent,0
1120,2016-06-23,Board of Directors - Regular Board Meeting,19042,22,2016-0444,APPROVED,287,Sheila Kuehl,Aye,1
1120,2016-06-23,Board of Directors - Regular Board Meeting,19042,22,2016-0444,APPROVED,288,Ara J. Najarian,Aye,1
1120,2016-06-23,Board of Directors - Regular Board Meeting,19042,22,2016-0444,APPROVED,290,Hilda L. Solis,Aye,1
1120,2016-06-23,Board of Directors - Regular Board Meeting,19042,22,2016-0444,APPROVED,1821,Carrie Bowen,Aye,1
1120,2016-06-23,Board of Directors - Regular Board Meeting,19042,22,2016-0444,APPROVED,1861,Shirley Choate,Absent,0
1120,2016-06-23,Board of Directors - Regular Board Meeting,19042,22,2016-0444,APPROVED,1848,Phil Washington,Aye,1
1120,2016-06-23,Board of Directors - Regular Board Meeting,19044,23,2016-0489,RECEIVED AND FILED,279,Mark Ridley-Thomas,Aye,1
1120,2016-06-23,Board of Directors - Regular Board Meeting,19044,23,2016-0489,RECEIVED AND FILED,280,John Fasana,Aye,1
1120,2016-06-23,Board of Directors - Regular Board Meeting,19044,23,2016-0489,RECEIVED AND FILED,278,Eric Garcetti,Absent,0
1120,2016-06-23,Board of Directors - Regular Board Meeting,19044,23,2016-0489,RECEIVED AND FILED,281,Michael Antonovich,Aye,1
1120,2016-06-23,Board of Directors - Regular Board Meeting,19044,23,2016-0489,RECEIVED AND FILED,282,Mike Bonin,Aye,1
1120,2016-06-23,Board of Directors - Regular Board Meeting,19044,23,2016-0489,RECEIVED AND FILED,1820,James Butts,Aye,1
1120,2016-06-23,Board of Directors - Regular Board Meeting,19044,23,2016-0489,RECEIVED AND FILED,283,Diane DuBois,Aye,1
1120,2016-06-23,Board of Directors - Regular Board Meeting,19044,23,2016-0489,RECEIVED AND FILED,284,Jacquelyn Dupont-Walker,Aye,1
1120,2016-06-23,Board of Directors - Regular Board Meeting,19044,23,2016-0489,RECEIVED AND FILED,285,Don Knabe,Aye,1
1120,2016-06-23,Board of Directors - Regular Board Meeting,19044,23,2016-0489,RECEIVED AND FILED,286,Paul Krekorian,Absent,0
1120,2016-06-23,Board of Directors - Regular Board Meeting,19044,23,2016-0489,RECEIVED AND FILED,287,Sheila Kuehl,Aye,1
1120,2016-06-23,Board of Directors - Regular Board Meeting,19044,23,2016-0489,RECEIVED AND FILED,288,Ara J. Najarian,Aye,1
1120,2016-06-23,Board of Directors - Regular Board Meeting,19044,23,2016-0489,RECEIVED AND FILED,290,Hilda L. Solis,Aye,1
1120,2016-06-23,Board of Directors - Regular Board Meeting,19044,23,2016-0489,RECEIVED AND FILED,1821,Carrie Bowen,Aye,1
1120,2016-06-23,Board of Directors - Regular Board Meeting,19044,23,2016-0489,RECEIVED AND FILED,1861,Shirley Choate,Absent,0
1120,2016-06-23,Board of Directors - Regular Board Meeting,19044,23,2016-0489,RECEIVED AND FILED,1848,Phil Washington,Aye,1
1120,2016-06-23,Board of Directors - Regular Board Meeting,19046,42,2016-0421,APPROVED,279,Mark Ridley-Thomas,Aye,1
1120,2016-06-23,Board of Directors - Regular Board Meeting,19046,42,2016-0421,APPROVED,280,John Fasana,Aye,1
1120,2016-06-23,Board of Directors - Regular Board Meeting,19046,42,2016-0421,APPROVED,278,Eric Garcetti,Absent,0
1120,2016-06-23,Board of Directors - Regular Board Meeting,19046,42,2016-0421,APPROVED,281,Michael Antonovich,Aye,1
1120,2016-06-23,Board of Directors - Regular Board Meeting,19046,42,2016-0421,APPROVED,282,Mike Bonin,Aye,1
1120,2016-06-23,Board of Directors - Regular Board Meeting,19046,42,2016-0421,APPROVED,1820,James Butts,Aye,1
1120,2016-06-23,Board of Directors - Regular Board Meeting,19046,42,2016-0421,APPROVED,283,Diane DuBois,Aye,1
1120,2016-06-23,Board of Directors - Regular Board Meeting,19046,42,2016-0421,APPROVED,284,Jacquelyn Dupont-Walker,Aye,1
1120,2016-06-23,Board of Directors - Regular Board Meeting,19046,42,2016-0421,APPROVED,285,Don Knabe,Aye,1
1120,2016-06-23,Board of Directors - Regular Board Meeting,19046,42,2016-0421,APPROVED,286,Paul Krekorian,Absent,0
1120,2016-06-23,Board of Directors - Regular Board Meeting,19046,42,2016-0421,APPROVED,287,Sheila Kuehl,Aye,1
1120,2016-06-23,Board of Directors - Regular Board Meeting,19046,42,2016-0421,APPROVED,288,Ara J. Najarian,Aye,1
1120,2016-06-23,Board of Directors - Regular Board Meeting,19046,42,2016-0421,APPROVED,290,Hilda L. Solis,Aye,1
1120,2016-06-23,Board of Directors - Regular Board Meeting,19046,42,2016-0421,APPROVED,1821,Carrie Bowen,Aye,1
1120,2016-06-23,Board of Directors - Regular Board Meeting,19046,42,2016-0421,APPROVED,1861,Shirley Choate,Absent,0
1120,2016-06-23,Board of Directors - Regular Board Meeting,19046,42,2016-0421,APPROVED,1848,Phil Washington,Aye,1
1120,2016-06-23,Board of Directors - Regular Board Meeting,19048,45,2016-0419,APPROVED,279,Mark Ridley-Thomas,Aye,1
1120,2016-06-23,Board of Directors - Regular Board Meeting,19048,45,2016-0419,APPROVED,280,John Fasana,Aye,1
1120,2016-06-23,Board of Directors - Regular Board Meeting,19048,45,2016-0419,APPROVED,278,Eric Garcetti,Absent,0
1120,2016-06-23,Board of Directors - Regular Board Meeting,19048,45,2016-0419,APPROVED,281,Michael Antonovich,Aye,1
1120,2016-06-23,Board of Directors - Regular Board Meeting,19048,45,2016-0419,APPROVED,282,Mike Bonin,Aye,1
1120,2016-06-23,Board of Directors - Regular Board Meeting,19048,45,2016-0419,APPROVED,1820,James Butts,Aye,1
1120,2016-06-23,Board of Directors - Regular Board Meeting,19048,45,2016-0419,APPROVED,283,Diane DuBois,Aye,1
1120,2016-06-23,Board of Directors - Regular Board Meeting,19048,45,2016-0419,APPROVED,284,Jacquelyn Dupont-Walker,Aye,1
1120,2016-06-23,Board of Directors - Regular Board Meeting,19048,45,2016-0419,APPROVED,285,Don Knabe,Aye,1
1120,2016-06-23,Board of Directors - Regular Board Meeting,19048,45,2016-0419,APPROVED,286,Paul Krekorian,Absent,0
1120,2016-06-23,Board of Directors - Regular Board Meeting,19048,45,2016-0419,APPROVED,287,Sheila Kuehl,Aye,1
1120,2016-06-23,Board of Directors - Regular Board Meeting,19048,45,2016-0419,APPROVED,288,Ara J. Najarian,Aye,1
1120,2016-06-23,Board of Directors - Regular Board Meeting,19048,45,2016-0419,APPROVED,290,Hilda L. Solis,Aye,1
1120,2016-06-23,Board of Directors - Regular Board Meeting,19048,45,2016-0419,APPROVED,1821,Carrie Bowen,Aye,1
1120,2016-06-23,Board of Directors - Regular Board Meeting,19048,45,2016-0419,APPROVED,1861,Shirley Choate,Absent,0
1120,2016-06-23,Board of Directors - Regular Board Meeting,19048,45,2016-0419,APPROVED,1848,Phil Washington,Aye,1
1120,2016-06-23,Board of Directors - Regular Board Meeting,19051,24,2015-1716,APPROVED,279,Mark Ridley-Thomas,Aye,1
1120,2016-06-23,Board of Directors - Regular Board Meeting,19051,24,2015-1716,APPROVED,280,John Fasana,Aye,1
1120,2016-06-23,Board of Directors - Regular Board Meeting,19051,24,2015-1716,APPROVED,278,Eric Garcetti,Absent,0
1120,2016-06-23,Board of Directors - Regular Board Meeting,19051,24,2015-1716,APPROVED,281,Michael Antonovich,Aye,1
1120,2016-06-23,Board of Directors - Regular Board Meeting,19051,24,2015-1716,APPROVED,282,Mike Bonin,Aye,1
1120,2016-06-23,Board of Directors - Regular Board Meeting,19051,24,2015-1716,APPROVED,1820,James Butts,Aye,1
1120,2016-06-23,Board of Directors - Regular Board Meeting,19051,24,2015-1716,APPROVED,283,Diane DuBois,Aye,1
1120,2016-06-23,Board of Directors - Regular Board Meeting,19051,24,2015-1716,APPROVED,284,Jacquelyn Dupont-Walker,Aye,1
1120,2016-06-23,Board of Directors - Regular Board Meeting,19051,24,2015-1716,APPROVED,285,Don Knabe,Aye,1
1120,2016-06-23,Board of Directors - Regular Board Meeting,19051,24,2015-1716,APPROVED,286,Paul Krekorian,Absent,0
1120,2016-06-23,Board of Directors - Regular Board Meeting,19051,24,2015-1716,APPROVED,287,Sheila Kuehl,Aye,1
1120,2016-06-23,Board of Directors - Regular Board Meeting,19051,24,2015-1716,APPROVED,288,Ara J. Najarian,Aye,1
1120,2016-06-23,Board of Directors - Regular Board Meeting,19051,24,2015-1716,APPROVED,290,Hilda L. Solis,Aye,1
1120,2016-06-23,Board of Directors - Regular Board Meeting,19051,24,2015-1716,APPROVED,1821,Carrie Bowen,Aye,1
1120,2016-06-23,Board of Directors - Regular Board Meeting,19051,24,2015-1716,APPROVED,1861,Shirley Choate,Absent,0
1120,2016-06-23,Board of Directors - Regular Board Meeting,19051,24,2015-1716,APPROVED,1848,Phil Washington,Aye,1
1120,2016-06-23,Board of Directors - Regular Board Meeting,19054,25,2016-0230,APPROVED,279,Mark Ridley-Thomas,Aye,1
1120,2016-06-23,Board of Directors - Regular Board Meeting,19054,25,2016-0230,APPROVED,280,John Fasana,Aye,1
1120,2016-06-23,Board of Directors - Regular Board Meeting,19054,25,2016-0230,APPROVED,278,Eric Garcetti,Absent,0
1120,2016-06-23,Board of Directors - Regular Board Meeting,19054,25,2016-0230,APPROVED,281,Michael Antonovich,Aye,1
1120,2016-06-23,Board of Directors - Regular Board Meeting,19054,25,2016-0230,APPROVED,282,Mike Bonin,Aye,1
1120,2016-06-23,Board of Directors - Regular Board Meeting,19054,25,2016-0230,APPROVED,1820,James Butts,Aye,1
1120,2016-06-23,Board of Directors - Regular Board Meeting,19054,25,2016-0230,APPROVED,283,Diane DuBois,Aye,1
1120,2016-06-23,Board of Directors - Regular Board Meeting,19054,25,2016-0230,APPROVED,284,Jacquelyn Dupont-Walker,Aye,1
1120,2016-06-23,Board of Directors - Regular Board Meeting,19054,25,2016-0230,APPROVED,285,Don Knabe,Aye,1
1120,2016-06-23,Board of Directors - Regular Board Meeting,19054,25,2016-0230,APPROVED,286,Paul Krekorian,Absent,0
1120,2016-06-23,Board of Directors - Regular Board Meeting,19054,25,2016-0230,APPROVED,287,Sheila Kuehl,Aye,1
1120,2016-06-23,Board of Directors - Regular Board Meeting,19054,25,2016-0230,APPROVED,288,Ara J. Najarian,Aye,1
1120,2016-06-23,Board of Directors - Regular Board Meeting,19054,25,2016-0230,APPROVED,290,Hilda L. Solis,Aye,1
1120,2016-06-23,Board of Directors - Regular Board Meeting,19054,25,2016-0230,APPROVED,1821,Carrie Bowen,Aye,1
1120,2016-06-23,Board of Directors - Regular Board Meeting,19054,25,2016-0230,APPROVED,1861,Shirley Choate,Absent,0
1120,2016-06-23,Board of Directors - Regular Board Meeting,19054,25,2016-0230,APPROVED,1848,Phil Washington,Aye,1
1120,2016-06-23,Board of Directors - Regular Board Meeting,19055,26,2016-0428,RECEIVED AND FILED,279,Mark Ridley-Thomas,Aye,1
1120,2016-06-23,Board of Directors - Regular Board Meeting,19055,26,2016-0428,RECEIVED AND FILED,280,John Fasana,Aye,1
1120,2016-06-23,Board of Directors - Regular Board Meeting,19055,26,2016-0428,RECEIVED AND FILED,278,Eric Garcetti,Absent,0
1120,2016-06-23,Board of Directors - Regular Board Meeting,19055,26,2016-0428,RECEIVED AND FILED,281,Michael Antonovich,Aye,1
1120,2016-06-23,Board of Directors - Regular Board Meeting,19055,26,2016-0428,RECEIVED AND FILED,282,Mike Bonin,Aye,1
1120,2016-06-23,Board of Directors - Regular Board Meeting,19055,26,2016-0428,RECEIVED AND FILED,1820,James Butts,Aye,1
1120,2016-06-23,Board of Directors - Regular Board Meeting,19055,26,2016-0428,RECEIVED AND FILED,283,Diane DuBois,Aye,1
1120,2016-06-23,Board of Directors - Regular Board Meeting,19055,26,2016-0428,RECEIVED AND FILED,284,Jacquelyn Dupont-Walker,Aye,1
1120,2016-06-23,Board of Directors - Regular Board Meeting,19055,26,2016-0428,RECEIVED AND FILED,285,Don Knabe,Aye,1
1120,2016-06-23,Board of Directors - Regular Board Meeting,19055,26,2016-0428,RECEIVED AND FILED,286,Paul Krekorian,Absent,0
1120,2016-06-23,Board of Directors - Regular Board Meeting,19055,26,2016-0428,RECEIVED AND FILED,287,Sheila Kuehl,Aye,1
1120,2016-06-23,Board of Directors - Regular Board Meeting,19055,26,2016-0428,RECEIVED AND FILED,288,Ara J. Najarian,Aye,1
1120,2016-06-23,Board of Directors - Regular Board Meeting,19055,26,2016-0428,RECEIVED AND FILED,290,Hilda L. Solis,Aye,1
1120,2016-06-23,Board of Directors - Regular Board Meeting,19055,26,2016-0428,RECEIVED AND FILED,1821,Carrie Bowen,Aye,1
1120,2016-06-23,Board of Directors - Regular Board Meeting,19055,26,2016-0428,RECEIVED AND FILED,1861,Shirley Choate,Absent,0
1120,2016-06-23,Board of Directors - Regular Board Meeting,19055,26,2016-0428,RECEIVED AND FILED,1848,Phil Washington,Aye,1
1120,2016-06-23,Board of Directors - Regular Board Meeting,19058,27,2016-0434,APPROVED,279,Mark Ridley-Thomas,Aye,1
1120,2016-06-23,Board of Directors - Regular Board Meeting,19058,27,2016-0434,APPROVED,280,John Fasana,Aye,1
1120,2016-06-23,Board of Directors - Regular Board Meeting,19058,27,2016-0434,APPROVED,278,Eric Garcetti,Absent,0
1120,2016-06-23,Board of Directors - Regular Board Meeting,19058,27,2016-0434,APPROVED,281,Michael Antonovich,Aye,1
1120,2016-06-23,Board of Directors - Regular Board Meeting,19058,27,2016-0434,APPROVED,282,Mike Bonin,Aye,1
1120,2016-06-23,Board of Directors - Regular Board Meeting,19058,27,2016-0434,APPROVED,1820,James Butts,Aye,1
1120,2016-06-23,Board of Directors - Regular Board Meeting,19058,27,2016-0434,APPROVED,283,Diane DuBois,Aye,1
1120,2016-06-23,Board of Directors - Regular Board Meeting,19058,27,2016-0434,APPROVED,284,Jacquelyn Dupont-Walker,Aye,1
1120,2016-06-23,Board of Directors - Regular Board Meeting,19058,27,2016-0434,APPROVED,285,Don Knabe,Aye,1
1120,2016-06-23,Board of Directors - Regular Board Meeting,19058,27,2016-0434,APPROVED,286,Paul Krekorian,Absent,0
1120,2016-06-23,Board of Directors - Regular Board Meeting,19058,27,2016-0434,APPROVED,287,Sheila Kuehl,Aye,1
1120,2016-06-23,Board of Directors - Regular Board Meeting,19058,27,2016-0434,APPROVED,288,Ara J. Najarian,Aye,1
1120,2016-06-23,Board of Directors - Regular Board Meeting,19058,27,2016-0434,APPROVED,290,Hilda L. Solis,Aye,1
1120,2016-06-23,Board of Directors - Regular Board Meeting,19058,27,2016-0434,APPROVED,1821,Carrie Bowen,Aye,1
1120,2016-06-23,Board of Directors - Regular Board Meeting,19058,27,2016-0434,APPROVED,1861,Shirley Choate,Absent,0
1120,2016-06-23,Board of Directors - Regular Board Meeting,19058,27,2016-0434,APPROVED,1848,Phil Washington,Aye,1
1120,2016-06-23,Board of Directors - Regular Board Meeting,19059,43,2016-0328,APPROVED,279,Mark Ridley-Thomas,Aye,1
1120,2016-06-23,Board of Directors - Regular Board Meeting,19059,43,2016-0328,APPROVED,280,John Fasana,Aye,1
1120,2016-06-23,Board of Directors - Regular Board Meeting,19059,43,2016-0328,APPROVED,278,Eric Garcetti,Absent,0
1120,2016-06-23,Board of Directors - Regular Board Meeting,19059,43,2016-0328,APPROVED,281,Michael Antonovich,Aye,1
1120,2016-06-23,Board of Directors - Regular Board Meeting,19059,43,2016-0328,APPROVED,282,Mike Bonin,Aye,1
1120,2016-06-23,Board of Directors - Regular Board Meeting,19059,43,2016-0328,APPROVED,1820,James Butts,Absent,0
1120,2016-06-23,Board of Directors - Regular Board Meeting,19059,43,2016-0328,APPROVED,283,Diane DuBois,Aye,1
1120,2016-06-23,Board of Directors - Regular Board Meeting,19059,43,2016-0328,APPROVED,284,Jacquelyn Dupont-Walker,Aye,1
1120,2016-06-23,Board of Directors - Regular Board Meeting,19059,43,2016-0328,APPROVED,285,Don Knabe,Aye,1
1120,2016-06-23,Board of Directors - Regular Board Meeting,19059,43,2016-0328,APPROVED,286,Paul Krekorian,Aye,1
1120,2016-06-23,Board of Directors - Regular Board Meeting,19059,43,2016-0328,APPROVED,287,Sheila Kuehl,Aye,1
1120,2016-06-23,Board of Directors - Regular Board Meeting,19059,43,2016-0328,APPROVED,288,Ara J. Najarian,Aye,1
1120,2016-06-23,Board of Directors - Regular Board Meeting,19059,43,2016-0328,APPROVED,290,Hilda L. Solis,Aye,1
1120,2016-06-23,Board of Directors - Regular Board Meeting,19062,44,2016-0379,APPROVED,279,Mark Ridley-Thomas,Aye,1
1120,2016-06-23,Board of Directors - Regular Board Meeting,19062,44,2016-0379,APPROVED,280,John Fasana,Aye,1
1120,2016-06-23,Board of Directors - Regular Board Meeting,19062,44,2016-0379,APPROVED,278,Eric Garcetti,Absent,0
1120,2016-06-23,Board of Directors - Regular Board Meeting,19062,44,2016-0379,APPROVED,281,Michael Antonovich,Aye,1
1120,2016-06-23,Board of Directors - Regular Board Meeting,19062,44,2016-0379,APPROVED,282,Mike Bonin,Aye,1
1120,2016-06-23,Board of Directors - Regular Board Meeting,19062,44,2016-0379,APPROVED,1820,James Butts,Absent,0
1120,2016-06-23,Board of Directors - Regular Board Meeting,19062,44,2016-0379,APPROVED,283,Diane DuBois,Aye,1
1120,2016-06-23,Board of Directors - Regular Board Meeting,19062,44,2016-0379,APPROVED,284,Jacquelyn Dupont-Walker,Aye,1
1120,2016-06-23,Board of Directors - Regular Board Meeting,19062,44,2016-0379,APPROVED,285,Don Knabe,Aye,1
1120,2016-06-23,Board of Directors - Regular Board Meeting,19062,44,2016-0379,APPROVED,286,Paul Krekorian,Aye,1
1120,2016-06-23,Board of Directors - Regular Board Meeting,19062,44,2016-0379,APPROVED,287,Sheila Kuehl,Aye,1
1120,2016-06-23,Board of Directors - Regular Board Meeting,19062,44,2016-0379,APPROVED,288,Ara J. Najarian,Aye,1
1120,2016-06-23,Board of Directors - Regular Board Meeting,19062,44,2016-0379,APPROVED,290,Hilda L. Solis,Aye,1
1120,2016-06-23,Board of Directors - Regular Board Meeting,19063,31,2016-0185,APPROVED,279,Mark Ridley-Thomas,Aye,1
1120,2016-06-23,Board of Directors - Regular Board Meeting,19063,31,2016-0185,APPROVED,280,John Fasana,Aye,1
1120,2016-06-23,Board of Directors - Regular Board Meeting,19063,31,2016-0185,APPROVED,278,Eric Garcetti,Absent,0
1120,2016-06-23,Board of Directors - Regular Board Meeting,19063,31,2016-0185,APPROVED,281,Michael Antonovich,Aye,1
1120,2016-06-23,Board of Directors - Regular Board Meeting,19063,31,2016-0185,APPROVED,282,Mike Bonin,Aye,1
1120,2016-06-23,Board of Directors - Regular Board Meeting,19063,31,2016-0185,APPROVED,1820,James Butts,Aye,1
1120,2016-06-23,Board of Directors - Regular Board Meeting,19063,31,2016-0185,APPROVED,283,Diane DuBois,Aye,1
1120,2016-06-23,Board of Directors - Regular Board Meeting,19063,31,2016-0185,APPROVED,284,Jacquelyn Dupont-Walker,Aye,1
1120,2016-06-23,Board of Directors - Regular Board Meeting,19063,31,2016-0185,APPROVED,285,Don Knabe,Aye,1
1120,2016-06-23,Board of Directors - Regular Board Meeting,19063,31,2016-0185,APPROVED,286,Paul Krekorian,Absent,0
1120,2016-06-23,Board of Directors - Regular Board Meeting,19063,31,2016-0185,APPROVED,287,Sheila Kuehl,Aye,1
1120,2016-06-23,Board of Directors - Regular Board Meeting,19063,31,2016-0185,APPROVED,288,Ara J. Najarian,Aye,1
1120,2016-06-23,Board of Directors - Regular Board Meeting,19063,31,2016-0185,APPROVED,290,Hilda L. Solis,Aye,1
1120,2016-06-23,Board of Directors - Regular Board Meeting,19063,31,2016-0185,APPROVED,1821,Carrie Bowen,Aye,1
1120,2016-06-23,Board of Directors - Regular Board Meeting,19063,31,2016-0185,APPROVED,1861,Shirley Choate,Absent,0
1120,2016-06-23,Board of Directors - Regular Board Meeting,19063,31,2016-0185,APPROVED,1848,Phil Washington,Aye,1
1120,2016-06-23,Board of Directors - Regular Board Meeting,19065,33,2016-0395,APPROVED,279,Mark Ridley-Thomas,Aye,1
1120,2016-06-23,Board of Directors - Regular Board Meeting,19065,33,2016-0395,APPROVED,280,John Fasana,Aye,1
1120,2016-06-23,Board of Directors - Regular Board Meeting,19065,33,2016-0395,APPROVED,278,Eric Garcetti,Absent,0
1120,2016-06-23,Board of Directors - Regular Board Meeting,19065,33,2016-0395,APPROVED,281,Michael Antonovich,Aye,1
1120,2016-06-23,Board of Directors - Regular Board Meeting,19065,33,2016-0395,APPROVED,282,Mike Bonin,Aye,1
1120,2016-06-23,Board of Directors - Regular Board Meeting,19065,33,2016-0395,APPROVED,1820,James Butts,Aye,1
1120,2016-06-23,Board of Directors - Regular Board Meeting,19065,33,2016-0395,APPROVED,283,Diane DuBois,Aye,1
1120,2016-06-23,Board of Directors - Regular Board Meeting,19065,33,2016-0395,APPROVED,284,Jacquelyn Dupont-Walker,Aye,1
1120,2016-06-23,Board of Directors - Regular Board Meeting,19065,33,2016-0395,APPROVED,285,Don Knabe,Aye,1
1120,2016-06-23,Board of Directors - Regular Board Meeting,19065,33,2016-0395,APPROVED,286,Paul Krekorian,Absent,0
1120,2016-06-23,Board of Directors - Regular Board Meeting,19065,33,2016-0395,APPROVED,287,Sheila Kuehl,Aye,1
1120,2016-06-23,Board of Directors - Regular Board Meeting,19065,33,2016-0395,APPROVED,288,Ara J. Najarian,Aye,1
1120,2016-06-23,Board of Directors - Regular Board Meeting,19065,33,2016-0395,APPROVED,290,Hilda L. Solis,Aye,1
1120,2016-06-23,Board of Directors - Regular Board Meeting,19065,33,2016-0395,APPROVED,1821,Carrie Bowen,Aye,1
1120,2016-06-23,Board of Directors - Regular Board Meeting,19065,33,2016-0395,APPROVED,1861,Shirley Choate,Absent,0
1120,2016-06-23,Board of Directors - Regular Board Meeting,19065,33,2016-0395,APPROVED,1848,Phil Washington,Aye,1
1120,2016-06-23,Board of Directors - Regular Board Meeting,19067,32,2016-0207,APPROVED,279,Mark Ridley-Thomas,Aye,1
1120,2016-06-23,Board of Directors - Regular Board Meeting,19067,32,2016-0207,APPROVED,280,John Fasana,Aye,1
1120,2016-06-23,Board of Directors - Regular Board Meeting,19067,32,2016-0207,APPROVED,278,Eric Garcetti,Absent,0
1120,2016-06-23,Board of Directors - Regular Board Meeting,19067,32,2016-0207,APPROVED,281,Michael Antonovich,Aye,1
1120,2016-06-23,Board of Directors - Regular Board Meeting,19067,32,2016-0207,APPROVED,282,Mike Bonin,Aye,1
1120,2016-06-23,Board of Directors - Regular Board Meeting,19067,32,2016-0207,APPROVED,1820,James Butts,Aye,1
1120,2016-06-23,Board of Directors - Regular Board Meeting,19067,32,2016-0207,APPROVED,283,Diane DuBois,Aye,1
1120,2016-06-23,Board of Directors - Regular Board Meeting,19067,32,2016-0207,APPROVED,284,Jacquelyn Dupont-Walker,Aye,1
1120,2016-06-23,Board of Directors - Regular Board Meeting,19067,32,2016-0207,APPROVED,285,Don Knabe,Aye,1
1120,2016-06-23,Board of Directors - Regular Board Meeting,19067,32,2016-0207,APPROVED,286,Paul Krekorian,Absent,0
1120,2016-06-23,Board of Directors - Regular Board Meeting,19067,32,2016-0207,APPROVED,287,Sheila Kuehl,Aye,1
1120,2016-06-23,Board of Directors - Regular Board Meeting,19067,32,2016-0207,APPROVED,288,Ara J. Najarian,Aye,1
1120,2016-06-23,Board of Directors - Regular Board Meeting,19067,32,2016-0207,APPROVED,290,Hilda L. Solis,Aye,1
1120,2016-06-23,Board of Directors - Regular Board Meeting,19067,32,2016-0207,APPROVED,1821,Carrie Bowen,Aye,1
1120,2016-06-23,Board of Directors - Regular Board Meeting,19067,32,2016-0207,APPROVED,1861,Shirley Choate,Absent,0
1120,2016-06-23,Board of Directors - Regular Board Meeting,19067,32,2016-0207,APPROVED,1848,Phil Washington,Aye,1
1120,2016-06-23,Board of Directors - Regular Board Meeting,19069,38,2016-0437,APPROVED,279,Mark Ridley-Thomas,Aye,1
1120,2016-06-23,Board of Directors - Regular Board Meeting,19069,38,2016-0437,APPROVED,280,John Fasana,Aye,1
1120,2016-06-23,Board of Directors - Regular Board Meeting,19069,38,2016-0437,APPROVED,278,Eric Garcetti,Absent,0
1120,2016-06-23,Board of Directors - Regular Board Meeting,19069,38,2016-0437,APPROVED,281,Michael Antonovich,Aye,1
1120,2016-06-23,Board of Directors - Regular Board Meeting,19069,38,2016-0437,APPROVED,282,Mike Bonin,Aye,1
1120,2016-06-23,Board of Directors - Regular Board Meeting,19069,38,2016-0437,APPROVED,1820,James Butts,Aye,1
1120,2016-06-23,Board of Directors - Regular Board Meeting,19069,38,2016-0437,APPROVED,283,Diane DuBois,Aye,1
1120,2016-06-23,Board of Directors - Regular Board Meeting,19069,38,2016-0437,APPROVED,284,Jacquelyn Dupont-Walker,Aye,1
1120,2016-06-23,Board of Directors - Regular Board Meeting,19069,38,2016-0437,APPROVED,285,Don Knabe,Aye,1
1120,2016-06-23,Board of Directors - Regular Board Meeting,19069,38,2016-0437,APPROVED,286,Paul Krekorian,Absent,0
1120,2016-06-23,Board of Directors - Regular Board Meeting,19069,38,2016-0437,APPROVED,287,Sheila Kuehl,Aye,1
1120,2016-06-23,Board of Directors - Regular Board Meeting,19069,38,2016-0437,APPROVED,288,Ara J. Najarian,Aye,1
1120,2016-06-23,Board of Directors - Regular Board Meeting,19069,38,2016-0437,APPROVED,290,Hilda L. Solis,Aye,1
1120,2016-06-23,Board of Directors - Regular Board Meeting,19069,38,2016-0437,APPROVED,1821,Carrie Bowen,Aye,1
1120,2016-06-23,Board of Directors - Regular Board Meeting,19069,38,2016-0437,APPROVED,1861,Shirley Choate,Absent,0
1120,2016-06-23,Board of Directors - Regular Board Meeting,19069,38,2016-0437,APPROVED,1848,Phil Washington,Aye,1
1120,2016-06-23,Board of Directors - Regular Board Meeting,19071,39,2016-0310,APPROVED,279,Mark Ridley-Thomas,Aye,1
1120,2016-06-23,Board of Directors - Regular Board Meeting,19071,39,2016-0310,APPROVED,280,John Fasana,Aye,1
1120,2016-06-23,Board of Directors - Regular Board Meeting,19071,39,2016-0310,APPROVED,278,Eric Garcetti,Absent,0
1120,2016-06-23,Board of Directors - Regular Board Meeting,19071,39,2016-0310,APPROVED,281,Michael Antonovich,Aye,1
1120,2016-06-23,Board of Directors - Regular Board Meeting,19071,39,2016-0310,APPROVED,282,Mike Bonin,Aye,1
1120,2016-06-23,Board of Directors - Regular Board Meeting,19071,39,2016-0310,APPROVED,1820,James Butts,Aye,1
1120,2016-06-23,Board of Directors - Regular Board Meeting,19071,39,2016-0310,APPROVED,283,Diane DuBois,Aye,1
1120,2016-06-23,Board of Directors - Regular Board Meeting,19071,39,2016-0310,APPROVED,284,Jacquelyn Dupont-Walker,Aye,1
1120,2016-06-23,Board of Directors - Regular Board Meeting,19071,39,2016-0310,APPROVED,285,Don Knabe,Aye,1
1120,2016-06-23,Board of Directors - Regular Board Meeting,19071,39,2016-0310,APPROVED,286,Paul Krekorian,Absent,0
1120,2016-06-23,Board of Directors - Regular Board Meeting,19071,39,2016-0310,APPROVED,287,Sheila Kuehl,Aye,1
1120,2016-06-23,Board of Directors - Regular Board Meeting,19071,39,2016-0310,APPROVED,288,Ara J. Najarian,Aye,1
1120,2016-06-23,Board of Directors - Regular Board Meeting,19071,39,2016-0310,APPROVED,290,Hilda L. Solis,Aye,1
1120,2016-06-23,Board of Directors - Regular Board Meeting,19071,39,2016-0310,APPROVED,1821,Carrie Bowen,Aye,1
1120,2016-06-23,Board of Directors - Regular Board Meeting,19071,39,2016-0310,APPROVED,1861,Shirley Choate,Absent,0
1120,2016-06-23,Board of Directors - Regular Board Meeting,19071,39,2016-0310,APPROVED,1848,Phil Washington,Aye,1
1120,2016-06-23,Board of Directors - Regular Board Meeting,19073,41,2016-0386,APPROVED,279,Mark Ridley-Thomas,Aye,1
1120,2016-06-23,Board of Directors - Regular Board Meeting,19073,41,2016-0386,APPROVED,280,John Fasana,Aye,1
1120,2016-06-23,Board of Directors - Regular Board Meeting,19073,41,2016-0386,APPROVED,278,Eric Garcetti,Absent,0
1120,2016-06-23,Board of Directors - Regular Board Meeting,19073,41,2016-0386,APPROVED,281,Michael Antonovich,Aye,1
1120,2016-06-23,Board of Directors - Regular Board Meeting,19073,41,2016-0386,APPROVED,282,Mike Bonin,Aye,1
1120,2016-06-23,Board of Directors - Regular Board Meeting,19073,41,2016-0386,APPROVED,1820,James Butts,Aye,1
1120,2016-06-23,Board of Directors - Regular Board Meeting,19073,41,2016-0386,APPROVED,283,Diane DuBois,Aye,1
1120,2016-06-23,Board of Directors - Regular Board Meeting,19073,41,2016-0386,APPROVED,284,Jacquelyn Dupont-Walker,Aye,1
1120,2016-06-23,Board of Directors - Regular Board Meeting,19073,41,2016-0386,APPROVED,285,Don Knabe,Aye,1
1120,2016-06-23,Board of Directors - Regular Board Meeting,19073,41,2016-0386,APPROVED,286,Paul Krekorian,Absent,0
1120,2016-06-23,Board of Directors - Regular Board Meeting,19073,41,2016-0386,APPROVED,287,Sheila Kuehl,Aye,1
1120,2016-06-23,Board of Directors - Regular Board Meeting,19073,41,2016-0386,APPROVED,288,Ara J. Najarian,Aye,1
1120,2016-06-23,Board of Directors - Regular Board Meeting,19073,41,2016-0386,APPROVED,290,Hilda L. Solis,Aye,1
1120,2016-06-23,Board of Directors - Regular Board Meeting,19073,41,2016-0386,APPROVED,1821,Carrie Bowen,Aye,1
1120,2016-06-23,Board of Directors - Regular Board Meeting,19073,41,2016-0386,APPROVED,1861,Shirley Choate,Absent,0
1120,2016-06-23,Board of Directors - Regular Board Meeting,19073,41,2016-0386,APPROVED,1848,Phil Washington,Aye,1
1120,2016-06-23,Board of Directors - Regular Board Meeting,19075,40,2016-0316,APPROVED,279,Mark Ridley-Thomas,Aye,1
1120,2016-06-23,Board of Directors - Regular Board Meeting,19075,40,2016-0316,APPROVED,280,John Fasana,Aye,1
1120,2016-06-23,Board of Directors - Regular Board Meeting,19075,40,2016-0316,APPROVED,278,Eric Garcetti,Absent,0
1120,2016-06-23,Board of Directors - Regular Board Meeting,19075,40,2016-0316,APPROVED,281,Michael Antonovich,Aye,1
1120,2016-06-23,Board of Directors - Regular Board Meeting,19075,40,2016-0316,APPROVED,282,Mike Bonin,Aye,1
1120,2016-06-23,Board of Directors - Regular Board Meeting,19075,40,2016-0316,APPROVED,1820,James Butts,Aye,1
1120,2016-06-23,Board of Directors - Regular Board Meeting,19075,40,2016-0316,APPROVED,283,Diane DuBois,Aye,1
1120,2016-06-23,Board of Directors - Regular Board Meeting,19075,40,2016-0316,APPROVED,284,Jacquelyn Dupont-Walker,Aye,1
1120,2016-06-23,Board of Directors - Regular Board Meeting,19075,40,2016-0316,APPROVED,285,Don Knabe,Aye,1
1120,2016-06-23,Board of Directors - Regular Board Meeting,19075,40,2016-0316,APPROVED,286,Paul Krekorian,Absent,0
1120,2016-06-23,Board of Directors - Regular Board Meeting,19075,40,2016-0316,APPROVED,287,Sheila Kuehl,Aye,1
1120,2016-06-23,Board of Directors - Regular Board Meeting,19075,40,2016-0316,APPROVED,288,Ara J. Najarian,Aye,1
1120,2016-06-23,Board of Directors - Regular Board Meeting,19075,40,2016-0316,APPROVED,290,Hilda L. Solis,Aye,1
1120,2016-06-23,Board of Directors - Regular Board Meeting,19075,40,2016-0316,APPROVED,1821,Carrie Bowen,Aye,1
1120,2016-06-23,Board of Directors - Regular Board Meeting,19075,40,2016-0316,APPROVED,1861,Shirley Choate,Absent,0
1120,2016-06-23,Board of Directors - Regular Board Meeting,19075,40,2016-0316,APPROVED,1848,Phil Washington,Aye,1
1120,2016-06-23,Board of Directors - Regular Board Meeting,19077,47,2016-0501,APPROVED,279,Mark Ridley-Thomas,Aye,1
1120,2016-06-23,Board of Directors - Regular Board Meeting,19077,47,2016-0501,APPROVED,280,John Fasana,Aye,1
1120,2016-06-23,Board of Directors - Regular Board Meeting,19077,47,2016-0501,APPROVED,278,Eric Garcetti,Absent,0
1120,2016-06-23,Board of Directors - Regular Board Meeting,19077,47,2016-0501,APPROVED,281,Michael Antonovich,Aye,1
1120,2016-06-23,Board of Directors - Regular Board Meeting,19077,47,2016-0501,APPROVED,282,Mike Bonin,Aye,1
1120,2016-06-23,Board of Directors - Regular Board Meeting,19077,47,2016-0501,APPROVED,1820,James Butts,Aye,1
1120,2016-06-23,Board of Directors - Regular Board Meeting,19077,47,2016-0501,APPROVED,283,Diane DuBois,Aye,1
1120,2016-06-23,Board of Directors - Regular Board Meeting,19077,47,2016-0501,APPROVED,284,Jacquelyn Dupont-Walker,Aye,1
1120,2016-06-23,Board of Directors - Regular Board Meeting,19077,47,2016-0501,APPROVED,285,Don Knabe,Aye,1
1120,2016-06-23,Board of Directors - Regular Board Meeting,19077,47,2016-0501,APPROVED,286,Paul Krekorian,Absent,0
1120,2016-06-23,Board of Directors - Regular Board Meeting,19077,47,2016-0501,APPROVED,287,Sheila Kuehl,Aye,1
1120,2016-06-23,Board of Directors - Regular Board Meeting,19077,47,2016-0501,APPROVED,288,Ara J. Najarian,Aye,1
1120,2016-06-23,Board of Directors - Regular Board Meeting,19077,47,2016-0501,APPROVED,290,Hilda L. Solis,Aye,1
1120,2016-06-23,Board of Directors - Regular Board Meeting,19077,47,2016-0501,APPROVED,1821,Carrie Bowen,Aye,1
1120,2016-06-23,Board of Directors - Regular Board Meeting,19077,47,2016-0501,APPROVED,1861,Shirley Choate,Absent,0
1120,2016-06-23,Board of Directors - Regular Board Meeting,19077,47,2016-0501,APPROVED,1848,Phil Washington,Aye,1
1120,2016-06-23,Board of Directors - Regular Board Meeting,19079,46,2016-0490,ADOPTED,279,Mark Ridley-Thomas,Aye,1
1120,2016-06-23,Board of Directors - Regular Board Meeting,19079,46,2016-0490,ADOPTED,280,John Fasana,Aye,1
1120,2016-06-23,Board of Directors - Regular Board Meeting,19079,46,2016-0490,ADOPTED,278,Eric Garcetti,Absent,0
1120,2016-06-23,Board of Directors - Regular Board Meeting,19079,46,2016-0490,ADOPTED,281,Michael Antonovich,Aye,1
1120,2016-06-23,Board of Directors - Regular Board Meeting,19079,46,2016-0490,ADOPTED,282,Mike Bonin,Aye,1
1120,2016-06-23,Board of Directors - Regular Board Meeting,19079,46,2016-0490,ADOPTED,1820,James Butts,Aye,1
1120,2016-06-23,Board of Directors - Regular Board Meeting,19079,46,2016-0490,ADOPTED,283,Diane DuBois,Aye,1
1120,2016-06-23,Board of Directors - Regular Board Meeting,19079,46,2016-0490,ADOPTED,284,Jacquelyn Dupont-Walker,Aye,1
1120,2016-06-23,Board of Directors - Regular Board Meeting,19079,46,2016-0490,ADOPTED,285,Don Knabe,Aye,1
1120,2016-06-23,Board of Directors - Regular Board Meeting,19079,46,2016-0490,ADOPTED,286,Paul Krekorian,Absent,0
1120,2016-06-23,Board of Directors - Regular Board Meeting,19079,46,2016-0490,ADOPTED,287,Sheila Kuehl,Aye,1
1120,2016-06-23,Board of Directors - Regular Board Meeting,19079,46,2016-0490,ADOPTED,288,Ara J. Najarian,Aye,1
1120,2016-06-23,Board of Directors - Regular Board Meeting,19079,46,2016-0490,ADOPTED,290,Hilda L. Solis,Aye,1
1120,2016-06-23,Board of Directors - Regular Board Meeting,19079,46,2016-0490,ADOPTED,1821,Carrie Bowen,Aye,1
1120,2016-06-23,Board of Directors - Regular Board Meeting,19079,46,2016-0490,ADOPTED,1861,Shirley Choate,Absent,0
1120,2016-06-23,Board of Directors - Regular Board Meeting,19079,46,2016-0490,ADOPTED,1848,Phil Washington,Aye,1
1120,2016-06-23,Board of Directors - Regular Board Meeting,19081,2,2016-0488,APPROVED,279,Mark Ridley-Thomas,Aye,1
1120,2016-06-23,Board of Directors - Regular Board Meeting,19081,2,2016-0488,APPROVED,280,John Fasana,Aye,1
1120,2016-06-23,Board of Directors - Regular Board Meeting,19081,2,2016-0488,APPROVED,278,Eric Garcetti,Absent,0
1120,2016-06-23,Board of Directors - Regular Board Meeting,19081,2,2016-0488,APPROVED,281,Michael Antonovich,Aye,1
1120,2016-06-23,Board of Directors - Regular Board Meeting,19081,2,2016-0488,APPROVED,282,Mike Bonin,Aye,1
1120,2016-06-23,Board of Directors - Regular Board Meeting,19081,2,2016-0488,APPROVED,1820,James Butts,Aye,1
1120,2016-06-23,Board of Directors - Regular Board Meeting,19081,2,2016-0488,APPROVED,283,Diane DuBois,Aye,1
1120,2016-06-23,Board of Directors - Regular Board Meeting,19081,2,2016-0488,APPROVED,284,Jacquelyn Dupont-Walker,Aye,1
1120,2016-06-23,Board of Directors - Regular Board Meeting,19081,2,2016-0488,APPROVED,285,Don Knabe,Aye,1
1120,2016-06-23,Board of Directors - Regular Board Meeting,19081,2,2016-0488,APPROVED,286,Paul Krekorian,Absent,0
1120,2016-06-23,Board of Directors - Regular Board Meeting,19081,2,2016-0488,APPROVED,287,Sheila Kuehl,Aye,1
1120,2016-06-23,Board of Directors - Regular Board Meeting,19081,2,2016-0488,APPROVED,288,Ara J. Najarian,Aye,1
1120,2016-06-23,Board of Directors - Regular Board Meeting,19081,2,2016-0488,APPROVED,290,Hilda L. Solis,Aye,1
1120,2016-06-23,Board of Directors - Regular Board Meeting,19081,2,2016-0488,APPROVED,1821,Carrie Bowen,Aye,1
1120,2016-06-23,Board of Directors - Regular Board Meeting,19081,2,2016-0488,APPROVED,1861,Shirley Choate,Absent,0
1120,2016-06-23,Board of Directors - Regular Board Meeting,19081,2,2016-0488,APPROVED,1848,Phil Washington,Aye,1
1120,2016-06-23,Board of Directors - Regular Board Meeting,19083,50,2016-0471,RECEIVED AND FILED,279,Mark Ridley-Thomas,Aye,1
1120,2016-06-23,Board of Directors - Regular Board Meeting,19083,50,2016-0471,RECEIVED AND FILED,280,John Fasana,Aye,1
1120,2016-06-23,Board of Directors - Regular Board Meeting,19083,50,2016-0471,RECEIVED AND FILED,278,Eric Garcetti,Absent,0
1120,2016-06-23,Board of Directors - Regular Board Meeting,19083,50,2016-0471,RECEIVED AND FILED,281,Michael Antonovich,Aye,1
1120,2016-06-23,Board of Directors - Regular Board Meeting,19083,50,2016-0471,RECEIVED AND FILED,282,Mike Bonin,Aye,1
1120,2016-06-23,Board of Directors - Regular Board Meeting,19083,50,2016-0471,RECEIVED AND FILED,1820,James Butts,Aye,1
1120,2016-06-23,Board of Directors - Regular Board Meeting,19083,50,2016-0471,RECEIVED AND FILED,283,Diane DuBois,Aye,1
1120,2016-06-23,Board of Directors - Regular Board Meeting,19083,50,2016-0471,RECEIVED AND FILED,284,Jacquelyn Dupont-Walker,Aye,1
1120,2016-06-23,Board of Directors - Regular Board Meeting,19083,50,2016-0471,RECEIVED AND FILED,285,Don Knabe,Aye,1
1120,2016-06-23,Board of Directors - Regular Board Meeting,19083,50,2016-0471,RECEIVED AND FILED,286,Paul Krekorian,Absent,0
1120,2016-06-23,Board of Directors - Regular Board Meeting,19083,50,2016-0471,RECEIVED AND FILED,287,Sheila Kuehl,Aye,1
1120,2016-06-23,Board of Directors - Regular Board Meeting,19083,50,2016-0471,RECEIVED AND FILED,288,Ara J. Najarian,Aye,1
1120,2016-06-23,Board of Directors - Regular Board Meeting,19083,50,2016-0471,RECEIVED AND FILED,290,Hilda L. Solis,Aye,1
1120,2016-06-23,Board of Directors - Regular Board Meeting,19083,50,2016-0471,RECEIVED AND FILED,1821,Carrie Bowen,Aye,1
1120,2016-06-23,Board of Directors - Regular Board Meeting,19083,50,2016-0471,RECEIVED AND FILED,1861,Shirley Choate,Absent,0
1120,2016-06-23,Board of Directors - Regular Board Meeting,19083,50,2016-0471,RECEIVED AND FILED,1848,Phil Washington,Aye,1
1120,2016-06-23,Board of Directors - Regular Board Meeting,19084,51,2016-0359,RECEIVED AND FILED,279,Mark Ridley-Thomas,Aye,1
1120,2016-06-23,Board of Directors - Regular Board Meeting,19084,51,2016-0359,RECEIVED AND FILED,280,John Fasana,Aye,1
1120,2016-06-23,Board of Directors - Regular Board Meeting,19084,51,2016-0359,RECEIVED AND FILED,278,Eric Garcetti,Aye,1
1120,2016-06-23,Board of Directors - Regular Board Meeting,19084,51,2016-0359,RECEIVED AND FILED,281,Michael Antonovich,Aye,1
1120,2016-06-23,Board of Directors - Regular Board Meeting,19084,51,2016-0359,RECEIVED AND FILED,282,Mike Bonin,Aye,1
1120,2016-06-23,Board of Directors - Regular Board Meeting,19084,51,2016-0359,RECEIVED AND FILED,1820,James Butts,Aye,1
1120,2016-06-23,Board of Directors - Regular Board Meeting,19084,51,2016-0359,RECEIVED AND FILED,283,Diane DuBois,Aye,1
1120,2016-06-23,Board of Directors - Regular Board Meeting,19084,51,2016-0359,RECEIVED AND FILED,284,Jacquelyn Dupont-Walker,Aye,1
1120,2016-06-23,Board of Directors - Regular Board Meeting,19084,51,2016-0359,RECEIVED AND FILED,285,Don Knabe,Nay,2
1120,2016-06-23,Board of Directors - Regular Board Meeting,19084,51,2016-0359,RECEIVED AND FILED,286,Paul Krekorian,Aye,1
1120,2016-06-23,Board of Directors - Regular Board Meeting,19084,51,2016-0359,RECEIVED AND FILED,287,Sheila Kuehl,Aye,1
1120,2016-06-23,Board of Directors - Regular Board Meeting,19084,51,2016-0359,RECEIVED AND FILED,288,Ara J. Najarian,Aye,1
1120,2016-06-23,Board of Directors - Regular Board Meeting,19084,51,2016-0359,RECEIVED AND FILED,290,Hilda L. Solis,Aye,1
1120,2016-06-23,Board of Directors - Regular Board Meeting,19084,51,2016-0359,RECEIVED AND FILED,1821,Carrie Bowen,Aye,1
1120,2016-06-23,Board of Directors - Regular Board Meeting,19084,51,2016-0359,RECEIVED AND FILED,1861,Shirley Choate,Absent,0
1120,2016-06-23,Board of Directors - Regular Board Meeting,19084,51,2016-0359,RECEIVED AND FILED,1848,Phil Washington,Aye,1
1120,2016-06-23,Board of Directors - Regular Board Meeting,41672,,2019-0351,APPROVED,279,Mark Ridley-Thomas,Aye,1
1120,2016-06-23,Board of Directors - Regular Board Meeting,41672,,2019-0351,APPROVED,280,John Fasana,Aye,1
1120,2016-06-23,Board of Directors - Regular Board Meeting,41672,,2019-0351,APPROVED,278,Eric Garcetti,Aye,1
1120,2016-06-23,Board of Directors - Regular Board Meeting,41672,,2019-0351,APPROVED,281,Michael Antonovich,Aye,1
1120,2016-06-23,Board of Directors - Regular Board Meeting,41672,,2019-0351,APPROVED,282,Mike Bonin,Aye,1
1120,2016-06-23,Board of Directors - Regular Board Meeting,41672,,2019-0351,APPROVED,1820,James Butts,Aye,1
1120,2016-06-23,Board of Directors - Regular Board Meeting,41672,,2019-0351,APPROVED,283,Diane DuBois,Aye,1
1120,2016-06-23,Board of Directors - Regular Board Meeting,41672,,2019-0351,APPROVED,284,Jacquelyn Dupont-Walker,Aye,1
1120,2016-06-23,Board of Directors - Regular Board Meeting,41672,,2019-0351,APPROVED,285,Don Knabe,Aye,1
1120,2016-06-23,Board of Directors - Regular Board Meeting,41672,,2019-0351,APPROVED,286,Paul Krekorian,Aye,1
1120,2016-06-23,Board of Directors - Regular Board Meeting,41672,,2019-0351,APPROVED,287,Sheila Kuehl,Aye,1
1120,2016-06-23,Board of Directors - Regular Board Meeting,41672,,2019-0351,APPROVED,288,Ara J. Najarian,Aye,1
1120,2016-06-23,Board of Directors - Regular Board Meeting,41672,,2019-0351,APPROVED,290,Hilda L. Solis,Aye,1
1120,2016-06-23,Board of Directors - Regular Board Meeting,41679,5,2016-0506,APPROVED,279,Mark Ridley-Thomas,Aye,1
1120,2016-06-23,Board of Directors - Regular Board Meeting,41679,5,2016-0506,APPROVED,280,John Fasana,Aye,1
1120,2016-06-23,Board of Directors - Regular Board Meeting,41679,5,2016-0506,APPROVED,278,Eric Garcetti,Absent,0
1120,2016-06-23,Board of Directors - Regular Board Meeting,41679,5,2016-0506,APPROVED,281,Michael Antonovich,Aye,1
1120,2016-06-23,Board of Directors - Regular Board Meeting,41679,5,2016-0506,APPROVED,282,Mike Bonin,Aye,1
1120,2016-06-23,Board of Directors - Regular Board Meeting,41679,5,2016-0506,APPROVED,1820,James Butts,Absent,0
1120,2016-06-23,Board of Directors - Regular Board Meeting,41679,5,2016-0506,APPROVED,283,Diane DuBois,Aye,1
1120,2016-06-23,Board of Directors - Regular Board Meeting,41679,5,2016-0506,APPROVED,284,Jacquelyn Dupont-Walker,Aye,1
1120,2016-06-23,Board of Directors - Regular Board Meeting,41679,5,2016-0506,APPROVED,285,Don Knabe,Aye,1
1120,2016-06-23,Board of Directors - Regular Board Meeting,41679,5,2016-0506,APPROVED,286,Paul Krekorian,Aye,1
1120,2016-06-23,Board of Directors - Regular Board Meeting,41679,5,2016-0506,APPROVED,287,Sheila Kuehl,Aye,1
1120,2016-06-23,Board of Directors - Regular Board Meeting,41679,5,2016-0506,APPROVED,288,Ara J. Najarian,Aye,1
1120,2016-06-23,Board of Directors - Regular Board Meeting,41679,5,2016-0506,APPROVED,290,Hilda L. Solis,Aye,1
1120,2016-06-23,Board of Directors - Regular Board Meeting,41680,52,2016-0511,APPROVED AS AMENDED,279,Mark Ridley-Thomas,Aye,1
1120,2016-06-23,Board of Directors - Regular Board Meeting,41680,52,2016-0511,APPROVED AS AMENDED,280,John Fasana,Aye,1
1120,2016-06-23,Board of Directors - Regular Board Meeting,41680,52,2016-0511,APPROVED AS AMENDED,278,Eric Garcetti,Absent,0
1120,2016-06-23,Board of Directors - Regular Board Meeting,41680,52,2016-0511,APPROVED AS AMENDED,281,Michael Antonovich,Aye,1
1120,2016-06-23,Board of Directors - Regular Board Meeting,41680,52,2016-0511,APPROVED AS AMENDED,282,Mike Bonin,Aye,1
1120,2016-06-23,Board of Directors - Regular Board Meeting,41680,52,2016-0511,APPROVED AS AMENDED,1820,James Butts,Absent,0
1120,2016-06-23,Board of Directors - Regular Board Meeting,41680,52,2016-0511,APPROVED AS AMENDED,283,Diane DuBois,Aye,1
1120,2016-06-23,Board of Directors - Regular Board Meeting,41680,52,2016-0511,APPROVED AS AMENDED,284,Jacquelyn Dupont-Walker,Aye,1
1120,2016-06-23,Board of Directors - Regular Board Meeting,41680,52,2016-0511,APPROVED AS AMENDED,285,Don Knabe,Aye,1
1120,2016-06-23,Board of Directors - Regular Board Meeting,41680,52,2016-0511,APPROVED AS AMENDED,286,Paul Krekorian,Aye,1
1120,2016-06-23,Board of Directors - Regular Board Meeting,41680,52,2016-0511,APPROVED AS AMENDED,287,Sheila Kuehl,Aye,1
1120,2016-06-23,Board of Directors - Regular Board Meeting,41680,52,2016-0511,APPROVED AS AMENDED,288,Ara J. Najarian,Aye,1
1120,2016-06-23,Board of Directors - Regular Board Meeting,41680,52,2016-0511,APPROVED AS AMENDED,290,Hilda L. Solis,Aye,1
1120,2016-06-23,Board of Directors - Regular Board Meeting,44152,,,APPROVED ON CONSENT CALENDAR,279,Mark Ridley-Thomas,Aye,1
1120,2016-06-23,Board of Directors - Regular Board Meeting,44152,,,APPROVED ON CONSENT CALENDAR,280,John Fasana,Aye,1
1120,2016-06-23,Board of Directors - Regular Board Meeting,44152,,,APPROVED ON CONSENT CALENDAR,278,Eric Garcetti,Absent,0
1120,2016-06-23,Board of Directors - Regular Board Meeting,44152,,,APPROVED ON CONSENT CALENDAR,281,Michael Antonovich,Aye,1
1120,2016-06-23,Board of Directors - Regular Board Meeting,44152,,,APPROVED ON CONSENT CALENDAR,282,Mike Bonin,Aye,1
1120,2016-06-23,Board of Directors - Regular Board Meeting,44152,,,APPROVED ON CONSENT CALENDAR,1820,James Butts,Aye,1
1120,2016-06-23,Board of Directors - Regular Board Meeting,44152,,,APPROVED ON CONSENT CALENDAR,283,Diane DuBois,Aye,1
1120,2016-06-23,Board of Directors - Regular Board Meeting,44152,,,APPROVED ON CONSENT CALENDAR,284,Jacquelyn Dupont-Walker,Aye,1
1120,2016-06-23,Board of Directors - Regular Board Meeting,44152,,,APPROVED ON CONSENT CALENDAR,285,Don Knabe,Aye,1
1120,2016-06-23,Board of Directors - Regular Board Meeting,44152,,,APPROVED ON CONSENT CALENDAR,286,Paul Krekorian,Absent,0
1120,2016-06-23,Board of Directors - Regular Board Meeting,44152,,,APPROVED ON CONSENT CALENDAR,287,Sheila Kuehl,Aye,1
1120,2016-06-23,Board of Directors - Regular Board Meeting,44152,,,APPROVED ON CONSENT CALENDAR,288,Ara J. Najarian,Aye,1
1120,2016-06-23,Board of Directors - Regular Board Meeting,44152,,,APPROVED ON CONSENT CALENDAR,290,Hilda L. Solis,Aye,1
1120,2016-06-23,Board of Directors - Regular Board Meeting,44152,,,APPROVED ON CONSENT CALENDAR,1821,Carrie Bowen,Aye,1
1120,2016-06-23,Board of Directors - Regular Board Meeting,44152,,,APPROVED ON CONSENT CALENDAR,1861,Shirley Choate,Absent,0
1120,2016-06-23,Board of Directors - Regular Board Meeting,44152,,,APPROVED ON CONSENT CALENDAR,1848,Phil Washington,Aye,1
1121,2016-06-16,Construction Committee,18790,25,2016-0230,RECOMMENDED FOR APPROVAL,285,Don Knabe,Aye,1
1121,2016-06-16,Construction Committee,18790,25,2016-0230,RECOMMENDED FOR APPROVAL,284,Jacquelyn Dupont-Walker,Aye,1
1121,2016-06-16,Construction Committee,18790,25,2016-0230,RECOMMENDED FOR APPROVAL,283,Diane DuBois,Aye,1
1121,2016-06-16,Construction Committee,18790,25,2016-0230,RECOMMENDED FOR APPROVAL,282,Mike Bonin,Conflict,0
1121,2016-06-16,Construction Committee,18790,25,2016-0230,RECOMMENDED FOR APPROVAL,288,Ara J. Najarian,Aye,1
1121,2016-06-16,Construction Committee,18793,26,2016-0428,RECOMMENDED FOR APPROVAL,285,Don Knabe,Aye,1
1121,2016-06-16,Construction Committee,18793,26,2016-0428,RECOMMENDED FOR APPROVAL,284,Jacquelyn Dupont-Walker,Aye,1
1121,2016-06-16,Construction Committee,18793,26,2016-0428,RECOMMENDED FOR APPROVAL,283,Diane DuBois,Aye,1
1121,2016-06-16,Construction Committee,18793,26,2016-0428,RECOMMENDED FOR APPROVAL,282,Mike Bonin,Aye,1
1121,2016-06-16,Construction Committee,18793,26,2016-0428,RECOMMENDED FOR APPROVAL,288,Ara J. Najarian,Aye,1
1121,2016-06-16,Construction Committee,18796,24,2015-1716,RECOMMENDED FOR APPROVAL,285,Don Knabe,Aye,1
1121,2016-06-16,Construction Committee,18796,24,2015-1716,RECOMMENDED FOR APPROVAL,284,Jacquelyn Dupont-Walker,Aye,1
1121,2016-06-16,Construction Committee,18796,24,2015-1716,RECOMMENDED FOR APPROVAL,283,Diane DuBois,Aye,1
1121,2016-06-16,Construction Committee,18796,24,2015-1716,RECOMMENDED FOR APPROVAL,282,Mike Bonin,Conflict,0
1121,2016-06-16,Construction Committee,18796,24,2015-1716,RECOMMENDED FOR APPROVAL,288,Ara J. Najarian,Aye,1
1121,2016-06-16,Construction Committee,18973,27,2016-0434,RECOMMENDED FOR APPROVAL,285,Don Knabe,Aye,1
1121,2016-06-16,Construction Committee,18973,27,2016-0434,RECOMMENDED FOR APPROVAL,284,Jacquelyn Dupont-Walker,Aye,1
1121,2016-06-16,Construction Committee,18973,27,2016-0434,RECOMMENDED FOR APPROVAL,283,Diane DuBois,Aye,1
1121,2016-06-16,Construction Committee,18973,27,2016-0434,RECOMMENDED FOR APPROVAL,282,Mike Bonin,Aye,1
1121,2016-06-16,Construction Committee,18973,27,2016-0434,RECOMMENDED FOR APPROVAL,288,Ara J. Najarian,Aye,1
1121,2016-06-16,Construction Committee,18993,43,2016-0328,FORWARDED WITHOUT RECOMMENDATION,285,Don Knabe,Aye,1
1121,2016-06-16,Construction Committee,18993,43,2016-0328,FORWARDED WITHOUT RECOMMENDATION,284,Jacquelyn Dupont-Walker,Aye,1
1121,2016-06-16,Construction Committee,18993,43,2016-0328,FORWARDED WITHOUT RECOMMENDATION,283,Diane DuBois,Aye,1
1121,2016-06-16,Construction Committee,18993,43,2016-0328,FORWARDED WITHOUT RECOMMENDATION,282,Mike Bonin,Aye,1
1121,2016-06-16,Construction Committee,18993,43,2016-0328,FORWARDED WITHOUT RECOMMENDATION,288,Ara J. Najarian,Aye,1
1121,2016-06-16,Construction Committee,18994,44,2016-0379,FORWARDED WITHOUT RECOMMENDATION,285,Don Knabe,Aye,1
1121,2016-06-16,Construction Committee,18994,44,2016-0379,FORWARDED WITHOUT RECOMMENDATION,284,Jacquelyn Dupont-Walker,Aye,1
1121,2016-06-16,Construction Committee,18994,44,2016-0379,FORWARDED WITHOUT RECOMMENDATION,283,Diane DuBois,Aye,1
1121,2016-06-16,Construction Committee,18994,44,2016-0379,FORWARDED WITHOUT RECOMMENDATION,282,Mike Bonin,Aye,1
1121,2016-06-16,Construction Committee,18994,44,2016-0379,FORWARDED WITHOUT RECOMMENDATION,288,Ara J. Najarian,Aye,1
1122,2016-06-16,Executive Management Committee,18977,41,2016-0386,RECOMMENDED FOR APPROVAL,279,Mark Ridley-Thomas,Aye,1
1122,2016-06-16,Executive Management Committee,18977,41,2016-0386,RECOMMENDED FOR APPROVAL,280,John Fasana,Aye,1
1122,2016-06-16,Executive Management Committee,18977,41,2016-0386,RECOMMENDED FOR APPROVAL,281,Michael Antonovich,Aye,1
1122,2016-06-16,Executive Management Committee,18977,41,2016-0386,RECOMMENDED FOR APPROVAL,278,Eric Garcetti,Conflict,0
1122,2016-06-16,Executive Management Committee,18977,41,2016-0386,RECOMMENDED FOR APPROVAL,286,Paul Krekorian,Aye,1
1122,2016-06-16,Executive Management Committee,18977,41,2016-0386,RECOMMENDED FOR APPROVAL,287,Sheila Kuehl,Conflict,0
1122,2016-06-16,Executive Management Committee,18997,46,2016-0490,RECOMMENDED FOR APPROVAL,279,Mark Ridley-Thomas,Aye,1
1122,2016-06-16,Executive Management Committee,18997,46,2016-0490,RECOMMENDED FOR APPROVAL,280,John Fasana,Aye,1
1122,2016-06-16,Executive Management Committee,18997,46,2016-0490,RECOMMENDED FOR APPROVAL,281,Michael Antonovich,Absent,0
1122,2016-06-16,Executive Management Committee,18997,46,2016-0490,RECOMMENDED FOR APPROVAL,278,Eric Garcetti,Aye,1
1122,2016-06-16,Executive Management Committee,18997,46,2016-0490,RECOMMENDED FOR APPROVAL,286,Paul Krekorian,Aye,1
1122,2016-06-16,Executive Management Committee,18997,46,2016-0490,RECOMMENDED FOR APPROVAL,287,Sheila Kuehl,Aye,1
1122,2016-06-16,Executive Management Committee,18998,47,2016-0501,,279,Mark Ridley-Thomas,Aye,1
1122,2016-06-16,Executive Management Committee,18998,47,2016-0501,,280,John Fasana,Aye,1
1122,2016-06-16,Executive Management Committee,18998,47,2016-0501,,281,Michael Antonovich,Aye,1
1122,2016-06-16,Executive Management Committee,18998,47,2016-0501,,278,Eric Garcetti,Aye,1
1122,2016-06-16,Executive Management Committee,18998,47,2016-0501,,286,Paul Krekorian,Aye,1
1122,2016-06-16,Executive Management Committee,18998,47,2016-0501,,287,Sheila Kuehl,Aye,1
1122,2016-06-16,Executive Management Committee,19000,48,2016-0464,RECEIVED AND FILED,279,Mark Ridley-Thomas,Aye,1
1122,2016-06-16,Executive Management Committee,19000,48,2016-0464,RECEIVED AND FILED,280,John Fasana,Aye,1
1122,2016-06-16,Executive Management Committee,19000,48,2016-0464,RECEIVED AND FILED,281,Michael Antonovich,Aye,1
1122,2016-06-16,Executive Management Committee,19000,48,2016-0464,RECEIVED AND FILED,278,Eric Garcetti,Aye,1
1122,2016-06-16,Executive Management Committee,19000,48,2016-0464,RECEIVED AND FILED,286,Paul Krekorian,Aye,1
1122,2016-06-16,Executive Management Committee,19000,48,2016-0464,RECEIVED AND FILED,287,Sheila Kuehl,Aye,1
1122,2016-06-16,Executive Management Committee,19008,49,2016-0319,RECOMMENDED FOR APPROVAL,279,Mark Ridley-Thomas,Aye,1
1122,2016-06-16,Executive Management Committee,19008,49,2016-0319,RECOMMENDED FOR APPROVAL,280,John Fasana,Aye,1
1122,2016-06-16,Executive Management Committee,19008,49,2016-0319,RECOMMENDED FOR APPROVAL,281,Michael Antonovich,Aye,1
1122,2016-06-16,Executive Management Committee,19008,49,2016-0319,RECOMMENDED FOR APPROVAL,278,Eric Garcetti,Aye,1
1122,2016-06-16,Executive Management Committee,19008,49,2016-0319,RECOMMENDED FOR APPROVAL,286,Paul Krekorian,Aye,1
1122,2016-06-16,Executive Management Committee,19008,49,2016-0319,RECOMMENDED FOR APPROVAL,287,Sheila Kuehl,Aye,1
1122,2016-06-16,Executive Management Committee,41785,39,2016-0310,RECOMMENDED FOR APPROVAL,279,Mark Ridley-Thomas,Aye,1
1122,2016-06-16,Executive Management Committee,41785,39,2016-0310,RECOMMENDED FOR APPROVAL,280,John Fasana,Aye,1
1122,2016-06-16,Executive Management Committee,41785,39,2016-0310,RECOMMENDED FOR APPROVAL,281,Michael Antonovich,Absent,0
1122,2016-06-16,Executive Management Committee,41785,39,2016-0310,RECOMMENDED FOR APPROVAL,278,Eric Garcetti,Absent,0
1122,2016-06-16,Executive Management Committee,41785,39,2016-0310,RECOMMENDED FOR APPROVAL,286,Paul Krekorian,Aye,1
1122,2016-06-16,Executive Management Committee,41785,39,2016-0310,RECOMMENDED FOR APPROVAL,287,Sheila Kuehl,Aye,1
1123,2016-06-15,"Finance, Budget and Audit Committee",18624,13,2016-0308,RECEIVED AND FILED,286,Paul Krekorian,Aye,1
1123,2016-06-15,"Finance, Budget and Audit Committee",18624,13,2016-0308,RECEIVED AND FILED,1820,James Butts,Aye,1
1123,2016-06-15,"Finance, Budget and Audit Committee",18624,13,2016-0308,RECEIVED AND FILED,283,Diane DuBois,Aye,1
1123,2016-06-15,"Finance, Budget and Audit Committee",18624,13,2016-0308,RECEIVED AND FILED,290,Hilda L. Solis,Absent,0
1123,2016-06-15,"Finance, Budget and Audit Committee",18624,13,2016-0308,RECEIVED AND FILED,279,Mark Ridley-Thomas,Absent,0
1123,2016-06-15,"Finance, Budget and Audit Committee",18625,14,2016-0318,RECOMMENDED FOR APPROVAL,286,Paul Krekorian,Aye,1
1123,2016-06-15,"Finance, Budget and Audit Committee",18625,14,2016-0318,RECOMMENDED FOR APPROVAL,1820,James Butts,Aye,1
1123,2016-06-15,"Finance, Budget and Audit Committee",18625,14,2016-0318,RECOMMENDED FOR APPROVAL,283,Diane DuBois,Aye,1
1123,2016-06-15,"Finance, Budget and Audit Committee",18625,14,2016-0318,RECOMMENDED FOR APPROVAL,290,Hilda L. Solis,Absent,0
1123,2016-06-15,"Finance, Budget and Audit Committee",18625,14,2016-0318,RECOMMENDED FOR APPROVAL,279,Mark Ridley-Thomas,Absent,0
1123,2016-06-15,"Finance, Budget and Audit Committee",18626,17,2016-0406,RECOMMENDED FOR APPROVAL,286,Paul Krekorian,Aye,1
1123,2016-06-15,"Finance, Budget and Audit Committee",18626,17,2016-0406,RECOMMENDED FOR APPROVAL,1820,James Butts,Aye,1
1123,2016-06-15,"Finance, Budget and Audit Committee",18626,17,2016-0406,RECOMMENDED FOR APPROVAL,283,Diane DuBois,Aye,1
1123,2016-06-15,"Finance, Budget and Audit Committee",18626,17,2016-0406,RECOMMENDED FOR APPROVAL,290,Hilda L. Solis,Absent,0
1123,2016-06-15,"Finance, Budget and Audit Committee",18626,17,2016-0406,RECOMMENDED FOR APPROVAL,279,Mark Ridley-Thomas,Absent,0
1123,2016-06-15,"Finance, Budget and Audit Committee",18627,18,2016-0433,RECOMMENDED FOR APPROVAL,286,Paul Krekorian,Aye,1
1123,2016-06-15,"Finance, Budget and Audit Committee",18627,18,2016-0433,RECOMMENDED FOR APPROVAL,1820,James Butts,Aye,1
1123,2016-06-15,"Finance, Budget and Audit Committee",18627,18,2016-0433,RECOMMENDED FOR APPROVAL,283,Diane DuBois,Aye,1
1123,2016-06-15,"Finance, Budget and Audit Committee",18627,18,2016-0433,RECOMMENDED FOR APPROVAL,290,Hilda L. Solis,Absent,0
1123,2016-06-15,"Finance, Budget and Audit Committee",18627,18,2016-0433,RECOMMENDED FOR APPROVAL,279,Mark Ridley-Thomas,Absent,0
1123,2016-06-15,"Finance, Budget and Audit Committee",18628,19,2016-0449,RECOMMENDED FOR APPROVAL,286,Paul Krekorian,Aye,1
1123,2016-06-15,"Finance, Budget and Audit Committee",18628,19,2016-0449,RECOMMENDED FOR APPROVAL,1820,James Butts,Aye,1
1123,2016-06-15,"Finance, Budget and Audit Committee",18628,19,2016-0449,RECOMMENDED FOR APPROVAL,283,Diane DuBois,Aye,1
1123,2016-06-15,"Finance, Budget and Audit Committee",18628,19,2016-0449,RECOMMENDED FOR APPROVAL,290,Hilda L. Solis,Absent,0
1123,2016-06-15,"Finance, Budget and Audit Committee",18628,19,2016-0449,RECOMMENDED FOR APPROVAL,279,Mark Ridley-Thomas,Absent,0
1123,2016-06-15,"Finance, Budget and Audit Committee",18980,15,2016-0454,RECOMMENDED FOR APPROVAL,286,Paul Krekorian,Aye,1
1123,2016-06-15,"Finance, Budget and Audit Committee",18980,15,2016-0454,RECOMMENDED FOR APPROVAL,1820,James Butts,Aye,1
1123,2016-06-15,"Finance, Budget and Audit Committee",18980,15,2016-0454,RECOMMENDED FOR APPROVAL,283,Diane DuBois,Aye,1
1123,2016-06-15,"Finance, Budget and Audit Committee",18980,15,2016-0454,RECOMMENDED FOR APPROVAL,290,Hilda L. Solis,Absent,0
1123,2016-06-15,"Finance, Budget and Audit Committee",18980,15,2016-0454,RECOMMENDED FOR APPROVAL,279,Mark Ridley-Thomas,Absent,0
1123,2016-06-15,"Finance, Budget and Audit Committee",41646,16,2016-0254,RECOMMENDED FOR APPROVAL,286,Paul Krekorian,Aye,1
1123,2016-06-15,"Finance, Budget and Audit Committee",41646,16,2016-0254,RECOMMENDED FOR APPROVAL,1820,James Butts,Aye,1
1123,2016-06-15,"Finance, Budget and Audit Committee",41646,16,2016-0254,RECOMMENDED FOR APPROVAL,283,Diane DuBois,Aye,1
1123,2016-06-15,"Finance, Budget and Audit Committee",41646,16,2016-0254,RECOMMENDED FOR APPROVAL,290,Hilda L. Solis,Absent,0
1123,2016-06-15,"Finance, Budget and Audit Committee",41646,16,2016-0254,RECOMMENDED FOR APPROVAL,279,Mark Ridley-Thomas,Absent,0
1123,2016-06-15,"Finance, Budget and Audit Committee",41647,,,APPROVED ON CONSENT CALENDAR,286,Paul Krekorian,Aye,1
1123,2016-06-15,"Finance, Budget and Audit Committee",41647,,,APPROVED ON CONSENT CALENDAR,1820,James Butts,Aye,1
1123,2016-06-15,"Finance, Budget and Audit Committee",41647,,,APPROVED ON CONSENT CALENDAR,283,Diane DuBois,Aye,1
1123,2016-06-15,"Finance, Budget and Audit Committee",41647,,,APPROVED ON CONSENT CALENDAR,290,Hilda L. Solis,Absent,0
1123,2016-06-15,"Finance, Budget and Audit Committee",41647,,,APPROVED ON CONSENT CALENDAR,279,Mark Ridley-Thomas,Absent,0
1124,2016-06-15,Planning and Programming Committee,18711,21,2016-0320,RECOMMENDED FOR APPROVAL,282,Mike Bonin,Aye,1
1124,2016-06-15,Planning and Programming Committee,18711,21,2016-0320,RECOMMENDED FOR APPROVAL,287,Sheila Kuehl,Aye,1
1124,2016-06-15,Planning and Programming Committee,18711,21,2016-0320,RECOMMENDED FOR APPROVAL,1820,James Butts,Aye,1
1124,2016-06-15,Planning and Programming Committee,18711,21,2016-0320,RECOMMENDED FOR APPROVAL,284,Jacquelyn Dupont-Walker,Absent,0
1124,2016-06-15,Planning and Programming Committee,18711,21,2016-0320,RECOMMENDED FOR APPROVAL,290,Hilda L. Solis,Aye,1
1124,2016-06-15,Planning and Programming Committee,18719,22,2016-0444,RECOMMENDED FOR APPROVAL,282,Mike Bonin,Aye,1
1124,2016-06-15,Planning and Programming Committee,18719,22,2016-0444,RECOMMENDED FOR APPROVAL,287,Sheila Kuehl,Aye,1
1124,2016-06-15,Planning and Programming Committee,18719,22,2016-0444,RECOMMENDED FOR APPROVAL,1820,James Butts,Aye,1
1124,2016-06-15,Planning and Programming Committee,18719,22,2016-0444,RECOMMENDED FOR APPROVAL,284,Jacquelyn Dupont-Walker,Absent,0
1124,2016-06-15,Planning and Programming Committee,18719,22,2016-0444,RECOMMENDED FOR APPROVAL,290,Hilda L. Solis,Aye,1
1124,2016-06-15,Planning and Programming Committee,18992,42,2016-0421,RECOMMENDED FOR APPROVAL,282,Mike Bonin,Aye,1
1124,2016-06-15,Planning and Programming Committee,18992,42,2016-0421,RECOMMENDED FOR APPROVAL,287,Sheila Kuehl,Aye,1
1124,2016-06-15,Planning and Programming Committee,18992,42,2016-0421,RECOMMENDED FOR APPROVAL,1820,James Butts,Aye,1
1124,2016-06-15,Planning and Programming Committee,18992,42,2016-0421,RECOMMENDED FOR APPROVAL,284,Jacquelyn Dupont-Walker,Absent,0
1124,2016-06-15,Planning and Programming Committee,18992,42,2016-0421,RECOMMENDED FOR APPROVAL,290,Hilda L. Solis,Aye,1
1124,2016-06-15,Planning and Programming Committee,18995,45,2016-0419,RECOMMENDED FOR APPROVAL,282,Mike Bonin,Aye,1
1124,2016-06-15,Planning and Programming Committee,18995,45,2016-0419,RECOMMENDED FOR APPROVAL,287,Sheila Kuehl,Aye,1
1124,2016-06-15,Planning and Programming Committee,18995,45,2016-0419,RECOMMENDED FOR APPROVAL,1820,James Butts,Aye,1
1124,2016-06-15,Planning and Programming Committee,18995,45,2016-0419,RECOMMENDED FOR APPROVAL,284,Jacquelyn Dupont-Walker,Absent,0
1124,2016-06-15,Planning and Programming Committee,18995,45,2016-0419,RECOMMENDED FOR APPROVAL,290,Hilda L. Solis,Aye,1
1124,2016-06-15,Planning and Programming Committee,18996,48,2016-0464,RECEIVED AND FILED,282,Mike Bonin,Aye,1
1124,2016-06-15,Planning and Programming Committee,18996,48,2016-0464,RECEIVED AND FILED,287,Sheila Kuehl,Aye,1
1124,2016-06-15,Planning and Programming Committee,18996,48,2016-0464,RECEIVED AND FILED,1820,James Butts,Aye,1
1124,2016-06-15,Planning and Programming Committee,18996,48,2016-0464,RECEIVED AND FILED,284,Jacquelyn Dupont-Walker,Aye,1
1124,2016-06-15,Planning and Programming Committee,18996,48,2016-0464,RECEIVED AND FILED,290,Hilda L. Solis,Aye,1
1124,2016-06-15,Planning and Programming Committee,19006,49,2016-0319,RECOMMENDED FOR APPROVAL,282,Mike Bonin,Aye,1
1124,2016-06-15,Planning and Programming Committee,19006,49,2016-0319,RECOMMENDED FOR APPROVAL,287,Sheila Kuehl,Aye,1
1124,2016-06-15,Planning and Programming Committee,19006,49,2016-0319,RECOMMENDED FOR APPROVAL,1820,James Butts,Aye,1
1124,2016-06-15,Planning and Programming Committee,19006,49,2016-0319,RECOMMENDED FOR APPROVAL,284,Jacquelyn Dupont-Walker,Aye,1
1124,2016-06-15,Planning and Programming Committee,19006,49,2016-0319,RECOMMENDED FOR APPROVAL,290,Hilda L. Solis,Aye,1
1124,2016-06-15,Planning and Programming Committee,41648,,,,282,Mike Bonin,,
1124,2016-06-15,Planning and Programming Committee,41648,,,,287,Sheila Kuehl,,
1124,2016-06-15,Planning and Programming Committee,41648,,,,1820,James Butts,,
1124,2016-06-15,Planning and Programming Committee,41648,,,,284,Jacquelyn Dupont-Walker,Absent,0
1124,2016-06-15,Planning and Programming Committee,41648,,,,290,Hilda L. Solis,,
1124,2016-06-15,Planning and Programming Committee,41648,,,,1861,Shirley Choate,,
1124,2016-06-15,Planning and Programming Committee,41648,,,,1848,Phil Washington,,
1124,2016-06-15,Planning and Programming Committee,41649,23,2016-0489,RECOMMENDED FOR APPROVAL,282,Mike Bonin,Aye,1
1124,2016-06-15,Planning and Programming Committee,41649,23,2016-0489,RECOMMENDED FOR APPROVAL,287,Sheila Kuehl,Aye,1
1124,2016-06-15,Planning and Programming Committee,41649,23,2016-0489,RECOMMENDED FOR APPROVAL,1820,James Butts,Aye,1
1124,2016-06-15,Planning and Programming Committee,41649,23,2016-0489,RECOMMENDED FOR APPROVAL,284,Jacquelyn Dupont-Walker,Absent,0
1124,2016-06-15,Planning and Programming Committee,41649,23,2016-0489,RECOMMENDED FOR APPROVAL,290,Hilda L. Solis,Aye,1
1124,2016-06-15,Planning and Programming Committee,41651,,,APPROVED ON CONSENT CALENDAR,282,Mike Bonin,Aye,1
1124,2016-06-15,Planning and Programming Committee,41651,,,APPROVED ON CONSENT CALENDAR,287,Sheila Kuehl,Aye,1
1124,2016-06-15,Planning and Programming Committee,41651,,,APPROVED ON CONSENT CALENDAR,1820,James Butts,Aye,1
1124,2016-06-15,Planning and Programming Committee,41651,,,APPROVED ON CONSENT CALENDAR,284,Jacquelyn Dupont-Walker,Absent,0
1124,2016-06-15,Planning and Programming Committee,41651,,,APPROVED ON CONSENT CALENDAR,290,Hilda L. Solis,Aye,1
1125,2016-06-16,"System Safety, Security and Operations Committee",18878,31,2016-0185,RECOMMENDED FOR APPROVAL,280,John Fasana,Aye,1
1125,2016-06-16,"System Safety, Security and Operations Committee",18878,31,2016-0185,RECOMMENDED FOR APPROVAL,281,Michael Antonovich,Aye,1
1125,2016-06-16,"System Safety, Security and Operations Committee",18878,31,2016-0185,RECOMMENDED FOR APPROVAL,284,Jacquelyn Dupont-Walker,Aye,1
1125,2016-06-16,"System Safety, Security and Operations Committee",18878,31,2016-0185,RECOMMENDED FOR APPROVAL,285,Don Knabe,Aye,1
1125,2016-06-16,"System Safety, Security and Operations Committee",18878,31,2016-0185,RECOMMENDED FOR APPROVAL,288,Ara J. Najarian,Aye,1
1125,2016-06-16,"System Safety, Security and Operations Committee",18879,32,2016-0207,RECOMMENDED FOR APPROVAL,280,John Fasana,Aye,1
1125,2016-06-16,"System Safety, Security and Operations Committee",18879,32,2016-0207,RECOMMENDED FOR APPROVAL,281,Michael Antonovich,Aye,1
1125,2016-06-16,"System Safety, Security and Operations Committee",18879,32,2016-0207,RECOMMENDED FOR APPROVAL,284,Jacquelyn Dupont-Walker,Aye,1
1125,2016-06-16,"System Safety, Security and Operations Committee",18879,32,2016-0207,RECOMMENDED FOR APPROVAL,285,Don Knabe,Aye,1
1125,2016-06-16,"System Safety, Security and Operations Committee",18879,32,2016-0207,RECOMMENDED FOR APPROVAL,288,Ara J. Najarian,Aye,1
1125,2016-06-16,"System Safety, Security and Operations Committee",18880,33,2016-0395,RECOMMENDED FOR APPROVAL,280,John Fasana,Aye,1
1125,2016-06-16,"System Safety, Security and Operations Committee",18880,33,2016-0395,RECOMMENDED FOR APPROVAL,281,Michael Antonovich,Aye,1
1125,2016-06-16,"System Safety, Security and Operations Committee",18880,33,2016-0395,RECOMMENDED FOR APPROVAL,284,Jacquelyn Dupont-Walker,Aye,1
1125,2016-06-16,"System Safety, Security and Operations Committee",18880,33,2016-0395,RECOMMENDED FOR APPROVAL,285,Don Knabe,Aye,1
1125,2016-06-16,"System Safety, Security and Operations Committee",18880,33,2016-0395,RECOMMENDED FOR APPROVAL,288,Ara J. Najarian,Aye,1
1125,2016-06-16,"System Safety, Security and Operations Committee",18881,30,2016-0453,RECEIVED AND FILED,280,John Fasana,Aye,1
1125,2016-06-16,"System Safety, Security and Operations Committee",18881,30,2016-0453,RECEIVED AND FILED,281,Michael Antonovich,Aye,1
1125,2016-06-16,"System Safety, Security and Operations Committee",18881,30,2016-0453,RECEIVED AND FILED,284,Jacquelyn Dupont-Walker,Aye,1
1125,2016-06-16,"System Safety, Security and Operations Committee",18881,30,2016-0453,RECEIVED AND FILED,285,Don Knabe,Aye,1
1125,2016-06-16,"System Safety, Security and Operations Committee",18881,30,2016-0453,RECEIVED AND FILED,288,Ara J. Najarian,Aye,1
1125,2016-06-16,"System Safety, Security and Operations Committee",41658,,,APPROVED ON CONSENT CALENDAR,280,John Fasana,Aye,1
1125,2016-06-16,"System Safety, Security and Operations Committee",41658,,,APPROVED ON CONSENT CALENDAR,281,Michael Antonovich,Aye,1
1125,2016-06-16,"System Safety, Security and Operations Committee",41658,,,APPROVED ON CONSENT CALENDAR,284,Jacquelyn Dupont-Walker,Aye,1
1125,2016-06-16,"System Safety, Security and Operations Committee",41658,,,APPROVED ON CONSENT CALENDAR,285,Don Knabe,Aye,1
1125,2016-06-16,"System Safety, Security and Operations Committee",41658,,,APPROVED ON CONSENT CALENDAR,288,Ara J. Najarian,Aye,1
1128,2016-08-18,Executive Management Committee,19471,44,2016-0236,RECOMMENDED FOR APPROVAL AS AMENDED,280,John Fasana,Aye,1
1128,2016-08-18,Executive Management Committee,19471,44,2016-0236,RECOMMENDED FOR APPROVAL AS AMENDED,278,Eric Garcetti,Absent,0
1128,2016-08-18,Executive Management Committee,19471,44,2016-0236,RECOMMENDED FOR APPROVAL AS AMENDED,1820,James Butts,Aye,1
1128,2016-08-18,Executive Management Committee,19471,44,2016-0236,RECOMMENDED FOR APPROVAL AS AMENDED,287,Sheila Kuehl,Absent,0
1128,2016-08-18,Executive Management Committee,19471,44,2016-0236,RECOMMENDED FOR APPROVAL AS AMENDED,279,Mark Ridley-Thomas,Aye,1
1128,2016-08-18,Executive Management Committee,19472,45,2016-0317,RECOMMENDED FOR APPROVAL,280,John Fasana,Aye,1
1128,2016-08-18,Executive Management Committee,19472,45,2016-0317,RECOMMENDED FOR APPROVAL,278,Eric Garcetti,Aye,1
1128,2016-08-18,Executive Management Committee,19472,45,2016-0317,RECOMMENDED FOR APPROVAL,1820,James Butts,Absent,0
1128,2016-08-18,Executive Management Committee,19472,45,2016-0317,RECOMMENDED FOR APPROVAL,287,Sheila Kuehl,Absent,0
1128,2016-08-18,Executive Management Committee,19472,45,2016-0317,RECOMMENDED FOR APPROVAL,279,Mark Ridley-Thomas,Aye,1
1128,2016-08-18,Executive Management Committee,19473,46,2016-0457,RECOMMENDED FOR APPROVAL,280,John Fasana,Aye,1
1128,2016-08-18,Executive Management Committee,19473,46,2016-0457,RECOMMENDED FOR APPROVAL,278,Eric Garcetti,Absent,0
1128,2016-08-18,Executive Management Committee,19473,46,2016-0457,RECOMMENDED FOR APPROVAL,1820,James Butts,Aye,1
1128,2016-08-18,Executive Management Committee,19473,46,2016-0457,RECOMMENDED FOR APPROVAL,287,Sheila Kuehl,Absent,0
1128,2016-08-18,Executive Management Committee,19473,46,2016-0457,RECOMMENDED FOR APPROVAL,279,Mark Ridley-Thomas,Aye,1
1128,2016-08-18,Executive Management Committee,19475,47,2016-0549,RECOMMENDED FOR APPROVAL,280,John Fasana,Aye,1
1128,2016-08-18,Executive Management Committee,19475,47,2016-0549,RECOMMENDED FOR APPROVAL,278,Eric Garcetti,Absent,0
1128,2016-08-18,Executive Management Committee,19475,47,2016-0549,RECOMMENDED FOR APPROVAL,1820,James Butts,Aye,1
1128,2016-08-18,Executive Management Committee,19475,47,2016-0549,RECOMMENDED FOR APPROVAL,287,Sheila Kuehl,Absent,0
1128,2016-08-18,Executive Management Committee,19475,47,2016-0549,RECOMMENDED FOR APPROVAL,279,Mark Ridley-Thomas,Aye,1
1128,2016-08-18,Executive Management Committee,19477,40,2016-0564,RECEIVED AND FILED,280,John Fasana,Aye,1
1128,2016-08-18,Executive Management Committee,19477,40,2016-0564,RECEIVED AND FILED,278,Eric Garcetti,Absent,0
1128,2016-08-18,Executive Management Committee,19477,40,2016-0564,RECEIVED AND FILED,1820,James Butts,Aye,1
1128,2016-08-18,Executive Management Committee,19477,40,2016-0564,RECEIVED AND FILED,287,Sheila Kuehl,Absent,0
1128,2016-08-18,Executive Management Committee,19477,40,2016-0564,RECEIVED AND FILED,279,Mark Ridley-Thomas,Aye,1
1128,2016-08-18,Executive Management Committee,19478,38,2016-0581,RECEIVED AND FILED,280,John Fasana,Aye,1
1128,2016-08-18,Executive Management Committee,19478,38,2016-0581,RECEIVED AND FILED,278,Eric Garcetti,Absent,0
1128,2016-08-18,Executive Management Committee,19478,38,2016-0581,RECEIVED AND FILED,1820,James Butts,Aye,1
1128,2016-08-18,Executive Management Committee,19478,38,2016-0581,RECEIVED AND FILED,287,Sheila Kuehl,Absent,0
1128,2016-08-18,Executive Management Committee,19478,38,2016-0581,RECEIVED AND FILED,279,Mark Ridley-Thomas,Aye,1
1128,2016-08-18,Executive Management Committee,19479,39,2016-0582,RECEIVED AND FILED,280,John Fasana,Aye,1
1128,2016-08-18,Executive Management Committee,19479,39,2016-0582,RECEIVED AND FILED,278,Eric Garcetti,Absent,0
1128,2016-08-18,Executive Management Committee,19479,39,2016-0582,RECEIVED AND FILED,1820,James Butts,Aye,1
1128,2016-08-18,Executive Management Committee,19479,39,2016-0582,RECEIVED AND FILED,287,Sheila Kuehl,Absent,0
1128,2016-08-18,Executive Management Committee,19479,39,2016-0582,RECEIVED AND FILED,279,Mark Ridley-Thomas,Aye,1
1128,2016-08-18,Executive Management Committee,19480,42,2016-0583,RECOMMENDED FOR APPROVAL AS AMENDED,280,John Fasana,Aye,1
1128,2016-08-18,Executive Management Committee,19480,42,2016-0583,RECOMMENDED FOR APPROVAL AS AMENDED,278,Eric Garcetti,Absent,0
1128,2016-08-18,Executive Management Committee,19480,42,2016-0583,RECOMMENDED FOR APPROVAL AS AMENDED,1820,James Butts,Aye,1
1128,2016-08-18,Executive Management Committee,19480,42,2016-0583,RECOMMENDED FOR APPROVAL AS AMENDED,287,Sheila Kuehl,Absent,0
1128,2016-08-18,Executive Management Committee,19480,42,2016-0583,RECOMMENDED FOR APPROVAL AS AMENDED,279,Mark Ridley-Thomas,Aye,1
1128,2016-08-18,Executive Management Committee,19481,36,2016-0520,RECEIVED AND FILED,280,John Fasana,Aye,1
1128,2016-08-18,Executive Management Committee,19481,36,2016-0520,RECEIVED AND FILED,278,Eric Garcetti,Absent,0
1128,2016-08-18,Executive Management Committee,19481,36,2016-0520,RECEIVED AND FILED,1820,James Butts,Aye,1
1128,2016-08-18,Executive Management Committee,19481,36,2016-0520,RECEIVED AND FILED,287,Sheila Kuehl,Absent,0
1128,2016-08-18,Executive Management Committee,19481,36,2016-0520,RECEIVED AND FILED,279,Mark Ridley-Thomas,Aye,1
1128,2016-08-18,Executive Management Committee,19489,43,2016-0560,RECOMMENDED FOR APPROVAL,280,John Fasana,Aye,1
1128,2016-08-18,Executive Management Committee,19489,43,2016-0560,RECOMMENDED FOR APPROVAL,278,Eric Garcetti,Absent,0
1128,2016-08-18,Executive Management Committee,19489,43,2016-0560,RECOMMENDED FOR APPROVAL,1820,James Butts,Aye,1
1128,2016-08-18,Executive Management Committee,19489,43,2016-0560,RECOMMENDED FOR APPROVAL,287,Sheila Kuehl,Absent,0
1128,2016-08-18,Executive Management Committee,19489,43,2016-0560,RECOMMENDED FOR APPROVAL,279,Mark Ridley-Thomas,Aye,1
1128,2016-08-18,Executive Management Committee,19505,52,2016-0632,RECOMMENDED FOR APPROVAL,280,John Fasana,Aye,1
1128,2016-08-18,Executive Management Committee,19505,52,2016-0632,RECOMMENDED FOR APPROVAL,278,Eric Garcetti,Aye,1
1128,2016-08-18,Executive Management Committee,19505,52,2016-0632,RECOMMENDED FOR APPROVAL,1820,James Butts,Absent,0
1128,2016-08-18,Executive Management Committee,19505,52,2016-0632,RECOMMENDED FOR APPROVAL,287,Sheila Kuehl,Absent,0
1128,2016-08-18,Executive Management Committee,19505,52,2016-0632,RECOMMENDED FOR APPROVAL,279,Mark Ridley-Thomas,Aye,1
1128,2016-08-18,Executive Management Committee,44161,,,APPROVED ON CONSENT CALENDAR,280,John Fasana,Aye,1
1128,2016-08-18,Executive Management Committee,44161,,,APPROVED ON CONSENT CALENDAR,278,Eric Garcetti,Absent,0
1128,2016-08-18,Executive Management Committee,44161,,,APPROVED ON CONSENT CALENDAR,1820,James Butts,Aye,1
1128,2016-08-18,Executive Management Committee,44161,,,APPROVED ON CONSENT CALENDAR,287,Sheila Kuehl,Absent,0
1128,2016-08-18,Executive Management Committee,44161,,,APPROVED ON CONSENT CALENDAR,279,Mark Ridley-Thomas,Aye,1
1129,2016-08-17,"Finance, Budget and Audit Committee",19143,8,2016-0504,RECOMMENDED FOR APPROVAL,284,Jacquelyn Dupont-Walker,Aye,1
1129,2016-08-17,"Finance, Budget and Audit Committee",19143,8,2016-0504,RECOMMENDED FOR APPROVAL,283,Diane DuBois,Aye,1
1129,2016-08-17,"Finance, Budget and Audit Committee",19143,8,2016-0504,RECOMMENDED FOR APPROVAL,285,Don Knabe,Absent,0
1129,2016-08-17,"Finance, Budget and Audit Committee",19143,8,2016-0504,RECOMMENDED FOR APPROVAL,288,Ara J. Najarian,Aye,1
1129,2016-08-17,"Finance, Budget and Audit Committee",19143,8,2016-0504,RECOMMENDED FOR APPROVAL,290,Hilda L. Solis,Aye,1
1129,2016-08-17,"Finance, Budget and Audit Committee",19144,9,2016-0553,RECOMMENDED FOR APPROVAL,284,Jacquelyn Dupont-Walker,Aye,1
1129,2016-08-17,"Finance, Budget and Audit Committee",19144,9,2016-0553,RECOMMENDED FOR APPROVAL,283,Diane DuBois,Aye,1
1129,2016-08-17,"Finance, Budget and Audit Committee",19144,9,2016-0553,RECOMMENDED FOR APPROVAL,285,Don Knabe,Absent,0
1129,2016-08-17,"Finance, Budget and Audit Committee",19144,9,2016-0553,RECOMMENDED FOR APPROVAL,288,Ara J. Najarian,Aye,1
1129,2016-08-17,"Finance, Budget and Audit Committee",19144,9,2016-0553,RECOMMENDED FOR APPROVAL,290,Hilda L. Solis,Aye,1
1129,2016-08-17,"Finance, Budget and Audit Committee",19146,7,2016-0578,RECEIVED AND FILED,284,Jacquelyn Dupont-Walker,Aye,1
1129,2016-08-17,"Finance, Budget and Audit Committee",19146,7,2016-0578,RECEIVED AND FILED,283,Diane DuBois,Aye,1
1129,2016-08-17,"Finance, Budget and Audit Committee",19146,7,2016-0578,RECEIVED AND FILED,285,Don Knabe,Absent,0
1129,2016-08-17,"Finance, Budget and Audit Committee",19146,7,2016-0578,RECEIVED AND FILED,288,Ara J. Najarian,Aye,1
1129,2016-08-17,"Finance, Budget and Audit Committee",19146,7,2016-0578,RECEIVED AND FILED,290,Hilda L. Solis,Absent,0
1129,2016-08-17,"Finance, Budget and Audit Committee",44155,,,APPROVED ON CONSENT CALENDAR,284,Jacquelyn Dupont-Walker,Aye,1
1129,2016-08-17,"Finance, Budget and Audit Committee",44155,,,APPROVED ON CONSENT CALENDAR,283,Diane DuBois,Aye,1
1129,2016-08-17,"Finance, Budget and Audit Committee",44155,,,APPROVED ON CONSENT CALENDAR,285,Don Knabe,Absent,0
1129,2016-08-17,"Finance, Budget and Audit Committee",44155,,,APPROVED ON CONSENT CALENDAR,288,Ara J. Najarian,Aye,1
1129,2016-08-17,"Finance, Budget and Audit Committee",44155,,,APPROVED ON CONSENT CALENDAR,290,Hilda L. Solis,Absent,0
1130,2016-08-17,Planning and Programming Committee,19230,13,2016-0313,RECOMMENDED FOR APPROVAL,290,Hilda L. Solis,Aye,1
1130,2016-08-17,Planning and Programming Committee,19230,13,2016-0313,RECOMMENDED FOR APPROVAL,286,Paul Krekorian,Aye,1
1130,2016-08-17,Planning and Programming Committee,19230,13,2016-0313,RECOMMENDED FOR APPROVAL,281,Michael Antonovich,Aye,1
1130,2016-08-17,Planning and Programming Committee,19230,13,2016-0313,RECOMMENDED FOR APPROVAL,1820,James Butts,Absent,0
1130,2016-08-17,Planning and Programming Committee,19230,13,2016-0313,RECOMMENDED FOR APPROVAL,288,Ara J. Najarian,Aye,1
1130,2016-08-17,Planning and Programming Committee,19232,15,2016-0534,RECOMMENDED FOR APPROVAL,290,Hilda L. Solis,Aye,1
1130,2016-08-17,Planning and Programming Committee,19232,15,2016-0534,RECOMMENDED FOR APPROVAL,286,Paul Krekorian,Aye,1
1130,2016-08-17,Planning and Programming Committee,19232,15,2016-0534,RECOMMENDED FOR APPROVAL,281,Michael Antonovich,Aye,1
1130,2016-08-17,Planning and Programming Committee,19232,15,2016-0534,RECOMMENDED FOR APPROVAL,1820,James Butts,Absent,0
1130,2016-08-17,Planning and Programming Committee,19232,15,2016-0534,RECOMMENDED FOR APPROVAL,288,Ara J. Najarian,Aye,1
1130,2016-08-17,Planning and Programming Committee,19235,14,2016-0497,RECOMMENDED FOR APPROVAL,290,Hilda L. Solis,Aye,1
1130,2016-08-17,Planning and Programming Committee,19235,14,2016-0497,RECOMMENDED FOR APPROVAL,286,Paul Krekorian,Aye,1
1130,2016-08-17,Planning and Programming Committee,19235,14,2016-0497,RECOMMENDED FOR APPROVAL,281,Michael Antonovich,Aye,1
1130,2016-08-17,Planning and Programming Committee,19235,14,2016-0497,RECOMMENDED FOR APPROVAL,1820,James Butts,Absent,0
1130,2016-08-17,Planning and Programming Committee,19235,14,2016-0497,RECOMMENDED FOR APPROVAL,288,Ara J. Najarian,Aye,1
1131,2016-08-18,"System Safety, Security and Operations Committee",19396,28,2015-1753,RECEIVED,281,Michael Antonovich,Aye,1
1131,2016-08-18,"System Safety, Security and Operations Committee",19396,28,2015-1753,RECEIVED,282,Mike Bonin,Absent,0
1131,2016-08-18,"System Safety, Security and Operations Committee",19396,28,2015-1753,RECEIVED,283,Diane DuBois,Aye,1
1131,2016-08-18,"System Safety, Security and Operations Committee",19396,28,2015-1753,RECEIVED,286,Paul Krekorian,Aye,1
1131,2016-08-18,"System Safety, Security and Operations Committee",19396,28,2015-1753,RECEIVED,279,Mark Ridley-Thomas,Aye,1
1131,2016-08-18,"System Safety, Security and Operations Committee",19397,29,2015-1754,RECEIVED,281,Michael Antonovich,Aye,1
1131,2016-08-18,"System Safety, Security and Operations Committee",19397,29,2015-1754,RECEIVED,282,Mike Bonin,Absent,0
1131,2016-08-18,"System Safety, Security and Operations Committee",19397,29,2015-1754,RECEIVED,283,Diane DuBois,Aye,1
1131,2016-08-18,"System Safety, Security and Operations Committee",19397,29,2015-1754,RECEIVED,286,Paul Krekorian,Aye,1
1131,2016-08-18,"System Safety, Security and Operations Committee",19397,29,2015-1754,RECEIVED,279,Mark Ridley-Thomas,Aye,1
1131,2016-08-18,"System Safety, Security and Operations Committee",19398,31,2016-0094,RECOMMENDED FOR APPROVAL,281,Michael Antonovich,Aye,1
1131,2016-08-18,"System Safety, Security and Operations Committee",19398,31,2016-0094,RECOMMENDED FOR APPROVAL,282,Mike Bonin,Absent,0
1131,2016-08-18,"System Safety, Security and Operations Committee",19398,31,2016-0094,RECOMMENDED FOR APPROVAL,283,Diane DuBois,Aye,1
1131,2016-08-18,"System Safety, Security and Operations Committee",19398,31,2016-0094,RECOMMENDED FOR APPROVAL,286,Paul Krekorian,Aye,1
1131,2016-08-18,"System Safety, Security and Operations Committee",19398,31,2016-0094,RECOMMENDED FOR APPROVAL,279,Mark Ridley-Thomas,Aye,1
1131,2016-08-18,"System Safety, Security and Operations Committee",19399,33,2016-0126,RECOMMENDED FOR APPROVAL,281,Michael Antonovich,Aye,1
1131,2016-08-18,"System Safety, Security and Operations Committee",19399,33,2016-0126,RECOMMENDED FOR APPROVAL,282,Mike Bonin,Absent,0
1131,2016-08-18,"System Safety, Security and Operations Committee",19399,33,2016-0126,RECOMMENDED FOR APPROVAL,283,Diane DuBois,Aye,1
1131,2016-08-18,"System Safety, Security and Operations Committee",19399,33,2016-0126,RECOMMENDED FOR APPROVAL,286,Paul Krekorian,Aye,1
1131,2016-08-18,"System Safety, Security and Operations Committee",19399,33,2016-0126,RECOMMENDED FOR APPROVAL,279,Mark Ridley-Thomas,Aye,1
1131,2016-08-18,"System Safety, Security and Operations Committee",19400,24,2016-0505,RECEIVED AND FILED,281,Michael Antonovich,Aye,1
1131,2016-08-18,"System Safety, Security and Operations Committee",19400,24,2016-0505,RECEIVED AND FILED,282,Mike Bonin,Absent,0
1131,2016-08-18,"System Safety, Security and Operations Committee",19400,24,2016-0505,RECEIVED AND FILED,283,Diane DuBois,Aye,1
1131,2016-08-18,"System Safety, Security and Operations Committee",19400,24,2016-0505,RECEIVED AND FILED,286,Paul Krekorian,Aye,1
1131,2016-08-18,"System Safety, Security and Operations Committee",19400,24,2016-0505,RECEIVED AND FILED,279,Mark Ridley-Thomas,Aye,1
1131,2016-08-18,"System Safety, Security and Operations Committee",19401,32,2016-0517,RECOMMENDED FOR APPROVAL AS AMENDED,281,Michael Antonovich,Aye,1
1131,2016-08-18,"System Safety, Security and Operations Committee",19401,32,2016-0517,RECOMMENDED FOR APPROVAL AS AMENDED,282,Mike Bonin,Absent,0
1131,2016-08-18,"System Safety, Security and Operations Committee",19401,32,2016-0517,RECOMMENDED FOR APPROVAL AS AMENDED,283,Diane DuBois,Aye,1
1131,2016-08-18,"System Safety, Security and Operations Committee",19401,32,2016-0517,RECOMMENDED FOR APPROVAL AS AMENDED,286,Paul Krekorian,Aye,1
1131,2016-08-18,"System Safety, Security and Operations Committee",19401,32,2016-0517,RECOMMENDED FOR APPROVAL AS AMENDED,279,Mark Ridley-Thomas,Aye,1
1131,2016-08-18,"System Safety, Security and Operations Committee",19402,30,2016-0529,RECOMMENDED FOR APPROVAL AS AMENDED,281,Michael Antonovich,Aye,1
1131,2016-08-18,"System Safety, Security and Operations Committee",19402,30,2016-0529,RECOMMENDED FOR APPROVAL AS AMENDED,282,Mike Bonin,Absent,0
1131,2016-08-18,"System Safety, Security and Operations Committee",19402,30,2016-0529,RECOMMENDED FOR APPROVAL AS AMENDED,283,Diane DuBois,Aye,1
1131,2016-08-18,"System Safety, Security and Operations Committee",19402,30,2016-0529,RECOMMENDED FOR APPROVAL AS AMENDED,286,Paul Krekorian,Aye,1
1131,2016-08-18,"System Safety, Security and Operations Committee",19402,30,2016-0529,RECOMMENDED FOR APPROVAL AS AMENDED,279,Mark Ridley-Thomas,Aye,1
1131,2016-08-18,"System Safety, Security and Operations Committee",19405,34,2016-0550,RECOMMENDED FOR APPROVAL,281,Michael Antonovich,Aye,1
1131,2016-08-18,"System Safety, Security and Operations Committee",19405,34,2016-0550,RECOMMENDED FOR APPROVAL,282,Mike Bonin,Absent,0
1131,2016-08-18,"System Safety, Security and Operations Committee",19405,34,2016-0550,RECOMMENDED FOR APPROVAL,283,Diane DuBois,Aye,1
1131,2016-08-18,"System Safety, Security and Operations Committee",19405,34,2016-0550,RECOMMENDED FOR APPROVAL,286,Paul Krekorian,Aye,1
1131,2016-08-18,"System Safety, Security and Operations Committee",19405,34,2016-0550,RECOMMENDED FOR APPROVAL,279,Mark Ridley-Thomas,Aye,1
1131,2016-08-18,"System Safety, Security and Operations Committee",19406,25,2016-0551,RECEIVED AND FILED,281,Michael Antonovich,Aye,1
1131,2016-08-18,"System Safety, Security and Operations Committee",19406,25,2016-0551,RECEIVED AND FILED,282,Mike Bonin,Absent,0
1131,2016-08-18,"System Safety, Security and Operations Committee",19406,25,2016-0551,RECEIVED AND FILED,283,Diane DuBois,Aye,1
1131,2016-08-18,"System Safety, Security and Operations Committee",19406,25,2016-0551,RECEIVED AND FILED,286,Paul Krekorian,Aye,1
1131,2016-08-18,"System Safety, Security and Operations Committee",19406,25,2016-0551,RECEIVED AND FILED,279,Mark Ridley-Thomas,Aye,1
1131,2016-08-18,"System Safety, Security and Operations Committee",19408,26,2016-0561,RECEIVED AND FILED,281,Michael Antonovich,Aye,1
1131,2016-08-18,"System Safety, Security and Operations Committee",19408,26,2016-0561,RECEIVED AND FILED,282,Mike Bonin,Absent,0
1131,2016-08-18,"System Safety, Security and Operations Committee",19408,26,2016-0561,RECEIVED AND FILED,283,Diane DuBois,Aye,1
1131,2016-08-18,"System Safety, Security and Operations Committee",19408,26,2016-0561,RECEIVED AND FILED,286,Paul Krekorian,Aye,1
1131,2016-08-18,"System Safety, Security and Operations Committee",19408,26,2016-0561,RECEIVED AND FILED,279,Mark Ridley-Thomas,Aye,1
1131,2016-08-18,"System Safety, Security and Operations Committee",19497,27,2016-0568,RECEIVED AND FILED,281,Michael Antonovich,Aye,1
1131,2016-08-18,"System Safety, Security and Operations Committee",19497,27,2016-0568,RECEIVED AND FILED,282,Mike Bonin,Absent,0
1131,2016-08-18,"System Safety, Security and Operations Committee",19497,27,2016-0568,RECEIVED AND FILED,283,Diane DuBois,Aye,1
1131,2016-08-18,"System Safety, Security and Operations Committee",19497,27,2016-0568,RECEIVED AND FILED,286,Paul Krekorian,Aye,1
1131,2016-08-18,"System Safety, Security and Operations Committee",19497,27,2016-0568,RECEIVED AND FILED,279,Mark Ridley-Thomas,Aye,1
1131,2016-08-18,"System Safety, Security and Operations Committee",19500,51,2016-0580,RECOMMENDED FOR APPROVAL,281,Michael Antonovich,Aye,1
1131,2016-08-18,"System Safety, Security and Operations Committee",19500,51,2016-0580,RECOMMENDED FOR APPROVAL,282,Mike Bonin,Absent,0
1131,2016-08-18,"System Safety, Security and Operations Committee",19500,51,2016-0580,RECOMMENDED FOR APPROVAL,283,Diane DuBois,Aye,1
1131,2016-08-18,"System Safety, Security and Operations Committee",19500,51,2016-0580,RECOMMENDED FOR APPROVAL,286,Paul Krekorian,Aye,1
1131,2016-08-18,"System Safety, Security and Operations Committee",19500,51,2016-0580,RECOMMENDED FOR APPROVAL,279,Mark Ridley-Thomas,Aye,1
1131,2016-08-18,"System Safety, Security and Operations Committee",19501,50,2016-0531,RECOMMENDED FOR APPROVAL,281,Michael Antonovich,Aye,1
1131,2016-08-18,"System Safety, Security and Operations Committee",19501,50,2016-0531,RECOMMENDED FOR APPROVAL,282,Mike Bonin,Absent,0
1131,2016-08-18,"System Safety, Security and Operations Committee",19501,50,2016-0531,RECOMMENDED FOR APPROVAL,283,Diane DuBois,Aye,1
1131,2016-08-18,"System Safety, Security and Operations Committee",19501,50,2016-0531,RECOMMENDED FOR APPROVAL,286,Paul Krekorian,Aye,1
1131,2016-08-18,"System Safety, Security and Operations Committee",19501,50,2016-0531,RECOMMENDED FOR APPROVAL,279,Mark Ridley-Thomas,Aye,1
1131,2016-08-18,"System Safety, Security and Operations Committee",19502,49,2016-0530,RECOMMENDED FOR APPROVAL,281,Michael Antonovich,Aye,1
1131,2016-08-18,"System Safety, Security and Operations Committee",19502,49,2016-0530,RECOMMENDED FOR APPROVAL,282,Mike Bonin,Absent,0
1131,2016-08-18,"System Safety, Security and Operations Committee",19502,49,2016-0530,RECOMMENDED FOR APPROVAL,283,Diane DuBois,Aye,1
1131,2016-08-18,"System Safety, Security and Operations Committee",19502,49,2016-0530,RECOMMENDED FOR APPROVAL,286,Paul Krekorian,Aye,1
1131,2016-08-18,"System Safety, Security and Operations Committee",19502,49,2016-0530,RECOMMENDED FOR APPROVAL,279,Mark Ridley-Thomas,Aye,1
1131,2016-08-18,"System Safety, Security and Operations Committee",19503,37,2016-0552,RECEIVED AND FILED,281,Michael Antonovich,Aye,1
1131,2016-08-18,"System Safety, Security and Operations Committee",19503,37,2016-0552,RECEIVED AND FILED,282,Mike Bonin,Absent,0
1131,2016-08-18,"System Safety, Security and Operations Committee",19503,37,2016-0552,RECEIVED AND FILED,283,Diane DuBois,Aye,1
1131,2016-08-18,"System Safety, Security and Operations Committee",19503,37,2016-0552,RECEIVED AND FILED,286,Paul Krekorian,Aye,1
1131,2016-08-18,"System Safety, Security and Operations Committee",19503,37,2016-0552,RECEIVED AND FILED,279,Mark Ridley-Thomas,Aye,1
1131,2016-08-18,"System Safety, Security and Operations Committee",44160,,,APPROVED ON CONSENT CALENDAR,281,Michael Antonovich,Aye,1
1131,2016-08-18,"System Safety, Security and Operations Committee",44160,,,APPROVED ON CONSENT CALENDAR,282,Mike Bonin,Absent,0
1131,2016-08-18,"System Safety, Security and Operations Committee",44160,,,APPROVED ON CONSENT CALENDAR,283,Diane DuBois,Aye,1
1131,2016-08-18,"System Safety, Security and Operations Committee",44160,,,APPROVED ON CONSENT CALENDAR,286,Paul Krekorian,Aye,1
1131,2016-08-18,"System Safety, Security and Operations Committee",44160,,,APPROVED ON CONSENT CALENDAR,279,Mark Ridley-Thomas,Aye,1
1135,2016-05-19,Ad Hoc Transit Policing Oversight Committee,18461,37,2016-0360,RECOMMENDED FOR APPROVAL,1820,James Butts,Absent,0
1135,2016-05-19,Ad Hoc Transit Policing Oversight Committee,18461,37,2016-0360,RECOMMENDED FOR APPROVAL,281,Michael Antonovich,Aye,1
1135,2016-05-19,Ad Hoc Transit Policing Oversight Committee,18461,37,2016-0360,RECOMMENDED FOR APPROVAL,284,Jacquelyn Dupont-Walker,Aye,1
1135,2016-05-19,Ad Hoc Transit Policing Oversight Committee,18461,37,2016-0360,RECOMMENDED FOR APPROVAL,280,John Fasana,Aye,1
1135,2016-05-19,Ad Hoc Transit Policing Oversight Committee,18461,37,2016-0360,RECOMMENDED FOR APPROVAL,285,Don Knabe,Aye,1
1140,2016-08-25,Board of Directors - Regular Board Meeting,19525,8,2016-0504,APPROVED,280,John Fasana,Aye,1
1140,2016-08-25,Board of Directors - Regular Board Meeting,19525,8,2016-0504,APPROVED,278,Eric Garcetti,Absent,0
1140,2016-08-25,Board of Directors - Regular Board Meeting,19525,8,2016-0504,APPROVED,287,Sheila Kuehl,Absent,0
1140,2016-08-25,Board of Directors - Regular Board Meeting,19525,8,2016-0504,APPROVED,281,Michael Antonovich,Absent,0
1140,2016-08-25,Board of Directors - Regular Board Meeting,19525,8,2016-0504,APPROVED,282,Mike Bonin,Aye,1
1140,2016-08-25,Board of Directors - Regular Board Meeting,19525,8,2016-0504,APPROVED,1820,James Butts,Aye,1
1140,2016-08-25,Board of Directors - Regular Board Meeting,19525,8,2016-0504,APPROVED,283,Diane DuBois,Aye,1
1140,2016-08-25,Board of Directors - Regular Board Meeting,19525,8,2016-0504,APPROVED,284,Jacquelyn Dupont-Walker,Aye,1
1140,2016-08-25,Board of Directors - Regular Board Meeting,19525,8,2016-0504,APPROVED,285,Don Knabe,Aye,1
1140,2016-08-25,Board of Directors - Regular Board Meeting,19525,8,2016-0504,APPROVED,286,Paul Krekorian,Aye,1
1140,2016-08-25,Board of Directors - Regular Board Meeting,19525,8,2016-0504,APPROVED,288,Ara J. Najarian,Aye,1
1140,2016-08-25,Board of Directors - Regular Board Meeting,19525,8,2016-0504,APPROVED,279,Mark Ridley-Thomas,Absent,0
1140,2016-08-25,Board of Directors - Regular Board Meeting,19525,8,2016-0504,APPROVED,290,Hilda L. Solis,Absent,0
1140,2016-08-25,Board of Directors - Regular Board Meeting,19527,2,2016-0525,APPROVED,280,John Fasana,Aye,1
1140,2016-08-25,Board of Directors - Regular Board Meeting,19527,2,2016-0525,APPROVED,278,Eric Garcetti,Aye,1
1140,2016-08-25,Board of Directors - Regular Board Meeting,19527,2,2016-0525,APPROVED,287,Sheila Kuehl,Absent,0
1140,2016-08-25,Board of Directors - Regular Board Meeting,19527,2,2016-0525,APPROVED,281,Michael Antonovich,Absent,0
1140,2016-08-25,Board of Directors - Regular Board Meeting,19527,2,2016-0525,APPROVED,282,Mike Bonin,Aye,1
1140,2016-08-25,Board of Directors - Regular Board Meeting,19527,2,2016-0525,APPROVED,1820,James Butts,Absent,0
1140,2016-08-25,Board of Directors - Regular Board Meeting,19527,2,2016-0525,APPROVED,283,Diane DuBois,Aye,1
1140,2016-08-25,Board of Directors - Regular Board Meeting,19527,2,2016-0525,APPROVED,284,Jacquelyn Dupont-Walker,Aye,1
1140,2016-08-25,Board of Directors - Regular Board Meeting,19527,2,2016-0525,APPROVED,285,Don Knabe,Aye,1
1140,2016-08-25,Board of Directors - Regular Board Meeting,19527,2,2016-0525,APPROVED,286,Paul Krekorian,Aye,1
1140,2016-08-25,Board of Directors - Regular Board Meeting,19527,2,2016-0525,APPROVED,288,Ara J. Najarian,Aye,1
1140,2016-08-25,Board of Directors - Regular Board Meeting,19527,2,2016-0525,APPROVED,279,Mark Ridley-Thomas,Aye,1
1140,2016-08-25,Board of Directors - Regular Board Meeting,19527,2,2016-0525,APPROVED,290,Hilda L. Solis,Absent,0
1140,2016-08-25,Board of Directors - Regular Board Meeting,19528,9,2016-0553,ADOPTED,280,John Fasana,Aye,1
1140,2016-08-25,Board of Directors - Regular Board Meeting,19528,9,2016-0553,ADOPTED,278,Eric Garcetti,Aye,1
1140,2016-08-25,Board of Directors - Regular Board Meeting,19528,9,2016-0553,ADOPTED,287,Sheila Kuehl,Absent,0
1140,2016-08-25,Board of Directors - Regular Board Meeting,19528,9,2016-0553,ADOPTED,281,Michael Antonovich,Absent,0
1140,2016-08-25,Board of Directors - Regular Board Meeting,19528,9,2016-0553,ADOPTED,282,Mike Bonin,Aye,1
1140,2016-08-25,Board of Directors - Regular Board Meeting,19528,9,2016-0553,ADOPTED,1820,James Butts,Absent,0
1140,2016-08-25,Board of Directors - Regular Board Meeting,19528,9,2016-0553,ADOPTED,283,Diane DuBois,Aye,1
1140,2016-08-25,Board of Directors - Regular Board Meeting,19528,9,2016-0553,ADOPTED,284,Jacquelyn Dupont-Walker,Aye,1
1140,2016-08-25,Board of Directors - Regular Board Meeting,19528,9,2016-0553,ADOPTED,285,Don Knabe,Aye,1
1140,2016-08-25,Board of Directors - Regular Board Meeting,19528,9,2016-0553,ADOPTED,286,Paul Krekorian,Aye,1
1140,2016-08-25,Board of Directors - Regular Board Meeting,19528,9,2016-0553,ADOPTED,288,Ara J. Najarian,Aye,1
1140,2016-08-25,Board of Directors - Regular Board Meeting,19528,9,2016-0553,ADOPTED,279,Mark Ridley-Thomas,Absent,0
1140,2016-08-25,Board of Directors - Regular Board Meeting,19528,9,2016-0553,ADOPTED,290,Hilda L. Solis,Absent,0
1140,2016-08-25,Board of Directors - Regular Board Meeting,19530,13,2016-0313,APPROVED,280,John Fasana,Aye,1
1140,2016-08-25,Board of Directors - Regular Board Meeting,19530,13,2016-0313,APPROVED,278,Eric Garcetti,Aye,1
1140,2016-08-25,Board of Directors - Regular Board Meeting,19530,13,2016-0313,APPROVED,287,Sheila Kuehl,Absent,0
1140,2016-08-25,Board of Directors - Regular Board Meeting,19530,13,2016-0313,APPROVED,281,Michael Antonovich,Absent,0
1140,2016-08-25,Board of Directors - Regular Board Meeting,19530,13,2016-0313,APPROVED,282,Mike Bonin,Aye,1
1140,2016-08-25,Board of Directors - Regular Board Meeting,19530,13,2016-0313,APPROVED,1820,James Butts,Absent,0
1140,2016-08-25,Board of Directors - Regular Board Meeting,19530,13,2016-0313,APPROVED,283,Diane DuBois,Aye,1
1140,2016-08-25,Board of Directors - Regular Board Meeting,19530,13,2016-0313,APPROVED,284,Jacquelyn Dupont-Walker,Aye,1
1140,2016-08-25,Board of Directors - Regular Board Meeting,19530,13,2016-0313,APPROVED,285,Don Knabe,Aye,1
1140,2016-08-25,Board of Directors - Regular Board Meeting,19530,13,2016-0313,APPROVED,286,Paul Krekorian,Aye,1
1140,2016-08-25,Board of Directors - Regular Board Meeting,19530,13,2016-0313,APPROVED,288,Ara J. Najarian,Aye,1
1140,2016-08-25,Board of Directors - Regular Board Meeting,19530,13,2016-0313,APPROVED,279,Mark Ridley-Thomas,Absent,0
1140,2016-08-25,Board of Directors - Regular Board Meeting,19530,13,2016-0313,APPROVED,290,Hilda L. Solis,Absent,0
1140,2016-08-25,Board of Directors - Regular Board Meeting,19532,14,2016-0497,APPROVED,280,John Fasana,Aye,1
1140,2016-08-25,Board of Directors - Regular Board Meeting,19532,14,2016-0497,APPROVED,278,Eric Garcetti,Aye,1
1140,2016-08-25,Board of Directors - Regular Board Meeting,19532,14,2016-0497,APPROVED,287,Sheila Kuehl,Absent,0
1140,2016-08-25,Board of Directors - Regular Board Meeting,19532,14,2016-0497,APPROVED,281,Michael Antonovich,Absent,0
1140,2016-08-25,Board of Directors - Regular Board Meeting,19532,14,2016-0497,APPROVED,282,Mike Bonin,Aye,1
1140,2016-08-25,Board of Directors - Regular Board Meeting,19532,14,2016-0497,APPROVED,1820,James Butts,Absent,0
1140,2016-08-25,Board of Directors - Regular Board Meeting,19532,14,2016-0497,APPROVED,283,Diane DuBois,Aye,1
1140,2016-08-25,Board of Directors - Regular Board Meeting,19532,14,2016-0497,APPROVED,284,Jacquelyn Dupont-Walker,Aye,1
1140,2016-08-25,Board of Directors - Regular Board Meeting,19532,14,2016-0497,APPROVED,285,Don Knabe,Aye,1
1140,2016-08-25,Board of Directors - Regular Board Meeting,19532,14,2016-0497,APPROVED,286,Paul Krekorian,Aye,1
1140,2016-08-25,Board of Directors - Regular Board Meeting,19532,14,2016-0497,APPROVED,288,Ara J. Najarian,Aye,1
1140,2016-08-25,Board of Directors - Regular Board Meeting,19532,14,2016-0497,APPROVED,279,Mark Ridley-Thomas,Absent,0
1140,2016-08-25,Board of Directors - Regular Board Meeting,19532,14,2016-0497,APPROVED,290,Hilda L. Solis,Absent,0
1140,2016-08-25,Board of Directors - Regular Board Meeting,19535,15,2016-0534,APPROVED,280,John Fasana,Aye,1
1140,2016-08-25,Board of Directors - Regular Board Meeting,19535,15,2016-0534,APPROVED,278,Eric Garcetti,Aye,1
1140,2016-08-25,Board of Directors - Regular Board Meeting,19535,15,2016-0534,APPROVED,287,Sheila Kuehl,Absent,0
1140,2016-08-25,Board of Directors - Regular Board Meeting,19535,15,2016-0534,APPROVED,281,Michael Antonovich,Absent,0
1140,2016-08-25,Board of Directors - Regular Board Meeting,19535,15,2016-0534,APPROVED,282,Mike Bonin,Aye,1
1140,2016-08-25,Board of Directors - Regular Board Meeting,19535,15,2016-0534,APPROVED,1820,James Butts,Absent,0
1140,2016-08-25,Board of Directors - Regular Board Meeting,19535,15,2016-0534,APPROVED,283,Diane DuBois,Aye,1
1140,2016-08-25,Board of Directors - Regular Board Meeting,19535,15,2016-0534,APPROVED,284,Jacquelyn Dupont-Walker,Aye,1
1140,2016-08-25,Board of Directors - Regular Board Meeting,19535,15,2016-0534,APPROVED,285,Don Knabe,Aye,1
1140,2016-08-25,Board of Directors - Regular Board Meeting,19535,15,2016-0534,APPROVED,286,Paul Krekorian,Aye,1
1140,2016-08-25,Board of Directors - Regular Board Meeting,19535,15,2016-0534,APPROVED,288,Ara J. Najarian,Aye,1
1140,2016-08-25,Board of Directors - Regular Board Meeting,19535,15,2016-0534,APPROVED,279,Mark Ridley-Thomas,Absent,0
1140,2016-08-25,Board of Directors - Regular Board Meeting,19535,15,2016-0534,APPROVED,290,Hilda L. Solis,Absent,0
1140,2016-08-25,Board of Directors - Regular Board Meeting,19536,21,2016-0559,APPROVED,280,John Fasana,Aye,1
1140,2016-08-25,Board of Directors - Regular Board Meeting,19536,21,2016-0559,APPROVED,278,Eric Garcetti,Aye,1
1140,2016-08-25,Board of Directors - Regular Board Meeting,19536,21,2016-0559,APPROVED,287,Sheila Kuehl,Absent,0
1140,2016-08-25,Board of Directors - Regular Board Meeting,19536,21,2016-0559,APPROVED,281,Michael Antonovich,Absent,0
1140,2016-08-25,Board of Directors - Regular Board Meeting,19536,21,2016-0559,APPROVED,282,Mike Bonin,Aye,1
1140,2016-08-25,Board of Directors - Regular Board Meeting,19536,21,2016-0559,APPROVED,1820,James Butts,Aye,1
1140,2016-08-25,Board of Directors - Regular Board Meeting,19536,21,2016-0559,APPROVED,283,Diane DuBois,Aye,1
1140,2016-08-25,Board of Directors - Regular Board Meeting,19536,21,2016-0559,APPROVED,284,Jacquelyn Dupont-Walker,Aye,1
1140,2016-08-25,Board of Directors - Regular Board Meeting,19536,21,2016-0559,APPROVED,285,Don Knabe,Aye,1
1140,2016-08-25,Board of Directors - Regular Board Meeting,19536,21,2016-0559,APPROVED,286,Paul Krekorian,Aye,1
1140,2016-08-25,Board of Directors - Regular Board Meeting,19536,21,2016-0559,APPROVED,288,Ara J. Najarian,Aye,1
1140,2016-08-25,Board of Directors - Regular Board Meeting,19536,21,2016-0559,APPROVED,279,Mark Ridley-Thomas,Absent,0
1140,2016-08-25,Board of Directors - Regular Board Meeting,19536,21,2016-0559,APPROVED,290,Hilda L. Solis,Absent,0
1140,2016-08-25,Board of Directors - Regular Board Meeting,19537,48,2016-0623,APPROVED,280,John Fasana,Aye,1
1140,2016-08-25,Board of Directors - Regular Board Meeting,19537,48,2016-0623,APPROVED,278,Eric Garcetti,Aye,1
1140,2016-08-25,Board of Directors - Regular Board Meeting,19537,48,2016-0623,APPROVED,287,Sheila Kuehl,Absent,0
1140,2016-08-25,Board of Directors - Regular Board Meeting,19537,48,2016-0623,APPROVED,281,Michael Antonovich,Absent,0
1140,2016-08-25,Board of Directors - Regular Board Meeting,19537,48,2016-0623,APPROVED,282,Mike Bonin,Aye,1
1140,2016-08-25,Board of Directors - Regular Board Meeting,19537,48,2016-0623,APPROVED,1820,James Butts,Aye,1
1140,2016-08-25,Board of Directors - Regular Board Meeting,19537,48,2016-0623,APPROVED,283,Diane DuBois,Aye,1
1140,2016-08-25,Board of Directors - Regular Board Meeting,19537,48,2016-0623,APPROVED,284,Jacquelyn Dupont-Walker,Aye,1
1140,2016-08-25,Board of Directors - Regular Board Meeting,19537,48,2016-0623,APPROVED,285,Don Knabe,Aye,1
1140,2016-08-25,Board of Directors - Regular Board Meeting,19537,48,2016-0623,APPROVED,286,Paul Krekorian,Aye,1
1140,2016-08-25,Board of Directors - Regular Board Meeting,19537,48,2016-0623,APPROVED,288,Ara J. Najarian,Aye,1
1140,2016-08-25,Board of Directors - Regular Board Meeting,19537,48,2016-0623,APPROVED,279,Mark Ridley-Thomas,Aye,1
1140,2016-08-25,Board of Directors - Regular Board Meeting,19537,48,2016-0623,APPROVED,290,Hilda L. Solis,Absent,0
1140,2016-08-25,Board of Directors - Regular Board Meeting,19539,30,2016-0529,APPROVED,280,John Fasana,Aye,1
1140,2016-08-25,Board of Directors - Regular Board Meeting,19539,30,2016-0529,APPROVED,278,Eric Garcetti,Aye,1
1140,2016-08-25,Board of Directors - Regular Board Meeting,19539,30,2016-0529,APPROVED,287,Sheila Kuehl,Absent,0
1140,2016-08-25,Board of Directors - Regular Board Meeting,19539,30,2016-0529,APPROVED,281,Michael Antonovich,Absent,0
1140,2016-08-25,Board of Directors - Regular Board Meeting,19539,30,2016-0529,APPROVED,282,Mike Bonin,Aye,1
1140,2016-08-25,Board of Directors - Regular Board Meeting,19539,30,2016-0529,APPROVED,1820,James Butts,Absent,0
1140,2016-08-25,Board of Directors - Regular Board Meeting,19539,30,2016-0529,APPROVED,283,Diane DuBois,Aye,1
1140,2016-08-25,Board of Directors - Regular Board Meeting,19539,30,2016-0529,APPROVED,284,Jacquelyn Dupont-Walker,Aye,1
1140,2016-08-25,Board of Directors - Regular Board Meeting,19539,30,2016-0529,APPROVED,285,Don Knabe,Aye,1
1140,2016-08-25,Board of Directors - Regular Board Meeting,19539,30,2016-0529,APPROVED,286,Paul Krekorian,Aye,1
1140,2016-08-25,Board of Directors - Regular Board Meeting,19539,30,2016-0529,APPROVED,288,Ara J. Najarian,Aye,1
1140,2016-08-25,Board of Directors - Regular Board Meeting,19539,30,2016-0529,APPROVED,279,Mark Ridley-Thomas,Absent,0
1140,2016-08-25,Board of Directors - Regular Board Meeting,19539,30,2016-0529,APPROVED,290,Hilda L. Solis,Absent,0
1140,2016-08-25,Board of Directors - Regular Board Meeting,19541,30.1,2016-0644,APPROVED,280,John Fasana,Aye,1
1140,2016-08-25,Board of Directors - Regular Board Meeting,19541,30.1,2016-0644,APPROVED,278,Eric Garcetti,Aye,1
1140,2016-08-25,Board of Directors - Regular Board Meeting,19541,30.1,2016-0644,APPROVED,287,Sheila Kuehl,Absent,0
1140,2016-08-25,Board of Directors - Regular Board Meeting,19541,30.1,2016-0644,APPROVED,281,Michael Antonovich,Absent,0
1140,2016-08-25,Board of Directors - Regular Board Meeting,19541,30.1,2016-0644,APPROVED,282,Mike Bonin,Aye,1
1140,2016-08-25,Board of Directors - Regular Board Meeting,19541,30.1,2016-0644,APPROVED,1820,James Butts,Absent,0
1140,2016-08-25,Board of Directors - Regular Board Meeting,19541,30.1,2016-0644,APPROVED,283,Diane DuBois,Aye,1
1140,2016-08-25,Board of Directors - Regular Board Meeting,19541,30.1,2016-0644,APPROVED,284,Jacquelyn Dupont-Walker,Aye,1
1140,2016-08-25,Board of Directors - Regular Board Meeting,19541,30.1,2016-0644,APPROVED,285,Don Knabe,Aye,1
1140,2016-08-25,Board of Directors - Regular Board Meeting,19541,30.1,2016-0644,APPROVED,286,Paul Krekorian,Aye,1
1140,2016-08-25,Board of Directors - Regular Board Meeting,19541,30.1,2016-0644,APPROVED,288,Ara J. Najarian,Aye,1
1140,2016-08-25,Board of Directors - Regular Board Meeting,19541,30.1,2016-0644,APPROVED,279,Mark Ridley-Thomas,Absent,0
1140,2016-08-25,Board of Directors - Regular Board Meeting,19541,30.1,2016-0644,APPROVED,290,Hilda L. Solis,Absent,0
1140,2016-08-25,Board of Directors - Regular Board Meeting,19542,31,2016-0094,APPROVED,280,John Fasana,Aye,1
1140,2016-08-25,Board of Directors - Regular Board Meeting,19542,31,2016-0094,APPROVED,278,Eric Garcetti,Aye,1
1140,2016-08-25,Board of Directors - Regular Board Meeting,19542,31,2016-0094,APPROVED,287,Sheila Kuehl,Absent,0
1140,2016-08-25,Board of Directors - Regular Board Meeting,19542,31,2016-0094,APPROVED,281,Michael Antonovich,Absent,0
1140,2016-08-25,Board of Directors - Regular Board Meeting,19542,31,2016-0094,APPROVED,282,Mike Bonin,Aye,1
1140,2016-08-25,Board of Directors - Regular Board Meeting,19542,31,2016-0094,APPROVED,1820,James Butts,Absent,0
1140,2016-08-25,Board of Directors - Regular Board Meeting,19542,31,2016-0094,APPROVED,283,Diane DuBois,Aye,1
1140,2016-08-25,Board of Directors - Regular Board Meeting,19542,31,2016-0094,APPROVED,284,Jacquelyn Dupont-Walker,Aye,1
1140,2016-08-25,Board of Directors - Regular Board Meeting,19542,31,2016-0094,APPROVED,285,Don Knabe,Aye,1
1140,2016-08-25,Board of Directors - Regular Board Meeting,19542,31,2016-0094,APPROVED,286,Paul Krekorian,Aye,1
1140,2016-08-25,Board of Directors - Regular Board Meeting,19542,31,2016-0094,APPROVED,288,Ara J. Najarian,Aye,1
1140,2016-08-25,Board of Directors - Regular Board Meeting,19542,31,2016-0094,APPROVED,279,Mark Ridley-Thomas,Absent,0
1140,2016-08-25,Board of Directors - Regular Board Meeting,19542,31,2016-0094,APPROVED,290,Hilda L. Solis,Absent,0
1140,2016-08-25,Board of Directors - Regular Board Meeting,19545,32,2016-0517,APPROVED,280,John Fasana,Aye,1
1140,2016-08-25,Board of Directors - Regular Board Meeting,19545,32,2016-0517,APPROVED,278,Eric Garcetti,Aye,1
1140,2016-08-25,Board of Directors - Regular Board Meeting,19545,32,2016-0517,APPROVED,287,Sheila Kuehl,Absent,0
1140,2016-08-25,Board of Directors - Regular Board Meeting,19545,32,2016-0517,APPROVED,281,Michael Antonovich,Absent,0
1140,2016-08-25,Board of Directors - Regular Board Meeting,19545,32,2016-0517,APPROVED,282,Mike Bonin,Aye,1
1140,2016-08-25,Board of Directors - Regular Board Meeting,19545,32,2016-0517,APPROVED,1820,James Butts,Absent,0
1140,2016-08-25,Board of Directors - Regular Board Meeting,19545,32,2016-0517,APPROVED,283,Diane DuBois,Aye,1
1140,2016-08-25,Board of Directors - Regular Board Meeting,19545,32,2016-0517,APPROVED,284,Jacquelyn Dupont-Walker,Aye,1
1140,2016-08-25,Board of Directors - Regular Board Meeting,19545,32,2016-0517,APPROVED,285,Don Knabe,Aye,1
1140,2016-08-25,Board of Directors - Regular Board Meeting,19545,32,2016-0517,APPROVED,286,Paul Krekorian,Aye,1
1140,2016-08-25,Board of Directors - Regular Board Meeting,19545,32,2016-0517,APPROVED,288,Ara J. Najarian,Aye,1
1140,2016-08-25,Board of Directors - Regular Board Meeting,19545,32,2016-0517,APPROVED,279,Mark Ridley-Thomas,Absent,0
1140,2016-08-25,Board of Directors - Regular Board Meeting,19545,32,2016-0517,APPROVED,290,Hilda L. Solis,Absent,0
1140,2016-08-25,Board of Directors - Regular Board Meeting,19546,33,2016-0126,APPROVED,280,John Fasana,Aye,1
1140,2016-08-25,Board of Directors - Regular Board Meeting,19546,33,2016-0126,APPROVED,278,Eric Garcetti,Aye,1
1140,2016-08-25,Board of Directors - Regular Board Meeting,19546,33,2016-0126,APPROVED,287,Sheila Kuehl,Absent,0
1140,2016-08-25,Board of Directors - Regular Board Meeting,19546,33,2016-0126,APPROVED,281,Michael Antonovich,Absent,0
1140,2016-08-25,Board of Directors - Regular Board Meeting,19546,33,2016-0126,APPROVED,282,Mike Bonin,Aye,1
1140,2016-08-25,Board of Directors - Regular Board Meeting,19546,33,2016-0126,APPROVED,1820,James Butts,Absent,0
1140,2016-08-25,Board of Directors - Regular Board Meeting,19546,33,2016-0126,APPROVED,283,Diane DuBois,Aye,1
1140,2016-08-25,Board of Directors - Regular Board Meeting,19546,33,2016-0126,APPROVED,284,Jacquelyn Dupont-Walker,Aye,1
1140,2016-08-25,Board of Directors - Regular Board Meeting,19546,33,2016-0126,APPROVED,285,Don Knabe,Aye,1
1140,2016-08-25,Board of Directors - Regular Board Meeting,19546,33,2016-0126,APPROVED,286,Paul Krekorian,Aye,1
1140,2016-08-25,Board of Directors - Regular Board Meeting,19546,33,2016-0126,APPROVED,288,Ara J. Najarian,Aye,1
1140,2016-08-25,Board of Directors - Regular Board Meeting,19546,33,2016-0126,APPROVED,279,Mark Ridley-Thomas,Absent,0
1140,2016-08-25,Board of Directors - Regular Board Meeting,19546,33,2016-0126,APPROVED,290,Hilda L. Solis,Absent,0
1140,2016-08-25,Board of Directors - Regular Board Meeting,19548,49,2016-0530,APPROVED,280,John Fasana,Aye,1
1140,2016-08-25,Board of Directors - Regular Board Meeting,19548,49,2016-0530,APPROVED,278,Eric Garcetti,Aye,1
1140,2016-08-25,Board of Directors - Regular Board Meeting,19548,49,2016-0530,APPROVED,287,Sheila Kuehl,Absent,0
1140,2016-08-25,Board of Directors - Regular Board Meeting,19548,49,2016-0530,APPROVED,281,Michael Antonovich,Absent,0
1140,2016-08-25,Board of Directors - Regular Board Meeting,19548,49,2016-0530,APPROVED,282,Mike Bonin,Aye,1
1140,2016-08-25,Board of Directors - Regular Board Meeting,19548,49,2016-0530,APPROVED,1820,James Butts,Absent,0
1140,2016-08-25,Board of Directors - Regular Board Meeting,19548,49,2016-0530,APPROVED,283,Diane DuBois,Aye,1
1140,2016-08-25,Board of Directors - Regular Board Meeting,19548,49,2016-0530,APPROVED,284,Jacquelyn Dupont-Walker,Aye,1
1140,2016-08-25,Board of Directors - Regular Board Meeting,19548,49,2016-0530,APPROVED,285,Don Knabe,Aye,1
1140,2016-08-25,Board of Directors - Regular Board Meeting,19548,49,2016-0530,APPROVED,286,Paul Krekorian,Aye,1
1140,2016-08-25,Board of Directors - Regular Board Meeting,19548,49,2016-0530,APPROVED,288,Ara J. Najarian,Aye,1
1140,2016-08-25,Board of Directors - Regular Board Meeting,19548,49,2016-0530,APPROVED,279,Mark Ridley-Thomas,Absent,0
1140,2016-08-25,Board of Directors - Regular Board Meeting,19548,49,2016-0530,APPROVED,290,Hilda L. Solis,Absent,0
1140,2016-08-25,Board of Directors - Regular Board Meeting,19551,50,2016-0531,APPROVED,280,John Fasana,Aye,1
1140,2016-08-25,Board of Directors - Regular Board Meeting,19551,50,2016-0531,APPROVED,278,Eric Garcetti,Aye,1
1140,2016-08-25,Board of Directors - Regular Board Meeting,19551,50,2016-0531,APPROVED,287,Sheila Kuehl,Absent,0
1140,2016-08-25,Board of Directors - Regular Board Meeting,19551,50,2016-0531,APPROVED,281,Michael Antonovich,Absent,0
1140,2016-08-25,Board of Directors - Regular Board Meeting,19551,50,2016-0531,APPROVED,282,Mike Bonin,Aye,1
1140,2016-08-25,Board of Directors - Regular Board Meeting,19551,50,2016-0531,APPROVED,1820,James Butts,Absent,0
1140,2016-08-25,Board of Directors - Regular Board Meeting,19551,50,2016-0531,APPROVED,283,Diane DuBois,Aye,1
1140,2016-08-25,Board of Directors - Regular Board Meeting,19551,50,2016-0531,APPROVED,284,Jacquelyn Dupont-Walker,Aye,1
1140,2016-08-25,Board of Directors - Regular Board Meeting,19551,50,2016-0531,APPROVED,285,Don Knabe,Aye,1
1140,2016-08-25,Board of Directors - Regular Board Meeting,19551,50,2016-0531,APPROVED,286,Paul Krekorian,Aye,1
1140,2016-08-25,Board of Directors - Regular Board Meeting,19551,50,2016-0531,APPROVED,288,Ara J. Najarian,Aye,1
1140,2016-08-25,Board of Directors - Regular Board Meeting,19551,50,2016-0531,APPROVED,279,Mark Ridley-Thomas,Absent,0
1140,2016-08-25,Board of Directors - Regular Board Meeting,19551,50,2016-0531,APPROVED,290,Hilda L. Solis,Absent,0
1140,2016-08-25,Board of Directors - Regular Board Meeting,19552,51,2016-0580,APPROVED,280,John Fasana,Aye,1
1140,2016-08-25,Board of Directors - Regular Board Meeting,19552,51,2016-0580,APPROVED,278,Eric Garcetti,Aye,1
1140,2016-08-25,Board of Directors - Regular Board Meeting,19552,51,2016-0580,APPROVED,287,Sheila Kuehl,Absent,0
1140,2016-08-25,Board of Directors - Regular Board Meeting,19552,51,2016-0580,APPROVED,281,Michael Antonovich,Absent,0
1140,2016-08-25,Board of Directors - Regular Board Meeting,19552,51,2016-0580,APPROVED,282,Mike Bonin,Aye,1
1140,2016-08-25,Board of Directors - Regular Board Meeting,19552,51,2016-0580,APPROVED,1820,James Butts,Absent,0
1140,2016-08-25,Board of Directors - Regular Board Meeting,19552,51,2016-0580,APPROVED,283,Diane DuBois,Aye,1
1140,2016-08-25,Board of Directors - Regular Board Meeting,19552,51,2016-0580,APPROVED,284,Jacquelyn Dupont-Walker,Aye,1
1140,2016-08-25,Board of Directors - Regular Board Meeting,19552,51,2016-0580,APPROVED,285,Don Knabe,Aye,1
1140,2016-08-25,Board of Directors - Regular Board Meeting,19552,51,2016-0580,APPROVED,286,Paul Krekorian,Aye,1
1140,2016-08-25,Board of Directors - Regular Board Meeting,19552,51,2016-0580,APPROVED,288,Ara J. Najarian,Aye,1
1140,2016-08-25,Board of Directors - Regular Board Meeting,19552,51,2016-0580,APPROVED,279,Mark Ridley-Thomas,Absent,0
1140,2016-08-25,Board of Directors - Regular Board Meeting,19552,51,2016-0580,APPROVED,290,Hilda L. Solis,Absent,0
1140,2016-08-25,Board of Directors - Regular Board Meeting,19554,34,2016-0550,APPROVED,280,John Fasana,Aye,1
1140,2016-08-25,Board of Directors - Regular Board Meeting,19554,34,2016-0550,APPROVED,278,Eric Garcetti,Aye,1
1140,2016-08-25,Board of Directors - Regular Board Meeting,19554,34,2016-0550,APPROVED,287,Sheila Kuehl,Absent,0
1140,2016-08-25,Board of Directors - Regular Board Meeting,19554,34,2016-0550,APPROVED,281,Michael Antonovich,Absent,0
1140,2016-08-25,Board of Directors - Regular Board Meeting,19554,34,2016-0550,APPROVED,282,Mike Bonin,Aye,1
1140,2016-08-25,Board of Directors - Regular Board Meeting,19554,34,2016-0550,APPROVED,1820,James Butts,Absent,0
1140,2016-08-25,Board of Directors - Regular Board Meeting,19554,34,2016-0550,APPROVED,283,Diane DuBois,Aye,1
1140,2016-08-25,Board of Directors - Regular Board Meeting,19554,34,2016-0550,APPROVED,284,Jacquelyn Dupont-Walker,Aye,1
1140,2016-08-25,Board of Directors - Regular Board Meeting,19554,34,2016-0550,APPROVED,285,Don Knabe,Aye,1
1140,2016-08-25,Board of Directors - Regular Board Meeting,19554,34,2016-0550,APPROVED,286,Paul Krekorian,Aye,1
1140,2016-08-25,Board of Directors - Regular Board Meeting,19554,34,2016-0550,APPROVED,288,Ara J. Najarian,Aye,1
1140,2016-08-25,Board of Directors - Regular Board Meeting,19554,34,2016-0550,APPROVED,279,Mark Ridley-Thomas,Absent,0
1140,2016-08-25,Board of Directors - Regular Board Meeting,19554,34,2016-0550,APPROVED,290,Hilda L. Solis,Absent,0
1140,2016-08-25,Board of Directors - Regular Board Meeting,19556,42,2016-0583,ADOPTED,280,John Fasana,Aye,1
1140,2016-08-25,Board of Directors - Regular Board Meeting,19556,42,2016-0583,ADOPTED,278,Eric Garcetti,Aye,1
1140,2016-08-25,Board of Directors - Regular Board Meeting,19556,42,2016-0583,ADOPTED,287,Sheila Kuehl,Absent,0
1140,2016-08-25,Board of Directors - Regular Board Meeting,19556,42,2016-0583,ADOPTED,281,Michael Antonovich,Absent,0
1140,2016-08-25,Board of Directors - Regular Board Meeting,19556,42,2016-0583,ADOPTED,282,Mike Bonin,Aye,1
1140,2016-08-25,Board of Directors - Regular Board Meeting,19556,42,2016-0583,ADOPTED,1820,James Butts,Absent,0
1140,2016-08-25,Board of Directors - Regular Board Meeting,19556,42,2016-0583,ADOPTED,283,Diane DuBois,Aye,1
1140,2016-08-25,Board of Directors - Regular Board Meeting,19556,42,2016-0583,ADOPTED,284,Jacquelyn Dupont-Walker,Aye,1
1140,2016-08-25,Board of Directors - Regular Board Meeting,19556,42,2016-0583,ADOPTED,285,Don Knabe,Aye,1
1140,2016-08-25,Board of Directors - Regular Board Meeting,19556,42,2016-0583,ADOPTED,286,Paul Krekorian,Aye,1
1140,2016-08-25,Board of Directors - Regular Board Meeting,19556,42,2016-0583,ADOPTED,288,Ara J. Najarian,Aye,1
1140,2016-08-25,Board of Directors - Regular Board Meeting,19556,42,2016-0583,ADOPTED,279,Mark Ridley-Thomas,Absent,0
1140,2016-08-25,Board of Directors - Regular Board Meeting,19556,42,2016-0583,ADOPTED,290,Hilda L. Solis,Absent,0
1140,2016-08-25,Board of Directors - Regular Board Meeting,19558,43,2016-0560,APPROVED,280,John Fasana,Aye,1
1140,2016-08-25,Board of Directors - Regular Board Meeting,19558,43,2016-0560,APPROVED,278,Eric Garcetti,Aye,1
1140,2016-08-25,Board of Directors - Regular Board Meeting,19558,43,2016-0560,APPROVED,287,Sheila Kuehl,Absent,0
1140,2016-08-25,Board of Directors - Regular Board Meeting,19558,43,2016-0560,APPROVED,281,Michael Antonovich,Absent,0
1140,2016-08-25,Board of Directors - Regular Board Meeting,19558,43,2016-0560,APPROVED,282,Mike Bonin,Aye,1
1140,2016-08-25,Board of Directors - Regular Board Meeting,19558,43,2016-0560,APPROVED,1820,James Butts,Absent,0
1140,2016-08-25,Board of Directors - Regular Board Meeting,19558,43,2016-0560,APPROVED,283,Diane DuBois,Aye,1
1140,2016-08-25,Board of Directors - Regular Board Meeting,19558,43,2016-0560,APPROVED,284,Jacquelyn Dupont-Walker,Aye,1
1140,2016-08-25,Board of Directors - Regular Board Meeting,19558,43,2016-0560,APPROVED,285,Don Knabe,Aye,1
1140,2016-08-25,Board of Directors - Regular Board Meeting,19558,43,2016-0560,APPROVED,286,Paul Krekorian,Aye,1
1140,2016-08-25,Board of Directors - Regular Board Meeting,19558,43,2016-0560,APPROVED,288,Ara J. Najarian,Aye,1
1140,2016-08-25,Board of Directors - Regular Board Meeting,19558,43,2016-0560,APPROVED,279,Mark Ridley-Thomas,Absent,0
1140,2016-08-25,Board of Directors - Regular Board Meeting,19558,43,2016-0560,APPROVED,290,Hilda L. Solis,Absent,0
1140,2016-08-25,Board of Directors - Regular Board Meeting,19560,44,2016-0236,APPROVED,280,John Fasana,Aye,1
1140,2016-08-25,Board of Directors - Regular Board Meeting,19560,44,2016-0236,APPROVED,278,Eric Garcetti,Aye,1
1140,2016-08-25,Board of Directors - Regular Board Meeting,19560,44,2016-0236,APPROVED,287,Sheila Kuehl,Absent,0
1140,2016-08-25,Board of Directors - Regular Board Meeting,19560,44,2016-0236,APPROVED,281,Michael Antonovich,Absent,0
1140,2016-08-25,Board of Directors - Regular Board Meeting,19560,44,2016-0236,APPROVED,282,Mike Bonin,Aye,1
1140,2016-08-25,Board of Directors - Regular Board Meeting,19560,44,2016-0236,APPROVED,1820,James Butts,Absent,0
1140,2016-08-25,Board of Directors - Regular Board Meeting,19560,44,2016-0236,APPROVED,283,Diane DuBois,Aye,1
1140,2016-08-25,Board of Directors - Regular Board Meeting,19560,44,2016-0236,APPROVED,284,Jacquelyn Dupont-Walker,Aye,1
1140,2016-08-25,Board of Directors - Regular Board Meeting,19560,44,2016-0236,APPROVED,285,Don Knabe,Aye,1
1140,2016-08-25,Board of Directors - Regular Board Meeting,19560,44,2016-0236,APPROVED,286,Paul Krekorian,Aye,1
1140,2016-08-25,Board of Directors - Regular Board Meeting,19560,44,2016-0236,APPROVED,288,Ara J. Najarian,Aye,1
1140,2016-08-25,Board of Directors - Regular Board Meeting,19560,44,2016-0236,APPROVED,279,Mark Ridley-Thomas,Absent,0
1140,2016-08-25,Board of Directors - Regular Board Meeting,19560,44,2016-0236,APPROVED,290,Hilda L. Solis,Absent,0
1140,2016-08-25,Board of Directors - Regular Board Meeting,19562,45,2016-0317,APPROVED,280,John Fasana,Aye,1
1140,2016-08-25,Board of Directors - Regular Board Meeting,19562,45,2016-0317,APPROVED,278,Eric Garcetti,Aye,1
1140,2016-08-25,Board of Directors - Regular Board Meeting,19562,45,2016-0317,APPROVED,287,Sheila Kuehl,Absent,0
1140,2016-08-25,Board of Directors - Regular Board Meeting,19562,45,2016-0317,APPROVED,281,Michael Antonovich,Absent,0
1140,2016-08-25,Board of Directors - Regular Board Meeting,19562,45,2016-0317,APPROVED,282,Mike Bonin,Aye,1
1140,2016-08-25,Board of Directors - Regular Board Meeting,19562,45,2016-0317,APPROVED,1820,James Butts,Absent,0
1140,2016-08-25,Board of Directors - Regular Board Meeting,19562,45,2016-0317,APPROVED,283,Diane DuBois,Aye,1
1140,2016-08-25,Board of Directors - Regular Board Meeting,19562,45,2016-0317,APPROVED,284,Jacquelyn Dupont-Walker,Aye,1
1140,2016-08-25,Board of Directors - Regular Board Meeting,19562,45,2016-0317,APPROVED,285,Don Knabe,Aye,1
1140,2016-08-25,Board of Directors - Regular Board Meeting,19562,45,2016-0317,APPROVED,286,Paul Krekorian,Aye,1
1140,2016-08-25,Board of Directors - Regular Board Meeting,19562,45,2016-0317,APPROVED,288,Ara J. Najarian,Aye,1
1140,2016-08-25,Board of Directors - Regular Board Meeting,19562,45,2016-0317,APPROVED,279,Mark Ridley-Thomas,Absent,0
1140,2016-08-25,Board of Directors - Regular Board Meeting,19562,45,2016-0317,APPROVED,290,Hilda L. Solis,Absent,0
1140,2016-08-25,Board of Directors - Regular Board Meeting,19564,46,2016-0457,APPROVED,280,John Fasana,Aye,1
1140,2016-08-25,Board of Directors - Regular Board Meeting,19564,46,2016-0457,APPROVED,278,Eric Garcetti,Aye,1
1140,2016-08-25,Board of Directors - Regular Board Meeting,19564,46,2016-0457,APPROVED,287,Sheila Kuehl,Absent,0
1140,2016-08-25,Board of Directors - Regular Board Meeting,19564,46,2016-0457,APPROVED,281,Michael Antonovich,Absent,0
1140,2016-08-25,Board of Directors - Regular Board Meeting,19564,46,2016-0457,APPROVED,282,Mike Bonin,Aye,1
1140,2016-08-25,Board of Directors - Regular Board Meeting,19564,46,2016-0457,APPROVED,1820,James Butts,Absent,0
1140,2016-08-25,Board of Directors - Regular Board Meeting,19564,46,2016-0457,APPROVED,283,Diane DuBois,Aye,1
1140,2016-08-25,Board of Directors - Regular Board Meeting,19564,46,2016-0457,APPROVED,284,Jacquelyn Dupont-Walker,Aye,1
1140,2016-08-25,Board of Directors - Regular Board Meeting,19564,46,2016-0457,APPROVED,285,Don Knabe,Aye,1
1140,2016-08-25,Board of Directors - Regular Board Meeting,19564,46,2016-0457,APPROVED,286,Paul Krekorian,Aye,1
1140,2016-08-25,Board of Directors - Regular Board Meeting,19564,46,2016-0457,APPROVED,288,Ara J. Najarian,Aye,1
1140,2016-08-25,Board of Directors - Regular Board Meeting,19564,46,2016-0457,APPROVED,279,Mark Ridley-Thomas,Absent,0
1140,2016-08-25,Board of Directors - Regular Board Meeting,19564,46,2016-0457,APPROVED,290,Hilda L. Solis,Absent,0
1140,2016-08-25,Board of Directors - Regular Board Meeting,19566,47,2016-0549,APPROVED,280,John Fasana,Aye,1
1140,2016-08-25,Board of Directors - Regular Board Meeting,19566,47,2016-0549,APPROVED,278,Eric Garcetti,Aye,1
1140,2016-08-25,Board of Directors - Regular Board Meeting,19566,47,2016-0549,APPROVED,287,Sheila Kuehl,Absent,0
1140,2016-08-25,Board of Directors - Regular Board Meeting,19566,47,2016-0549,APPROVED,281,Michael Antonovich,Absent,0
1140,2016-08-25,Board of Directors - Regular Board Meeting,19566,47,2016-0549,APPROVED,282,Mike Bonin,Aye,1
1140,2016-08-25,Board of Directors - Regular Board Meeting,19566,47,2016-0549,APPROVED,1820,James Butts,Absent,0
1140,2016-08-25,Board of Directors - Regular Board Meeting,19566,47,2016-0549,APPROVED,283,Diane DuBois,Aye,1
1140,2016-08-25,Board of Directors - Regular Board Meeting,19566,47,2016-0549,APPROVED,284,Jacquelyn Dupont-Walker,Aye,1
1140,2016-08-25,Board of Directors - Regular Board Meeting,19566,47,2016-0549,APPROVED,285,Don Knabe,Aye,1
1140,2016-08-25,Board of Directors - Regular Board Meeting,19566,47,2016-0549,APPROVED,286,Paul Krekorian,Aye,1
1140,2016-08-25,Board of Directors - Regular Board Meeting,19566,47,2016-0549,APPROVED,288,Ara J. Najarian,Aye,1
1140,2016-08-25,Board of Directors - Regular Board Meeting,19566,47,2016-0549,APPROVED,279,Mark Ridley-Thomas,Absent,0
1140,2016-08-25,Board of Directors - Regular Board Meeting,19566,47,2016-0549,APPROVED,290,Hilda L. Solis,Absent,0
1140,2016-08-25,Board of Directors - Regular Board Meeting,19568,52,2016-0632,APPROVED,280,John Fasana,Aye,1
1140,2016-08-25,Board of Directors - Regular Board Meeting,19568,52,2016-0632,APPROVED,278,Eric Garcetti,Aye,1
1140,2016-08-25,Board of Directors - Regular Board Meeting,19568,52,2016-0632,APPROVED,287,Sheila Kuehl,Absent,0
1140,2016-08-25,Board of Directors - Regular Board Meeting,19568,52,2016-0632,APPROVED,281,Michael Antonovich,Absent,0
1140,2016-08-25,Board of Directors - Regular Board Meeting,19568,52,2016-0632,APPROVED,282,Mike Bonin,Aye,1
1140,2016-08-25,Board of Directors - Regular Board Meeting,19568,52,2016-0632,APPROVED,1820,James Butts,Absent,0
1140,2016-08-25,Board of Directors - Regular Board Meeting,19568,52,2016-0632,APPROVED,283,Diane DuBois,Aye,1
1140,2016-08-25,Board of Directors - Regular Board Meeting,19568,52,2016-0632,APPROVED,284,Jacquelyn Dupont-Walker,Aye,1
1140,2016-08-25,Board of Directors - Regular Board Meeting,19568,52,2016-0632,APPROVED,285,Don Knabe,Aye,1
1140,2016-08-25,Board of Directors - Regular Board Meeting,19568,52,2016-0632,APPROVED,286,Paul Krekorian,Aye,1
1140,2016-08-25,Board of Directors - Regular Board Meeting,19568,52,2016-0632,APPROVED,288,Ara J. Najarian,Aye,1
1140,2016-08-25,Board of Directors - Regular Board Meeting,19568,52,2016-0632,APPROVED,279,Mark Ridley-Thomas,Absent,0
1140,2016-08-25,Board of Directors - Regular Board Meeting,19568,52,2016-0632,APPROVED,290,Hilda L. Solis,Absent,0
1140,2016-08-25,Board of Directors - Regular Board Meeting,19572,4,2016-0656,RECEIVED,280,John Fasana,Aye,1
1140,2016-08-25,Board of Directors - Regular Board Meeting,19572,4,2016-0656,RECEIVED,278,Eric Garcetti,Aye,1
1140,2016-08-25,Board of Directors - Regular Board Meeting,19572,4,2016-0656,RECEIVED,287,Sheila Kuehl,Absent,0
1140,2016-08-25,Board of Directors - Regular Board Meeting,19572,4,2016-0656,RECEIVED,281,Michael Antonovich,Absent,0
1140,2016-08-25,Board of Directors - Regular Board Meeting,19572,4,2016-0656,RECEIVED,282,Mike Bonin,Aye,1
1140,2016-08-25,Board of Directors - Regular Board Meeting,19572,4,2016-0656,RECEIVED,1820,James Butts,Absent,0
1140,2016-08-25,Board of Directors - Regular Board Meeting,19572,4,2016-0656,RECEIVED,284,Jacquelyn Dupont-Walker,Aye,1
1140,2016-08-25,Board of Directors - Regular Board Meeting,19572,4,2016-0656,RECEIVED,285,Don Knabe,Aye,1
1140,2016-08-25,Board of Directors - Regular Board Meeting,19572,4,2016-0656,RECEIVED,286,Paul Krekorian,Aye,1
1140,2016-08-25,Board of Directors - Regular Board Meeting,19572,4,2016-0656,RECEIVED,288,Ara J. Najarian,Aye,1
1140,2016-08-25,Board of Directors - Regular Board Meeting,19572,4,2016-0656,RECEIVED,279,Mark Ridley-Thomas,Aye,1
1140,2016-08-25,Board of Directors - Regular Board Meeting,19572,4,2016-0656,RECEIVED,290,Hilda L. Solis,Absent,0
1140,2016-08-25,Board of Directors - Regular Board Meeting,19572,4,2016-0656,RECEIVED,1821,Carrie Bowen,Aye,1
1140,2016-08-25,Board of Directors - Regular Board Meeting,19573,3,2016-0655,RECEIVED,280,John Fasana,Aye,1
1140,2016-08-25,Board of Directors - Regular Board Meeting,19573,3,2016-0655,RECEIVED,278,Eric Garcetti,Aye,1
1140,2016-08-25,Board of Directors - Regular Board Meeting,19573,3,2016-0655,RECEIVED,287,Sheila Kuehl,Absent,0
1140,2016-08-25,Board of Directors - Regular Board Meeting,19573,3,2016-0655,RECEIVED,281,Michael Antonovich,Absent,0
1140,2016-08-25,Board of Directors - Regular Board Meeting,19573,3,2016-0655,RECEIVED,282,Mike Bonin,Aye,1
1140,2016-08-25,Board of Directors - Regular Board Meeting,19573,3,2016-0655,RECEIVED,1820,James Butts,Absent,0
1140,2016-08-25,Board of Directors - Regular Board Meeting,19573,3,2016-0655,RECEIVED,284,Jacquelyn Dupont-Walker,Aye,1
1140,2016-08-25,Board of Directors - Regular Board Meeting,19573,3,2016-0655,RECEIVED,285,Don Knabe,Aye,1
1140,2016-08-25,Board of Directors - Regular Board Meeting,19573,3,2016-0655,RECEIVED,286,Paul Krekorian,Aye,1
1140,2016-08-25,Board of Directors - Regular Board Meeting,19573,3,2016-0655,RECEIVED,288,Ara J. Najarian,Aye,1
1140,2016-08-25,Board of Directors - Regular Board Meeting,19573,3,2016-0655,RECEIVED,279,Mark Ridley-Thomas,Aye,1
1140,2016-08-25,Board of Directors - Regular Board Meeting,19573,3,2016-0655,RECEIVED,290,Hilda L. Solis,Absent,0
1140,2016-08-25,Board of Directors - Regular Board Meeting,19573,3,2016-0655,RECEIVED,1821,Carrie Bowen,Aye,1
1140,2016-08-25,Board of Directors - Regular Board Meeting,41799,,,APPROVED ON CONSENT CALENDAR,280,John Fasana,Aye,1
1140,2016-08-25,Board of Directors - Regular Board Meeting,41799,,,APPROVED ON CONSENT CALENDAR,278,Eric Garcetti,Aye,1
1140,2016-08-25,Board of Directors - Regular Board Meeting,41799,,,APPROVED ON CONSENT CALENDAR,287,Sheila Kuehl,Absent,0
1140,2016-08-25,Board of Directors - Regular Board Meeting,41799,,,APPROVED ON CONSENT CALENDAR,281,Michael Antonovich,Absent,0
1140,2016-08-25,Board of Directors - Regular Board Meeting,41799,,,APPROVED ON CONSENT CALENDAR,282,Mike Bonin,Aye,1
1140,2016-08-25,Board of Directors - Regular Board Meeting,41799,,,APPROVED ON CONSENT CALENDAR,1820,James Butts,Absent,0
1140,2016-08-25,Board of Directors - Regular Board Meeting,41799,,,APPROVED ON CONSENT CALENDAR,283,Diane DuBois,Aye,1
1140,2016-08-25,Board of Directors - Regular Board Meeting,41799,,,APPROVED ON CONSENT CALENDAR,284,Jacquelyn Dupont-Walker,Aye,1
1140,2016-08-25,Board of Directors - Regular Board Meeting,41799,,,APPROVED ON CONSENT CALENDAR,285,Don Knabe,Aye,1
1140,2016-08-25,Board of Directors - Regular Board Meeting,41799,,,APPROVED ON CONSENT CALENDAR,286,Paul Krekorian,Aye,1
1140,2016-08-25,Board of Directors - Regular Board Meeting,41799,,,APPROVED ON CONSENT CALENDAR,288,Ara J. Najarian,Aye,1
1140,2016-08-25,Board of Directors - Regular Board Meeting,41799,,,APPROVED ON CONSENT CALENDAR,279,Mark Ridley-Thomas,Absent,0
1140,2016-08-25,Board of Directors - Regular Board Meeting,41799,,,APPROVED ON CONSENT CALENDAR,290,Hilda L. Solis,Absent,0
1142,2016-09-15,Construction Committee,20015,15,2016-0657,RECEIVED AND FILED,285,Don Knabe,Aye,1
1142,2016-09-15,Construction Committee,20015,15,2016-0657,RECEIVED AND FILED,283,Diane DuBois,Aye,1
1142,2016-09-15,Construction Committee,20015,15,2016-0657,RECEIVED AND FILED,282,Mike Bonin,Aye,1
1142,2016-09-15,Construction Committee,20015,15,2016-0657,RECEIVED AND FILED,284,Jacquelyn Dupont-Walker,Absent,0
1142,2016-09-15,Construction Committee,20015,15,2016-0657,RECEIVED AND FILED,287,Sheila Kuehl,Aye,1
1142,2016-09-15,Construction Committee,20016,13,2016-0712,RECEIVED,285,Don Knabe,Aye,1
1142,2016-09-15,Construction Committee,20016,13,2016-0712,RECEIVED,283,Diane DuBois,Aye,1
1142,2016-09-15,Construction Committee,20016,13,2016-0712,RECEIVED,282,Mike Bonin,Aye,1
1142,2016-09-15,Construction Committee,20016,13,2016-0712,RECEIVED,284,Jacquelyn Dupont-Walker,Absent,0
1142,2016-09-15,Construction Committee,20016,13,2016-0712,RECEIVED,287,Sheila Kuehl,Aye,1
1142,2016-09-15,Construction Committee,20017,14,2016-0652,RECEIVED,285,Don Knabe,Aye,1
1142,2016-09-15,Construction Committee,20017,14,2016-0652,RECEIVED,283,Diane DuBois,Aye,1
1142,2016-09-15,Construction Committee,20017,14,2016-0652,RECEIVED,282,Mike Bonin,Aye,1
1142,2016-09-15,Construction Committee,20017,14,2016-0652,RECEIVED,284,Jacquelyn Dupont-Walker,Absent,0
1142,2016-09-15,Construction Committee,20017,14,2016-0652,RECEIVED,287,Sheila Kuehl,Aye,1
1142,2016-09-15,Construction Committee,20029,16,2016-0132,RECEIVED AND FILED,285,Don Knabe,Aye,1
1142,2016-09-15,Construction Committee,20029,16,2016-0132,RECEIVED AND FILED,283,Diane DuBois,Aye,1
1142,2016-09-15,Construction Committee,20029,16,2016-0132,RECEIVED AND FILED,282,Mike Bonin,Aye,1
1142,2016-09-15,Construction Committee,20029,16,2016-0132,RECEIVED AND FILED,284,Jacquelyn Dupont-Walker,Absent,0
1142,2016-09-15,Construction Committee,20029,16,2016-0132,RECEIVED AND FILED,287,Sheila Kuehl,Aye,1
1142,2016-09-15,Construction Committee,20030,17,2016-0611,RECOMMENDED FOR APPROVAL,285,Don Knabe,Aye,1
1142,2016-09-15,Construction Committee,20030,17,2016-0611,RECOMMENDED FOR APPROVAL,283,Diane DuBois,Aye,1
1142,2016-09-15,Construction Committee,20030,17,2016-0611,RECOMMENDED FOR APPROVAL,282,Mike Bonin,Aye,1
1142,2016-09-15,Construction Committee,20030,17,2016-0611,RECOMMENDED FOR APPROVAL,284,Jacquelyn Dupont-Walker,Absent,0
1142,2016-09-15,Construction Committee,20030,17,2016-0611,RECOMMENDED FOR APPROVAL,287,Sheila Kuehl,Aye,1
1143,2016-10-20,Executive Management Committee,20637,33,2016-0791,RECEIVED AND FILED,280,John Fasana,Aye,1
1143,2016-10-20,Executive Management Committee,20637,33,2016-0791,RECEIVED AND FILED,278,Eric Garcetti,Aye,1
1143,2016-10-20,Executive Management Committee,20637,33,2016-0791,RECEIVED AND FILED,1820,James Butts,Absent,0
1143,2016-10-20,Executive Management Committee,20637,33,2016-0791,RECEIVED AND FILED,287,Sheila Kuehl,Aye,1
1143,2016-10-20,Executive Management Committee,20637,33,2016-0791,RECEIVED AND FILED,279,Mark Ridley-Thomas,Absent,0
1143,2016-10-20,Executive Management Committee,20639,34,2016-0766,RECEIVED AND FILED,280,John Fasana,Aye,1
1143,2016-10-20,Executive Management Committee,20639,34,2016-0766,RECEIVED AND FILED,278,Eric Garcetti,Aye,1
1143,2016-10-20,Executive Management Committee,20639,34,2016-0766,RECEIVED AND FILED,1820,James Butts,Absent,0
1143,2016-10-20,Executive Management Committee,20639,34,2016-0766,RECEIVED AND FILED,287,Sheila Kuehl,Aye,1
1143,2016-10-20,Executive Management Committee,20639,34,2016-0766,RECEIVED AND FILED,279,Mark Ridley-Thomas,Absent,0
1143,2016-10-20,Executive Management Committee,20641,39,2016-0743,RECOMMENDED FOR APPROVAL,280,John Fasana,Aye,1
1143,2016-10-20,Executive Management Committee,20641,39,2016-0743,RECOMMENDED FOR APPROVAL,278,Eric Garcetti,Aye,1
1143,2016-10-20,Executive Management Committee,20641,39,2016-0743,RECOMMENDED FOR APPROVAL,1820,James Butts,Aye,1
1143,2016-10-20,Executive Management Committee,20641,39,2016-0743,RECOMMENDED FOR APPROVAL,287,Sheila Kuehl,Aye,1
1143,2016-10-20,Executive Management Committee,20641,39,2016-0743,RECOMMENDED FOR APPROVAL,279,Mark Ridley-Thomas,Absent,0
1143,2016-10-20,Executive Management Committee,20642,35,2016-0748,RECEIVED AND FILED,280,John Fasana,Aye,1
1143,2016-10-20,Executive Management Committee,20642,35,2016-0748,RECEIVED AND FILED,278,Eric Garcetti,Aye,1
1143,2016-10-20,Executive Management Committee,20642,35,2016-0748,RECEIVED AND FILED,1820,James Butts,Absent,0
1143,2016-10-20,Executive Management Committee,20642,35,2016-0748,RECEIVED AND FILED,287,Sheila Kuehl,Aye,1
1143,2016-10-20,Executive Management Committee,20642,35,2016-0748,RECEIVED AND FILED,279,Mark Ridley-Thomas,Absent,0
1143,2016-10-20,Executive Management Committee,20643,40,2016-0584,RECOMMENDED FOR APPROVAL,280,John Fasana,Aye,1
1143,2016-10-20,Executive Management Committee,20643,40,2016-0584,RECOMMENDED FOR APPROVAL,278,Eric Garcetti,Aye,1
1143,2016-10-20,Executive Management Committee,20643,40,2016-0584,RECOMMENDED FOR APPROVAL,1820,James Butts,Aye,1
1143,2016-10-20,Executive Management Committee,20643,40,2016-0584,RECOMMENDED FOR APPROVAL,287,Sheila Kuehl,Aye,1
1143,2016-10-20,Executive Management Committee,20643,40,2016-0584,RECOMMENDED FOR APPROVAL,279,Mark Ridley-Thomas,Absent,0
1143,2016-10-20,Executive Management Committee,20645,37,2016-0737,RECEIVED,280,John Fasana,Aye,1
1143,2016-10-20,Executive Management Committee,20645,37,2016-0737,RECEIVED,278,Eric Garcetti,Aye,1
1143,2016-10-20,Executive Management Committee,20645,37,2016-0737,RECEIVED,1820,James Butts,Aye,1
1143,2016-10-20,Executive Management Committee,20645,37,2016-0737,RECEIVED,287,Sheila Kuehl,Aye,1
1143,2016-10-20,Executive Management Committee,20645,37,2016-0737,RECEIVED,279,Mark Ridley-Thomas,Aye,1
1143,2016-10-20,Executive Management Committee,20646,41,2016-0642,RECOMMENDED FOR APPROVAL,280,John Fasana,Aye,1
1143,2016-10-20,Executive Management Committee,20646,41,2016-0642,RECOMMENDED FOR APPROVAL,278,Eric Garcetti,Absent,0
1143,2016-10-20,Executive Management Committee,20646,41,2016-0642,RECOMMENDED FOR APPROVAL,1820,James Butts,Aye,1
1143,2016-10-20,Executive Management Committee,20646,41,2016-0642,RECOMMENDED FOR APPROVAL,287,Sheila Kuehl,Aye,1
1143,2016-10-20,Executive Management Committee,20646,41,2016-0642,RECOMMENDED FOR APPROVAL,279,Mark Ridley-Thomas,Absent,0
1143,2016-10-20,Executive Management Committee,20647,36,2016-0503,RECEIVED AND FILED,280,John Fasana,Aye,1
1143,2016-10-20,Executive Management Committee,20647,36,2016-0503,RECEIVED AND FILED,278,Eric Garcetti,Aye,1
1143,2016-10-20,Executive Management Committee,20647,36,2016-0503,RECEIVED AND FILED,1820,James Butts,Absent,0
1143,2016-10-20,Executive Management Committee,20647,36,2016-0503,RECEIVED AND FILED,287,Sheila Kuehl,Aye,1
1143,2016-10-20,Executive Management Committee,20647,36,2016-0503,RECEIVED AND FILED,279,Mark Ridley-Thomas,Aye,1
1143,2016-10-20,Executive Management Committee,20648,20,2016-0765,RECOMMENDED FOR APPROVAL,280,John Fasana,Aye,1
1143,2016-10-20,Executive Management Committee,20648,20,2016-0765,RECOMMENDED FOR APPROVAL,278,Eric Garcetti,Aye,1
1143,2016-10-20,Executive Management Committee,20648,20,2016-0765,RECOMMENDED FOR APPROVAL,1820,James Butts,Aye,1
1143,2016-10-20,Executive Management Committee,20648,20,2016-0765,RECOMMENDED FOR APPROVAL,287,Sheila Kuehl,Aye,1
1143,2016-10-20,Executive Management Committee,20648,20,2016-0765,RECOMMENDED FOR APPROVAL,279,Mark Ridley-Thomas,Absent,0
1143,2016-10-20,Executive Management Committee,20659,14,2016-0706,RECEIVED AND FILED,280,John Fasana,Aye,1
1143,2016-10-20,Executive Management Committee,20659,14,2016-0706,RECEIVED AND FILED,278,Eric Garcetti,Aye,1
1143,2016-10-20,Executive Management Committee,20659,14,2016-0706,RECEIVED AND FILED,1820,James Butts,Aye,1
1143,2016-10-20,Executive Management Committee,20659,14,2016-0706,RECEIVED AND FILED,287,Sheila Kuehl,Aye,1
1143,2016-10-20,Executive Management Committee,20659,14,2016-0706,RECEIVED AND FILED,279,Mark Ridley-Thomas,Aye,1
1143,2016-10-20,Executive Management Committee,20666,42,2016-0778,RECEIVED AND FILED,280,John Fasana,Aye,1
1143,2016-10-20,Executive Management Committee,20666,42,2016-0778,RECEIVED AND FILED,278,Eric Garcetti,Aye,1
1143,2016-10-20,Executive Management Committee,20666,42,2016-0778,RECEIVED AND FILED,1820,James Butts,Aye,1
1143,2016-10-20,Executive Management Committee,20666,42,2016-0778,RECEIVED AND FILED,287,Sheila Kuehl,Aye,1
1143,2016-10-20,Executive Management Committee,20666,42,2016-0778,RECEIVED AND FILED,279,Mark Ridley-Thomas,Aye,1
1143,2016-10-20,Executive Management Committee,20668,43,2016-0838,RECOMMENDED FOR APPROVAL,280,John Fasana,Aye,1
1143,2016-10-20,Executive Management Committee,20668,43,2016-0838,RECOMMENDED FOR APPROVAL,278,Eric Garcetti,Aye,1
1143,2016-10-20,Executive Management Committee,20668,43,2016-0838,RECOMMENDED FOR APPROVAL,1820,James Butts,Aye,1
1143,2016-10-20,Executive Management Committee,20668,43,2016-0838,RECOMMENDED FOR APPROVAL,287,Sheila Kuehl,Aye,1
1143,2016-10-20,Executive Management Committee,20668,43,2016-0838,RECOMMENDED FOR APPROVAL,279,Mark Ridley-Thomas,Aye,1
1143,2016-10-20,Executive Management Committee,41826,,,APPROVED ON CONSENT CALENDAR,280,John Fasana,Aye,1
1143,2016-10-20,Executive Management Committee,41826,,,APPROVED ON CONSENT CALENDAR,278,Eric Garcetti,Aye,1
1143,2016-10-20,Executive Management Committee,41826,,,APPROVED ON CONSENT CALENDAR,1820,James Butts,Absent,0
1143,2016-10-20,Executive Management Committee,41826,,,APPROVED ON CONSENT CALENDAR,287,Sheila Kuehl,Aye,1
1143,2016-10-20,Executive Management Committee,41826,,,APPROVED ON CONSENT CALENDAR,279,Mark Ridley-Thomas,Absent,0
1145,2016-10-19,Planning and Programming Committee,20331,9,2016-0284,RECOMMENDED FOR APPROVAL AS AMENDED,290,Hilda L. Solis,Aye,1
1145,2016-10-19,Planning and Programming Committee,20331,9,2016-0284,RECOMMENDED FOR APPROVAL AS AMENDED,286,Paul Krekorian,Aye,1
1145,2016-10-19,Planning and Programming Committee,20331,9,2016-0284,RECOMMENDED FOR APPROVAL AS AMENDED,281,Michael Antonovich,Absent,0
1145,2016-10-19,Planning and Programming Committee,20331,9,2016-0284,RECOMMENDED FOR APPROVAL AS AMENDED,1820,James Butts,Absent,0
1145,2016-10-19,Planning and Programming Committee,20331,9,2016-0284,RECOMMENDED FOR APPROVAL AS AMENDED,288,Ara J. Najarian,Aye,1
1145,2016-10-19,Planning and Programming Committee,20332,10,2016-0614,RECOMMENDED FOR APPROVAL,290,Hilda L. Solis,Aye,1
1145,2016-10-19,Planning and Programming Committee,20332,10,2016-0614,RECOMMENDED FOR APPROVAL,286,Paul Krekorian,Aye,1
1145,2016-10-19,Planning and Programming Committee,20332,10,2016-0614,RECOMMENDED FOR APPROVAL,281,Michael Antonovich,Aye,1
1145,2016-10-19,Planning and Programming Committee,20332,10,2016-0614,RECOMMENDED FOR APPROVAL,1820,James Butts,Absent,0
1145,2016-10-19,Planning and Programming Committee,20332,10,2016-0614,RECOMMENDED FOR APPROVAL,288,Ara J. Najarian,Aye,1
1145,2016-10-19,Planning and Programming Committee,20335,12,2016-0730,RECOMMENDED FOR APPROVAL,290,Hilda L. Solis,Aye,1
1145,2016-10-19,Planning and Programming Committee,20335,12,2016-0730,RECOMMENDED FOR APPROVAL,286,Paul Krekorian,Aye,1
1145,2016-10-19,Planning and Programming Committee,20335,12,2016-0730,RECOMMENDED FOR APPROVAL,281,Michael Antonovich,Aye,1
1145,2016-10-19,Planning and Programming Committee,20335,12,2016-0730,RECOMMENDED FOR APPROVAL,1820,James Butts,Absent,0
1145,2016-10-19,Planning and Programming Committee,20335,12,2016-0730,RECOMMENDED FOR APPROVAL,288,Ara J. Najarian,Aye,1
1145,2016-10-19,Planning and Programming Committee,20337,13,2016-0762,RECOMMENDED FOR APPROVAL,290,Hilda L. Solis,Aye,1
1145,2016-10-19,Planning and Programming Committee,20337,13,2016-0762,RECOMMENDED FOR APPROVAL,286,Paul Krekorian,Aye,1
1145,2016-10-19,Planning and Programming Committee,20337,13,2016-0762,RECOMMENDED FOR APPROVAL,281,Michael Antonovich,Aye,1
1145,2016-10-19,Planning and Programming Committee,20337,13,2016-0762,RECOMMENDED FOR APPROVAL,1820,James Butts,Absent,0
1145,2016-10-19,Planning and Programming Committee,20337,13,2016-0762,RECOMMENDED FOR APPROVAL,288,Ara J. Najarian,Aye,1
1145,2016-10-19,Planning and Programming Committee,44166,,,APPROVED ON CONSENT CALENDAR,290,Hilda L. Solis,Aye,1
1145,2016-10-19,Planning and Programming Committee,44166,,,APPROVED ON CONSENT CALENDAR,286,Paul Krekorian,Aye,1
1145,2016-10-19,Planning and Programming Committee,44166,,,APPROVED ON CONSENT CALENDAR,281,Michael Antonovich,Absent,0
1145,2016-10-19,Planning and Programming Committee,44166,,,APPROVED ON CONSENT CALENDAR,1820,James Butts,Absent,0
1145,2016-10-19,Planning and Programming Committee,44166,,,APPROVED ON CONSENT CALENDAR,288,Ara J. Najarian,Aye,1
1146,2016-09-15,"System Safety, Security and Operations Committee",19938,21,2016-0473,RECEIVED,281,Michael Antonovich,Aye,1
1146,2016-09-15,"System Safety, Security and Operations Committee",19938,21,2016-0473,RECEIVED,282,Mike Bonin,Aye,1
1146,2016-09-15,"System Safety, Security and Operations Committee",19938,21,2016-0473,RECEIVED,283,Diane DuBois,Aye,1
1146,2016-09-15,"System Safety, Security and Operations Committee",19938,21,2016-0473,RECEIVED,286,Paul Krekorian,Aye,1
1146,2016-09-15,"System Safety, Security and Operations Committee",19938,21,2016-0473,RECEIVED,279,Mark Ridley-Thomas,Absent,0
1146,2016-09-15,"System Safety, Security and Operations Committee",20018,18,2016-0651,RECEIVED AND FILED,281,Michael Antonovich,Absent,0
1146,2016-09-15,"System Safety, Security and Operations Committee",20018,18,2016-0651,RECEIVED AND FILED,282,Mike Bonin,Aye,1
1146,2016-09-15,"System Safety, Security and Operations Committee",20018,18,2016-0651,RECEIVED AND FILED,283,Diane DuBois,Aye,1
1146,2016-09-15,"System Safety, Security and Operations Committee",20018,18,2016-0651,RECEIVED AND FILED,286,Paul Krekorian,Absent,0
1146,2016-09-15,"System Safety, Security and Operations Committee",20018,18,2016-0651,RECEIVED AND FILED,279,Mark Ridley-Thomas,Absent,0
1146,2016-09-15,"System Safety, Security and Operations Committee",20021,20,2016-0472,RECEIVED,281,Michael Antonovich,Aye,1
1146,2016-09-15,"System Safety, Security and Operations Committee",20021,20,2016-0472,RECEIVED,282,Mike Bonin,Aye,1
1146,2016-09-15,"System Safety, Security and Operations Committee",20021,20,2016-0472,RECEIVED,283,Diane DuBois,Aye,1
1146,2016-09-15,"System Safety, Security and Operations Committee",20021,20,2016-0472,RECEIVED,286,Paul Krekorian,Aye,1
1146,2016-09-15,"System Safety, Security and Operations Committee",20021,20,2016-0472,RECEIVED,279,Mark Ridley-Thomas,Absent,0
1146,2016-09-15,"System Safety, Security and Operations Committee",20031,19,2016-0700,RECEIVED AND FILED,281,Michael Antonovich,Absent,0
1146,2016-09-15,"System Safety, Security and Operations Committee",20031,19,2016-0700,RECEIVED AND FILED,282,Mike Bonin,Absent,0
1146,2016-09-15,"System Safety, Security and Operations Committee",20031,19,2016-0700,RECEIVED AND FILED,283,Diane DuBois,Aye,1
1146,2016-09-15,"System Safety, Security and Operations Committee",20031,19,2016-0700,RECEIVED AND FILED,286,Paul Krekorian,Aye,1
1146,2016-09-15,"System Safety, Security and Operations Committee",20031,19,2016-0700,RECEIVED AND FILED,279,Mark Ridley-Thomas,Absent,0
1146,2016-09-15,"System Safety, Security and Operations Committee",20032,25,2016-0516,RECOMMENDED FOR APPROVAL,281,Michael Antonovich,Aye,1
1146,2016-09-15,"System Safety, Security and Operations Committee",20032,25,2016-0516,RECOMMENDED FOR APPROVAL,282,Mike Bonin,Absent,0
1146,2016-09-15,"System Safety, Security and Operations Committee",20032,25,2016-0516,RECOMMENDED FOR APPROVAL,283,Diane DuBois,Aye,1
1146,2016-09-15,"System Safety, Security and Operations Committee",20032,25,2016-0516,RECOMMENDED FOR APPROVAL,286,Paul Krekorian,Aye,1
1146,2016-09-15,"System Safety, Security and Operations Committee",20032,25,2016-0516,RECOMMENDED FOR APPROVAL,279,Mark Ridley-Thomas,Absent,0
1146,2016-09-15,"System Safety, Security and Operations Committee",20033,24,2016-0466,RECOMMENDED FOR APPROVAL,281,Michael Antonovich,Aye,1
1146,2016-09-15,"System Safety, Security and Operations Committee",20033,24,2016-0466,RECOMMENDED FOR APPROVAL,282,Mike Bonin,Absent,0
1146,2016-09-15,"System Safety, Security and Operations Committee",20033,24,2016-0466,RECOMMENDED FOR APPROVAL,283,Diane DuBois,Aye,1
1146,2016-09-15,"System Safety, Security and Operations Committee",20033,24,2016-0466,RECOMMENDED FOR APPROVAL,286,Paul Krekorian,Aye,1
1146,2016-09-15,"System Safety, Security and Operations Committee",20033,24,2016-0466,RECOMMENDED FOR APPROVAL,279,Mark Ridley-Thomas,Absent,0
1146,2016-09-15,"System Safety, Security and Operations Committee",20037,26,2016-0574,CARRIED OVER,281,Michael Antonovich,Aye,1
1146,2016-09-15,"System Safety, Security and Operations Committee",20037,26,2016-0574,CARRIED OVER,282,Mike Bonin,Aye,1
1146,2016-09-15,"System Safety, Security and Operations Committee",20037,26,2016-0574,CARRIED OVER,283,Diane DuBois,Aye,1
1146,2016-09-15,"System Safety, Security and Operations Committee",20037,26,2016-0574,CARRIED OVER,286,Paul Krekorian,Aye,1
1146,2016-09-15,"System Safety, Security and Operations Committee",20037,26,2016-0574,CARRIED OVER,279,Mark Ridley-Thomas,Absent,0
1146,2016-09-15,"System Safety, Security and Operations Committee",20038,27,2016-0572,RECOMMENDED FOR APPROVAL,281,Michael Antonovich,Aye,1
1146,2016-09-15,"System Safety, Security and Operations Committee",20038,27,2016-0572,RECOMMENDED FOR APPROVAL,282,Mike Bonin,Aye,1
1146,2016-09-15,"System Safety, Security and Operations Committee",20038,27,2016-0572,RECOMMENDED FOR APPROVAL,283,Diane DuBois,Aye,1
1146,2016-09-15,"System Safety, Security and Operations Committee",20038,27,2016-0572,RECOMMENDED FOR APPROVAL,286,Paul Krekorian,Aye,1
1146,2016-09-15,"System Safety, Security and Operations Committee",20038,27,2016-0572,RECOMMENDED FOR APPROVAL,279,Mark Ridley-Thomas,Absent,0
1146,2016-09-15,"System Safety, Security and Operations Committee",20040,28,2016-0096,RECOMMENDED FOR APPROVAL,281,Michael Antonovich,Aye,1
1146,2016-09-15,"System Safety, Security and Operations Committee",20040,28,2016-0096,RECOMMENDED FOR APPROVAL,282,Mike Bonin,Aye,1
1146,2016-09-15,"System Safety, Security and Operations Committee",20040,28,2016-0096,RECOMMENDED FOR APPROVAL,283,Diane DuBois,Aye,1
1146,2016-09-15,"System Safety, Security and Operations Committee",20040,28,2016-0096,RECOMMENDED FOR APPROVAL,286,Paul Krekorian,Aye,1
1146,2016-09-15,"System Safety, Security and Operations Committee",20040,28,2016-0096,RECOMMENDED FOR APPROVAL,279,Mark Ridley-Thomas,Absent,0
1146,2016-09-15,"System Safety, Security and Operations Committee",20041,29,2016-0616,RECOMMENDED FOR APPROVAL,281,Michael Antonovich,Absent,0
1146,2016-09-15,"System Safety, Security and Operations Committee",20041,29,2016-0616,RECOMMENDED FOR APPROVAL,282,Mike Bonin,Aye,1
1146,2016-09-15,"System Safety, Security and Operations Committee",20041,29,2016-0616,RECOMMENDED FOR APPROVAL,283,Diane DuBois,Aye,1
1146,2016-09-15,"System Safety, Security and Operations Committee",20041,29,2016-0616,RECOMMENDED FOR APPROVAL,286,Paul Krekorian,Aye,1
1146,2016-09-15,"System Safety, Security and Operations Committee",20041,29,2016-0616,RECOMMENDED FOR APPROVAL,279,Mark Ridley-Thomas,Absent,0
1146,2016-09-15,"System Safety, Security and Operations Committee",20107,37,2016-0538,FORWARDED WITHOUT RECOMMENDATION,281,Michael Antonovich,Aye,1
1146,2016-09-15,"System Safety, Security and Operations Committee",20107,37,2016-0538,FORWARDED WITHOUT RECOMMENDATION,282,Mike Bonin,Absent,0
1146,2016-09-15,"System Safety, Security and Operations Committee",20107,37,2016-0538,FORWARDED WITHOUT RECOMMENDATION,283,Diane DuBois,Aye,1
1146,2016-09-15,"System Safety, Security and Operations Committee",20107,37,2016-0538,FORWARDED WITHOUT RECOMMENDATION,286,Paul Krekorian,Aye,1
1146,2016-09-15,"System Safety, Security and Operations Committee",20107,37,2016-0538,FORWARDED WITHOUT RECOMMENDATION,279,Mark Ridley-Thomas,Absent,0
1146,2016-09-15,"System Safety, Security and Operations Committee",20108,36,2016-0565,FORWARDED WITHOUT RECOMMENDATION,281,Michael Antonovich,Aye,1
1146,2016-09-15,"System Safety, Security and Operations Committee",20108,36,2016-0565,FORWARDED WITHOUT RECOMMENDATION,282,Mike Bonin,Aye,1
1146,2016-09-15,"System Safety, Security and Operations Committee",20108,36,2016-0565,FORWARDED WITHOUT RECOMMENDATION,283,Diane DuBois,Aye,1
1146,2016-09-15,"System Safety, Security and Operations Committee",20108,36,2016-0565,FORWARDED WITHOUT RECOMMENDATION,286,Paul Krekorian,Aye,1
1146,2016-09-15,"System Safety, Security and Operations Committee",20108,36,2016-0565,FORWARDED WITHOUT RECOMMENDATION,279,Mark Ridley-Thomas,Absent,0
1146,2016-09-15,"System Safety, Security and Operations Committee",41807,,,APPROVED ON CONSENT CALENDAR,281,Michael Antonovich,Absent,0
1146,2016-09-15,"System Safety, Security and Operations Committee",41807,,,APPROVED ON CONSENT CALENDAR,282,Mike Bonin,Aye,1
1146,2016-09-15,"System Safety, Security and Operations Committee",41807,,,APPROVED ON CONSENT CALENDAR,283,Diane DuBois,Aye,1
1146,2016-09-15,"System Safety, Security and Operations Committee",41807,,,APPROVED ON CONSENT CALENDAR,286,Paul Krekorian,Absent,0
1146,2016-09-15,"System Safety, Security and Operations Committee",41807,,,APPROVED ON CONSENT CALENDAR,279,Mark Ridley-Thomas,Absent,0
1150,2016-10-19,"Finance, Budget and Audit Committee",20235,5,2016-0630,RECEIVED AND FILED,284,Jacquelyn Dupont-Walker,Aye,1
1150,2016-10-19,"Finance, Budget and Audit Committee",20235,5,2016-0630,RECEIVED AND FILED,283,Diane DuBois,Absent,0
1150,2016-10-19,"Finance, Budget and Audit Committee",20235,5,2016-0630,RECEIVED AND FILED,285,Don Knabe,Absent,0
1150,2016-10-19,"Finance, Budget and Audit Committee",20235,5,2016-0630,RECEIVED AND FILED,288,Ara J. Najarian,Aye,1
1150,2016-10-19,"Finance, Budget and Audit Committee",20235,5,2016-0630,RECEIVED AND FILED,290,Hilda L. Solis,Aye,1
1150,2016-10-19,"Finance, Budget and Audit Committee",20236,7,2016-0759,RECOMMENDED FOR APPROVAL,284,Jacquelyn Dupont-Walker,Aye,1
1150,2016-10-19,"Finance, Budget and Audit Committee",20236,7,2016-0759,RECOMMENDED FOR APPROVAL,283,Diane DuBois,Absent,0
1150,2016-10-19,"Finance, Budget and Audit Committee",20236,7,2016-0759,RECOMMENDED FOR APPROVAL,285,Don Knabe,Absent,0
1150,2016-10-19,"Finance, Budget and Audit Committee",20236,7,2016-0759,RECOMMENDED FOR APPROVAL,288,Ara J. Najarian,Aye,1
1150,2016-10-19,"Finance, Budget and Audit Committee",20236,7,2016-0759,RECOMMENDED FOR APPROVAL,290,Hilda L. Solis,Aye,1
1150,2016-10-19,"Finance, Budget and Audit Committee",44165,,,APPROVED ON CONSENT CALENDAR,284,Jacquelyn Dupont-Walker,Aye,1
1150,2016-10-19,"Finance, Budget and Audit Committee",44165,,,APPROVED ON CONSENT CALENDAR,283,Diane DuBois,Absent,0
1150,2016-10-19,"Finance, Budget and Audit Committee",44165,,,APPROVED ON CONSENT CALENDAR,285,Don Knabe,Absent,0
1150,2016-10-19,"Finance, Budget and Audit Committee",44165,,,APPROVED ON CONSENT CALENDAR,288,Ara J. Najarian,Aye,1
1150,2016-10-19,"Finance, Budget and Audit Committee",44165,,,APPROVED ON CONSENT CALENDAR,290,Hilda L. Solis,Aye,1
1152,2016-10-20,"System Safety, Security and Operations Committee",20544,24,2016-0732,RECEIVED,281,Michael Antonovich,Aye,1
1152,2016-10-20,"System Safety, Security and Operations Committee",20544,24,2016-0732,RECEIVED,282,Mike Bonin,Absent,0
1152,2016-10-20,"System Safety, Security and Operations Committee",20544,24,2016-0732,RECEIVED,283,Diane DuBois,Aye,1
1152,2016-10-20,"System Safety, Security and Operations Committee",20544,24,2016-0732,RECEIVED,286,Paul Krekorian,Aye,1
1152,2016-10-20,"System Safety, Security and Operations Committee",20544,24,2016-0732,RECEIVED,279,Mark Ridley-Thomas,Absent,0
1152,2016-10-20,"System Safety, Security and Operations Committee",20545,25,2016-0733,RECEIVED,281,Michael Antonovich,Aye,1
1152,2016-10-20,"System Safety, Security and Operations Committee",20545,25,2016-0733,RECEIVED,282,Mike Bonin,Absent,0
1152,2016-10-20,"System Safety, Security and Operations Committee",20545,25,2016-0733,RECEIVED,283,Diane DuBois,Aye,1
1152,2016-10-20,"System Safety, Security and Operations Committee",20545,25,2016-0733,RECEIVED,286,Paul Krekorian,Aye,1
1152,2016-10-20,"System Safety, Security and Operations Committee",20545,25,2016-0733,RECEIVED,279,Mark Ridley-Thomas,Absent,0
1152,2016-10-20,"System Safety, Security and Operations Committee",20546,26,2016-0448,RECOMMENDED FOR APPROVAL,281,Michael Antonovich,Aye,1
1152,2016-10-20,"System Safety, Security and Operations Committee",20546,26,2016-0448,RECOMMENDED FOR APPROVAL,282,Mike Bonin,Absent,0
1152,2016-10-20,"System Safety, Security and Operations Committee",20546,26,2016-0448,RECOMMENDED FOR APPROVAL,283,Diane DuBois,Aye,1
1152,2016-10-20,"System Safety, Security and Operations Committee",20546,26,2016-0448,RECOMMENDED FOR APPROVAL,286,Paul Krekorian,Aye,1
1152,2016-10-20,"System Safety, Security and Operations Committee",20546,26,2016-0448,RECOMMENDED FOR APPROVAL,279,Mark Ridley-Thomas,Absent,0
1152,2016-10-20,"System Safety, Security and Operations Committee",20547,27,2016-0628,RECOMMENDED FOR APPROVAL,281,Michael Antonovich,Aye,1
1152,2016-10-20,"System Safety, Security and Operations Committee",20547,27,2016-0628,RECOMMENDED FOR APPROVAL,282,Mike Bonin,Absent,0
1152,2016-10-20,"System Safety, Security and Operations Committee",20547,27,2016-0628,RECOMMENDED FOR APPROVAL,283,Diane DuBois,Aye,1
1152,2016-10-20,"System Safety, Security and Operations Committee",20547,27,2016-0628,RECOMMENDED FOR APPROVAL,286,Paul Krekorian,Aye,1
1152,2016-10-20,"System Safety, Security and Operations Committee",20547,27,2016-0628,RECOMMENDED FOR APPROVAL,279,Mark Ridley-Thomas,Absent,0
1152,2016-10-20,"System Safety, Security and Operations Committee",20548,28,2016-0658,RECOMMENDED FOR APPROVAL,281,Michael Antonovich,Aye,1
1152,2016-10-20,"System Safety, Security and Operations Committee",20548,28,2016-0658,RECOMMENDED FOR APPROVAL,282,Mike Bonin,Absent,0
1152,2016-10-20,"System Safety, Security and Operations Committee",20548,28,2016-0658,RECOMMENDED FOR APPROVAL,283,Diane DuBois,Aye,1
1152,2016-10-20,"System Safety, Security and Operations Committee",20548,28,2016-0658,RECOMMENDED FOR APPROVAL,286,Paul Krekorian,Aye,1
1152,2016-10-20,"System Safety, Security and Operations Committee",20548,28,2016-0658,RECOMMENDED FOR APPROVAL,279,Mark Ridley-Thomas,Absent,0
1152,2016-10-20,"System Safety, Security and Operations Committee",20549,21,2016-0659,RECOMMENDED FOR APPROVAL,281,Michael Antonovich,Aye,1
1152,2016-10-20,"System Safety, Security and Operations Committee",20549,21,2016-0659,RECOMMENDED FOR APPROVAL,282,Mike Bonin,Absent,0
1152,2016-10-20,"System Safety, Security and Operations Committee",20549,21,2016-0659,RECOMMENDED FOR APPROVAL,283,Diane DuBois,Aye,1
1152,2016-10-20,"System Safety, Security and Operations Committee",20549,21,2016-0659,RECOMMENDED FOR APPROVAL,286,Paul Krekorian,Aye,1
1152,2016-10-20,"System Safety, Security and Operations Committee",20549,21,2016-0659,RECOMMENDED FOR APPROVAL,279,Mark Ridley-Thomas,Absent,0
1152,2016-10-20,"System Safety, Security and Operations Committee",20550,22,2016-0742,RECEIVED AND FILED,281,Michael Antonovich,Aye,1
1152,2016-10-20,"System Safety, Security and Operations Committee",20550,22,2016-0742,RECEIVED AND FILED,282,Mike Bonin,Absent,0
1152,2016-10-20,"System Safety, Security and Operations Committee",20550,22,2016-0742,RECEIVED AND FILED,283,Diane DuBois,Aye,1
1152,2016-10-20,"System Safety, Security and Operations Committee",20550,22,2016-0742,RECEIVED AND FILED,286,Paul Krekorian,Aye,1
1152,2016-10-20,"System Safety, Security and Operations Committee",20550,22,2016-0742,RECEIVED AND FILED,279,Mark Ridley-Thomas,Absent,0
1152,2016-10-20,"System Safety, Security and Operations Committee",20551,29,2016-0721,RECOMMENDED FOR APPROVAL,281,Michael Antonovich,Aye,1
1152,2016-10-20,"System Safety, Security and Operations Committee",20551,29,2016-0721,RECOMMENDED FOR APPROVAL,282,Mike Bonin,Absent,0
1152,2016-10-20,"System Safety, Security and Operations Committee",20551,29,2016-0721,RECOMMENDED FOR APPROVAL,283,Diane DuBois,Aye,1
1152,2016-10-20,"System Safety, Security and Operations Committee",20551,29,2016-0721,RECOMMENDED FOR APPROVAL,286,Paul Krekorian,Aye,1
1152,2016-10-20,"System Safety, Security and Operations Committee",20551,29,2016-0721,RECOMMENDED FOR APPROVAL,279,Mark Ridley-Thomas,Absent,0
1152,2016-10-20,"System Safety, Security and Operations Committee",20552,30,2016-0728,RECOMMENDED FOR APPROVAL,281,Michael Antonovich,Aye,1
1152,2016-10-20,"System Safety, Security and Operations Committee",20552,30,2016-0728,RECOMMENDED FOR APPROVAL,282,Mike Bonin,Absent,0
1152,2016-10-20,"System Safety, Security and Operations Committee",20552,30,2016-0728,RECOMMENDED FOR APPROVAL,283,Diane DuBois,Aye,1
1152,2016-10-20,"System Safety, Security and Operations Committee",20552,30,2016-0728,RECOMMENDED FOR APPROVAL,286,Paul Krekorian,Aye,1
1152,2016-10-20,"System Safety, Security and Operations Committee",20552,30,2016-0728,RECOMMENDED FOR APPROVAL,279,Mark Ridley-Thomas,Absent,0
1152,2016-10-20,"System Safety, Security and Operations Committee",20553,31,2016-0729,RECOMMENDED FOR APPROVAL,281,Michael Antonovich,Aye,1
1152,2016-10-20,"System Safety, Security and Operations Committee",20553,31,2016-0729,RECOMMENDED FOR APPROVAL,282,Mike Bonin,Absent,0
1152,2016-10-20,"System Safety, Security and Operations Committee",20553,31,2016-0729,RECOMMENDED FOR APPROVAL,283,Diane DuBois,Aye,1
1152,2016-10-20,"System Safety, Security and Operations Committee",20553,31,2016-0729,RECOMMENDED FOR APPROVAL,286,Paul Krekorian,Aye,1
1152,2016-10-20,"System Safety, Security and Operations Committee",20553,31,2016-0729,RECOMMENDED FOR APPROVAL,279,Mark Ridley-Thomas,Absent,0
1152,2016-10-20,"System Safety, Security and Operations Committee",20559,23,2016-0790,RECEIVED AND FILED,281,Michael Antonovich,Aye,1
1152,2016-10-20,"System Safety, Security and Operations Committee",20559,23,2016-0790,RECEIVED AND FILED,282,Mike Bonin,Absent,0
1152,2016-10-20,"System Safety, Security and Operations Committee",20559,23,2016-0790,RECEIVED AND FILED,283,Diane DuBois,Aye,1
1152,2016-10-20,"System Safety, Security and Operations Committee",20559,23,2016-0790,RECEIVED AND FILED,286,Paul Krekorian,Aye,1
1152,2016-10-20,"System Safety, Security and Operations Committee",20559,23,2016-0790,RECEIVED AND FILED,279,Mark Ridley-Thomas,Absent,0
1152,2016-10-20,"System Safety, Security and Operations Committee",20560,32,2016-0711,RECOMMENDED FOR APPROVAL,281,Michael Antonovich,Aye,1
1152,2016-10-20,"System Safety, Security and Operations Committee",20560,32,2016-0711,RECOMMENDED FOR APPROVAL,282,Mike Bonin,Absent,0
1152,2016-10-20,"System Safety, Security and Operations Committee",20560,32,2016-0711,RECOMMENDED FOR APPROVAL,283,Diane DuBois,Aye,1
1152,2016-10-20,"System Safety, Security and Operations Committee",20560,32,2016-0711,RECOMMENDED FOR APPROVAL,286,Paul Krekorian,Aye,1
1152,2016-10-20,"System Safety, Security and Operations Committee",20560,32,2016-0711,RECOMMENDED FOR APPROVAL,279,Mark Ridley-Thomas,Absent,0
1152,2016-10-20,"System Safety, Security and Operations Committee",20663,42,2016-0778,RECEIVED AND FILED,281,Michael Antonovich,Aye,1
1152,2016-10-20,"System Safety, Security and Operations Committee",20663,42,2016-0778,RECEIVED AND FILED,282,Mike Bonin,Absent,0
1152,2016-10-20,"System Safety, Security and Operations Committee",20663,42,2016-0778,RECEIVED AND FILED,283,Diane DuBois,Aye,1
1152,2016-10-20,"System Safety, Security and Operations Committee",20663,42,2016-0778,RECEIVED AND FILED,286,Paul Krekorian,Aye,1
1152,2016-10-20,"System Safety, Security and Operations Committee",20663,42,2016-0778,RECEIVED AND FILED,279,Mark Ridley-Thomas,Absent,0
1152,2016-10-20,"System Safety, Security and Operations Committee",41821,,,APPROVED ON CONSENT CALENDAR,281,Michael Antonovich,Aye,1
1152,2016-10-20,"System Safety, Security and Operations Committee",41821,,,APPROVED ON CONSENT CALENDAR,282,Mike Bonin,Absent,0
1152,2016-10-20,"System Safety, Security and Operations Committee",41821,,,APPROVED ON CONSENT CALENDAR,283,Diane DuBois,Aye,1
1152,2016-10-20,"System Safety, Security and Operations Committee",41821,,,APPROVED ON CONSENT CALENDAR,286,Paul Krekorian,Aye,1
1152,2016-10-20,"System Safety, Security and Operations Committee",41821,,,APPROVED ON CONSENT CALENDAR,279,Mark Ridley-Thomas,Absent,0
1153,2016-12-01,Board of Directors - Regular Board Meeting,21325,,,ADOPTED,285,Don Knabe,Absent,0
1153,2016-12-01,Board of Directors - Regular Board Meeting,21325,,,ADOPTED,286,Paul Krekorian,Aye,1
1153,2016-12-01,Board of Directors - Regular Board Meeting,21325,,,ADOPTED,284,Jacquelyn Dupont-Walker,Aye,1
1153,2016-12-01,Board of Directors - Regular Board Meeting,21325,,,ADOPTED,282,Mike Bonin,Aye,1
1153,2016-12-01,Board of Directors - Regular Board Meeting,21325,,,ADOPTED,281,Michael Antonovich,Absent,0
1153,2016-12-01,Board of Directors - Regular Board Meeting,21325,,,ADOPTED,279,Mark Ridley-Thomas,Absent,0
1153,2016-12-01,Board of Directors - Regular Board Meeting,21325,,,ADOPTED,280,John Fasana,Aye,1
1153,2016-12-01,Board of Directors - Regular Board Meeting,21325,,,ADOPTED,278,Eric Garcetti,Aye,1
1153,2016-12-01,Board of Directors - Regular Board Meeting,21325,,,ADOPTED,287,Sheila Kuehl,Aye,1
1153,2016-12-01,Board of Directors - Regular Board Meeting,21325,,,ADOPTED,1820,James Butts,Absent,0
1153,2016-12-01,Board of Directors - Regular Board Meeting,21325,,,ADOPTED,290,Hilda L. Solis,Absent,0
1153,2016-12-01,Board of Directors - Regular Board Meeting,21325,,,ADOPTED,288,Ara J. Najarian,Aye,1
1153,2016-12-01,Board of Directors - Regular Board Meeting,21325,,,ADOPTED,283,Diane DuBois,Aye,1
1153,2016-12-01,Board of Directors - Regular Board Meeting,21341,9,2016-0797,APPROVED,285,Don Knabe,Aye,1
1153,2016-12-01,Board of Directors - Regular Board Meeting,21341,9,2016-0797,APPROVED,286,Paul Krekorian,Aye,1
1153,2016-12-01,Board of Directors - Regular Board Meeting,21341,9,2016-0797,APPROVED,284,Jacquelyn Dupont-Walker,Aye,1
1153,2016-12-01,Board of Directors - Regular Board Meeting,21341,9,2016-0797,APPROVED,282,Mike Bonin,Aye,1
1153,2016-12-01,Board of Directors - Regular Board Meeting,21341,9,2016-0797,APPROVED,281,Michael Antonovich,Aye,1
1153,2016-12-01,Board of Directors - Regular Board Meeting,21341,9,2016-0797,APPROVED,279,Mark Ridley-Thomas,Aye,1
1153,2016-12-01,Board of Directors - Regular Board Meeting,21341,9,2016-0797,APPROVED,280,John Fasana,Aye,1
1153,2016-12-01,Board of Directors - Regular Board Meeting,21341,9,2016-0797,APPROVED,278,Eric Garcetti,Aye,1
1153,2016-12-01,Board of Directors - Regular Board Meeting,21341,9,2016-0797,APPROVED,287,Sheila Kuehl,Aye,1
1153,2016-12-01,Board of Directors - Regular Board Meeting,21341,9,2016-0797,APPROVED,1820,James Butts,Aye,1
1153,2016-12-01,Board of Directors - Regular Board Meeting,21341,9,2016-0797,APPROVED,290,Hilda L. Solis,Aye,1
1153,2016-12-01,Board of Directors - Regular Board Meeting,21341,9,2016-0797,APPROVED,288,Ara J. Najarian,Aye,1
1153,2016-12-01,Board of Directors - Regular Board Meeting,21341,9,2016-0797,APPROVED,283,Diane DuBois,Aye,1
1153,2016-12-01,Board of Directors - Regular Board Meeting,21376,23,2016-0878,APPROVED,285,Don Knabe,Aye,1
1153,2016-12-01,Board of Directors - Regular Board Meeting,21376,23,2016-0878,APPROVED,286,Paul Krekorian,Aye,1
1153,2016-12-01,Board of Directors - Regular Board Meeting,21376,23,2016-0878,APPROVED,284,Jacquelyn Dupont-Walker,Aye,1
1153,2016-12-01,Board of Directors - Regular Board Meeting,21376,23,2016-0878,APPROVED,282,Mike Bonin,Aye,1
1153,2016-12-01,Board of Directors - Regular Board Meeting,21376,23,2016-0878,APPROVED,281,Michael Antonovich,Aye,1
1153,2016-12-01,Board of Directors - Regular Board Meeting,21376,23,2016-0878,APPROVED,279,Mark Ridley-Thomas,Aye,1
1153,2016-12-01,Board of Directors - Regular Board Meeting,21376,23,2016-0878,APPROVED,280,John Fasana,Aye,1
1153,2016-12-01,Board of Directors - Regular Board Meeting,21376,23,2016-0878,APPROVED,278,Eric Garcetti,Aye,1
1153,2016-12-01,Board of Directors - Regular Board Meeting,21376,23,2016-0878,APPROVED,287,Sheila Kuehl,Aye,1
1153,2016-12-01,Board of Directors - Regular Board Meeting,21376,23,2016-0878,APPROVED,1820,James Butts,Aye,1
1153,2016-12-01,Board of Directors - Regular Board Meeting,21376,23,2016-0878,APPROVED,290,Hilda L. Solis,Aye,1
1153,2016-12-01,Board of Directors - Regular Board Meeting,21376,23,2016-0878,APPROVED,288,Ara J. Najarian,Aye,1
1153,2016-12-01,Board of Directors - Regular Board Meeting,21376,23,2016-0878,APPROVED,283,Diane DuBois,Aye,1
1153,2016-12-01,Board of Directors - Regular Board Meeting,21520,30,2016-0803,APPROVED,285,Don Knabe,Aye,1
1153,2016-12-01,Board of Directors - Regular Board Meeting,21520,30,2016-0803,APPROVED,286,Paul Krekorian,Aye,1
1153,2016-12-01,Board of Directors - Regular Board Meeting,21520,30,2016-0803,APPROVED,284,Jacquelyn Dupont-Walker,Aye,1
1153,2016-12-01,Board of Directors - Regular Board Meeting,21520,30,2016-0803,APPROVED,282,Mike Bonin,Aye,1
1153,2016-12-01,Board of Directors - Regular Board Meeting,21520,30,2016-0803,APPROVED,281,Michael Antonovich,Aye,1
1153,2016-12-01,Board of Directors - Regular Board Meeting,21520,30,2016-0803,APPROVED,279,Mark Ridley-Thomas,Aye,1
1153,2016-12-01,Board of Directors - Regular Board Meeting,21520,30,2016-0803,APPROVED,280,John Fasana,Aye,1
1153,2016-12-01,Board of Directors - Regular Board Meeting,21520,30,2016-0803,APPROVED,278,Eric Garcetti,Aye,1
1153,2016-12-01,Board of Directors - Regular Board Meeting,21520,30,2016-0803,APPROVED,287,Sheila Kuehl,Aye,1
1153,2016-12-01,Board of Directors - Regular Board Meeting,21520,30,2016-0803,APPROVED,1820,James Butts,Aye,1
1153,2016-12-01,Board of Directors - Regular Board Meeting,21520,30,2016-0803,APPROVED,290,Hilda L. Solis,Absent,0
1153,2016-12-01,Board of Directors - Regular Board Meeting,21520,30,2016-0803,APPROVED,288,Ara J. Najarian,Aye,1
1153,2016-12-01,Board of Directors - Regular Board Meeting,21520,30,2016-0803,APPROVED,283,Diane DuBois,Aye,1
1153,2016-12-01,Board of Directors - Regular Board Meeting,21523,27,2016-0646,APPROVED,285,Don Knabe,Aye,1
1153,2016-12-01,Board of Directors - Regular Board Meeting,21523,27,2016-0646,APPROVED,286,Paul Krekorian,Aye,1
1153,2016-12-01,Board of Directors - Regular Board Meeting,21523,27,2016-0646,APPROVED,284,Jacquelyn Dupont-Walker,Aye,1
1153,2016-12-01,Board of Directors - Regular Board Meeting,21523,27,2016-0646,APPROVED,282,Mike Bonin,Aye,1
1153,2016-12-01,Board of Directors - Regular Board Meeting,21523,27,2016-0646,APPROVED,281,Michael Antonovich,Aye,1
1153,2016-12-01,Board of Directors - Regular Board Meeting,21523,27,2016-0646,APPROVED,279,Mark Ridley-Thomas,Aye,1
1153,2016-12-01,Board of Directors - Regular Board Meeting,21523,27,2016-0646,APPROVED,280,John Fasana,Aye,1
1153,2016-12-01,Board of Directors - Regular Board Meeting,21523,27,2016-0646,APPROVED,278,Eric Garcetti,Aye,1
1153,2016-12-01,Board of Directors - Regular Board Meeting,21523,27,2016-0646,APPROVED,287,Sheila Kuehl,Aye,1
1153,2016-12-01,Board of Directors - Regular Board Meeting,21523,27,2016-0646,APPROVED,1820,James Butts,Aye,1
1153,2016-12-01,Board of Directors - Regular Board Meeting,21523,27,2016-0646,APPROVED,290,Hilda L. Solis,Absent,0
1153,2016-12-01,Board of Directors - Regular Board Meeting,21523,27,2016-0646,APPROVED,288,Ara J. Najarian,Aye,1
1153,2016-12-01,Board of Directors - Regular Board Meeting,21523,27,2016-0646,APPROVED,283,Diane DuBois,Aye,1
1153,2016-12-01,Board of Directors - Regular Board Meeting,21524,31,2016-0717,APPROVED,285,Don Knabe,Aye,1
1153,2016-12-01,Board of Directors - Regular Board Meeting,21524,31,2016-0717,APPROVED,286,Paul Krekorian,Aye,1
1153,2016-12-01,Board of Directors - Regular Board Meeting,21524,31,2016-0717,APPROVED,284,Jacquelyn Dupont-Walker,Aye,1
1153,2016-12-01,Board of Directors - Regular Board Meeting,21524,31,2016-0717,APPROVED,282,Mike Bonin,Aye,1
1153,2016-12-01,Board of Directors - Regular Board Meeting,21524,31,2016-0717,APPROVED,281,Michael Antonovich,Aye,1
1153,2016-12-01,Board of Directors - Regular Board Meeting,21524,31,2016-0717,APPROVED,279,Mark Ridley-Thomas,Aye,1
1153,2016-12-01,Board of Directors - Regular Board Meeting,21524,31,2016-0717,APPROVED,280,John Fasana,Aye,1
1153,2016-12-01,Board of Directors - Regular Board Meeting,21524,31,2016-0717,APPROVED,278,Eric Garcetti,Aye,1
1153,2016-12-01,Board of Directors - Regular Board Meeting,21524,31,2016-0717,APPROVED,287,Sheila Kuehl,Aye,1
1153,2016-12-01,Board of Directors - Regular Board Meeting,21524,31,2016-0717,APPROVED,1820,James Butts,Aye,1
1153,2016-12-01,Board of Directors - Regular Board Meeting,21524,31,2016-0717,APPROVED,290,Hilda L. Solis,Absent,0
1153,2016-12-01,Board of Directors - Regular Board Meeting,21524,31,2016-0717,APPROVED,288,Ara J. Najarian,Aye,1
1153,2016-12-01,Board of Directors - Regular Board Meeting,21524,31,2016-0717,APPROVED,283,Diane DuBois,Aye,1
1153,2016-12-01,Board of Directors - Regular Board Meeting,21558,44,2016-0920,APPROVED,285,Don Knabe,Aye,1
1153,2016-12-01,Board of Directors - Regular Board Meeting,21558,44,2016-0920,APPROVED,286,Paul Krekorian,Aye,1
1153,2016-12-01,Board of Directors - Regular Board Meeting,21558,44,2016-0920,APPROVED,284,Jacquelyn Dupont-Walker,Aye,1
1153,2016-12-01,Board of Directors - Regular Board Meeting,21558,44,2016-0920,APPROVED,282,Mike Bonin,Aye,1
1153,2016-12-01,Board of Directors - Regular Board Meeting,21558,44,2016-0920,APPROVED,281,Michael Antonovich,Aye,1
1153,2016-12-01,Board of Directors - Regular Board Meeting,21558,44,2016-0920,APPROVED,279,Mark Ridley-Thomas,Aye,1
1153,2016-12-01,Board of Directors - Regular Board Meeting,21558,44,2016-0920,APPROVED,280,John Fasana,Aye,1
1153,2016-12-01,Board of Directors - Regular Board Meeting,21558,44,2016-0920,APPROVED,278,Eric Garcetti,Aye,1
1153,2016-12-01,Board of Directors - Regular Board Meeting,21558,44,2016-0920,APPROVED,287,Sheila Kuehl,Aye,1
1153,2016-12-01,Board of Directors - Regular Board Meeting,21558,44,2016-0920,APPROVED,1820,James Butts,Aye,1
1153,2016-12-01,Board of Directors - Regular Board Meeting,21558,44,2016-0920,APPROVED,290,Hilda L. Solis,Absent,0
1153,2016-12-01,Board of Directors - Regular Board Meeting,21558,44,2016-0920,APPROVED,288,Ara J. Najarian,Absent,0
1153,2016-12-01,Board of Directors - Regular Board Meeting,21558,44,2016-0920,APPROVED,283,Diane DuBois,Aye,1
1153,2016-12-01,Board of Directors - Regular Board Meeting,21559,45,2016-0711,ADOPTED,285,Don Knabe,Aye,1
1153,2016-12-01,Board of Directors - Regular Board Meeting,21559,45,2016-0711,ADOPTED,286,Paul Krekorian,Aye,1
1153,2016-12-01,Board of Directors - Regular Board Meeting,21559,45,2016-0711,ADOPTED,284,Jacquelyn Dupont-Walker,Aye,1
1153,2016-12-01,Board of Directors - Regular Board Meeting,21559,45,2016-0711,ADOPTED,282,Mike Bonin,Aye,1
1153,2016-12-01,Board of Directors - Regular Board Meeting,21559,45,2016-0711,ADOPTED,281,Michael Antonovich,Absent,0
1153,2016-12-01,Board of Directors - Regular Board Meeting,21559,45,2016-0711,ADOPTED,279,Mark Ridley-Thomas,Aye,1
1153,2016-12-01,Board of Directors - Regular Board Meeting,21559,45,2016-0711,ADOPTED,280,John Fasana,Aye,1
1153,2016-12-01,Board of Directors - Regular Board Meeting,21559,45,2016-0711,ADOPTED,278,Eric Garcetti,Aye,1
1153,2016-12-01,Board of Directors - Regular Board Meeting,21559,45,2016-0711,ADOPTED,287,Sheila Kuehl,Conflict,0
1153,2016-12-01,Board of Directors - Regular Board Meeting,21559,45,2016-0711,ADOPTED,1820,James Butts,Aye,1
1153,2016-12-01,Board of Directors - Regular Board Meeting,21559,45,2016-0711,ADOPTED,290,Hilda L. Solis,Absent,0
1153,2016-12-01,Board of Directors - Regular Board Meeting,21559,45,2016-0711,ADOPTED,288,Ara J. Najarian,Absent,0
1153,2016-12-01,Board of Directors - Regular Board Meeting,21559,45,2016-0711,ADOPTED,283,Diane DuBois,Aye,1
1153,2016-12-01,Board of Directors - Regular Board Meeting,21564,47,2016-0908,APPROVED,285,Don Knabe,Aye,1
1153,2016-12-01,Board of Directors - Regular Board Meeting,21564,47,2016-0908,APPROVED,286,Paul Krekorian,Aye,1
1153,2016-12-01,Board of Directors - Regular Board Meeting,21564,47,2016-0908,APPROVED,284,Jacquelyn Dupont-Walker,Aye,1
1153,2016-12-01,Board of Directors - Regular Board Meeting,21564,47,2016-0908,APPROVED,282,Mike Bonin,Aye,1
1153,2016-12-01,Board of Directors - Regular Board Meeting,21564,47,2016-0908,APPROVED,281,Michael Antonovich,Aye,1
1153,2016-12-01,Board of Directors - Regular Board Meeting,21564,47,2016-0908,APPROVED,279,Mark Ridley-Thomas,Aye,1
1153,2016-12-01,Board of Directors - Regular Board Meeting,21564,47,2016-0908,APPROVED,280,John Fasana,Aye,1
1153,2016-12-01,Board of Directors - Regular Board Meeting,21564,47,2016-0908,APPROVED,278,Eric Garcetti,Aye,1
1153,2016-12-01,Board of Directors - Regular Board Meeting,21564,47,2016-0908,APPROVED,287,Sheila Kuehl,Aye,1
1153,2016-12-01,Board of Directors - Regular Board Meeting,21564,47,2016-0908,APPROVED,1820,James Butts,Aye,1
1153,2016-12-01,Board of Directors - Regular Board Meeting,21564,47,2016-0908,APPROVED,290,Hilda L. Solis,Absent,0
1153,2016-12-01,Board of Directors - Regular Board Meeting,21564,47,2016-0908,APPROVED,288,Ara J. Najarian,Aye,1
1153,2016-12-01,Board of Directors - Regular Board Meeting,21564,47,2016-0908,APPROVED,283,Diane DuBois,Aye,1
1153,2016-12-01,Board of Directors - Regular Board Meeting,21565,1,2016-0610,APPROVED,285,Don Knabe,Aye,1
1153,2016-12-01,Board of Directors - Regular Board Meeting,21565,1,2016-0610,APPROVED,286,Paul Krekorian,Absent,0
1153,2016-12-01,Board of Directors - Regular Board Meeting,21565,1,2016-0610,APPROVED,284,Jacquelyn Dupont-Walker,Aye,1
1153,2016-12-01,Board of Directors - Regular Board Meeting,21565,1,2016-0610,APPROVED,282,Mike Bonin,Conflict,0
1153,2016-12-01,Board of Directors - Regular Board Meeting,21565,1,2016-0610,APPROVED,281,Michael Antonovich,Aye,1
1153,2016-12-01,Board of Directors - Regular Board Meeting,21565,1,2016-0610,APPROVED,279,Mark Ridley-Thomas,Aye,1
1153,2016-12-01,Board of Directors - Regular Board Meeting,21565,1,2016-0610,APPROVED,280,John Fasana,Aye,1
1153,2016-12-01,Board of Directors - Regular Board Meeting,21565,1,2016-0610,APPROVED,278,Eric Garcetti,Absent,0
1153,2016-12-01,Board of Directors - Regular Board Meeting,21565,1,2016-0610,APPROVED,287,Sheila Kuehl,Aye,1
1153,2016-12-01,Board of Directors - Regular Board Meeting,21565,1,2016-0610,APPROVED,1820,James Butts,Aye,1
1153,2016-12-01,Board of Directors - Regular Board Meeting,21565,1,2016-0610,APPROVED,290,Hilda L. Solis,Absent,0
1153,2016-12-01,Board of Directors - Regular Board Meeting,21565,1,2016-0610,APPROVED,288,Ara J. Najarian,Aye,1
1153,2016-12-01,Board of Directors - Regular Board Meeting,21565,1,2016-0610,APPROVED,283,Diane DuBois,Aye,1
1153,2016-12-01,Board of Directors - Regular Board Meeting,41844,46,2016-0904,APPROVED,285,Don Knabe,Aye,1
1153,2016-12-01,Board of Directors - Regular Board Meeting,41844,46,2016-0904,APPROVED,286,Paul Krekorian,Aye,1
1153,2016-12-01,Board of Directors - Regular Board Meeting,41844,46,2016-0904,APPROVED,284,Jacquelyn Dupont-Walker,Aye,1
1153,2016-12-01,Board of Directors - Regular Board Meeting,41844,46,2016-0904,APPROVED,282,Mike Bonin,Aye,1
1153,2016-12-01,Board of Directors - Regular Board Meeting,41844,46,2016-0904,APPROVED,281,Michael Antonovich,Aye,1
1153,2016-12-01,Board of Directors - Regular Board Meeting,41844,46,2016-0904,APPROVED,279,Mark Ridley-Thomas,Aye,1
1153,2016-12-01,Board of Directors - Regular Board Meeting,41844,46,2016-0904,APPROVED,280,John Fasana,Aye,1
1153,2016-12-01,Board of Directors - Regular Board Meeting,41844,46,2016-0904,APPROVED,278,Eric Garcetti,Aye,1
1153,2016-12-01,Board of Directors - Regular Board Meeting,41844,46,2016-0904,APPROVED,287,Sheila Kuehl,Aye,1
1153,2016-12-01,Board of Directors - Regular Board Meeting,41844,46,2016-0904,APPROVED,1820,James Butts,Aye,1
1153,2016-12-01,Board of Directors - Regular Board Meeting,41844,46,2016-0904,APPROVED,290,Hilda L. Solis,Absent,0
1153,2016-12-01,Board of Directors - Regular Board Meeting,41844,46,2016-0904,APPROVED,288,Ara J. Najarian,Aye,1
1153,2016-12-01,Board of Directors - Regular Board Meeting,41844,46,2016-0904,APPROVED,283,Diane DuBois,Aye,1
1154,2016-11-17,Construction Committee,21032,19,2016-0727,RECOMMENDED FOR APPROVAL,285,Don Knabe,Aye,1
1154,2016-11-17,Construction Committee,21032,19,2016-0727,RECOMMENDED FOR APPROVAL,283,Diane DuBois,Aye,1
1154,2016-11-17,Construction Committee,21032,19,2016-0727,RECOMMENDED FOR APPROVAL,282,Mike Bonin,Aye,1
1154,2016-11-17,Construction Committee,21032,19,2016-0727,RECOMMENDED FOR APPROVAL,284,Jacquelyn Dupont-Walker,Aye,1
1154,2016-11-17,Construction Committee,21032,19,2016-0727,RECOMMENDED FOR APPROVAL,287,Sheila Kuehl,Aye,1
1154,2016-11-17,Construction Committee,21035,16,2016-0772,RECEIVED AND FILED,285,Don Knabe,Absent,0
1154,2016-11-17,Construction Committee,21035,16,2016-0772,RECEIVED AND FILED,283,Diane DuBois,Aye,1
1154,2016-11-17,Construction Committee,21035,16,2016-0772,RECEIVED AND FILED,282,Mike Bonin,Aye,1
1154,2016-11-17,Construction Committee,21035,16,2016-0772,RECEIVED AND FILED,284,Jacquelyn Dupont-Walker,Aye,1
1154,2016-11-17,Construction Committee,21035,16,2016-0772,RECEIVED AND FILED,287,Sheila Kuehl,Aye,1
1154,2016-11-17,Construction Committee,21037,18,2016-0221,RECOMMENDED FOR APPROVAL,285,Don Knabe,Aye,1
1154,2016-11-17,Construction Committee,21037,18,2016-0221,RECOMMENDED FOR APPROVAL,283,Diane DuBois,Aye,1
1154,2016-11-17,Construction Committee,21037,18,2016-0221,RECOMMENDED FOR APPROVAL,282,Mike Bonin,Aye,1
1154,2016-11-17,Construction Committee,21037,18,2016-0221,RECOMMENDED FOR APPROVAL,284,Jacquelyn Dupont-Walker,Aye,1
1154,2016-11-17,Construction Committee,21037,18,2016-0221,RECOMMENDED FOR APPROVAL,287,Sheila Kuehl,Aye,1
1154,2016-11-17,Construction Committee,21038,17,2016-0853,RECEIVED,285,Don Knabe,Absent,0
1154,2016-11-17,Construction Committee,21038,17,2016-0853,RECEIVED,283,Diane DuBois,Aye,1
1154,2016-11-17,Construction Committee,21038,17,2016-0853,RECEIVED,282,Mike Bonin,Aye,1
1154,2016-11-17,Construction Committee,21038,17,2016-0853,RECEIVED,284,Jacquelyn Dupont-Walker,Aye,1
1154,2016-11-17,Construction Committee,21038,17,2016-0853,RECEIVED,287,Sheila Kuehl,Aye,1
1154,2016-11-17,Construction Committee,21257,22,2016-0830,RECOMMENDED FOR APPROVAL,285,Don Knabe,Aye,1
1154,2016-11-17,Construction Committee,21257,22,2016-0830,RECOMMENDED FOR APPROVAL,283,Diane DuBois,Aye,1
1154,2016-11-17,Construction Committee,21257,22,2016-0830,RECOMMENDED FOR APPROVAL,282,Mike Bonin,Aye,1
1154,2016-11-17,Construction Committee,21257,22,2016-0830,RECOMMENDED FOR APPROVAL,284,Jacquelyn Dupont-Walker,Aye,1
1154,2016-11-17,Construction Committee,21257,22,2016-0830,RECOMMENDED FOR APPROVAL,287,Sheila Kuehl,Aye,1
1154,2016-11-17,Construction Committee,21258,21,2016-0829,RECOMMENDED FOR APPROVAL,285,Don Knabe,Aye,1
1154,2016-11-17,Construction Committee,21258,21,2016-0829,RECOMMENDED FOR APPROVAL,283,Diane DuBois,Aye,1
1154,2016-11-17,Construction Committee,21258,21,2016-0829,RECOMMENDED FOR APPROVAL,282,Mike Bonin,Aye,1
1154,2016-11-17,Construction Committee,21258,21,2016-0829,RECOMMENDED FOR APPROVAL,284,Jacquelyn Dupont-Walker,Aye,1
1154,2016-11-17,Construction Committee,21258,21,2016-0829,RECOMMENDED FOR APPROVAL,287,Sheila Kuehl,Aye,1
1154,2016-11-17,Construction Committee,21259,20,2016-0736,RECOMMENDED FOR APPROVAL,285,Don Knabe,Aye,1
1154,2016-11-17,Construction Committee,21259,20,2016-0736,RECOMMENDED FOR APPROVAL,283,Diane DuBois,Aye,1
1154,2016-11-17,Construction Committee,21259,20,2016-0736,RECOMMENDED FOR APPROVAL,282,Mike Bonin,Aye,1
1154,2016-11-17,Construction Committee,21259,20,2016-0736,RECOMMENDED FOR APPROVAL,284,Jacquelyn Dupont-Walker,Aye,1
1154,2016-11-17,Construction Committee,21259,20,2016-0736,RECOMMENDED FOR APPROVAL,287,Sheila Kuehl,Aye,1
1154,2016-11-17,Construction Committee,21260,13,2016-0731,RECOMMENDED FOR APPROVAL,285,Don Knabe,Aye,1
1154,2016-11-17,Construction Committee,21260,13,2016-0731,RECOMMENDED FOR APPROVAL,283,Diane DuBois,Aye,1
1154,2016-11-17,Construction Committee,21260,13,2016-0731,RECOMMENDED FOR APPROVAL,282,Mike Bonin,Aye,1
1154,2016-11-17,Construction Committee,21260,13,2016-0731,RECOMMENDED FOR APPROVAL,284,Jacquelyn Dupont-Walker,Aye,1
1154,2016-11-17,Construction Committee,21260,13,2016-0731,RECOMMENDED FOR APPROVAL,287,Sheila Kuehl,Aye,1
1154,2016-11-17,Construction Committee,21261,23,2016-0878,RECOMMENDED FOR APPROVAL AS AMENDED,285,Don Knabe,Aye,1
1154,2016-11-17,Construction Committee,21261,23,2016-0878,RECOMMENDED FOR APPROVAL AS AMENDED,283,Diane DuBois,Aye,1
1154,2016-11-17,Construction Committee,21261,23,2016-0878,RECOMMENDED FOR APPROVAL AS AMENDED,282,Mike Bonin,Aye,1
1154,2016-11-17,Construction Committee,21261,23,2016-0878,RECOMMENDED FOR APPROVAL AS AMENDED,284,Jacquelyn Dupont-Walker,Aye,1
1154,2016-11-17,Construction Committee,21261,23,2016-0878,RECOMMENDED FOR APPROVAL AS AMENDED,287,Sheila Kuehl,Aye,1
1156,2016-11-16,"Finance, Budget and Audit Committee",20803,9,2016-0797,RECOMMENDED FOR APPROVAL,284,Jacquelyn Dupont-Walker,Aye,1
1156,2016-11-16,"Finance, Budget and Audit Committee",20803,9,2016-0797,RECOMMENDED FOR APPROVAL,283,Diane DuBois,Absent,0
1156,2016-11-16,"Finance, Budget and Audit Committee",20803,9,2016-0797,RECOMMENDED FOR APPROVAL,285,Don Knabe,Aye,1
1156,2016-11-16,"Finance, Budget and Audit Committee",20803,9,2016-0797,RECOMMENDED FOR APPROVAL,288,Ara J. Najarian,Aye,1
1156,2016-11-16,"Finance, Budget and Audit Committee",20803,9,2016-0797,RECOMMENDED FOR APPROVAL,290,Hilda L. Solis,Aye,1
1156,2016-11-16,"Finance, Budget and Audit Committee",20845,10,2016-0740,RECOMMENDED FOR APPROVAL,284,Jacquelyn Dupont-Walker,Aye,1
1156,2016-11-16,"Finance, Budget and Audit Committee",20845,10,2016-0740,RECOMMENDED FOR APPROVAL,283,Diane DuBois,Absent,0
1156,2016-11-16,"Finance, Budget and Audit Committee",20845,10,2016-0740,RECOMMENDED FOR APPROVAL,285,Don Knabe,Aye,1
1156,2016-11-16,"Finance, Budget and Audit Committee",20845,10,2016-0740,RECOMMENDED FOR APPROVAL,288,Ara J. Najarian,Aye,1
1156,2016-11-16,"Finance, Budget and Audit Committee",20845,10,2016-0740,RECOMMENDED FOR APPROVAL,290,Hilda L. Solis,Aye,1
1156,2016-11-16,"Finance, Budget and Audit Committee",20849,,,RECEIVED AND FILED,284,Jacquelyn Dupont-Walker,Aye,1
1156,2016-11-16,"Finance, Budget and Audit Committee",20849,,,RECEIVED AND FILED,283,Diane DuBois,Absent,0
1156,2016-11-16,"Finance, Budget and Audit Committee",20849,,,RECEIVED AND FILED,285,Don Knabe,Aye,1
1156,2016-11-16,"Finance, Budget and Audit Committee",20849,,,RECEIVED AND FILED,288,Ara J. Najarian,Aye,1
1156,2016-11-16,"Finance, Budget and Audit Committee",20849,,,RECEIVED AND FILED,290,Hilda L. Solis,Aye,1
1156,2016-11-16,"Finance, Budget and Audit Committee",21291,39,2016-0891,RECOMMENDED FOR APPROVAL,284,Jacquelyn Dupont-Walker,Aye,1
1156,2016-11-16,"Finance, Budget and Audit Committee",21291,39,2016-0891,RECOMMENDED FOR APPROVAL,283,Diane DuBois,Absent,0
1156,2016-11-16,"Finance, Budget and Audit Committee",21291,39,2016-0891,RECOMMENDED FOR APPROVAL,285,Don Knabe,Aye,1
1156,2016-11-16,"Finance, Budget and Audit Committee",21291,39,2016-0891,RECOMMENDED FOR APPROVAL,288,Ara J. Najarian,Aye,1
1156,2016-11-16,"Finance, Budget and Audit Committee",21291,39,2016-0891,RECOMMENDED FOR APPROVAL,290,Hilda L. Solis,Aye,1
1156,2016-11-16,"Finance, Budget and Audit Committee",21318,43,2016-0909,RECOMMENDED FOR APPROVAL,284,Jacquelyn Dupont-Walker,Aye,1
1156,2016-11-16,"Finance, Budget and Audit Committee",21318,43,2016-0909,RECOMMENDED FOR APPROVAL,283,Diane DuBois,Absent,0
1156,2016-11-16,"Finance, Budget and Audit Committee",21318,43,2016-0909,RECOMMENDED FOR APPROVAL,285,Don Knabe,Aye,1
1156,2016-11-16,"Finance, Budget and Audit Committee",21318,43,2016-0909,RECOMMENDED FOR APPROVAL,288,Ara J. Najarian,Aye,1
1156,2016-11-16,"Finance, Budget and Audit Committee",21318,43,2016-0909,RECOMMENDED FOR APPROVAL,290,Hilda L. Solis,Aye,1
1157,2016-11-16,Planning and Programming Committee,20945,14,2016-0591,RECOMMENDED FOR APPROVAL,290,Hilda L. Solis,Aye,1
1157,2016-11-16,Planning and Programming Committee,20945,14,2016-0591,RECOMMENDED FOR APPROVAL,286,Paul Krekorian,Abstain,0
1157,2016-11-16,Planning and Programming Committee,20945,14,2016-0591,RECOMMENDED FOR APPROVAL,281,Michael Antonovich,Aye,1
1157,2016-11-16,Planning and Programming Committee,20945,14,2016-0591,RECOMMENDED FOR APPROVAL,1820,James Butts,Aye,1
1157,2016-11-16,Planning and Programming Committee,20945,14,2016-0591,RECOMMENDED FOR APPROVAL,288,Ara J. Najarian,Aye,1
1157,2016-11-16,Planning and Programming Committee,20949,13,2016-0731,RECOMMENDED FOR APPROVAL,290,Hilda L. Solis,Aye,1
1157,2016-11-16,Planning and Programming Committee,20949,13,2016-0731,RECOMMENDED FOR APPROVAL,286,Paul Krekorian,Aye,1
1157,2016-11-16,Planning and Programming Committee,20949,13,2016-0731,RECOMMENDED FOR APPROVAL,281,Michael Antonovich,Aye,1
1157,2016-11-16,Planning and Programming Committee,20949,13,2016-0731,RECOMMENDED FOR APPROVAL,1820,James Butts,Aye,1
1157,2016-11-16,Planning and Programming Committee,20949,13,2016-0731,RECOMMENDED FOR APPROVAL,288,Ara J. Najarian,Aye,1
1157,2016-11-16,Planning and Programming Committee,20950,12,2016-0615,RECOMMENDED FOR APPROVAL,290,Hilda L. Solis,Aye,1
1157,2016-11-16,Planning and Programming Committee,20950,12,2016-0615,RECOMMENDED FOR APPROVAL,286,Paul Krekorian,Aye,1
1157,2016-11-16,Planning and Programming Committee,20950,12,2016-0615,RECOMMENDED FOR APPROVAL,281,Michael Antonovich,Aye,1
1157,2016-11-16,Planning and Programming Committee,20950,12,2016-0615,RECOMMENDED FOR APPROVAL,1820,James Butts,Aye,1
1157,2016-11-16,Planning and Programming Committee,20950,12,2016-0615,RECOMMENDED FOR APPROVAL,288,Ara J. Najarian,Aye,1
1157,2016-11-16,Planning and Programming Committee,20951,11,2016-0498,RECOMMENDED FOR APPROVAL,290,Hilda L. Solis,Aye,1
1157,2016-11-16,Planning and Programming Committee,20951,11,2016-0498,RECOMMENDED FOR APPROVAL,286,Paul Krekorian,Aye,1
1157,2016-11-16,Planning and Programming Committee,20951,11,2016-0498,RECOMMENDED FOR APPROVAL,281,Michael Antonovich,Aye,1
1157,2016-11-16,Planning and Programming Committee,20951,11,2016-0498,RECOMMENDED FOR APPROVAL,1820,James Butts,Aye,1
1157,2016-11-16,Planning and Programming Committee,20951,11,2016-0498,RECOMMENDED FOR APPROVAL,288,Ara J. Najarian,Aye,1
1157,2016-11-16,Planning and Programming Committee,21255,15,2016-0589,RECOMMENDED FOR APPROVAL,290,Hilda L. Solis,Aye,1
1157,2016-11-16,Planning and Programming Committee,21255,15,2016-0589,RECOMMENDED FOR APPROVAL,286,Paul Krekorian,Aye,1
1157,2016-11-16,Planning and Programming Committee,21255,15,2016-0589,RECOMMENDED FOR APPROVAL,281,Michael Antonovich,Aye,1
1157,2016-11-16,Planning and Programming Committee,21255,15,2016-0589,RECOMMENDED FOR APPROVAL,1820,James Butts,Aye,1
1157,2016-11-16,Planning and Programming Committee,21255,15,2016-0589,RECOMMENDED FOR APPROVAL,288,Ara J. Najarian,Aye,1
1157,2016-11-16,Planning and Programming Committee,21292,40,2016-0557,RECEIVED AND FILED,290,Hilda L. Solis,Aye,1
1157,2016-11-16,Planning and Programming Committee,21292,40,2016-0557,RECEIVED AND FILED,286,Paul Krekorian,Aye,1
1157,2016-11-16,Planning and Programming Committee,21292,40,2016-0557,RECEIVED AND FILED,281,Michael Antonovich,Aye,1
1157,2016-11-16,Planning and Programming Committee,21292,40,2016-0557,RECEIVED AND FILED,1820,James Butts,Aye,1
1157,2016-11-16,Planning and Programming Committee,21292,40,2016-0557,RECEIVED AND FILED,288,Ara J. Najarian,Aye,1
1159,2016-11-17,"System Safety, Security and Operations Committee",21532,41,2016-0877,FORWARDED WITHOUT RECOMMENDATION,281,Michael Antonovich,Aye,1
1159,2016-11-17,"System Safety, Security and Operations Committee",21532,41,2016-0877,FORWARDED WITHOUT RECOMMENDATION,282,Mike Bonin,Aye,1
1159,2016-11-17,"System Safety, Security and Operations Committee",21532,41,2016-0877,FORWARDED WITHOUT RECOMMENDATION,283,Diane DuBois,Aye,1
1159,2016-11-17,"System Safety, Security and Operations Committee",21532,41,2016-0877,FORWARDED WITHOUT RECOMMENDATION,286,Paul Krekorian,Aye,1
1159,2016-11-17,"System Safety, Security and Operations Committee",21532,41,2016-0877,FORWARDED WITHOUT RECOMMENDATION,279,Mark Ridley-Thomas,Absent,0
1160,2016-11-17,Executive Management Committee,21249,36,2016-0694,RECOMMENDED FOR APPROVAL,280,John Fasana,Aye,1
1160,2016-11-17,Executive Management Committee,21249,36,2016-0694,RECOMMENDED FOR APPROVAL,278,Eric Garcetti,Aye,1
1160,2016-11-17,Executive Management Committee,21249,36,2016-0694,RECOMMENDED FOR APPROVAL,1820,James Butts,Absent,0
1160,2016-11-17,Executive Management Committee,21249,36,2016-0694,RECOMMENDED FOR APPROVAL,287,Sheila Kuehl,Aye,1
1160,2016-11-17,Executive Management Committee,21249,36,2016-0694,RECOMMENDED FOR APPROVAL,279,Mark Ridley-Thomas,Absent,0
1160,2016-11-17,Executive Management Committee,21268,34,2016-0864,RECEIVED AND FILED,280,John Fasana,Aye,1
1160,2016-11-17,Executive Management Committee,21268,34,2016-0864,RECEIVED AND FILED,278,Eric Garcetti,Aye,1
1160,2016-11-17,Executive Management Committee,21268,34,2016-0864,RECEIVED AND FILED,1820,James Butts,Absent,0
1160,2016-11-17,Executive Management Committee,21268,34,2016-0864,RECEIVED AND FILED,287,Sheila Kuehl,Aye,1
1160,2016-11-17,Executive Management Committee,21268,34,2016-0864,RECEIVED AND FILED,279,Mark Ridley-Thomas,Absent,0
1160,2016-11-17,Executive Management Committee,21273,37,2016-0859,RECOMMENDED FOR APPROVAL,280,John Fasana,Aye,1
1160,2016-11-17,Executive Management Committee,21273,37,2016-0859,RECOMMENDED FOR APPROVAL,278,Eric Garcetti,Aye,1
1160,2016-11-17,Executive Management Committee,21273,37,2016-0859,RECOMMENDED FOR APPROVAL,1820,James Butts,Absent,0
1160,2016-11-17,Executive Management Committee,21273,37,2016-0859,RECOMMENDED FOR APPROVAL,287,Sheila Kuehl,Aye,1
1160,2016-11-17,Executive Management Committee,21273,37,2016-0859,RECOMMENDED FOR APPROVAL,279,Mark Ridley-Thomas,Absent,0
1160,2016-11-17,Executive Management Committee,21274,23,2016-0878,RECOMMENDED FOR APPROVAL,280,John Fasana,Aye,1
1160,2016-11-17,Executive Management Committee,21274,23,2016-0878,RECOMMENDED FOR APPROVAL,278,Eric Garcetti,Aye,1
1160,2016-11-17,Executive Management Committee,21274,23,2016-0878,RECOMMENDED FOR APPROVAL,1820,James Butts,Absent,0
1160,2016-11-17,Executive Management Committee,21274,23,2016-0878,RECOMMENDED FOR APPROVAL,287,Sheila Kuehl,Aye,1
1160,2016-11-17,Executive Management Committee,21274,23,2016-0878,RECOMMENDED FOR APPROVAL,279,Mark Ridley-Thomas,Absent,0
1160,2016-11-17,Executive Management Committee,21288,35,2016-0884,RECEIVED AND FILED,280,John Fasana,Aye,1
1160,2016-11-17,Executive Management Committee,21288,35,2016-0884,RECEIVED AND FILED,278,Eric Garcetti,Aye,1
1160,2016-11-17,Executive Management Committee,21288,35,2016-0884,RECEIVED AND FILED,1820,James Butts,Absent,0
1160,2016-11-17,Executive Management Committee,21288,35,2016-0884,RECEIVED AND FILED,287,Sheila Kuehl,Aye,1
1160,2016-11-17,Executive Management Committee,21288,35,2016-0884,RECEIVED AND FILED,279,Mark Ridley-Thomas,Absent,0
1160,2016-11-17,Executive Management Committee,21289,38,2016-0789,RECOMMENDED FOR APPROVAL,280,John Fasana,Aye,1
1160,2016-11-17,Executive Management Committee,21289,38,2016-0789,RECOMMENDED FOR APPROVAL,278,Eric Garcetti,Aye,1
1160,2016-11-17,Executive Management Committee,21289,38,2016-0789,RECOMMENDED FOR APPROVAL,1820,James Butts,Absent,0
1160,2016-11-17,Executive Management Committee,21289,38,2016-0789,RECOMMENDED FOR APPROVAL,287,Sheila Kuehl,Nay,2
1160,2016-11-17,Executive Management Committee,21289,38,2016-0789,RECOMMENDED FOR APPROVAL,279,Mark Ridley-Thomas,Aye,1
1160,2016-11-17,Executive Management Committee,21296,42,2016-0851,RECOMMENDED FOR APPROVAL,280,John Fasana,Aye,1
1160,2016-11-17,Executive Management Committee,21296,42,2016-0851,RECOMMENDED FOR APPROVAL,278,Eric Garcetti,Aye,1
1160,2016-11-17,Executive Management Committee,21296,42,2016-0851,RECOMMENDED FOR APPROVAL,1820,James Butts,Absent,0
1160,2016-11-17,Executive Management Committee,21296,42,2016-0851,RECOMMENDED FOR APPROVAL,287,Sheila Kuehl,Aye,1
1160,2016-11-17,Executive Management Committee,21296,42,2016-0851,RECOMMENDED FOR APPROVAL,279,Mark Ridley-Thomas,Absent,0
1160,2016-11-17,Executive Management Committee,21554,41,2016-0877,FORWARDED WITHOUT RECOMMENDATION,280,John Fasana,Aye,1
1160,2016-11-17,Executive Management Committee,21554,41,2016-0877,FORWARDED WITHOUT RECOMMENDATION,278,Eric Garcetti,Aye,1
1160,2016-11-17,Executive Management Committee,21554,41,2016-0877,FORWARDED WITHOUT RECOMMENDATION,1820,James Butts,Absent,0
1160,2016-11-17,Executive Management Committee,21554,41,2016-0877,FORWARDED WITHOUT RECOMMENDATION,287,Sheila Kuehl,Aye,1
1160,2016-11-17,Executive Management Committee,21554,41,2016-0877,FORWARDED WITHOUT RECOMMENDATION,279,Mark Ridley-Thomas,Aye,1
1160,2016-11-17,Executive Management Committee,21555,,,APPROVED ON CONSENT CALENDAR,280,John Fasana,Aye,1
1160,2016-11-17,Executive Management Committee,21555,,,APPROVED ON CONSENT CALENDAR,278,Eric Garcetti,Aye,1
1160,2016-11-17,Executive Management Committee,21555,,,APPROVED ON CONSENT CALENDAR,1820,James Butts,Absent,0
1160,2016-11-17,Executive Management Committee,21555,,,APPROVED ON CONSENT CALENDAR,287,Sheila Kuehl,Aye,1
1160,2016-11-17,Executive Management Committee,21555,,,APPROVED ON CONSENT CALENDAR,279,Mark Ridley-Thomas,Absent,0
1163,2016-10-20,Construction Committee,20422,14,2016-0706,RECEIVED AND FILED,285,Don Knabe,Aye,1
1163,2016-10-20,Construction Committee,20422,14,2016-0706,RECEIVED AND FILED,283,Diane DuBois,Aye,1
1163,2016-10-20,Construction Committee,20422,14,2016-0706,RECEIVED AND FILED,282,Mike Bonin,Absent,0
1163,2016-10-20,Construction Committee,20422,14,2016-0706,RECEIVED AND FILED,284,Jacquelyn Dupont-Walker,Absent,0
1163,2016-10-20,Construction Committee,20422,14,2016-0706,RECEIVED AND FILED,287,Sheila Kuehl,Aye,1
1163,2016-10-20,Construction Committee,20423,17,2016-0720,RECOMMENDED FOR APPROVAL,285,Don Knabe,Aye,1
1163,2016-10-20,Construction Committee,20423,17,2016-0720,RECOMMENDED FOR APPROVAL,283,Diane DuBois,Aye,1
1163,2016-10-20,Construction Committee,20423,17,2016-0720,RECOMMENDED FOR APPROVAL,282,Mike Bonin,Absent,0
1163,2016-10-20,Construction Committee,20423,17,2016-0720,RECOMMENDED FOR APPROVAL,284,Jacquelyn Dupont-Walker,Absent,0
1163,2016-10-20,Construction Committee,20423,17,2016-0720,RECOMMENDED FOR APPROVAL,287,Sheila Kuehl,Aye,1
1163,2016-10-20,Construction Committee,20425,18,2016-0746,RECOMMENDED FOR APPROVAL,285,Don Knabe,Aye,1
1163,2016-10-20,Construction Committee,20425,18,2016-0746,RECOMMENDED FOR APPROVAL,283,Diane DuBois,Aye,1
1163,2016-10-20,Construction Committee,20425,18,2016-0746,RECOMMENDED FOR APPROVAL,282,Mike Bonin,Absent,0
1163,2016-10-20,Construction Committee,20425,18,2016-0746,RECOMMENDED FOR APPROVAL,284,Jacquelyn Dupont-Walker,Absent,0
1163,2016-10-20,Construction Committee,20425,18,2016-0746,RECOMMENDED FOR APPROVAL,287,Sheila Kuehl,Aye,1
1163,2016-10-20,Construction Committee,20426,15,2016-0780,RECEIVED,285,Don Knabe,Aye,1
1163,2016-10-20,Construction Committee,20426,15,2016-0780,RECEIVED,283,Diane DuBois,Aye,1
1163,2016-10-20,Construction Committee,20426,15,2016-0780,RECEIVED,282,Mike Bonin,Absent,0
1163,2016-10-20,Construction Committee,20426,15,2016-0780,RECEIVED,284,Jacquelyn Dupont-Walker,Absent,0
1163,2016-10-20,Construction Committee,20426,15,2016-0780,RECEIVED,287,Sheila Kuehl,Aye,1
1163,2016-10-20,Construction Committee,20429,20,2016-0765,RECOMMENDED FOR APPROVAL,285,Don Knabe,Aye,1
1163,2016-10-20,Construction Committee,20429,20,2016-0765,RECOMMENDED FOR APPROVAL,283,Diane DuBois,Aye,1
1163,2016-10-20,Construction Committee,20429,20,2016-0765,RECOMMENDED FOR APPROVAL,282,Mike Bonin,Absent,0
1163,2016-10-20,Construction Committee,20429,20,2016-0765,RECOMMENDED FOR APPROVAL,284,Jacquelyn Dupont-Walker,Absent,0
1163,2016-10-20,Construction Committee,20429,20,2016-0765,RECOMMENDED FOR APPROVAL,287,Sheila Kuehl,Aye,1
1163,2016-10-20,Construction Committee,20662,19,2016-0814,RECOMMENDED FOR APPROVAL,285,Don Knabe,Aye,1
1163,2016-10-20,Construction Committee,20662,19,2016-0814,RECOMMENDED FOR APPROVAL,283,Diane DuBois,Aye,1
1163,2016-10-20,Construction Committee,20662,19,2016-0814,RECOMMENDED FOR APPROVAL,282,Mike Bonin,Absent,0
1163,2016-10-20,Construction Committee,20662,19,2016-0814,RECOMMENDED FOR APPROVAL,284,Jacquelyn Dupont-Walker,Absent,0
1163,2016-10-20,Construction Committee,20662,19,2016-0814,RECOMMENDED FOR APPROVAL,287,Sheila Kuehl,Aye,1
1164,2016-09-15,Executive Management Committee,20023,30,2016-0653,RECEIVED AND FILED,280,John Fasana,Aye,1
1164,2016-09-15,Executive Management Committee,20023,30,2016-0653,RECEIVED AND FILED,278,Eric Garcetti,Absent,0
1164,2016-09-15,Executive Management Committee,20023,30,2016-0653,RECEIVED AND FILED,1820,James Butts,Aye,1
1164,2016-09-15,Executive Management Committee,20023,30,2016-0653,RECEIVED AND FILED,287,Sheila Kuehl,Aye,1
1164,2016-09-15,Executive Management Committee,20023,30,2016-0653,RECEIVED AND FILED,279,Mark Ridley-Thomas,Absent,0
1164,2016-09-15,Executive Management Committee,20043,19,2016-0700,RECEIVED AND FILED,280,John Fasana,Aye,1
1164,2016-09-15,Executive Management Committee,20043,19,2016-0700,RECEIVED AND FILED,278,Eric Garcetti,Absent,0
1164,2016-09-15,Executive Management Committee,20043,19,2016-0700,RECEIVED AND FILED,1820,James Butts,Aye,1
1164,2016-09-15,Executive Management Committee,20043,19,2016-0700,RECEIVED AND FILED,287,Sheila Kuehl,Aye,1
1164,2016-09-15,Executive Management Committee,20043,19,2016-0700,RECEIVED AND FILED,279,Mark Ridley-Thomas,Absent,0
1164,2016-09-15,Executive Management Committee,20045,33,2016-0540,RECOMMENDED FOR APPROVAL,280,John Fasana,Aye,1
1164,2016-09-15,Executive Management Committee,20045,33,2016-0540,RECOMMENDED FOR APPROVAL,278,Eric Garcetti,Absent,0
1164,2016-09-15,Executive Management Committee,20045,33,2016-0540,RECOMMENDED FOR APPROVAL,1820,James Butts,Aye,1
1164,2016-09-15,Executive Management Committee,20045,33,2016-0540,RECOMMENDED FOR APPROVAL,287,Sheila Kuehl,Aye,1
1164,2016-09-15,Executive Management Committee,20045,33,2016-0540,RECOMMENDED FOR APPROVAL,279,Mark Ridley-Thomas,Absent,0
1164,2016-09-15,Executive Management Committee,20047,35,2016-0626,RECOMMENDED FOR APPROVAL,280,John Fasana,Aye,1
1164,2016-09-15,Executive Management Committee,20047,35,2016-0626,RECOMMENDED FOR APPROVAL,278,Eric Garcetti,Absent,0
1164,2016-09-15,Executive Management Committee,20047,35,2016-0626,RECOMMENDED FOR APPROVAL,1820,James Butts,Aye,1
1164,2016-09-15,Executive Management Committee,20047,35,2016-0626,RECOMMENDED FOR APPROVAL,287,Sheila Kuehl,Aye,1
1164,2016-09-15,Executive Management Committee,20047,35,2016-0626,RECOMMENDED FOR APPROVAL,279,Mark Ridley-Thomas,Absent,0
1164,2016-09-15,Executive Management Committee,20048,34,2016-0625,RECOMMENDED FOR APPROVAL,280,John Fasana,Aye,1
1164,2016-09-15,Executive Management Committee,20048,34,2016-0625,RECOMMENDED FOR APPROVAL,278,Eric Garcetti,Absent,0
1164,2016-09-15,Executive Management Committee,20048,34,2016-0625,RECOMMENDED FOR APPROVAL,1820,James Butts,Aye,1
1164,2016-09-15,Executive Management Committee,20048,34,2016-0625,RECOMMENDED FOR APPROVAL,287,Sheila Kuehl,Aye,1
1164,2016-09-15,Executive Management Committee,20048,34,2016-0625,RECOMMENDED FOR APPROVAL,279,Mark Ridley-Thomas,Absent,0
1164,2016-09-15,Executive Management Committee,20057,32,2016-0719,RECOMMENDED FOR APPROVAL,280,John Fasana,Aye,1
1164,2016-09-15,Executive Management Committee,20057,32,2016-0719,RECOMMENDED FOR APPROVAL,278,Eric Garcetti,Absent,0
1164,2016-09-15,Executive Management Committee,20057,32,2016-0719,RECOMMENDED FOR APPROVAL,1820,James Butts,Aye,1
1164,2016-09-15,Executive Management Committee,20057,32,2016-0719,RECOMMENDED FOR APPROVAL,287,Sheila Kuehl,Aye,1
1164,2016-09-15,Executive Management Committee,20057,32,2016-0719,RECOMMENDED FOR APPROVAL,279,Mark Ridley-Thomas,Absent,0
1164,2016-09-15,Executive Management Committee,44163,,,APPROVED ON CONSENT CALENDAR,280,John Fasana,Aye,1
1164,2016-09-15,Executive Management Committee,44163,,,APPROVED ON CONSENT CALENDAR,278,Eric Garcetti,Absent,0
1164,2016-09-15,Executive Management Committee,44163,,,APPROVED ON CONSENT CALENDAR,1820,James Butts,Aye,1
1164,2016-09-15,Executive Management Committee,44163,,,APPROVED ON CONSENT CALENDAR,287,Sheila Kuehl,Aye,1
1164,2016-09-15,Executive Management Committee,44163,,,APPROVED ON CONSENT CALENDAR,279,Mark Ridley-Thomas,Absent,0
1165,2016-09-14,"Finance, Budget and Audit Committee",20109,15,2016-0657,RECEIVED AND FILED,284,Jacquelyn Dupont-Walker,Absent,0
1165,2016-09-14,"Finance, Budget and Audit Committee",20109,15,2016-0657,RECEIVED AND FILED,283,Diane DuBois,Aye,1
1165,2016-09-14,"Finance, Budget and Audit Committee",20109,15,2016-0657,RECEIVED AND FILED,285,Don Knabe,Aye,1
1165,2016-09-14,"Finance, Budget and Audit Committee",20109,15,2016-0657,RECEIVED AND FILED,288,Ara J. Najarian,Aye,1
1165,2016-09-14,"Finance, Budget and Audit Committee",20109,15,2016-0657,RECEIVED AND FILED,290,Hilda L. Solis,Absent,0
1165,2016-09-14,"Finance, Budget and Audit Committee",41801,6,2016-0697,RECOMMENDED FOR APPROVAL,284,Jacquelyn Dupont-Walker,Absent,0
1165,2016-09-14,"Finance, Budget and Audit Committee",41801,6,2016-0697,RECOMMENDED FOR APPROVAL,283,Diane DuBois,Aye,1
1165,2016-09-14,"Finance, Budget and Audit Committee",41801,6,2016-0697,RECOMMENDED FOR APPROVAL,285,Don Knabe,Aye,1
1165,2016-09-14,"Finance, Budget and Audit Committee",41801,6,2016-0697,RECOMMENDED FOR APPROVAL,288,Ara J. Najarian,Aye,1
1165,2016-09-14,"Finance, Budget and Audit Committee",41801,6,2016-0697,RECOMMENDED FOR APPROVAL,290,Hilda L. Solis,Absent,0
1166,2016-09-14,Planning and Programming Committee,20011,8,2016-0311,RECEIVED AND FILED,290,Hilda L. Solis,Absent,0
1166,2016-09-14,Planning and Programming Committee,20011,8,2016-0311,RECEIVED AND FILED,286,Paul Krekorian,Aye,1
1166,2016-09-14,Planning and Programming Committee,20011,8,2016-0311,RECEIVED AND FILED,281,Michael Antonovich,Absent,0
1166,2016-09-14,Planning and Programming Committee,20011,8,2016-0311,RECEIVED AND FILED,1820,James Butts,Aye,1
1166,2016-09-14,Planning and Programming Committee,20011,8,2016-0311,RECEIVED AND FILED,288,Ara J. Najarian,Aye,1
1166,2016-09-14,Planning and Programming Committee,20013,7,2016-0634,RECEIVED AND FILED,290,Hilda L. Solis,Absent,0
1166,2016-09-14,Planning and Programming Committee,20013,7,2016-0634,RECEIVED AND FILED,286,Paul Krekorian,Aye,1
1166,2016-09-14,Planning and Programming Committee,20013,7,2016-0634,RECEIVED AND FILED,281,Michael Antonovich,Absent,0
1166,2016-09-14,Planning and Programming Committee,20013,7,2016-0634,RECEIVED AND FILED,1820,James Butts,Aye,1
1166,2016-09-14,Planning and Programming Committee,20013,7,2016-0634,RECEIVED AND FILED,288,Ara J. Najarian,Aye,1
1166,2016-09-14,Planning and Programming Committee,20026,9,2016-0527,RECOMMENDED FOR APPROVAL,290,Hilda L. Solis,Absent,0
1166,2016-09-14,Planning and Programming Committee,20026,9,2016-0527,RECOMMENDED FOR APPROVAL,286,Paul Krekorian,Aye,1
1166,2016-09-14,Planning and Programming Committee,20026,9,2016-0527,RECOMMENDED FOR APPROVAL,281,Michael Antonovich,Aye,1
1166,2016-09-14,Planning and Programming Committee,20026,9,2016-0527,RECOMMENDED FOR APPROVAL,1820,James Butts,Aye,1
1166,2016-09-14,Planning and Programming Committee,20026,9,2016-0527,RECOMMENDED FOR APPROVAL,288,Ara J. Najarian,Aye,1
1166,2016-09-14,Planning and Programming Committee,20028,11,2016-0566,RECOMMENDED FOR APPROVAL,290,Hilda L. Solis,Absent,0
1166,2016-09-14,Planning and Programming Committee,20028,11,2016-0566,RECOMMENDED FOR APPROVAL,286,Paul Krekorian,Aye,1
1166,2016-09-14,Planning and Programming Committee,20028,11,2016-0566,RECOMMENDED FOR APPROVAL,281,Michael Antonovich,Aye,1
1166,2016-09-14,Planning and Programming Committee,20028,11,2016-0566,RECOMMENDED FOR APPROVAL,1820,James Butts,Conflict,0
1166,2016-09-14,Planning and Programming Committee,20028,11,2016-0566,RECOMMENDED FOR APPROVAL,288,Ara J. Najarian,Aye,1
1166,2016-09-14,Planning and Programming Committee,20105,12,2016-0571,RECOMMENDED FOR APPROVAL,290,Hilda L. Solis,Absent,0
1166,2016-09-14,Planning and Programming Committee,20105,12,2016-0571,RECOMMENDED FOR APPROVAL,286,Paul Krekorian,Aye,1
1166,2016-09-14,Planning and Programming Committee,20105,12,2016-0571,RECOMMENDED FOR APPROVAL,281,Michael Antonovich,Aye,1
1166,2016-09-14,Planning and Programming Committee,20105,12,2016-0571,RECOMMENDED FOR APPROVAL,1820,James Butts,Aye,1
1166,2016-09-14,Planning and Programming Committee,20105,12,2016-0571,RECOMMENDED FOR APPROVAL,288,Ara J. Najarian,Aye,1
1166,2016-09-14,Planning and Programming Committee,41802,,2019-0388,RECEIVED AND FILED,290,Hilda L. Solis,Absent,0
1166,2016-09-14,Planning and Programming Committee,41802,,2019-0388,RECEIVED AND FILED,286,Paul Krekorian,Aye,1
1166,2016-09-14,Planning and Programming Committee,41802,,2019-0388,RECEIVED AND FILED,281,Michael Antonovich,Absent,0
1166,2016-09-14,Planning and Programming Committee,41802,,2019-0388,RECEIVED AND FILED,1820,James Butts,Aye,1
1166,2016-09-14,Planning and Programming Committee,41802,,2019-0388,RECEIVED AND FILED,288,Ara J. Najarian,Aye,1
1166,2016-09-14,Planning and Programming Committee,44162,,,APPROVED ON CONSENT CALENDAR,290,Hilda L. Solis,Absent,0
1166,2016-09-14,Planning and Programming Committee,44162,,,APPROVED ON CONSENT CALENDAR,286,Paul Krekorian,Aye,1
1166,2016-09-14,Planning and Programming Committee,44162,,,APPROVED ON CONSENT CALENDAR,281,Michael Antonovich,Absent,0
1166,2016-09-14,Planning and Programming Committee,44162,,,APPROVED ON CONSENT CALENDAR,1820,James Butts,Aye,1
1166,2016-09-14,Planning and Programming Committee,44162,,,APPROVED ON CONSENT CALENDAR,288,Ara J. Najarian,Aye,1
1168,2016-09-22,Board of Directors - Regular Board Meeting,20130,2,2016-0707,APPROVED,280,John Fasana,Aye,1
1168,2016-09-22,Board of Directors - Regular Board Meeting,20130,2,2016-0707,APPROVED,278,Eric Garcetti,Aye,1
1168,2016-09-22,Board of Directors - Regular Board Meeting,20130,2,2016-0707,APPROVED,287,Sheila Kuehl,Aye,1
1168,2016-09-22,Board of Directors - Regular Board Meeting,20130,2,2016-0707,APPROVED,281,Michael Antonovich,Absent,0
1168,2016-09-22,Board of Directors - Regular Board Meeting,20130,2,2016-0707,APPROVED,282,Mike Bonin,Aye,1
1168,2016-09-22,Board of Directors - Regular Board Meeting,20130,2,2016-0707,APPROVED,1820,James Butts,Absent,0
1168,2016-09-22,Board of Directors - Regular Board Meeting,20130,2,2016-0707,APPROVED,283,Diane DuBois,Absent,0
1168,2016-09-22,Board of Directors - Regular Board Meeting,20130,2,2016-0707,APPROVED,284,Jacquelyn Dupont-Walker,Aye,1
1168,2016-09-22,Board of Directors - Regular Board Meeting,20130,2,2016-0707,APPROVED,285,Don Knabe,Absent,0
1168,2016-09-22,Board of Directors - Regular Board Meeting,20130,2,2016-0707,APPROVED,286,Paul Krekorian,Aye,1
1168,2016-09-22,Board of Directors - Regular Board Meeting,20130,2,2016-0707,APPROVED,288,Ara J. Najarian,Aye,1
1168,2016-09-22,Board of Directors - Regular Board Meeting,20130,2,2016-0707,APPROVED,279,Mark Ridley-Thomas,Absent,0
1168,2016-09-22,Board of Directors - Regular Board Meeting,20130,2,2016-0707,APPROVED,290,Hilda L. Solis,Aye,1
1168,2016-09-22,Board of Directors - Regular Board Meeting,20131,6,2016-0697,APPROVED,280,John Fasana,Aye,1
1168,2016-09-22,Board of Directors - Regular Board Meeting,20131,6,2016-0697,APPROVED,278,Eric Garcetti,Aye,1
1168,2016-09-22,Board of Directors - Regular Board Meeting,20131,6,2016-0697,APPROVED,287,Sheila Kuehl,Aye,1
1168,2016-09-22,Board of Directors - Regular Board Meeting,20131,6,2016-0697,APPROVED,281,Michael Antonovich,Absent,0
1168,2016-09-22,Board of Directors - Regular Board Meeting,20131,6,2016-0697,APPROVED,282,Mike Bonin,Aye,1
1168,2016-09-22,Board of Directors - Regular Board Meeting,20131,6,2016-0697,APPROVED,1820,James Butts,Absent,0
1168,2016-09-22,Board of Directors - Regular Board Meeting,20131,6,2016-0697,APPROVED,283,Diane DuBois,Absent,0
1168,2016-09-22,Board of Directors - Regular Board Meeting,20131,6,2016-0697,APPROVED,284,Jacquelyn Dupont-Walker,Aye,1
1168,2016-09-22,Board of Directors - Regular Board Meeting,20131,6,2016-0697,APPROVED,285,Don Knabe,Absent,0
1168,2016-09-22,Board of Directors - Regular Board Meeting,20131,6,2016-0697,APPROVED,286,Paul Krekorian,Aye,1
1168,2016-09-22,Board of Directors - Regular Board Meeting,20131,6,2016-0697,APPROVED,288,Ara J. Najarian,Aye,1
1168,2016-09-22,Board of Directors - Regular Board Meeting,20131,6,2016-0697,APPROVED,279,Mark Ridley-Thomas,Absent,0
1168,2016-09-22,Board of Directors - Regular Board Meeting,20131,6,2016-0697,APPROVED,290,Hilda L. Solis,Aye,1
1168,2016-09-22,Board of Directors - Regular Board Meeting,20132,9,2016-0527,APPROVED,280,John Fasana,Aye,1
1168,2016-09-22,Board of Directors - Regular Board Meeting,20132,9,2016-0527,APPROVED,278,Eric Garcetti,Aye,1
1168,2016-09-22,Board of Directors - Regular Board Meeting,20132,9,2016-0527,APPROVED,287,Sheila Kuehl,Aye,1
1168,2016-09-22,Board of Directors - Regular Board Meeting,20132,9,2016-0527,APPROVED,281,Michael Antonovich,Absent,0
1168,2016-09-22,Board of Directors - Regular Board Meeting,20132,9,2016-0527,APPROVED,282,Mike Bonin,Aye,1
1168,2016-09-22,Board of Directors - Regular Board Meeting,20132,9,2016-0527,APPROVED,1820,James Butts,Absent,0
1168,2016-09-22,Board of Directors - Regular Board Meeting,20132,9,2016-0527,APPROVED,283,Diane DuBois,Absent,0
1168,2016-09-22,Board of Directors - Regular Board Meeting,20132,9,2016-0527,APPROVED,284,Jacquelyn Dupont-Walker,Aye,1
1168,2016-09-22,Board of Directors - Regular Board Meeting,20132,9,2016-0527,APPROVED,285,Don Knabe,Absent,0
1168,2016-09-22,Board of Directors - Regular Board Meeting,20132,9,2016-0527,APPROVED,286,Paul Krekorian,Aye,1
1168,2016-09-22,Board of Directors - Regular Board Meeting,20132,9,2016-0527,APPROVED,288,Ara J. Najarian,Aye,1
1168,2016-09-22,Board of Directors - Regular Board Meeting,20132,9,2016-0527,APPROVED,279,Mark Ridley-Thomas,Absent,0
1168,2016-09-22,Board of Directors - Regular Board Meeting,20132,9,2016-0527,APPROVED,290,Hilda L. Solis,Aye,1
1168,2016-09-22,Board of Directors - Regular Board Meeting,20135,17,2016-0611,APPROVED,280,John Fasana,Aye,1
1168,2016-09-22,Board of Directors - Regular Board Meeting,20135,17,2016-0611,APPROVED,278,Eric Garcetti,Aye,1
1168,2016-09-22,Board of Directors - Regular Board Meeting,20135,17,2016-0611,APPROVED,287,Sheila Kuehl,Aye,1
1168,2016-09-22,Board of Directors - Regular Board Meeting,20135,17,2016-0611,APPROVED,281,Michael Antonovich,Absent,0
1168,2016-09-22,Board of Directors - Regular Board Meeting,20135,17,2016-0611,APPROVED,282,Mike Bonin,Aye,1
1168,2016-09-22,Board of Directors - Regular Board Meeting,20135,17,2016-0611,APPROVED,1820,James Butts,Absent,0
1168,2016-09-22,Board of Directors - Regular Board Meeting,20135,17,2016-0611,APPROVED,283,Diane DuBois,Absent,0
1168,2016-09-22,Board of Directors - Regular Board Meeting,20135,17,2016-0611,APPROVED,284,Jacquelyn Dupont-Walker,Aye,1
1168,2016-09-22,Board of Directors - Regular Board Meeting,20135,17,2016-0611,APPROVED,285,Don Knabe,Absent,0
1168,2016-09-22,Board of Directors - Regular Board Meeting,20135,17,2016-0611,APPROVED,286,Paul Krekorian,Aye,1
1168,2016-09-22,Board of Directors - Regular Board Meeting,20135,17,2016-0611,APPROVED,288,Ara J. Najarian,Aye,1
1168,2016-09-22,Board of Directors - Regular Board Meeting,20135,17,2016-0611,APPROVED,279,Mark Ridley-Thomas,Absent,0
1168,2016-09-22,Board of Directors - Regular Board Meeting,20135,17,2016-0611,APPROVED,290,Hilda L. Solis,Aye,1
1168,2016-09-22,Board of Directors - Regular Board Meeting,20136,24,2016-0466,APPROVED,280,John Fasana,Aye,1
1168,2016-09-22,Board of Directors - Regular Board Meeting,20136,24,2016-0466,APPROVED,278,Eric Garcetti,Aye,1
1168,2016-09-22,Board of Directors - Regular Board Meeting,20136,24,2016-0466,APPROVED,287,Sheila Kuehl,Aye,1
1168,2016-09-22,Board of Directors - Regular Board Meeting,20136,24,2016-0466,APPROVED,281,Michael Antonovich,Absent,0
1168,2016-09-22,Board of Directors - Regular Board Meeting,20136,24,2016-0466,APPROVED,282,Mike Bonin,Aye,1
1168,2016-09-22,Board of Directors - Regular Board Meeting,20136,24,2016-0466,APPROVED,1820,James Butts,Absent,0
1168,2016-09-22,Board of Directors - Regular Board Meeting,20136,24,2016-0466,APPROVED,283,Diane DuBois,Absent,0
1168,2016-09-22,Board of Directors - Regular Board Meeting,20136,24,2016-0466,APPROVED,284,Jacquelyn Dupont-Walker,Aye,1
1168,2016-09-22,Board of Directors - Regular Board Meeting,20136,24,2016-0466,APPROVED,285,Don Knabe,Absent,0
1168,2016-09-22,Board of Directors - Regular Board Meeting,20136,24,2016-0466,APPROVED,286,Paul Krekorian,Aye,1
1168,2016-09-22,Board of Directors - Regular Board Meeting,20136,24,2016-0466,APPROVED,288,Ara J. Najarian,Aye,1
1168,2016-09-22,Board of Directors - Regular Board Meeting,20136,24,2016-0466,APPROVED,279,Mark Ridley-Thomas,Absent,0
1168,2016-09-22,Board of Directors - Regular Board Meeting,20136,24,2016-0466,APPROVED,290,Hilda L. Solis,Aye,1
1168,2016-09-22,Board of Directors - Regular Board Meeting,20137,25,2016-0516,APPROVED,280,John Fasana,Aye,1
1168,2016-09-22,Board of Directors - Regular Board Meeting,20137,25,2016-0516,APPROVED,278,Eric Garcetti,Aye,1
1168,2016-09-22,Board of Directors - Regular Board Meeting,20137,25,2016-0516,APPROVED,287,Sheila Kuehl,Aye,1
1168,2016-09-22,Board of Directors - Regular Board Meeting,20137,25,2016-0516,APPROVED,281,Michael Antonovich,Absent,0
1168,2016-09-22,Board of Directors - Regular Board Meeting,20137,25,2016-0516,APPROVED,282,Mike Bonin,Aye,1
1168,2016-09-22,Board of Directors - Regular Board Meeting,20137,25,2016-0516,APPROVED,1820,James Butts,Absent,0
1168,2016-09-22,Board of Directors - Regular Board Meeting,20137,25,2016-0516,APPROVED,283,Diane DuBois,Absent,0
1168,2016-09-22,Board of Directors - Regular Board Meeting,20137,25,2016-0516,APPROVED,284,Jacquelyn Dupont-Walker,Aye,1
1168,2016-09-22,Board of Directors - Regular Board Meeting,20137,25,2016-0516,APPROVED,285,Don Knabe,Absent,0
1168,2016-09-22,Board of Directors - Regular Board Meeting,20137,25,2016-0516,APPROVED,286,Paul Krekorian,Aye,1
1168,2016-09-22,Board of Directors - Regular Board Meeting,20137,25,2016-0516,APPROVED,288,Ara J. Najarian,Aye,1
1168,2016-09-22,Board of Directors - Regular Board Meeting,20137,25,2016-0516,APPROVED,279,Mark Ridley-Thomas,Absent,0
1168,2016-09-22,Board of Directors - Regular Board Meeting,20137,25,2016-0516,APPROVED,290,Hilda L. Solis,Aye,1
1168,2016-09-22,Board of Directors - Regular Board Meeting,20138,27,2016-0572,APPROVED,280,John Fasana,Aye,1
1168,2016-09-22,Board of Directors - Regular Board Meeting,20138,27,2016-0572,APPROVED,278,Eric Garcetti,Aye,1
1168,2016-09-22,Board of Directors - Regular Board Meeting,20138,27,2016-0572,APPROVED,287,Sheila Kuehl,Aye,1
1168,2016-09-22,Board of Directors - Regular Board Meeting,20138,27,2016-0572,APPROVED,281,Michael Antonovich,Absent,0
1168,2016-09-22,Board of Directors - Regular Board Meeting,20138,27,2016-0572,APPROVED,282,Mike Bonin,Aye,1
1168,2016-09-22,Board of Directors - Regular Board Meeting,20138,27,2016-0572,APPROVED,1820,James Butts,Absent,0
1168,2016-09-22,Board of Directors - Regular Board Meeting,20138,27,2016-0572,APPROVED,283,Diane DuBois,Absent,0
1168,2016-09-22,Board of Directors - Regular Board Meeting,20138,27,2016-0572,APPROVED,284,Jacquelyn Dupont-Walker,Aye,1
1168,2016-09-22,Board of Directors - Regular Board Meeting,20138,27,2016-0572,APPROVED,285,Don Knabe,Absent,0
1168,2016-09-22,Board of Directors - Regular Board Meeting,20138,27,2016-0572,APPROVED,286,Paul Krekorian,Aye,1
1168,2016-09-22,Board of Directors - Regular Board Meeting,20138,27,2016-0572,APPROVED,288,Ara J. Najarian,Aye,1
1168,2016-09-22,Board of Directors - Regular Board Meeting,20138,27,2016-0572,APPROVED,279,Mark Ridley-Thomas,Absent,0
1168,2016-09-22,Board of Directors - Regular Board Meeting,20138,27,2016-0572,APPROVED,290,Hilda L. Solis,Aye,1
1168,2016-09-22,Board of Directors - Regular Board Meeting,20139,28,2016-0096,APPROVED,280,John Fasana,Aye,1
1168,2016-09-22,Board of Directors - Regular Board Meeting,20139,28,2016-0096,APPROVED,278,Eric Garcetti,Aye,1
1168,2016-09-22,Board of Directors - Regular Board Meeting,20139,28,2016-0096,APPROVED,287,Sheila Kuehl,Aye,1
1168,2016-09-22,Board of Directors - Regular Board Meeting,20139,28,2016-0096,APPROVED,281,Michael Antonovich,Absent,0
1168,2016-09-22,Board of Directors - Regular Board Meeting,20139,28,2016-0096,APPROVED,282,Mike Bonin,Aye,1
1168,2016-09-22,Board of Directors - Regular Board Meeting,20139,28,2016-0096,APPROVED,1820,James Butts,Absent,0
1168,2016-09-22,Board of Directors - Regular Board Meeting,20139,28,2016-0096,APPROVED,283,Diane DuBois,Absent,0
1168,2016-09-22,Board of Directors - Regular Board Meeting,20139,28,2016-0096,APPROVED,284,Jacquelyn Dupont-Walker,Aye,1
1168,2016-09-22,Board of Directors - Regular Board Meeting,20139,28,2016-0096,APPROVED,285,Don Knabe,Absent,0
1168,2016-09-22,Board of Directors - Regular Board Meeting,20139,28,2016-0096,APPROVED,286,Paul Krekorian,Aye,1
1168,2016-09-22,Board of Directors - Regular Board Meeting,20139,28,2016-0096,APPROVED,288,Ara J. Najarian,Aye,1
1168,2016-09-22,Board of Directors - Regular Board Meeting,20139,28,2016-0096,APPROVED,279,Mark Ridley-Thomas,Absent,0
1168,2016-09-22,Board of Directors - Regular Board Meeting,20139,28,2016-0096,APPROVED,290,Hilda L. Solis,Aye,1
1168,2016-09-22,Board of Directors - Regular Board Meeting,20141,32,2016-0719,APPROVED,280,John Fasana,Aye,1
1168,2016-09-22,Board of Directors - Regular Board Meeting,20141,32,2016-0719,APPROVED,278,Eric Garcetti,Aye,1
1168,2016-09-22,Board of Directors - Regular Board Meeting,20141,32,2016-0719,APPROVED,287,Sheila Kuehl,Aye,1
1168,2016-09-22,Board of Directors - Regular Board Meeting,20141,32,2016-0719,APPROVED,281,Michael Antonovich,Absent,0
1168,2016-09-22,Board of Directors - Regular Board Meeting,20141,32,2016-0719,APPROVED,282,Mike Bonin,Aye,1
1168,2016-09-22,Board of Directors - Regular Board Meeting,20141,32,2016-0719,APPROVED,1820,James Butts,Absent,0
1168,2016-09-22,Board of Directors - Regular Board Meeting,20141,32,2016-0719,APPROVED,283,Diane DuBois,Absent,0
1168,2016-09-22,Board of Directors - Regular Board Meeting,20141,32,2016-0719,APPROVED,284,Jacquelyn Dupont-Walker,Aye,1
1168,2016-09-22,Board of Directors - Regular Board Meeting,20141,32,2016-0719,APPROVED,285,Don Knabe,Absent,0
1168,2016-09-22,Board of Directors - Regular Board Meeting,20141,32,2016-0719,APPROVED,286,Paul Krekorian,Aye,1
1168,2016-09-22,Board of Directors - Regular Board Meeting,20141,32,2016-0719,APPROVED,288,Ara J. Najarian,Aye,1
1168,2016-09-22,Board of Directors - Regular Board Meeting,20141,32,2016-0719,APPROVED,279,Mark Ridley-Thomas,Absent,0
1168,2016-09-22,Board of Directors - Regular Board Meeting,20141,32,2016-0719,APPROVED,290,Hilda L. Solis,Aye,1
1168,2016-09-22,Board of Directors - Regular Board Meeting,20143,34,2016-0625,APPROVED,280,John Fasana,Aye,1
1168,2016-09-22,Board of Directors - Regular Board Meeting,20143,34,2016-0625,APPROVED,278,Eric Garcetti,Aye,1
1168,2016-09-22,Board of Directors - Regular Board Meeting,20143,34,2016-0625,APPROVED,287,Sheila Kuehl,Aye,1
1168,2016-09-22,Board of Directors - Regular Board Meeting,20143,34,2016-0625,APPROVED,281,Michael Antonovich,Absent,0
1168,2016-09-22,Board of Directors - Regular Board Meeting,20143,34,2016-0625,APPROVED,282,Mike Bonin,Aye,1
1168,2016-09-22,Board of Directors - Regular Board Meeting,20143,34,2016-0625,APPROVED,1820,James Butts,Absent,0
1168,2016-09-22,Board of Directors - Regular Board Meeting,20143,34,2016-0625,APPROVED,283,Diane DuBois,Absent,0
1168,2016-09-22,Board of Directors - Regular Board Meeting,20143,34,2016-0625,APPROVED,284,Jacquelyn Dupont-Walker,Aye,1
1168,2016-09-22,Board of Directors - Regular Board Meeting,20143,34,2016-0625,APPROVED,285,Don Knabe,Absent,0
1168,2016-09-22,Board of Directors - Regular Board Meeting,20143,34,2016-0625,APPROVED,286,Paul Krekorian,Aye,1
1168,2016-09-22,Board of Directors - Regular Board Meeting,20143,34,2016-0625,APPROVED,288,Ara J. Najarian,Aye,1
1168,2016-09-22,Board of Directors - Regular Board Meeting,20143,34,2016-0625,APPROVED,279,Mark Ridley-Thomas,Absent,0
1168,2016-09-22,Board of Directors - Regular Board Meeting,20143,34,2016-0625,APPROVED,290,Hilda L. Solis,Aye,1
1168,2016-09-22,Board of Directors - Regular Board Meeting,20144,35,2016-0626,APPROVED,280,John Fasana,Aye,1
1168,2016-09-22,Board of Directors - Regular Board Meeting,20144,35,2016-0626,APPROVED,278,Eric Garcetti,Aye,1
1168,2016-09-22,Board of Directors - Regular Board Meeting,20144,35,2016-0626,APPROVED,287,Sheila Kuehl,Aye,1
1168,2016-09-22,Board of Directors - Regular Board Meeting,20144,35,2016-0626,APPROVED,281,Michael Antonovich,Absent,0
1168,2016-09-22,Board of Directors - Regular Board Meeting,20144,35,2016-0626,APPROVED,282,Mike Bonin,Aye,1
1168,2016-09-22,Board of Directors - Regular Board Meeting,20144,35,2016-0626,APPROVED,1820,James Butts,Absent,0
1168,2016-09-22,Board of Directors - Regular Board Meeting,20144,35,2016-0626,APPROVED,283,Diane DuBois,Absent,0
1168,2016-09-22,Board of Directors - Regular Board Meeting,20144,35,2016-0626,APPROVED,284,Jacquelyn Dupont-Walker,Aye,1
1168,2016-09-22,Board of Directors - Regular Board Meeting,20144,35,2016-0626,APPROVED,285,Don Knabe,Absent,0
1168,2016-09-22,Board of Directors - Regular Board Meeting,20144,35,2016-0626,APPROVED,286,Paul Krekorian,Aye,1
1168,2016-09-22,Board of Directors - Regular Board Meeting,20144,35,2016-0626,APPROVED,288,Ara J. Najarian,Aye,1
1168,2016-09-22,Board of Directors - Regular Board Meeting,20144,35,2016-0626,APPROVED,279,Mark Ridley-Thomas,Absent,0
1168,2016-09-22,Board of Directors - Regular Board Meeting,20144,35,2016-0626,APPROVED,290,Hilda L. Solis,Aye,1
1168,2016-09-22,Board of Directors - Regular Board Meeting,20145,13,2016-0712,RECEIVED,280,John Fasana,Aye,1
1168,2016-09-22,Board of Directors - Regular Board Meeting,20145,13,2016-0712,RECEIVED,278,Eric Garcetti,Aye,1
1168,2016-09-22,Board of Directors - Regular Board Meeting,20145,13,2016-0712,RECEIVED,287,Sheila Kuehl,Aye,1
1168,2016-09-22,Board of Directors - Regular Board Meeting,20145,13,2016-0712,RECEIVED,281,Michael Antonovich,Absent,0
1168,2016-09-22,Board of Directors - Regular Board Meeting,20145,13,2016-0712,RECEIVED,282,Mike Bonin,Aye,1
1168,2016-09-22,Board of Directors - Regular Board Meeting,20145,13,2016-0712,RECEIVED,1820,James Butts,Absent,0
1168,2016-09-22,Board of Directors - Regular Board Meeting,20145,13,2016-0712,RECEIVED,283,Diane DuBois,Aye,1
1168,2016-09-22,Board of Directors - Regular Board Meeting,20145,13,2016-0712,RECEIVED,284,Jacquelyn Dupont-Walker,Aye,1
1168,2016-09-22,Board of Directors - Regular Board Meeting,20145,13,2016-0712,RECEIVED,285,Don Knabe,Aye,1
1168,2016-09-22,Board of Directors - Regular Board Meeting,20145,13,2016-0712,RECEIVED,286,Paul Krekorian,Absent,0
1168,2016-09-22,Board of Directors - Regular Board Meeting,20145,13,2016-0712,RECEIVED,288,Ara J. Najarian,Aye,1
1168,2016-09-22,Board of Directors - Regular Board Meeting,20145,13,2016-0712,RECEIVED,279,Mark Ridley-Thomas,Absent,0
1168,2016-09-22,Board of Directors - Regular Board Meeting,20145,13,2016-0712,RECEIVED,290,Hilda L. Solis,Aye,1
1168,2016-09-22,Board of Directors - Regular Board Meeting,20146,3,2016-0760,RECEIVED,280,John Fasana,Aye,1
1168,2016-09-22,Board of Directors - Regular Board Meeting,20146,3,2016-0760,RECEIVED,278,Eric Garcetti,Aye,1
1168,2016-09-22,Board of Directors - Regular Board Meeting,20146,3,2016-0760,RECEIVED,287,Sheila Kuehl,Aye,1
1168,2016-09-22,Board of Directors - Regular Board Meeting,20146,3,2016-0760,RECEIVED,281,Michael Antonovich,Absent,0
1168,2016-09-22,Board of Directors - Regular Board Meeting,20146,3,2016-0760,RECEIVED,282,Mike Bonin,Aye,1
1168,2016-09-22,Board of Directors - Regular Board Meeting,20146,3,2016-0760,RECEIVED,1820,James Butts,Absent,0
1168,2016-09-22,Board of Directors - Regular Board Meeting,20146,3,2016-0760,RECEIVED,283,Diane DuBois,Aye,1
1168,2016-09-22,Board of Directors - Regular Board Meeting,20146,3,2016-0760,RECEIVED,284,Jacquelyn Dupont-Walker,Aye,1
1168,2016-09-22,Board of Directors - Regular Board Meeting,20146,3,2016-0760,RECEIVED,285,Don Knabe,Aye,1
1168,2016-09-22,Board of Directors - Regular Board Meeting,20146,3,2016-0760,RECEIVED,286,Paul Krekorian,Aye,1
1168,2016-09-22,Board of Directors - Regular Board Meeting,20146,3,2016-0760,RECEIVED,288,Ara J. Najarian,Aye,1
1168,2016-09-22,Board of Directors - Regular Board Meeting,20146,3,2016-0760,RECEIVED,279,Mark Ridley-Thomas,Absent,0
1168,2016-09-22,Board of Directors - Regular Board Meeting,20146,3,2016-0760,RECEIVED,290,Hilda L. Solis,Aye,1
1168,2016-09-22,Board of Directors - Regular Board Meeting,20147,4,2016-0761,RECEIVED,280,John Fasana,Aye,1
1168,2016-09-22,Board of Directors - Regular Board Meeting,20147,4,2016-0761,RECEIVED,278,Eric Garcetti,Aye,1
1168,2016-09-22,Board of Directors - Regular Board Meeting,20147,4,2016-0761,RECEIVED,287,Sheila Kuehl,Aye,1
1168,2016-09-22,Board of Directors - Regular Board Meeting,20147,4,2016-0761,RECEIVED,281,Michael Antonovich,Absent,0
1168,2016-09-22,Board of Directors - Regular Board Meeting,20147,4,2016-0761,RECEIVED,282,Mike Bonin,Aye,1
1168,2016-09-22,Board of Directors - Regular Board Meeting,20147,4,2016-0761,RECEIVED,1820,James Butts,Absent,0
1168,2016-09-22,Board of Directors - Regular Board Meeting,20147,4,2016-0761,RECEIVED,283,Diane DuBois,Aye,1
1168,2016-09-22,Board of Directors - Regular Board Meeting,20147,4,2016-0761,RECEIVED,284,Jacquelyn Dupont-Walker,Aye,1
1168,2016-09-22,Board of Directors - Regular Board Meeting,20147,4,2016-0761,RECEIVED,285,Don Knabe,Aye,1
1168,2016-09-22,Board of Directors - Regular Board Meeting,20147,4,2016-0761,RECEIVED,286,Paul Krekorian,Aye,1
1168,2016-09-22,Board of Directors - Regular Board Meeting,20147,4,2016-0761,RECEIVED,288,Ara J. Najarian,Aye,1
1168,2016-09-22,Board of Directors - Regular Board Meeting,20147,4,2016-0761,RECEIVED,279,Mark Ridley-Thomas,Absent,0
1168,2016-09-22,Board of Directors - Regular Board Meeting,20147,4,2016-0761,RECEIVED,290,Hilda L. Solis,Aye,1
1168,2016-09-22,Board of Directors - Regular Board Meeting,20149,15,2016-0657,RECEIVED AND FILED,280,John Fasana,Aye,1
1168,2016-09-22,Board of Directors - Regular Board Meeting,20149,15,2016-0657,RECEIVED AND FILED,278,Eric Garcetti,Aye,1
1168,2016-09-22,Board of Directors - Regular Board Meeting,20149,15,2016-0657,RECEIVED AND FILED,287,Sheila Kuehl,Aye,1
1168,2016-09-22,Board of Directors - Regular Board Meeting,20149,15,2016-0657,RECEIVED AND FILED,281,Michael Antonovich,Absent,0
1168,2016-09-22,Board of Directors - Regular Board Meeting,20149,15,2016-0657,RECEIVED AND FILED,282,Mike Bonin,Aye,1
1168,2016-09-22,Board of Directors - Regular Board Meeting,20149,15,2016-0657,RECEIVED AND FILED,1820,James Butts,Absent,0
1168,2016-09-22,Board of Directors - Regular Board Meeting,20149,15,2016-0657,RECEIVED AND FILED,283,Diane DuBois,Aye,1
1168,2016-09-22,Board of Directors - Regular Board Meeting,20149,15,2016-0657,RECEIVED AND FILED,284,Jacquelyn Dupont-Walker,Aye,1
1168,2016-09-22,Board of Directors - Regular Board Meeting,20149,15,2016-0657,RECEIVED AND FILED,285,Don Knabe,Aye,1
1168,2016-09-22,Board of Directors - Regular Board Meeting,20149,15,2016-0657,RECEIVED AND FILED,286,Paul Krekorian,Absent,0
1168,2016-09-22,Board of Directors - Regular Board Meeting,20149,15,2016-0657,RECEIVED AND FILED,288,Ara J. Najarian,Aye,1
1168,2016-09-22,Board of Directors - Regular Board Meeting,20149,15,2016-0657,RECEIVED AND FILED,279,Mark Ridley-Thomas,Absent,0
1168,2016-09-22,Board of Directors - Regular Board Meeting,20149,15,2016-0657,RECEIVED AND FILED,290,Hilda L. Solis,Aye,1
1168,2016-09-22,Board of Directors - Regular Board Meeting,20150,22,2016-0573,APPROVED,280,John Fasana,Aye,1
1168,2016-09-22,Board of Directors - Regular Board Meeting,20150,22,2016-0573,APPROVED,278,Eric Garcetti,Absent,0
1168,2016-09-22,Board of Directors - Regular Board Meeting,20150,22,2016-0573,APPROVED,287,Sheila Kuehl,Aye,1
1168,2016-09-22,Board of Directors - Regular Board Meeting,20150,22,2016-0573,APPROVED,281,Michael Antonovich,Absent,0
1168,2016-09-22,Board of Directors - Regular Board Meeting,20150,22,2016-0573,APPROVED,282,Mike Bonin,Conflict,0
1168,2016-09-22,Board of Directors - Regular Board Meeting,20150,22,2016-0573,APPROVED,1820,James Butts,Absent,0
1168,2016-09-22,Board of Directors - Regular Board Meeting,20150,22,2016-0573,APPROVED,283,Diane DuBois,Aye,1
1168,2016-09-22,Board of Directors - Regular Board Meeting,20150,22,2016-0573,APPROVED,284,Jacquelyn Dupont-Walker,Aye,1
1168,2016-09-22,Board of Directors - Regular Board Meeting,20150,22,2016-0573,APPROVED,285,Don Knabe,Aye,1
1168,2016-09-22,Board of Directors - Regular Board Meeting,20150,22,2016-0573,APPROVED,286,Paul Krekorian,Absent,0
1168,2016-09-22,Board of Directors - Regular Board Meeting,20150,22,2016-0573,APPROVED,288,Ara J. Najarian,Aye,1
1168,2016-09-22,Board of Directors - Regular Board Meeting,20150,22,2016-0573,APPROVED,279,Mark Ridley-Thomas,Absent,0
1168,2016-09-22,Board of Directors - Regular Board Meeting,20150,22,2016-0573,APPROVED,290,Hilda L. Solis,Aye,1
1168,2016-09-22,Board of Directors - Regular Board Meeting,20152,36,2016-0565,APPROVED,280,John Fasana,Aye,1
1168,2016-09-22,Board of Directors - Regular Board Meeting,20152,36,2016-0565,APPROVED,278,Eric Garcetti,Aye,1
1168,2016-09-22,Board of Directors - Regular Board Meeting,20152,36,2016-0565,APPROVED,287,Sheila Kuehl,Aye,1
1168,2016-09-22,Board of Directors - Regular Board Meeting,20152,36,2016-0565,APPROVED,281,Michael Antonovich,Absent,0
1168,2016-09-22,Board of Directors - Regular Board Meeting,20152,36,2016-0565,APPROVED,282,Mike Bonin,Aye,1
1168,2016-09-22,Board of Directors - Regular Board Meeting,20152,36,2016-0565,APPROVED,1820,James Butts,Absent,0
1168,2016-09-22,Board of Directors - Regular Board Meeting,20152,36,2016-0565,APPROVED,283,Diane DuBois,Aye,1
1168,2016-09-22,Board of Directors - Regular Board Meeting,20152,36,2016-0565,APPROVED,284,Jacquelyn Dupont-Walker,Aye,1
1168,2016-09-22,Board of Directors - Regular Board Meeting,20152,36,2016-0565,APPROVED,285,Don Knabe,Aye,1
1168,2016-09-22,Board of Directors - Regular Board Meeting,20152,36,2016-0565,APPROVED,286,Paul Krekorian,Absent,0
1168,2016-09-22,Board of Directors - Regular Board Meeting,20152,36,2016-0565,APPROVED,288,Ara J. Najarian,Aye,1
1168,2016-09-22,Board of Directors - Regular Board Meeting,20152,36,2016-0565,APPROVED,279,Mark Ridley-Thomas,Absent,0
1168,2016-09-22,Board of Directors - Regular Board Meeting,20152,36,2016-0565,APPROVED,290,Hilda L. Solis,Aye,1
1168,2016-09-22,Board of Directors - Regular Board Meeting,20153,37,2016-0538,APPROVED,280,John Fasana,Aye,1
1168,2016-09-22,Board of Directors - Regular Board Meeting,20153,37,2016-0538,APPROVED,278,Eric Garcetti,Aye,1
1168,2016-09-22,Board of Directors - Regular Board Meeting,20153,37,2016-0538,APPROVED,287,Sheila Kuehl,Aye,1
1168,2016-09-22,Board of Directors - Regular Board Meeting,20153,37,2016-0538,APPROVED,281,Michael Antonovich,Absent,0
1168,2016-09-22,Board of Directors - Regular Board Meeting,20153,37,2016-0538,APPROVED,282,Mike Bonin,Aye,1
1168,2016-09-22,Board of Directors - Regular Board Meeting,20153,37,2016-0538,APPROVED,1820,James Butts,Absent,0
1168,2016-09-22,Board of Directors - Regular Board Meeting,20153,37,2016-0538,APPROVED,283,Diane DuBois,Aye,1
1168,2016-09-22,Board of Directors - Regular Board Meeting,20153,37,2016-0538,APPROVED,284,Jacquelyn Dupont-Walker,Aye,1
1168,2016-09-22,Board of Directors - Regular Board Meeting,20153,37,2016-0538,APPROVED,285,Don Knabe,Aye,1
1168,2016-09-22,Board of Directors - Regular Board Meeting,20153,37,2016-0538,APPROVED,286,Paul Krekorian,Absent,0
1168,2016-09-22,Board of Directors - Regular Board Meeting,20153,37,2016-0538,APPROVED,288,Ara J. Najarian,Aye,1
1168,2016-09-22,Board of Directors - Regular Board Meeting,20153,37,2016-0538,APPROVED,279,Mark Ridley-Thomas,Absent,0
1168,2016-09-22,Board of Directors - Regular Board Meeting,20153,37,2016-0538,APPROVED,290,Hilda L. Solis,Conflict,0
1168,2016-09-22,Board of Directors - Regular Board Meeting,20154,38,2016-0723,APPROVED,280,John Fasana,Aye,1
1168,2016-09-22,Board of Directors - Regular Board Meeting,20154,38,2016-0723,APPROVED,278,Eric Garcetti,Aye,1
1168,2016-09-22,Board of Directors - Regular Board Meeting,20154,38,2016-0723,APPROVED,287,Sheila Kuehl,Aye,1
1168,2016-09-22,Board of Directors - Regular Board Meeting,20154,38,2016-0723,APPROVED,281,Michael Antonovich,Absent,0
1168,2016-09-22,Board of Directors - Regular Board Meeting,20154,38,2016-0723,APPROVED,282,Mike Bonin,Aye,1
1168,2016-09-22,Board of Directors - Regular Board Meeting,20154,38,2016-0723,APPROVED,1820,James Butts,Absent,0
1168,2016-09-22,Board of Directors - Regular Board Meeting,20154,38,2016-0723,APPROVED,283,Diane DuBois,Aye,1
1168,2016-09-22,Board of Directors - Regular Board Meeting,20154,38,2016-0723,APPROVED,284,Jacquelyn Dupont-Walker,Aye,1
1168,2016-09-22,Board of Directors - Regular Board Meeting,20154,38,2016-0723,APPROVED,285,Don Knabe,Aye,1
1168,2016-09-22,Board of Directors - Regular Board Meeting,20154,38,2016-0723,APPROVED,286,Paul Krekorian,Absent,0
1168,2016-09-22,Board of Directors - Regular Board Meeting,20154,38,2016-0723,APPROVED,288,Ara J. Najarian,Aye,1
1168,2016-09-22,Board of Directors - Regular Board Meeting,20154,38,2016-0723,APPROVED,279,Mark Ridley-Thomas,Absent,0
1168,2016-09-22,Board of Directors - Regular Board Meeting,20154,38,2016-0723,APPROVED,290,Hilda L. Solis,Aye,1
1168,2016-09-22,Board of Directors - Regular Board Meeting,20155,39,2016-0724,APPROVED,280,John Fasana,Aye,1
1168,2016-09-22,Board of Directors - Regular Board Meeting,20155,39,2016-0724,APPROVED,278,Eric Garcetti,Aye,1
1168,2016-09-22,Board of Directors - Regular Board Meeting,20155,39,2016-0724,APPROVED,287,Sheila Kuehl,Aye,1
1168,2016-09-22,Board of Directors - Regular Board Meeting,20155,39,2016-0724,APPROVED,281,Michael Antonovich,Absent,0
1168,2016-09-22,Board of Directors - Regular Board Meeting,20155,39,2016-0724,APPROVED,282,Mike Bonin,Aye,1
1168,2016-09-22,Board of Directors - Regular Board Meeting,20155,39,2016-0724,APPROVED,1820,James Butts,Absent,0
1168,2016-09-22,Board of Directors - Regular Board Meeting,20155,39,2016-0724,APPROVED,283,Diane DuBois,Aye,1
1168,2016-09-22,Board of Directors - Regular Board Meeting,20155,39,2016-0724,APPROVED,284,Jacquelyn Dupont-Walker,Aye,1
1168,2016-09-22,Board of Directors - Regular Board Meeting,20155,39,2016-0724,APPROVED,285,Don Knabe,Aye,1
1168,2016-09-22,Board of Directors - Regular Board Meeting,20155,39,2016-0724,APPROVED,286,Paul Krekorian,Absent,0
1168,2016-09-22,Board of Directors - Regular Board Meeting,20155,39,2016-0724,APPROVED,288,Ara J. Najarian,Aye,1
1168,2016-09-22,Board of Directors - Regular Board Meeting,20155,39,2016-0724,APPROVED,279,Mark Ridley-Thomas,Absent,0
1168,2016-09-22,Board of Directors - Regular Board Meeting,20155,39,2016-0724,APPROVED,290,Hilda L. Solis,Aye,1
1168,2016-09-22,Board of Directors - Regular Board Meeting,20188,23,2016-0554,FAILED,280,John Fasana,Aye,1
1168,2016-09-22,Board of Directors - Regular Board Meeting,20188,23,2016-0554,FAILED,278,Eric Garcetti,Conflict,0
1168,2016-09-22,Board of Directors - Regular Board Meeting,20188,23,2016-0554,FAILED,287,Sheila Kuehl,Aye,1
1168,2016-09-22,Board of Directors - Regular Board Meeting,20188,23,2016-0554,FAILED,281,Michael Antonovich,Nay,2
1168,2016-09-22,Board of Directors - Regular Board Meeting,20188,23,2016-0554,FAILED,282,Mike Bonin,Conflict,0
1168,2016-09-22,Board of Directors - Regular Board Meeting,20188,23,2016-0554,FAILED,1820,James Butts,Absent,0
1168,2016-09-22,Board of Directors - Regular Board Meeting,20188,23,2016-0554,FAILED,283,Diane DuBois,Aye,1
1168,2016-09-22,Board of Directors - Regular Board Meeting,20188,23,2016-0554,FAILED,284,Jacquelyn Dupont-Walker,Aye,1
1168,2016-09-22,Board of Directors - Regular Board Meeting,20188,23,2016-0554,FAILED,285,Don Knabe,Aye,1
1168,2016-09-22,Board of Directors - Regular Board Meeting,20188,23,2016-0554,FAILED,286,Paul Krekorian,Absent,0
1168,2016-09-22,Board of Directors - Regular Board Meeting,20188,23,2016-0554,FAILED,288,Ara J. Najarian,Aye,1
1168,2016-09-22,Board of Directors - Regular Board Meeting,20188,23,2016-0554,FAILED,279,Mark Ridley-Thomas,Absent,0
1168,2016-09-22,Board of Directors - Regular Board Meeting,20188,23,2016-0554,FAILED,290,Hilda L. Solis,Conflict,0
1168,2016-09-22,Board of Directors - Regular Board Meeting,20189,,,APPROVED ON CONSENT CALENDAR,280,John Fasana,Aye,1
1168,2016-09-22,Board of Directors - Regular Board Meeting,20189,,,APPROVED ON CONSENT CALENDAR,278,Eric Garcetti,Aye,1
1168,2016-09-22,Board of Directors - Regular Board Meeting,20189,,,APPROVED ON CONSENT CALENDAR,287,Sheila Kuehl,Aye,1
1168,2016-09-22,Board of Directors - Regular Board Meeting,20189,,,APPROVED ON CONSENT CALENDAR,281,Michael Antonovich,Absent,0
1168,2016-09-22,Board of Directors - Regular Board Meeting,20189,,,APPROVED ON CONSENT CALENDAR,282,Mike Bonin,Aye,1
1168,2016-09-22,Board of Directors - Regular Board Meeting,20189,,,APPROVED ON CONSENT CALENDAR,1820,James Butts,Absent,0
1168,2016-09-22,Board of Directors - Regular Board Meeting,20189,,,APPROVED ON CONSENT CALENDAR,283,Diane DuBois,Absent,0
1168,2016-09-22,Board of Directors - Regular Board Meeting,20189,,,APPROVED ON CONSENT CALENDAR,284,Jacquelyn Dupont-Walker,Aye,1
1168,2016-09-22,Board of Directors - Regular Board Meeting,20189,,,APPROVED ON CONSENT CALENDAR,285,Don Knabe,Absent,0
1168,2016-09-22,Board of Directors - Regular Board Meeting,20189,,,APPROVED ON CONSENT CALENDAR,286,Paul Krekorian,Aye,1
1168,2016-09-22,Board of Directors - Regular Board Meeting,20189,,,APPROVED ON CONSENT CALENDAR,288,Ara J. Najarian,Aye,1
1168,2016-09-22,Board of Directors - Regular Board Meeting,20189,,,APPROVED ON CONSENT CALENDAR,279,Mark Ridley-Thomas,Absent,0
1168,2016-09-22,Board of Directors - Regular Board Meeting,20189,,,APPROVED ON CONSENT CALENDAR,290,Hilda L. Solis,Aye,1
1168,2016-09-22,Board of Directors - Regular Board Meeting,44167,,2016-0554,CARRIED OVER,280,John Fasana,Aye,1
1168,2016-09-22,Board of Directors - Regular Board Meeting,44167,,2016-0554,CARRIED OVER,278,Eric Garcetti,Conflict,0
1168,2016-09-22,Board of Directors - Regular Board Meeting,44167,,2016-0554,CARRIED OVER,287,Sheila Kuehl,Aye,1
1168,2016-09-22,Board of Directors - Regular Board Meeting,44167,,2016-0554,CARRIED OVER,281,Michael Antonovich,Nay,2
1168,2016-09-22,Board of Directors - Regular Board Meeting,44167,,2016-0554,CARRIED OVER,282,Mike Bonin,Conflict,0
1168,2016-09-22,Board of Directors - Regular Board Meeting,44167,,2016-0554,CARRIED OVER,1820,James Butts,Absent,0
1168,2016-09-22,Board of Directors - Regular Board Meeting,44167,,2016-0554,CARRIED OVER,283,Diane DuBois,Aye,1
1168,2016-09-22,Board of Directors - Regular Board Meeting,44167,,2016-0554,CARRIED OVER,284,Jacquelyn Dupont-Walker,Aye,1
1168,2016-09-22,Board of Directors - Regular Board Meeting,44167,,2016-0554,CARRIED OVER,285,Don Knabe,Aye,1
1168,2016-09-22,Board of Directors - Regular Board Meeting,44167,,2016-0554,CARRIED OVER,286,Paul Krekorian,Absent,0
1168,2016-09-22,Board of Directors - Regular Board Meeting,44167,,2016-0554,CARRIED OVER,288,Ara J. Najarian,Aye,1
1168,2016-09-22,Board of Directors - Regular Board Meeting,44167,,2016-0554,CARRIED OVER,279,Mark Ridley-Thomas,Absent,0
1168,2016-09-22,Board of Directors - Regular Board Meeting,44167,,2016-0554,CARRIED OVER,290,Hilda L. Solis,Conflict,0
1169,2016-10-27,Board of Directors - Regular Board Meeting,20688,2,2016-0796,APPROVED,280,John Fasana,Aye,1
1169,2016-10-27,Board of Directors - Regular Board Meeting,20688,2,2016-0796,APPROVED,278,Eric Garcetti,Aye,1
1169,2016-10-27,Board of Directors - Regular Board Meeting,20688,2,2016-0796,APPROVED,287,Sheila Kuehl,Aye,1
1169,2016-10-27,Board of Directors - Regular Board Meeting,20688,2,2016-0796,APPROVED,281,Michael Antonovich,Aye,1
1169,2016-10-27,Board of Directors - Regular Board Meeting,20688,2,2016-0796,APPROVED,282,Mike Bonin,Aye,1
1169,2016-10-27,Board of Directors - Regular Board Meeting,20688,2,2016-0796,APPROVED,1820,James Butts,Aye,1
1169,2016-10-27,Board of Directors - Regular Board Meeting,20688,2,2016-0796,APPROVED,283,Diane DuBois,Aye,1
1169,2016-10-27,Board of Directors - Regular Board Meeting,20688,2,2016-0796,APPROVED,284,Jacquelyn Dupont-Walker,Aye,1
1169,2016-10-27,Board of Directors - Regular Board Meeting,20688,2,2016-0796,APPROVED,285,Don Knabe,Absent,0
1169,2016-10-27,Board of Directors - Regular Board Meeting,20688,2,2016-0796,APPROVED,286,Paul Krekorian,Aye,1
1169,2016-10-27,Board of Directors - Regular Board Meeting,20688,2,2016-0796,APPROVED,288,Ara J. Najarian,Aye,1
1169,2016-10-27,Board of Directors - Regular Board Meeting,20688,2,2016-0796,APPROVED,279,Mark Ridley-Thomas,Aye,1
1169,2016-10-27,Board of Directors - Regular Board Meeting,20688,2,2016-0796,APPROVED,290,Hilda L. Solis,Aye,1
1169,2016-10-27,Board of Directors - Regular Board Meeting,20693,7,2016-0759,RECEIVED AND FILED,280,John Fasana,Aye,1
1169,2016-10-27,Board of Directors - Regular Board Meeting,20693,7,2016-0759,RECEIVED AND FILED,278,Eric Garcetti,Aye,1
1169,2016-10-27,Board of Directors - Regular Board Meeting,20693,7,2016-0759,RECEIVED AND FILED,287,Sheila Kuehl,Aye,1
1169,2016-10-27,Board of Directors - Regular Board Meeting,20693,7,2016-0759,RECEIVED AND FILED,281,Michael Antonovich,Aye,1
1169,2016-10-27,Board of Directors - Regular Board Meeting,20693,7,2016-0759,RECEIVED AND FILED,282,Mike Bonin,Aye,1
1169,2016-10-27,Board of Directors - Regular Board Meeting,20693,7,2016-0759,RECEIVED AND FILED,1820,James Butts,Aye,1
1169,2016-10-27,Board of Directors - Regular Board Meeting,20693,7,2016-0759,RECEIVED AND FILED,283,Diane DuBois,Aye,1
1169,2016-10-27,Board of Directors - Regular Board Meeting,20693,7,2016-0759,RECEIVED AND FILED,284,Jacquelyn Dupont-Walker,Aye,1
1169,2016-10-27,Board of Directors - Regular Board Meeting,20693,7,2016-0759,RECEIVED AND FILED,285,Don Knabe,Absent,0
1169,2016-10-27,Board of Directors - Regular Board Meeting,20693,7,2016-0759,RECEIVED AND FILED,286,Paul Krekorian,Aye,1
1169,2016-10-27,Board of Directors - Regular Board Meeting,20693,7,2016-0759,RECEIVED AND FILED,288,Ara J. Najarian,Aye,1
1169,2016-10-27,Board of Directors - Regular Board Meeting,20693,7,2016-0759,RECEIVED AND FILED,279,Mark Ridley-Thomas,Aye,1
1169,2016-10-27,Board of Directors - Regular Board Meeting,20693,7,2016-0759,RECEIVED AND FILED,290,Hilda L. Solis,Aye,1
1169,2016-10-27,Board of Directors - Regular Board Meeting,20695,9,2016-0284,APPROVED,280,John Fasana,Aye,1
1169,2016-10-27,Board of Directors - Regular Board Meeting,20695,9,2016-0284,APPROVED,278,Eric Garcetti,Aye,1
1169,2016-10-27,Board of Directors - Regular Board Meeting,20695,9,2016-0284,APPROVED,287,Sheila Kuehl,Aye,1
1169,2016-10-27,Board of Directors - Regular Board Meeting,20695,9,2016-0284,APPROVED,281,Michael Antonovich,Absent,0
1169,2016-10-27,Board of Directors - Regular Board Meeting,20695,9,2016-0284,APPROVED,282,Mike Bonin,Aye,1
1169,2016-10-27,Board of Directors - Regular Board Meeting,20695,9,2016-0284,APPROVED,1820,James Butts,Aye,1
1169,2016-10-27,Board of Directors - Regular Board Meeting,20695,9,2016-0284,APPROVED,283,Diane DuBois,Aye,1
1169,2016-10-27,Board of Directors - Regular Board Meeting,20695,9,2016-0284,APPROVED,284,Jacquelyn Dupont-Walker,Aye,1
1169,2016-10-27,Board of Directors - Regular Board Meeting,20695,9,2016-0284,APPROVED,285,Don Knabe,Aye,1
1169,2016-10-27,Board of Directors - Regular Board Meeting,20695,9,2016-0284,APPROVED,286,Paul Krekorian,Aye,1
1169,2016-10-27,Board of Directors - Regular Board Meeting,20695,9,2016-0284,APPROVED,288,Ara J. Najarian,Aye,1
1169,2016-10-27,Board of Directors - Regular Board Meeting,20695,9,2016-0284,APPROVED,279,Mark Ridley-Thomas,Absent,0
1169,2016-10-27,Board of Directors - Regular Board Meeting,20695,9,2016-0284,APPROVED,290,Hilda L. Solis,Aye,1
1169,2016-10-27,Board of Directors - Regular Board Meeting,20697,10,2016-0614,APPROVED,280,John Fasana,Aye,1
1169,2016-10-27,Board of Directors - Regular Board Meeting,20697,10,2016-0614,APPROVED,278,Eric Garcetti,Aye,1
1169,2016-10-27,Board of Directors - Regular Board Meeting,20697,10,2016-0614,APPROVED,287,Sheila Kuehl,Aye,1
1169,2016-10-27,Board of Directors - Regular Board Meeting,20697,10,2016-0614,APPROVED,281,Michael Antonovich,Aye,1
1169,2016-10-27,Board of Directors - Regular Board Meeting,20697,10,2016-0614,APPROVED,282,Mike Bonin,Aye,1
1169,2016-10-27,Board of Directors - Regular Board Meeting,20697,10,2016-0614,APPROVED,1820,James Butts,Aye,1
1169,2016-10-27,Board of Directors - Regular Board Meeting,20697,10,2016-0614,APPROVED,283,Diane DuBois,Aye,1
1169,2016-10-27,Board of Directors - Regular Board Meeting,20697,10,2016-0614,APPROVED,284,Jacquelyn Dupont-Walker,Aye,1
1169,2016-10-27,Board of Directors - Regular Board Meeting,20697,10,2016-0614,APPROVED,285,Don Knabe,Absent,0
1169,2016-10-27,Board of Directors - Regular Board Meeting,20697,10,2016-0614,APPROVED,286,Paul Krekorian,Aye,1
1169,2016-10-27,Board of Directors - Regular Board Meeting,20697,10,2016-0614,APPROVED,288,Ara J. Najarian,Aye,1
1169,2016-10-27,Board of Directors - Regular Board Meeting,20697,10,2016-0614,APPROVED,279,Mark Ridley-Thomas,Aye,1
1169,2016-10-27,Board of Directors - Regular Board Meeting,20697,10,2016-0614,APPROVED,290,Hilda L. Solis,Aye,1
1169,2016-10-27,Board of Directors - Regular Board Meeting,20699,11,2016-0649,ADOPTED,280,John Fasana,Aye,1
1169,2016-10-27,Board of Directors - Regular Board Meeting,20699,11,2016-0649,ADOPTED,278,Eric Garcetti,Absent,0
1169,2016-10-27,Board of Directors - Regular Board Meeting,20699,11,2016-0649,ADOPTED,287,Sheila Kuehl,Aye,1
1169,2016-10-27,Board of Directors - Regular Board Meeting,20699,11,2016-0649,ADOPTED,281,Michael Antonovich,Absent,0
1169,2016-10-27,Board of Directors - Regular Board Meeting,20699,11,2016-0649,ADOPTED,282,Mike Bonin,Aye,1
1169,2016-10-27,Board of Directors - Regular Board Meeting,20699,11,2016-0649,ADOPTED,1820,James Butts,Absent,0
1169,2016-10-27,Board of Directors - Regular Board Meeting,20699,11,2016-0649,ADOPTED,283,Diane DuBois,Aye,1
1169,2016-10-27,Board of Directors - Regular Board Meeting,20699,11,2016-0649,ADOPTED,284,Jacquelyn Dupont-Walker,Aye,1
1169,2016-10-27,Board of Directors - Regular Board Meeting,20699,11,2016-0649,ADOPTED,285,Don Knabe,Aye,1
1169,2016-10-27,Board of Directors - Regular Board Meeting,20699,11,2016-0649,ADOPTED,286,Paul Krekorian,Aye,1
1169,2016-10-27,Board of Directors - Regular Board Meeting,20699,11,2016-0649,ADOPTED,288,Ara J. Najarian,Conflict,0
1169,2016-10-27,Board of Directors - Regular Board Meeting,20699,11,2016-0649,ADOPTED,279,Mark Ridley-Thomas,Absent,0
1169,2016-10-27,Board of Directors - Regular Board Meeting,20699,11,2016-0649,ADOPTED,290,Hilda L. Solis,Aye,1
1169,2016-10-27,Board of Directors - Regular Board Meeting,20701,12,2016-0730,APPROVED,280,John Fasana,Aye,1
1169,2016-10-27,Board of Directors - Regular Board Meeting,20701,12,2016-0730,APPROVED,278,Eric Garcetti,Aye,1
1169,2016-10-27,Board of Directors - Regular Board Meeting,20701,12,2016-0730,APPROVED,287,Sheila Kuehl,Aye,1
1169,2016-10-27,Board of Directors - Regular Board Meeting,20701,12,2016-0730,APPROVED,281,Michael Antonovich,Aye,1
1169,2016-10-27,Board of Directors - Regular Board Meeting,20701,12,2016-0730,APPROVED,282,Mike Bonin,Aye,1
1169,2016-10-27,Board of Directors - Regular Board Meeting,20701,12,2016-0730,APPROVED,1820,James Butts,Aye,1
1169,2016-10-27,Board of Directors - Regular Board Meeting,20701,12,2016-0730,APPROVED,283,Diane DuBois,Aye,1
1169,2016-10-27,Board of Directors - Regular Board Meeting,20701,12,2016-0730,APPROVED,284,Jacquelyn Dupont-Walker,Aye,1
1169,2016-10-27,Board of Directors - Regular Board Meeting,20701,12,2016-0730,APPROVED,285,Don Knabe,Absent,0
1169,2016-10-27,Board of Directors - Regular Board Meeting,20701,12,2016-0730,APPROVED,286,Paul Krekorian,Aye,1
1169,2016-10-27,Board of Directors - Regular Board Meeting,20701,12,2016-0730,APPROVED,288,Ara J. Najarian,Aye,1
1169,2016-10-27,Board of Directors - Regular Board Meeting,20701,12,2016-0730,APPROVED,279,Mark Ridley-Thomas,Aye,1
1169,2016-10-27,Board of Directors - Regular Board Meeting,20701,12,2016-0730,APPROVED,290,Hilda L. Solis,Aye,1
1169,2016-10-27,Board of Directors - Regular Board Meeting,20703,13,2016-0762,ADOPTED,280,John Fasana,Aye,1
1169,2016-10-27,Board of Directors - Regular Board Meeting,20703,13,2016-0762,ADOPTED,278,Eric Garcetti,Aye,1
1169,2016-10-27,Board of Directors - Regular Board Meeting,20703,13,2016-0762,ADOPTED,287,Sheila Kuehl,Aye,1
1169,2016-10-27,Board of Directors - Regular Board Meeting,20703,13,2016-0762,ADOPTED,281,Michael Antonovich,Aye,1
1169,2016-10-27,Board of Directors - Regular Board Meeting,20703,13,2016-0762,ADOPTED,282,Mike Bonin,Aye,1
1169,2016-10-27,Board of Directors - Regular Board Meeting,20703,13,2016-0762,ADOPTED,1820,James Butts,Aye,1
1169,2016-10-27,Board of Directors - Regular Board Meeting,20703,13,2016-0762,ADOPTED,283,Diane DuBois,Aye,1
1169,2016-10-27,Board of Directors - Regular Board Meeting,20703,13,2016-0762,ADOPTED,284,Jacquelyn Dupont-Walker,Aye,1
1169,2016-10-27,Board of Directors - Regular Board Meeting,20703,13,2016-0762,ADOPTED,285,Don Knabe,Absent,0
1169,2016-10-27,Board of Directors - Regular Board Meeting,20703,13,2016-0762,ADOPTED,286,Paul Krekorian,Aye,1
1169,2016-10-27,Board of Directors - Regular Board Meeting,20703,13,2016-0762,ADOPTED,288,Ara J. Najarian,Aye,1
1169,2016-10-27,Board of Directors - Regular Board Meeting,20703,13,2016-0762,ADOPTED,279,Mark Ridley-Thomas,Aye,1
1169,2016-10-27,Board of Directors - Regular Board Meeting,20703,13,2016-0762,ADOPTED,290,Hilda L. Solis,Aye,1
1169,2016-10-27,Board of Directors - Regular Board Meeting,20707,17,2016-0720,APPROVED,280,John Fasana,Aye,1
1169,2016-10-27,Board of Directors - Regular Board Meeting,20707,17,2016-0720,APPROVED,278,Eric Garcetti,Aye,1
1169,2016-10-27,Board of Directors - Regular Board Meeting,20707,17,2016-0720,APPROVED,287,Sheila Kuehl,Aye,1
1169,2016-10-27,Board of Directors - Regular Board Meeting,20707,17,2016-0720,APPROVED,281,Michael Antonovich,Aye,1
1169,2016-10-27,Board of Directors - Regular Board Meeting,20707,17,2016-0720,APPROVED,282,Mike Bonin,Aye,1
1169,2016-10-27,Board of Directors - Regular Board Meeting,20707,17,2016-0720,APPROVED,1820,James Butts,Aye,1
1169,2016-10-27,Board of Directors - Regular Board Meeting,20707,17,2016-0720,APPROVED,283,Diane DuBois,Aye,1
1169,2016-10-27,Board of Directors - Regular Board Meeting,20707,17,2016-0720,APPROVED,284,Jacquelyn Dupont-Walker,Aye,1
1169,2016-10-27,Board of Directors - Regular Board Meeting,20707,17,2016-0720,APPROVED,285,Don Knabe,Absent,0
1169,2016-10-27,Board of Directors - Regular Board Meeting,20707,17,2016-0720,APPROVED,286,Paul Krekorian,Aye,1
1169,2016-10-27,Board of Directors - Regular Board Meeting,20707,17,2016-0720,APPROVED,288,Ara J. Najarian,Aye,1
1169,2016-10-27,Board of Directors - Regular Board Meeting,20707,17,2016-0720,APPROVED,279,Mark Ridley-Thomas,Aye,1
1169,2016-10-27,Board of Directors - Regular Board Meeting,20707,17,2016-0720,APPROVED,290,Hilda L. Solis,Aye,1
1169,2016-10-27,Board of Directors - Regular Board Meeting,20709,18,2016-0746,APPROVED,280,John Fasana,Aye,1
1169,2016-10-27,Board of Directors - Regular Board Meeting,20709,18,2016-0746,APPROVED,278,Eric Garcetti,Aye,1
1169,2016-10-27,Board of Directors - Regular Board Meeting,20709,18,2016-0746,APPROVED,287,Sheila Kuehl,Aye,1
1169,2016-10-27,Board of Directors - Regular Board Meeting,20709,18,2016-0746,APPROVED,281,Michael Antonovich,Aye,1
1169,2016-10-27,Board of Directors - Regular Board Meeting,20709,18,2016-0746,APPROVED,282,Mike Bonin,Aye,1
1169,2016-10-27,Board of Directors - Regular Board Meeting,20709,18,2016-0746,APPROVED,1820,James Butts,Aye,1
1169,2016-10-27,Board of Directors - Regular Board Meeting,20709,18,2016-0746,APPROVED,283,Diane DuBois,Aye,1
1169,2016-10-27,Board of Directors - Regular Board Meeting,20709,18,2016-0746,APPROVED,284,Jacquelyn Dupont-Walker,Aye,1
1169,2016-10-27,Board of Directors - Regular Board Meeting,20709,18,2016-0746,APPROVED,285,Don Knabe,Absent,0
1169,2016-10-27,Board of Directors - Regular Board Meeting,20709,18,2016-0746,APPROVED,286,Paul Krekorian,Aye,1
1169,2016-10-27,Board of Directors - Regular Board Meeting,20709,18,2016-0746,APPROVED,288,Ara J. Najarian,Aye,1
1169,2016-10-27,Board of Directors - Regular Board Meeting,20709,18,2016-0746,APPROVED,279,Mark Ridley-Thomas,Aye,1
1169,2016-10-27,Board of Directors - Regular Board Meeting,20709,18,2016-0746,APPROVED,290,Hilda L. Solis,Aye,1
1169,2016-10-27,Board of Directors - Regular Board Meeting,20711,19,2016-0814,RECEIVED AND FILED,280,John Fasana,Aye,1
1169,2016-10-27,Board of Directors - Regular Board Meeting,20711,19,2016-0814,RECEIVED AND FILED,278,Eric Garcetti,Aye,1
1169,2016-10-27,Board of Directors - Regular Board Meeting,20711,19,2016-0814,RECEIVED AND FILED,287,Sheila Kuehl,Aye,1
1169,2016-10-27,Board of Directors - Regular Board Meeting,20711,19,2016-0814,RECEIVED AND FILED,281,Michael Antonovich,Aye,1
1169,2016-10-27,Board of Directors - Regular Board Meeting,20711,19,2016-0814,RECEIVED AND FILED,282,Mike Bonin,Aye,1
1169,2016-10-27,Board of Directors - Regular Board Meeting,20711,19,2016-0814,RECEIVED AND FILED,1820,James Butts,Aye,1
1169,2016-10-27,Board of Directors - Regular Board Meeting,20711,19,2016-0814,RECEIVED AND FILED,283,Diane DuBois,Aye,1
1169,2016-10-27,Board of Directors - Regular Board Meeting,20711,19,2016-0814,RECEIVED AND FILED,284,Jacquelyn Dupont-Walker,Aye,1
1169,2016-10-27,Board of Directors - Regular Board Meeting,20711,19,2016-0814,RECEIVED AND FILED,285,Don Knabe,Absent,0
1169,2016-10-27,Board of Directors - Regular Board Meeting,20711,19,2016-0814,RECEIVED AND FILED,286,Paul Krekorian,Aye,1
1169,2016-10-27,Board of Directors - Regular Board Meeting,20711,19,2016-0814,RECEIVED AND FILED,288,Ara J. Najarian,Aye,1
1169,2016-10-27,Board of Directors - Regular Board Meeting,20711,19,2016-0814,RECEIVED AND FILED,279,Mark Ridley-Thomas,Aye,1
1169,2016-10-27,Board of Directors - Regular Board Meeting,20711,19,2016-0814,RECEIVED AND FILED,290,Hilda L. Solis,Aye,1
1169,2016-10-27,Board of Directors - Regular Board Meeting,20713,20,2016-0765,APPROVED,280,John Fasana,Aye,1
1169,2016-10-27,Board of Directors - Regular Board Meeting,20713,20,2016-0765,APPROVED,278,Eric Garcetti,Aye,1
1169,2016-10-27,Board of Directors - Regular Board Meeting,20713,20,2016-0765,APPROVED,287,Sheila Kuehl,Aye,1
1169,2016-10-27,Board of Directors - Regular Board Meeting,20713,20,2016-0765,APPROVED,281,Michael Antonovich,Aye,1
1169,2016-10-27,Board of Directors - Regular Board Meeting,20713,20,2016-0765,APPROVED,282,Mike Bonin,Aye,1
1169,2016-10-27,Board of Directors - Regular Board Meeting,20713,20,2016-0765,APPROVED,1820,James Butts,Aye,1
1169,2016-10-27,Board of Directors - Regular Board Meeting,20713,20,2016-0765,APPROVED,283,Diane DuBois,Aye,1
1169,2016-10-27,Board of Directors - Regular Board Meeting,20713,20,2016-0765,APPROVED,284,Jacquelyn Dupont-Walker,Aye,1
1169,2016-10-27,Board of Directors - Regular Board Meeting,20713,20,2016-0765,APPROVED,285,Don Knabe,Absent,0
1169,2016-10-27,Board of Directors - Regular Board Meeting,20713,20,2016-0765,APPROVED,286,Paul Krekorian,Aye,1
1169,2016-10-27,Board of Directors - Regular Board Meeting,20713,20,2016-0765,APPROVED,288,Ara J. Najarian,Aye,1
1169,2016-10-27,Board of Directors - Regular Board Meeting,20713,20,2016-0765,APPROVED,279,Mark Ridley-Thomas,Aye,1
1169,2016-10-27,Board of Directors - Regular Board Meeting,20713,20,2016-0765,APPROVED,290,Hilda L. Solis,Aye,1
1169,2016-10-27,Board of Directors - Regular Board Meeting,20715,21,2016-0659,APPROVED,280,John Fasana,Aye,1
1169,2016-10-27,Board of Directors - Regular Board Meeting,20715,21,2016-0659,APPROVED,278,Eric Garcetti,Aye,1
1169,2016-10-27,Board of Directors - Regular Board Meeting,20715,21,2016-0659,APPROVED,287,Sheila Kuehl,Aye,1
1169,2016-10-27,Board of Directors - Regular Board Meeting,20715,21,2016-0659,APPROVED,281,Michael Antonovich,Aye,1
1169,2016-10-27,Board of Directors - Regular Board Meeting,20715,21,2016-0659,APPROVED,282,Mike Bonin,Aye,1
1169,2016-10-27,Board of Directors - Regular Board Meeting,20715,21,2016-0659,APPROVED,1820,James Butts,Aye,1
1169,2016-10-27,Board of Directors - Regular Board Meeting,20715,21,2016-0659,APPROVED,283,Diane DuBois,Aye,1
1169,2016-10-27,Board of Directors - Regular Board Meeting,20715,21,2016-0659,APPROVED,284,Jacquelyn Dupont-Walker,Aye,1
1169,2016-10-27,Board of Directors - Regular Board Meeting,20715,21,2016-0659,APPROVED,285,Don Knabe,Absent,0
1169,2016-10-27,Board of Directors - Regular Board Meeting,20715,21,2016-0659,APPROVED,286,Paul Krekorian,Aye,1
1169,2016-10-27,Board of Directors - Regular Board Meeting,20715,21,2016-0659,APPROVED,288,Ara J. Najarian,Aye,1
1169,2016-10-27,Board of Directors - Regular Board Meeting,20715,21,2016-0659,APPROVED,279,Mark Ridley-Thomas,Aye,1
1169,2016-10-27,Board of Directors - Regular Board Meeting,20715,21,2016-0659,APPROVED,290,Hilda L. Solis,Aye,1
1169,2016-10-27,Board of Directors - Regular Board Meeting,20717,26,2016-0448,APPROVED,280,John Fasana,Aye,1
1169,2016-10-27,Board of Directors - Regular Board Meeting,20717,26,2016-0448,APPROVED,278,Eric Garcetti,Aye,1
1169,2016-10-27,Board of Directors - Regular Board Meeting,20717,26,2016-0448,APPROVED,287,Sheila Kuehl,Aye,1
1169,2016-10-27,Board of Directors - Regular Board Meeting,20717,26,2016-0448,APPROVED,281,Michael Antonovich,Aye,1
1169,2016-10-27,Board of Directors - Regular Board Meeting,20717,26,2016-0448,APPROVED,282,Mike Bonin,Aye,1
1169,2016-10-27,Board of Directors - Regular Board Meeting,20717,26,2016-0448,APPROVED,1820,James Butts,Aye,1
1169,2016-10-27,Board of Directors - Regular Board Meeting,20717,26,2016-0448,APPROVED,283,Diane DuBois,Aye,1
1169,2016-10-27,Board of Directors - Regular Board Meeting,20717,26,2016-0448,APPROVED,284,Jacquelyn Dupont-Walker,Aye,1
1169,2016-10-27,Board of Directors - Regular Board Meeting,20717,26,2016-0448,APPROVED,285,Don Knabe,Absent,0
1169,2016-10-27,Board of Directors - Regular Board Meeting,20717,26,2016-0448,APPROVED,286,Paul Krekorian,Aye,1
1169,2016-10-27,Board of Directors - Regular Board Meeting,20717,26,2016-0448,APPROVED,288,Ara J. Najarian,Aye,1
1169,2016-10-27,Board of Directors - Regular Board Meeting,20717,26,2016-0448,APPROVED,279,Mark Ridley-Thomas,Aye,1
1169,2016-10-27,Board of Directors - Regular Board Meeting,20717,26,2016-0448,APPROVED,290,Hilda L. Solis,Aye,1
1169,2016-10-27,Board of Directors - Regular Board Meeting,20719,27,2016-0628,APPROVED,280,John Fasana,Aye,1
1169,2016-10-27,Board of Directors - Regular Board Meeting,20719,27,2016-0628,APPROVED,278,Eric Garcetti,Aye,1
1169,2016-10-27,Board of Directors - Regular Board Meeting,20719,27,2016-0628,APPROVED,287,Sheila Kuehl,Aye,1
1169,2016-10-27,Board of Directors - Regular Board Meeting,20719,27,2016-0628,APPROVED,281,Michael Antonovich,Aye,1
1169,2016-10-27,Board of Directors - Regular Board Meeting,20719,27,2016-0628,APPROVED,282,Mike Bonin,Aye,1
1169,2016-10-27,Board of Directors - Regular Board Meeting,20719,27,2016-0628,APPROVED,1820,James Butts,Aye,1
1169,2016-10-27,Board of Directors - Regular Board Meeting,20719,27,2016-0628,APPROVED,283,Diane DuBois,Aye,1
1169,2016-10-27,Board of Directors - Regular Board Meeting,20719,27,2016-0628,APPROVED,284,Jacquelyn Dupont-Walker,Aye,1
1169,2016-10-27,Board of Directors - Regular Board Meeting,20719,27,2016-0628,APPROVED,285,Don Knabe,Absent,0
1169,2016-10-27,Board of Directors - Regular Board Meeting,20719,27,2016-0628,APPROVED,286,Paul Krekorian,Aye,1
1169,2016-10-27,Board of Directors - Regular Board Meeting,20719,27,2016-0628,APPROVED,288,Ara J. Najarian,Aye,1
1169,2016-10-27,Board of Directors - Regular Board Meeting,20719,27,2016-0628,APPROVED,279,Mark Ridley-Thomas,Aye,1
1169,2016-10-27,Board of Directors - Regular Board Meeting,20719,27,2016-0628,APPROVED,290,Hilda L. Solis,Aye,1
1169,2016-10-27,Board of Directors - Regular Board Meeting,20721,28,2016-0658,ADOPTED,280,John Fasana,Aye,1
1169,2016-10-27,Board of Directors - Regular Board Meeting,20721,28,2016-0658,ADOPTED,278,Eric Garcetti,Aye,1
1169,2016-10-27,Board of Directors - Regular Board Meeting,20721,28,2016-0658,ADOPTED,287,Sheila Kuehl,Aye,1
1169,2016-10-27,Board of Directors - Regular Board Meeting,20721,28,2016-0658,ADOPTED,281,Michael Antonovich,Aye,1
1169,2016-10-27,Board of Directors - Regular Board Meeting,20721,28,2016-0658,ADOPTED,282,Mike Bonin,Aye,1
1169,2016-10-27,Board of Directors - Regular Board Meeting,20721,28,2016-0658,ADOPTED,1820,James Butts,Aye,1
1169,2016-10-27,Board of Directors - Regular Board Meeting,20721,28,2016-0658,ADOPTED,283,Diane DuBois,Aye,1
1169,2016-10-27,Board of Directors - Regular Board Meeting,20721,28,2016-0658,ADOPTED,284,Jacquelyn Dupont-Walker,Aye,1
1169,2016-10-27,Board of Directors - Regular Board Meeting,20721,28,2016-0658,ADOPTED,285,Don Knabe,Absent,0
1169,2016-10-27,Board of Directors - Regular Board Meeting,20721,28,2016-0658,ADOPTED,286,Paul Krekorian,Aye,1
1169,2016-10-27,Board of Directors - Regular Board Meeting,20721,28,2016-0658,ADOPTED,288,Ara J. Najarian,Aye,1
1169,2016-10-27,Board of Directors - Regular Board Meeting,20721,28,2016-0658,ADOPTED,279,Mark Ridley-Thomas,Aye,1
1169,2016-10-27,Board of Directors - Regular Board Meeting,20721,28,2016-0658,ADOPTED,290,Hilda L. Solis,Aye,1
1169,2016-10-27,Board of Directors - Regular Board Meeting,20733,39,2016-0743,APPROVED,280,John Fasana,Aye,1
1169,2016-10-27,Board of Directors - Regular Board Meeting,20733,39,2016-0743,APPROVED,278,Eric Garcetti,Aye,1
1169,2016-10-27,Board of Directors - Regular Board Meeting,20733,39,2016-0743,APPROVED,287,Sheila Kuehl,Aye,1
1169,2016-10-27,Board of Directors - Regular Board Meeting,20733,39,2016-0743,APPROVED,281,Michael Antonovich,Aye,1
1169,2016-10-27,Board of Directors - Regular Board Meeting,20733,39,2016-0743,APPROVED,282,Mike Bonin,Aye,1
1169,2016-10-27,Board of Directors - Regular Board Meeting,20733,39,2016-0743,APPROVED,1820,James Butts,Aye,1
1169,2016-10-27,Board of Directors - Regular Board Meeting,20733,39,2016-0743,APPROVED,283,Diane DuBois,Aye,1
1169,2016-10-27,Board of Directors - Regular Board Meeting,20733,39,2016-0743,APPROVED,284,Jacquelyn Dupont-Walker,Aye,1
1169,2016-10-27,Board of Directors - Regular Board Meeting,20733,39,2016-0743,APPROVED,285,Don Knabe,Absent,0
1169,2016-10-27,Board of Directors - Regular Board Meeting,20733,39,2016-0743,APPROVED,286,Paul Krekorian,Aye,1
1169,2016-10-27,Board of Directors - Regular Board Meeting,20733,39,2016-0743,APPROVED,288,Ara J. Najarian,Aye,1
1169,2016-10-27,Board of Directors - Regular Board Meeting,20733,39,2016-0743,APPROVED,279,Mark Ridley-Thomas,Aye,1
1169,2016-10-27,Board of Directors - Regular Board Meeting,20733,39,2016-0743,APPROVED,290,Hilda L. Solis,Aye,1
1169,2016-10-27,Board of Directors - Regular Board Meeting,20735,40,2016-0584,APPROVED,280,John Fasana,Aye,1
1169,2016-10-27,Board of Directors - Regular Board Meeting,20735,40,2016-0584,APPROVED,278,Eric Garcetti,Aye,1
1169,2016-10-27,Board of Directors - Regular Board Meeting,20735,40,2016-0584,APPROVED,287,Sheila Kuehl,Aye,1
1169,2016-10-27,Board of Directors - Regular Board Meeting,20735,40,2016-0584,APPROVED,281,Michael Antonovich,Aye,1
1169,2016-10-27,Board of Directors - Regular Board Meeting,20735,40,2016-0584,APPROVED,282,Mike Bonin,Aye,1
1169,2016-10-27,Board of Directors - Regular Board Meeting,20735,40,2016-0584,APPROVED,1820,James Butts,Aye,1
1169,2016-10-27,Board of Directors - Regular Board Meeting,20735,40,2016-0584,APPROVED,283,Diane DuBois,Aye,1
1169,2016-10-27,Board of Directors - Regular Board Meeting,20735,40,2016-0584,APPROVED,284,Jacquelyn Dupont-Walker,Aye,1
1169,2016-10-27,Board of Directors - Regular Board Meeting,20735,40,2016-0584,APPROVED,285,Don Knabe,Absent,0
1169,2016-10-27,Board of Directors - Regular Board Meeting,20735,40,2016-0584,APPROVED,286,Paul Krekorian,Aye,1
1169,2016-10-27,Board of Directors - Regular Board Meeting,20735,40,2016-0584,APPROVED,288,Ara J. Najarian,Aye,1
1169,2016-10-27,Board of Directors - Regular Board Meeting,20735,40,2016-0584,APPROVED,279,Mark Ridley-Thomas,Aye,1
1169,2016-10-27,Board of Directors - Regular Board Meeting,20735,40,2016-0584,APPROVED,290,Hilda L. Solis,Aye,1
1169,2016-10-27,Board of Directors - Regular Board Meeting,20737,41,2016-0642,RECEIVED AND FILED,280,John Fasana,Aye,1
1169,2016-10-27,Board of Directors - Regular Board Meeting,20737,41,2016-0642,RECEIVED AND FILED,278,Eric Garcetti,Aye,1
1169,2016-10-27,Board of Directors - Regular Board Meeting,20737,41,2016-0642,RECEIVED AND FILED,287,Sheila Kuehl,Aye,1
1169,2016-10-27,Board of Directors - Regular Board Meeting,20737,41,2016-0642,RECEIVED AND FILED,281,Michael Antonovich,Aye,1
1169,2016-10-27,Board of Directors - Regular Board Meeting,20737,41,2016-0642,RECEIVED AND FILED,282,Mike Bonin,Aye,1
1169,2016-10-27,Board of Directors - Regular Board Meeting,20737,41,2016-0642,RECEIVED AND FILED,1820,James Butts,Aye,1
1169,2016-10-27,Board of Directors - Regular Board Meeting,20737,41,2016-0642,RECEIVED AND FILED,283,Diane DuBois,Aye,1
1169,2016-10-27,Board of Directors - Regular Board Meeting,20737,41,2016-0642,RECEIVED AND FILED,284,Jacquelyn Dupont-Walker,Aye,1
1169,2016-10-27,Board of Directors - Regular Board Meeting,20737,41,2016-0642,RECEIVED AND FILED,285,Don Knabe,Absent,0
1169,2016-10-27,Board of Directors - Regular Board Meeting,20737,41,2016-0642,RECEIVED AND FILED,286,Paul Krekorian,Aye,1
1169,2016-10-27,Board of Directors - Regular Board Meeting,20737,41,2016-0642,RECEIVED AND FILED,288,Ara J. Najarian,Aye,1
1169,2016-10-27,Board of Directors - Regular Board Meeting,20737,41,2016-0642,RECEIVED AND FILED,279,Mark Ridley-Thomas,Aye,1
1169,2016-10-27,Board of Directors - Regular Board Meeting,20737,41,2016-0642,RECEIVED AND FILED,290,Hilda L. Solis,Aye,1
1169,2016-10-27,Board of Directors - Regular Board Meeting,20739,43,2016-0838,APPROVED,280,John Fasana,Aye,1
1169,2016-10-27,Board of Directors - Regular Board Meeting,20739,43,2016-0838,APPROVED,278,Eric Garcetti,Aye,1
1169,2016-10-27,Board of Directors - Regular Board Meeting,20739,43,2016-0838,APPROVED,287,Sheila Kuehl,Aye,1
1169,2016-10-27,Board of Directors - Regular Board Meeting,20739,43,2016-0838,APPROVED,281,Michael Antonovich,Aye,1
1169,2016-10-27,Board of Directors - Regular Board Meeting,20739,43,2016-0838,APPROVED,282,Mike Bonin,Aye,1
1169,2016-10-27,Board of Directors - Regular Board Meeting,20739,43,2016-0838,APPROVED,1820,James Butts,Aye,1
1169,2016-10-27,Board of Directors - Regular Board Meeting,20739,43,2016-0838,APPROVED,283,Diane DuBois,Aye,1
1169,2016-10-27,Board of Directors - Regular Board Meeting,20739,43,2016-0838,APPROVED,284,Jacquelyn Dupont-Walker,Aye,1
1169,2016-10-27,Board of Directors - Regular Board Meeting,20739,43,2016-0838,APPROVED,285,Don Knabe,Absent,0
1169,2016-10-27,Board of Directors - Regular Board Meeting,20739,43,2016-0838,APPROVED,286,Paul Krekorian,Aye,1
1169,2016-10-27,Board of Directors - Regular Board Meeting,20739,43,2016-0838,APPROVED,288,Ara J. Najarian,Aye,1
1169,2016-10-27,Board of Directors - Regular Board Meeting,20739,43,2016-0838,APPROVED,279,Mark Ridley-Thomas,Aye,1
1169,2016-10-27,Board of Directors - Regular Board Meeting,20739,43,2016-0838,APPROVED,290,Hilda L. Solis,Aye,1
1169,2016-10-27,Board of Directors - Regular Board Meeting,20746,45,2016-0616,ADOPTED,280,John Fasana,Aye,1
1169,2016-10-27,Board of Directors - Regular Board Meeting,20746,45,2016-0616,ADOPTED,278,Eric Garcetti,Conflict,0
1169,2016-10-27,Board of Directors - Regular Board Meeting,20746,45,2016-0616,ADOPTED,287,Sheila Kuehl,Absent,0
1169,2016-10-27,Board of Directors - Regular Board Meeting,20746,45,2016-0616,ADOPTED,281,Michael Antonovich,Absent,0
1169,2016-10-27,Board of Directors - Regular Board Meeting,20746,45,2016-0616,ADOPTED,282,Mike Bonin,Aye,1
1169,2016-10-27,Board of Directors - Regular Board Meeting,20746,45,2016-0616,ADOPTED,1820,James Butts,Absent,0
1169,2016-10-27,Board of Directors - Regular Board Meeting,20746,45,2016-0616,ADOPTED,283,Diane DuBois,Aye,1
1169,2016-10-27,Board of Directors - Regular Board Meeting,20746,45,2016-0616,ADOPTED,284,Jacquelyn Dupont-Walker,Aye,1
1169,2016-10-27,Board of Directors - Regular Board Meeting,20746,45,2016-0616,ADOPTED,285,Don Knabe,Aye,1
1169,2016-10-27,Board of Directors - Regular Board Meeting,20746,45,2016-0616,ADOPTED,286,Paul Krekorian,Aye,1
1169,2016-10-27,Board of Directors - Regular Board Meeting,20746,45,2016-0616,ADOPTED,288,Ara J. Najarian,Aye,1
1169,2016-10-27,Board of Directors - Regular Board Meeting,20746,45,2016-0616,ADOPTED,279,Mark Ridley-Thomas,Absent,0
1169,2016-10-27,Board of Directors - Regular Board Meeting,20746,45,2016-0616,ADOPTED,290,Hilda L. Solis,Aye,1
1169,2016-10-27,Board of Directors - Regular Board Meeting,20756,22,2016-0742,RECEIVED AND FILED,280,John Fasana,Aye,1
1169,2016-10-27,Board of Directors - Regular Board Meeting,20756,22,2016-0742,RECEIVED AND FILED,278,Eric Garcetti,Aye,1
1169,2016-10-27,Board of Directors - Regular Board Meeting,20756,22,2016-0742,RECEIVED AND FILED,287,Sheila Kuehl,Aye,1
1169,2016-10-27,Board of Directors - Regular Board Meeting,20756,22,2016-0742,RECEIVED AND FILED,281,Michael Antonovich,Absent,0
1169,2016-10-27,Board of Directors - Regular Board Meeting,20756,22,2016-0742,RECEIVED AND FILED,282,Mike Bonin,Aye,1
1169,2016-10-27,Board of Directors - Regular Board Meeting,20756,22,2016-0742,RECEIVED AND FILED,1820,James Butts,Aye,1
1169,2016-10-27,Board of Directors - Regular Board Meeting,20756,22,2016-0742,RECEIVED AND FILED,283,Diane DuBois,Aye,1
1169,2016-10-27,Board of Directors - Regular Board Meeting,20756,22,2016-0742,RECEIVED AND FILED,284,Jacquelyn Dupont-Walker,Aye,1
1169,2016-10-27,Board of Directors - Regular Board Meeting,20756,22,2016-0742,RECEIVED AND FILED,285,Don Knabe,Aye,1
1169,2016-10-27,Board of Directors - Regular Board Meeting,20756,22,2016-0742,RECEIVED AND FILED,286,Paul Krekorian,Aye,1
1169,2016-10-27,Board of Directors - Regular Board Meeting,20756,22,2016-0742,RECEIVED AND FILED,288,Ara J. Najarian,Aye,1
1169,2016-10-27,Board of Directors - Regular Board Meeting,20756,22,2016-0742,RECEIVED AND FILED,279,Mark Ridley-Thomas,Absent,0
1169,2016-10-27,Board of Directors - Regular Board Meeting,20756,22,2016-0742,RECEIVED AND FILED,290,Hilda L. Solis,Aye,1
1169,2016-10-27,Board of Directors - Regular Board Meeting,20760,14,2016-0706,RECEIVED AND FILED,280,John Fasana,Aye,1
1169,2016-10-27,Board of Directors - Regular Board Meeting,20760,14,2016-0706,RECEIVED AND FILED,278,Eric Garcetti,Aye,1
1169,2016-10-27,Board of Directors - Regular Board Meeting,20760,14,2016-0706,RECEIVED AND FILED,287,Sheila Kuehl,Aye,1
1169,2016-10-27,Board of Directors - Regular Board Meeting,20760,14,2016-0706,RECEIVED AND FILED,281,Michael Antonovich,Absent,0
1169,2016-10-27,Board of Directors - Regular Board Meeting,20760,14,2016-0706,RECEIVED AND FILED,282,Mike Bonin,Aye,1
1169,2016-10-27,Board of Directors - Regular Board Meeting,20760,14,2016-0706,RECEIVED AND FILED,1820,James Butts,Aye,1
1169,2016-10-27,Board of Directors - Regular Board Meeting,20760,14,2016-0706,RECEIVED AND FILED,283,Diane DuBois,Aye,1
1169,2016-10-27,Board of Directors - Regular Board Meeting,20760,14,2016-0706,RECEIVED AND FILED,284,Jacquelyn Dupont-Walker,Aye,1
1169,2016-10-27,Board of Directors - Regular Board Meeting,20760,14,2016-0706,RECEIVED AND FILED,285,Don Knabe,Aye,1
1169,2016-10-27,Board of Directors - Regular Board Meeting,20760,14,2016-0706,RECEIVED AND FILED,286,Paul Krekorian,Aye,1
1169,2016-10-27,Board of Directors - Regular Board Meeting,20760,14,2016-0706,RECEIVED AND FILED,288,Ara J. Najarian,Aye,1
1169,2016-10-27,Board of Directors - Regular Board Meeting,20760,14,2016-0706,RECEIVED AND FILED,279,Mark Ridley-Thomas,Absent,0
1169,2016-10-27,Board of Directors - Regular Board Meeting,20760,14,2016-0706,RECEIVED AND FILED,290,Hilda L. Solis,Aye,1
1169,2016-10-27,Board of Directors - Regular Board Meeting,41829,42,2016-0852,APPROVED,280,John Fasana,Aye,1
1169,2016-10-27,Board of Directors - Regular Board Meeting,41829,42,2016-0852,APPROVED,278,Eric Garcetti,Aye,1
1169,2016-10-27,Board of Directors - Regular Board Meeting,41829,42,2016-0852,APPROVED,287,Sheila Kuehl,Aye,1
1169,2016-10-27,Board of Directors - Regular Board Meeting,41829,42,2016-0852,APPROVED,281,Michael Antonovich,Aye,1
1169,2016-10-27,Board of Directors - Regular Board Meeting,41829,42,2016-0852,APPROVED,282,Mike Bonin,Aye,1
1169,2016-10-27,Board of Directors - Regular Board Meeting,41829,42,2016-0852,APPROVED,1820,James Butts,Aye,1
1169,2016-10-27,Board of Directors - Regular Board Meeting,41829,42,2016-0852,APPROVED,283,Diane DuBois,Aye,1
1169,2016-10-27,Board of Directors - Regular Board Meeting,41829,42,2016-0852,APPROVED,284,Jacquelyn Dupont-Walker,Aye,1
1169,2016-10-27,Board of Directors - Regular Board Meeting,41829,42,2016-0852,APPROVED,285,Don Knabe,Absent,0
1169,2016-10-27,Board of Directors - Regular Board Meeting,41829,42,2016-0852,APPROVED,286,Paul Krekorian,Absent,0
1169,2016-10-27,Board of Directors - Regular Board Meeting,41829,42,2016-0852,APPROVED,288,Ara J. Najarian,Aye,1
1169,2016-10-27,Board of Directors - Regular Board Meeting,41829,42,2016-0852,APPROVED,279,Mark Ridley-Thomas,Aye,1
1169,2016-10-27,Board of Directors - Regular Board Meeting,41829,42,2016-0852,APPROVED,290,Hilda L. Solis,Aye,1
1169,2016-10-27,Board of Directors - Regular Board Meeting,41831,,,APPROVED ON CONSENT CALENDAR,280,John Fasana,Aye,1
1169,2016-10-27,Board of Directors - Regular Board Meeting,41831,,,APPROVED ON CONSENT CALENDAR,278,Eric Garcetti,Aye,1
1169,2016-10-27,Board of Directors - Regular Board Meeting,41831,,,APPROVED ON CONSENT CALENDAR,287,Sheila Kuehl,Aye,1
1169,2016-10-27,Board of Directors - Regular Board Meeting,41831,,,APPROVED ON CONSENT CALENDAR,281,Michael Antonovich,Aye,1
1169,2016-10-27,Board of Directors - Regular Board Meeting,41831,,,APPROVED ON CONSENT CALENDAR,282,Mike Bonin,Aye,1
1169,2016-10-27,Board of Directors - Regular Board Meeting,41831,,,APPROVED ON CONSENT CALENDAR,1820,James Butts,Aye,1
1169,2016-10-27,Board of Directors - Regular Board Meeting,41831,,,APPROVED ON CONSENT CALENDAR,283,Diane DuBois,Aye,1
1169,2016-10-27,Board of Directors - Regular Board Meeting,41831,,,APPROVED ON CONSENT CALENDAR,284,Jacquelyn Dupont-Walker,Aye,1
1169,2016-10-27,Board of Directors - Regular Board Meeting,41831,,,APPROVED ON CONSENT CALENDAR,285,Don Knabe,Absent,0
1169,2016-10-27,Board of Directors - Regular Board Meeting,41831,,,APPROVED ON CONSENT CALENDAR,286,Paul Krekorian,Aye,1
1169,2016-10-27,Board of Directors - Regular Board Meeting,41831,,,APPROVED ON CONSENT CALENDAR,288,Ara J. Najarian,Aye,1
1169,2016-10-27,Board of Directors - Regular Board Meeting,41831,,,APPROVED ON CONSENT CALENDAR,279,Mark Ridley-Thomas,Aye,1
1169,2016-10-27,Board of Directors - Regular Board Meeting,41831,,,APPROVED ON CONSENT CALENDAR,290,Hilda L. Solis,Aye,1
