event_id,event_date,body,item_id,agenda_number,matter_file,action,person_id,person,vote,vote_result
2926,2025-01-23,Board of Directors - Regular Board Meeting,137960,2,2025-0032,APPROVED ON CONSENT CALENDAR,1981,Janice Hahn,Aye,1
2926,2025-01-23,Board of Directors - Regular Board Meeting,137960,2,2025-0032,APPROVED ON CONSENT CALENDAR,2253,Fernando Dutra,Aye,1
2926,2025-01-23,Board of Directors - Regular Board Meeting,137960,2,2025-0032,APPROVED ON CONSENT CALENDAR,284,Jacquelyn Dupont-Walker,Absent,0
2926,2025-01-23,Board of Directors - Regular Board Meeting,137960,2,2025-0032,APPROVED ON CONSENT CALENDAR,1982,Kathryn Barger,Aye,1
2926,2025-01-23,Board of Directors - Regular Board Meeting,137960,2,2025-0032,APPROVED ON CONSENT CALENDAR,3355,Karen Bass,Absent,0
2926,2025-01-23,Board of Directors - Regular Board Meeting,137960,2,2025-0032,APPROVED ON CONSENT CALENDAR,1820,James Butts,Aye,1
2926,2025-01-23,Board of Directors - Regular Board Meeting,137960,2,2025-0032,APPROVED ON CONSENT CALENDAR,3356,Lindsey Horvath,Aye,1
2926,2025-01-23,Board of Directors - Regular Board Meeting,137960,2,2025-0032,APPROVED ON CONSENT CALENDAR,2240,Holly J. Mitchell,Absent,0
2926,2025-01-23,Board of Directors - Regular Board Meeting,137960,2,2025-0032,APPROVED ON CONSENT CALENDAR,288,Ara J. Najarian,Aye,1
2926,2025-01-23,Board of Directors - Regular Board Meeting,137960,2,2025-0032,APPROVED ON CONSENT CALENDAR,2244,Tim Sandoval,Aye,1
2926,2025-01-23,Board of Directors - Regular Board Meeting,137960,2,2025-0032,APPROVED ON CONSENT CALENDAR,290,Hilda L. Solis,Aye,1
2926,2025-01-23,Board of Directors - Regular Board Meeting,137960,2,2025-0032,APPROVED ON CONSENT CALENDAR,3373,Katy Yaroslavsky,Aye,1
2926,2025-01-23,Board of Directors - Regular Board Meeting,137961,12,2024-1018,APPROVED,1981,Janice Hahn,Aye,1
2926,2025-01-23,Board of Directors - Regular Board Meeting,137961,12,2024-1018,APPROVED,2253,Fernando Dutra,Aye,1
2926,2025-01-23,Board of Directors - Regular Board Meeting,137961,12,2024-1018,APPROVED,284,Jacquelyn Dupont-Walker,Absent,0
2926,2025-01-23,Board of Directors - Regular Board Meeting,137961,12,2024-1018,APPROVED,1982,Kathryn Barger,Aye,1
2926,2025-01-23,Board of Directors - Regular Board Meeting,137961,12,2024-1018,APPROVED,3355,Karen Bass,Absent,0
2926,2025-01-23,Board of Directors - Regular Board Meeting,137961,12,2024-1018,APPROVED,1820,James Butts,Aye,1
2926,2025-01-23,Board of Directors - Regular Board Meeting,137961,12,2024-1018,APPROVED,3356,Lindsey Horvath,Aye,1
2926,2025-01-23,Board of Directors - Regular Board Meeting,137961,12,2024-1018,APPROVED,2240,Holly J. Mitchell,Absent,0
2926,2025-01-23,Board of Directors - Regular Board Meeting,137961,12,2024-1018,APPROVED,288,Ara J. Najarian,Aye,1
2926,2025-01-23,Board of Directors - Regular Board Meeting,137961,12,2024-1018,APPROVED,2244,Tim Sandoval,Aye,1
2926,2025-01-23,Board of Directors - Regular Board Meeting,137961,12,2024-1018,APPROVED,290,Hilda L. Solis,Aye,1
2926,2025-01-23,Board of Directors - Regular Board Meeting,137961,12,2024-1018,APPROVED,3373,Katy Yaroslavsky,Aye,1
2926,2025-01-23,Board of Directors - Regular Board Meeting,137963,11,2024-0536,APPROVED,1981,Janice Hahn,Aye,1
2926,2025-01-23,Board of Directors - Regular Board Meeting,137963,11,2024-0536,APPROVED,2253,Fernando Dutra,Aye,1
2926,2025-01-23,Board of Directors - Regular Board Meeting,137963,11,2024-0536,APPROVED,284,Jacquelyn Dupont-Walker,Absent,0
2926,2025-01-23,Board of Directors - Regular Board Meeting,137963,11,2024-0536,APPROVED,1982,Kathryn Barger,Aye,1
2926,2025-01-23,Board of Directors - Regular Board Meeting,137963,11,2024-0536,APPROVED,3355,Karen Bass,Absent,0
2926,2025-01-23,Board of Directors - Regular Board Meeting,137963,11,2024-0536,APPROVED,1820,James Butts,Aye,1
2926,2025-01-23,Board of Directors - Regular Board Meeting,137963,11,2024-0536,APPROVED,3356,Lindsey Horvath,Aye,1
2926,2025-01-23,Board of Directors - Regular Board Meeting,137963,11,2024-0536,APPROVED,2240,Holly J. Mitchell,Absent,0
2926,2025-01-23,Board of Directors - Regular Board Meeting,137963,11,2024-0536,APPROVED,288,Ara J. Najarian,Aye,1
2926,2025-01-23,Board of Directors - Regular Board Meeting,137963,11,2024-0536,APPROVED,2244,Tim Sandoval,Aye,1
2926,2025-01-23,Board of Directors - Regular Board Meeting,137963,11,2024-0536,APPROVED,290,Hilda L. Solis,Aye,1
2926,2025-01-23,Board of Directors - Regular Board Meeting,137963,11,2024-0536,APPROVED,3373,Katy Yaroslavsky,Aye,1
2926,2025-01-23,Board of Directors - Regular Board Meeting,137965,9,2024-0928,APPROVED,1981,Janice Hahn,Aye,1
2926,2025-01-23,Board of Directors - Regular Board Meeting,137965,9,2024-0928,APPROVED,2253,Fernando Dutra,Aye,1
2926,2025-01-23,Board of Directors - Regular Board Meeting,137965,9,2024-0928,APPROVED,284,Jacquelyn Dupont-Walker,Absent,0
2926,2025-01-23,Board of Directors - Regular Board Meeting,137965,9,2024-0928,APPROVED,1982,Kathryn Barger,Absent,0
2926,2025-01-23,Board of Directors - Regular Board Meeting,137965,9,2024-0928,APPROVED,3355,Karen Bass,Absent,0
2926,2025-01-23,Board of Directors - Regular Board Meeting,137965,9,2024-0928,APPROVED,1820,James Butts,Aye,1
2926,2025-01-23,Board of Directors - Regular Board Meeting,137965,9,2024-0928,APPROVED,3356,Lindsey Horvath,Aye,1
2926,2025-01-23,Board of Directors - Regular Board Meeting,137965,9,2024-0928,APPROVED,2240,Holly J. Mitchell,Absent,0
2926,2025-01-23,Board of Directors - Regular Board Meeting,137965,9,2024-0928,APPROVED,288,Ara J. Najarian,Aye,1
2926,2025-01-23,Board of Directors - Regular Board Meeting,137965,9,2024-0928,APPROVED,2244,Tim Sandoval,Aye,1
2926,2025-01-23,Board of Directors - Regular Board Meeting,137965,9,2024-0928,APPROVED,290,Hilda L. Solis,Aye,1
2926,2025-01-23,Board of Directors - Regular Board Meeting,137965,9,2024-0928,APPROVED,3373,Katy Yaroslavsky,Aye,1
2926,2025-01-23,Board of Directors - Regular Board Meeting,137967,8,2024-1020,APPROVED,1981,Janice Hahn,Aye,1
2926,2025-01-23,Board of Directors - Regular Board Meeting,137967,8,2024-1020,APPROVED,2253,Fernando Dutra,Aye,1
2926,2025-01-23,Board of Directors - Regular Board Meeting,137967,8,2024-1020,APPROVED,284,Jacquelyn Dupont-Walker,Absent,0
2926,2025-01-23,Board of Directors - Regular Board Meeting,137967,8,2024-1020,APPROVED,1982,Kathryn Barger,Aye,1
2926,2025-01-23,Board of Directors - Regular Board Meeting,137967,8,2024-1020,APPROVED,3355,Karen Bass,Absent,0
2926,2025-01-23,Board of Directors - Regular Board Meeting,137967,8,2024-1020,APPROVED,1820,James Butts,Aye,1
2926,2025-01-23,Board of Directors - Regular Board Meeting,137967,8,2024-1020,APPROVED,3356,Lindsey Horvath,Aye,1
2926,2025-01-23,Board of Directors - Regular Board Meeting,137967,8,2024-1020,APPROVED,2240,Holly J. Mitchell,Absent,0
2926,2025-01-23,Board of Directors - Regular Board Meeting,137967,8,2024-1020,APPROVED,288,Ara J. Najarian,Aye,1
2926,2025-01-23,Board of Directors - Regular Board Meeting,137967,8,2024-1020,APPROVED,2244,Tim Sandoval,Aye,1
2926,2025-01-23,Board of Directors - Regular Board Meeting,137967,8,2024-1020,APPROVED,290,Hilda L. Solis,Aye,1
2926,2025-01-23,Board of Directors - Regular Board Meeting,137967,8,2024-1020,APPROVED,3373,Katy Yaroslavsky,Aye,1
2926,2025-01-23,Board of Directors - Regular Board Meeting,137968,7,2024-1088,APPROVED,1981,Janice Hahn,Aye,1
2926,2025-01-23,Board of Directors - Regular Board Meeting,137968,7,2024-1088,APPROVED,2253,Fernando Dutra,Aye,1
2926,2025-01-23,Board of Directors - Regular Board Meeting,137968,7,2024-1088,APPROVED,284,Jacquelyn Dupont-Walker,Absent,0
2926,2025-01-23,Board of Directors - Regular Board Meeting,137968,7,2024-1088,APPROVED,1982,Kathryn Barger,Aye,1
2926,2025-01-23,Board of Directors - Regular Board Meeting,137968,7,2024-1088,APPROVED,3355,Karen Bass,Absent,0
2926,2025-01-23,Board of Directors - Regular Board Meeting,137968,7,2024-1088,APPROVED,1820,James Butts,Aye,1
2926,2025-01-23,Board of Directors - Regular Board Meeting,137968,7,2024-1088,APPROVED,3356,Lindsey Horvath,Aye,1
2926,2025-01-23,Board of Directors - Regular Board Meeting,137968,7,2024-1088,APPROVED,2240,Holly J. Mitchell,Absent,0
2926,2025-01-23,Board of Directors - Regular Board Meeting,137968,7,2024-1088,APPROVED,288,Ara J. Najarian,Aye,1
2926,2025-01-23,Board of Directors - Regular Board Meeting,137968,7,2024-1088,APPROVED,2244,Tim Sandoval,Aye,1
2926,2025-01-23,Board of Directors - Regular Board Meeting,137968,7,2024-1088,APPROVED,290,Hilda L. Solis,Aye,1
2926,2025-01-23,Board of Directors - Regular Board Meeting,137968,7,2024-1088,APPROVED,3373,Katy Yaroslavsky,Aye,1
2926,2025-01-23,Board of Directors - Regular Board Meeting,137969,37,2024-1082,ADOPTED,1981,Janice Hahn,Aye,1
2926,2025-01-23,Board of Directors - Regular Board Meeting,137969,37,2024-1082,ADOPTED,2253,Fernando Dutra,Aye,1
2926,2025-01-23,Board of Directors - Regular Board Meeting,137969,37,2024-1082,ADOPTED,284,Jacquelyn Dupont-Walker,Aye,1
2926,2025-01-23,Board of Directors - Regular Board Meeting,137969,37,2024-1082,ADOPTED,1982,Kathryn Barger,Absent,0
2926,2025-01-23,Board of Directors - Regular Board Meeting,137969,37,2024-1082,ADOPTED,3355,Karen Bass,Absent,0
2926,2025-01-23,Board of Directors - Regular Board Meeting,137969,37,2024-1082,ADOPTED,1820,James Butts,Aye,1
2926,2025-01-23,Board of Directors - Regular Board Meeting,137969,37,2024-1082,ADOPTED,3356,Lindsey Horvath,Aye,1
2926,2025-01-23,Board of Directors - Regular Board Meeting,137969,37,2024-1082,ADOPTED,2240,Holly J. Mitchell,Absent,0
2926,2025-01-23,Board of Directors - Regular Board Meeting,137969,37,2024-1082,ADOPTED,288,Ara J. Najarian,Aye,1
2926,2025-01-23,Board of Directors - Regular Board Meeting,137969,37,2024-1082,ADOPTED,2244,Tim Sandoval,Aye,1
2926,2025-01-23,Board of Directors - Regular Board Meeting,137969,37,2024-1082,ADOPTED,290,Hilda L. Solis,Aye,1
2926,2025-01-23,Board of Directors - Regular Board Meeting,137969,37,2024-1082,ADOPTED,3373,Katy Yaroslavsky,Aye,1
2926,2025-01-23,Board of Directors - Regular Board Meeting,137970,13,2024-0521,APPROVED,1981,Janice Hahn,Aye,1
2926,2025-01-23,Board of Directors - Regular Board Meeting,137970,13,2024-0521,APPROVED,2253,Fernando Dutra,Aye,1
2926,2025-01-23,Board of Directors - Regular Board Meeting,137970,13,2024-0521,APPROVED,284,Jacquelyn Dupont-Walker,Aye,1
2926,2025-01-23,Board of Directors - Regular Board Meeting,137970,13,2024-0521,APPROVED,1982,Kathryn Barger,Absent,0
2926,2025-01-23,Board of Directors - Regular Board Meeting,137970,13,2024-0521,APPROVED,3355,Karen Bass,Absent,0
2926,2025-01-23,Board of Directors - Regular Board Meeting,137970,13,2024-0521,APPROVED,1820,James Butts,Aye,1
2926,2025-01-23,Board of Directors - Regular Board Meeting,137970,13,2024-0521,APPROVED,3356,Lindsey Horvath,Aye,1
2926,2025-01-23,Board of Directors - Regular Board Meeting,137970,13,2024-0521,APPROVED,2240,Holly J. Mitchell,Absent,0
2926,2025-01-23,Board of Directors - Regular Board Meeting,137970,13,2024-0521,APPROVED,288,Ara J. Najarian,Aye,1
2926,2025-01-23,Board of Directors - Regular Board Meeting,137970,13,2024-0521,APPROVED,2244,Tim Sandoval,Aye,1
2926,2025-01-23,Board of Directors - Regular Board Meeting,137970,13,2024-0521,APPROVED,290,Hilda L. Solis,Aye,1
2926,2025-01-23,Board of Directors - Regular Board Meeting,137970,13,2024-0521,APPROVED,3373,Katy Yaroslavsky,Aye,1
2926,2025-01-23,Board of Directors - Regular Board Meeting,137971,4,2025-0030,RECEIVED,1981,Janice Hahn,Present,0
2926,2025-01-23,Board of Directors - Regular Board Meeting,137971,4,2025-0030,RECEIVED,2253,Fernando Dutra,Present,0
2926,2025-01-23,Board of Directors - Regular Board Meeting,137971,4,2025-0030,RECEIVED,284,Jacquelyn Dupont-Walker,Present,0
2926,2025-01-23,Board of Directors - Regular Board Meeting,137971,4,2025-0030,RECEIVED,1982,Kathryn Barger,Absent,0
2926,2025-01-23,Board of Directors - Regular Board Meeting,137971,4,2025-0030,RECEIVED,3355,Karen Bass,Absent,0
2926,2025-01-23,Board of Directors - Regular Board Meeting,137971,4,2025-0030,RECEIVED,1820,James Butts,Present,0
2926,2025-01-23,Board of Directors - Regular Board Meeting,137971,4,2025-0030,RECEIVED,3356,Lindsey Horvath,Present,0
2926,2025-01-23,Board of Directors - Regular Board Meeting,137971,4,2025-0030,RECEIVED,2240,Holly J. Mitchell,Absent,0
2926,2025-01-23,Board of Directors - Regular Board Meeting,137971,4,2025-0030,RECEIVED,288,Ara J. Najarian,Present,0
2926,2025-01-23,Board of Directors - Regular Board Meeting,137971,4,2025-0030,RECEIVED,2244,Tim Sandoval,Present,0
2926,2025-01-23,Board of Directors - Regular Board Meeting,137971,4,2025-0030,RECEIVED,290,Hilda L. Solis,Present,0
2926,2025-01-23,Board of Directors - Regular Board Meeting,137971,4,2025-0030,RECEIVED,3373,Katy Yaroslavsky,Present,0
2926,2025-01-23,Board of Directors - Regular Board Meeting,137972,3,2025-0029,RECEIVED,1981,Janice Hahn,Present,0
2926,2025-01-23,Board of Directors - Regular Board Meeting,137972,3,2025-0029,RECEIVED,2253,Fernando Dutra,Present,0
2926,2025-01-23,Board of Directors - Regular Board Meeting,137972,3,2025-0029,RECEIVED,284,Jacquelyn Dupont-Walker,Absent,0
2926,2025-01-23,Board of Directors - Regular Board Meeting,137972,3,2025-0029,RECEIVED,1982,Kathryn Barger,Present,0
2926,2025-01-23,Board of Directors - Regular Board Meeting,137972,3,2025-0029,RECEIVED,3355,Karen Bass,Absent,0
2926,2025-01-23,Board of Directors - Regular Board Meeting,137972,3,2025-0029,RECEIVED,1820,James Butts,Present,0
2926,2025-01-23,Board of Directors - Regular Board Meeting,137972,3,2025-0029,RECEIVED,3356,Lindsey Horvath,Present,0
2926,2025-01-23,Board of Directors - Regular Board Meeting,137972,3,2025-0029,RECEIVED,2240,Holly J. Mitchell,Absent,0
2926,2025-01-23,Board of Directors - Regular Board Meeting,137972,3,2025-0029,RECEIVED,288,Ara J. Najarian,Present,0
2926,2025-01-23,Board of Directors - Regular Board Meeting,137972,3,2025-0029,RECEIVED,2244,Tim Sandoval,Present,0
2926,2025-01-23,Board of Directors - Regular Board Meeting,137972,3,2025-0029,RECEIVED,290,Hilda L. Solis,Present,0
2926,2025-01-23,Board of Directors - Regular Board Meeting,137972,3,2025-0029,RECEIVED,3373,Katy Yaroslavsky,Present,0
2926,2025-01-23,Board of Directors - Regular Board Meeting,137975,29,2024-0855,APPROVED,1981,Janice Hahn,Aye,1
2926,2025-01-23,Board of Directors - Regular Board Meeting,137975,29,2024-0855,APPROVED,2253,Fernando Dutra,Aye,1
2926,2025-01-23,Board of Directors - Regular Board Meeting,137975,29,2024-0855,APPROVED,284,Jacquelyn Dupont-Walker,Absent,0
2926,2025-01-23,Board of Directors - Regular Board Meeting,137975,29,2024-0855,APPROVED,1982,Kathryn Barger,Aye,1
2926,2025-01-23,Board of Directors - Regular Board Meeting,137975,29,2024-0855,APPROVED,3355,Karen Bass,Absent,0
2926,2025-01-23,Board of Directors - Regular Board Meeting,137975,29,2024-0855,APPROVED,1820,James Butts,Aye,1
2926,2025-01-23,Board of Directors - Regular Board Meeting,137975,29,2024-0855,APPROVED,3356,Lindsey Horvath,Aye,1
2926,2025-01-23,Board of Directors - Regular Board Meeting,137975,29,2024-0855,APPROVED,2240,Holly J. Mitchell,Absent,0
2926,2025-01-23,Board of Directors - Regular Board Meeting,137975,29,2024-0855,APPROVED,288,Ara J. Najarian,Aye,1
2926,2025-01-23,Board of Directors - Regular Board Meeting,137975,29,2024-0855,APPROVED,2244,Tim Sandoval,Aye,1
2926,2025-01-23,Board of Directors - Regular Board Meeting,137975,29,2024-0855,APPROVED,290,Hilda L. Solis,Aye,1
2926,2025-01-23,Board of Directors - Regular Board Meeting,137975,29,2024-0855,APPROVED,3373,Katy Yaroslavsky,Aye,1
2926,2025-01-23,Board of Directors - Regular Board Meeting,137976,28,2024-1058,APPROVED,1981,Janice Hahn,Aye,1
2926,2025-01-23,Board of Directors - Regular Board Meeting,137976,28,2024-1058,APPROVED,2253,Fernando Dutra,Aye,1
2926,2025-01-23,Board of Directors - Regular Board Meeting,137976,28,2024-1058,APPROVED,284,Jacquelyn Dupont-Walker,Absent,0
2926,2025-01-23,Board of Directors - Regular Board Meeting,137976,28,2024-1058,APPROVED,1982,Kathryn Barger,Aye,1
2926,2025-01-23,Board of Directors - Regular Board Meeting,137976,28,2024-1058,APPROVED,3355,Karen Bass,Absent,0
2926,2025-01-23,Board of Directors - Regular Board Meeting,137976,28,2024-1058,APPROVED,1820,James Butts,Aye,1
2926,2025-01-23,Board of Directors - Regular Board Meeting,137976,28,2024-1058,APPROVED,3356,Lindsey Horvath,Aye,1
2926,2025-01-23,Board of Directors - Regular Board Meeting,137976,28,2024-1058,APPROVED,2240,Holly J. Mitchell,Absent,0
2926,2025-01-23,Board of Directors - Regular Board Meeting,137976,28,2024-1058,APPROVED,288,Ara J. Najarian,Aye,1
2926,2025-01-23,Board of Directors - Regular Board Meeting,137976,28,2024-1058,APPROVED,2244,Tim Sandoval,Aye,1
2926,2025-01-23,Board of Directors - Regular Board Meeting,137976,28,2024-1058,APPROVED,290,Hilda L. Solis,Aye,1
2926,2025-01-23,Board of Directors - Regular Board Meeting,137976,28,2024-1058,APPROVED,3373,Katy Yaroslavsky,Aye,1
2926,2025-01-23,Board of Directors - Regular Board Meeting,137978,26,2024-0970,APPROVED,1981,Janice Hahn,Aye,1
2926,2025-01-23,Board of Directors - Regular Board Meeting,137978,26,2024-0970,APPROVED,2253,Fernando Dutra,Aye,1
2926,2025-01-23,Board of Directors - Regular Board Meeting,137978,26,2024-0970,APPROVED,284,Jacquelyn Dupont-Walker,Absent,0
2926,2025-01-23,Board of Directors - Regular Board Meeting,137978,26,2024-0970,APPROVED,1982,Kathryn Barger,Aye,1
2926,2025-01-23,Board of Directors - Regular Board Meeting,137978,26,2024-0970,APPROVED,3355,Karen Bass,Absent,0
2926,2025-01-23,Board of Directors - Regular Board Meeting,137978,26,2024-0970,APPROVED,1820,James Butts,Aye,1
2926,2025-01-23,Board of Directors - Regular Board Meeting,137978,26,2024-0970,APPROVED,3356,Lindsey Horvath,Aye,1
2926,2025-01-23,Board of Directors - Regular Board Meeting,137978,26,2024-0970,APPROVED,2240,Holly J. Mitchell,Absent,0
2926,2025-01-23,Board of Directors - Regular Board Meeting,137978,26,2024-0970,APPROVED,288,Ara J. Najarian,Aye,1
2926,2025-01-23,Board of Directors - Regular Board Meeting,137978,26,2024-0970,APPROVED,2244,Tim Sandoval,Aye,1
2926,2025-01-23,Board of Directors - Regular Board Meeting,137978,26,2024-0970,APPROVED,290,Hilda L. Solis,Aye,1
2926,2025-01-23,Board of Directors - Regular Board Meeting,137978,26,2024-0970,APPROVED,3373,Katy Yaroslavsky,Aye,1
2926,2025-01-23,Board of Directors - Regular Board Meeting,137980,23,2025-0011,APPROVED,1981,Janice Hahn,Aye,1
2926,2025-01-23,Board of Directors - Regular Board Meeting,137980,23,2025-0011,APPROVED,2253,Fernando Dutra,Aye,1
2926,2025-01-23,Board of Directors - Regular Board Meeting,137980,23,2025-0011,APPROVED,284,Jacquelyn Dupont-Walker,Absent,0
2926,2025-01-23,Board of Directors - Regular Board Meeting,137980,23,2025-0011,APPROVED,1982,Kathryn Barger,Aye,1
2926,2025-01-23,Board of Directors - Regular Board Meeting,137980,23,2025-0011,APPROVED,3355,Karen Bass,Absent,0
2926,2025-01-23,Board of Directors - Regular Board Meeting,137980,23,2025-0011,APPROVED,1820,James Butts,Aye,1
2926,2025-01-23,Board of Directors - Regular Board Meeting,137980,23,2025-0011,APPROVED,3356,Lindsey Horvath,Aye,1
2926,2025-01-23,Board of Directors - Regular Board Meeting,137980,23,2025-0011,APPROVED,2240,Holly J. Mitchell,Absent,0
2926,2025-01-23,Board of Directors - Regular Board Meeting,137980,23,2025-0011,APPROVED,288,Ara J. Najarian,Aye,1
2926,2025-01-23,Board of Directors - Regular Board Meeting,137980,23,2025-0011,APPROVED,2244,Tim Sandoval,Aye,1
2926,2025-01-23,Board of Directors - Regular Board Meeting,137980,23,2025-0011,APPROVED,290,Hilda L. Solis,Aye,1
2926,2025-01-23,Board of Directors - Regular Board Meeting,137980,23,2025-0011,APPROVED,3373,Katy Yaroslavsky,Aye,1
2926,2025-01-23,Board of Directors - Regular Board Meeting,137982,20,2024-1099,APPROVED,1981,Janice Hahn,Aye,1
2926,2025-01-23,Board of Directors - Regular Board Meeting,137982,20,2024-1099,APPROVED,2253,Fernando Dutra,Aye,1
2926,2025-01-23,Board of Directors - Regular Board Meeting,137982,20,2024-1099,APPROVED,284,Jacquelyn Dupont-Walker,Absent,0
2926,2025-01-23,Board of Directors - Regular Board Meeting,137982,20,2024-1099,APPROVED,1982,Kathryn Barger,Aye,1
2926,2025-01-23,Board of Directors - Regular Board Meeting,137982,20,2024-1099,APPROVED,3355,Karen Bass,Absent,0
2926,2025-01-23,Board of Directors - Regular Board Meeting,137982,20,2024-1099,APPROVED,1820,James Butts,Aye,1
2926,2025-01-23,Board of Directors - Regular Board Meeting,137982,20,2024-1099,APPROVED,3356,Lindsey Horvath,Aye,1
2926,2025-01-23,Board of Directors - Regular Board Meeting,137982,20,2024-1099,APPROVED,2240,Holly J. Mitchell,Absent,0
2926,2025-01-23,Board of Directors - Regular Board Meeting,137982,20,2024-1099,APPROVED,288,Ara J. Najarian,Aye,1
2926,2025-01-23,Board of Directors - Regular Board Meeting,137982,20,2024-1099,APPROVED,2244,Tim Sandoval,Aye,1
2926,2025-01-23,Board of Directors - Regular Board Meeting,137982,20,2024-1099,APPROVED,290,Hilda L. Solis,Aye,1
2926,2025-01-23,Board of Directors - Regular Board Meeting,137982,20,2024-1099,APPROVED,3373,Katy Yaroslavsky,Aye,1
2926,2025-01-23,Board of Directors - Regular Board Meeting,137983,25,2024-0969,APPROVED,1981,Janice Hahn,Aye,1
2926,2025-01-23,Board of Directors - Regular Board Meeting,137983,25,2024-0969,APPROVED,2253,Fernando Dutra,Aye,1
2926,2025-01-23,Board of Directors - Regular Board Meeting,137983,25,2024-0969,APPROVED,284,Jacquelyn Dupont-Walker,Absent,0
2926,2025-01-23,Board of Directors - Regular Board Meeting,137983,25,2024-0969,APPROVED,1982,Kathryn Barger,Aye,1
2926,2025-01-23,Board of Directors - Regular Board Meeting,137983,25,2024-0969,APPROVED,3355,Karen Bass,Absent,0
2926,2025-01-23,Board of Directors - Regular Board Meeting,137983,25,2024-0969,APPROVED,1820,James Butts,Aye,1
2926,2025-01-23,Board of Directors - Regular Board Meeting,137983,25,2024-0969,APPROVED,3356,Lindsey Horvath,Aye,1
2926,2025-01-23,Board of Directors - Regular Board Meeting,137983,25,2024-0969,APPROVED,2240,Holly J. Mitchell,Absent,0
2926,2025-01-23,Board of Directors - Regular Board Meeting,137983,25,2024-0969,APPROVED,288,Ara J. Najarian,Aye,1
2926,2025-01-23,Board of Directors - Regular Board Meeting,137983,25,2024-0969,APPROVED,2244,Tim Sandoval,Aye,1
2926,2025-01-23,Board of Directors - Regular Board Meeting,137983,25,2024-0969,APPROVED,290,Hilda L. Solis,Aye,1
2926,2025-01-23,Board of Directors - Regular Board Meeting,137983,25,2024-0969,APPROVED,3373,Katy Yaroslavsky,Aye,1
2926,2025-01-23,Board of Directors - Regular Board Meeting,137986,27,2024-1032,APPROVED AS AMENDED,1981,Janice Hahn,Aye,1
2926,2025-01-23,Board of Directors - Regular Board Meeting,137986,27,2024-1032,APPROVED AS AMENDED,2253,Fernando Dutra,Aye,1
2926,2025-01-23,Board of Directors - Regular Board Meeting,137986,27,2024-1032,APPROVED AS AMENDED,284,Jacquelyn Dupont-Walker,Aye,1
2926,2025-01-23,Board of Directors - Regular Board Meeting,137986,27,2024-1032,APPROVED AS AMENDED,1982,Kathryn Barger,Absent,0
2926,2025-01-23,Board of Directors - Regular Board Meeting,137986,27,2024-1032,APPROVED AS AMENDED,3355,Karen Bass,Absent,0
2926,2025-01-23,Board of Directors - Regular Board Meeting,137986,27,2024-1032,APPROVED AS AMENDED,1820,James Butts,Aye,1
2926,2025-01-23,Board of Directors - Regular Board Meeting,137986,27,2024-1032,APPROVED AS AMENDED,3356,Lindsey Horvath,Aye,1
2926,2025-01-23,Board of Directors - Regular Board Meeting,137986,27,2024-1032,APPROVED AS AMENDED,2240,Holly J. Mitchell,Absent,0
2926,2025-01-23,Board of Directors - Regular Board Meeting,137986,27,2024-1032,APPROVED AS AMENDED,288,Ara J. Najarian,Aye,1
2926,2025-01-23,Board of Directors - Regular Board Meeting,137986,27,2024-1032,APPROVED AS AMENDED,2244,Tim Sandoval,Aye,1
2926,2025-01-23,Board of Directors - Regular Board Meeting,137986,27,2024-1032,APPROVED AS AMENDED,290,Hilda L. Solis,Aye,1
2926,2025-01-23,Board of Directors - Regular Board Meeting,137986,27,2024-1032,APPROVED AS AMENDED,3373,Katy Yaroslavsky,Aye,1
2926,2025-01-23,Board of Directors - Regular Board Meeting,137989,30,2024-0982,APPROVED,1981,Janice Hahn,Aye,1
2926,2025-01-23,Board of Directors - Regular Board Meeting,137989,30,2024-0982,APPROVED,2253,Fernando Dutra,Aye,1
2926,2025-01-23,Board of Directors - Regular Board Meeting,137989,30,2024-0982,APPROVED,284,Jacquelyn Dupont-Walker,Absent,0
2926,2025-01-23,Board of Directors - Regular Board Meeting,137989,30,2024-0982,APPROVED,1982,Kathryn Barger,Aye,1
2926,2025-01-23,Board of Directors - Regular Board Meeting,137989,30,2024-0982,APPROVED,3355,Karen Bass,Absent,0
2926,2025-01-23,Board of Directors - Regular Board Meeting,137989,30,2024-0982,APPROVED,1820,James Butts,Aye,1
2926,2025-01-23,Board of Directors - Regular Board Meeting,137989,30,2024-0982,APPROVED,3356,Lindsey Horvath,Aye,1
2926,2025-01-23,Board of Directors - Regular Board Meeting,137989,30,2024-0982,APPROVED,2240,Holly J. Mitchell,Absent,0
2926,2025-01-23,Board of Directors - Regular Board Meeting,137989,30,2024-0982,APPROVED,288,Ara J. Najarian,Aye,1
2926,2025-01-23,Board of Directors - Regular Board Meeting,137989,30,2024-0982,APPROVED,2244,Tim Sandoval,Aye,1
2926,2025-01-23,Board of Directors - Regular Board Meeting,137989,30,2024-0982,APPROVED,290,Hilda L. Solis,Aye,1
2926,2025-01-23,Board of Directors - Regular Board Meeting,137989,30,2024-0982,APPROVED,3373,Katy Yaroslavsky,Aye,1
2926,2025-01-23,Board of Directors - Regular Board Meeting,137990,36,2025-0039,APPROVED,1981,Janice Hahn,Aye,1
2926,2025-01-23,Board of Directors - Regular Board Meeting,137990,36,2025-0039,APPROVED,2253,Fernando Dutra,Aye,1
2926,2025-01-23,Board of Directors - Regular Board Meeting,137990,36,2025-0039,APPROVED,284,Jacquelyn Dupont-Walker,Aye,1
2926,2025-01-23,Board of Directors - Regular Board Meeting,137990,36,2025-0039,APPROVED,1982,Kathryn Barger,Aye,1
2926,2025-01-23,Board of Directors - Regular Board Meeting,137990,36,2025-0039,APPROVED,3355,Karen Bass,Absent,0
2926,2025-01-23,Board of Directors - Regular Board Meeting,137990,36,2025-0039,APPROVED,1820,James Butts,Absent,0
2926,2025-01-23,Board of Directors - Regular Board Meeting,137990,36,2025-0039,APPROVED,3356,Lindsey Horvath,Aye,1
2926,2025-01-23,Board of Directors - Regular Board Meeting,137990,36,2025-0039,APPROVED,2240,Holly J. Mitchell,Absent,0
2926,2025-01-23,Board of Directors - Regular Board Meeting,137990,36,2025-0039,APPROVED,288,Ara J. Najarian,Aye,1
2926,2025-01-23,Board of Directors - Regular Board Meeting,137990,36,2025-0039,APPROVED,2244,Tim Sandoval,Aye,1
2926,2025-01-23,Board of Directors - Regular Board Meeting,137990,36,2025-0039,APPROVED,290,Hilda L. Solis,Aye,1
2926,2025-01-23,Board of Directors - Regular Board Meeting,137990,36,2025-0039,APPROVED,3373,Katy Yaroslavsky,Aye,1
2926,2025-01-23,Board of Directors - Regular Board Meeting,138015,,,APPROVED ON CONSENT CALENDAR,1981,Janice Hahn,Aye,1
2926,2025-01-23,Board of Directors - Regular Board Meeting,138015,,,APPROVED ON CONSENT CALENDAR,2253,Fernando Dutra,Aye,1
2926,2025-01-23,Board of Directors - Regular Board Meeting,138015,,,APPROVED ON CONSENT CALENDAR,284,Jacquelyn Dupont-Walker,Absent,0
2926,2025-01-23,Board of Directors - Regular Board Meeting,138015,,,APPROVED ON CONSENT CALENDAR,1982,Kathryn Barger,Aye,1
2926,2025-01-23,Board of Directors - Regular Board Meeting,138015,,,APPROVED ON CONSENT CALENDAR,3355,Karen Bass,Absent,0
2926,2025-01-23,Board of Directors - Regular Board Meeting,138015,,,APPROVED ON CONSENT CALENDAR,1820,James Butts,Aye,1
2926,2025-01-23,Board of Directors - Regular Board Meeting,138015,,,APPROVED ON CONSENT CALENDAR,3356,Lindsey Horvath,Aye,1
2926,2025-01-23,Board of Directors - Regular Board Meeting,138015,,,APPROVED ON CONSENT CALENDAR,2240,Holly J. Mitchell,Absent,0
2926,2025-01-23,Board of Directors - Regular Board Meeting,138015,,,APPROVED ON CONSENT CALENDAR,288,Ara J. Najarian,Aye,1
2926,2025-01-23,Board of Directors - Regular Board Meeting,138015,,,APPROVED ON CONSENT CALENDAR,2244,Tim Sandoval,Aye,1
2926,2025-01-23,Board of Directors - Regular Board Meeting,138015,,,APPROVED ON CONSENT CALENDAR,290,Hilda L. Solis,Aye,1
2926,2025-01-23,Board of Directors - Regular Board Meeting,138015,,,APPROVED ON CONSENT CALENDAR,3373,Katy Yaroslavsky,Aye,1
2932,2025-02-27,Board of Directors - Regular Board Meeting,139844,7,2024-1085,APPROVED ON CONSENT CALENDAR,1981,Janice Hahn,Aye,1
2932,2025-02-27,Board of Directors - Regular Board Meeting,139844,7,2024-1085,APPROVED ON CONSENT CALENDAR,2253,Fernando Dutra,Aye,1
2932,2025-02-27,Board of Directors - Regular Board Meeting,139844,7,2024-1085,APPROVED ON CONSENT CALENDAR,284,Jacquelyn Dupont-Walker,Aye,1
2932,2025-02-27,Board of Directors - Regular Board Meeting,139844,7,2024-1085,APPROVED ON CONSENT CALENDAR,1982,Kathryn Barger,Absent,0
2932,2025-02-27,Board of Directors - Regular Board Meeting,139844,7,2024-1085,APPROVED ON CONSENT CALENDAR,3355,Karen Bass,Conflict,0
2932,2025-02-27,Board of Directors - Regular Board Meeting,139844,7,2024-1085,APPROVED ON CONSENT CALENDAR,1820,James Butts,Aye,1
2932,2025-02-27,Board of Directors - Regular Board Meeting,139844,7,2024-1085,APPROVED ON CONSENT CALENDAR,3356,Lindsey Horvath,Nay,2
2932,2025-02-27,Board of Directors - Regular Board Meeting,139844,7,2024-1085,APPROVED ON CONSENT CALENDAR,2240,Holly J. Mitchell,Absent,0
2932,2025-02-27,Board of Directors - Regular Board Meeting,139844,7,2024-1085,APPROVED ON CONSENT CALENDAR,288,Ara J. Najarian,Aye,1
2932,2025-02-27,Board of Directors - Regular Board Meeting,139844,7,2024-1085,APPROVED ON CONSENT CALENDAR,3525,Imelda Padilla,Conflict,0
2932,2025-02-27,Board of Directors - Regular Board Meeting,139844,7,2024-1085,APPROVED ON CONSENT CALENDAR,2244,Tim Sandoval,Aye,1
2932,2025-02-27,Board of Directors - Regular Board Meeting,139844,7,2024-1085,APPROVED ON CONSENT CALENDAR,290,Hilda L. Solis,Absent,0
2932,2025-02-27,Board of Directors - Regular Board Meeting,139844,7,2024-1085,APPROVED ON CONSENT CALENDAR,3373,Katy Yaroslavsky,Aye,1
2932,2025-02-27,Board of Directors - Regular Board Meeting,139845,14,2025-0149,APPROVED AS AMENDED,1981,Janice Hahn,Aye,1
2932,2025-02-27,Board of Directors - Regular Board Meeting,139845,14,2025-0149,APPROVED AS AMENDED,2253,Fernando Dutra,Aye,1
2932,2025-02-27,Board of Directors - Regular Board Meeting,139845,14,2025-0149,APPROVED AS AMENDED,284,Jacquelyn Dupont-Walker,Aye,1
2932,2025-02-27,Board of Directors - Regular Board Meeting,139845,14,2025-0149,APPROVED AS AMENDED,1982,Kathryn Barger,Aye,1
2932,2025-02-27,Board of Directors - Regular Board Meeting,139845,14,2025-0149,APPROVED AS AMENDED,3355,Karen Bass,Absent,0
2932,2025-02-27,Board of Directors - Regular Board Meeting,139845,14,2025-0149,APPROVED AS AMENDED,1820,James Butts,Aye,1
2932,2025-02-27,Board of Directors - Regular Board Meeting,139845,14,2025-0149,APPROVED AS AMENDED,3356,Lindsey Horvath,Aye,1
2932,2025-02-27,Board of Directors - Regular Board Meeting,139845,14,2025-0149,APPROVED AS AMENDED,2240,Holly J. Mitchell,Aye,1
2932,2025-02-27,Board of Directors - Regular Board Meeting,139845,14,2025-0149,APPROVED AS AMENDED,288,Ara J. Najarian,Aye,1
2932,2025-02-27,Board of Directors - Regular Board Meeting,139845,14,2025-0149,APPROVED AS AMENDED,3525,Imelda Padilla,Aye,1
2932,2025-02-27,Board of Directors - Regular Board Meeting,139845,14,2025-0149,APPROVED AS AMENDED,2244,Tim Sandoval,Aye,1
2932,2025-02-27,Board of Directors - Regular Board Meeting,139845,14,2025-0149,APPROVED AS AMENDED,290,Hilda L. Solis,Aye,1
2932,2025-02-27,Board of Directors - Regular Board Meeting,139845,14,2025-0149,APPROVED AS AMENDED,3373,Katy Yaroslavsky,Aye,1
2932,2025-02-27,Board of Directors - Regular Board Meeting,139849,25,2025-0132,APPROVED,1981,Janice Hahn,Aye,1
2932,2025-02-27,Board of Directors - Regular Board Meeting,139849,25,2025-0132,APPROVED,2253,Fernando Dutra,Aye,1
2932,2025-02-27,Board of Directors - Regular Board Meeting,139849,25,2025-0132,APPROVED,284,Jacquelyn Dupont-Walker,Aye,1
2932,2025-02-27,Board of Directors - Regular Board Meeting,139849,25,2025-0132,APPROVED,1982,Kathryn Barger,Absent,0
2932,2025-02-27,Board of Directors - Regular Board Meeting,139849,25,2025-0132,APPROVED,3355,Karen Bass,Aye,1
2932,2025-02-27,Board of Directors - Regular Board Meeting,139849,25,2025-0132,APPROVED,1820,James Butts,Aye,1
2932,2025-02-27,Board of Directors - Regular Board Meeting,139849,25,2025-0132,APPROVED,3356,Lindsey Horvath,Aye,1
2932,2025-02-27,Board of Directors - Regular Board Meeting,139849,25,2025-0132,APPROVED,2240,Holly J. Mitchell,Absent,0
2932,2025-02-27,Board of Directors - Regular Board Meeting,139849,25,2025-0132,APPROVED,288,Ara J. Najarian,Aye,1
2932,2025-02-27,Board of Directors - Regular Board Meeting,139849,25,2025-0132,APPROVED,3525,Imelda Padilla,Aye,1
2932,2025-02-27,Board of Directors - Regular Board Meeting,139849,25,2025-0132,APPROVED,2244,Tim Sandoval,Aye,1
2932,2025-02-27,Board of Directors - Regular Board Meeting,139849,25,2025-0132,APPROVED,290,Hilda L. Solis,Absent,0
2932,2025-02-27,Board of Directors - Regular Board Meeting,139849,25,2025-0132,APPROVED,3373,Katy Yaroslavsky,Aye,1
2932,2025-02-27,Board of Directors - Regular Board Meeting,139930,40,2025-0059,APPROVED,1981,Janice Hahn,Aye,1
2932,2025-02-27,Board of Directors - Regular Board Meeting,139930,40,2025-0059,APPROVED,2253,Fernando Dutra,Aye,1
2932,2025-02-27,Board of Directors - Regular Board Meeting,139930,40,2025-0059,APPROVED,284,Jacquelyn Dupont-Walker,Aye,1
2932,2025-02-27,Board of Directors - Regular Board Meeting,139930,40,2025-0059,APPROVED,1982,Kathryn Barger,Absent,0
2932,2025-02-27,Board of Directors - Regular Board Meeting,139930,40,2025-0059,APPROVED,3355,Karen Bass,Absent,0
2932,2025-02-27,Board of Directors - Regular Board Meeting,139930,40,2025-0059,APPROVED,1820,James Butts,Absent,0
2932,2025-02-27,Board of Directors - Regular Board Meeting,139930,40,2025-0059,APPROVED,3356,Lindsey Horvath,Aye,1
2932,2025-02-27,Board of Directors - Regular Board Meeting,139930,40,2025-0059,APPROVED,2240,Holly J. Mitchell,Aye,1
2932,2025-02-27,Board of Directors - Regular Board Meeting,139930,40,2025-0059,APPROVED,288,Ara J. Najarian,Aye,1
2932,2025-02-27,Board of Directors - Regular Board Meeting,139930,40,2025-0059,APPROVED,3525,Imelda Padilla,Aye,1
2932,2025-02-27,Board of Directors - Regular Board Meeting,139930,40,2025-0059,APPROVED,2244,Tim Sandoval,Aye,1
2932,2025-02-27,Board of Directors - Regular Board Meeting,139930,40,2025-0059,APPROVED,290,Hilda L. Solis,Aye,1
2932,2025-02-27,Board of Directors - Regular Board Meeting,139930,40,2025-0059,APPROVED,3373,Katy Yaroslavsky,Absent,0
2932,2025-02-27,Board of Directors - Regular Board Meeting,139933,24,2025-0005,APPROVED ON CONSENT CALENDAR,1981,Janice Hahn,Aye,1
2932,2025-02-27,Board of Directors - Regular Board Meeting,139933,24,2025-0005,APPROVED ON CONSENT CALENDAR,2253,Fernando Dutra,Aye,1
2932,2025-02-27,Board of Directors - Regular Board Meeting,139933,24,2025-0005,APPROVED ON CONSENT CALENDAR,284,Jacquelyn Dupont-Walker,Aye,1
2932,2025-02-27,Board of Directors - Regular Board Meeting,139933,24,2025-0005,APPROVED ON CONSENT CALENDAR,1982,Kathryn Barger,Absent,0
2932,2025-02-27,Board of Directors - Regular Board Meeting,139933,24,2025-0005,APPROVED ON CONSENT CALENDAR,3355,Karen Bass,Aye,1
2932,2025-02-27,Board of Directors - Regular Board Meeting,139933,24,2025-0005,APPROVED ON CONSENT CALENDAR,1820,James Butts,Aye,1
2932,2025-02-27,Board of Directors - Regular Board Meeting,139933,24,2025-0005,APPROVED ON CONSENT CALENDAR,3356,Lindsey Horvath,Aye,1
2932,2025-02-27,Board of Directors - Regular Board Meeting,139933,24,2025-0005,APPROVED ON CONSENT CALENDAR,2240,Holly J. Mitchell,Absent,0
2932,2025-02-27,Board of Directors - Regular Board Meeting,139933,24,2025-0005,APPROVED ON CONSENT CALENDAR,288,Ara J. Najarian,Aye,1
2932,2025-02-27,Board of Directors - Regular Board Meeting,139933,24,2025-0005,APPROVED ON CONSENT CALENDAR,3525,Imelda Padilla,Aye,1
2932,2025-02-27,Board of Directors - Regular Board Meeting,139933,24,2025-0005,APPROVED ON CONSENT CALENDAR,2244,Tim Sandoval,Aye,1
2932,2025-02-27,Board of Directors - Regular Board Meeting,139933,24,2025-0005,APPROVED ON CONSENT CALENDAR,290,Hilda L. Solis,Absent,0
2932,2025-02-27,Board of Directors - Regular Board Meeting,139933,24,2025-0005,APPROVED ON CONSENT CALENDAR,3373,Katy Yaroslavsky,Aye,1
2932,2025-02-27,Board of Directors - Regular Board Meeting,139935,23,2024-1074,APPROVED ON CONSENT CALENDAR,1981,Janice Hahn,Aye,1
2932,2025-02-27,Board of Directors - Regular Board Meeting,139935,23,2024-1074,APPROVED ON CONSENT CALENDAR,2253,Fernando Dutra,Aye,1
2932,2025-02-27,Board of Directors - Regular Board Meeting,139935,23,2024-1074,APPROVED ON CONSENT CALENDAR,284,Jacquelyn Dupont-Walker,Aye,1
2932,2025-02-27,Board of Directors - Regular Board Meeting,139935,23,2024-1074,APPROVED ON CONSENT CALENDAR,1982,Kathryn Barger,Absent,0
2932,2025-02-27,Board of Directors - Regular Board Meeting,139935,23,2024-1074,APPROVED ON CONSENT CALENDAR,3355,Karen Bass,Aye,1
2932,2025-02-27,Board of Directors - Regular Board Meeting,139935,23,2024-1074,APPROVED ON CONSENT CALENDAR,1820,James Butts,Aye,1
2932,2025-02-27,Board of Directors - Regular Board Meeting,139935,23,2024-1074,APPROVED ON CONSENT CALENDAR,3356,Lindsey Horvath,Aye,1
2932,2025-02-27,Board of Directors - Regular Board Meeting,139935,23,2024-1074,APPROVED ON CONSENT CALENDAR,2240,Holly J. Mitchell,Absent,0
2932,2025-02-27,Board of Directors - Regular Board Meeting,139935,23,2024-1074,APPROVED ON CONSENT CALENDAR,288,Ara J. Najarian,Aye,1
2932,2025-02-27,Board of Directors - Regular Board Meeting,139935,23,2024-1074,APPROVED ON CONSENT CALENDAR,3525,Imelda Padilla,Aye,1
2932,2025-02-27,Board of Directors - Regular Board Meeting,139935,23,2024-1074,APPROVED ON CONSENT CALENDAR,2244,Tim Sandoval,Aye,1
2932,2025-02-27,Board of Directors - Regular Board Meeting,139935,23,2024-1074,APPROVED ON CONSENT CALENDAR,290,Hilda L. Solis,Absent,0
2932,2025-02-27,Board of Directors - Regular Board Meeting,139935,23,2024-1074,APPROVED ON CONSENT CALENDAR,3373,Katy Yaroslavsky,Aye,1
2932,2025-02-27,Board of Directors - Regular Board Meeting,139937,17,2024-1083,APPROVED ON CONSENT CALENDAR,1981,Janice Hahn,Aye,1
2932,2025-02-27,Board of Directors - Regular Board Meeting,139937,17,2024-1083,APPROVED ON CONSENT CALENDAR,2253,Fernando Dutra,Aye,1
2932,2025-02-27,Board of Directors - Regular Board Meeting,139937,17,2024-1083,APPROVED ON CONSENT CALENDAR,284,Jacquelyn Dupont-Walker,Aye,1
2932,2025-02-27,Board of Directors - Regular Board Meeting,139937,17,2024-1083,APPROVED ON CONSENT CALENDAR,1982,Kathryn Barger,Absent,0
2932,2025-02-27,Board of Directors - Regular Board Meeting,139937,17,2024-1083,APPROVED ON CONSENT CALENDAR,3355,Karen Bass,Conflict,0
2932,2025-02-27,Board of Directors - Regular Board Meeting,139937,17,2024-1083,APPROVED ON CONSENT CALENDAR,1820,James Butts,Aye,1
2932,2025-02-27,Board of Directors - Regular Board Meeting,139937,17,2024-1083,APPROVED ON CONSENT CALENDAR,3356,Lindsey Horvath,Aye,1
2932,2025-02-27,Board of Directors - Regular Board Meeting,139937,17,2024-1083,APPROVED ON CONSENT CALENDAR,2240,Holly J. Mitchell,Absent,0
2932,2025-02-27,Board of Directors - Regular Board Meeting,139937,17,2024-1083,APPROVED ON CONSENT CALENDAR,288,Ara J. Najarian,Aye,1
2932,2025-02-27,Board of Directors - Regular Board Meeting,139937,17,2024-1083,APPROVED ON CONSENT CALENDAR,3525,Imelda Padilla,Aye,1
2932,2025-02-27,Board of Directors - Regular Board Meeting,139937,17,2024-1083,APPROVED ON CONSENT CALENDAR,2244,Tim Sandoval,Aye,1
2932,2025-02-27,Board of Directors - Regular Board Meeting,139937,17,2024-1083,APPROVED ON CONSENT CALENDAR,290,Hilda L. Solis,Absent,0
2932,2025-02-27,Board of Directors - Regular Board Meeting,139937,17,2024-1083,APPROVED ON CONSENT CALENDAR,3373,Katy Yaroslavsky,Aye,1
2932,2025-02-27,Board of Directors - Regular Board Meeting,139939,11,2025-0007,APPROVED ON CONSENT CALENDAR,1981,Janice Hahn,Aye,1
2932,2025-02-27,Board of Directors - Regular Board Meeting,139939,11,2025-0007,APPROVED ON CONSENT CALENDAR,2253,Fernando Dutra,Aye,1
2932,2025-02-27,Board of Directors - Regular Board Meeting,139939,11,2025-0007,APPROVED ON CONSENT CALENDAR,284,Jacquelyn Dupont-Walker,Aye,1
2932,2025-02-27,Board of Directors - Regular Board Meeting,139939,11,2025-0007,APPROVED ON CONSENT CALENDAR,1982,Kathryn Barger,Absent,0
2932,2025-02-27,Board of Directors - Regular Board Meeting,139939,11,2025-0007,APPROVED ON CONSENT CALENDAR,3355,Karen Bass,Conflict,0
2932,2025-02-27,Board of Directors - Regular Board Meeting,139939,11,2025-0007,APPROVED ON CONSENT CALENDAR,1820,James Butts,Aye,1
2932,2025-02-27,Board of Directors - Regular Board Meeting,139939,11,2025-0007,APPROVED ON CONSENT CALENDAR,3356,Lindsey Horvath,Aye,1
2932,2025-02-27,Board of Directors - Regular Board Meeting,139939,11,2025-0007,APPROVED ON CONSENT CALENDAR,2240,Holly J. Mitchell,Absent,0
2932,2025-02-27,Board of Directors - Regular Board Meeting,139939,11,2025-0007,APPROVED ON CONSENT CALENDAR,288,Ara J. Najarian,Aye,1
2932,2025-02-27,Board of Directors - Regular Board Meeting,139939,11,2025-0007,APPROVED ON CONSENT CALENDAR,3525,Imelda Padilla,Aye,1
2932,2025-02-27,Board of Directors - Regular Board Meeting,139939,11,2025-0007,APPROVED ON CONSENT CALENDAR,2244,Tim Sandoval,Aye,1
2932,2025-02-27,Board of Directors - Regular Board Meeting,139939,11,2025-0007,APPROVED ON CONSENT CALENDAR,290,Hilda L. Solis,Absent,0
2932,2025-02-27,Board of Directors - Regular Board Meeting,139939,11,2025-0007,APPROVED ON CONSENT CALENDAR,3373,Katy Yaroslavsky,Aye,1
2932,2025-02-27,Board of Directors - Regular Board Meeting,139941,10,2024-1100,APPROVED,1981,Janice Hahn,Aye,1
2932,2025-02-27,Board of Directors - Regular Board Meeting,139941,10,2024-1100,APPROVED,2253,Fernando Dutra,Aye,1
2932,2025-02-27,Board of Directors - Regular Board Meeting,139941,10,2024-1100,APPROVED,284,Jacquelyn Dupont-Walker,Aye,1
2932,2025-02-27,Board of Directors - Regular Board Meeting,139941,10,2024-1100,APPROVED,1982,Kathryn Barger,Absent,0
2932,2025-02-27,Board of Directors - Regular Board Meeting,139941,10,2024-1100,APPROVED,3355,Karen Bass,Aye,1
2932,2025-02-27,Board of Directors - Regular Board Meeting,139941,10,2024-1100,APPROVED,1820,James Butts,Aye,1
2932,2025-02-27,Board of Directors - Regular Board Meeting,139941,10,2024-1100,APPROVED,3356,Lindsey Horvath,Aye,1
2932,2025-02-27,Board of Directors - Regular Board Meeting,139941,10,2024-1100,APPROVED,2240,Holly J. Mitchell,Absent,0
2932,2025-02-27,Board of Directors - Regular Board Meeting,139941,10,2024-1100,APPROVED,288,Ara J. Najarian,Aye,1
2932,2025-02-27,Board of Directors - Regular Board Meeting,139941,10,2024-1100,APPROVED,3525,Imelda Padilla,Aye,1
2932,2025-02-27,Board of Directors - Regular Board Meeting,139941,10,2024-1100,APPROVED,2244,Tim Sandoval,Aye,1
2932,2025-02-27,Board of Directors - Regular Board Meeting,139941,10,2024-1100,APPROVED,290,Hilda L. Solis,Absent,0
2932,2025-02-27,Board of Directors - Regular Board Meeting,139941,10,2024-1100,APPROVED,3373,Katy Yaroslavsky,Aye,1
2932,2025-02-27,Board of Directors - Regular Board Meeting,139943,9,2024-1162,APPROVED,1981,Janice Hahn,Aye,1
2932,2025-02-27,Board of Directors - Regular Board Meeting,139943,9,2024-1162,APPROVED,2253,Fernando Dutra,Aye,1
2932,2025-02-27,Board of Directors - Regular Board Meeting,139943,9,2024-1162,APPROVED,284,Jacquelyn Dupont-Walker,Aye,1
2932,2025-02-27,Board of Directors - Regular Board Meeting,139943,9,2024-1162,APPROVED,1982,Kathryn Barger,Absent,0
2932,2025-02-27,Board of Directors - Regular Board Meeting,139943,9,2024-1162,APPROVED,3355,Karen Bass,Aye,1
2932,2025-02-27,Board of Directors - Regular Board Meeting,139943,9,2024-1162,APPROVED,1820,James Butts,Aye,1
2932,2025-02-27,Board of Directors - Regular Board Meeting,139943,9,2024-1162,APPROVED,3356,Lindsey Horvath,Aye,1
2932,2025-02-27,Board of Directors - Regular Board Meeting,139943,9,2024-1162,APPROVED,2240,Holly J. Mitchell,Absent,0
2932,2025-02-27,Board of Directors - Regular Board Meeting,139943,9,2024-1162,APPROVED,288,Ara J. Najarian,Aye,1
2932,2025-02-27,Board of Directors - Regular Board Meeting,139943,9,2024-1162,APPROVED,3525,Imelda Padilla,Aye,1
2932,2025-02-27,Board of Directors - Regular Board Meeting,139943,9,2024-1162,APPROVED,2244,Tim Sandoval,Aye,1
2932,2025-02-27,Board of Directors - Regular Board Meeting,139943,9,2024-1162,APPROVED,290,Hilda L. Solis,Absent,0
2932,2025-02-27,Board of Directors - Regular Board Meeting,139943,9,2024-1162,APPROVED,3373,Katy Yaroslavsky,Aye,1
2932,2025-02-27,Board of Directors - Regular Board Meeting,139945,8,2024-1140,APPROVED,1981,Janice Hahn,Aye,1
2932,2025-02-27,Board of Directors - Regular Board Meeting,139945,8,2024-1140,APPROVED,2253,Fernando Dutra,Aye,1
2932,2025-02-27,Board of Directors - Regular Board Meeting,139945,8,2024-1140,APPROVED,284,Jacquelyn Dupont-Walker,Aye,1
2932,2025-02-27,Board of Directors - Regular Board Meeting,139945,8,2024-1140,APPROVED,1982,Kathryn Barger,Absent,0
2932,2025-02-27,Board of Directors - Regular Board Meeting,139945,8,2024-1140,APPROVED,3355,Karen Bass,Aye,1
2932,2025-02-27,Board of Directors - Regular Board Meeting,139945,8,2024-1140,APPROVED,1820,James Butts,Aye,1
2932,2025-02-27,Board of Directors - Regular Board Meeting,139945,8,2024-1140,APPROVED,3356,Lindsey Horvath,Aye,1
2932,2025-02-27,Board of Directors - Regular Board Meeting,139945,8,2024-1140,APPROVED,2240,Holly J. Mitchell,Absent,0
2932,2025-02-27,Board of Directors - Regular Board Meeting,139945,8,2024-1140,APPROVED,288,Ara J. Najarian,Aye,1
2932,2025-02-27,Board of Directors - Regular Board Meeting,139945,8,2024-1140,APPROVED,3525,Imelda Padilla,Aye,1
2932,2025-02-27,Board of Directors - Regular Board Meeting,139945,8,2024-1140,APPROVED,2244,Tim Sandoval,Aye,1
2932,2025-02-27,Board of Directors - Regular Board Meeting,139945,8,2024-1140,APPROVED,290,Hilda L. Solis,Absent,0
2932,2025-02-27,Board of Directors - Regular Board Meeting,139945,8,2024-1140,APPROVED,3373,Katy Yaroslavsky,Aye,1
2932,2025-02-27,Board of Directors - Regular Board Meeting,139947,33,2024-1126,ADOPTED,1981,Janice Hahn,Aye,1
2932,2025-02-27,Board of Directors - Regular Board Meeting,139947,33,2024-1126,ADOPTED,2253,Fernando Dutra,Aye,1
2932,2025-02-27,Board of Directors - Regular Board Meeting,139947,33,2024-1126,ADOPTED,284,Jacquelyn Dupont-Walker,Aye,1
2932,2025-02-27,Board of Directors - Regular Board Meeting,139947,33,2024-1126,ADOPTED,1982,Kathryn Barger,Aye,1
2932,2025-02-27,Board of Directors - Regular Board Meeting,139947,33,2024-1126,ADOPTED,3355,Karen Bass,Absent,0
2932,2025-02-27,Board of Directors - Regular Board Meeting,139947,33,2024-1126,ADOPTED,1820,James Butts,Aye,1
2932,2025-02-27,Board of Directors - Regular Board Meeting,139947,33,2024-1126,ADOPTED,3356,Lindsey Horvath,Aye,1
2932,2025-02-27,Board of Directors - Regular Board Meeting,139947,33,2024-1126,ADOPTED,2240,Holly J. Mitchell,Aye,1
2932,2025-02-27,Board of Directors - Regular Board Meeting,139947,33,2024-1126,ADOPTED,288,Ara J. Najarian,Aye,1
2932,2025-02-27,Board of Directors - Regular Board Meeting,139947,33,2024-1126,ADOPTED,3525,Imelda Padilla,Aye,1
2932,2025-02-27,Board of Directors - Regular Board Meeting,139947,33,2024-1126,ADOPTED,2244,Tim Sandoval,Aye,1
2932,2025-02-27,Board of Directors - Regular Board Meeting,139947,33,2024-1126,ADOPTED,290,Hilda L. Solis,Aye,1
2932,2025-02-27,Board of Directors - Regular Board Meeting,139947,33,2024-1126,ADOPTED,3373,Katy Yaroslavsky,Aye,1
2932,2025-02-27,Board of Directors - Regular Board Meeting,139948,32,2024-1129,APPROVED,1981,Janice Hahn,Aye,1
2932,2025-02-27,Board of Directors - Regular Board Meeting,139948,32,2024-1129,APPROVED,2253,Fernando Dutra,Aye,1
2932,2025-02-27,Board of Directors - Regular Board Meeting,139948,32,2024-1129,APPROVED,284,Jacquelyn Dupont-Walker,Aye,1
2932,2025-02-27,Board of Directors - Regular Board Meeting,139948,32,2024-1129,APPROVED,1982,Kathryn Barger,Aye,1
2932,2025-02-27,Board of Directors - Regular Board Meeting,139948,32,2024-1129,APPROVED,3355,Karen Bass,Aye,1
2932,2025-02-27,Board of Directors - Regular Board Meeting,139948,32,2024-1129,APPROVED,1820,James Butts,Aye,1
2932,2025-02-27,Board of Directors - Regular Board Meeting,139948,32,2024-1129,APPROVED,3356,Lindsey Horvath,Aye,1
2932,2025-02-27,Board of Directors - Regular Board Meeting,139948,32,2024-1129,APPROVED,2240,Holly J. Mitchell,Aye,1
2932,2025-02-27,Board of Directors - Regular Board Meeting,139948,32,2024-1129,APPROVED,288,Ara J. Najarian,Aye,1
2932,2025-02-27,Board of Directors - Regular Board Meeting,139948,32,2024-1129,APPROVED,3525,Imelda Padilla,Aye,1
2932,2025-02-27,Board of Directors - Regular Board Meeting,139948,32,2024-1129,APPROVED,2244,Tim Sandoval,Aye,1
2932,2025-02-27,Board of Directors - Regular Board Meeting,139948,32,2024-1129,APPROVED,290,Hilda L. Solis,Absent,0
2932,2025-02-27,Board of Directors - Regular Board Meeting,139948,32,2024-1129,APPROVED,3373,Katy Yaroslavsky,Aye,1
2932,2025-02-27,Board of Directors - Regular Board Meeting,139949,29,2024-0193,APPROVED,1981,Janice Hahn,Aye,1
2932,2025-02-27,Board of Directors - Regular Board Meeting,139949,29,2024-0193,APPROVED,2253,Fernando Dutra,Aye,1
2932,2025-02-27,Board of Directors - Regular Board Meeting,139949,29,2024-0193,APPROVED,284,Jacquelyn Dupont-Walker,Aye,1
2932,2025-02-27,Board of Directors - Regular Board Meeting,139949,29,2024-0193,APPROVED,1982,Kathryn Barger,Aye,1
2932,2025-02-27,Board of Directors - Regular Board Meeting,139949,29,2024-0193,APPROVED,3355,Karen Bass,Aye,1
2932,2025-02-27,Board of Directors - Regular Board Meeting,139949,29,2024-0193,APPROVED,1820,James Butts,Aye,1
2932,2025-02-27,Board of Directors - Regular Board Meeting,139949,29,2024-0193,APPROVED,3356,Lindsey Horvath,Aye,1
2932,2025-02-27,Board of Directors - Regular Board Meeting,139949,29,2024-0193,APPROVED,2240,Holly J. Mitchell,Aye,1
2932,2025-02-27,Board of Directors - Regular Board Meeting,139949,29,2024-0193,APPROVED,288,Ara J. Najarian,Aye,1
2932,2025-02-27,Board of Directors - Regular Board Meeting,139949,29,2024-0193,APPROVED,3525,Imelda Padilla,Aye,1
2932,2025-02-27,Board of Directors - Regular Board Meeting,139949,29,2024-0193,APPROVED,2244,Tim Sandoval,Aye,1
2932,2025-02-27,Board of Directors - Regular Board Meeting,139949,29,2024-0193,APPROVED,290,Hilda L. Solis,Absent,0
2932,2025-02-27,Board of Directors - Regular Board Meeting,139949,29,2024-0193,APPROVED,3373,Katy Yaroslavsky,Aye,1
2932,2025-02-27,Board of Directors - Regular Board Meeting,139950,31,2024-1143,APPROVED,1981,Janice Hahn,Aye,1
2932,2025-02-27,Board of Directors - Regular Board Meeting,139950,31,2024-1143,APPROVED,2253,Fernando Dutra,Aye,1
2932,2025-02-27,Board of Directors - Regular Board Meeting,139950,31,2024-1143,APPROVED,284,Jacquelyn Dupont-Walker,Aye,1
2932,2025-02-27,Board of Directors - Regular Board Meeting,139950,31,2024-1143,APPROVED,1982,Kathryn Barger,Aye,1
2932,2025-02-27,Board of Directors - Regular Board Meeting,139950,31,2024-1143,APPROVED,3355,Karen Bass,Aye,1
2932,2025-02-27,Board of Directors - Regular Board Meeting,139950,31,2024-1143,APPROVED,1820,James Butts,Aye,1
2932,2025-02-27,Board of Directors - Regular Board Meeting,139950,31,2024-1143,APPROVED,3356,Lindsey Horvath,Aye,1
2932,2025-02-27,Board of Directors - Regular Board Meeting,139950,31,2024-1143,APPROVED,2240,Holly J. Mitchell,Aye,1
2932,2025-02-27,Board of Directors - Regular Board Meeting,139950,31,2024-1143,APPROVED,288,Ara J. Najarian,Aye,1
2932,2025-02-27,Board of Directors - Regular Board Meeting,139950,31,2024-1143,APPROVED,3525,Imelda Padilla,Aye,1
2932,2025-02-27,Board of Directors - Regular Board Meeting,139950,31,2024-1143,APPROVED,2244,Tim Sandoval,Aye,1
2932,2025-02-27,Board of Directors - Regular Board Meeting,139950,31,2024-1143,APPROVED,290,Hilda L. Solis,Absent,0
2932,2025-02-27,Board of Directors - Regular Board Meeting,139950,31,2024-1143,APPROVED,3373,Katy Yaroslavsky,Aye,1
2932,2025-02-27,Board of Directors - Regular Board Meeting,140509,39,2025-0164,APPROVED,1981,Janice Hahn,Aye,1
2932,2025-02-27,Board of Directors - Regular Board Meeting,140509,39,2025-0164,APPROVED,2253,Fernando Dutra,Aye,1
2932,2025-02-27,Board of Directors - Regular Board Meeting,140509,39,2025-0164,APPROVED,284,Jacquelyn Dupont-Walker,Aye,1
2932,2025-02-27,Board of Directors - Regular Board Meeting,140509,39,2025-0164,APPROVED,1982,Kathryn Barger,Aye,1
2932,2025-02-27,Board of Directors - Regular Board Meeting,140509,39,2025-0164,APPROVED,3355,Karen Bass,Absent,0
2932,2025-02-27,Board of Directors - Regular Board Meeting,140509,39,2025-0164,APPROVED,1820,James Butts,Absent,0
2932,2025-02-27,Board of Directors - Regular Board Meeting,140509,39,2025-0164,APPROVED,3356,Lindsey Horvath,Aye,1
2932,2025-02-27,Board of Directors - Regular Board Meeting,140509,39,2025-0164,APPROVED,2240,Holly J. Mitchell,Abstain,0
2932,2025-02-27,Board of Directors - Regular Board Meeting,140509,39,2025-0164,APPROVED,288,Ara J. Najarian,Aye,1
2932,2025-02-27,Board of Directors - Regular Board Meeting,140509,39,2025-0164,APPROVED,3525,Imelda Padilla,Aye,1
2932,2025-02-27,Board of Directors - Regular Board Meeting,140509,39,2025-0164,APPROVED,2244,Tim Sandoval,Aye,1
2932,2025-02-27,Board of Directors - Regular Board Meeting,140509,39,2025-0164,APPROVED,290,Hilda L. Solis,Aye,1
2932,2025-02-27,Board of Directors - Regular Board Meeting,140509,39,2025-0164,APPROVED,3373,Katy Yaroslavsky,Aye,1
2932,2025-02-27,Board of Directors - Regular Board Meeting,140602,,,APPROVED ON CONSENT CALENDAR,1981,Janice Hahn,Aye,1
2932,2025-02-27,Board of Directors - Regular Board Meeting,140602,,,APPROVED ON CONSENT CALENDAR,2253,Fernando Dutra,Aye,1
2932,2025-02-27,Board of Directors - Regular Board Meeting,140602,,,APPROVED ON CONSENT CALENDAR,284,Jacquelyn Dupont-Walker,Aye,1
2932,2025-02-27,Board of Directors - Regular Board Meeting,140602,,,APPROVED ON CONSENT CALENDAR,1982,Kathryn Barger,Absent,0
2932,2025-02-27,Board of Directors - Regular Board Meeting,140602,,,APPROVED ON CONSENT CALENDAR,3355,Karen Bass,Aye,1
2932,2025-02-27,Board of Directors - Regular Board Meeting,140602,,,APPROVED ON CONSENT CALENDAR,1820,James Butts,Aye,1
2932,2025-02-27,Board of Directors - Regular Board Meeting,140602,,,APPROVED ON CONSENT CALENDAR,3356,Lindsey Horvath,Aye,1
2932,2025-02-27,Board of Directors - Regular Board Meeting,140602,,,APPROVED ON CONSENT CALENDAR,2240,Holly J. Mitchell,Absent,0
2932,2025-02-27,Board of Directors - Regular Board Meeting,140602,,,APPROVED ON CONSENT CALENDAR,288,Ara J. Najarian,Aye,1
2932,2025-02-27,Board of Directors - Regular Board Meeting,140602,,,APPROVED ON CONSENT CALENDAR,3525,Imelda Padilla,Aye,1
2932,2025-02-27,Board of Directors - Regular Board Meeting,140602,,,APPROVED ON CONSENT CALENDAR,2244,Tim Sandoval,Aye,1
2932,2025-02-27,Board of Directors - Regular Board Meeting,140602,,,APPROVED ON CONSENT CALENDAR,290,Hilda L. Solis,Absent,0
2932,2025-02-27,Board of Directors - Regular Board Meeting,140602,,,APPROVED ON CONSENT CALENDAR,3373,Katy Yaroslavsky,Aye,1
2938,2025-03-27,Board of Directors - Regular Board Meeting,142396,24,2025-0096,APPROVED,1981,Janice Hahn,Aye,1
2938,2025-03-27,Board of Directors - Regular Board Meeting,142396,24,2025-0096,APPROVED,2253,Fernando Dutra,Aye,1
2938,2025-03-27,Board of Directors - Regular Board Meeting,142396,24,2025-0096,APPROVED,284,Jacquelyn Dupont-Walker,Aye,1
2938,2025-03-27,Board of Directors - Regular Board Meeting,142396,24,2025-0096,APPROVED,1982,Kathryn Barger,Absent,0
2938,2025-03-27,Board of Directors - Regular Board Meeting,142396,24,2025-0096,APPROVED,3355,Karen Bass,Absent,0
2938,2025-03-27,Board of Directors - Regular Board Meeting,142396,24,2025-0096,APPROVED,1820,James Butts,Absent,0
2938,2025-03-27,Board of Directors - Regular Board Meeting,142396,24,2025-0096,APPROVED,3356,Lindsey Horvath,Absent,0
2938,2025-03-27,Board of Directors - Regular Board Meeting,142396,24,2025-0096,APPROVED,2240,Holly J. Mitchell,Aye,1
2938,2025-03-27,Board of Directors - Regular Board Meeting,142396,24,2025-0096,APPROVED,288,Ara J. Najarian,Aye,1
2938,2025-03-27,Board of Directors - Regular Board Meeting,142396,24,2025-0096,APPROVED,3525,Imelda Padilla,Aye,1
2938,2025-03-27,Board of Directors - Regular Board Meeting,142396,24,2025-0096,APPROVED,2244,Tim Sandoval,Aye,1
2938,2025-03-27,Board of Directors - Regular Board Meeting,142396,24,2025-0096,APPROVED,290,Hilda L. Solis,Absent,0
2938,2025-03-27,Board of Directors - Regular Board Meeting,142396,24,2025-0096,APPROVED,3373,Katy Yaroslavsky,Aye,1
2938,2025-03-27,Board of Directors - Regular Board Meeting,142398,2,2025-0224,APPROVED ON CONSENT CALENDAR,1981,Janice Hahn,Aye,1
2938,2025-03-27,Board of Directors - Regular Board Meeting,142398,2,2025-0224,APPROVED ON CONSENT CALENDAR,2253,Fernando Dutra,Aye,1
2938,2025-03-27,Board of Directors - Regular Board Meeting,142398,2,2025-0224,APPROVED ON CONSENT CALENDAR,284,Jacquelyn Dupont-Walker,Aye,1
2938,2025-03-27,Board of Directors - Regular Board Meeting,142398,2,2025-0224,APPROVED ON CONSENT CALENDAR,1982,Kathryn Barger,Absent,0
2938,2025-03-27,Board of Directors - Regular Board Meeting,142398,2,2025-0224,APPROVED ON CONSENT CALENDAR,3355,Karen Bass,Absent,0
2938,2025-03-27,Board of Directors - Regular Board Meeting,142398,2,2025-0224,APPROVED ON CONSENT CALENDAR,1820,James Butts,Absent,0
2938,2025-03-27,Board of Directors - Regular Board Meeting,142398,2,2025-0224,APPROVED ON CONSENT CALENDAR,3356,Lindsey Horvath,Absent,0
2938,2025-03-27,Board of Directors - Regular Board Meeting,142398,2,2025-0224,APPROVED ON CONSENT CALENDAR,2240,Holly J. Mitchell,Aye,1
2938,2025-03-27,Board of Directors - Regular Board Meeting,142398,2,2025-0224,APPROVED ON CONSENT CALENDAR,288,Ara J. Najarian,Aye,1
2938,2025-03-27,Board of Directors - Regular Board Meeting,142398,2,2025-0224,APPROVED ON CONSENT CALENDAR,3525,Imelda Padilla,Aye,1
2938,2025-03-27,Board of Directors - Regular Board Meeting,142398,2,2025-0224,APPROVED ON CONSENT CALENDAR,2244,Tim Sandoval,Aye,1
2938,2025-03-27,Board of Directors - Regular Board Meeting,142398,2,2025-0224,APPROVED ON CONSENT CALENDAR,290,Hilda L. Solis,Absent,0
2938,2025-03-27,Board of Directors - Regular Board Meeting,142398,2,2025-0224,APPROVED ON CONSENT CALENDAR,3373,Katy Yaroslavsky,Aye,1
2938,2025-03-27,Board of Directors - Regular Board Meeting,142407,5,2025-0064,APPROVED ON CONSENT CALENDAR,1981,Janice Hahn,Aye,1
2938,2025-03-27,Board of Directors - Regular Board Meeting,142407,5,2025-0064,APPROVED ON CONSENT CALENDAR,2253,Fernando Dutra,Aye,1
2938,2025-03-27,Board of Directors - Regular Board Meeting,142407,5,2025-0064,APPROVED ON CONSENT CALENDAR,284,Jacquelyn Dupont-Walker,Aye,1
2938,2025-03-27,Board of Directors - Regular Board Meeting,142407,5,2025-0064,APPROVED ON CONSENT CALENDAR,1982,Kathryn Barger,Absent,0
2938,2025-03-27,Board of Directors - Regular Board Meeting,142407,5,2025-0064,APPROVED ON CONSENT CALENDAR,3355,Karen Bass,Absent,0
2938,2025-03-27,Board of Directors - Regular Board Meeting,142407,5,2025-0064,APPROVED ON CONSENT CALENDAR,1820,James Butts,Absent,0
2938,2025-03-27,Board of Directors - Regular Board Meeting,142407,5,2025-0064,APPROVED ON CONSENT CALENDAR,3356,Lindsey Horvath,Absent,0
2938,2025-03-27,Board of Directors - Regular Board Meeting,142407,5,2025-0064,APPROVED ON CONSENT CALENDAR,2240,Holly J. Mitchell,Aye,1
2938,2025-03-27,Board of Directors - Regular Board Meeting,142407,5,2025-0064,APPROVED ON CONSENT CALENDAR,288,Ara J. Najarian,Aye,1
2938,2025-03-27,Board of Directors - Regular Board Meeting,142407,5,2025-0064,APPROVED ON CONSENT CALENDAR,3525,Imelda Padilla,Aye,1
2938,2025-03-27,Board of Directors - Regular Board Meeting,142407,5,2025-0064,APPROVED ON CONSENT CALENDAR,2244,Tim Sandoval,Aye,1
2938,2025-03-27,Board of Directors - Regular Board Meeting,142407,5,2025-0064,APPROVED ON CONSENT CALENDAR,290,Hilda L. Solis,Absent,0
2938,2025-03-27,Board of Directors - Regular Board Meeting,142407,5,2025-0064,APPROVED ON CONSENT CALENDAR,3373,Katy Yaroslavsky,Aye,1
2938,2025-03-27,Board of Directors - Regular Board Meeting,142408,15,2024-1163,APPROVED,1981,Janice Hahn,Aye,1
2938,2025-03-27,Board of Directors - Regular Board Meeting,142408,15,2024-1163,APPROVED,2253,Fernando Dutra,Aye,1
2938,2025-03-27,Board of Directors - Regular Board Meeting,142408,15,2024-1163,APPROVED,284,Jacquelyn Dupont-Walker,Aye,1
2938,2025-03-27,Board of Directors - Regular Board Meeting,142408,15,2024-1163,APPROVED,1982,Kathryn Barger,Absent,0
2938,2025-03-27,Board of Directors - Regular Board Meeting,142408,15,2024-1163,APPROVED,3355,Karen Bass,Absent,0
2938,2025-03-27,Board of Directors - Regular Board Meeting,142408,15,2024-1163,APPROVED,1820,James Butts,Absent,0
2938,2025-03-27,Board of Directors - Regular Board Meeting,142408,15,2024-1163,APPROVED,3356,Lindsey Horvath,Absent,0
2938,2025-03-27,Board of Directors - Regular Board Meeting,142408,15,2024-1163,APPROVED,2240,Holly J. Mitchell,Aye,1
2938,2025-03-27,Board of Directors - Regular Board Meeting,142408,15,2024-1163,APPROVED,288,Ara J. Najarian,Aye,1
2938,2025-03-27,Board of Directors - Regular Board Meeting,142408,15,2024-1163,APPROVED,3525,Imelda Padilla,Aye,1
2938,2025-03-27,Board of Directors - Regular Board Meeting,142408,15,2024-1163,APPROVED,2244,Tim Sandoval,Aye,1
2938,2025-03-27,Board of Directors - Regular Board Meeting,142408,15,2024-1163,APPROVED,290,Hilda L. Solis,Absent,0
2938,2025-03-27,Board of Directors - Regular Board Meeting,142408,15,2024-1163,APPROVED,3373,Katy Yaroslavsky,Aye,1
2938,2025-03-27,Board of Directors - Regular Board Meeting,142410,14,2025-0043,ADOPTED,1981,Janice Hahn,Aye,1
2938,2025-03-27,Board of Directors - Regular Board Meeting,142410,14,2025-0043,ADOPTED,2253,Fernando Dutra,Aye,1
2938,2025-03-27,Board of Directors - Regular Board Meeting,142410,14,2025-0043,ADOPTED,284,Jacquelyn Dupont-Walker,Aye,1
2938,2025-03-27,Board of Directors - Regular Board Meeting,142410,14,2025-0043,ADOPTED,1982,Kathryn Barger,Absent,0
2938,2025-03-27,Board of Directors - Regular Board Meeting,142410,14,2025-0043,ADOPTED,3355,Karen Bass,Absent,0
2938,2025-03-27,Board of Directors - Regular Board Meeting,142410,14,2025-0043,ADOPTED,1820,James Butts,Absent,0
2938,2025-03-27,Board of Directors - Regular Board Meeting,142410,14,2025-0043,ADOPTED,3356,Lindsey Horvath,Absent,0
2938,2025-03-27,Board of Directors - Regular Board Meeting,142410,14,2025-0043,ADOPTED,2240,Holly J. Mitchell,Aye,1
2938,2025-03-27,Board of Directors - Regular Board Meeting,142410,14,2025-0043,ADOPTED,288,Ara J. Najarian,Aye,1
2938,2025-03-27,Board of Directors - Regular Board Meeting,142410,14,2025-0043,ADOPTED,3525,Imelda Padilla,Aye,1
2938,2025-03-27,Board of Directors - Regular Board Meeting,142410,14,2025-0043,ADOPTED,2244,Tim Sandoval,Aye,1
2938,2025-03-27,Board of Directors - Regular Board Meeting,142410,14,2025-0043,ADOPTED,290,Hilda L. Solis,Absent,0
2938,2025-03-27,Board of Directors - Regular Board Meeting,142410,14,2025-0043,ADOPTED,3373,Katy Yaroslavsky,Aye,1
2938,2025-03-27,Board of Directors - Regular Board Meeting,142414,9,2025-0044,APPROVED,1981,Janice Hahn,Aye,1
2938,2025-03-27,Board of Directors - Regular Board Meeting,142414,9,2025-0044,APPROVED,2253,Fernando Dutra,Aye,1
2938,2025-03-27,Board of Directors - Regular Board Meeting,142414,9,2025-0044,APPROVED,284,Jacquelyn Dupont-Walker,Aye,1
2938,2025-03-27,Board of Directors - Regular Board Meeting,142414,9,2025-0044,APPROVED,1982,Kathryn Barger,Absent,0
2938,2025-03-27,Board of Directors - Regular Board Meeting,142414,9,2025-0044,APPROVED,3355,Karen Bass,Absent,0
2938,2025-03-27,Board of Directors - Regular Board Meeting,142414,9,2025-0044,APPROVED,1820,James Butts,Absent,0
2938,2025-03-27,Board of Directors - Regular Board Meeting,142414,9,2025-0044,APPROVED,3356,Lindsey Horvath,Absent,0
2938,2025-03-27,Board of Directors - Regular Board Meeting,142414,9,2025-0044,APPROVED,2240,Holly J. Mitchell,Aye,1
2938,2025-03-27,Board of Directors - Regular Board Meeting,142414,9,2025-0044,APPROVED,288,Ara J. Najarian,Aye,1
2938,2025-03-27,Board of Directors - Regular Board Meeting,142414,9,2025-0044,APPROVED,3525,Imelda Padilla,Aye,1
2938,2025-03-27,Board of Directors - Regular Board Meeting,142414,9,2025-0044,APPROVED,2244,Tim Sandoval,Aye,1
2938,2025-03-27,Board of Directors - Regular Board Meeting,142414,9,2025-0044,APPROVED,290,Hilda L. Solis,Absent,0
2938,2025-03-27,Board of Directors - Regular Board Meeting,142414,9,2025-0044,APPROVED,3373,Katy Yaroslavsky,Aye,1
2938,2025-03-27,Board of Directors - Regular Board Meeting,142416,8,2025-0040,APPROVED ON CONSENT CALENDAR,1981,Janice Hahn,Aye,1
2938,2025-03-27,Board of Directors - Regular Board Meeting,142416,8,2025-0040,APPROVED ON CONSENT CALENDAR,2253,Fernando Dutra,Aye,1
2938,2025-03-27,Board of Directors - Regular Board Meeting,142416,8,2025-0040,APPROVED ON CONSENT CALENDAR,284,Jacquelyn Dupont-Walker,Aye,1
2938,2025-03-27,Board of Directors - Regular Board Meeting,142416,8,2025-0040,APPROVED ON CONSENT CALENDAR,1982,Kathryn Barger,Absent,0
2938,2025-03-27,Board of Directors - Regular Board Meeting,142416,8,2025-0040,APPROVED ON CONSENT CALENDAR,3355,Karen Bass,Absent,0
2938,2025-03-27,Board of Directors - Regular Board Meeting,142416,8,2025-0040,APPROVED ON CONSENT CALENDAR,1820,James Butts,Absent,0
2938,2025-03-27,Board of Directors - Regular Board Meeting,142416,8,2025-0040,APPROVED ON CONSENT CALENDAR,3356,Lindsey Horvath,Absent,0
2938,2025-03-27,Board of Directors - Regular Board Meeting,142416,8,2025-0040,APPROVED ON CONSENT CALENDAR,2240,Holly J. Mitchell,Aye,1
2938,2025-03-27,Board of Directors - Regular Board Meeting,142416,8,2025-0040,APPROVED ON CONSENT CALENDAR,288,Ara J. Najarian,Aye,1
2938,2025-03-27,Board of Directors - Regular Board Meeting,142416,8,2025-0040,APPROVED ON CONSENT CALENDAR,3525,Imelda Padilla,Aye,1
2938,2025-03-27,Board of Directors - Regular Board Meeting,142416,8,2025-0040,APPROVED ON CONSENT CALENDAR,2244,Tim Sandoval,Aye,1
2938,2025-03-27,Board of Directors - Regular Board Meeting,142416,8,2025-0040,APPROVED ON CONSENT CALENDAR,290,Hilda L. Solis,Absent,0
2938,2025-03-27,Board of Directors - Regular Board Meeting,142416,8,2025-0040,APPROVED ON CONSENT CALENDAR,3373,Katy Yaroslavsky,Aye,1
2938,2025-03-27,Board of Directors - Regular Board Meeting,142418,6,2024-1093,APPROVED ON CONSENT CALENDAR,1981,Janice Hahn,Aye,1
2938,2025-03-27,Board of Directors - Regular Board Meeting,142418,6,2024-1093,APPROVED ON CONSENT CALENDAR,2253,Fernando Dutra,Aye,1
2938,2025-03-27,Board of Directors - Regular Board Meeting,142418,6,2024-1093,APPROVED ON CONSENT CALENDAR,284,Jacquelyn Dupont-Walker,Aye,1
2938,2025-03-27,Board of Directors - Regular Board Meeting,142418,6,2024-1093,APPROVED ON CONSENT CALENDAR,1982,Kathryn Barger,Absent,0
2938,2025-03-27,Board of Directors - Regular Board Meeting,142418,6,2024-1093,APPROVED ON CONSENT CALENDAR,3355,Karen Bass,Conflict,0
2938,2025-03-27,Board of Directors - Regular Board Meeting,142418,6,2024-1093,APPROVED ON CONSENT CALENDAR,1820,James Butts,Absent,0
2938,2025-03-27,Board of Directors - Regular Board Meeting,142418,6,2024-1093,APPROVED ON CONSENT CALENDAR,3356,Lindsey Horvath,Conflict,0
2938,2025-03-27,Board of Directors - Regular Board Meeting,142418,6,2024-1093,APPROVED ON CONSENT CALENDAR,2240,Holly J. Mitchell,Aye,1
2938,2025-03-27,Board of Directors - Regular Board Meeting,142418,6,2024-1093,APPROVED ON CONSENT CALENDAR,288,Ara J. Najarian,Aye,1
2938,2025-03-27,Board of Directors - Regular Board Meeting,142418,6,2024-1093,APPROVED ON CONSENT CALENDAR,3525,Imelda Padilla,Aye,1
2938,2025-03-27,Board of Directors - Regular Board Meeting,142418,6,2024-1093,APPROVED ON CONSENT CALENDAR,2244,Tim Sandoval,Aye,1
2938,2025-03-27,Board of Directors - Regular Board Meeting,142418,6,2024-1093,APPROVED ON CONSENT CALENDAR,290,Hilda L. Solis,Absent,0
2938,2025-03-27,Board of Directors - Regular Board Meeting,142418,6,2024-1093,APPROVED ON CONSENT CALENDAR,3373,Katy Yaroslavsky,Aye,1
2938,2025-03-27,Board of Directors - Regular Board Meeting,142419,12,2024-1073,APPROVED,1981,Janice Hahn,Aye,1
2938,2025-03-27,Board of Directors - Regular Board Meeting,142419,12,2024-1073,APPROVED,2253,Fernando Dutra,Aye,1
2938,2025-03-27,Board of Directors - Regular Board Meeting,142419,12,2024-1073,APPROVED,284,Jacquelyn Dupont-Walker,Aye,1
2938,2025-03-27,Board of Directors - Regular Board Meeting,142419,12,2024-1073,APPROVED,1982,Kathryn Barger,Absent,0
2938,2025-03-27,Board of Directors - Regular Board Meeting,142419,12,2024-1073,APPROVED,3355,Karen Bass,Absent,0
2938,2025-03-27,Board of Directors - Regular Board Meeting,142419,12,2024-1073,APPROVED,1820,James Butts,Aye,1
2938,2025-03-27,Board of Directors - Regular Board Meeting,142419,12,2024-1073,APPROVED,3356,Lindsey Horvath,Aye,1
2938,2025-03-27,Board of Directors - Regular Board Meeting,142419,12,2024-1073,APPROVED,2240,Holly J. Mitchell,Aye,1
2938,2025-03-27,Board of Directors - Regular Board Meeting,142419,12,2024-1073,APPROVED,288,Ara J. Najarian,Absent,0
2938,2025-03-27,Board of Directors - Regular Board Meeting,142419,12,2024-1073,APPROVED,3525,Imelda Padilla,Aye,1
2938,2025-03-27,Board of Directors - Regular Board Meeting,142419,12,2024-1073,APPROVED,2244,Tim Sandoval,Aye,1
2938,2025-03-27,Board of Directors - Regular Board Meeting,142419,12,2024-1073,APPROVED,290,Hilda L. Solis,Absent,0
2938,2025-03-27,Board of Directors - Regular Board Meeting,142419,12,2024-1073,APPROVED,3373,Katy Yaroslavsky,Aye,1
2938,2025-03-27,Board of Directors - Regular Board Meeting,142421,10,2025-0052,APPROVED,1981,Janice Hahn,Aye,1
2938,2025-03-27,Board of Directors - Regular Board Meeting,142421,10,2025-0052,APPROVED,2253,Fernando Dutra,Aye,1
2938,2025-03-27,Board of Directors - Regular Board Meeting,142421,10,2025-0052,APPROVED,284,Jacquelyn Dupont-Walker,Aye,1
2938,2025-03-27,Board of Directors - Regular Board Meeting,142421,10,2025-0052,APPROVED,1982,Kathryn Barger,Absent,0
2938,2025-03-27,Board of Directors - Regular Board Meeting,142421,10,2025-0052,APPROVED,3355,Karen Bass,Absent,0
2938,2025-03-27,Board of Directors - Regular Board Meeting,142421,10,2025-0052,APPROVED,1820,James Butts,Absent,0
2938,2025-03-27,Board of Directors - Regular Board Meeting,142421,10,2025-0052,APPROVED,3356,Lindsey Horvath,Absent,0
2938,2025-03-27,Board of Directors - Regular Board Meeting,142421,10,2025-0052,APPROVED,2240,Holly J. Mitchell,Aye,1
2938,2025-03-27,Board of Directors - Regular Board Meeting,142421,10,2025-0052,APPROVED,288,Ara J. Najarian,Aye,1
2938,2025-03-27,Board of Directors - Regular Board Meeting,142421,10,2025-0052,APPROVED,3525,Imelda Padilla,Aye,1
2938,2025-03-27,Board of Directors - Regular Board Meeting,142421,10,2025-0052,APPROVED,2244,Tim Sandoval,Aye,1
2938,2025-03-27,Board of Directors - Regular Board Meeting,142421,10,2025-0052,APPROVED,290,Hilda L. Solis,Absent,0
2938,2025-03-27,Board of Directors - Regular Board Meeting,142421,10,2025-0052,APPROVED,3373,Katy Yaroslavsky,Aye,1
2938,2025-03-27,Board of Directors - Regular Board Meeting,142422,11,2024-1164,APPROVED ON CONSENT CALENDAR,1981,Janice Hahn,Aye,1
2938,2025-03-27,Board of Directors - Regular Board Meeting,142422,11,2024-1164,APPROVED ON CONSENT CALENDAR,2253,Fernando Dutra,Aye,1
2938,2025-03-27,Board of Directors - Regular Board Meeting,142422,11,2024-1164,APPROVED ON CONSENT CALENDAR,284,Jacquelyn Dupont-Walker,Aye,1
2938,2025-03-27,Board of Directors - Regular Board Meeting,142422,11,2024-1164,APPROVED ON CONSENT CALENDAR,1982,Kathryn Barger,Absent,0
2938,2025-03-27,Board of Directors - Regular Board Meeting,142422,11,2024-1164,APPROVED ON CONSENT CALENDAR,3355,Karen Bass,Absent,0
2938,2025-03-27,Board of Directors - Regular Board Meeting,142422,11,2024-1164,APPROVED ON CONSENT CALENDAR,1820,James Butts,Absent,0
2938,2025-03-27,Board of Directors - Regular Board Meeting,142422,11,2024-1164,APPROVED ON CONSENT CALENDAR,3356,Lindsey Horvath,Absent,0
2938,2025-03-27,Board of Directors - Regular Board Meeting,142422,11,2024-1164,APPROVED ON CONSENT CALENDAR,2240,Holly J. Mitchell,Aye,1
2938,2025-03-27,Board of Directors - Regular Board Meeting,142422,11,2024-1164,APPROVED ON CONSENT CALENDAR,288,Ara J. Najarian,Aye,1
2938,2025-03-27,Board of Directors - Regular Board Meeting,142422,11,2024-1164,APPROVED ON CONSENT CALENDAR,3525,Imelda Padilla,Aye,1
2938,2025-03-27,Board of Directors - Regular Board Meeting,142422,11,2024-1164,APPROVED ON CONSENT CALENDAR,2244,Tim Sandoval,Aye,1
2938,2025-03-27,Board of Directors - Regular Board Meeting,142422,11,2024-1164,APPROVED ON CONSENT CALENDAR,290,Hilda L. Solis,Absent,0
2938,2025-03-27,Board of Directors - Regular Board Meeting,142422,11,2024-1164,APPROVED ON CONSENT CALENDAR,3373,Katy Yaroslavsky,Aye,1
2938,2025-03-27,Board of Directors - Regular Board Meeting,142424,23,2025-0071,APPROVED,1981,Janice Hahn,Aye,1
2938,2025-03-27,Board of Directors - Regular Board Meeting,142424,23,2025-0071,APPROVED,2253,Fernando Dutra,Aye,1
2938,2025-03-27,Board of Directors - Regular Board Meeting,142424,23,2025-0071,APPROVED,284,Jacquelyn Dupont-Walker,Aye,1
2938,2025-03-27,Board of Directors - Regular Board Meeting,142424,23,2025-0071,APPROVED,1982,Kathryn Barger,Absent,0
2938,2025-03-27,Board of Directors - Regular Board Meeting,142424,23,2025-0071,APPROVED,3355,Karen Bass,Absent,0
2938,2025-03-27,Board of Directors - Regular Board Meeting,142424,23,2025-0071,APPROVED,1820,James Butts,Absent,0
2938,2025-03-27,Board of Directors - Regular Board Meeting,142424,23,2025-0071,APPROVED,3356,Lindsey Horvath,Absent,0
2938,2025-03-27,Board of Directors - Regular Board Meeting,142424,23,2025-0071,APPROVED,2240,Holly J. Mitchell,Aye,1
2938,2025-03-27,Board of Directors - Regular Board Meeting,142424,23,2025-0071,APPROVED,288,Ara J. Najarian,Aye,1
2938,2025-03-27,Board of Directors - Regular Board Meeting,142424,23,2025-0071,APPROVED,3525,Imelda Padilla,Aye,1
2938,2025-03-27,Board of Directors - Regular Board Meeting,142424,23,2025-0071,APPROVED,2244,Tim Sandoval,Aye,1
2938,2025-03-27,Board of Directors - Regular Board Meeting,142424,23,2025-0071,APPROVED,290,Hilda L. Solis,Absent,0
2938,2025-03-27,Board of Directors - Regular Board Meeting,142424,23,2025-0071,APPROVED,3373,Katy Yaroslavsky,Aye,1
2938,2025-03-27,Board of Directors - Regular Board Meeting,142426,22,2025-0160,APPROVED,1981,Janice Hahn,Aye,1
2938,2025-03-27,Board of Directors - Regular Board Meeting,142426,22,2025-0160,APPROVED,2253,Fernando Dutra,Aye,1
2938,2025-03-27,Board of Directors - Regular Board Meeting,142426,22,2025-0160,APPROVED,284,Jacquelyn Dupont-Walker,Aye,1
2938,2025-03-27,Board of Directors - Regular Board Meeting,142426,22,2025-0160,APPROVED,1982,Kathryn Barger,Absent,0
2938,2025-03-27,Board of Directors - Regular Board Meeting,142426,22,2025-0160,APPROVED,3355,Karen Bass,Absent,0
2938,2025-03-27,Board of Directors - Regular Board Meeting,142426,22,2025-0160,APPROVED,1820,James Butts,Absent,0
2938,2025-03-27,Board of Directors - Regular Board Meeting,142426,22,2025-0160,APPROVED,3356,Lindsey Horvath,Absent,0
2938,2025-03-27,Board of Directors - Regular Board Meeting,142426,22,2025-0160,APPROVED,2240,Holly J. Mitchell,Aye,1
2938,2025-03-27,Board of Directors - Regular Board Meeting,142426,22,2025-0160,APPROVED,288,Ara J. Najarian,Aye,1
2938,2025-03-27,Board of Directors - Regular Board Meeting,142426,22,2025-0160,APPROVED,3525,Imelda Padilla,Aye,1
2938,2025-03-27,Board of Directors - Regular Board Meeting,142426,22,2025-0160,APPROVED,2244,Tim Sandoval,Aye,1
2938,2025-03-27,Board of Directors - Regular Board Meeting,142426,22,2025-0160,APPROVED,290,Hilda L. Solis,Absent,0
2938,2025-03-27,Board of Directors - Regular Board Meeting,142426,22,2025-0160,APPROVED,3373,Katy Yaroslavsky,Aye,1
2938,2025-03-27,Board of Directors - Regular Board Meeting,142428,21,2025-0045,APPROVED,1981,Janice Hahn,Aye,1
2938,2025-03-27,Board of Directors - Regular Board Meeting,142428,21,2025-0045,APPROVED,2253,Fernando Dutra,Aye,1
2938,2025-03-27,Board of Directors - Regular Board Meeting,142428,21,2025-0045,APPROVED,284,Jacquelyn Dupont-Walker,Aye,1
2938,2025-03-27,Board of Directors - Regular Board Meeting,142428,21,2025-0045,APPROVED,1982,Kathryn Barger,Absent,0
2938,2025-03-27,Board of Directors - Regular Board Meeting,142428,21,2025-0045,APPROVED,3355,Karen Bass,Absent,0
2938,2025-03-27,Board of Directors - Regular Board Meeting,142428,21,2025-0045,APPROVED,1820,James Butts,Absent,0
2938,2025-03-27,Board of Directors - Regular Board Meeting,142428,21,2025-0045,APPROVED,3356,Lindsey Horvath,Absent,0
2938,2025-03-27,Board of Directors - Regular Board Meeting,142428,21,2025-0045,APPROVED,2240,Holly J. Mitchell,Aye,1
2938,2025-03-27,Board of Directors - Regular Board Meeting,142428,21,2025-0045,APPROVED,288,Ara J. Najarian,Aye,1
2938,2025-03-27,Board of Directors - Regular Board Meeting,142428,21,2025-0045,APPROVED,3525,Imelda Padilla,Aye,1
2938,2025-03-27,Board of Directors - Regular Board Meeting,142428,21,2025-0045,APPROVED,2244,Tim Sandoval,Aye,1
2938,2025-03-27,Board of Directors - Regular Board Meeting,142428,21,2025-0045,APPROVED,290,Hilda L. Solis,Absent,0
2938,2025-03-27,Board of Directors - Regular Board Meeting,142428,21,2025-0045,APPROVED,3373,Katy Yaroslavsky,Aye,1
2938,2025-03-27,Board of Directors - Regular Board Meeting,142430,20,2024-1128,APPROVED,1981,Janice Hahn,Aye,1
2938,2025-03-27,Board of Directors - Regular Board Meeting,142430,20,2024-1128,APPROVED,2253,Fernando Dutra,Aye,1
2938,2025-03-27,Board of Directors - Regular Board Meeting,142430,20,2024-1128,APPROVED,284,Jacquelyn Dupont-Walker,Aye,1
2938,2025-03-27,Board of Directors - Regular Board Meeting,142430,20,2024-1128,APPROVED,1982,Kathryn Barger,Absent,0
2938,2025-03-27,Board of Directors - Regular Board Meeting,142430,20,2024-1128,APPROVED,3355,Karen Bass,Absent,0
2938,2025-03-27,Board of Directors - Regular Board Meeting,142430,20,2024-1128,APPROVED,1820,James Butts,Absent,0
2938,2025-03-27,Board of Directors - Regular Board Meeting,142430,20,2024-1128,APPROVED,3356,Lindsey Horvath,Absent,0
2938,2025-03-27,Board of Directors - Regular Board Meeting,142430,20,2024-1128,APPROVED,2240,Holly J. Mitchell,Aye,1
2938,2025-03-27,Board of Directors - Regular Board Meeting,142430,20,2024-1128,APPROVED,288,Ara J. Najarian,Aye,1
2938,2025-03-27,Board of Directors - Regular Board Meeting,142430,20,2024-1128,APPROVED,3525,Imelda Padilla,Aye,1
2938,2025-03-27,Board of Directors - Regular Board Meeting,142430,20,2024-1128,APPROVED,2244,Tim Sandoval,Aye,1
2938,2025-03-27,Board of Directors - Regular Board Meeting,142430,20,2024-1128,APPROVED,290,Hilda L. Solis,Absent,0
2938,2025-03-27,Board of Directors - Regular Board Meeting,142430,20,2024-1128,APPROVED,3373,Katy Yaroslavsky,Aye,1
2938,2025-03-27,Board of Directors - Regular Board Meeting,142432,29,2025-0217,APPROVED,1981,Janice Hahn,Aye,1
2938,2025-03-27,Board of Directors - Regular Board Meeting,142432,29,2025-0217,APPROVED,2253,Fernando Dutra,Aye,1
2938,2025-03-27,Board of Directors - Regular Board Meeting,142432,29,2025-0217,APPROVED,284,Jacquelyn Dupont-Walker,Aye,1
2938,2025-03-27,Board of Directors - Regular Board Meeting,142432,29,2025-0217,APPROVED,1982,Kathryn Barger,Absent,0
2938,2025-03-27,Board of Directors - Regular Board Meeting,142432,29,2025-0217,APPROVED,3355,Karen Bass,Absent,0
2938,2025-03-27,Board of Directors - Regular Board Meeting,142432,29,2025-0217,APPROVED,1820,James Butts,Absent,0
2938,2025-03-27,Board of Directors - Regular Board Meeting,142432,29,2025-0217,APPROVED,3356,Lindsey Horvath,Absent,0
2938,2025-03-27,Board of Directors - Regular Board Meeting,142432,29,2025-0217,APPROVED,2240,Holly J. Mitchell,Aye,1
2938,2025-03-27,Board of Directors - Regular Board Meeting,142432,29,2025-0217,APPROVED,288,Ara J. Najarian,Aye,1
2938,2025-03-27,Board of Directors - Regular Board Meeting,142432,29,2025-0217,APPROVED,3525,Imelda Padilla,Aye,1
2938,2025-03-27,Board of Directors - Regular Board Meeting,142432,29,2025-0217,APPROVED,2244,Tim Sandoval,Aye,1
2938,2025-03-27,Board of Directors - Regular Board Meeting,142432,29,2025-0217,APPROVED,290,Hilda L. Solis,Absent,0
2938,2025-03-27,Board of Directors - Regular Board Meeting,142432,29,2025-0217,APPROVED,3373,Katy Yaroslavsky,Aye,1
2938,2025-03-27,Board of Directors - Regular Board Meeting,142435,13.1,2025-0237,APPROVED AS AMENDED,1981,Janice Hahn,Aye,1
2938,2025-03-27,Board of Directors - Regular Board Meeting,142435,13.1,2025-0237,APPROVED AS AMENDED,2253,Fernando Dutra,Aye,1
2938,2025-03-27,Board of Directors - Regular Board Meeting,142435,13.1,2025-0237,APPROVED AS AMENDED,284,Jacquelyn Dupont-Walker,Absent,0
2938,2025-03-27,Board of Directors - Regular Board Meeting,142435,13.1,2025-0237,APPROVED AS AMENDED,1982,Kathryn Barger,Absent,0
2938,2025-03-27,Board of Directors - Regular Board Meeting,142435,13.1,2025-0237,APPROVED AS AMENDED,3355,Karen Bass,Absent,0
2938,2025-03-27,Board of Directors - Regular Board Meeting,142435,13.1,2025-0237,APPROVED AS AMENDED,1820,James Butts,Aye,1
2938,2025-03-27,Board of Directors - Regular Board Meeting,142435,13.1,2025-0237,APPROVED AS AMENDED,3356,Lindsey Horvath,Aye,1
2938,2025-03-27,Board of Directors - Regular Board Meeting,142435,13.1,2025-0237,APPROVED AS AMENDED,2240,Holly J. Mitchell,Aye,1
2938,2025-03-27,Board of Directors - Regular Board Meeting,142435,13.1,2025-0237,APPROVED AS AMENDED,288,Ara J. Najarian,Absent,0
2938,2025-03-27,Board of Directors - Regular Board Meeting,142435,13.1,2025-0237,APPROVED AS AMENDED,3525,Imelda Padilla,Aye,1
2938,2025-03-27,Board of Directors - Regular Board Meeting,142435,13.1,2025-0237,APPROVED AS AMENDED,2244,Tim Sandoval,Aye,1
2938,2025-03-27,Board of Directors - Regular Board Meeting,142435,13.1,2025-0237,APPROVED AS AMENDED,290,Hilda L. Solis,Absent,0
2938,2025-03-27,Board of Directors - Regular Board Meeting,142435,13.1,2025-0237,APPROVED AS AMENDED,3373,Katy Yaroslavsky,Aye,1
2938,2025-03-27,Board of Directors - Regular Board Meeting,142437,30,2025-0162,ADOPTED,1981,Janice Hahn,Aye,1
2938,2025-03-27,Board of Directors - Regular Board Meeting,142437,30,2025-0162,ADOPTED,2253,Fernando Dutra,Aye,1
2938,2025-03-27,Board of Directors - Regular Board Meeting,142437,30,2025-0162,ADOPTED,284,Jacquelyn Dupont-Walker,Absent,0
2938,2025-03-27,Board of Directors - Regular Board Meeting,142437,30,2025-0162,ADOPTED,1982,Kathryn Barger,Absent,0
2938,2025-03-27,Board of Directors - Regular Board Meeting,142437,30,2025-0162,ADOPTED,3355,Karen Bass,Absent,0
2938,2025-03-27,Board of Directors - Regular Board Meeting,142437,30,2025-0162,ADOPTED,1820,James Butts,Absent,0
2938,2025-03-27,Board of Directors - Regular Board Meeting,142437,30,2025-0162,ADOPTED,3356,Lindsey Horvath,Aye,1
2938,2025-03-27,Board of Directors - Regular Board Meeting,142437,30,2025-0162,ADOPTED,2240,Holly J. Mitchell,Aye,1
2938,2025-03-27,Board of Directors - Regular Board Meeting,142437,30,2025-0162,ADOPTED,288,Ara J. Najarian,Absent,0
2938,2025-03-27,Board of Directors - Regular Board Meeting,142437,30,2025-0162,ADOPTED,3525,Imelda Padilla,Aye,1
2938,2025-03-27,Board of Directors - Regular Board Meeting,142437,30,2025-0162,ADOPTED,2244,Tim Sandoval,Aye,1
2938,2025-03-27,Board of Directors - Regular Board Meeting,142437,30,2025-0162,ADOPTED,290,Hilda L. Solis,Absent,0
2938,2025-03-27,Board of Directors - Regular Board Meeting,142437,30,2025-0162,ADOPTED,3373,Katy Yaroslavsky,Aye,1
2938,2025-03-27,Board of Directors - Regular Board Meeting,142473,,,APPROVED ON CONSENT CALENDAR,1981,Janice Hahn,Aye,1
2938,2025-03-27,Board of Directors - Regular Board Meeting,142473,,,APPROVED ON CONSENT CALENDAR,2253,Fernando Dutra,Aye,1
2938,2025-03-27,Board of Directors - Regular Board Meeting,142473,,,APPROVED ON CONSENT CALENDAR,284,Jacquelyn Dupont-Walker,Aye,1
2938,2025-03-27,Board of Directors - Regular Board Meeting,142473,,,APPROVED ON CONSENT CALENDAR,1982,Kathryn Barger,Absent,0
2938,2025-03-27,Board of Directors - Regular Board Meeting,142473,,,APPROVED ON CONSENT CALENDAR,3355,Karen Bass,Absent,0
2938,2025-03-27,Board of Directors - Regular Board Meeting,142473,,,APPROVED ON CONSENT CALENDAR,1820,James Butts,Absent,0
2938,2025-03-27,Board of Directors - Regular Board Meeting,142473,,,APPROVED ON CONSENT CALENDAR,3356,Lindsey Horvath,Absent,0
2938,2025-03-27,Board of Directors - Regular Board Meeting,142473,,,APPROVED ON CONSENT CALENDAR,2240,Holly J. Mitchell,Aye,1
2938,2025-03-27,Board of Directors - Regular Board Meeting,142473,,,APPROVED ON CONSENT CALENDAR,288,Ara J. Najarian,Aye,1
2938,2025-03-27,Board of Directors - Regular Board Meeting,142473,,,APPROVED ON CONSENT CALENDAR,3525,Imelda Padilla,Aye,1
2938,2025-03-27,Board of Directors - Regular Board Meeting,142473,,,APPROVED ON CONSENT CALENDAR,2244,Tim Sandoval,Aye,1
2938,2025-03-27,Board of Directors - Regular Board Meeting,142473,,,APPROVED ON CONSENT CALENDAR,290,Hilda L. Solis,Absent,0
2938,2025-03-27,Board of Directors - Regular Board Meeting,142473,,,APPROVED ON CONSENT CALENDAR,3373,Katy Yaroslavsky,Aye,1
2939,2025-05-14,Ad Hoc 2028 Olympic & Paralympic Games Committee,146585,5,2025-0263,RECEIVED AND FILED,1981,Janice Hahn,Aye,1
2939,2025-05-14,Ad Hoc 2028 Olympic & Paralympic Games Committee,146585,5,2025-0263,RECEIVED AND FILED,3355,Karen Bass,Absent,0
2939,2025-05-14,Ad Hoc 2028 Olympic & Paralympic Games Committee,146585,5,2025-0263,RECEIVED AND FILED,284,Jacquelyn Dupont-Walker,Aye,1
2939,2025-05-14,Ad Hoc 2028 Olympic & Paralympic Games Committee,146585,5,2025-0263,RECEIVED AND FILED,3356,Lindsey Horvath,Aye,1
2939,2025-05-14,Ad Hoc 2028 Olympic & Paralympic Games Committee,146585,5,2025-0263,RECEIVED AND FILED,288,Ara J. Najarian,Aye,1
2939,2025-05-14,Ad Hoc 2028 Olympic & Paralympic Games Committee,146585,5,2025-0263,RECEIVED AND FILED,290,Hilda L. Solis,Aye,1
2939,2025-05-14,Ad Hoc 2028 Olympic & Paralympic Games Committee,146623,6,2025-0265,APPROVED,1981,Janice Hahn,Aye,1
2939,2025-05-14,Ad Hoc 2028 Olympic & Paralympic Games Committee,146623,6,2025-0265,APPROVED,3355,Karen Bass,Absent,0
2939,2025-05-14,Ad Hoc 2028 Olympic & Paralympic Games Committee,146623,6,2025-0265,APPROVED,284,Jacquelyn Dupont-Walker,Aye,1
2939,2025-05-14,Ad Hoc 2028 Olympic & Paralympic Games Committee,146623,6,2025-0265,APPROVED,3356,Lindsey Horvath,Aye,1
2939,2025-05-14,Ad Hoc 2028 Olympic & Paralympic Games Committee,146623,6,2025-0265,APPROVED,288,Ara J. Najarian,Aye,1
2939,2025-05-14,Ad Hoc 2028 Olympic & Paralympic Games Committee,146623,6,2025-0265,APPROVED,290,Hilda L. Solis,Aye,1
2939,2025-05-14,Ad Hoc 2028 Olympic & Paralympic Games Committee,147092,7,2025-0247,APPROVED,1981,Janice Hahn,Aye,1
2939,2025-05-14,Ad Hoc 2028 Olympic & Paralympic Games Committee,147092,7,2025-0247,APPROVED,3355,Karen Bass,Absent,0
2939,2025-05-14,Ad Hoc 2028 Olympic & Paralympic Games Committee,147092,7,2025-0247,APPROVED,284,Jacquelyn Dupont-Walker,Aye,1
2939,2025-05-14,Ad Hoc 2028 Olympic & Paralympic Games Committee,147092,7,2025-0247,APPROVED,3356,Lindsey Horvath,Aye,1
2939,2025-05-14,Ad Hoc 2028 Olympic & Paralympic Games Committee,147092,7,2025-0247,APPROVED,288,Ara J. Najarian,Aye,1
2939,2025-05-14,Ad Hoc 2028 Olympic & Paralympic Games Committee,147092,7,2025-0247,APPROVED,290,Hilda L. Solis,Aye,1
2939,2025-05-14,Ad Hoc 2028 Olympic & Paralympic Games Committee,147103,8,2025-0417,APPROVED,1981,Janice Hahn,Aye,1
2939,2025-05-14,Ad Hoc 2028 Olympic & Paralympic Games Committee,147103,8,2025-0417,APPROVED,3355,Karen Bass,Aye,1
2939,2025-05-14,Ad Hoc 2028 Olympic & Paralympic Games Committee,147103,8,2025-0417,APPROVED,284,Jacquelyn Dupont-Walker,Aye,1
2939,2025-05-14,Ad Hoc 2028 Olympic & Paralympic Games Committee,147103,8,2025-0417,APPROVED,3356,Lindsey Horvath,Aye,1
2939,2025-05-14,Ad Hoc 2028 Olympic & Paralympic Games Committee,147103,8,2025-0417,APPROVED,288,Ara J. Najarian,Aye,1
2939,2025-05-14,Ad Hoc 2028 Olympic & Paralympic Games Committee,147103,8,2025-0417,APPROVED,290,Hilda L. Solis,Aye,1
2939,2025-05-14,Ad Hoc 2028 Olympic & Paralympic Games Committee,147107,9,2025-0418,APPROVED,1981,Janice Hahn,Aye,1
2939,2025-05-14,Ad Hoc 2028 Olympic & Paralympic Games Committee,147107,9,2025-0418,APPROVED,3355,Karen Bass,Aye,1
2939,2025-05-14,Ad Hoc 2028 Olympic & Paralympic Games Committee,147107,9,2025-0418,APPROVED,284,Jacquelyn Dupont-Walker,Aye,1
2939,2025-05-14,Ad Hoc 2028 Olympic & Paralympic Games Committee,147107,9,2025-0418,APPROVED,3356,Lindsey Horvath,Aye,1
2939,2025-05-14,Ad Hoc 2028 Olympic & Paralympic Games Committee,147107,9,2025-0418,APPROVED,288,Ara J. Najarian,Aye,1
2939,2025-05-14,Ad Hoc 2028 Olympic & Paralympic Games Committee,147107,9,2025-0418,APPROVED,290,Hilda L. Solis,Aye,1
2945,2025-04-24,Board of Directors - Regular Board Meeting,145056,4,2025-0317,RECEIVED,1981,Janice Hahn,Aye,1
2945,2025-04-24,Board of Directors - Regular Board Meeting,145056,4,2025-0317,RECEIVED,2253,Fernando Dutra,Aye,1
2945,2025-04-24,Board of Directors - Regular Board Meeting,145056,4,2025-0317,RECEIVED,284,Jacquelyn Dupont-Walker,Aye,1
2945,2025-04-24,Board of Directors - Regular Board Meeting,145056,4,2025-0317,RECEIVED,1982,Kathryn Barger,Aye,1
2945,2025-04-24,Board of Directors - Regular Board Meeting,145056,4,2025-0317,RECEIVED,3355,Karen Bass,Aye,1
2945,2025-04-24,Board of Directors - Regular Board Meeting,145056,4,2025-0317,RECEIVED,1820,James Butts,Aye,1
2945,2025-04-24,Board of Directors - Regular Board Meeting,145056,4,2025-0317,RECEIVED,3356,Lindsey Horvath,Absent,0
2945,2025-04-24,Board of Directors - Regular Board Meeting,145056,4,2025-0317,RECEIVED,2240,Holly J. Mitchell,Absent,0
2945,2025-04-24,Board of Directors - Regular Board Meeting,145056,4,2025-0317,RECEIVED,288,Ara J. Najarian,Aye,1
2945,2025-04-24,Board of Directors - Regular Board Meeting,145056,4,2025-0317,RECEIVED,3525,Imelda Padilla,Aye,1
2945,2025-04-24,Board of Directors - Regular Board Meeting,145056,4,2025-0317,RECEIVED,2244,Tim Sandoval,Aye,1
2945,2025-04-24,Board of Directors - Regular Board Meeting,145056,4,2025-0317,RECEIVED,290,Hilda L. Solis,Aye,1
2945,2025-04-24,Board of Directors - Regular Board Meeting,145056,4,2025-0317,RECEIVED,3373,Katy Yaroslavsky,Aye,1
2945,2025-04-24,Board of Directors - Regular Board Meeting,145057,3,2025-0316,RECEIVED,1981,Janice Hahn,Aye,1
2945,2025-04-24,Board of Directors - Regular Board Meeting,145057,3,2025-0316,RECEIVED,2253,Fernando Dutra,Aye,1
2945,2025-04-24,Board of Directors - Regular Board Meeting,145057,3,2025-0316,RECEIVED,284,Jacquelyn Dupont-Walker,Aye,1
2945,2025-04-24,Board of Directors - Regular Board Meeting,145057,3,2025-0316,RECEIVED,1982,Kathryn Barger,Aye,1
2945,2025-04-24,Board of Directors - Regular Board Meeting,145057,3,2025-0316,RECEIVED,3355,Karen Bass,Aye,1
2945,2025-04-24,Board of Directors - Regular Board Meeting,145057,3,2025-0316,RECEIVED,1820,James Butts,Aye,1
2945,2025-04-24,Board of Directors - Regular Board Meeting,145057,3,2025-0316,RECEIVED,3356,Lindsey Horvath,Absent,0
2945,2025-04-24,Board of Directors - Regular Board Meeting,145057,3,2025-0316,RECEIVED,2240,Holly J. Mitchell,Absent,0
2945,2025-04-24,Board of Directors - Regular Board Meeting,145057,3,2025-0316,RECEIVED,288,Ara J. Najarian,Aye,1
2945,2025-04-24,Board of Directors - Regular Board Meeting,145057,3,2025-0316,RECEIVED,3525,Imelda Padilla,Aye,1
2945,2025-04-24,Board of Directors - Regular Board Meeting,145057,3,2025-0316,RECEIVED,2244,Tim Sandoval,Aye,1
2945,2025-04-24,Board of Directors - Regular Board Meeting,145057,3,2025-0316,RECEIVED,290,Hilda L. Solis,Aye,1
2945,2025-04-24,Board of Directors - Regular Board Meeting,145057,3,2025-0316,RECEIVED,3373,Katy Yaroslavsky,Aye,1
2945,2025-04-24,Board of Directors - Regular Board Meeting,145058,32.1,2025-0328,APPROVED,1981,Janice Hahn,Aye,1
2945,2025-04-24,Board of Directors - Regular Board Meeting,145058,32.1,2025-0328,APPROVED,2253,Fernando Dutra,Aye,1
2945,2025-04-24,Board of Directors - Regular Board Meeting,145058,32.1,2025-0328,APPROVED,284,Jacquelyn Dupont-Walker,Aye,1
2945,2025-04-24,Board of Directors - Regular Board Meeting,145058,32.1,2025-0328,APPROVED,1982,Kathryn Barger,Aye,1
2945,2025-04-24,Board of Directors - Regular Board Meeting,145058,32.1,2025-0328,APPROVED,3355,Karen Bass,Aye,1
2945,2025-04-24,Board of Directors - Regular Board Meeting,145058,32.1,2025-0328,APPROVED,1820,James Butts,Aye,1
2945,2025-04-24,Board of Directors - Regular Board Meeting,145058,32.1,2025-0328,APPROVED,3356,Lindsey Horvath,Absent,0
2945,2025-04-24,Board of Directors - Regular Board Meeting,145058,32.1,2025-0328,APPROVED,2240,Holly J. Mitchell,Absent,0
2945,2025-04-24,Board of Directors - Regular Board Meeting,145058,32.1,2025-0328,APPROVED,288,Ara J. Najarian,Aye,1
2945,2025-04-24,Board of Directors - Regular Board Meeting,145058,32.1,2025-0328,APPROVED,3525,Imelda Padilla,Aye,1
2945,2025-04-24,Board of Directors - Regular Board Meeting,145058,32.1,2025-0328,APPROVED,2244,Tim Sandoval,Aye,1
2945,2025-04-24,Board of Directors - Regular Board Meeting,145058,32.1,2025-0328,APPROVED,290,Hilda L. Solis,Aye,1
2945,2025-04-24,Board of Directors - Regular Board Meeting,145058,32.1,2025-0328,APPROVED,3373,Katy Yaroslavsky,Aye,1
2945,2025-04-24,Board of Directors - Regular Board Meeting,145060,2,2025-0319,APPROVED,1981,Janice Hahn,Aye,1
2945,2025-04-24,Board of Directors - Regular Board Meeting,145060,2,2025-0319,APPROVED,2253,Fernando Dutra,Aye,1
2945,2025-04-24,Board of Directors - Regular Board Meeting,145060,2,2025-0319,APPROVED,284,Jacquelyn Dupont-Walker,Aye,1
2945,2025-04-24,Board of Directors - Regular Board Meeting,145060,2,2025-0319,APPROVED,1982,Kathryn Barger,Aye,1
2945,2025-04-24,Board of Directors - Regular Board Meeting,145060,2,2025-0319,APPROVED,3355,Karen Bass,Absent,0
2945,2025-04-24,Board of Directors - Regular Board Meeting,145060,2,2025-0319,APPROVED,1820,James Butts,Aye,1
2945,2025-04-24,Board of Directors - Regular Board Meeting,145060,2,2025-0319,APPROVED,3356,Lindsey Horvath,Absent,0
2945,2025-04-24,Board of Directors - Regular Board Meeting,145060,2,2025-0319,APPROVED,2240,Holly J. Mitchell,Absent,0
2945,2025-04-24,Board of Directors - Regular Board Meeting,145060,2,2025-0319,APPROVED,288,Ara J. Najarian,Aye,1
2945,2025-04-24,Board of Directors - Regular Board Meeting,145060,2,2025-0319,APPROVED,3525,Imelda Padilla,Aye,1
2945,2025-04-24,Board of Directors - Regular Board Meeting,145060,2,2025-0319,APPROVED,2244,Tim Sandoval,Aye,1
2945,2025-04-24,Board of Directors - Regular Board Meeting,145060,2,2025-0319,APPROVED,290,Hilda L. Solis,Aye,1
2945,2025-04-24,Board of Directors - Regular Board Meeting,145060,2,2025-0319,APPROVED,3373,Katy Yaroslavsky,Aye,1
2945,2025-04-24,Board of Directors - Regular Board Meeting,145125,16,2025-0109,APPROVED,1981,Janice Hahn,Aye,1
2945,2025-04-24,Board of Directors - Regular Board Meeting,145125,16,2025-0109,APPROVED,2253,Fernando Dutra,Aye,1
2945,2025-04-24,Board of Directors - Regular Board Meeting,145125,16,2025-0109,APPROVED,284,Jacquelyn Dupont-Walker,Aye,1
2945,2025-04-24,Board of Directors - Regular Board Meeting,145125,16,2025-0109,APPROVED,1982,Kathryn Barger,Aye,1
2945,2025-04-24,Board of Directors - Regular Board Meeting,145125,16,2025-0109,APPROVED,3355,Karen Bass,Conflict,0
2945,2025-04-24,Board of Directors - Regular Board Meeting,145125,16,2025-0109,APPROVED,1820,James Butts,Aye,1
2945,2025-04-24,Board of Directors - Regular Board Meeting,145125,16,2025-0109,APPROVED,3356,Lindsey Horvath,Absent,0
2945,2025-04-24,Board of Directors - Regular Board Meeting,145125,16,2025-0109,APPROVED,2240,Holly J. Mitchell,Absent,0
2945,2025-04-24,Board of Directors - Regular Board Meeting,145125,16,2025-0109,APPROVED,288,Ara J. Najarian,Aye,1
2945,2025-04-24,Board of Directors - Regular Board Meeting,145125,16,2025-0109,APPROVED,3525,Imelda Padilla,Aye,1
2945,2025-04-24,Board of Directors - Regular Board Meeting,145125,16,2025-0109,APPROVED,2244,Tim Sandoval,Aye,1
2945,2025-04-24,Board of Directors - Regular Board Meeting,145125,16,2025-0109,APPROVED,290,Hilda L. Solis,Aye,1
2945,2025-04-24,Board of Directors - Regular Board Meeting,145125,16,2025-0109,APPROVED,3373,Katy Yaroslavsky,Aye,1
2945,2025-04-24,Board of Directors - Regular Board Meeting,145131,24,2025-0131,ADOPTED,1981,Janice Hahn,Aye,1
2945,2025-04-24,Board of Directors - Regular Board Meeting,145131,24,2025-0131,ADOPTED,2253,Fernando Dutra,Aye,1
2945,2025-04-24,Board of Directors - Regular Board Meeting,145131,24,2025-0131,ADOPTED,284,Jacquelyn Dupont-Walker,Aye,1
2945,2025-04-24,Board of Directors - Regular Board Meeting,145131,24,2025-0131,ADOPTED,1982,Kathryn Barger,Aye,1
2945,2025-04-24,Board of Directors - Regular Board Meeting,145131,24,2025-0131,ADOPTED,3355,Karen Bass,Absent,0
2945,2025-04-24,Board of Directors - Regular Board Meeting,145131,24,2025-0131,ADOPTED,1820,James Butts,Aye,1
2945,2025-04-24,Board of Directors - Regular Board Meeting,145131,24,2025-0131,ADOPTED,3356,Lindsey Horvath,Absent,0
2945,2025-04-24,Board of Directors - Regular Board Meeting,145131,24,2025-0131,ADOPTED,2240,Holly J. Mitchell,Absent,0
2945,2025-04-24,Board of Directors - Regular Board Meeting,145131,24,2025-0131,ADOPTED,288,Ara J. Najarian,Aye,1
2945,2025-04-24,Board of Directors - Regular Board Meeting,145131,24,2025-0131,ADOPTED,3525,Imelda Padilla,Aye,1
2945,2025-04-24,Board of Directors - Regular Board Meeting,145131,24,2025-0131,ADOPTED,2244,Tim Sandoval,Aye,1
2945,2025-04-24,Board of Directors - Regular Board Meeting,145131,24,2025-0131,ADOPTED,290,Hilda L. Solis,Aye,1
2945,2025-04-24,Board of Directors - Regular Board Meeting,145131,24,2025-0131,ADOPTED,3373,Katy Yaroslavsky,Aye,1
2945,2025-04-24,Board of Directors - Regular Board Meeting,145132,21,2025-0063,APPROVED,1981,Janice Hahn,Aye,1
2945,2025-04-24,Board of Directors - Regular Board Meeting,145132,21,2025-0063,APPROVED,2253,Fernando Dutra,Aye,1
2945,2025-04-24,Board of Directors - Regular Board Meeting,145132,21,2025-0063,APPROVED,284,Jacquelyn Dupont-Walker,Aye,1
2945,2025-04-24,Board of Directors - Regular Board Meeting,145132,21,2025-0063,APPROVED,1982,Kathryn Barger,Aye,1
2945,2025-04-24,Board of Directors - Regular Board Meeting,145132,21,2025-0063,APPROVED,3355,Karen Bass,Absent,0
2945,2025-04-24,Board of Directors - Regular Board Meeting,145132,21,2025-0063,APPROVED,1820,James Butts,Aye,1
2945,2025-04-24,Board of Directors - Regular Board Meeting,145132,21,2025-0063,APPROVED,3356,Lindsey Horvath,Absent,0
2945,2025-04-24,Board of Directors - Regular Board Meeting,145132,21,2025-0063,APPROVED,2240,Holly J. Mitchell,Absent,0
2945,2025-04-24,Board of Directors - Regular Board Meeting,145132,21,2025-0063,APPROVED,288,Ara J. Najarian,Aye,1
2945,2025-04-24,Board of Directors - Regular Board Meeting,145132,21,2025-0063,APPROVED,3525,Imelda Padilla,Aye,1
2945,2025-04-24,Board of Directors - Regular Board Meeting,145132,21,2025-0063,APPROVED,2244,Tim Sandoval,Aye,1
2945,2025-04-24,Board of Directors - Regular Board Meeting,145132,21,2025-0063,APPROVED,290,Hilda L. Solis,Aye,1
2945,2025-04-24,Board of Directors - Regular Board Meeting,145132,21,2025-0063,APPROVED,3373,Katy Yaroslavsky,Aye,1
2945,2025-04-24,Board of Directors - Regular Board Meeting,145133,6,2024-1101,APPROVED,1981,Janice Hahn,Aye,1
2945,2025-04-24,Board of Directors - Regular Board Meeting,145133,6,2024-1101,APPROVED,2253,Fernando Dutra,Aye,1
2945,2025-04-24,Board of Directors - Regular Board Meeting,145133,6,2024-1101,APPROVED,284,Jacquelyn Dupont-Walker,Aye,1
2945,2025-04-24,Board of Directors - Regular Board Meeting,145133,6,2024-1101,APPROVED,1982,Kathryn Barger,Aye,1
2945,2025-04-24,Board of Directors - Regular Board Meeting,145133,6,2024-1101,APPROVED,3355,Karen Bass,Absent,0
2945,2025-04-24,Board of Directors - Regular Board Meeting,145133,6,2024-1101,APPROVED,1820,James Butts,Aye,1
2945,2025-04-24,Board of Directors - Regular Board Meeting,145133,6,2024-1101,APPROVED,3356,Lindsey Horvath,Absent,0
2945,2025-04-24,Board of Directors - Regular Board Meeting,145133,6,2024-1101,APPROVED,2240,Holly J. Mitchell,Absent,0
2945,2025-04-24,Board of Directors - Regular Board Meeting,145133,6,2024-1101,APPROVED,288,Ara J. Najarian,Aye,1
2945,2025-04-24,Board of Directors - Regular Board Meeting,145133,6,2024-1101,APPROVED,3525,Imelda Padilla,Aye,1
2945,2025-04-24,Board of Directors - Regular Board Meeting,145133,6,2024-1101,APPROVED,2244,Tim Sandoval,Aye,1
2945,2025-04-24,Board of Directors - Regular Board Meeting,145133,6,2024-1101,APPROVED,290,Hilda L. Solis,Aye,1
2945,2025-04-24,Board of Directors - Regular Board Meeting,145133,6,2024-1101,APPROVED,3373,Katy Yaroslavsky,Aye,1
2945,2025-04-24,Board of Directors - Regular Board Meeting,145136,18,2025-0190,APPROVED,1981,Janice Hahn,Aye,1
2945,2025-04-24,Board of Directors - Regular Board Meeting,145136,18,2025-0190,APPROVED,2253,Fernando Dutra,Aye,1
2945,2025-04-24,Board of Directors - Regular Board Meeting,145136,18,2025-0190,APPROVED,284,Jacquelyn Dupont-Walker,Aye,1
2945,2025-04-24,Board of Directors - Regular Board Meeting,145136,18,2025-0190,APPROVED,1982,Kathryn Barger,Aye,1
2945,2025-04-24,Board of Directors - Regular Board Meeting,145136,18,2025-0190,APPROVED,3355,Karen Bass,Absent,0
2945,2025-04-24,Board of Directors - Regular Board Meeting,145136,18,2025-0190,APPROVED,1820,James Butts,Aye,1
2945,2025-04-24,Board of Directors - Regular Board Meeting,145136,18,2025-0190,APPROVED,3356,Lindsey Horvath,Absent,0
2945,2025-04-24,Board of Directors - Regular Board Meeting,145136,18,2025-0190,APPROVED,2240,Holly J. Mitchell,Absent,0
2945,2025-04-24,Board of Directors - Regular Board Meeting,145136,18,2025-0190,APPROVED,288,Ara J. Najarian,Aye,1
2945,2025-04-24,Board of Directors - Regular Board Meeting,145136,18,2025-0190,APPROVED,3525,Imelda Padilla,Aye,1
2945,2025-04-24,Board of Directors - Regular Board Meeting,145136,18,2025-0190,APPROVED,2244,Tim Sandoval,Aye,1
2945,2025-04-24,Board of Directors - Regular Board Meeting,145136,18,2025-0190,APPROVED,290,Hilda L. Solis,Aye,1
2945,2025-04-24,Board of Directors - Regular Board Meeting,145136,18,2025-0190,APPROVED,3373,Katy Yaroslavsky,Aye,1
2945,2025-04-24,Board of Directors - Regular Board Meeting,145138,17,2025-0112,APPROVED,1981,Janice Hahn,Aye,1
2945,2025-04-24,Board of Directors - Regular Board Meeting,145138,17,2025-0112,APPROVED,2253,Fernando Dutra,Aye,1
2945,2025-04-24,Board of Directors - Regular Board Meeting,145138,17,2025-0112,APPROVED,284,Jacquelyn Dupont-Walker,Aye,1
2945,2025-04-24,Board of Directors - Regular Board Meeting,145138,17,2025-0112,APPROVED,1982,Kathryn Barger,Aye,1
2945,2025-04-24,Board of Directors - Regular Board Meeting,145138,17,2025-0112,APPROVED,3355,Karen Bass,Absent,0
2945,2025-04-24,Board of Directors - Regular Board Meeting,145138,17,2025-0112,APPROVED,1820,James Butts,Aye,1
2945,2025-04-24,Board of Directors - Regular Board Meeting,145138,17,2025-0112,APPROVED,3356,Lindsey Horvath,Absent,0
2945,2025-04-24,Board of Directors - Regular Board Meeting,145138,17,2025-0112,APPROVED,2240,Holly J. Mitchell,Absent,0
2945,2025-04-24,Board of Directors - Regular Board Meeting,145138,17,2025-0112,APPROVED,288,Ara J. Najarian,Aye,1
2945,2025-04-24,Board of Directors - Regular Board Meeting,145138,17,2025-0112,APPROVED,3525,Imelda Padilla,Aye,1
2945,2025-04-24,Board of Directors - Regular Board Meeting,145138,17,2025-0112,APPROVED,2244,Tim Sandoval,Aye,1
2945,2025-04-24,Board of Directors - Regular Board Meeting,145138,17,2025-0112,APPROVED,290,Hilda L. Solis,Aye,1
2945,2025-04-24,Board of Directors - Regular Board Meeting,145138,17,2025-0112,APPROVED,3373,Katy Yaroslavsky,Aye,1
2945,2025-04-24,Board of Directors - Regular Board Meeting,145140,11,2025-0094,APPROVED,1981,Janice Hahn,Aye,1
2945,2025-04-24,Board of Directors - Regular Board Meeting,145140,11,2025-0094,APPROVED,2253,Fernando Dutra,Aye,1
2945,2025-04-24,Board of Directors - Regular Board Meeting,145140,11,2025-0094,APPROVED,284,Jacquelyn Dupont-Walker,Aye,1
2945,2025-04-24,Board of Directors - Regular Board Meeting,145140,11,2025-0094,APPROVED,1982,Kathryn Barger,Aye,1
2945,2025-04-24,Board of Directors - Regular Board Meeting,145140,11,2025-0094,APPROVED,3355,Karen Bass,Absent,0
2945,2025-04-24,Board of Directors - Regular Board Meeting,145140,11,2025-0094,APPROVED,1820,James Butts,Aye,1
2945,2025-04-24,Board of Directors - Regular Board Meeting,145140,11,2025-0094,APPROVED,3356,Lindsey Horvath,Absent,0
2945,2025-04-24,Board of Directors - Regular Board Meeting,145140,11,2025-0094,APPROVED,2240,Holly J. Mitchell,Absent,0
2945,2025-04-24,Board of Directors - Regular Board Meeting,145140,11,2025-0094,APPROVED,288,Ara J. Najarian,Aye,1
2945,2025-04-24,Board of Directors - Regular Board Meeting,145140,11,2025-0094,APPROVED,3525,Imelda Padilla,Aye,1
2945,2025-04-24,Board of Directors - Regular Board Meeting,145140,11,2025-0094,APPROVED,2244,Tim Sandoval,Aye,1
2945,2025-04-24,Board of Directors - Regular Board Meeting,145140,11,2025-0094,APPROVED,290,Hilda L. Solis,Aye,1
2945,2025-04-24,Board of Directors - Regular Board Meeting,145140,11,2025-0094,APPROVED,3373,Katy Yaroslavsky,Aye,1
2945,2025-04-24,Board of Directors - Regular Board Meeting,145142,9,2025-0235,APPROVED,1981,Janice Hahn,Aye,1
2945,2025-04-24,Board of Directors - Regular Board Meeting,145142,9,2025-0235,APPROVED,2253,Fernando Dutra,Aye,1
2945,2025-04-24,Board of Directors - Regular Board Meeting,145142,9,2025-0235,APPROVED,284,Jacquelyn Dupont-Walker,Aye,1
2945,2025-04-24,Board of Directors - Regular Board Meeting,145142,9,2025-0235,APPROVED,1982,Kathryn Barger,Aye,1
2945,2025-04-24,Board of Directors - Regular Board Meeting,145142,9,2025-0235,APPROVED,3355,Karen Bass,Absent,0
2945,2025-04-24,Board of Directors - Regular Board Meeting,145142,9,2025-0235,APPROVED,1820,James Butts,Aye,1
2945,2025-04-24,Board of Directors - Regular Board Meeting,145142,9,2025-0235,APPROVED,3356,Lindsey Horvath,Absent,0
2945,2025-04-24,Board of Directors - Regular Board Meeting,145142,9,2025-0235,APPROVED,2240,Holly J. Mitchell,Absent,0
2945,2025-04-24,Board of Directors - Regular Board Meeting,145142,9,2025-0235,APPROVED,288,Ara J. Najarian,Aye,1
2945,2025-04-24,Board of Directors - Regular Board Meeting,145142,9,2025-0235,APPROVED,3525,Imelda Padilla,Aye,1
2945,2025-04-24,Board of Directors - Regular Board Meeting,145142,9,2025-0235,APPROVED,2244,Tim Sandoval,Aye,1
2945,2025-04-24,Board of Directors - Regular Board Meeting,145142,9,2025-0235,APPROVED,290,Hilda L. Solis,Aye,1
2945,2025-04-24,Board of Directors - Regular Board Meeting,145142,9,2025-0235,APPROVED,3373,Katy Yaroslavsky,Aye,1
2945,2025-04-24,Board of Directors - Regular Board Meeting,145143,8,2025-0028,APPROVED,1981,Janice Hahn,Aye,1
2945,2025-04-24,Board of Directors - Regular Board Meeting,145143,8,2025-0028,APPROVED,2253,Fernando Dutra,Aye,1
2945,2025-04-24,Board of Directors - Regular Board Meeting,145143,8,2025-0028,APPROVED,284,Jacquelyn Dupont-Walker,Aye,1
2945,2025-04-24,Board of Directors - Regular Board Meeting,145143,8,2025-0028,APPROVED,1982,Kathryn Barger,Aye,1
2945,2025-04-24,Board of Directors - Regular Board Meeting,145143,8,2025-0028,APPROVED,3355,Karen Bass,Absent,0
2945,2025-04-24,Board of Directors - Regular Board Meeting,145143,8,2025-0028,APPROVED,1820,James Butts,Aye,1
2945,2025-04-24,Board of Directors - Regular Board Meeting,145143,8,2025-0028,APPROVED,3356,Lindsey Horvath,Absent,0
2945,2025-04-24,Board of Directors - Regular Board Meeting,145143,8,2025-0028,APPROVED,2240,Holly J. Mitchell,Absent,0
2945,2025-04-24,Board of Directors - Regular Board Meeting,145143,8,2025-0028,APPROVED,288,Ara J. Najarian,Aye,1
2945,2025-04-24,Board of Directors - Regular Board Meeting,145143,8,2025-0028,APPROVED,3525,Imelda Padilla,Aye,1
2945,2025-04-24,Board of Directors - Regular Board Meeting,145143,8,2025-0028,APPROVED,2244,Tim Sandoval,Aye,1
2945,2025-04-24,Board of Directors - Regular Board Meeting,145143,8,2025-0028,APPROVED,290,Hilda L. Solis,Aye,1
2945,2025-04-24,Board of Directors - Regular Board Meeting,145143,8,2025-0028,APPROVED,3373,Katy Yaroslavsky,Aye,1
2945,2025-04-24,Board of Directors - Regular Board Meeting,145145,7,2024-1108,APPROVED,1981,Janice Hahn,Aye,1
2945,2025-04-24,Board of Directors - Regular Board Meeting,145145,7,2024-1108,APPROVED,2253,Fernando Dutra,Aye,1
2945,2025-04-24,Board of Directors - Regular Board Meeting,145145,7,2024-1108,APPROVED,284,Jacquelyn Dupont-Walker,Aye,1
2945,2025-04-24,Board of Directors - Regular Board Meeting,145145,7,2024-1108,APPROVED,1982,Kathryn Barger,Aye,1
2945,2025-04-24,Board of Directors - Regular Board Meeting,145145,7,2024-1108,APPROVED,3355,Karen Bass,Absent,0
2945,2025-04-24,Board of Directors - Regular Board Meeting,145145,7,2024-1108,APPROVED,1820,James Butts,Aye,1
2945,2025-04-24,Board of Directors - Regular Board Meeting,145145,7,2024-1108,APPROVED,3356,Lindsey Horvath,Absent,0
2945,2025-04-24,Board of Directors - Regular Board Meeting,145145,7,2024-1108,APPROVED,2240,Holly J. Mitchell,Absent,0
2945,2025-04-24,Board of Directors - Regular Board Meeting,145145,7,2024-1108,APPROVED,288,Ara J. Najarian,Aye,1
2945,2025-04-24,Board of Directors - Regular Board Meeting,145145,7,2024-1108,APPROVED,3525,Imelda Padilla,Aye,1
2945,2025-04-24,Board of Directors - Regular Board Meeting,145145,7,2024-1108,APPROVED,2244,Tim Sandoval,Aye,1
2945,2025-04-24,Board of Directors - Regular Board Meeting,145145,7,2024-1108,APPROVED,290,Hilda L. Solis,Aye,1
2945,2025-04-24,Board of Directors - Regular Board Meeting,145145,7,2024-1108,APPROVED,3373,Katy Yaroslavsky,Aye,1
2945,2025-04-24,Board of Directors - Regular Board Meeting,145153,28,2025-0204,APPROVED,1981,Janice Hahn,Aye,1
2945,2025-04-24,Board of Directors - Regular Board Meeting,145153,28,2025-0204,APPROVED,2253,Fernando Dutra,Aye,1
2945,2025-04-24,Board of Directors - Regular Board Meeting,145153,28,2025-0204,APPROVED,284,Jacquelyn Dupont-Walker,Aye,1
2945,2025-04-24,Board of Directors - Regular Board Meeting,145153,28,2025-0204,APPROVED,1982,Kathryn Barger,Aye,1
2945,2025-04-24,Board of Directors - Regular Board Meeting,145153,28,2025-0204,APPROVED,3355,Karen Bass,Absent,0
2945,2025-04-24,Board of Directors - Regular Board Meeting,145153,28,2025-0204,APPROVED,1820,James Butts,Aye,1
2945,2025-04-24,Board of Directors - Regular Board Meeting,145153,28,2025-0204,APPROVED,3356,Lindsey Horvath,Absent,0
2945,2025-04-24,Board of Directors - Regular Board Meeting,145153,28,2025-0204,APPROVED,2240,Holly J. Mitchell,Absent,0
2945,2025-04-24,Board of Directors - Regular Board Meeting,145153,28,2025-0204,APPROVED,288,Ara J. Najarian,Aye,1
2945,2025-04-24,Board of Directors - Regular Board Meeting,145153,28,2025-0204,APPROVED,3525,Imelda Padilla,Aye,1
2945,2025-04-24,Board of Directors - Regular Board Meeting,145153,28,2025-0204,APPROVED,2244,Tim Sandoval,Aye,1
2945,2025-04-24,Board of Directors - Regular Board Meeting,145153,28,2025-0204,APPROVED,290,Hilda L. Solis,Aye,1
2945,2025-04-24,Board of Directors - Regular Board Meeting,145153,28,2025-0204,APPROVED,3373,Katy Yaroslavsky,Aye,1
2945,2025-04-24,Board of Directors - Regular Board Meeting,145154,27,2025-0033,APPROVED,1981,Janice Hahn,Aye,1
2945,2025-04-24,Board of Directors - Regular Board Meeting,145154,27,2025-0033,APPROVED,2253,Fernando Dutra,Aye,1
2945,2025-04-24,Board of Directors - Regular Board Meeting,145154,27,2025-0033,APPROVED,284,Jacquelyn Dupont-Walker,Aye,1
2945,2025-04-24,Board of Directors - Regular Board Meeting,145154,27,2025-0033,APPROVED,1982,Kathryn Barger,Aye,1
2945,2025-04-24,Board of Directors - Regular Board Meeting,145154,27,2025-0033,APPROVED,3355,Karen Bass,Absent,0
2945,2025-04-24,Board of Directors - Regular Board Meeting,145154,27,2025-0033,APPROVED,1820,James Butts,Aye,1
2945,2025-04-24,Board of Directors - Regular Board Meeting,145154,27,2025-0033,APPROVED,3356,Lindsey Horvath,Absent,0
2945,2025-04-24,Board of Directors - Regular Board Meeting,145154,27,2025-0033,APPROVED,2240,Holly J. Mitchell,Absent,0
2945,2025-04-24,Board of Directors - Regular Board Meeting,145154,27,2025-0033,APPROVED,288,Ara J. Najarian,Aye,1
2945,2025-04-24,Board of Directors - Regular Board Meeting,145154,27,2025-0033,APPROVED,3525,Imelda Padilla,Aye,1
2945,2025-04-24,Board of Directors - Regular Board Meeting,145154,27,2025-0033,APPROVED,2244,Tim Sandoval,Aye,1
2945,2025-04-24,Board of Directors - Regular Board Meeting,145154,27,2025-0033,APPROVED,290,Hilda L. Solis,Aye,1
2945,2025-04-24,Board of Directors - Regular Board Meeting,145154,27,2025-0033,APPROVED,3373,Katy Yaroslavsky,Aye,1
2945,2025-04-24,Board of Directors - Regular Board Meeting,145156,26,2024-1120,APPROVED,1981,Janice Hahn,Aye,1
2945,2025-04-24,Board of Directors - Regular Board Meeting,145156,26,2024-1120,APPROVED,2253,Fernando Dutra,Aye,1
2945,2025-04-24,Board of Directors - Regular Board Meeting,145156,26,2024-1120,APPROVED,284,Jacquelyn Dupont-Walker,Aye,1
2945,2025-04-24,Board of Directors - Regular Board Meeting,145156,26,2024-1120,APPROVED,1982,Kathryn Barger,Aye,1
2945,2025-04-24,Board of Directors - Regular Board Meeting,145156,26,2024-1120,APPROVED,3355,Karen Bass,Absent,0
2945,2025-04-24,Board of Directors - Regular Board Meeting,145156,26,2024-1120,APPROVED,1820,James Butts,Aye,1
2945,2025-04-24,Board of Directors - Regular Board Meeting,145156,26,2024-1120,APPROVED,3356,Lindsey Horvath,Absent,0
2945,2025-04-24,Board of Directors - Regular Board Meeting,145156,26,2024-1120,APPROVED,2240,Holly J. Mitchell,Absent,0
2945,2025-04-24,Board of Directors - Regular Board Meeting,145156,26,2024-1120,APPROVED,288,Ara J. Najarian,Aye,1
2945,2025-04-24,Board of Directors - Regular Board Meeting,145156,26,2024-1120,APPROVED,3525,Imelda Padilla,Aye,1
2945,2025-04-24,Board of Directors - Regular Board Meeting,145156,26,2024-1120,APPROVED,2244,Tim Sandoval,Aye,1
2945,2025-04-24,Board of Directors - Regular Board Meeting,145156,26,2024-1120,APPROVED,290,Hilda L. Solis,Aye,1
2945,2025-04-24,Board of Directors - Regular Board Meeting,145156,26,2024-1120,APPROVED,3373,Katy Yaroslavsky,Aye,1
2945,2025-04-24,Board of Directors - Regular Board Meeting,145158,25,2025-0142,APPROVED,1981,Janice Hahn,Aye,1
2945,2025-04-24,Board of Directors - Regular Board Meeting,145158,25,2025-0142,APPROVED,2253,Fernando Dutra,Aye,1
2945,2025-04-24,Board of Directors - Regular Board Meeting,145158,25,2025-0142,APPROVED,284,Jacquelyn Dupont-Walker,Aye,1
2945,2025-04-24,Board of Directors - Regular Board Meeting,145158,25,2025-0142,APPROVED,1982,Kathryn Barger,Aye,1
2945,2025-04-24,Board of Directors - Regular Board Meeting,145158,25,2025-0142,APPROVED,3355,Karen Bass,Absent,0
2945,2025-04-24,Board of Directors - Regular Board Meeting,145158,25,2025-0142,APPROVED,1820,James Butts,Aye,1
2945,2025-04-24,Board of Directors - Regular Board Meeting,145158,25,2025-0142,APPROVED,3356,Lindsey Horvath,Absent,0
2945,2025-04-24,Board of Directors - Regular Board Meeting,145158,25,2025-0142,APPROVED,2240,Holly J. Mitchell,Absent,0
2945,2025-04-24,Board of Directors - Regular Board Meeting,145158,25,2025-0142,APPROVED,288,Ara J. Najarian,Aye,1
2945,2025-04-24,Board of Directors - Regular Board Meeting,145158,25,2025-0142,APPROVED,3525,Imelda Padilla,Aye,1
2945,2025-04-24,Board of Directors - Regular Board Meeting,145158,25,2025-0142,APPROVED,2244,Tim Sandoval,Aye,1
2945,2025-04-24,Board of Directors - Regular Board Meeting,145158,25,2025-0142,APPROVED,290,Hilda L. Solis,Aye,1
2945,2025-04-24,Board of Directors - Regular Board Meeting,145158,25,2025-0142,APPROVED,3373,Katy Yaroslavsky,Aye,1
2945,2025-04-24,Board of Directors - Regular Board Meeting,145163,33,2025-0329,APPROVED,1981,Janice Hahn,Aye,1
2945,2025-04-24,Board of Directors - Regular Board Meeting,145163,33,2025-0329,APPROVED,2253,Fernando Dutra,Aye,1
2945,2025-04-24,Board of Directors - Regular Board Meeting,145163,33,2025-0329,APPROVED,284,Jacquelyn Dupont-Walker,Aye,1
2945,2025-04-24,Board of Directors - Regular Board Meeting,145163,33,2025-0329,APPROVED,1982,Kathryn Barger,Aye,1
2945,2025-04-24,Board of Directors - Regular Board Meeting,145163,33,2025-0329,APPROVED,3355,Karen Bass,Aye,1
2945,2025-04-24,Board of Directors - Regular Board Meeting,145163,33,2025-0329,APPROVED,1820,James Butts,Aye,1
2945,2025-04-24,Board of Directors - Regular Board Meeting,145163,33,2025-0329,APPROVED,3356,Lindsey Horvath,Absent,0
2945,2025-04-24,Board of Directors - Regular Board Meeting,145163,33,2025-0329,APPROVED,2240,Holly J. Mitchell,Absent,0
2945,2025-04-24,Board of Directors - Regular Board Meeting,145163,33,2025-0329,APPROVED,288,Ara J. Najarian,Aye,1
2945,2025-04-24,Board of Directors - Regular Board Meeting,145163,33,2025-0329,APPROVED,3525,Imelda Padilla,Aye,1
2945,2025-04-24,Board of Directors - Regular Board Meeting,145163,33,2025-0329,APPROVED,2244,Tim Sandoval,Aye,1
2945,2025-04-24,Board of Directors - Regular Board Meeting,145163,33,2025-0329,APPROVED,290,Hilda L. Solis,Aye,1
2945,2025-04-24,Board of Directors - Regular Board Meeting,145163,33,2025-0329,APPROVED,3373,Katy Yaroslavsky,Aye,1
2945,2025-04-24,Board of Directors - Regular Board Meeting,146359,,,APPROVED ON CONSENT CALENDAR,1981,Janice Hahn,Aye,1
2945,2025-04-24,Board of Directors - Regular Board Meeting,146359,,,APPROVED ON CONSENT CALENDAR,2253,Fernando Dutra,Aye,1
2945,2025-04-24,Board of Directors - Regular Board Meeting,146359,,,APPROVED ON CONSENT CALENDAR,284,Jacquelyn Dupont-Walker,Aye,1
2945,2025-04-24,Board of Directors - Regular Board Meeting,146359,,,APPROVED ON CONSENT CALENDAR,1982,Kathryn Barger,Aye,1
2945,2025-04-24,Board of Directors - Regular Board Meeting,146359,,,APPROVED ON CONSENT CALENDAR,3355,Karen Bass,Absent,0
2945,2025-04-24,Board of Directors - Regular Board Meeting,146359,,,APPROVED ON CONSENT CALENDAR,1820,James Butts,Aye,1
2945,2025-04-24,Board of Directors - Regular Board Meeting,146359,,,APPROVED ON CONSENT CALENDAR,3356,Lindsey Horvath,Absent,0
2945,2025-04-24,Board of Directors - Regular Board Meeting,146359,,,APPROVED ON CONSENT CALENDAR,2240,Holly J. Mitchell,Absent,0
2945,2025-04-24,Board of Directors - Regular Board Meeting,146359,,,APPROVED ON CONSENT CALENDAR,288,Ara J. Najarian,Aye,1
2945,2025-04-24,Board of Directors - Regular Board Meeting,146359,,,APPROVED ON CONSENT CALENDAR,3525,Imelda Padilla,Aye,1
2945,2025-04-24,Board of Directors - Regular Board Meeting,146359,,,APPROVED ON CONSENT CALENDAR,2244,Tim Sandoval,Aye,1
2945,2025-04-24,Board of Directors - Regular Board Meeting,146359,,,APPROVED ON CONSENT CALENDAR,290,Hilda L. Solis,Aye,1
2945,2025-04-24,Board of Directors - Regular Board Meeting,146359,,,APPROVED ON CONSENT CALENDAR,3373,Katy Yaroslavsky,Aye,1
2946,2025-05-14,Planning and Programming Committee,146587,16,2025-0106,RECEIVED AND FILED,284,Jacquelyn Dupont-Walker,Aye,1
2946,2025-05-14,Planning and Programming Committee,146587,16,2025-0106,RECEIVED AND FILED,290,Hilda L. Solis,Aye,1
2946,2025-05-14,Planning and Programming Committee,146587,16,2025-0106,RECEIVED AND FILED,3356,Lindsey Horvath,Aye,1
2946,2025-05-14,Planning and Programming Committee,146587,16,2025-0106,RECEIVED AND FILED,2240,Holly J. Mitchell,Aye,1
2946,2025-05-14,Planning and Programming Committee,146587,16,2025-0106,RECEIVED AND FILED,288,Ara J. Najarian,Aye,1
2946,2025-05-14,Planning and Programming Committee,146588,14,2025-0324,APPROVED,284,Jacquelyn Dupont-Walker,Aye,1
2946,2025-05-14,Planning and Programming Committee,146588,14,2025-0324,APPROVED,290,Hilda L. Solis,Aye,1
2946,2025-05-14,Planning and Programming Committee,146588,14,2025-0324,APPROVED,3356,Lindsey Horvath,Aye,1
2946,2025-05-14,Planning and Programming Committee,146588,14,2025-0324,APPROVED,2240,Holly J. Mitchell,Conflict,0
2946,2025-05-14,Planning and Programming Committee,146588,14,2025-0324,APPROVED,288,Ara J. Najarian,Aye,1
2946,2025-05-14,Planning and Programming Committee,146589,13,2025-0244,APPROVED,284,Jacquelyn Dupont-Walker,Aye,1
2946,2025-05-14,Planning and Programming Committee,146589,13,2025-0244,APPROVED,290,Hilda L. Solis,Aye,1
2946,2025-05-14,Planning and Programming Committee,146589,13,2025-0244,APPROVED,3356,Lindsey Horvath,Aye,1
2946,2025-05-14,Planning and Programming Committee,146589,13,2025-0244,APPROVED,2240,Holly J. Mitchell,Aye,1
2946,2025-05-14,Planning and Programming Committee,146589,13,2025-0244,APPROVED,288,Ara J. Najarian,Aye,1
2946,2025-05-14,Planning and Programming Committee,146590,12,2025-0167,ADOPTED,284,Jacquelyn Dupont-Walker,Aye,1
2946,2025-05-14,Planning and Programming Committee,146590,12,2025-0167,ADOPTED,290,Hilda L. Solis,Aye,1
2946,2025-05-14,Planning and Programming Committee,146590,12,2025-0167,ADOPTED,3356,Lindsey Horvath,Aye,1
2946,2025-05-14,Planning and Programming Committee,146590,12,2025-0167,ADOPTED,2240,Holly J. Mitchell,Aye,1
2946,2025-05-14,Planning and Programming Committee,146590,12,2025-0167,ADOPTED,288,Ara J. Najarian,Aye,1
2946,2025-05-14,Planning and Programming Committee,146591,11,2025-0166,APPROVED,284,Jacquelyn Dupont-Walker,Aye,1
2946,2025-05-14,Planning and Programming Committee,146591,11,2025-0166,APPROVED,290,Hilda L. Solis,Aye,1
2946,2025-05-14,Planning and Programming Committee,146591,11,2025-0166,APPROVED,3356,Lindsey Horvath,Aye,1
2946,2025-05-14,Planning and Programming Committee,146591,11,2025-0166,APPROVED,2240,Holly J. Mitchell,Aye,1
2946,2025-05-14,Planning and Programming Committee,146591,11,2025-0166,APPROVED,288,Ara J. Najarian,Aye,1
2946,2025-05-14,Planning and Programming Committee,147093,15,2025-0376,APPROVED,284,Jacquelyn Dupont-Walker,Aye,1
2946,2025-05-14,Planning and Programming Committee,147093,15,2025-0376,APPROVED,290,Hilda L. Solis,Aye,1
2946,2025-05-14,Planning and Programming Committee,147093,15,2025-0376,APPROVED,3356,Lindsey Horvath,Aye,1
2946,2025-05-14,Planning and Programming Committee,147093,15,2025-0376,APPROVED,2240,Holly J. Mitchell,Aye,1
2946,2025-05-14,Planning and Programming Committee,147093,15,2025-0376,APPROVED,288,Ara J. Najarian,Aye,1
2946,2025-05-14,Planning and Programming Committee,147104,17,2025-0419,APPROVED,284,Jacquelyn Dupont-Walker,Aye,1
2946,2025-05-14,Planning and Programming Committee,147104,17,2025-0419,APPROVED,290,Hilda L. Solis,Aye,1
2946,2025-05-14,Planning and Programming Committee,147104,17,2025-0419,APPROVED,3356,Lindsey Horvath,Aye,1
2946,2025-05-14,Planning and Programming Committee,147104,17,2025-0419,APPROVED,2240,Holly J. Mitchell,Aye,1
2946,2025-05-14,Planning and Programming Committee,147104,17,2025-0419,APPROVED,288,Ara J. Najarian,Aye,1
2948,2025-05-15,"Finance, Budget and Audit Committee",145865,18,2025-0183,APPROVED,2244,Tim Sandoval,Aye,1
2948,2025-05-15,"Finance, Budget and Audit Committee",145865,18,2025-0183,APPROVED,3356,Lindsey Horvath,Aye,1
2948,2025-05-15,"Finance, Budget and Audit Committee",145865,18,2025-0183,APPROVED,1982,Kathryn Barger,Absent,0
2948,2025-05-15,"Finance, Budget and Audit Committee",145865,18,2025-0183,APPROVED,1820,James Butts,Absent,0
2948,2025-05-15,"Finance, Budget and Audit Committee",145865,18,2025-0183,APPROVED,3525,Imelda Padilla,Aye,1
2948,2025-05-15,"Finance, Budget and Audit Committee",146127,20,2025-0270,RECEIVED AND FILED,2244,Tim Sandoval,Aye,1
2948,2025-05-15,"Finance, Budget and Audit Committee",146127,20,2025-0270,RECEIVED AND FILED,3356,Lindsey Horvath,Aye,1
2948,2025-05-15,"Finance, Budget and Audit Committee",146127,20,2025-0270,RECEIVED AND FILED,1982,Kathryn Barger,Absent,0
2948,2025-05-15,"Finance, Budget and Audit Committee",146127,20,2025-0270,RECEIVED AND FILED,1820,James Butts,Absent,0
2948,2025-05-15,"Finance, Budget and Audit Committee",146127,20,2025-0270,RECEIVED AND FILED,3525,Imelda Padilla,Aye,1
2948,2025-05-15,"Finance, Budget and Audit Committee",146597,19,2024-1112,APPROVED,2244,Tim Sandoval,Aye,1
2948,2025-05-15,"Finance, Budget and Audit Committee",146597,19,2024-1112,APPROVED,3356,Lindsey Horvath,Aye,1
2948,2025-05-15,"Finance, Budget and Audit Committee",146597,19,2024-1112,APPROVED,1982,Kathryn Barger,Absent,0
2948,2025-05-15,"Finance, Budget and Audit Committee",146597,19,2024-1112,APPROVED,1820,James Butts,Absent,0
2948,2025-05-15,"Finance, Budget and Audit Committee",146597,19,2024-1112,APPROVED,3525,Imelda Padilla,Aye,1
2949,2025-05-15,Executive Management Committee,146361,25,2025-0301,RECEIVED AND FILED,1981,Janice Hahn,Aye,1
2949,2025-05-15,Executive Management Committee,146361,25,2025-0301,RECEIVED AND FILED,2253,Fernando Dutra,Aye,1
2949,2025-05-15,Executive Management Committee,146361,25,2025-0301,RECEIVED AND FILED,1982,Kathryn Barger,Absent,0
2949,2025-05-15,Executive Management Committee,146361,25,2025-0301,RECEIVED AND FILED,3355,Karen Bass,Absent,0
2949,2025-05-15,Executive Management Committee,146361,25,2025-0301,RECEIVED AND FILED,290,Hilda L. Solis,Aye,1
2949,2025-05-15,Executive Management Committee,146362,24,2025-0219,RECEIVED AND FILED,1981,Janice Hahn,Aye,1
2949,2025-05-15,Executive Management Committee,146362,24,2025-0219,RECEIVED AND FILED,2253,Fernando Dutra,Aye,1
2949,2025-05-15,Executive Management Committee,146362,24,2025-0219,RECEIVED AND FILED,1982,Kathryn Barger,Absent,0
2949,2025-05-15,Executive Management Committee,146362,24,2025-0219,RECEIVED AND FILED,3355,Karen Bass,Absent,0
2949,2025-05-15,Executive Management Committee,146362,24,2025-0219,RECEIVED AND FILED,290,Hilda L. Solis,Aye,1
2949,2025-05-15,Executive Management Committee,146363,21,2025-0175,ADOPTED,1981,Janice Hahn,Aye,1
2949,2025-05-15,Executive Management Committee,146363,21,2025-0175,ADOPTED,2253,Fernando Dutra,Aye,1
2949,2025-05-15,Executive Management Committee,146363,21,2025-0175,ADOPTED,1982,Kathryn Barger,Absent,0
2949,2025-05-15,Executive Management Committee,146363,21,2025-0175,ADOPTED,3355,Karen Bass,Absent,0
2949,2025-05-15,Executive Management Committee,146363,21,2025-0175,ADOPTED,290,Hilda L. Solis,Aye,1
2949,2025-05-15,Executive Management Committee,146598,23,2025-0077,RECEIVED AND FILED,1981,Janice Hahn,Aye,1
2949,2025-05-15,Executive Management Committee,146598,23,2025-0077,RECEIVED AND FILED,2253,Fernando Dutra,Aye,1
2949,2025-05-15,Executive Management Committee,146598,23,2025-0077,RECEIVED AND FILED,1982,Kathryn Barger,Absent,0
2949,2025-05-15,Executive Management Committee,146598,23,2025-0077,RECEIVED AND FILED,3355,Karen Bass,Absent,0
2949,2025-05-15,Executive Management Committee,146598,23,2025-0077,RECEIVED AND FILED,290,Hilda L. Solis,Aye,1
2949,2025-05-15,Executive Management Committee,146601,22,2025-0276,APPROVED,1981,Janice Hahn,Aye,1
2949,2025-05-15,Executive Management Committee,146601,22,2025-0276,APPROVED,2253,Fernando Dutra,Aye,1
2949,2025-05-15,Executive Management Committee,146601,22,2025-0276,APPROVED,1982,Kathryn Barger,Absent,0
2949,2025-05-15,Executive Management Committee,146601,22,2025-0276,APPROVED,3355,Karen Bass,Absent,0
2949,2025-05-15,Executive Management Committee,146601,22,2025-0276,APPROVED,290,Hilda L. Solis,Aye,1
2949,2025-05-15,Executive Management Committee,146661,26,2025-0268,RECEIVED AND FILED,1981,Janice Hahn,Aye,1
2949,2025-05-15,Executive Management Committee,146661,26,2025-0268,RECEIVED AND FILED,2253,Fernando Dutra,Aye,1
2949,2025-05-15,Executive Management Committee,146661,26,2025-0268,RECEIVED AND FILED,1982,Kathryn Barger,Absent,0
2949,2025-05-15,Executive Management Committee,146661,26,2025-0268,RECEIVED AND FILED,3355,Karen Bass,Absent,0
2949,2025-05-15,Executive Management Committee,146661,26,2025-0268,RECEIVED AND FILED,290,Hilda L. Solis,Aye,1
2949,2025-05-15,Executive Management Committee,146662,16,2025-0106,RECEIVED AND FILED,1981,Janice Hahn,Aye,1
2949,2025-05-15,Executive Management Committee,146662,16,2025-0106,RECEIVED AND FILED,2253,Fernando Dutra,Aye,1
2949,2025-05-15,Executive Management Committee,146662,16,2025-0106,RECEIVED AND FILED,1982,Kathryn Barger,Absent,0
2949,2025-05-15,Executive Management Committee,146662,16,2025-0106,RECEIVED AND FILED,3355,Karen Bass,Absent,0
2949,2025-05-15,Executive Management Committee,146662,16,2025-0106,RECEIVED AND FILED,290,Hilda L. Solis,Aye,1
2950,2025-05-15,"Operations, Safety, and Customer Experience Committee",146603,33,2025-0258,RECEIVED AND FILED,2240,Holly J. Mitchell,Aye,1
2950,2025-05-15,"Operations, Safety, and Customer Experience Committee",146603,33,2025-0258,RECEIVED AND FILED,3373,Katy Yaroslavsky,Aye,1
2950,2025-05-15,"Operations, Safety, and Customer Experience Committee",146603,33,2025-0258,RECEIVED AND FILED,1820,James Butts,Absent,0
2950,2025-05-15,"Operations, Safety, and Customer Experience Committee",146603,33,2025-0258,RECEIVED AND FILED,284,Jacquelyn Dupont-Walker,Aye,1
2950,2025-05-15,"Operations, Safety, and Customer Experience Committee",146603,33,2025-0258,RECEIVED AND FILED,2244,Tim Sandoval,Absent,0
2950,2025-05-15,"Operations, Safety, and Customer Experience Committee",146606,32,2024-1133,APPROVED AS AMENDED,2240,Holly J. Mitchell,Aye,1
2950,2025-05-15,"Operations, Safety, and Customer Experience Committee",146606,32,2024-1133,APPROVED AS AMENDED,3373,Katy Yaroslavsky,Aye,1
2950,2025-05-15,"Operations, Safety, and Customer Experience Committee",146606,32,2024-1133,APPROVED AS AMENDED,1820,James Butts,Aye,1
2950,2025-05-15,"Operations, Safety, and Customer Experience Committee",146606,32,2024-1133,APPROVED AS AMENDED,284,Jacquelyn Dupont-Walker,Aye,1
2950,2025-05-15,"Operations, Safety, and Customer Experience Committee",146606,32,2024-1133,APPROVED AS AMENDED,2244,Tim Sandoval,Absent,0
2950,2025-05-15,"Operations, Safety, and Customer Experience Committee",146607,31,2025-0226,APPROVED,2240,Holly J. Mitchell,Aye,1
2950,2025-05-15,"Operations, Safety, and Customer Experience Committee",146607,31,2025-0226,APPROVED,3373,Katy Yaroslavsky,Aye,1
2950,2025-05-15,"Operations, Safety, and Customer Experience Committee",146607,31,2025-0226,APPROVED,1820,James Butts,Absent,0
2950,2025-05-15,"Operations, Safety, and Customer Experience Committee",146607,31,2025-0226,APPROVED,284,Jacquelyn Dupont-Walker,Aye,1
2950,2025-05-15,"Operations, Safety, and Customer Experience Committee",146607,31,2025-0226,APPROVED,2244,Tim Sandoval,Absent,0
2950,2025-05-15,"Operations, Safety, and Customer Experience Committee",146608,30,2025-0216,APPROVED,2240,Holly J. Mitchell,Aye,1
2950,2025-05-15,"Operations, Safety, and Customer Experience Committee",146608,30,2025-0216,APPROVED,3373,Katy Yaroslavsky,Absent,0
2950,2025-05-15,"Operations, Safety, and Customer Experience Committee",146608,30,2025-0216,APPROVED,1820,James Butts,Aye,1
2950,2025-05-15,"Operations, Safety, and Customer Experience Committee",146608,30,2025-0216,APPROVED,284,Jacquelyn Dupont-Walker,Aye,1
2950,2025-05-15,"Operations, Safety, and Customer Experience Committee",146608,30,2025-0216,APPROVED,2244,Tim Sandoval,Absent,0
2950,2025-05-15,"Operations, Safety, and Customer Experience Committee",146609,29,2025-0191,APPROVED,2240,Holly J. Mitchell,Aye,1
2950,2025-05-15,"Operations, Safety, and Customer Experience Committee",146609,29,2025-0191,APPROVED,3373,Katy Yaroslavsky,Aye,1
2950,2025-05-15,"Operations, Safety, and Customer Experience Committee",146609,29,2025-0191,APPROVED,1820,James Butts,Aye,1
2950,2025-05-15,"Operations, Safety, and Customer Experience Committee",146609,29,2025-0191,APPROVED,284,Jacquelyn Dupont-Walker,Aye,1
2950,2025-05-15,"Operations, Safety, and Customer Experience Committee",146609,29,2025-0191,APPROVED,2244,Tim Sandoval,Absent,0
2950,2025-05-15,"Operations, Safety, and Customer Experience Committee",146610,28,2025-0202,RECEIVED,2240,Holly J. Mitchell,Aye,1
2950,2025-05-15,"Operations, Safety, and Customer Experience Committee",146610,28,2025-0202,RECEIVED,3373,Katy Yaroslavsky,Aye,1
2950,2025-05-15,"Operations, Safety, and Customer Experience Committee",146610,28,2025-0202,RECEIVED,1820,James Butts,Aye,1
2950,2025-05-15,"Operations, Safety, and Customer Experience Committee",146610,28,2025-0202,RECEIVED,284,Jacquelyn Dupont-Walker,Aye,1
2950,2025-05-15,"Operations, Safety, and Customer Experience Committee",146610,28,2025-0202,RECEIVED,2244,Tim Sandoval,Absent,0
2950,2025-05-15,"Operations, Safety, and Customer Experience Committee",146611,27,2025-0201,RECEIVED,2240,Holly J. Mitchell,Aye,1
2950,2025-05-15,"Operations, Safety, and Customer Experience Committee",146611,27,2025-0201,RECEIVED,3373,Katy Yaroslavsky,Aye,1
2950,2025-05-15,"Operations, Safety, and Customer Experience Committee",146611,27,2025-0201,RECEIVED,1820,James Butts,Aye,1
2950,2025-05-15,"Operations, Safety, and Customer Experience Committee",146611,27,2025-0201,RECEIVED,284,Jacquelyn Dupont-Walker,Aye,1
2950,2025-05-15,"Operations, Safety, and Customer Experience Committee",146611,27,2025-0201,RECEIVED,2244,Tim Sandoval,Aye,1
2951,2025-05-22,Board of Directors - Regular Board Meeting,146615,34,2025-0113,APPROVED,1981,Janice Hahn,Aye,1
2951,2025-05-22,Board of Directors - Regular Board Meeting,146615,34,2025-0113,APPROVED,2253,Fernando Dutra,Aye,1
2951,2025-05-22,Board of Directors - Regular Board Meeting,146615,34,2025-0113,APPROVED,284,Jacquelyn Dupont-Walker,Aye,1
2951,2025-05-22,Board of Directors - Regular Board Meeting,146615,34,2025-0113,APPROVED,1982,Kathryn Barger,Absent,0
2951,2025-05-22,Board of Directors - Regular Board Meeting,146615,34,2025-0113,APPROVED,3355,Karen Bass,Aye,1
2951,2025-05-22,Board of Directors - Regular Board Meeting,146615,34,2025-0113,APPROVED,1820,James Butts,Absent,0
2951,2025-05-22,Board of Directors - Regular Board Meeting,146615,34,2025-0113,APPROVED,3356,Lindsey Horvath,Aye,1
2951,2025-05-22,Board of Directors - Regular Board Meeting,146615,34,2025-0113,APPROVED,2240,Holly J. Mitchell,Aye,1
2951,2025-05-22,Board of Directors - Regular Board Meeting,146615,34,2025-0113,APPROVED,288,Ara J. Najarian,Aye,1
2951,2025-05-22,Board of Directors - Regular Board Meeting,146615,34,2025-0113,APPROVED,3525,Imelda Padilla,Absent,0
2951,2025-05-22,Board of Directors - Regular Board Meeting,146615,34,2025-0113,APPROVED,2244,Tim Sandoval,Aye,1
2951,2025-05-22,Board of Directors - Regular Board Meeting,146615,34,2025-0113,APPROVED,290,Hilda L. Solis,Aye,1
2951,2025-05-22,Board of Directors - Regular Board Meeting,146615,34,2025-0113,APPROVED,3373,Katy Yaroslavsky,Absent,0
2951,2025-05-22,Board of Directors - Regular Board Meeting,146637,17,2025-0419,APPROVED,1981,Janice Hahn,Aye,1
2951,2025-05-22,Board of Directors - Regular Board Meeting,146637,17,2025-0419,APPROVED,2253,Fernando Dutra,Aye,1
2951,2025-05-22,Board of Directors - Regular Board Meeting,146637,17,2025-0419,APPROVED,284,Jacquelyn Dupont-Walker,Aye,1
2951,2025-05-22,Board of Directors - Regular Board Meeting,146637,17,2025-0419,APPROVED,1982,Kathryn Barger,Absent,0
2951,2025-05-22,Board of Directors - Regular Board Meeting,146637,17,2025-0419,APPROVED,3355,Karen Bass,Absent,0
2951,2025-05-22,Board of Directors - Regular Board Meeting,146637,17,2025-0419,APPROVED,1820,James Butts,Absent,0
2951,2025-05-22,Board of Directors - Regular Board Meeting,146637,17,2025-0419,APPROVED,3356,Lindsey Horvath,Aye,1
2951,2025-05-22,Board of Directors - Regular Board Meeting,146637,17,2025-0419,APPROVED,2240,Holly J. Mitchell,Aye,1
2951,2025-05-22,Board of Directors - Regular Board Meeting,146637,17,2025-0419,APPROVED,288,Ara J. Najarian,Aye,1
2951,2025-05-22,Board of Directors - Regular Board Meeting,146637,17,2025-0419,APPROVED,3525,Imelda Padilla,Absent,0
2951,2025-05-22,Board of Directors - Regular Board Meeting,146637,17,2025-0419,APPROVED,2244,Tim Sandoval,Aye,1
2951,2025-05-22,Board of Directors - Regular Board Meeting,146637,17,2025-0419,APPROVED,290,Hilda L. Solis,Aye,1
2951,2025-05-22,Board of Directors - Regular Board Meeting,146637,17,2025-0419,APPROVED,3373,Katy Yaroslavsky,Absent,0
2951,2025-05-22,Board of Directors - Regular Board Meeting,146641,15,2025-0376,APPROVED,1981,Janice Hahn,Aye,1
2951,2025-05-22,Board of Directors - Regular Board Meeting,146641,15,2025-0376,APPROVED,2253,Fernando Dutra,Aye,1
2951,2025-05-22,Board of Directors - Regular Board Meeting,146641,15,2025-0376,APPROVED,284,Jacquelyn Dupont-Walker,Aye,1
2951,2025-05-22,Board of Directors - Regular Board Meeting,146641,15,2025-0376,APPROVED,1982,Kathryn Barger,Absent,0
2951,2025-05-22,Board of Directors - Regular Board Meeting,146641,15,2025-0376,APPROVED,3355,Karen Bass,Absent,0
2951,2025-05-22,Board of Directors - Regular Board Meeting,146641,15,2025-0376,APPROVED,1820,James Butts,Absent,0
2951,2025-05-22,Board of Directors - Regular Board Meeting,146641,15,2025-0376,APPROVED,3356,Lindsey Horvath,Aye,1
2951,2025-05-22,Board of Directors - Regular Board Meeting,146641,15,2025-0376,APPROVED,2240,Holly J. Mitchell,Aye,1
2951,2025-05-22,Board of Directors - Regular Board Meeting,146641,15,2025-0376,APPROVED,288,Ara J. Najarian,Aye,1
2951,2025-05-22,Board of Directors - Regular Board Meeting,146641,15,2025-0376,APPROVED,3525,Imelda Padilla,Absent,0
2951,2025-05-22,Board of Directors - Regular Board Meeting,146641,15,2025-0376,APPROVED,2244,Tim Sandoval,Aye,1
2951,2025-05-22,Board of Directors - Regular Board Meeting,146641,15,2025-0376,APPROVED,290,Hilda L. Solis,Aye,1
2951,2025-05-22,Board of Directors - Regular Board Meeting,146641,15,2025-0376,APPROVED,3373,Katy Yaroslavsky,Absent,0
2951,2025-05-22,Board of Directors - Regular Board Meeting,146643,14,2025-0324,APPROVED ON CONSENT CALENDAR,1981,Janice Hahn,Aye,1
2951,2025-05-22,Board of Directors - Regular Board Meeting,146643,14,2025-0324,APPROVED ON CONSENT CALENDAR,2253,Fernando Dutra,Aye,1
2951,2025-05-22,Board of Directors - Regular Board Meeting,146643,14,2025-0324,APPROVED ON CONSENT CALENDAR,284,Jacquelyn Dupont-Walker,Aye,1
2951,2025-05-22,Board of Directors - Regular Board Meeting,146643,14,2025-0324,APPROVED ON CONSENT CALENDAR,1982,Kathryn Barger,Absent,0
2951,2025-05-22,Board of Directors - Regular Board Meeting,146643,14,2025-0324,APPROVED ON CONSENT CALENDAR,3355,Karen Bass,Absent,0
2951,2025-05-22,Board of Directors - Regular Board Meeting,146643,14,2025-0324,APPROVED ON CONSENT CALENDAR,1820,James Butts,Absent,0
2951,2025-05-22,Board of Directors - Regular Board Meeting,146643,14,2025-0324,APPROVED ON CONSENT CALENDAR,3356,Lindsey Horvath,Aye,1
2951,2025-05-22,Board of Directors - Regular Board Meeting,146643,14,2025-0324,APPROVED ON CONSENT CALENDAR,2240,Holly J. Mitchell,Conflict,0
2951,2025-05-22,Board of Directors - Regular Board Meeting,146643,14,2025-0324,APPROVED ON CONSENT CALENDAR,288,Ara J. Najarian,Aye,1
2951,2025-05-22,Board of Directors - Regular Board Meeting,146643,14,2025-0324,APPROVED ON CONSENT CALENDAR,3525,Imelda Padilla,Absent,0
2951,2025-05-22,Board of Directors - Regular Board Meeting,146643,14,2025-0324,APPROVED ON CONSENT CALENDAR,2244,Tim Sandoval,Aye,1
2951,2025-05-22,Board of Directors - Regular Board Meeting,146643,14,2025-0324,APPROVED ON CONSENT CALENDAR,290,Hilda L. Solis,Aye,1
2951,2025-05-22,Board of Directors - Regular Board Meeting,146643,14,2025-0324,APPROVED ON CONSENT CALENDAR,3373,Katy Yaroslavsky,Absent,0
2951,2025-05-22,Board of Directors - Regular Board Meeting,146645,13,2025-0244,APPROVED,1981,Janice Hahn,Aye,1
2951,2025-05-22,Board of Directors - Regular Board Meeting,146645,13,2025-0244,APPROVED,2253,Fernando Dutra,Aye,1
2951,2025-05-22,Board of Directors - Regular Board Meeting,146645,13,2025-0244,APPROVED,284,Jacquelyn Dupont-Walker,Aye,1
2951,2025-05-22,Board of Directors - Regular Board Meeting,146645,13,2025-0244,APPROVED,1982,Kathryn Barger,Absent,0
2951,2025-05-22,Board of Directors - Regular Board Meeting,146645,13,2025-0244,APPROVED,3355,Karen Bass,Absent,0
2951,2025-05-22,Board of Directors - Regular Board Meeting,146645,13,2025-0244,APPROVED,1820,James Butts,Absent,0
2951,2025-05-22,Board of Directors - Regular Board Meeting,146645,13,2025-0244,APPROVED,3356,Lindsey Horvath,Aye,1
2951,2025-05-22,Board of Directors - Regular Board Meeting,146645,13,2025-0244,APPROVED,2240,Holly J. Mitchell,Aye,1
2951,2025-05-22,Board of Directors - Regular Board Meeting,146645,13,2025-0244,APPROVED,288,Ara J. Najarian,Aye,1
2951,2025-05-22,Board of Directors - Regular Board Meeting,146645,13,2025-0244,APPROVED,3525,Imelda Padilla,Absent,0
2951,2025-05-22,Board of Directors - Regular Board Meeting,146645,13,2025-0244,APPROVED,2244,Tim Sandoval,Aye,1
2951,2025-05-22,Board of Directors - Regular Board Meeting,146645,13,2025-0244,APPROVED,290,Hilda L. Solis,Aye,1
2951,2025-05-22,Board of Directors - Regular Board Meeting,146645,13,2025-0244,APPROVED,3373,Katy Yaroslavsky,Absent,0
2951,2025-05-22,Board of Directors - Regular Board Meeting,146647,12,2025-0167,APPROVED,1981,Janice Hahn,Aye,1
2951,2025-05-22,Board of Directors - Regular Board Meeting,146647,12,2025-0167,APPROVED,2253,Fernando Dutra,Aye,1
2951,2025-05-22,Board of Directors - Regular Board Meeting,146647,12,2025-0167,APPROVED,284,Jacquelyn Dupont-Walker,Aye,1
2951,2025-05-22,Board of Directors - Regular Board Meeting,146647,12,2025-0167,APPROVED,1982,Kathryn Barger,Absent,0
2951,2025-05-22,Board of Directors - Regular Board Meeting,146647,12,2025-0167,APPROVED,3355,Karen Bass,Absent,0
2951,2025-05-22,Board of Directors - Regular Board Meeting,146647,12,2025-0167,APPROVED,1820,James Butts,Absent,0
2951,2025-05-22,Board of Directors - Regular Board Meeting,146647,12,2025-0167,APPROVED,3356,Lindsey Horvath,Aye,1
2951,2025-05-22,Board of Directors - Regular Board Meeting,146647,12,2025-0167,APPROVED,2240,Holly J. Mitchell,Aye,1
2951,2025-05-22,Board of Directors - Regular Board Meeting,146647,12,2025-0167,APPROVED,288,Ara J. Najarian,Aye,1
2951,2025-05-22,Board of Directors - Regular Board Meeting,146647,12,2025-0167,APPROVED,3525,Imelda Padilla,Absent,0
2951,2025-05-22,Board of Directors - Regular Board Meeting,146647,12,2025-0167,APPROVED,2244,Tim Sandoval,Aye,1
2951,2025-05-22,Board of Directors - Regular Board Meeting,146647,12,2025-0167,APPROVED,290,Hilda L. Solis,Aye,1
2951,2025-05-22,Board of Directors - Regular Board Meeting,146647,12,2025-0167,APPROVED,3373,Katy Yaroslavsky,Absent,0
2951,2025-05-22,Board of Directors - Regular Board Meeting,146649,11,2025-0166,ADOPTED,1981,Janice Hahn,Aye,1
2951,2025-05-22,Board of Directors - Regular Board Meeting,146649,11,2025-0166,ADOPTED,2253,Fernando Dutra,Aye,1
2951,2025-05-22,Board of Directors - Regular Board Meeting,146649,11,2025-0166,ADOPTED,284,Jacquelyn Dupont-Walker,Aye,1
2951,2025-05-22,Board of Directors - Regular Board Meeting,146649,11,2025-0166,ADOPTED,1982,Kathryn Barger,Absent,0
2951,2025-05-22,Board of Directors - Regular Board Meeting,146649,11,2025-0166,ADOPTED,3355,Karen Bass,Absent,0
2951,2025-05-22,Board of Directors - Regular Board Meeting,146649,11,2025-0166,ADOPTED,1820,James Butts,Absent,0
2951,2025-05-22,Board of Directors - Regular Board Meeting,146649,11,2025-0166,ADOPTED,3356,Lindsey Horvath,Aye,1
2951,2025-05-22,Board of Directors - Regular Board Meeting,146649,11,2025-0166,ADOPTED,2240,Holly J. Mitchell,Aye,1
2951,2025-05-22,Board of Directors - Regular Board Meeting,146649,11,2025-0166,ADOPTED,288,Ara J. Najarian,Aye,1
2951,2025-05-22,Board of Directors - Regular Board Meeting,146649,11,2025-0166,ADOPTED,3525,Imelda Padilla,Absent,0
2951,2025-05-22,Board of Directors - Regular Board Meeting,146649,11,2025-0166,ADOPTED,2244,Tim Sandoval,Aye,1
2951,2025-05-22,Board of Directors - Regular Board Meeting,146649,11,2025-0166,ADOPTED,290,Hilda L. Solis,Aye,1
2951,2025-05-22,Board of Directors - Regular Board Meeting,146649,11,2025-0166,ADOPTED,3373,Katy Yaroslavsky,Absent,0
2951,2025-05-22,Board of Directors - Regular Board Meeting,146651,9,2025-0418,APPROVED,1981,Janice Hahn,Aye,1
2951,2025-05-22,Board of Directors - Regular Board Meeting,146651,9,2025-0418,APPROVED,2253,Fernando Dutra,Aye,1
2951,2025-05-22,Board of Directors - Regular Board Meeting,146651,9,2025-0418,APPROVED,284,Jacquelyn Dupont-Walker,Aye,1
2951,2025-05-22,Board of Directors - Regular Board Meeting,146651,9,2025-0418,APPROVED,1982,Kathryn Barger,Absent,0
2951,2025-05-22,Board of Directors - Regular Board Meeting,146651,9,2025-0418,APPROVED,3355,Karen Bass,Absent,0
2951,2025-05-22,Board of Directors - Regular Board Meeting,146651,9,2025-0418,APPROVED,1820,James Butts,Absent,0
2951,2025-05-22,Board of Directors - Regular Board Meeting,146651,9,2025-0418,APPROVED,3356,Lindsey Horvath,Aye,1
2951,2025-05-22,Board of Directors - Regular Board Meeting,146651,9,2025-0418,APPROVED,2240,Holly J. Mitchell,Aye,1
2951,2025-05-22,Board of Directors - Regular Board Meeting,146651,9,2025-0418,APPROVED,288,Ara J. Najarian,Aye,1
2951,2025-05-22,Board of Directors - Regular Board Meeting,146651,9,2025-0418,APPROVED,3525,Imelda Padilla,Absent,0
2951,2025-05-22,Board of Directors - Regular Board Meeting,146651,9,2025-0418,APPROVED,2244,Tim Sandoval,Aye,1
2951,2025-05-22,Board of Directors - Regular Board Meeting,146651,9,2025-0418,APPROVED,290,Hilda L. Solis,Aye,1
2951,2025-05-22,Board of Directors - Regular Board Meeting,146651,9,2025-0418,APPROVED,3373,Katy Yaroslavsky,Absent,0
2951,2025-05-22,Board of Directors - Regular Board Meeting,146653,8,2025-0417,APPROVED,1981,Janice Hahn,Aye,1
2951,2025-05-22,Board of Directors - Regular Board Meeting,146653,8,2025-0417,APPROVED,2253,Fernando Dutra,Aye,1
2951,2025-05-22,Board of Directors - Regular Board Meeting,146653,8,2025-0417,APPROVED,284,Jacquelyn Dupont-Walker,Aye,1
2951,2025-05-22,Board of Directors - Regular Board Meeting,146653,8,2025-0417,APPROVED,1982,Kathryn Barger,Absent,0
2951,2025-05-22,Board of Directors - Regular Board Meeting,146653,8,2025-0417,APPROVED,3355,Karen Bass,Absent,0
2951,2025-05-22,Board of Directors - Regular Board Meeting,146653,8,2025-0417,APPROVED,1820,James Butts,Absent,0
2951,2025-05-22,Board of Directors - Regular Board Meeting,146653,8,2025-0417,APPROVED,3356,Lindsey Horvath,Aye,1
2951,2025-05-22,Board of Directors - Regular Board Meeting,146653,8,2025-0417,APPROVED,2240,Holly J. Mitchell,Aye,1
2951,2025-05-22,Board of Directors - Regular Board Meeting,146653,8,2025-0417,APPROVED,288,Ara J. Najarian,Aye,1
2951,2025-05-22,Board of Directors - Regular Board Meeting,146653,8,2025-0417,APPROVED,3525,Imelda Padilla,Absent,0
2951,2025-05-22,Board of Directors - Regular Board Meeting,146653,8,2025-0417,APPROVED,2244,Tim Sandoval,Aye,1
2951,2025-05-22,Board of Directors - Regular Board Meeting,146653,8,2025-0417,APPROVED,290,Hilda L. Solis,Aye,1
2951,2025-05-22,Board of Directors - Regular Board Meeting,146653,8,2025-0417,APPROVED,3373,Katy Yaroslavsky,Absent,0
2951,2025-05-22,Board of Directors - Regular Board Meeting,146657,6,2025-0265,APPROVED,1981,Janice Hahn,Aye,1
2951,2025-05-22,Board of Directors - Regular Board Meeting,146657,6,2025-0265,APPROVED,2253,Fernando Dutra,Aye,1
2951,2025-05-22,Board of Directors - Regular Board Meeting,146657,6,2025-0265,APPROVED,284,Jacquelyn Dupont-Walker,Aye,1
2951,2025-05-22,Board of Directors - Regular Board Meeting,146657,6,2025-0265,APPROVED,1982,Kathryn Barger,Absent,0
2951,2025-05-22,Board of Directors - Regular Board Meeting,146657,6,2025-0265,APPROVED,3355,Karen Bass,Absent,0
2951,2025-05-22,Board of Directors - Regular Board Meeting,146657,6,2025-0265,APPROVED,1820,James Butts,Absent,0
2951,2025-05-22,Board of Directors - Regular Board Meeting,146657,6,2025-0265,APPROVED,3356,Lindsey Horvath,Aye,1
2951,2025-05-22,Board of Directors - Regular Board Meeting,146657,6,2025-0265,APPROVED,2240,Holly J. Mitchell,Aye,1
2951,2025-05-22,Board of Directors - Regular Board Meeting,146657,6,2025-0265,APPROVED,288,Ara J. Najarian,Aye,1
2951,2025-05-22,Board of Directors - Regular Board Meeting,146657,6,2025-0265,APPROVED,3525,Imelda Padilla,Absent,0
2951,2025-05-22,Board of Directors - Regular Board Meeting,146657,6,2025-0265,APPROVED,2244,Tim Sandoval,Aye,1
2951,2025-05-22,Board of Directors - Regular Board Meeting,146657,6,2025-0265,APPROVED,290,Hilda L. Solis,Aye,1
2951,2025-05-22,Board of Directors - Regular Board Meeting,146657,6,2025-0265,APPROVED,3373,Katy Yaroslavsky,Absent,0
2951,2025-05-22,Board of Directors - Regular Board Meeting,147206,2,2025-0440,APPROVED,1981,Janice Hahn,Aye,1
2951,2025-05-22,Board of Directors - Regular Board Meeting,147206,2,2025-0440,APPROVED,2253,Fernando Dutra,Aye,1
2951,2025-05-22,Board of Directors - Regular Board Meeting,147206,2,2025-0440,APPROVED,284,Jacquelyn Dupont-Walker,Aye,1
2951,2025-05-22,Board of Directors - Regular Board Meeting,147206,2,2025-0440,APPROVED,1982,Kathryn Barger,Absent,0
2951,2025-05-22,Board of Directors - Regular Board Meeting,147206,2,2025-0440,APPROVED,3355,Karen Bass,Absent,0
2951,2025-05-22,Board of Directors - Regular Board Meeting,147206,2,2025-0440,APPROVED,1820,James Butts,Absent,0
2951,2025-05-22,Board of Directors - Regular Board Meeting,147206,2,2025-0440,APPROVED,3356,Lindsey Horvath,Aye,1
2951,2025-05-22,Board of Directors - Regular Board Meeting,147206,2,2025-0440,APPROVED,2240,Holly J. Mitchell,Aye,1
2951,2025-05-22,Board of Directors - Regular Board Meeting,147206,2,2025-0440,APPROVED,288,Ara J. Najarian,Aye,1
2951,2025-05-22,Board of Directors - Regular Board Meeting,147206,2,2025-0440,APPROVED,3525,Imelda Padilla,Absent,0
2951,2025-05-22,Board of Directors - Regular Board Meeting,147206,2,2025-0440,APPROVED,2244,Tim Sandoval,Aye,1
2951,2025-05-22,Board of Directors - Regular Board Meeting,147206,2,2025-0440,APPROVED,290,Hilda L. Solis,Aye,1
2951,2025-05-22,Board of Directors - Regular Board Meeting,147206,2,2025-0440,APPROVED,3373,Katy Yaroslavsky,Absent,0
2951,2025-05-22,Board of Directors - Regular Board Meeting,147215,10,2025-0141,APPROVED AS AMENDED,1981,Janice Hahn,Aye,1
2951,2025-05-22,Board of Directors - Regular Board Meeting,147215,10,2025-0141,APPROVED AS AMENDED,2253,Fernando Dutra,Aye,1
2951,2025-05-22,Board of Directors - Regular Board Meeting,147215,10,2025-0141,APPROVED AS AMENDED,284,Jacquelyn Dupont-Walker,Aye,1
2951,2025-05-22,Board of Directors - Regular Board Meeting,147215,10,2025-0141,APPROVED AS AMENDED,1982,Kathryn Barger,Absent,0
2951,2025-05-22,Board of Directors - Regular Board Meeting,147215,10,2025-0141,APPROVED AS AMENDED,3355,Karen Bass,Absent,0
2951,2025-05-22,Board of Directors - Regular Board Meeting,147215,10,2025-0141,APPROVED AS AMENDED,1820,James Butts,Absent,0
2951,2025-05-22,Board of Directors - Regular Board Meeting,147215,10,2025-0141,APPROVED AS AMENDED,3356,Lindsey Horvath,Aye,1
2951,2025-05-22,Board of Directors - Regular Board Meeting,147215,10,2025-0141,APPROVED AS AMENDED,2240,Holly J. Mitchell,Aye,1
2951,2025-05-22,Board of Directors - Regular Board Meeting,147215,10,2025-0141,APPROVED AS AMENDED,288,Ara J. Najarian,Aye,1
2951,2025-05-22,Board of Directors - Regular Board Meeting,147215,10,2025-0141,APPROVED AS AMENDED,3525,Imelda Padilla,Absent,0
2951,2025-05-22,Board of Directors - Regular Board Meeting,147215,10,2025-0141,APPROVED AS AMENDED,2244,Tim Sandoval,Aye,1
2951,2025-05-22,Board of Directors - Regular Board Meeting,147215,10,2025-0141,APPROVED AS AMENDED,290,Hilda L. Solis,Aye,1
2951,2025-05-22,Board of Directors - Regular Board Meeting,147215,10,2025-0141,APPROVED AS AMENDED,3373,Katy Yaroslavsky,Absent,0
2951,2025-05-22,Board of Directors - Regular Board Meeting,147222,30,2025-0216,APPROVED,1981,Janice Hahn,Aye,1
2951,2025-05-22,Board of Directors - Regular Board Meeting,147222,30,2025-0216,APPROVED,2253,Fernando Dutra,Aye,1
2951,2025-05-22,Board of Directors - Regular Board Meeting,147222,30,2025-0216,APPROVED,284,Jacquelyn Dupont-Walker,Aye,1
2951,2025-05-22,Board of Directors - Regular Board Meeting,147222,30,2025-0216,APPROVED,1982,Kathryn Barger,Absent,0
2951,2025-05-22,Board of Directors - Regular Board Meeting,147222,30,2025-0216,APPROVED,3355,Karen Bass,Absent,0
2951,2025-05-22,Board of Directors - Regular Board Meeting,147222,30,2025-0216,APPROVED,1820,James Butts,Absent,0
2951,2025-05-22,Board of Directors - Regular Board Meeting,147222,30,2025-0216,APPROVED,3356,Lindsey Horvath,Aye,1
2951,2025-05-22,Board of Directors - Regular Board Meeting,147222,30,2025-0216,APPROVED,2240,Holly J. Mitchell,Aye,1
2951,2025-05-22,Board of Directors - Regular Board Meeting,147222,30,2025-0216,APPROVED,288,Ara J. Najarian,Aye,1
2951,2025-05-22,Board of Directors - Regular Board Meeting,147222,30,2025-0216,APPROVED,3525,Imelda Padilla,Absent,0
2951,2025-05-22,Board of Directors - Regular Board Meeting,147222,30,2025-0216,APPROVED,2244,Tim Sandoval,Aye,1
2951,2025-05-22,Board of Directors - Regular Board Meeting,147222,30,2025-0216,APPROVED,290,Hilda L. Solis,Aye,1
2951,2025-05-22,Board of Directors - Regular Board Meeting,147222,30,2025-0216,APPROVED,3373,Katy Yaroslavsky,Absent,0
2951,2025-05-22,Board of Directors - Regular Board Meeting,147223,31,2025-0226,APPROVED,1981,Janice Hahn,Aye,1
2951,2025-05-22,Board of Directors - Regular Board Meeting,147223,31,2025-0226,APPROVED,2253,Fernando Dutra,Aye,1
2951,2025-05-22,Board of Directors - Regular Board Meeting,147223,31,2025-0226,APPROVED,284,Jacquelyn Dupont-Walker,Aye,1
2951,2025-05-22,Board of Directors - Regular Board Meeting,147223,31,2025-0226,APPROVED,1982,Kathryn Barger,Absent,0
2951,2025-05-22,Board of Directors - Regular Board Meeting,147223,31,2025-0226,APPROVED,3355,Karen Bass,Absent,0
2951,2025-05-22,Board of Directors - Regular Board Meeting,147223,31,2025-0226,APPROVED,1820,James Butts,Absent,0
2951,2025-05-22,Board of Directors - Regular Board Meeting,147223,31,2025-0226,APPROVED,3356,Lindsey Horvath,Aye,1
2951,2025-05-22,Board of Directors - Regular Board Meeting,147223,31,2025-0226,APPROVED,2240,Holly J. Mitchell,Aye,1
2951,2025-05-22,Board of Directors - Regular Board Meeting,147223,31,2025-0226,APPROVED,288,Ara J. Najarian,Aye,1
2951,2025-05-22,Board of Directors - Regular Board Meeting,147223,31,2025-0226,APPROVED,3525,Imelda Padilla,Absent,0
2951,2025-05-22,Board of Directors - Regular Board Meeting,147223,31,2025-0226,APPROVED,2244,Tim Sandoval,Aye,1
2951,2025-05-22,Board of Directors - Regular Board Meeting,147223,31,2025-0226,APPROVED,290,Hilda L. Solis,Aye,1
2951,2025-05-22,Board of Directors - Regular Board Meeting,147223,31,2025-0226,APPROVED,3373,Katy Yaroslavsky,Absent,0
2951,2025-05-22,Board of Directors - Regular Board Meeting,147225,29,2025-0191,APPROVED UNDER RECONSIDERATION,1981,Janice Hahn,Aye,1
2951,2025-05-22,Board of Directors - Regular Board Meeting,147225,29,2025-0191,APPROVED UNDER RECONSIDERATION,2253,Fernando Dutra,Aye,1
2951,2025-05-22,Board of Directors - Regular Board Meeting,147225,29,2025-0191,APPROVED UNDER RECONSIDERATION,284,Jacquelyn Dupont-Walker,Aye,1
2951,2025-05-22,Board of Directors - Regular Board Meeting,147225,29,2025-0191,APPROVED UNDER RECONSIDERATION,1982,Kathryn Barger,Absent,0
2951,2025-05-22,Board of Directors - Regular Board Meeting,147225,29,2025-0191,APPROVED UNDER RECONSIDERATION,3355,Karen Bass,Aye,1
2951,2025-05-22,Board of Directors - Regular Board Meeting,147225,29,2025-0191,APPROVED UNDER RECONSIDERATION,1820,James Butts,Absent,0
2951,2025-05-22,Board of Directors - Regular Board Meeting,147225,29,2025-0191,APPROVED UNDER RECONSIDERATION,3356,Lindsey Horvath,Aye,1
2951,2025-05-22,Board of Directors - Regular Board Meeting,147225,29,2025-0191,APPROVED UNDER RECONSIDERATION,2240,Holly J. Mitchell,Aye,1
2951,2025-05-22,Board of Directors - Regular Board Meeting,147225,29,2025-0191,APPROVED UNDER RECONSIDERATION,288,Ara J. Najarian,Aye,1
2951,2025-05-22,Board of Directors - Regular Board Meeting,147225,29,2025-0191,APPROVED UNDER RECONSIDERATION,3525,Imelda Padilla,Absent,0
2951,2025-05-22,Board of Directors - Regular Board Meeting,147225,29,2025-0191,APPROVED UNDER RECONSIDERATION,2244,Tim Sandoval,Aye,1
2951,2025-05-22,Board of Directors - Regular Board Meeting,147225,29,2025-0191,APPROVED UNDER RECONSIDERATION,290,Hilda L. Solis,Aye,1
2951,2025-05-22,Board of Directors - Regular Board Meeting,147225,29,2025-0191,APPROVED UNDER RECONSIDERATION,3373,Katy Yaroslavsky,Absent,0
2951,2025-05-22,Board of Directors - Regular Board Meeting,147227,19,2024-1112,APPROVED,1981,Janice Hahn,Aye,1
2951,2025-05-22,Board of Directors - Regular Board Meeting,147227,19,2024-1112,APPROVED,2253,Fernando Dutra,Aye,1
2951,2025-05-22,Board of Directors - Regular Board Meeting,147227,19,2024-1112,APPROVED,284,Jacquelyn Dupont-Walker,Aye,1
2951,2025-05-22,Board of Directors - Regular Board Meeting,147227,19,2024-1112,APPROVED,1982,Kathryn Barger,Absent,0
2951,2025-05-22,Board of Directors - Regular Board Meeting,147227,19,2024-1112,APPROVED,3355,Karen Bass,Absent,0
2951,2025-05-22,Board of Directors - Regular Board Meeting,147227,19,2024-1112,APPROVED,1820,James Butts,Absent,0
2951,2025-05-22,Board of Directors - Regular Board Meeting,147227,19,2024-1112,APPROVED,3356,Lindsey Horvath,Aye,1
2951,2025-05-22,Board of Directors - Regular Board Meeting,147227,19,2024-1112,APPROVED,2240,Holly J. Mitchell,Aye,1
2951,2025-05-22,Board of Directors - Regular Board Meeting,147227,19,2024-1112,APPROVED,288,Ara J. Najarian,Aye,1
2951,2025-05-22,Board of Directors - Regular Board Meeting,147227,19,2024-1112,APPROVED,3525,Imelda Padilla,Absent,0
2951,2025-05-22,Board of Directors - Regular Board Meeting,147227,19,2024-1112,APPROVED,2244,Tim Sandoval,Aye,1
2951,2025-05-22,Board of Directors - Regular Board Meeting,147227,19,2024-1112,APPROVED,290,Hilda L. Solis,Aye,1
2951,2025-05-22,Board of Directors - Regular Board Meeting,147227,19,2024-1112,APPROVED,3373,Katy Yaroslavsky,Absent,0
2951,2025-05-22,Board of Directors - Regular Board Meeting,147230,21,2025-0175,APPROVED,1981,Janice Hahn,Aye,1
2951,2025-05-22,Board of Directors - Regular Board Meeting,147230,21,2025-0175,APPROVED,2253,Fernando Dutra,Aye,1
2951,2025-05-22,Board of Directors - Regular Board Meeting,147230,21,2025-0175,APPROVED,284,Jacquelyn Dupont-Walker,Aye,1
2951,2025-05-22,Board of Directors - Regular Board Meeting,147230,21,2025-0175,APPROVED,1982,Kathryn Barger,Absent,0
2951,2025-05-22,Board of Directors - Regular Board Meeting,147230,21,2025-0175,APPROVED,3355,Karen Bass,Absent,0
2951,2025-05-22,Board of Directors - Regular Board Meeting,147230,21,2025-0175,APPROVED,1820,James Butts,Absent,0
2951,2025-05-22,Board of Directors - Regular Board Meeting,147230,21,2025-0175,APPROVED,3356,Lindsey Horvath,Aye,1
2951,2025-05-22,Board of Directors - Regular Board Meeting,147230,21,2025-0175,APPROVED,2240,Holly J. Mitchell,Aye,1
2951,2025-05-22,Board of Directors - Regular Board Meeting,147230,21,2025-0175,APPROVED,288,Ara J. Najarian,Aye,1
2951,2025-05-22,Board of Directors - Regular Board Meeting,147230,21,2025-0175,APPROVED,3525,Imelda Padilla,Absent,0
2951,2025-05-22,Board of Directors - Regular Board Meeting,147230,21,2025-0175,APPROVED,2244,Tim Sandoval,Aye,1
2951,2025-05-22,Board of Directors - Regular Board Meeting,147230,21,2025-0175,APPROVED,290,Hilda L. Solis,Aye,1
2951,2025-05-22,Board of Directors - Regular Board Meeting,147230,21,2025-0175,APPROVED,3373,Katy Yaroslavsky,Absent,0
2951,2025-05-22,Board of Directors - Regular Board Meeting,147232,22,2025-0276,APPROVED,1981,Janice Hahn,Aye,1
2951,2025-05-22,Board of Directors - Regular Board Meeting,147232,22,2025-0276,APPROVED,2253,Fernando Dutra,Aye,1
2951,2025-05-22,Board of Directors - Regular Board Meeting,147232,22,2025-0276,APPROVED,284,Jacquelyn Dupont-Walker,Aye,1
2951,2025-05-22,Board of Directors - Regular Board Meeting,147232,22,2025-0276,APPROVED,1982,Kathryn Barger,Absent,0
2951,2025-05-22,Board of Directors - Regular Board Meeting,147232,22,2025-0276,APPROVED,3355,Karen Bass,Absent,0
2951,2025-05-22,Board of Directors - Regular Board Meeting,147232,22,2025-0276,APPROVED,1820,James Butts,Absent,0
2951,2025-05-22,Board of Directors - Regular Board Meeting,147232,22,2025-0276,APPROVED,3356,Lindsey Horvath,Aye,1
2951,2025-05-22,Board of Directors - Regular Board Meeting,147232,22,2025-0276,APPROVED,2240,Holly J. Mitchell,Aye,1
2951,2025-05-22,Board of Directors - Regular Board Meeting,147232,22,2025-0276,APPROVED,288,Ara J. Najarian,Aye,1
2951,2025-05-22,Board of Directors - Regular Board Meeting,147232,22,2025-0276,APPROVED,3525,Imelda Padilla,Absent,0
2951,2025-05-22,Board of Directors - Regular Board Meeting,147232,22,2025-0276,APPROVED,2244,Tim Sandoval,Aye,1
2951,2025-05-22,Board of Directors - Regular Board Meeting,147232,22,2025-0276,APPROVED,290,Hilda L. Solis,Aye,1
2951,2025-05-22,Board of Directors - Regular Board Meeting,147232,22,2025-0276,APPROVED,3373,Katy Yaroslavsky,Absent,0
2951,2025-05-22,Board of Directors - Regular Board Meeting,147233,18,2025-0183,APPROVED,1981,Janice Hahn,Aye,1
2951,2025-05-22,Board of Directors - Regular Board Meeting,147233,18,2025-0183,APPROVED,2253,Fernando Dutra,Aye,1
2951,2025-05-22,Board of Directors - Regular Board Meeting,147233,18,2025-0183,APPROVED,284,Jacquelyn Dupont-Walker,Aye,1
2951,2025-05-22,Board of Directors - Regular Board Meeting,147233,18,2025-0183,APPROVED,1982,Kathryn Barger,Absent,0
2951,2025-05-22,Board of Directors - Regular Board Meeting,147233,18,2025-0183,APPROVED,3355,Karen Bass,Aye,1
2951,2025-05-22,Board of Directors - Regular Board Meeting,147233,18,2025-0183,APPROVED,1820,James Butts,Absent,0
2951,2025-05-22,Board of Directors - Regular Board Meeting,147233,18,2025-0183,APPROVED,3356,Lindsey Horvath,Aye,1
2951,2025-05-22,Board of Directors - Regular Board Meeting,147233,18,2025-0183,APPROVED,2240,Holly J. Mitchell,Aye,1
2951,2025-05-22,Board of Directors - Regular Board Meeting,147233,18,2025-0183,APPROVED,288,Ara J. Najarian,Aye,1
2951,2025-05-22,Board of Directors - Regular Board Meeting,147233,18,2025-0183,APPROVED,3525,Imelda Padilla,Absent,0
2951,2025-05-22,Board of Directors - Regular Board Meeting,147233,18,2025-0183,APPROVED,2244,Tim Sandoval,Aye,1
2951,2025-05-22,Board of Directors - Regular Board Meeting,147233,18,2025-0183,APPROVED,290,Hilda L. Solis,Aye,1
2951,2025-05-22,Board of Directors - Regular Board Meeting,147233,18,2025-0183,APPROVED,3373,Katy Yaroslavsky,Absent,0
2951,2025-05-22,Board of Directors - Regular Board Meeting,147256,35,2025-0455,APPROVED,1981,Janice Hahn,Aye,1
2951,2025-05-22,Board of Directors - Regular Board Meeting,147256,35,2025-0455,APPROVED,2253,Fernando Dutra,Aye,1
2951,2025-05-22,Board of Directors - Regular Board Meeting,147256,35,2025-0455,APPROVED,284,Jacquelyn Dupont-Walker,Aye,1
2951,2025-05-22,Board of Directors - Regular Board Meeting,147256,35,2025-0455,APPROVED,1982,Kathryn Barger,Absent,0
2951,2025-05-22,Board of Directors - Regular Board Meeting,147256,35,2025-0455,APPROVED,3355,Karen Bass,Aye,1
2951,2025-05-22,Board of Directors - Regular Board Meeting,147256,35,2025-0455,APPROVED,1820,James Butts,Absent,0
2951,2025-05-22,Board of Directors - Regular Board Meeting,147256,35,2025-0455,APPROVED,3356,Lindsey Horvath,Absent,0
2951,2025-05-22,Board of Directors - Regular Board Meeting,147256,35,2025-0455,APPROVED,2240,Holly J. Mitchell,Aye,1
2951,2025-05-22,Board of Directors - Regular Board Meeting,147256,35,2025-0455,APPROVED,288,Ara J. Najarian,Aye,1
2951,2025-05-22,Board of Directors - Regular Board Meeting,147256,35,2025-0455,APPROVED,3525,Imelda Padilla,Absent,0
2951,2025-05-22,Board of Directors - Regular Board Meeting,147256,35,2025-0455,APPROVED,2244,Tim Sandoval,Aye,1
2951,2025-05-22,Board of Directors - Regular Board Meeting,147256,35,2025-0455,APPROVED,290,Hilda L. Solis,Aye,1
2951,2025-05-22,Board of Directors - Regular Board Meeting,147256,35,2025-0455,APPROVED,3373,Katy Yaroslavsky,Absent,0
2951,2025-05-22,Board of Directors - Regular Board Meeting,148871,,,APPROVED ON CONSENT CALENDAR,1981,Janice Hahn,Aye,1
2951,2025-05-22,Board of Directors - Regular Board Meeting,148871,,,APPROVED ON CONSENT CALENDAR,2253,Fernando Dutra,Aye,1
2951,2025-05-22,Board of Directors - Regular Board Meeting,148871,,,APPROVED ON CONSENT CALENDAR,284,Jacquelyn Dupont-Walker,Aye,1
2951,2025-05-22,Board of Directors - Regular Board Meeting,148871,,,APPROVED ON CONSENT CALENDAR,1982,Kathryn Barger,Absent,0
2951,2025-05-22,Board of Directors - Regular Board Meeting,148871,,,APPROVED ON CONSENT CALENDAR,3355,Karen Bass,Absent,0
2951,2025-05-22,Board of Directors - Regular Board Meeting,148871,,,APPROVED ON CONSENT CALENDAR,1820,James Butts,Absent,0
2951,2025-05-22,Board of Directors - Regular Board Meeting,148871,,,APPROVED ON CONSENT CALENDAR,3356,Lindsey Horvath,Aye,1
2951,2025-05-22,Board of Directors - Regular Board Meeting,148871,,,APPROVED ON CONSENT CALENDAR,2240,Holly J. Mitchell,Aye,1
2951,2025-05-22,Board of Directors - Regular Board Meeting,148871,,,APPROVED ON CONSENT CALENDAR,288,Ara J. Najarian,Aye,1
2951,2025-05-22,Board of Directors - Regular Board Meeting,148871,,,APPROVED ON CONSENT CALENDAR,3525,Imelda Padilla,Absent,0
2951,2025-05-22,Board of Directors - Regular Board Meeting,148871,,,APPROVED ON CONSENT CALENDAR,2244,Tim Sandoval,Aye,1
2951,2025-05-22,Board of Directors - Regular Board Meeting,148871,,,APPROVED ON CONSENT CALENDAR,290,Hilda L. Solis,Aye,1
2951,2025-05-22,Board of Directors - Regular Board Meeting,148871,,,APPROVED ON CONSENT CALENDAR,3373,Katy Yaroslavsky,Absent,0
2952,2025-06-26,Board of Directors - Regular Board Meeting,149242,45,2025-0135,APPROVED,1981,Janice Hahn,Aye,1
2952,2025-06-26,Board of Directors - Regular Board Meeting,149242,45,2025-0135,APPROVED,2253,Fernando Dutra,Aye,1
2952,2025-06-26,Board of Directors - Regular Board Meeting,149242,45,2025-0135,APPROVED,284,Jacquelyn Dupont-Walker,Aye,1
2952,2025-06-26,Board of Directors - Regular Board Meeting,149242,45,2025-0135,APPROVED,1982,Kathryn Barger,Aye,1
2952,2025-06-26,Board of Directors - Regular Board Meeting,149242,45,2025-0135,APPROVED,3355,Karen Bass,Aye,1
2952,2025-06-26,Board of Directors - Regular Board Meeting,149242,45,2025-0135,APPROVED,1820,James Butts,Absent,0
2952,2025-06-26,Board of Directors - Regular Board Meeting,149242,45,2025-0135,APPROVED,3356,Lindsey Horvath,Aye,1
2952,2025-06-26,Board of Directors - Regular Board Meeting,149242,45,2025-0135,APPROVED,2240,Holly J. Mitchell,Aye,1
2952,2025-06-26,Board of Directors - Regular Board Meeting,149242,45,2025-0135,APPROVED,288,Ara J. Najarian,Aye,1
2952,2025-06-26,Board of Directors - Regular Board Meeting,149242,45,2025-0135,APPROVED,3525,Imelda Padilla,Aye,1
2952,2025-06-26,Board of Directors - Regular Board Meeting,149242,45,2025-0135,APPROVED,2244,Tim Sandoval,Aye,1
2952,2025-06-26,Board of Directors - Regular Board Meeting,149242,45,2025-0135,APPROVED,290,Hilda L. Solis,Aye,1
2952,2025-06-26,Board of Directors - Regular Board Meeting,149242,45,2025-0135,APPROVED,3373,Katy Yaroslavsky,Aye,1
2952,2025-06-26,Board of Directors - Regular Board Meeting,149297,13,2025-0381,APPROVED,1981,Janice Hahn,Aye,1
2952,2025-06-26,Board of Directors - Regular Board Meeting,149297,13,2025-0381,APPROVED,2253,Fernando Dutra,Aye,1
2952,2025-06-26,Board of Directors - Regular Board Meeting,149297,13,2025-0381,APPROVED,284,Jacquelyn Dupont-Walker,Aye,1
2952,2025-06-26,Board of Directors - Regular Board Meeting,149297,13,2025-0381,APPROVED,1982,Kathryn Barger,Aye,1
2952,2025-06-26,Board of Directors - Regular Board Meeting,149297,13,2025-0381,APPROVED,3355,Karen Bass,Aye,1
2952,2025-06-26,Board of Directors - Regular Board Meeting,149297,13,2025-0381,APPROVED,1820,James Butts,Aye,1
2952,2025-06-26,Board of Directors - Regular Board Meeting,149297,13,2025-0381,APPROVED,3356,Lindsey Horvath,Aye,1
2952,2025-06-26,Board of Directors - Regular Board Meeting,149297,13,2025-0381,APPROVED,2240,Holly J. Mitchell,Aye,1
2952,2025-06-26,Board of Directors - Regular Board Meeting,149297,13,2025-0381,APPROVED,288,Ara J. Najarian,Aye,1
2952,2025-06-26,Board of Directors - Regular Board Meeting,149297,13,2025-0381,APPROVED,3525,Imelda Padilla,Aye,1
2952,2025-06-26,Board of Directors - Regular Board Meeting,149297,13,2025-0381,APPROVED,2244,Tim Sandoval,Aye,1
2952,2025-06-26,Board of Directors - Regular Board Meeting,149297,13,2025-0381,APPROVED,290,Hilda L. Solis,Aye,1
2952,2025-06-26,Board of Directors - Regular Board Meeting,149297,13,2025-0381,APPROVED,3373,Katy Yaroslavsky,Aye,1
2952,2025-06-26,Board of Directors - Regular Board Meeting,149299,2,2025-0537,APPROVED,1981,Janice Hahn,Aye,1
2952,2025-06-26,Board of Directors - Regular Board Meeting,149299,2,2025-0537,APPROVED,2253,Fernando Dutra,Aye,1
2952,2025-06-26,Board of Directors - Regular Board Meeting,149299,2,2025-0537,APPROVED,284,Jacquelyn Dupont-Walker,Aye,1
2952,2025-06-26,Board of Directors - Regular Board Meeting,149299,2,2025-0537,APPROVED,1982,Kathryn Barger,Aye,1
2952,2025-06-26,Board of Directors - Regular Board Meeting,149299,2,2025-0537,APPROVED,3355,Karen Bass,Aye,1
2952,2025-06-26,Board of Directors - Regular Board Meeting,149299,2,2025-0537,APPROVED,1820,James Butts,Aye,1
2952,2025-06-26,Board of Directors - Regular Board Meeting,149299,2,2025-0537,APPROVED,3356,Lindsey Horvath,Aye,1
2952,2025-06-26,Board of Directors - Regular Board Meeting,149299,2,2025-0537,APPROVED,2240,Holly J. Mitchell,Aye,1
2952,2025-06-26,Board of Directors - Regular Board Meeting,149299,2,2025-0537,APPROVED,288,Ara J. Najarian,Aye,1
2952,2025-06-26,Board of Directors - Regular Board Meeting,149299,2,2025-0537,APPROVED,3525,Imelda Padilla,Aye,1
2952,2025-06-26,Board of Directors - Regular Board Meeting,149299,2,2025-0537,APPROVED,2244,Tim Sandoval,Aye,1
2952,2025-06-26,Board of Directors - Regular Board Meeting,149299,2,2025-0537,APPROVED,290,Hilda L. Solis,Aye,1
2952,2025-06-26,Board of Directors - Regular Board Meeting,149299,2,2025-0537,APPROVED,3373,Katy Yaroslavsky,Aye,1
2952,2025-06-26,Board of Directors - Regular Board Meeting,149301,4,2025-0539,RECEIVED,1981,Janice Hahn,Aye,1
2952,2025-06-26,Board of Directors - Regular Board Meeting,149301,4,2025-0539,RECEIVED,2253,Fernando Dutra,Aye,1
2952,2025-06-26,Board of Directors - Regular Board Meeting,149301,4,2025-0539,RECEIVED,284,Jacquelyn Dupont-Walker,Aye,1
2952,2025-06-26,Board of Directors - Regular Board Meeting,149301,4,2025-0539,RECEIVED,1982,Kathryn Barger,Aye,1
2952,2025-06-26,Board of Directors - Regular Board Meeting,149301,4,2025-0539,RECEIVED,3355,Karen Bass,Aye,1
2952,2025-06-26,Board of Directors - Regular Board Meeting,149301,4,2025-0539,RECEIVED,1820,James Butts,Absent,0
2952,2025-06-26,Board of Directors - Regular Board Meeting,149301,4,2025-0539,RECEIVED,3356,Lindsey Horvath,Aye,1
2952,2025-06-26,Board of Directors - Regular Board Meeting,149301,4,2025-0539,RECEIVED,2240,Holly J. Mitchell,Aye,1
2952,2025-06-26,Board of Directors - Regular Board Meeting,149301,4,2025-0539,RECEIVED,288,Ara J. Najarian,Aye,1
2952,2025-06-26,Board of Directors - Regular Board Meeting,149301,4,2025-0539,RECEIVED,3525,Imelda Padilla,Aye,1
2952,2025-06-26,Board of Directors - Regular Board Meeting,149301,4,2025-0539,RECEIVED,2244,Tim Sandoval,Aye,1
2952,2025-06-26,Board of Directors - Regular Board Meeting,149301,4,2025-0539,RECEIVED,290,Hilda L. Solis,Aye,1
2952,2025-06-26,Board of Directors - Regular Board Meeting,149301,4,2025-0539,RECEIVED,3373,Katy Yaroslavsky,Aye,1
2952,2025-06-26,Board of Directors - Regular Board Meeting,149302,3,2025-0538,RECEIVED,1981,Janice Hahn,Aye,1
2952,2025-06-26,Board of Directors - Regular Board Meeting,149302,3,2025-0538,RECEIVED,2253,Fernando Dutra,Aye,1
2952,2025-06-26,Board of Directors - Regular Board Meeting,149302,3,2025-0538,RECEIVED,284,Jacquelyn Dupont-Walker,Aye,1
2952,2025-06-26,Board of Directors - Regular Board Meeting,149302,3,2025-0538,RECEIVED,1982,Kathryn Barger,Aye,1
2952,2025-06-26,Board of Directors - Regular Board Meeting,149302,3,2025-0538,RECEIVED,3355,Karen Bass,Absent,0
2952,2025-06-26,Board of Directors - Regular Board Meeting,149302,3,2025-0538,RECEIVED,1820,James Butts,Aye,1
2952,2025-06-26,Board of Directors - Regular Board Meeting,149302,3,2025-0538,RECEIVED,3356,Lindsey Horvath,Aye,1
2952,2025-06-26,Board of Directors - Regular Board Meeting,149302,3,2025-0538,RECEIVED,2240,Holly J. Mitchell,Aye,1
2952,2025-06-26,Board of Directors - Regular Board Meeting,149302,3,2025-0538,RECEIVED,288,Ara J. Najarian,Aye,1
2952,2025-06-26,Board of Directors - Regular Board Meeting,149302,3,2025-0538,RECEIVED,3525,Imelda Padilla,Aye,1
2952,2025-06-26,Board of Directors - Regular Board Meeting,149302,3,2025-0538,RECEIVED,2244,Tim Sandoval,Aye,1
2952,2025-06-26,Board of Directors - Regular Board Meeting,149302,3,2025-0538,RECEIVED,290,Hilda L. Solis,Aye,1
2952,2025-06-26,Board of Directors - Regular Board Meeting,149302,3,2025-0538,RECEIVED,3373,Katy Yaroslavsky,Aye,1
2952,2025-06-26,Board of Directors - Regular Board Meeting,149320,12,2025-0404,ADOPTED,1981,Janice Hahn,Aye,1
2952,2025-06-26,Board of Directors - Regular Board Meeting,149320,12,2025-0404,ADOPTED,2253,Fernando Dutra,Aye,1
2952,2025-06-26,Board of Directors - Regular Board Meeting,149320,12,2025-0404,ADOPTED,284,Jacquelyn Dupont-Walker,Aye,1
2952,2025-06-26,Board of Directors - Regular Board Meeting,149320,12,2025-0404,ADOPTED,1982,Kathryn Barger,Aye,1
2952,2025-06-26,Board of Directors - Regular Board Meeting,149320,12,2025-0404,ADOPTED,3355,Karen Bass,Aye,1
2952,2025-06-26,Board of Directors - Regular Board Meeting,149320,12,2025-0404,ADOPTED,1820,James Butts,Aye,1
2952,2025-06-26,Board of Directors - Regular Board Meeting,149320,12,2025-0404,ADOPTED,3356,Lindsey Horvath,Aye,1
2952,2025-06-26,Board of Directors - Regular Board Meeting,149320,12,2025-0404,ADOPTED,2240,Holly J. Mitchell,Aye,1
2952,2025-06-26,Board of Directors - Regular Board Meeting,149320,12,2025-0404,ADOPTED,288,Ara J. Najarian,Aye,1
2952,2025-06-26,Board of Directors - Regular Board Meeting,149320,12,2025-0404,ADOPTED,3525,Imelda Padilla,Aye,1
2952,2025-06-26,Board of Directors - Regular Board Meeting,149320,12,2025-0404,ADOPTED,2244,Tim Sandoval,Aye,1
2952,2025-06-26,Board of Directors - Regular Board Meeting,149320,12,2025-0404,ADOPTED,290,Hilda L. Solis,Aye,1
2952,2025-06-26,Board of Directors - Regular Board Meeting,149320,12,2025-0404,ADOPTED,3373,Katy Yaroslavsky,Aye,1
2952,2025-06-26,Board of Directors - Regular Board Meeting,149322,11,2025-0398,ADOPTED,1981,Janice Hahn,Aye,1
2952,2025-06-26,Board of Directors - Regular Board Meeting,149322,11,2025-0398,ADOPTED,2253,Fernando Dutra,Aye,1
2952,2025-06-26,Board of Directors - Regular Board Meeting,149322,11,2025-0398,ADOPTED,284,Jacquelyn Dupont-Walker,Aye,1
2952,2025-06-26,Board of Directors - Regular Board Meeting,149322,11,2025-0398,ADOPTED,1982,Kathryn Barger,Aye,1
2952,2025-06-26,Board of Directors - Regular Board Meeting,149322,11,2025-0398,ADOPTED,3355,Karen Bass,Aye,1
2952,2025-06-26,Board of Directors - Regular Board Meeting,149322,11,2025-0398,ADOPTED,1820,James Butts,Aye,1
2952,2025-06-26,Board of Directors - Regular Board Meeting,149322,11,2025-0398,ADOPTED,3356,Lindsey Horvath,Aye,1
2952,2025-06-26,Board of Directors - Regular Board Meeting,149322,11,2025-0398,ADOPTED,2240,Holly J. Mitchell,Aye,1
2952,2025-06-26,Board of Directors - Regular Board Meeting,149322,11,2025-0398,ADOPTED,288,Ara J. Najarian,Aye,1
2952,2025-06-26,Board of Directors - Regular Board Meeting,149322,11,2025-0398,ADOPTED,3525,Imelda Padilla,Aye,1
2952,2025-06-26,Board of Directors - Regular Board Meeting,149322,11,2025-0398,ADOPTED,2244,Tim Sandoval,Aye,1
2952,2025-06-26,Board of Directors - Regular Board Meeting,149322,11,2025-0398,ADOPTED,290,Hilda L. Solis,Aye,1
2952,2025-06-26,Board of Directors - Regular Board Meeting,149322,11,2025-0398,ADOPTED,3373,Katy Yaroslavsky,Aye,1
2952,2025-06-26,Board of Directors - Regular Board Meeting,149324,10,2025-0211,APPROVED,1981,Janice Hahn,Aye,1
2952,2025-06-26,Board of Directors - Regular Board Meeting,149324,10,2025-0211,APPROVED,2253,Fernando Dutra,Aye,1
2952,2025-06-26,Board of Directors - Regular Board Meeting,149324,10,2025-0211,APPROVED,284,Jacquelyn Dupont-Walker,Aye,1
2952,2025-06-26,Board of Directors - Regular Board Meeting,149324,10,2025-0211,APPROVED,1982,Kathryn Barger,Aye,1
2952,2025-06-26,Board of Directors - Regular Board Meeting,149324,10,2025-0211,APPROVED,3355,Karen Bass,Aye,1
2952,2025-06-26,Board of Directors - Regular Board Meeting,149324,10,2025-0211,APPROVED,1820,James Butts,Aye,1
2952,2025-06-26,Board of Directors - Regular Board Meeting,149324,10,2025-0211,APPROVED,3356,Lindsey Horvath,Aye,1
2952,2025-06-26,Board of Directors - Regular Board Meeting,149324,10,2025-0211,APPROVED,2240,Holly J. Mitchell,Aye,1
2952,2025-06-26,Board of Directors - Regular Board Meeting,149324,10,2025-0211,APPROVED,288,Ara J. Najarian,Aye,1
2952,2025-06-26,Board of Directors - Regular Board Meeting,149324,10,2025-0211,APPROVED,3525,Imelda Padilla,Aye,1
2952,2025-06-26,Board of Directors - Regular Board Meeting,149324,10,2025-0211,APPROVED,2244,Tim Sandoval,Aye,1
2952,2025-06-26,Board of Directors - Regular Board Meeting,149324,10,2025-0211,APPROVED,290,Hilda L. Solis,Aye,1
2952,2025-06-26,Board of Directors - Regular Board Meeting,149324,10,2025-0211,APPROVED,3373,Katy Yaroslavsky,Aye,1
2952,2025-06-26,Board of Directors - Regular Board Meeting,149326,9,2025-0403,ADOPTED,1981,Janice Hahn,Aye,1
2952,2025-06-26,Board of Directors - Regular Board Meeting,149326,9,2025-0403,ADOPTED,2253,Fernando Dutra,Aye,1
2952,2025-06-26,Board of Directors - Regular Board Meeting,149326,9,2025-0403,ADOPTED,284,Jacquelyn Dupont-Walker,Aye,1
2952,2025-06-26,Board of Directors - Regular Board Meeting,149326,9,2025-0403,ADOPTED,1982,Kathryn Barger,Aye,1
2952,2025-06-26,Board of Directors - Regular Board Meeting,149326,9,2025-0403,ADOPTED,3355,Karen Bass,Aye,1
2952,2025-06-26,Board of Directors - Regular Board Meeting,149326,9,2025-0403,ADOPTED,1820,James Butts,Aye,1
2952,2025-06-26,Board of Directors - Regular Board Meeting,149326,9,2025-0403,ADOPTED,3356,Lindsey Horvath,Aye,1
2952,2025-06-26,Board of Directors - Regular Board Meeting,149326,9,2025-0403,ADOPTED,2240,Holly J. Mitchell,Aye,1
2952,2025-06-26,Board of Directors - Regular Board Meeting,149326,9,2025-0403,ADOPTED,288,Ara J. Najarian,Aye,1
2952,2025-06-26,Board of Directors - Regular Board Meeting,149326,9,2025-0403,ADOPTED,3525,Imelda Padilla,Aye,1
2952,2025-06-26,Board of Directors - Regular Board Meeting,149326,9,2025-0403,ADOPTED,2244,Tim Sandoval,Aye,1
2952,2025-06-26,Board of Directors - Regular Board Meeting,149326,9,2025-0403,ADOPTED,290,Hilda L. Solis,Aye,1
2952,2025-06-26,Board of Directors - Regular Board Meeting,149326,9,2025-0403,ADOPTED,3373,Katy Yaroslavsky,Aye,1
2952,2025-06-26,Board of Directors - Regular Board Meeting,149328,8,2025-0292,APPROVED,1981,Janice Hahn,Aye,1
2952,2025-06-26,Board of Directors - Regular Board Meeting,149328,8,2025-0292,APPROVED,2253,Fernando Dutra,Aye,1
2952,2025-06-26,Board of Directors - Regular Board Meeting,149328,8,2025-0292,APPROVED,284,Jacquelyn Dupont-Walker,Aye,1
2952,2025-06-26,Board of Directors - Regular Board Meeting,149328,8,2025-0292,APPROVED,1982,Kathryn Barger,Aye,1
2952,2025-06-26,Board of Directors - Regular Board Meeting,149328,8,2025-0292,APPROVED,3355,Karen Bass,Aye,1
2952,2025-06-26,Board of Directors - Regular Board Meeting,149328,8,2025-0292,APPROVED,1820,James Butts,Aye,1
2952,2025-06-26,Board of Directors - Regular Board Meeting,149328,8,2025-0292,APPROVED,3356,Lindsey Horvath,Aye,1
2952,2025-06-26,Board of Directors - Regular Board Meeting,149328,8,2025-0292,APPROVED,2240,Holly J. Mitchell,Aye,1
2952,2025-06-26,Board of Directors - Regular Board Meeting,149328,8,2025-0292,APPROVED,288,Ara J. Najarian,Aye,1
2952,2025-06-26,Board of Directors - Regular Board Meeting,149328,8,2025-0292,APPROVED,3525,Imelda Padilla,Aye,1
2952,2025-06-26,Board of Directors - Regular Board Meeting,149328,8,2025-0292,APPROVED,2244,Tim Sandoval,Aye,1
2952,2025-06-26,Board of Directors - Regular Board Meeting,149328,8,2025-0292,APPROVED,290,Hilda L. Solis,Aye,1
2952,2025-06-26,Board of Directors - Regular Board Meeting,149328,8,2025-0292,APPROVED,3373,Katy Yaroslavsky,Aye,1
2952,2025-06-26,Board of Directors - Regular Board Meeting,149330,7,2025-0242,APPROVED,1981,Janice Hahn,Aye,1
2952,2025-06-26,Board of Directors - Regular Board Meeting,149330,7,2025-0242,APPROVED,2253,Fernando Dutra,Aye,1
2952,2025-06-26,Board of Directors - Regular Board Meeting,149330,7,2025-0242,APPROVED,284,Jacquelyn Dupont-Walker,Aye,1
2952,2025-06-26,Board of Directors - Regular Board Meeting,149330,7,2025-0242,APPROVED,1982,Kathryn Barger,Aye,1
2952,2025-06-26,Board of Directors - Regular Board Meeting,149330,7,2025-0242,APPROVED,3355,Karen Bass,Aye,1
2952,2025-06-26,Board of Directors - Regular Board Meeting,149330,7,2025-0242,APPROVED,1820,James Butts,Aye,1
2952,2025-06-26,Board of Directors - Regular Board Meeting,149330,7,2025-0242,APPROVED,3356,Lindsey Horvath,Aye,1
2952,2025-06-26,Board of Directors - Regular Board Meeting,149330,7,2025-0242,APPROVED,2240,Holly J. Mitchell,Aye,1
2952,2025-06-26,Board of Directors - Regular Board Meeting,149330,7,2025-0242,APPROVED,288,Ara J. Najarian,Aye,1
2952,2025-06-26,Board of Directors - Regular Board Meeting,149330,7,2025-0242,APPROVED,3525,Imelda Padilla,Aye,1
2952,2025-06-26,Board of Directors - Regular Board Meeting,149330,7,2025-0242,APPROVED,2244,Tim Sandoval,Aye,1
2952,2025-06-26,Board of Directors - Regular Board Meeting,149330,7,2025-0242,APPROVED,290,Hilda L. Solis,Aye,1
2952,2025-06-26,Board of Directors - Regular Board Meeting,149330,7,2025-0242,APPROVED,3373,Katy Yaroslavsky,Aye,1
2952,2025-06-26,Board of Directors - Regular Board Meeting,149332,6,2025-0326,APPROVED,1981,Janice Hahn,Aye,1
2952,2025-06-26,Board of Directors - Regular Board Meeting,149332,6,2025-0326,APPROVED,2253,Fernando Dutra,Aye,1
2952,2025-06-26,Board of Directors - Regular Board Meeting,149332,6,2025-0326,APPROVED,284,Jacquelyn Dupont-Walker,Aye,1
2952,2025-06-26,Board of Directors - Regular Board Meeting,149332,6,2025-0326,APPROVED,1982,Kathryn Barger,Aye,1
2952,2025-06-26,Board of Directors - Regular Board Meeting,149332,6,2025-0326,APPROVED,3355,Karen Bass,Aye,1
2952,2025-06-26,Board of Directors - Regular Board Meeting,149332,6,2025-0326,APPROVED,1820,James Butts,Aye,1
2952,2025-06-26,Board of Directors - Regular Board Meeting,149332,6,2025-0326,APPROVED,3356,Lindsey Horvath,Aye,1
2952,2025-06-26,Board of Directors - Regular Board Meeting,149332,6,2025-0326,APPROVED,2240,Holly J. Mitchell,Aye,1
2952,2025-06-26,Board of Directors - Regular Board Meeting,149332,6,2025-0326,APPROVED,288,Ara J. Najarian,Aye,1
2952,2025-06-26,Board of Directors - Regular Board Meeting,149332,6,2025-0326,APPROVED,3525,Imelda Padilla,Aye,1
2952,2025-06-26,Board of Directors - Regular Board Meeting,149332,6,2025-0326,APPROVED,2244,Tim Sandoval,Aye,1
2952,2025-06-26,Board of Directors - Regular Board Meeting,149332,6,2025-0326,APPROVED,290,Hilda L. Solis,Aye,1
2952,2025-06-26,Board of Directors - Regular Board Meeting,149332,6,2025-0326,APPROVED,3373,Katy Yaroslavsky,Aye,1
2952,2025-06-26,Board of Directors - Regular Board Meeting,149336,26,2025-0119,APPROVED,1981,Janice Hahn,Aye,1
2952,2025-06-26,Board of Directors - Regular Board Meeting,149336,26,2025-0119,APPROVED,2253,Fernando Dutra,Aye,1
2952,2025-06-26,Board of Directors - Regular Board Meeting,149336,26,2025-0119,APPROVED,284,Jacquelyn Dupont-Walker,Aye,1
2952,2025-06-26,Board of Directors - Regular Board Meeting,149336,26,2025-0119,APPROVED,1982,Kathryn Barger,Aye,1
2952,2025-06-26,Board of Directors - Regular Board Meeting,149336,26,2025-0119,APPROVED,3355,Karen Bass,Aye,1
2952,2025-06-26,Board of Directors - Regular Board Meeting,149336,26,2025-0119,APPROVED,1820,James Butts,Aye,1
2952,2025-06-26,Board of Directors - Regular Board Meeting,149336,26,2025-0119,APPROVED,3356,Lindsey Horvath,Aye,1
2952,2025-06-26,Board of Directors - Regular Board Meeting,149336,26,2025-0119,APPROVED,2240,Holly J. Mitchell,Aye,1
2952,2025-06-26,Board of Directors - Regular Board Meeting,149336,26,2025-0119,APPROVED,288,Ara J. Najarian,Aye,1
2952,2025-06-26,Board of Directors - Regular Board Meeting,149336,26,2025-0119,APPROVED,3525,Imelda Padilla,Aye,1
2952,2025-06-26,Board of Directors - Regular Board Meeting,149336,26,2025-0119,APPROVED,2244,Tim Sandoval,Aye,1
2952,2025-06-26,Board of Directors - Regular Board Meeting,149336,26,2025-0119,APPROVED,290,Hilda L. Solis,Aye,1
2952,2025-06-26,Board of Directors - Regular Board Meeting,149336,26,2025-0119,APPROVED,3373,Katy Yaroslavsky,Aye,1
2952,2025-06-26,Board of Directors - Regular Board Meeting,149337,15,2025-0323,APPROVED,1981,Janice Hahn,Aye,1
2952,2025-06-26,Board of Directors - Regular Board Meeting,149337,15,2025-0323,APPROVED,2253,Fernando Dutra,Aye,1
2952,2025-06-26,Board of Directors - Regular Board Meeting,149337,15,2025-0323,APPROVED,284,Jacquelyn Dupont-Walker,Aye,1
2952,2025-06-26,Board of Directors - Regular Board Meeting,149337,15,2025-0323,APPROVED,1982,Kathryn Barger,Aye,1
2952,2025-06-26,Board of Directors - Regular Board Meeting,149337,15,2025-0323,APPROVED,3355,Karen Bass,Aye,1
2952,2025-06-26,Board of Directors - Regular Board Meeting,149337,15,2025-0323,APPROVED,1820,James Butts,Aye,1
2952,2025-06-26,Board of Directors - Regular Board Meeting,149337,15,2025-0323,APPROVED,3356,Lindsey Horvath,Aye,1
2952,2025-06-26,Board of Directors - Regular Board Meeting,149337,15,2025-0323,APPROVED,2240,Holly J. Mitchell,Aye,1
2952,2025-06-26,Board of Directors - Regular Board Meeting,149337,15,2025-0323,APPROVED,288,Ara J. Najarian,Aye,1
2952,2025-06-26,Board of Directors - Regular Board Meeting,149337,15,2025-0323,APPROVED,3525,Imelda Padilla,Aye,1
2952,2025-06-26,Board of Directors - Regular Board Meeting,149337,15,2025-0323,APPROVED,2244,Tim Sandoval,Aye,1
2952,2025-06-26,Board of Directors - Regular Board Meeting,149337,15,2025-0323,APPROVED,290,Hilda L. Solis,Aye,1
2952,2025-06-26,Board of Directors - Regular Board Meeting,149337,15,2025-0323,APPROVED,3373,Katy Yaroslavsky,Aye,1
2952,2025-06-26,Board of Directors - Regular Board Meeting,149339,14,2025-0321,APPROVED,1981,Janice Hahn,Aye,1
2952,2025-06-26,Board of Directors - Regular Board Meeting,149339,14,2025-0321,APPROVED,2253,Fernando Dutra,Aye,1
2952,2025-06-26,Board of Directors - Regular Board Meeting,149339,14,2025-0321,APPROVED,284,Jacquelyn Dupont-Walker,Aye,1
2952,2025-06-26,Board of Directors - Regular Board Meeting,149339,14,2025-0321,APPROVED,1982,Kathryn Barger,Aye,1
2952,2025-06-26,Board of Directors - Regular Board Meeting,149339,14,2025-0321,APPROVED,3355,Karen Bass,Aye,1
2952,2025-06-26,Board of Directors - Regular Board Meeting,149339,14,2025-0321,APPROVED,1820,James Butts,Aye,1
2952,2025-06-26,Board of Directors - Regular Board Meeting,149339,14,2025-0321,APPROVED,3356,Lindsey Horvath,Aye,1
2952,2025-06-26,Board of Directors - Regular Board Meeting,149339,14,2025-0321,APPROVED,2240,Holly J. Mitchell,Aye,1
2952,2025-06-26,Board of Directors - Regular Board Meeting,149339,14,2025-0321,APPROVED,288,Ara J. Najarian,Aye,1
2952,2025-06-26,Board of Directors - Regular Board Meeting,149339,14,2025-0321,APPROVED,3525,Imelda Padilla,Aye,1
2952,2025-06-26,Board of Directors - Regular Board Meeting,149339,14,2025-0321,APPROVED,2244,Tim Sandoval,Aye,1
2952,2025-06-26,Board of Directors - Regular Board Meeting,149339,14,2025-0321,APPROVED,290,Hilda L. Solis,Aye,1
2952,2025-06-26,Board of Directors - Regular Board Meeting,149339,14,2025-0321,APPROVED,3373,Katy Yaroslavsky,Aye,1
2952,2025-06-26,Board of Directors - Regular Board Meeting,149343,25,2025-0374,APPROVED,1981,Janice Hahn,Aye,1
2952,2025-06-26,Board of Directors - Regular Board Meeting,149343,25,2025-0374,APPROVED,2253,Fernando Dutra,Aye,1
2952,2025-06-26,Board of Directors - Regular Board Meeting,149343,25,2025-0374,APPROVED,284,Jacquelyn Dupont-Walker,Aye,1
2952,2025-06-26,Board of Directors - Regular Board Meeting,149343,25,2025-0374,APPROVED,1982,Kathryn Barger,Aye,1
2952,2025-06-26,Board of Directors - Regular Board Meeting,149343,25,2025-0374,APPROVED,3355,Karen Bass,Conflict,0
2952,2025-06-26,Board of Directors - Regular Board Meeting,149343,25,2025-0374,APPROVED,1820,James Butts,Aye,1
2952,2025-06-26,Board of Directors - Regular Board Meeting,149343,25,2025-0374,APPROVED,3356,Lindsey Horvath,Aye,1
2952,2025-06-26,Board of Directors - Regular Board Meeting,149343,25,2025-0374,APPROVED,2240,Holly J. Mitchell,Aye,1
2952,2025-06-26,Board of Directors - Regular Board Meeting,149343,25,2025-0374,APPROVED,288,Ara J. Najarian,Aye,1
2952,2025-06-26,Board of Directors - Regular Board Meeting,149343,25,2025-0374,APPROVED,3525,Imelda Padilla,Aye,1
2952,2025-06-26,Board of Directors - Regular Board Meeting,149343,25,2025-0374,APPROVED,2244,Tim Sandoval,Aye,1
2952,2025-06-26,Board of Directors - Regular Board Meeting,149343,25,2025-0374,APPROVED,290,Hilda L. Solis,Aye,1
2952,2025-06-26,Board of Directors - Regular Board Meeting,149343,25,2025-0374,APPROVED,3373,Katy Yaroslavsky,Aye,1
2952,2025-06-26,Board of Directors - Regular Board Meeting,149346,17,2025-0256,APPROVED,1981,Janice Hahn,Aye,1
2952,2025-06-26,Board of Directors - Regular Board Meeting,149346,17,2025-0256,APPROVED,2253,Fernando Dutra,Aye,1
2952,2025-06-26,Board of Directors - Regular Board Meeting,149346,17,2025-0256,APPROVED,284,Jacquelyn Dupont-Walker,Aye,1
2952,2025-06-26,Board of Directors - Regular Board Meeting,149346,17,2025-0256,APPROVED,1982,Kathryn Barger,Aye,1
2952,2025-06-26,Board of Directors - Regular Board Meeting,149346,17,2025-0256,APPROVED,3355,Karen Bass,Aye,1
2952,2025-06-26,Board of Directors - Regular Board Meeting,149346,17,2025-0256,APPROVED,1820,James Butts,Aye,1
2952,2025-06-26,Board of Directors - Regular Board Meeting,149346,17,2025-0256,APPROVED,3356,Lindsey Horvath,Aye,1
2952,2025-06-26,Board of Directors - Regular Board Meeting,149346,17,2025-0256,APPROVED,2240,Holly J. Mitchell,Aye,1
2952,2025-06-26,Board of Directors - Regular Board Meeting,149346,17,2025-0256,APPROVED,288,Ara J. Najarian,Aye,1
2952,2025-06-26,Board of Directors - Regular Board Meeting,149346,17,2025-0256,APPROVED,3525,Imelda Padilla,Aye,1
2952,2025-06-26,Board of Directors - Regular Board Meeting,149346,17,2025-0256,APPROVED,2244,Tim Sandoval,Aye,1
2952,2025-06-26,Board of Directors - Regular Board Meeting,149346,17,2025-0256,APPROVED,290,Hilda L. Solis,Aye,1
2952,2025-06-26,Board of Directors - Regular Board Meeting,149346,17,2025-0256,APPROVED,3373,Katy Yaroslavsky,Aye,1
2952,2025-06-26,Board of Directors - Regular Board Meeting,149349,24,2025-0407,RECEIVED AND FILED,1981,Janice Hahn,Aye,1
2952,2025-06-26,Board of Directors - Regular Board Meeting,149349,24,2025-0407,RECEIVED AND FILED,2253,Fernando Dutra,Aye,1
2952,2025-06-26,Board of Directors - Regular Board Meeting,149349,24,2025-0407,RECEIVED AND FILED,284,Jacquelyn Dupont-Walker,Aye,1
2952,2025-06-26,Board of Directors - Regular Board Meeting,149349,24,2025-0407,RECEIVED AND FILED,1982,Kathryn Barger,Aye,1
2952,2025-06-26,Board of Directors - Regular Board Meeting,149349,24,2025-0407,RECEIVED AND FILED,3355,Karen Bass,Aye,1
2952,2025-06-26,Board of Directors - Regular Board Meeting,149349,24,2025-0407,RECEIVED AND FILED,1820,James Butts,Aye,1
2952,2025-06-26,Board of Directors - Regular Board Meeting,149349,24,2025-0407,RECEIVED AND FILED,3356,Lindsey Horvath,Aye,1
2952,2025-06-26,Board of Directors - Regular Board Meeting,149349,24,2025-0407,RECEIVED AND FILED,2240,Holly J. Mitchell,Aye,1
2952,2025-06-26,Board of Directors - Regular Board Meeting,149349,24,2025-0407,RECEIVED AND FILED,288,Ara J. Najarian,Aye,1
2952,2025-06-26,Board of Directors - Regular Board Meeting,149349,24,2025-0407,RECEIVED AND FILED,3525,Imelda Padilla,Aye,1
2952,2025-06-26,Board of Directors - Regular Board Meeting,149349,24,2025-0407,RECEIVED AND FILED,2244,Tim Sandoval,Aye,1
2952,2025-06-26,Board of Directors - Regular Board Meeting,149349,24,2025-0407,RECEIVED AND FILED,290,Hilda L. Solis,Aye,1
2952,2025-06-26,Board of Directors - Regular Board Meeting,149349,24,2025-0407,RECEIVED AND FILED,3373,Katy Yaroslavsky,Aye,1
2952,2025-06-26,Board of Directors - Regular Board Meeting,149351,23,2025-0245,APPROVED,1981,Janice Hahn,Aye,1
2952,2025-06-26,Board of Directors - Regular Board Meeting,149351,23,2025-0245,APPROVED,2253,Fernando Dutra,Aye,1
2952,2025-06-26,Board of Directors - Regular Board Meeting,149351,23,2025-0245,APPROVED,284,Jacquelyn Dupont-Walker,Aye,1
2952,2025-06-26,Board of Directors - Regular Board Meeting,149351,23,2025-0245,APPROVED,1982,Kathryn Barger,Aye,1
2952,2025-06-26,Board of Directors - Regular Board Meeting,149351,23,2025-0245,APPROVED,3355,Karen Bass,Conflict,0
2952,2025-06-26,Board of Directors - Regular Board Meeting,149351,23,2025-0245,APPROVED,1820,James Butts,Aye,1
2952,2025-06-26,Board of Directors - Regular Board Meeting,149351,23,2025-0245,APPROVED,3356,Lindsey Horvath,Aye,1
2952,2025-06-26,Board of Directors - Regular Board Meeting,149351,23,2025-0245,APPROVED,2240,Holly J. Mitchell,Aye,1
2952,2025-06-26,Board of Directors - Regular Board Meeting,149351,23,2025-0245,APPROVED,288,Ara J. Najarian,Aye,1
2952,2025-06-26,Board of Directors - Regular Board Meeting,149351,23,2025-0245,APPROVED,3525,Imelda Padilla,Aye,1
2952,2025-06-26,Board of Directors - Regular Board Meeting,149351,23,2025-0245,APPROVED,2244,Tim Sandoval,Aye,1
2952,2025-06-26,Board of Directors - Regular Board Meeting,149351,23,2025-0245,APPROVED,290,Hilda L. Solis,Aye,1
2952,2025-06-26,Board of Directors - Regular Board Meeting,149351,23,2025-0245,APPROVED,3373,Katy Yaroslavsky,Aye,1
2952,2025-06-26,Board of Directors - Regular Board Meeting,149354,22,2025-0239,APPROVED,1981,Janice Hahn,Aye,1
2952,2025-06-26,Board of Directors - Regular Board Meeting,149354,22,2025-0239,APPROVED,2253,Fernando Dutra,Aye,1
2952,2025-06-26,Board of Directors - Regular Board Meeting,149354,22,2025-0239,APPROVED,284,Jacquelyn Dupont-Walker,Aye,1
2952,2025-06-26,Board of Directors - Regular Board Meeting,149354,22,2025-0239,APPROVED,1982,Kathryn Barger,Aye,1
2952,2025-06-26,Board of Directors - Regular Board Meeting,149354,22,2025-0239,APPROVED,3355,Karen Bass,Conflict,0
2952,2025-06-26,Board of Directors - Regular Board Meeting,149354,22,2025-0239,APPROVED,1820,James Butts,Aye,1
2952,2025-06-26,Board of Directors - Regular Board Meeting,149354,22,2025-0239,APPROVED,3356,Lindsey Horvath,Aye,1
2952,2025-06-26,Board of Directors - Regular Board Meeting,149354,22,2025-0239,APPROVED,2240,Holly J. Mitchell,Aye,1
2952,2025-06-26,Board of Directors - Regular Board Meeting,149354,22,2025-0239,APPROVED,288,Ara J. Najarian,Aye,1
2952,2025-06-26,Board of Directors - Regular Board Meeting,149354,22,2025-0239,APPROVED,3525,Imelda Padilla,Aye,1
2952,2025-06-26,Board of Directors - Regular Board Meeting,149354,22,2025-0239,APPROVED,2244,Tim Sandoval,Aye,1
2952,2025-06-26,Board of Directors - Regular Board Meeting,149354,22,2025-0239,APPROVED,290,Hilda L. Solis,Aye,1
2952,2025-06-26,Board of Directors - Regular Board Meeting,149354,22,2025-0239,APPROVED,3373,Katy Yaroslavsky,Aye,1
2952,2025-06-26,Board of Directors - Regular Board Meeting,149356,32,2025-0163,APPROVED,1981,Janice Hahn,Aye,1
2952,2025-06-26,Board of Directors - Regular Board Meeting,149356,32,2025-0163,APPROVED,2253,Fernando Dutra,Aye,1
2952,2025-06-26,Board of Directors - Regular Board Meeting,149356,32,2025-0163,APPROVED,284,Jacquelyn Dupont-Walker,Aye,1
2952,2025-06-26,Board of Directors - Regular Board Meeting,149356,32,2025-0163,APPROVED,1982,Kathryn Barger,Aye,1
2952,2025-06-26,Board of Directors - Regular Board Meeting,149356,32,2025-0163,APPROVED,3355,Karen Bass,Aye,1
2952,2025-06-26,Board of Directors - Regular Board Meeting,149356,32,2025-0163,APPROVED,1820,James Butts,Aye,1
2952,2025-06-26,Board of Directors - Regular Board Meeting,149356,32,2025-0163,APPROVED,3356,Lindsey Horvath,Aye,1
2952,2025-06-26,Board of Directors - Regular Board Meeting,149356,32,2025-0163,APPROVED,2240,Holly J. Mitchell,Aye,1
2952,2025-06-26,Board of Directors - Regular Board Meeting,149356,32,2025-0163,APPROVED,288,Ara J. Najarian,Aye,1
2952,2025-06-26,Board of Directors - Regular Board Meeting,149356,32,2025-0163,APPROVED,3525,Imelda Padilla,Aye,1
2952,2025-06-26,Board of Directors - Regular Board Meeting,149356,32,2025-0163,APPROVED,2244,Tim Sandoval,Aye,1
2952,2025-06-26,Board of Directors - Regular Board Meeting,149356,32,2025-0163,APPROVED,290,Hilda L. Solis,Aye,1
2952,2025-06-26,Board of Directors - Regular Board Meeting,149356,32,2025-0163,APPROVED,3373,Katy Yaroslavsky,Aye,1
2952,2025-06-26,Board of Directors - Regular Board Meeting,149360,31,2025-0340,APPROVED,1981,Janice Hahn,Aye,1
2952,2025-06-26,Board of Directors - Regular Board Meeting,149360,31,2025-0340,APPROVED,2253,Fernando Dutra,Aye,1
2952,2025-06-26,Board of Directors - Regular Board Meeting,149360,31,2025-0340,APPROVED,284,Jacquelyn Dupont-Walker,Aye,1
2952,2025-06-26,Board of Directors - Regular Board Meeting,149360,31,2025-0340,APPROVED,1982,Kathryn Barger,Aye,1
2952,2025-06-26,Board of Directors - Regular Board Meeting,149360,31,2025-0340,APPROVED,3355,Karen Bass,Aye,1
2952,2025-06-26,Board of Directors - Regular Board Meeting,149360,31,2025-0340,APPROVED,1820,James Butts,Aye,1
2952,2025-06-26,Board of Directors - Regular Board Meeting,149360,31,2025-0340,APPROVED,3356,Lindsey Horvath,Aye,1
2952,2025-06-26,Board of Directors - Regular Board Meeting,149360,31,2025-0340,APPROVED,2240,Holly J. Mitchell,Aye,1
2952,2025-06-26,Board of Directors - Regular Board Meeting,149360,31,2025-0340,APPROVED,288,Ara J. Najarian,Aye,1
2952,2025-06-26,Board of Directors - Regular Board Meeting,149360,31,2025-0340,APPROVED,3525,Imelda Padilla,Aye,1
2952,2025-06-26,Board of Directors - Regular Board Meeting,149360,31,2025-0340,APPROVED,2244,Tim Sandoval,Aye,1
2952,2025-06-26,Board of Directors - Regular Board Meeting,149360,31,2025-0340,APPROVED,290,Hilda L. Solis,Aye,1
2952,2025-06-26,Board of Directors - Regular Board Meeting,149360,31,2025-0340,APPROVED,3373,Katy Yaroslavsky,Aye,1
2952,2025-06-26,Board of Directors - Regular Board Meeting,149362,30,2025-0335,APPROVED,1981,Janice Hahn,Aye,1
2952,2025-06-26,Board of Directors - Regular Board Meeting,149362,30,2025-0335,APPROVED,2253,Fernando Dutra,Aye,1
2952,2025-06-26,Board of Directors - Regular Board Meeting,149362,30,2025-0335,APPROVED,284,Jacquelyn Dupont-Walker,Aye,1
2952,2025-06-26,Board of Directors - Regular Board Meeting,149362,30,2025-0335,APPROVED,1982,Kathryn Barger,Aye,1
2952,2025-06-26,Board of Directors - Regular Board Meeting,149362,30,2025-0335,APPROVED,3355,Karen Bass,Aye,1
2952,2025-06-26,Board of Directors - Regular Board Meeting,149362,30,2025-0335,APPROVED,1820,James Butts,Aye,1
2952,2025-06-26,Board of Directors - Regular Board Meeting,149362,30,2025-0335,APPROVED,3356,Lindsey Horvath,Aye,1
2952,2025-06-26,Board of Directors - Regular Board Meeting,149362,30,2025-0335,APPROVED,2240,Holly J. Mitchell,Aye,1
2952,2025-06-26,Board of Directors - Regular Board Meeting,149362,30,2025-0335,APPROVED,288,Ara J. Najarian,Aye,1
2952,2025-06-26,Board of Directors - Regular Board Meeting,149362,30,2025-0335,APPROVED,3525,Imelda Padilla,Aye,1
2952,2025-06-26,Board of Directors - Regular Board Meeting,149362,30,2025-0335,APPROVED,2244,Tim Sandoval,Aye,1
2952,2025-06-26,Board of Directors - Regular Board Meeting,149362,30,2025-0335,APPROVED,290,Hilda L. Solis,Aye,1
2952,2025-06-26,Board of Directors - Regular Board Meeting,149362,30,2025-0335,APPROVED,3373,Katy Yaroslavsky,Aye,1
2952,2025-06-26,Board of Directors - Regular Board Meeting,149364,29,2025-0331,APPROVED,1981,Janice Hahn,Aye,1
2952,2025-06-26,Board of Directors - Regular Board Meeting,149364,29,2025-0331,APPROVED,2253,Fernando Dutra,Aye,1
2952,2025-06-26,Board of Directors - Regular Board Meeting,149364,29,2025-0331,APPROVED,284,Jacquelyn Dupont-Walker,Aye,1
2952,2025-06-26,Board of Directors - Regular Board Meeting,149364,29,2025-0331,APPROVED,1982,Kathryn Barger,Aye,1
2952,2025-06-26,Board of Directors - Regular Board Meeting,149364,29,2025-0331,APPROVED,3355,Karen Bass,Aye,1
2952,2025-06-26,Board of Directors - Regular Board Meeting,149364,29,2025-0331,APPROVED,1820,James Butts,Aye,1
2952,2025-06-26,Board of Directors - Regular Board Meeting,149364,29,2025-0331,APPROVED,3356,Lindsey Horvath,Aye,1
2952,2025-06-26,Board of Directors - Regular Board Meeting,149364,29,2025-0331,APPROVED,2240,Holly J. Mitchell,Aye,1
2952,2025-06-26,Board of Directors - Regular Board Meeting,149364,29,2025-0331,APPROVED,288,Ara J. Najarian,Aye,1
2952,2025-06-26,Board of Directors - Regular Board Meeting,149364,29,2025-0331,APPROVED,3525,Imelda Padilla,Aye,1
2952,2025-06-26,Board of Directors - Regular Board Meeting,149364,29,2025-0331,APPROVED,2244,Tim Sandoval,Aye,1
2952,2025-06-26,Board of Directors - Regular Board Meeting,149364,29,2025-0331,APPROVED,290,Hilda L. Solis,Aye,1
2952,2025-06-26,Board of Directors - Regular Board Meeting,149364,29,2025-0331,APPROVED,3373,Katy Yaroslavsky,Aye,1
2952,2025-06-26,Board of Directors - Regular Board Meeting,149366,28,2025-0275,APPROVED,1981,Janice Hahn,Aye,1
2952,2025-06-26,Board of Directors - Regular Board Meeting,149366,28,2025-0275,APPROVED,2253,Fernando Dutra,Aye,1
2952,2025-06-26,Board of Directors - Regular Board Meeting,149366,28,2025-0275,APPROVED,284,Jacquelyn Dupont-Walker,Aye,1
2952,2025-06-26,Board of Directors - Regular Board Meeting,149366,28,2025-0275,APPROVED,1982,Kathryn Barger,Aye,1
2952,2025-06-26,Board of Directors - Regular Board Meeting,149366,28,2025-0275,APPROVED,3355,Karen Bass,Aye,1
2952,2025-06-26,Board of Directors - Regular Board Meeting,149366,28,2025-0275,APPROVED,1820,James Butts,Aye,1
2952,2025-06-26,Board of Directors - Regular Board Meeting,149366,28,2025-0275,APPROVED,3356,Lindsey Horvath,Aye,1
2952,2025-06-26,Board of Directors - Regular Board Meeting,149366,28,2025-0275,APPROVED,2240,Holly J. Mitchell,Aye,1
2952,2025-06-26,Board of Directors - Regular Board Meeting,149366,28,2025-0275,APPROVED,288,Ara J. Najarian,Aye,1
2952,2025-06-26,Board of Directors - Regular Board Meeting,149366,28,2025-0275,APPROVED,3525,Imelda Padilla,Aye,1
2952,2025-06-26,Board of Directors - Regular Board Meeting,149366,28,2025-0275,APPROVED,2244,Tim Sandoval,Aye,1
2952,2025-06-26,Board of Directors - Regular Board Meeting,149366,28,2025-0275,APPROVED,290,Hilda L. Solis,Aye,1
2952,2025-06-26,Board of Directors - Regular Board Meeting,149366,28,2025-0275,APPROVED,3373,Katy Yaroslavsky,Aye,1
2952,2025-06-26,Board of Directors - Regular Board Meeting,149368,27,2025-0267,RECEIVED AND FILED,1981,Janice Hahn,Aye,1
2952,2025-06-26,Board of Directors - Regular Board Meeting,149368,27,2025-0267,RECEIVED AND FILED,2253,Fernando Dutra,Aye,1
2952,2025-06-26,Board of Directors - Regular Board Meeting,149368,27,2025-0267,RECEIVED AND FILED,284,Jacquelyn Dupont-Walker,Aye,1
2952,2025-06-26,Board of Directors - Regular Board Meeting,149368,27,2025-0267,RECEIVED AND FILED,1982,Kathryn Barger,Aye,1
2952,2025-06-26,Board of Directors - Regular Board Meeting,149368,27,2025-0267,RECEIVED AND FILED,3355,Karen Bass,Aye,1
2952,2025-06-26,Board of Directors - Regular Board Meeting,149368,27,2025-0267,RECEIVED AND FILED,1820,James Butts,Aye,1
2952,2025-06-26,Board of Directors - Regular Board Meeting,149368,27,2025-0267,RECEIVED AND FILED,3356,Lindsey Horvath,Aye,1
2952,2025-06-26,Board of Directors - Regular Board Meeting,149368,27,2025-0267,RECEIVED AND FILED,2240,Holly J. Mitchell,Aye,1
2952,2025-06-26,Board of Directors - Regular Board Meeting,149368,27,2025-0267,RECEIVED AND FILED,288,Ara J. Najarian,Aye,1
2952,2025-06-26,Board of Directors - Regular Board Meeting,149368,27,2025-0267,RECEIVED AND FILED,3525,Imelda Padilla,Aye,1
2952,2025-06-26,Board of Directors - Regular Board Meeting,149368,27,2025-0267,RECEIVED AND FILED,2244,Tim Sandoval,Aye,1
2952,2025-06-26,Board of Directors - Regular Board Meeting,149368,27,2025-0267,RECEIVED AND FILED,290,Hilda L. Solis,Aye,1
2952,2025-06-26,Board of Directors - Regular Board Meeting,149368,27,2025-0267,RECEIVED AND FILED,3373,Katy Yaroslavsky,Aye,1
2952,2025-06-26,Board of Directors - Regular Board Meeting,149382,42,2025-0546,APPROVED,1981,Janice Hahn,Aye,1
2952,2025-06-26,Board of Directors - Regular Board Meeting,149382,42,2025-0546,APPROVED,2253,Fernando Dutra,Aye,1
2952,2025-06-26,Board of Directors - Regular Board Meeting,149382,42,2025-0546,APPROVED,284,Jacquelyn Dupont-Walker,Aye,1
2952,2025-06-26,Board of Directors - Regular Board Meeting,149382,42,2025-0546,APPROVED,1982,Kathryn Barger,Aye,1
2952,2025-06-26,Board of Directors - Regular Board Meeting,149382,42,2025-0546,APPROVED,3355,Karen Bass,Absent,0
2952,2025-06-26,Board of Directors - Regular Board Meeting,149382,42,2025-0546,APPROVED,1820,James Butts,Absent,0
2952,2025-06-26,Board of Directors - Regular Board Meeting,149382,42,2025-0546,APPROVED,3356,Lindsey Horvath,Absent,0
2952,2025-06-26,Board of Directors - Regular Board Meeting,149382,42,2025-0546,APPROVED,2240,Holly J. Mitchell,Aye,1
2952,2025-06-26,Board of Directors - Regular Board Meeting,149382,42,2025-0546,APPROVED,288,Ara J. Najarian,Aye,1
2952,2025-06-26,Board of Directors - Regular Board Meeting,149382,42,2025-0546,APPROVED,3525,Imelda Padilla,Absent,0
2952,2025-06-26,Board of Directors - Regular Board Meeting,149382,42,2025-0546,APPROVED,2244,Tim Sandoval,Aye,1
2952,2025-06-26,Board of Directors - Regular Board Meeting,149382,42,2025-0546,APPROVED,290,Hilda L. Solis,Aye,1
2952,2025-06-26,Board of Directors - Regular Board Meeting,149382,42,2025-0546,APPROVED,3373,Katy Yaroslavsky,Aye,1
2952,2025-06-26,Board of Directors - Regular Board Meeting,149383,43,2025-0545,RECEIVED,1981,Janice Hahn,Aye,1
2952,2025-06-26,Board of Directors - Regular Board Meeting,149383,43,2025-0545,RECEIVED,2253,Fernando Dutra,Aye,1
2952,2025-06-26,Board of Directors - Regular Board Meeting,149383,43,2025-0545,RECEIVED,284,Jacquelyn Dupont-Walker,Aye,1
2952,2025-06-26,Board of Directors - Regular Board Meeting,149383,43,2025-0545,RECEIVED,1982,Kathryn Barger,Aye,1
2952,2025-06-26,Board of Directors - Regular Board Meeting,149383,43,2025-0545,RECEIVED,3355,Karen Bass,Absent,0
2952,2025-06-26,Board of Directors - Regular Board Meeting,149383,43,2025-0545,RECEIVED,1820,James Butts,Absent,0
2952,2025-06-26,Board of Directors - Regular Board Meeting,149383,43,2025-0545,RECEIVED,3356,Lindsey Horvath,Absent,0
2952,2025-06-26,Board of Directors - Regular Board Meeting,149383,43,2025-0545,RECEIVED,2240,Holly J. Mitchell,Aye,1
2952,2025-06-26,Board of Directors - Regular Board Meeting,149383,43,2025-0545,RECEIVED,288,Ara J. Najarian,Aye,1
2952,2025-06-26,Board of Directors - Regular Board Meeting,149383,43,2025-0545,RECEIVED,3525,Imelda Padilla,Aye,1
2952,2025-06-26,Board of Directors - Regular Board Meeting,149383,43,2025-0545,RECEIVED,2244,Tim Sandoval,Aye,1
2952,2025-06-26,Board of Directors - Regular Board Meeting,149383,43,2025-0545,RECEIVED,290,Hilda L. Solis,Aye,1
2952,2025-06-26,Board of Directors - Regular Board Meeting,149383,43,2025-0545,RECEIVED,3373,Katy Yaroslavsky,Aye,1
2952,2025-06-26,Board of Directors - Regular Board Meeting,149387,,2025-0556,APPROVED,1981,Janice Hahn,Aye,1
2952,2025-06-26,Board of Directors - Regular Board Meeting,149387,,2025-0556,APPROVED,2253,Fernando Dutra,Aye,1
2952,2025-06-26,Board of Directors - Regular Board Meeting,149387,,2025-0556,APPROVED,284,Jacquelyn Dupont-Walker,Aye,1
2952,2025-06-26,Board of Directors - Regular Board Meeting,149387,,2025-0556,APPROVED,1982,Kathryn Barger,Aye,1
2952,2025-06-26,Board of Directors - Regular Board Meeting,149387,,2025-0556,APPROVED,3355,Karen Bass,Absent,0
2952,2025-06-26,Board of Directors - Regular Board Meeting,149387,,2025-0556,APPROVED,1820,James Butts,Absent,0
2952,2025-06-26,Board of Directors - Regular Board Meeting,149387,,2025-0556,APPROVED,3356,Lindsey Horvath,Absent,0
2952,2025-06-26,Board of Directors - Regular Board Meeting,149387,,2025-0556,APPROVED,2240,Holly J. Mitchell,Aye,1
2952,2025-06-26,Board of Directors - Regular Board Meeting,149387,,2025-0556,APPROVED,288,Ara J. Najarian,Aye,1
2952,2025-06-26,Board of Directors - Regular Board Meeting,149387,,2025-0556,APPROVED,3525,Imelda Padilla,Aye,1
2952,2025-06-26,Board of Directors - Regular Board Meeting,149387,,2025-0556,APPROVED,2244,Tim Sandoval,Aye,1
2952,2025-06-26,Board of Directors - Regular Board Meeting,149387,,2025-0556,APPROVED,290,Hilda L. Solis,Aye,1
2952,2025-06-26,Board of Directors - Regular Board Meeting,149387,,2025-0556,APPROVED,3373,Katy Yaroslavsky,Aye,1
2952,2025-06-26,Board of Directors - Regular Board Meeting,149388,46,2025-0307,APPROVED,1981,Janice Hahn,Aye,1
2952,2025-06-26,Board of Directors - Regular Board Meeting,149388,46,2025-0307,APPROVED,2253,Fernando Dutra,Aye,1
2952,2025-06-26,Board of Directors - Regular Board Meeting,149388,46,2025-0307,APPROVED,284,Jacquelyn Dupont-Walker,Aye,1
2952,2025-06-26,Board of Directors - Regular Board Meeting,149388,46,2025-0307,APPROVED,1982,Kathryn Barger,Aye,1
2952,2025-06-26,Board of Directors - Regular Board Meeting,149388,46,2025-0307,APPROVED,3355,Karen Bass,Absent,0
2952,2025-06-26,Board of Directors - Regular Board Meeting,149388,46,2025-0307,APPROVED,1820,James Butts,Absent,0
2952,2025-06-26,Board of Directors - Regular Board Meeting,149388,46,2025-0307,APPROVED,3356,Lindsey Horvath,Absent,0
2952,2025-06-26,Board of Directors - Regular Board Meeting,149388,46,2025-0307,APPROVED,2240,Holly J. Mitchell,Aye,1
2952,2025-06-26,Board of Directors - Regular Board Meeting,149388,46,2025-0307,APPROVED,288,Ara J. Najarian,Aye,1
2952,2025-06-26,Board of Directors - Regular Board Meeting,149388,46,2025-0307,APPROVED,3525,Imelda Padilla,Absent,0
2952,2025-06-26,Board of Directors - Regular Board Meeting,149388,46,2025-0307,APPROVED,2244,Tim Sandoval,Aye,1
2952,2025-06-26,Board of Directors - Regular Board Meeting,149388,46,2025-0307,APPROVED,290,Hilda L. Solis,Aye,1
2952,2025-06-26,Board of Directors - Regular Board Meeting,149388,46,2025-0307,APPROVED,3373,Katy Yaroslavsky,Aye,1
2952,2025-06-26,Board of Directors - Regular Board Meeting,151292,,,APPROVED ON CONSENT CALENDAR,1981,Janice Hahn,Aye,1
2952,2025-06-26,Board of Directors - Regular Board Meeting,151292,,,APPROVED ON CONSENT CALENDAR,2253,Fernando Dutra,Aye,1
2952,2025-06-26,Board of Directors - Regular Board Meeting,151292,,,APPROVED ON CONSENT CALENDAR,284,Jacquelyn Dupont-Walker,Aye,1
2952,2025-06-26,Board of Directors - Regular Board Meeting,151292,,,APPROVED ON CONSENT CALENDAR,1982,Kathryn Barger,Aye,1
2952,2025-06-26,Board of Directors - Regular Board Meeting,151292,,,APPROVED ON CONSENT CALENDAR,3355,Karen Bass,Aye,1
2952,2025-06-26,Board of Directors - Regular Board Meeting,151292,,,APPROVED ON CONSENT CALENDAR,1820,James Butts,Aye,1
2952,2025-06-26,Board of Directors - Regular Board Meeting,151292,,,APPROVED ON CONSENT CALENDAR,3356,Lindsey Horvath,Aye,1
2952,2025-06-26,Board of Directors - Regular Board Meeting,151292,,,APPROVED ON CONSENT CALENDAR,2240,Holly J. Mitchell,Aye,1
2952,2025-06-26,Board of Directors - Regular Board Meeting,151292,,,APPROVED ON CONSENT CALENDAR,288,Ara J. Najarian,Aye,1
2952,2025-06-26,Board of Directors - Regular Board Meeting,151292,,,APPROVED ON CONSENT CALENDAR,3525,Imelda Padilla,Aye,1
2952,2025-06-26,Board of Directors - Regular Board Meeting,151292,,,APPROVED ON CONSENT CALENDAR,2244,Tim Sandoval,Aye,1
2952,2025-06-26,Board of Directors - Regular Board Meeting,151292,,,APPROVED ON CONSENT CALENDAR,290,Hilda L. Solis,Aye,1
2952,2025-06-26,Board of Directors - Regular Board Meeting,151292,,,APPROVED ON CONSENT CALENDAR,3373,Katy Yaroslavsky,Aye,1
3172,2025-05-22,LA SAFE,146612,1,2025-0441,APPROVED,1981,Janice Hahn,Aye,1
3172,2025-05-22,LA SAFE,146612,1,2025-0441,APPROVED,2253,Fernando Dutra,Aye,1
3172,2025-05-22,LA SAFE,146612,1,2025-0441,APPROVED,284,Jacquelyn Dupont-Walker,Aye,1
3172,2025-05-22,LA SAFE,146612,1,2025-0441,APPROVED,1982,Kathryn Barger,Absent,0
3172,2025-05-22,LA SAFE,146612,1,2025-0441,APPROVED,3355,Karen Bass,Absent,0
3172,2025-05-22,LA SAFE,146612,1,2025-0441,APPROVED,1820,James Butts,Absent,0
3172,2025-05-22,LA SAFE,146612,1,2025-0441,APPROVED,3356,Lindsey Horvath,Aye,1
3172,2025-05-22,LA SAFE,146612,1,2025-0441,APPROVED,2240,Holly J. Mitchell,Aye,1
3172,2025-05-22,LA SAFE,146612,1,2025-0441,APPROVED,288,Ara J. Najarian,Aye,1
3172,2025-05-22,LA SAFE,146612,1,2025-0441,APPROVED,3525,Imelda Padilla,Absent,0
3172,2025-05-22,LA SAFE,146612,1,2025-0441,APPROVED,2244,Tim Sandoval,Aye,1
3172,2025-05-22,LA SAFE,146612,1,2025-0441,APPROVED,290,Hilda L. Solis,Aye,1
3172,2025-05-22,LA SAFE,146612,1,2025-0441,APPROVED,3373,Katy Yaroslavsky,Absent,0
3172,2025-05-22,LA SAFE,146613,2,2025-0227,ADOPTED,1981,Janice Hahn,Aye,1
3172,2025-05-22,LA SAFE,146613,2,2025-0227,ADOPTED,2253,Fernando Dutra,Aye,1
3172,2025-05-22,LA SAFE,146613,2,2025-0227,ADOPTED,284,Jacquelyn Dupont-Walker,Aye,1
3172,2025-05-22,LA SAFE,146613,2,2025-0227,ADOPTED,1982,Kathryn Barger,Absent,0
3172,2025-05-22,LA SAFE,146613,2,2025-0227,ADOPTED,3355,Karen Bass,Absent,0
3172,2025-05-22,LA SAFE,146613,2,2025-0227,ADOPTED,1820,James Butts,Absent,0
3172,2025-05-22,LA SAFE,146613,2,2025-0227,ADOPTED,3356,Lindsey Horvath,Aye,1
3172,2025-05-22,LA SAFE,146613,2,2025-0227,ADOPTED,2240,Holly J. Mitchell,Aye,1
3172,2025-05-22,LA SAFE,146613,2,2025-0227,ADOPTED,288,Ara J. Najarian,Aye,1
3172,2025-05-22,LA SAFE,146613,2,2025-0227,ADOPTED,3525,Imelda Padilla,Absent,0
3172,2025-05-22,LA SAFE,146613,2,2025-0227,ADOPTED,2244,Tim Sandoval,Aye,1
3172,2025-05-22,LA SAFE,146613,2,2025-0227,ADOPTED,290,Hilda L. Solis,Aye,1
3172,2025-05-22,LA SAFE,146613,2,2025-0227,ADOPTED,3373,Katy Yaroslavsky,Absent,0
3196,2025-07-24,Board of Directors - Regular Board Meeting,151217,47,2025-0452,ADOPTED,2253,Fernando Dutra,Aye,1
3196,2025-07-24,Board of Directors - Regular Board Meeting,151217,47,2025-0452,ADOPTED,284,Jacquelyn Dupont-Walker,Aye,1
3196,2025-07-24,Board of Directors - Regular Board Meeting,151217,47,2025-0452,ADOPTED,1982,Kathryn Barger,Aye,1
3196,2025-07-24,Board of Directors - Regular Board Meeting,151217,47,2025-0452,ADOPTED,3355,Karen Bass,Absent,0
3196,2025-07-24,Board of Directors - Regular Board Meeting,151217,47,2025-0452,ADOPTED,1820,James Butts,Aye,1
3196,2025-07-24,Board of Directors - Regular Board Meeting,151217,47,2025-0452,ADOPTED,1981,Janice Hahn,Aye,1
3196,2025-07-24,Board of Directors - Regular Board Meeting,151217,47,2025-0452,ADOPTED,3356,Lindsey Horvath,Absent,0
3196,2025-07-24,Board of Directors - Regular Board Meeting,151217,47,2025-0452,ADOPTED,2240,Holly J. Mitchell,Aye,1
3196,2025-07-24,Board of Directors - Regular Board Meeting,151217,47,2025-0452,ADOPTED,288,Ara J. Najarian,Aye,1
3196,2025-07-24,Board of Directors - Regular Board Meeting,151217,47,2025-0452,ADOPTED,3525,Imelda Padilla,Aye,1
3196,2025-07-24,Board of Directors - Regular Board Meeting,151217,47,2025-0452,ADOPTED,2244,Tim Sandoval,Aye,1
3196,2025-07-24,Board of Directors - Regular Board Meeting,151217,47,2025-0452,ADOPTED,290,Hilda L. Solis,Aye,1
3196,2025-07-24,Board of Directors - Regular Board Meeting,151217,47,2025-0452,ADOPTED,3373,Katy Yaroslavsky,Aye,1
3196,2025-07-24,Board of Directors - Regular Board Meeting,151218,46,2025-0415,ADOPTED,2253,Fernando Dutra,Aye,1
3196,2025-07-24,Board of Directors - Regular Board Meeting,151218,46,2025-0415,ADOPTED,284,Jacquelyn Dupont-Walker,Aye,1
3196,2025-07-24,Board of Directors - Regular Board Meeting,151218,46,2025-0415,ADOPTED,1982,Kathryn Barger,Aye,1
3196,2025-07-24,Board of Directors - Regular Board Meeting,151218,46,2025-0415,ADOPTED,3355,Karen Bass,Absent,0
3196,2025-07-24,Board of Directors - Regular Board Meeting,151218,46,2025-0415,ADOPTED,1820,James Butts,Aye,1
3196,2025-07-24,Board of Directors - Regular Board Meeting,151218,46,2025-0415,ADOPTED,1981,Janice Hahn,Aye,1
3196,2025-07-24,Board of Directors - Regular Board Meeting,151218,46,2025-0415,ADOPTED,3356,Lindsey Horvath,Absent,0
3196,2025-07-24,Board of Directors - Regular Board Meeting,151218,46,2025-0415,ADOPTED,2240,Holly J. Mitchell,Aye,1
3196,2025-07-24,Board of Directors - Regular Board Meeting,151218,46,2025-0415,ADOPTED,288,Ara J. Najarian,Aye,1
3196,2025-07-24,Board of Directors - Regular Board Meeting,151218,46,2025-0415,ADOPTED,3525,Imelda Padilla,Aye,1
3196,2025-07-24,Board of Directors - Regular Board Meeting,151218,46,2025-0415,ADOPTED,2244,Tim Sandoval,Aye,1
3196,2025-07-24,Board of Directors - Regular Board Meeting,151218,46,2025-0415,ADOPTED,290,Hilda L. Solis,Aye,1
3196,2025-07-24,Board of Directors - Regular Board Meeting,151218,46,2025-0415,ADOPTED,3373,Katy Yaroslavsky,Aye,1
3196,2025-07-24,Board of Directors - Regular Board Meeting,151221,2,2025-0589,APPROVED,2253,Fernando Dutra,Aye,1
3196,2025-07-24,Board of Directors - Regular Board Meeting,151221,2,2025-0589,APPROVED,284,Jacquelyn Dupont-Walker,Aye,1
3196,2025-07-24,Board of Directors - Regular Board Meeting,151221,2,2025-0589,APPROVED,1982,Kathryn Barger,Aye,1
3196,2025-07-24,Board of Directors - Regular Board Meeting,151221,2,2025-0589,APPROVED,3355,Karen Bass,Absent,0
3196,2025-07-24,Board of Directors - Regular Board Meeting,151221,2,2025-0589,APPROVED,1820,James Butts,Aye,1
3196,2025-07-24,Board of Directors - Regular Board Meeting,151221,2,2025-0589,APPROVED,1981,Janice Hahn,Aye,1
3196,2025-07-24,Board of Directors - Regular Board Meeting,151221,2,2025-0589,APPROVED,3356,Lindsey Horvath,Absent,0
3196,2025-07-24,Board of Directors - Regular Board Meeting,151221,2,2025-0589,APPROVED,2240,Holly J. Mitchell,Aye,1
3196,2025-07-24,Board of Directors - Regular Board Meeting,151221,2,2025-0589,APPROVED,288,Ara J. Najarian,Aye,1
3196,2025-07-24,Board of Directors - Regular Board Meeting,151221,2,2025-0589,APPROVED,3525,Imelda Padilla,Aye,1
3196,2025-07-24,Board of Directors - Regular Board Meeting,151221,2,2025-0589,APPROVED,2244,Tim Sandoval,Aye,1
3196,2025-07-24,Board of Directors - Regular Board Meeting,151221,2,2025-0589,APPROVED,290,Hilda L. Solis,Aye,1
3196,2025-07-24,Board of Directors - Regular Board Meeting,151221,2,2025-0589,APPROVED,3373,Katy Yaroslavsky,Aye,1
3196,2025-07-24,Board of Directors - Regular Board Meeting,151222,15,2025-0373,APPROVED ON CONSENT CALENDAR,2253,Fernando Dutra,Aye,1
3196,2025-07-24,Board of Directors - Regular Board Meeting,151222,15,2025-0373,APPROVED ON CONSENT CALENDAR,284,Jacquelyn Dupont-Walker,Aye,1
3196,2025-07-24,Board of Directors - Regular Board Meeting,151222,15,2025-0373,APPROVED ON CONSENT CALENDAR,1982,Kathryn Barger,Aye,1
3196,2025-07-24,Board of Directors - Regular Board Meeting,151222,15,2025-0373,APPROVED ON CONSENT CALENDAR,3355,Karen Bass,Conflict,0
3196,2025-07-24,Board of Directors - Regular Board Meeting,151222,15,2025-0373,APPROVED ON CONSENT CALENDAR,1820,James Butts,Aye,1
3196,2025-07-24,Board of Directors - Regular Board Meeting,151222,15,2025-0373,APPROVED ON CONSENT CALENDAR,1981,Janice Hahn,Aye,1
3196,2025-07-24,Board of Directors - Regular Board Meeting,151222,15,2025-0373,APPROVED ON CONSENT CALENDAR,3356,Lindsey Horvath,Absent,0
3196,2025-07-24,Board of Directors - Regular Board Meeting,151222,15,2025-0373,APPROVED ON CONSENT CALENDAR,2240,Holly J. Mitchell,Aye,1
3196,2025-07-24,Board of Directors - Regular Board Meeting,151222,15,2025-0373,APPROVED ON CONSENT CALENDAR,288,Ara J. Najarian,Aye,1
3196,2025-07-24,Board of Directors - Regular Board Meeting,151222,15,2025-0373,APPROVED ON CONSENT CALENDAR,3525,Imelda Padilla,Conflict,0
3196,2025-07-24,Board of Directors - Regular Board Meeting,151222,15,2025-0373,APPROVED ON CONSENT CALENDAR,2244,Tim Sandoval,Aye,1
3196,2025-07-24,Board of Directors - Regular Board Meeting,151222,15,2025-0373,APPROVED ON CONSENT CALENDAR,290,Hilda L. Solis,Aye,1
3196,2025-07-24,Board of Directors - Regular Board Meeting,151222,15,2025-0373,APPROVED ON CONSENT CALENDAR,3373,Katy Yaroslavsky,Aye,1
3196,2025-07-24,Board of Directors - Regular Board Meeting,151224,9,2025-0475,APPROVED,2253,Fernando Dutra,Aye,1
3196,2025-07-24,Board of Directors - Regular Board Meeting,151224,9,2025-0475,APPROVED,284,Jacquelyn Dupont-Walker,Aye,1
3196,2025-07-24,Board of Directors - Regular Board Meeting,151224,9,2025-0475,APPROVED,1982,Kathryn Barger,Aye,1
3196,2025-07-24,Board of Directors - Regular Board Meeting,151224,9,2025-0475,APPROVED,3355,Karen Bass,Absent,0
3196,2025-07-24,Board of Directors - Regular Board Meeting,151224,9,2025-0475,APPROVED,1820,James Butts,Aye,1
3196,2025-07-24,Board of Directors - Regular Board Meeting,151224,9,2025-0475,APPROVED,1981,Janice Hahn,Aye,1
3196,2025-07-24,Board of Directors - Regular Board Meeting,151224,9,2025-0475,APPROVED,3356,Lindsey Horvath,Absent,0
3196,2025-07-24,Board of Directors - Regular Board Meeting,151224,9,2025-0475,APPROVED,2240,Holly J. Mitchell,Aye,1
3196,2025-07-24,Board of Directors - Regular Board Meeting,151224,9,2025-0475,APPROVED,288,Ara J. Najarian,Aye,1
3196,2025-07-24,Board of Directors - Regular Board Meeting,151224,9,2025-0475,APPROVED,3525,Imelda Padilla,Aye,1
3196,2025-07-24,Board of Directors - Regular Board Meeting,151224,9,2025-0475,APPROVED,2244,Tim Sandoval,Aye,1
3196,2025-07-24,Board of Directors - Regular Board Meeting,151224,9,2025-0475,APPROVED,290,Hilda L. Solis,Aye,1
3196,2025-07-24,Board of Directors - Regular Board Meeting,151224,9,2025-0475,APPROVED,3373,Katy Yaroslavsky,Aye,1
3196,2025-07-24,Board of Directors - Regular Board Meeting,151318,5,2025-0322,APPROVED,2253,Fernando Dutra,Aye,1
3196,2025-07-24,Board of Directors - Regular Board Meeting,151318,5,2025-0322,APPROVED,284,Jacquelyn Dupont-Walker,Aye,1
3196,2025-07-24,Board of Directors - Regular Board Meeting,151318,5,2025-0322,APPROVED,1982,Kathryn Barger,Aye,1
3196,2025-07-24,Board of Directors - Regular Board Meeting,151318,5,2025-0322,APPROVED,3355,Karen Bass,Absent,0
3196,2025-07-24,Board of Directors - Regular Board Meeting,151318,5,2025-0322,APPROVED,1820,James Butts,Aye,1
3196,2025-07-24,Board of Directors - Regular Board Meeting,151318,5,2025-0322,APPROVED,1981,Janice Hahn,Aye,1
3196,2025-07-24,Board of Directors - Regular Board Meeting,151318,5,2025-0322,APPROVED,3356,Lindsey Horvath,Absent,0
3196,2025-07-24,Board of Directors - Regular Board Meeting,151318,5,2025-0322,APPROVED,2240,Holly J. Mitchell,Aye,1
3196,2025-07-24,Board of Directors - Regular Board Meeting,151318,5,2025-0322,APPROVED,288,Ara J. Najarian,Aye,1
3196,2025-07-24,Board of Directors - Regular Board Meeting,151318,5,2025-0322,APPROVED,3525,Imelda Padilla,Aye,1
3196,2025-07-24,Board of Directors - Regular Board Meeting,151318,5,2025-0322,APPROVED,2244,Tim Sandoval,Aye,1
3196,2025-07-24,Board of Directors - Regular Board Meeting,151318,5,2025-0322,APPROVED,290,Hilda L. Solis,Aye,1
3196,2025-07-24,Board of Directors - Regular Board Meeting,151318,5,2025-0322,APPROVED,3373,Katy Yaroslavsky,Aye,1
3196,2025-07-24,Board of Directors - Regular Board Meeting,151321,8,2025-0457,APPROVED ON CONSENT CALENDAR,2253,Fernando Dutra,Aye,1
3196,2025-07-24,Board of Directors - Regular Board Meeting,151321,8,2025-0457,APPROVED ON CONSENT CALENDAR,284,Jacquelyn Dupont-Walker,Aye,1
3196,2025-07-24,Board of Directors - Regular Board Meeting,151321,8,2025-0457,APPROVED ON CONSENT CALENDAR,1982,Kathryn Barger,Aye,1
3196,2025-07-24,Board of Directors - Regular Board Meeting,151321,8,2025-0457,APPROVED ON CONSENT CALENDAR,3355,Karen Bass,Absent,0
3196,2025-07-24,Board of Directors - Regular Board Meeting,151321,8,2025-0457,APPROVED ON CONSENT CALENDAR,1820,James Butts,Aye,1
3196,2025-07-24,Board of Directors - Regular Board Meeting,151321,8,2025-0457,APPROVED ON CONSENT CALENDAR,1981,Janice Hahn,Aye,1
3196,2025-07-24,Board of Directors - Regular Board Meeting,151321,8,2025-0457,APPROVED ON CONSENT CALENDAR,3356,Lindsey Horvath,Absent,0
3196,2025-07-24,Board of Directors - Regular Board Meeting,151321,8,2025-0457,APPROVED ON CONSENT CALENDAR,2240,Holly J. Mitchell,Aye,1
3196,2025-07-24,Board of Directors - Regular Board Meeting,151321,8,2025-0457,APPROVED ON CONSENT CALENDAR,288,Ara J. Najarian,Aye,1
3196,2025-07-24,Board of Directors - Regular Board Meeting,151321,8,2025-0457,APPROVED ON CONSENT CALENDAR,3525,Imelda Padilla,Conflict,0
3196,2025-07-24,Board of Directors - Regular Board Meeting,151321,8,2025-0457,APPROVED ON CONSENT CALENDAR,2244,Tim Sandoval,Aye,1
3196,2025-07-24,Board of Directors - Regular Board Meeting,151321,8,2025-0457,APPROVED ON CONSENT CALENDAR,290,Hilda L. Solis,Aye,1
3196,2025-07-24,Board of Directors - Regular Board Meeting,151321,8,2025-0457,APPROVED ON CONSENT CALENDAR,3373,Katy Yaroslavsky,Aye,1
3196,2025-07-24,Board of Directors - Regular Board Meeting,151323,7,2025-0449,APPROVED,2253,Fernando Dutra,Aye,1
3196,2025-07-24,Board of Directors - Regular Board Meeting,151323,7,2025-0449,APPROVED,284,Jacquelyn Dupont-Walker,Aye,1
3196,2025-07-24,Board of Directors - Regular Board Meeting,151323,7,2025-0449,APPROVED,1982,Kathryn Barger,Aye,1
3196,2025-07-24,Board of Directors - Regular Board Meeting,151323,7,2025-0449,APPROVED,3355,Karen Bass,Absent,0
3196,2025-07-24,Board of Directors - Regular Board Meeting,151323,7,2025-0449,APPROVED,1820,James Butts,Aye,1
3196,2025-07-24,Board of Directors - Regular Board Meeting,151323,7,2025-0449,APPROVED,1981,Janice Hahn,Aye,1
3196,2025-07-24,Board of Directors - Regular Board Meeting,151323,7,2025-0449,APPROVED,3356,Lindsey Horvath,Absent,0
3196,2025-07-24,Board of Directors - Regular Board Meeting,151323,7,2025-0449,APPROVED,2240,Holly J. Mitchell,Aye,1
3196,2025-07-24,Board of Directors - Regular Board Meeting,151323,7,2025-0449,APPROVED,288,Ara J. Najarian,Aye,1
3196,2025-07-24,Board of Directors - Regular Board Meeting,151323,7,2025-0449,APPROVED,3525,Imelda Padilla,Aye,1
3196,2025-07-24,Board of Directors - Regular Board Meeting,151323,7,2025-0449,APPROVED,2244,Tim Sandoval,Aye,1
3196,2025-07-24,Board of Directors - Regular Board Meeting,151323,7,2025-0449,APPROVED,290,Hilda L. Solis,Aye,1
3196,2025-07-24,Board of Directors - Regular Board Meeting,151323,7,2025-0449,APPROVED,3373,Katy Yaroslavsky,Aye,1
3196,2025-07-24,Board of Directors - Regular Board Meeting,151325,6,2025-0370,APPROVED ON CONSENT CALENDAR,2253,Fernando Dutra,Aye,1
3196,2025-07-24,Board of Directors - Regular Board Meeting,151325,6,2025-0370,APPROVED ON CONSENT CALENDAR,284,Jacquelyn Dupont-Walker,Aye,1
3196,2025-07-24,Board of Directors - Regular Board Meeting,151325,6,2025-0370,APPROVED ON CONSENT CALENDAR,1982,Kathryn Barger,Aye,1
3196,2025-07-24,Board of Directors - Regular Board Meeting,151325,6,2025-0370,APPROVED ON CONSENT CALENDAR,3355,Karen Bass,Conflict,0
3196,2025-07-24,Board of Directors - Regular Board Meeting,151325,6,2025-0370,APPROVED ON CONSENT CALENDAR,1820,James Butts,Aye,1
3196,2025-07-24,Board of Directors - Regular Board Meeting,151325,6,2025-0370,APPROVED ON CONSENT CALENDAR,1981,Janice Hahn,Aye,1
3196,2025-07-24,Board of Directors - Regular Board Meeting,151325,6,2025-0370,APPROVED ON CONSENT CALENDAR,3356,Lindsey Horvath,Absent,0
3196,2025-07-24,Board of Directors - Regular Board Meeting,151325,6,2025-0370,APPROVED ON CONSENT CALENDAR,2240,Holly J. Mitchell,Aye,1
3196,2025-07-24,Board of Directors - Regular Board Meeting,151325,6,2025-0370,APPROVED ON CONSENT CALENDAR,288,Ara J. Najarian,Aye,1
3196,2025-07-24,Board of Directors - Regular Board Meeting,151325,6,2025-0370,APPROVED ON CONSENT CALENDAR,3525,Imelda Padilla,Conflict,0
3196,2025-07-24,Board of Directors - Regular Board Meeting,151325,6,2025-0370,APPROVED ON CONSENT CALENDAR,2244,Tim Sandoval,Aye,1
3196,2025-07-24,Board of Directors - Regular Board Meeting,151325,6,2025-0370,APPROVED ON CONSENT CALENDAR,290,Hilda L. Solis,Aye,1
3196,2025-07-24,Board of Directors - Regular Board Meeting,151325,6,2025-0370,APPROVED ON CONSENT CALENDAR,3373,Katy Yaroslavsky,Aye,1
3196,2025-07-24,Board of Directors - Regular Board Meeting,151327,12,2025-0543,ADOPTED,2253,Fernando Dutra,Aye,1
3196,2025-07-24,Board of Directors - Regular Board Meeting,151327,12,2025-0543,ADOPTED,284,Jacquelyn Dupont-Walker,Aye,1
3196,2025-07-24,Board of Directors - Regular Board Meeting,151327,12,2025-0543,ADOPTED,1982,Kathryn Barger,Aye,1
3196,2025-07-24,Board of Directors - Regular Board Meeting,151327,12,2025-0543,ADOPTED,3355,Karen Bass,Absent,0
3196,2025-07-24,Board of Directors - Regular Board Meeting,151327,12,2025-0543,ADOPTED,1820,James Butts,Aye,1
3196,2025-07-24,Board of Directors - Regular Board Meeting,151327,12,2025-0543,ADOPTED,1981,Janice Hahn,Aye,1
3196,2025-07-24,Board of Directors - Regular Board Meeting,151327,12,2025-0543,ADOPTED,3356,Lindsey Horvath,Absent,0
3196,2025-07-24,Board of Directors - Regular Board Meeting,151327,12,2025-0543,ADOPTED,2240,Holly J. Mitchell,Aye,1
3196,2025-07-24,Board of Directors - Regular Board Meeting,151327,12,2025-0543,ADOPTED,288,Ara J. Najarian,Aye,1
3196,2025-07-24,Board of Directors - Regular Board Meeting,151327,12,2025-0543,ADOPTED,3525,Imelda Padilla,Aye,1
3196,2025-07-24,Board of Directors - Regular Board Meeting,151327,12,2025-0543,ADOPTED,2244,Tim Sandoval,Aye,1
3196,2025-07-24,Board of Directors - Regular Board Meeting,151327,12,2025-0543,ADOPTED,290,Hilda L. Solis,Aye,1
3196,2025-07-24,Board of Directors - Regular Board Meeting,151327,12,2025-0543,ADOPTED,3373,Katy Yaroslavsky,Aye,1
3196,2025-07-24,Board of Directors - Regular Board Meeting,151329,11,2025-0095,ADOPTED,2253,Fernando Dutra,Aye,1
3196,2025-07-24,Board of Directors - Regular Board Meeting,151329,11,2025-0095,ADOPTED,284,Jacquelyn Dupont-Walker,Aye,1
3196,2025-07-24,Board of Directors - Regular Board Meeting,151329,11,2025-0095,ADOPTED,1982,Kathryn Barger,Aye,1
3196,2025-07-24,Board of Directors - Regular Board Meeting,151329,11,2025-0095,ADOPTED,3355,Karen Bass,Absent,0
3196,2025-07-24,Board of Directors - Regular Board Meeting,151329,11,2025-0095,ADOPTED,1820,James Butts,Aye,1
3196,2025-07-24,Board of Directors - Regular Board Meeting,151329,11,2025-0095,ADOPTED,1981,Janice Hahn,Aye,1
3196,2025-07-24,Board of Directors - Regular Board Meeting,151329,11,2025-0095,ADOPTED,3356,Lindsey Horvath,Absent,0
3196,2025-07-24,Board of Directors - Regular Board Meeting,151329,11,2025-0095,ADOPTED,2240,Holly J. Mitchell,Aye,1
3196,2025-07-24,Board of Directors - Regular Board Meeting,151329,11,2025-0095,ADOPTED,288,Ara J. Najarian,Aye,1
3196,2025-07-24,Board of Directors - Regular Board Meeting,151329,11,2025-0095,ADOPTED,3525,Imelda Padilla,Aye,1
3196,2025-07-24,Board of Directors - Regular Board Meeting,151329,11,2025-0095,ADOPTED,2244,Tim Sandoval,Aye,1
3196,2025-07-24,Board of Directors - Regular Board Meeting,151329,11,2025-0095,ADOPTED,290,Hilda L. Solis,Aye,1
3196,2025-07-24,Board of Directors - Regular Board Meeting,151329,11,2025-0095,ADOPTED,3373,Katy Yaroslavsky,Aye,1
3196,2025-07-24,Board of Directors - Regular Board Meeting,151331,10,2025-0428,APPROVED,2253,Fernando Dutra,Aye,1
3196,2025-07-24,Board of Directors - Regular Board Meeting,151331,10,2025-0428,APPROVED,284,Jacquelyn Dupont-Walker,Aye,1
3196,2025-07-24,Board of Directors - Regular Board Meeting,151331,10,2025-0428,APPROVED,1982,Kathryn Barger,Aye,1
3196,2025-07-24,Board of Directors - Regular Board Meeting,151331,10,2025-0428,APPROVED,3355,Karen Bass,Absent,0
3196,2025-07-24,Board of Directors - Regular Board Meeting,151331,10,2025-0428,APPROVED,1820,James Butts,Aye,1
3196,2025-07-24,Board of Directors - Regular Board Meeting,151331,10,2025-0428,APPROVED,1981,Janice Hahn,Aye,1
3196,2025-07-24,Board of Directors - Regular Board Meeting,151331,10,2025-0428,APPROVED,3356,Lindsey Horvath,Absent,0
3196,2025-07-24,Board of Directors - Regular Board Meeting,151331,10,2025-0428,APPROVED,2240,Holly J. Mitchell,Aye,1
3196,2025-07-24,Board of Directors - Regular Board Meeting,151331,10,2025-0428,APPROVED,288,Ara J. Najarian,Aye,1
3196,2025-07-24,Board of Directors - Regular Board Meeting,151331,10,2025-0428,APPROVED,3525,Imelda Padilla,Aye,1
3196,2025-07-24,Board of Directors - Regular Board Meeting,151331,10,2025-0428,APPROVED,2244,Tim Sandoval,Aye,1
3196,2025-07-24,Board of Directors - Regular Board Meeting,151331,10,2025-0428,APPROVED,290,Hilda L. Solis,Aye,1
3196,2025-07-24,Board of Directors - Regular Board Meeting,151331,10,2025-0428,APPROVED,3373,Katy Yaroslavsky,Aye,1
3196,2025-07-24,Board of Directors - Regular Board Meeting,151332,37,2025-0304,ADOPTED,2253,Fernando Dutra,Aye,1
3196,2025-07-24,Board of Directors - Regular Board Meeting,151332,37,2025-0304,ADOPTED,284,Jacquelyn Dupont-Walker,Aye,1
3196,2025-07-24,Board of Directors - Regular Board Meeting,151332,37,2025-0304,ADOPTED,1982,Kathryn Barger,Aye,1
3196,2025-07-24,Board of Directors - Regular Board Meeting,151332,37,2025-0304,ADOPTED,3355,Karen Bass,Absent,0
3196,2025-07-24,Board of Directors - Regular Board Meeting,151332,37,2025-0304,ADOPTED,1820,James Butts,Aye,1
3196,2025-07-24,Board of Directors - Regular Board Meeting,151332,37,2025-0304,ADOPTED,1981,Janice Hahn,Aye,1
3196,2025-07-24,Board of Directors - Regular Board Meeting,151332,37,2025-0304,ADOPTED,3356,Lindsey Horvath,Absent,0
3196,2025-07-24,Board of Directors - Regular Board Meeting,151332,37,2025-0304,ADOPTED,2240,Holly J. Mitchell,Aye,1
3196,2025-07-24,Board of Directors - Regular Board Meeting,151332,37,2025-0304,ADOPTED,288,Ara J. Najarian,Aye,1
3196,2025-07-24,Board of Directors - Regular Board Meeting,151332,37,2025-0304,ADOPTED,3525,Imelda Padilla,Aye,1
3196,2025-07-24,Board of Directors - Regular Board Meeting,151332,37,2025-0304,ADOPTED,2244,Tim Sandoval,Aye,1
3196,2025-07-24,Board of Directors - Regular Board Meeting,151332,37,2025-0304,ADOPTED,290,Hilda L. Solis,Aye,1
3196,2025-07-24,Board of Directors - Regular Board Meeting,151332,37,2025-0304,ADOPTED,3373,Katy Yaroslavsky,Aye,1
3196,2025-07-24,Board of Directors - Regular Board Meeting,151334,26,2025-0463,ADOPTED,2253,Fernando Dutra,Aye,1
3196,2025-07-24,Board of Directors - Regular Board Meeting,151334,26,2025-0463,ADOPTED,284,Jacquelyn Dupont-Walker,Aye,1
3196,2025-07-24,Board of Directors - Regular Board Meeting,151334,26,2025-0463,ADOPTED,1982,Kathryn Barger,Aye,1
3196,2025-07-24,Board of Directors - Regular Board Meeting,151334,26,2025-0463,ADOPTED,3355,Karen Bass,Absent,0
3196,2025-07-24,Board of Directors - Regular Board Meeting,151334,26,2025-0463,ADOPTED,1820,James Butts,Aye,1
3196,2025-07-24,Board of Directors - Regular Board Meeting,151334,26,2025-0463,ADOPTED,1981,Janice Hahn,Aye,1
3196,2025-07-24,Board of Directors - Regular Board Meeting,151334,26,2025-0463,ADOPTED,3356,Lindsey Horvath,Absent,0
3196,2025-07-24,Board of Directors - Regular Board Meeting,151334,26,2025-0463,ADOPTED,2240,Holly J. Mitchell,Aye,1
3196,2025-07-24,Board of Directors - Regular Board Meeting,151334,26,2025-0463,ADOPTED,288,Ara J. Najarian,Aye,1
3196,2025-07-24,Board of Directors - Regular Board Meeting,151334,26,2025-0463,ADOPTED,3525,Imelda Padilla,Aye,1
3196,2025-07-24,Board of Directors - Regular Board Meeting,151334,26,2025-0463,ADOPTED,2244,Tim Sandoval,Aye,1
3196,2025-07-24,Board of Directors - Regular Board Meeting,151334,26,2025-0463,ADOPTED,290,Hilda L. Solis,Aye,1
3196,2025-07-24,Board of Directors - Regular Board Meeting,151334,26,2025-0463,ADOPTED,3373,Katy Yaroslavsky,Aye,1
3196,2025-07-24,Board of Directors - Regular Board Meeting,151338,21,2025-0345,APPROVED,2253,Fernando Dutra,Aye,1
3196,2025-07-24,Board of Directors - Regular Board Meeting,151338,21,2025-0345,APPROVED,284,Jacquelyn Dupont-Walker,Aye,1
3196,2025-07-24,Board of Directors - Regular Board Meeting,151338,21,2025-0345,APPROVED,1982,Kathryn Barger,Aye,1
3196,2025-07-24,Board of Directors - Regular Board Meeting,151338,21,2025-0345,APPROVED,3355,Karen Bass,Absent,0
3196,2025-07-24,Board of Directors - Regular Board Meeting,151338,21,2025-0345,APPROVED,1820,James Butts,Aye,1
3196,2025-07-24,Board of Directors - Regular Board Meeting,151338,21,2025-0345,APPROVED,1981,Janice Hahn,Aye,1
3196,2025-07-24,Board of Directors - Regular Board Meeting,151338,21,2025-0345,APPROVED,3356,Lindsey Horvath,Absent,0
3196,2025-07-24,Board of Directors - Regular Board Meeting,151338,21,2025-0345,APPROVED,2240,Holly J. Mitchell,Aye,1
3196,2025-07-24,Board of Directors - Regular Board Meeting,151338,21,2025-0345,APPROVED,288,Ara J. Najarian,Aye,1
3196,2025-07-24,Board of Directors - Regular Board Meeting,151338,21,2025-0345,APPROVED,3525,Imelda Padilla,Aye,1
3196,2025-07-24,Board of Directors - Regular Board Meeting,151338,21,2025-0345,APPROVED,2244,Tim Sandoval,Aye,1
3196,2025-07-24,Board of Directors - Regular Board Meeting,151338,21,2025-0345,APPROVED,290,Hilda L. Solis,Aye,1
3196,2025-07-24,Board of Directors - Regular Board Meeting,151338,21,2025-0345,APPROVED,3373,Katy Yaroslavsky,Aye,1
3196,2025-07-24,Board of Directors - Regular Board Meeting,151340,20,2025-0192,APPROVED,2253,Fernando Dutra,Aye,1
3196,2025-07-24,Board of Directors - Regular Board Meeting,151340,20,2025-0192,APPROVED,284,Jacquelyn Dupont-Walker,Aye,1
3196,2025-07-24,Board of Directors - Regular Board Meeting,151340,20,2025-0192,APPROVED,1982,Kathryn Barger,Aye,1
3196,2025-07-24,Board of Directors - Regular Board Meeting,151340,20,2025-0192,APPROVED,3355,Karen Bass,Absent,0
3196,2025-07-24,Board of Directors - Regular Board Meeting,151340,20,2025-0192,APPROVED,1820,James Butts,Aye,1
3196,2025-07-24,Board of Directors - Regular Board Meeting,151340,20,2025-0192,APPROVED,1981,Janice Hahn,Aye,1
3196,2025-07-24,Board of Directors - Regular Board Meeting,151340,20,2025-0192,APPROVED,3356,Lindsey Horvath,Absent,0
3196,2025-07-24,Board of Directors - Regular Board Meeting,151340,20,2025-0192,APPROVED,2240,Holly J. Mitchell,Aye,1
3196,2025-07-24,Board of Directors - Regular Board Meeting,151340,20,2025-0192,APPROVED,288,Ara J. Najarian,Aye,1
3196,2025-07-24,Board of Directors - Regular Board Meeting,151340,20,2025-0192,APPROVED,3525,Imelda Padilla,Aye,1
3196,2025-07-24,Board of Directors - Regular Board Meeting,151340,20,2025-0192,APPROVED,2244,Tim Sandoval,Aye,1
3196,2025-07-24,Board of Directors - Regular Board Meeting,151340,20,2025-0192,APPROVED,290,Hilda L. Solis,Aye,1
3196,2025-07-24,Board of Directors - Regular Board Meeting,151340,20,2025-0192,APPROVED,3373,Katy Yaroslavsky,Aye,1
3196,2025-07-24,Board of Directors - Regular Board Meeting,151342,33,2025-0506,APPROVED,2253,Fernando Dutra,Aye,1
3196,2025-07-24,Board of Directors - Regular Board Meeting,151342,33,2025-0506,APPROVED,284,Jacquelyn Dupont-Walker,Aye,1
3196,2025-07-24,Board of Directors - Regular Board Meeting,151342,33,2025-0506,APPROVED,1982,Kathryn Barger,Aye,1
3196,2025-07-24,Board of Directors - Regular Board Meeting,151342,33,2025-0506,APPROVED,3355,Karen Bass,Absent,0
3196,2025-07-24,Board of Directors - Regular Board Meeting,151342,33,2025-0506,APPROVED,1820,James Butts,Aye,1
3196,2025-07-24,Board of Directors - Regular Board Meeting,151342,33,2025-0506,APPROVED,1981,Janice Hahn,Aye,1
3196,2025-07-24,Board of Directors - Regular Board Meeting,151342,33,2025-0506,APPROVED,3356,Lindsey Horvath,Absent,0
3196,2025-07-24,Board of Directors - Regular Board Meeting,151342,33,2025-0506,APPROVED,2240,Holly J. Mitchell,Aye,1
3196,2025-07-24,Board of Directors - Regular Board Meeting,151342,33,2025-0506,APPROVED,288,Ara J. Najarian,Aye,1
3196,2025-07-24,Board of Directors - Regular Board Meeting,151342,33,2025-0506,APPROVED,3525,Imelda Padilla,Aye,1
3196,2025-07-24,Board of Directors - Regular Board Meeting,151342,33,2025-0506,APPROVED,2244,Tim Sandoval,Aye,1
3196,2025-07-24,Board of Directors - Regular Board Meeting,151342,33,2025-0506,APPROVED,290,Hilda L. Solis,Aye,1
3196,2025-07-24,Board of Directors - Regular Board Meeting,151342,33,2025-0506,APPROVED,3373,Katy Yaroslavsky,Aye,1
3196,2025-07-24,Board of Directors - Regular Board Meeting,151344,32,2025-0460,ADOPTED,2253,Fernando Dutra,Aye,1
3196,2025-07-24,Board of Directors - Regular Board Meeting,151344,32,2025-0460,ADOPTED,284,Jacquelyn Dupont-Walker,Aye,1
3196,2025-07-24,Board of Directors - Regular Board Meeting,151344,32,2025-0460,ADOPTED,1982,Kathryn Barger,Aye,1
3196,2025-07-24,Board of Directors - Regular Board Meeting,151344,32,2025-0460,ADOPTED,3355,Karen Bass,Absent,0
3196,2025-07-24,Board of Directors - Regular Board Meeting,151344,32,2025-0460,ADOPTED,1820,James Butts,Aye,1
3196,2025-07-24,Board of Directors - Regular Board Meeting,151344,32,2025-0460,ADOPTED,1981,Janice Hahn,Aye,1
3196,2025-07-24,Board of Directors - Regular Board Meeting,151344,32,2025-0460,ADOPTED,3356,Lindsey Horvath,Absent,0
3196,2025-07-24,Board of Directors - Regular Board Meeting,151344,32,2025-0460,ADOPTED,2240,Holly J. Mitchell,Aye,1
3196,2025-07-24,Board of Directors - Regular Board Meeting,151344,32,2025-0460,ADOPTED,288,Ara J. Najarian,Aye,1
3196,2025-07-24,Board of Directors - Regular Board Meeting,151344,32,2025-0460,ADOPTED,3525,Imelda Padilla,Aye,1
3196,2025-07-24,Board of Directors - Regular Board Meeting,151344,32,2025-0460,ADOPTED,2244,Tim Sandoval,Aye,1
3196,2025-07-24,Board of Directors - Regular Board Meeting,151344,32,2025-0460,ADOPTED,290,Hilda L. Solis,Aye,1
3196,2025-07-24,Board of Directors - Regular Board Meeting,151344,32,2025-0460,ADOPTED,3373,Katy Yaroslavsky,Aye,1
3196,2025-07-24,Board of Directors - Regular Board Meeting,151346,31,2025-0406,APPROVED,2253,Fernando Dutra,Aye,1
3196,2025-07-24,Board of Directors - Regular Board Meeting,151346,31,2025-0406,APPROVED,284,Jacquelyn Dupont-Walker,Aye,1
3196,2025-07-24,Board of Directors - Regular Board Meeting,151346,31,2025-0406,APPROVED,1982,Kathryn Barger,Aye,1
3196,2025-07-24,Board of Directors - Regular Board Meeting,151346,31,2025-0406,APPROVED,3355,Karen Bass,Absent,0
3196,2025-07-24,Board of Directors - Regular Board Meeting,151346,31,2025-0406,APPROVED,1820,James Butts,Aye,1
3196,2025-07-24,Board of Directors - Regular Board Meeting,151346,31,2025-0406,APPROVED,1981,Janice Hahn,Aye,1
3196,2025-07-24,Board of Directors - Regular Board Meeting,151346,31,2025-0406,APPROVED,3356,Lindsey Horvath,Absent,0
3196,2025-07-24,Board of Directors - Regular Board Meeting,151346,31,2025-0406,APPROVED,2240,Holly J. Mitchell,Aye,1
3196,2025-07-24,Board of Directors - Regular Board Meeting,151346,31,2025-0406,APPROVED,288,Ara J. Najarian,Aye,1
3196,2025-07-24,Board of Directors - Regular Board Meeting,151346,31,2025-0406,APPROVED,3525,Imelda Padilla,Aye,1
3196,2025-07-24,Board of Directors - Regular Board Meeting,151346,31,2025-0406,APPROVED,2244,Tim Sandoval,Aye,1
3196,2025-07-24,Board of Directors - Regular Board Meeting,151346,31,2025-0406,APPROVED,290,Hilda L. Solis,Aye,1
3196,2025-07-24,Board of Directors - Regular Board Meeting,151346,31,2025-0406,APPROVED,3373,Katy Yaroslavsky,Aye,1
3196,2025-07-24,Board of Directors - Regular Board Meeting,151348,30,2025-0269,APPROVED ON CONSENT CALENDAR,2253,Fernando Dutra,Aye,1
3196,2025-07-24,Board of Directors - Regular Board Meeting,151348,30,2025-0269,APPROVED ON CONSENT CALENDAR,284,Jacquelyn Dupont-Walker,Aye,1
3196,2025-07-24,Board of Directors - Regular Board Meeting,151348,30,2025-0269,APPROVED ON CONSENT CALENDAR,1982,Kathryn Barger,Aye,1
3196,2025-07-24,Board of Directors - Regular Board Meeting,151348,30,2025-0269,APPROVED ON CONSENT CALENDAR,3355,Karen Bass,Absent,0
3196,2025-07-24,Board of Directors - Regular Board Meeting,151348,30,2025-0269,APPROVED ON CONSENT CALENDAR,1820,James Butts,Aye,1
3196,2025-07-24,Board of Directors - Regular Board Meeting,151348,30,2025-0269,APPROVED ON CONSENT CALENDAR,1981,Janice Hahn,Aye,1
3196,2025-07-24,Board of Directors - Regular Board Meeting,151348,30,2025-0269,APPROVED ON CONSENT CALENDAR,3356,Lindsey Horvath,Absent,0
3196,2025-07-24,Board of Directors - Regular Board Meeting,151348,30,2025-0269,APPROVED ON CONSENT CALENDAR,2240,Holly J. Mitchell,Aye,1
3196,2025-07-24,Board of Directors - Regular Board Meeting,151348,30,2025-0269,APPROVED ON CONSENT CALENDAR,288,Ara J. Najarian,Aye,1
3196,2025-07-24,Board of Directors - Regular Board Meeting,151348,30,2025-0269,APPROVED ON CONSENT CALENDAR,3525,Imelda Padilla,Conflict,0
3196,2025-07-24,Board of Directors - Regular Board Meeting,151348,30,2025-0269,APPROVED ON CONSENT CALENDAR,2244,Tim Sandoval,Aye,1
3196,2025-07-24,Board of Directors - Regular Board Meeting,151348,30,2025-0269,APPROVED ON CONSENT CALENDAR,290,Hilda L. Solis,Aye,1
3196,2025-07-24,Board of Directors - Regular Board Meeting,151348,30,2025-0269,APPROVED ON CONSENT CALENDAR,3373,Katy Yaroslavsky,Aye,1
3196,2025-07-24,Board of Directors - Regular Board Meeting,151350,28,2025-0566,APPROVED,2253,Fernando Dutra,Aye,1
3196,2025-07-24,Board of Directors - Regular Board Meeting,151350,28,2025-0566,APPROVED,284,Jacquelyn Dupont-Walker,Aye,1
3196,2025-07-24,Board of Directors - Regular Board Meeting,151350,28,2025-0566,APPROVED,1982,Kathryn Barger,Aye,1
3196,2025-07-24,Board of Directors - Regular Board Meeting,151350,28,2025-0566,APPROVED,3355,Karen Bass,Absent,0
3196,2025-07-24,Board of Directors - Regular Board Meeting,151350,28,2025-0566,APPROVED,1820,James Butts,Aye,1
3196,2025-07-24,Board of Directors - Regular Board Meeting,151350,28,2025-0566,APPROVED,1981,Janice Hahn,Aye,1
3196,2025-07-24,Board of Directors - Regular Board Meeting,151350,28,2025-0566,APPROVED,3356,Lindsey Horvath,Absent,0
3196,2025-07-24,Board of Directors - Regular Board Meeting,151350,28,2025-0566,APPROVED,2240,Holly J. Mitchell,Aye,1
3196,2025-07-24,Board of Directors - Regular Board Meeting,151350,28,2025-0566,APPROVED,288,Ara J. Najarian,Aye,1
3196,2025-07-24,Board of Directors - Regular Board Meeting,151350,28,2025-0566,APPROVED,3525,Imelda Padilla,Aye,1
3196,2025-07-24,Board of Directors - Regular Board Meeting,151350,28,2025-0566,APPROVED,2244,Tim Sandoval,Aye,1
3196,2025-07-24,Board of Directors - Regular Board Meeting,151350,28,2025-0566,APPROVED,290,Hilda L. Solis,Aye,1
3196,2025-07-24,Board of Directors - Regular Board Meeting,151350,28,2025-0566,APPROVED,3373,Katy Yaroslavsky,Aye,1
3196,2025-07-24,Board of Directors - Regular Board Meeting,151352,27,2025-0053,APPROVED,2253,Fernando Dutra,Aye,1
3196,2025-07-24,Board of Directors - Regular Board Meeting,151352,27,2025-0053,APPROVED,284,Jacquelyn Dupont-Walker,Aye,1
3196,2025-07-24,Board of Directors - Regular Board Meeting,151352,27,2025-0053,APPROVED,1982,Kathryn Barger,Aye,1
3196,2025-07-24,Board of Directors - Regular Board Meeting,151352,27,2025-0053,APPROVED,3355,Karen Bass,Absent,0
3196,2025-07-24,Board of Directors - Regular Board Meeting,151352,27,2025-0053,APPROVED,1820,James Butts,Aye,1
3196,2025-07-24,Board of Directors - Regular Board Meeting,151352,27,2025-0053,APPROVED,1981,Janice Hahn,Aye,1
3196,2025-07-24,Board of Directors - Regular Board Meeting,151352,27,2025-0053,APPROVED,3356,Lindsey Horvath,Absent,0
3196,2025-07-24,Board of Directors - Regular Board Meeting,151352,27,2025-0053,APPROVED,2240,Holly J. Mitchell,Aye,1
3196,2025-07-24,Board of Directors - Regular Board Meeting,151352,27,2025-0053,APPROVED,288,Ara J. Najarian,Aye,1
3196,2025-07-24,Board of Directors - Regular Board Meeting,151352,27,2025-0053,APPROVED,3525,Imelda Padilla,Aye,1
3196,2025-07-24,Board of Directors - Regular Board Meeting,151352,27,2025-0053,APPROVED,2244,Tim Sandoval,Aye,1
3196,2025-07-24,Board of Directors - Regular Board Meeting,151352,27,2025-0053,APPROVED,290,Hilda L. Solis,Aye,1
3196,2025-07-24,Board of Directors - Regular Board Meeting,151352,27,2025-0053,APPROVED,3373,Katy Yaroslavsky,Aye,1
3196,2025-07-24,Board of Directors - Regular Board Meeting,151356,34,2025-0482,APPROVED,2253,Fernando Dutra,Aye,1
3196,2025-07-24,Board of Directors - Regular Board Meeting,151356,34,2025-0482,APPROVED,284,Jacquelyn Dupont-Walker,Aye,1
3196,2025-07-24,Board of Directors - Regular Board Meeting,151356,34,2025-0482,APPROVED,1982,Kathryn Barger,Aye,1
3196,2025-07-24,Board of Directors - Regular Board Meeting,151356,34,2025-0482,APPROVED,3355,Karen Bass,Absent,0
3196,2025-07-24,Board of Directors - Regular Board Meeting,151356,34,2025-0482,APPROVED,1820,James Butts,Aye,1
3196,2025-07-24,Board of Directors - Regular Board Meeting,151356,34,2025-0482,APPROVED,1981,Janice Hahn,Aye,1
3196,2025-07-24,Board of Directors - Regular Board Meeting,151356,34,2025-0482,APPROVED,3356,Lindsey Horvath,Absent,0
3196,2025-07-24,Board of Directors - Regular Board Meeting,151356,34,2025-0482,APPROVED,2240,Holly J. Mitchell,Aye,1
3196,2025-07-24,Board of Directors - Regular Board Meeting,151356,34,2025-0482,APPROVED,288,Ara J. Najarian,Aye,1
3196,2025-07-24,Board of Directors - Regular Board Meeting,151356,34,2025-0482,APPROVED,3525,Imelda Padilla,Aye,1
3196,2025-07-24,Board of Directors - Regular Board Meeting,151356,34,2025-0482,APPROVED,2244,Tim Sandoval,Aye,1
3196,2025-07-24,Board of Directors - Regular Board Meeting,151356,34,2025-0482,APPROVED,290,Hilda L. Solis,Aye,1
3196,2025-07-24,Board of Directors - Regular Board Meeting,151356,34,2025-0482,APPROVED,3373,Katy Yaroslavsky,Aye,1
3196,2025-07-24,Board of Directors - Regular Board Meeting,151360,38,2025-0327,APPROVED,2253,Fernando Dutra,Aye,1
3196,2025-07-24,Board of Directors - Regular Board Meeting,151360,38,2025-0327,APPROVED,284,Jacquelyn Dupont-Walker,Aye,1
3196,2025-07-24,Board of Directors - Regular Board Meeting,151360,38,2025-0327,APPROVED,1982,Kathryn Barger,Aye,1
3196,2025-07-24,Board of Directors - Regular Board Meeting,151360,38,2025-0327,APPROVED,3355,Karen Bass,Absent,0
3196,2025-07-24,Board of Directors - Regular Board Meeting,151360,38,2025-0327,APPROVED,1820,James Butts,Aye,1
3196,2025-07-24,Board of Directors - Regular Board Meeting,151360,38,2025-0327,APPROVED,1981,Janice Hahn,Aye,1
3196,2025-07-24,Board of Directors - Regular Board Meeting,151360,38,2025-0327,APPROVED,3356,Lindsey Horvath,Absent,0
3196,2025-07-24,Board of Directors - Regular Board Meeting,151360,38,2025-0327,APPROVED,2240,Holly J. Mitchell,Aye,1
3196,2025-07-24,Board of Directors - Regular Board Meeting,151360,38,2025-0327,APPROVED,288,Ara J. Najarian,Aye,1
3196,2025-07-24,Board of Directors - Regular Board Meeting,151360,38,2025-0327,APPROVED,3525,Imelda Padilla,Aye,1
3196,2025-07-24,Board of Directors - Regular Board Meeting,151360,38,2025-0327,APPROVED,2244,Tim Sandoval,Aye,1
3196,2025-07-24,Board of Directors - Regular Board Meeting,151360,38,2025-0327,APPROVED,290,Hilda L. Solis,Aye,1
3196,2025-07-24,Board of Directors - Regular Board Meeting,151360,38,2025-0327,APPROVED,3373,Katy Yaroslavsky,Aye,1
3196,2025-07-24,Board of Directors - Regular Board Meeting,151361,39,2025-0476,APPROVED ON CONSENT CALENDAR,2253,Fernando Dutra,Aye,1
3196,2025-07-24,Board of Directors - Regular Board Meeting,151361,39,2025-0476,APPROVED ON CONSENT CALENDAR,284,Jacquelyn Dupont-Walker,Aye,1
3196,2025-07-24,Board of Directors - Regular Board Meeting,151361,39,2025-0476,APPROVED ON CONSENT CALENDAR,1982,Kathryn Barger,Aye,1
3196,2025-07-24,Board of Directors - Regular Board Meeting,151361,39,2025-0476,APPROVED ON CONSENT CALENDAR,3355,Karen Bass,Conflict,0
3196,2025-07-24,Board of Directors - Regular Board Meeting,151361,39,2025-0476,APPROVED ON CONSENT CALENDAR,1820,James Butts,Aye,1
3196,2025-07-24,Board of Directors - Regular Board Meeting,151361,39,2025-0476,APPROVED ON CONSENT CALENDAR,1981,Janice Hahn,Aye,1
3196,2025-07-24,Board of Directors - Regular Board Meeting,151361,39,2025-0476,APPROVED ON CONSENT CALENDAR,3356,Lindsey Horvath,Absent,0
3196,2025-07-24,Board of Directors - Regular Board Meeting,151361,39,2025-0476,APPROVED ON CONSENT CALENDAR,2240,Holly J. Mitchell,Aye,1
3196,2025-07-24,Board of Directors - Regular Board Meeting,151361,39,2025-0476,APPROVED ON CONSENT CALENDAR,288,Ara J. Najarian,Aye,1
3196,2025-07-24,Board of Directors - Regular Board Meeting,151361,39,2025-0476,APPROVED ON CONSENT CALENDAR,3525,Imelda Padilla,Aye,1
3196,2025-07-24,Board of Directors - Regular Board Meeting,151361,39,2025-0476,APPROVED ON CONSENT CALENDAR,2244,Tim Sandoval,Aye,1
3196,2025-07-24,Board of Directors - Regular Board Meeting,151361,39,2025-0476,APPROVED ON CONSENT CALENDAR,290,Hilda L. Solis,Aye,1
3196,2025-07-24,Board of Directors - Regular Board Meeting,151361,39,2025-0476,APPROVED ON CONSENT CALENDAR,3373,Katy Yaroslavsky,Aye,1
3196,2025-07-24,Board of Directors - Regular Board Meeting,151362,36,2024-1139,ADOPTED,2253,Fernando Dutra,Aye,1
3196,2025-07-24,Board of Directors - Regular Board Meeting,151362,36,2024-1139,ADOPTED,284,Jacquelyn Dupont-Walker,Aye,1
3196,2025-07-24,Board of Directors - Regular Board Meeting,151362,36,2024-1139,ADOPTED,1982,Kathryn Barger,Aye,1
3196,2025-07-24,Board of Directors - Regular Board Meeting,151362,36,2024-1139,ADOPTED,3355,Karen Bass,Absent,0
3196,2025-07-24,Board of Directors - Regular Board Meeting,151362,36,2024-1139,ADOPTED,1820,James Butts,Aye,1
3196,2025-07-24,Board of Directors - Regular Board Meeting,151362,36,2024-1139,ADOPTED,1981,Janice Hahn,Aye,1
3196,2025-07-24,Board of Directors - Regular Board Meeting,151362,36,2024-1139,ADOPTED,3356,Lindsey Horvath,Absent,0
3196,2025-07-24,Board of Directors - Regular Board Meeting,151362,36,2024-1139,ADOPTED,2240,Holly J. Mitchell,Aye,1
3196,2025-07-24,Board of Directors - Regular Board Meeting,151362,36,2024-1139,ADOPTED,288,Ara J. Najarian,Aye,1
3196,2025-07-24,Board of Directors - Regular Board Meeting,151362,36,2024-1139,ADOPTED,3525,Imelda Padilla,Aye,1
3196,2025-07-24,Board of Directors - Regular Board Meeting,151362,36,2024-1139,ADOPTED,2244,Tim Sandoval,Aye,1
3196,2025-07-24,Board of Directors - Regular Board Meeting,151362,36,2024-1139,ADOPTED,290,Hilda L. Solis,Aye,1
3196,2025-07-24,Board of Directors - Regular Board Meeting,151362,36,2024-1139,ADOPTED,3373,Katy Yaroslavsky,Aye,1
3196,2025-07-24,Board of Directors - Regular Board Meeting,151366,48,2025-0598,APPROVED,2253,Fernando Dutra,Aye,1
3196,2025-07-24,Board of Directors - Regular Board Meeting,151366,48,2025-0598,APPROVED,284,Jacquelyn Dupont-Walker,Aye,1
3196,2025-07-24,Board of Directors - Regular Board Meeting,151366,48,2025-0598,APPROVED,1982,Kathryn Barger,Aye,1
3196,2025-07-24,Board of Directors - Regular Board Meeting,151366,48,2025-0598,APPROVED,3355,Karen Bass,Absent,0
3196,2025-07-24,Board of Directors - Regular Board Meeting,151366,48,2025-0598,APPROVED,1820,James Butts,Aye,1
3196,2025-07-24,Board of Directors - Regular Board Meeting,151366,48,2025-0598,APPROVED,1981,Janice Hahn,Aye,1
3196,2025-07-24,Board of Directors - Regular Board Meeting,151366,48,2025-0598,APPROVED,3356,Lindsey Horvath,Absent,0
3196,2025-07-24,Board of Directors - Regular Board Meeting,151366,48,2025-0598,APPROVED,2240,Holly J. Mitchell,Aye,1
3196,2025-07-24,Board of Directors - Regular Board Meeting,151366,48,2025-0598,APPROVED,288,Ara J. Najarian,Aye,1
3196,2025-07-24,Board of Directors - Regular Board Meeting,151366,48,2025-0598,APPROVED,3525,Imelda Padilla,Aye,1
3196,2025-07-24,Board of Directors - Regular Board Meeting,151366,48,2025-0598,APPROVED,2244,Tim Sandoval,Aye,1
3196,2025-07-24,Board of Directors - Regular Board Meeting,151366,48,2025-0598,APPROVED,290,Hilda L. Solis,Aye,1
3196,2025-07-24,Board of Directors - Regular Board Meeting,151366,48,2025-0598,APPROVED,3373,Katy Yaroslavsky,Aye,1
3196,2025-07-24,Board of Directors - Regular Board Meeting,151375,,,APPROVED ON CONSENT CALENDAR,2253,Fernando Dutra,Aye,1
3196,2025-07-24,Board of Directors - Regular Board Meeting,151375,,,APPROVED ON CONSENT CALENDAR,284,Jacquelyn Dupont-Walker,Aye,1
3196,2025-07-24,Board of Directors - Regular Board Meeting,151375,,,APPROVED ON CONSENT CALENDAR,1982,Kathryn Barger,Aye,1
3196,2025-07-24,Board of Directors - Regular Board Meeting,151375,,,APPROVED ON CONSENT CALENDAR,3355,Karen Bass,Absent,0
3196,2025-07-24,Board of Directors - Regular Board Meeting,151375,,,APPROVED ON CONSENT CALENDAR,1820,James Butts,Aye,1
3196,2025-07-24,Board of Directors - Regular Board Meeting,151375,,,APPROVED ON CONSENT CALENDAR,1981,Janice Hahn,Aye,1
3196,2025-07-24,Board of Directors - Regular Board Meeting,151375,,,APPROVED ON CONSENT CALENDAR,3356,Lindsey Horvath,Absent,0
3196,2025-07-24,Board of Directors - Regular Board Meeting,151375,,,APPROVED ON CONSENT CALENDAR,2240,Holly J. Mitchell,Aye,1
3196,2025-07-24,Board of Directors - Regular Board Meeting,151375,,,APPROVED ON CONSENT CALENDAR,288,Ara J. Najarian,Aye,1
3196,2025-07-24,Board of Directors - Regular Board Meeting,151375,,,APPROVED ON CONSENT CALENDAR,3525,Imelda Padilla,Aye,1
3196,2025-07-24,Board of Directors - Regular Board Meeting,151375,,,APPROVED ON CONSENT CALENDAR,2244,Tim Sandoval,Aye,1
3196,2025-07-24,Board of Directors - Regular Board Meeting,151375,,,APPROVED ON CONSENT CALENDAR,290,Hilda L. Solis,Aye,1
3196,2025-07-24,Board of Directors - Regular Board Meeting,151375,,,APPROVED ON CONSENT CALENDAR,3373,Katy Yaroslavsky,Aye,1
3198,2025-09-17,Board of Directors - Special Board Meeting,153898,17,2025-0264,APPROVED AS AMENDED,2253,Fernando Dutra,Aye,1
3198,2025-09-17,Board of Directors - Special Board Meeting,153898,17,2025-0264,APPROVED AS AMENDED,3355,Karen Bass,Aye,1
3198,2025-09-17,Board of Directors - Special Board Meeting,153898,17,2025-0264,APPROVED AS AMENDED,1982,Kathryn Barger,Absent,0
3198,2025-09-17,Board of Directors - Special Board Meeting,153898,17,2025-0264,APPROVED AS AMENDED,1820,James Butts,Aye,1
3198,2025-09-17,Board of Directors - Special Board Meeting,153898,17,2025-0264,APPROVED AS AMENDED,284,Jacquelyn Dupont-Walker,Aye,1
3198,2025-09-17,Board of Directors - Special Board Meeting,153898,17,2025-0264,APPROVED AS AMENDED,1981,Janice Hahn,Aye,1
3198,2025-09-17,Board of Directors - Special Board Meeting,153898,17,2025-0264,APPROVED AS AMENDED,3356,Lindsey Horvath,Aye,1
3198,2025-09-17,Board of Directors - Special Board Meeting,153898,17,2025-0264,APPROVED AS AMENDED,2240,Holly J. Mitchell,Aye,1
3198,2025-09-17,Board of Directors - Special Board Meeting,153898,17,2025-0264,APPROVED AS AMENDED,288,Ara J. Najarian,Absent,0
3198,2025-09-17,Board of Directors - Special Board Meeting,153898,17,2025-0264,APPROVED AS AMENDED,3525,Imelda Padilla,Aye,1
3198,2025-09-17,Board of Directors - Special Board Meeting,153898,17,2025-0264,APPROVED AS AMENDED,2244,Tim Sandoval,Absent,0
3198,2025-09-17,Board of Directors - Special Board Meeting,153898,17,2025-0264,APPROVED AS AMENDED,290,Hilda L. Solis,Aye,1
3198,2025-09-17,Board of Directors - Special Board Meeting,153898,17,2025-0264,APPROVED AS AMENDED,3373,Katy Yaroslavsky,Aye,1
3198,2025-09-17,Board of Directors - Special Board Meeting,153899,16,2025-0671,APPROVED,2253,Fernando Dutra,Aye,1
3198,2025-09-17,Board of Directors - Special Board Meeting,153899,16,2025-0671,APPROVED,3355,Karen Bass,Aye,1
3198,2025-09-17,Board of Directors - Special Board Meeting,153899,16,2025-0671,APPROVED,1982,Kathryn Barger,Absent,0
3198,2025-09-17,Board of Directors - Special Board Meeting,153899,16,2025-0671,APPROVED,1820,James Butts,Aye,1
3198,2025-09-17,Board of Directors - Special Board Meeting,153899,16,2025-0671,APPROVED,284,Jacquelyn Dupont-Walker,Aye,1
3198,2025-09-17,Board of Directors - Special Board Meeting,153899,16,2025-0671,APPROVED,1981,Janice Hahn,Aye,1
3198,2025-09-17,Board of Directors - Special Board Meeting,153899,16,2025-0671,APPROVED,3356,Lindsey Horvath,Absent,0
3198,2025-09-17,Board of Directors - Special Board Meeting,153899,16,2025-0671,APPROVED,2240,Holly J. Mitchell,Aye,1
3198,2025-09-17,Board of Directors - Special Board Meeting,153899,16,2025-0671,APPROVED,288,Ara J. Najarian,Absent,0
3198,2025-09-17,Board of Directors - Special Board Meeting,153899,16,2025-0671,APPROVED,3525,Imelda Padilla,Conflict,0
3198,2025-09-17,Board of Directors - Special Board Meeting,153899,16,2025-0671,APPROVED,2244,Tim Sandoval,Absent,0
3198,2025-09-17,Board of Directors - Special Board Meeting,153899,16,2025-0671,APPROVED,290,Hilda L. Solis,Aye,1
3198,2025-09-17,Board of Directors - Special Board Meeting,153899,16,2025-0671,APPROVED,3373,Katy Yaroslavsky,Absent,0
3203,2025-09-25,Board of Directors - Regular Board Meeting,153977,6,2025-0603,APPROVED,2253,Fernando Dutra,Aye,1
3203,2025-09-25,Board of Directors - Regular Board Meeting,153977,6,2025-0603,APPROVED,284,Jacquelyn Dupont-Walker,Absent,0
3203,2025-09-25,Board of Directors - Regular Board Meeting,153977,6,2025-0603,APPROVED,1982,Kathryn Barger,Aye,1
3203,2025-09-25,Board of Directors - Regular Board Meeting,153977,6,2025-0603,APPROVED,3355,Karen Bass,Absent,0
3203,2025-09-25,Board of Directors - Regular Board Meeting,153977,6,2025-0603,APPROVED,1820,James Butts,Absent,0
3203,2025-09-25,Board of Directors - Regular Board Meeting,153977,6,2025-0603,APPROVED,1981,Janice Hahn,Aye,1
3203,2025-09-25,Board of Directors - Regular Board Meeting,153977,6,2025-0603,APPROVED,3356,Lindsey Horvath,Aye,1
3203,2025-09-25,Board of Directors - Regular Board Meeting,153977,6,2025-0603,APPROVED,2240,Holly J. Mitchell,Aye,1
3203,2025-09-25,Board of Directors - Regular Board Meeting,153977,6,2025-0603,APPROVED,288,Ara J. Najarian,Aye,1
3203,2025-09-25,Board of Directors - Regular Board Meeting,153977,6,2025-0603,APPROVED,3525,Imelda Padilla,Absent,0
3203,2025-09-25,Board of Directors - Regular Board Meeting,153977,6,2025-0603,APPROVED,2244,Tim Sandoval,Aye,1
3203,2025-09-25,Board of Directors - Regular Board Meeting,153977,6,2025-0603,APPROVED,290,Hilda L. Solis,Aye,1
3203,2025-09-25,Board of Directors - Regular Board Meeting,153977,6,2025-0603,APPROVED,3373,Katy Yaroslavsky,Aye,1
3203,2025-09-25,Board of Directors - Regular Board Meeting,153979,5,2025-0610,APPROVED,2253,Fernando Dutra,Aye,1
3203,2025-09-25,Board of Directors - Regular Board Meeting,153979,5,2025-0610,APPROVED,284,Jacquelyn Dupont-Walker,Absent,0
3203,2025-09-25,Board of Directors - Regular Board Meeting,153979,5,2025-0610,APPROVED,1982,Kathryn Barger,Aye,1
3203,2025-09-25,Board of Directors - Regular Board Meeting,153979,5,2025-0610,APPROVED,3355,Karen Bass,Absent,0
3203,2025-09-25,Board of Directors - Regular Board Meeting,153979,5,2025-0610,APPROVED,1820,James Butts,Absent,0
3203,2025-09-25,Board of Directors - Regular Board Meeting,153979,5,2025-0610,APPROVED,1981,Janice Hahn,Aye,1
3203,2025-09-25,Board of Directors - Regular Board Meeting,153979,5,2025-0610,APPROVED,3356,Lindsey Horvath,Aye,1
3203,2025-09-25,Board of Directors - Regular Board Meeting,153979,5,2025-0610,APPROVED,2240,Holly J. Mitchell,Aye,1
3203,2025-09-25,Board of Directors - Regular Board Meeting,153979,5,2025-0610,APPROVED,288,Ara J. Najarian,Aye,1
3203,2025-09-25,Board of Directors - Regular Board Meeting,153979,5,2025-0610,APPROVED,3525,Imelda Padilla,Absent,0
3203,2025-09-25,Board of Directors - Regular Board Meeting,153979,5,2025-0610,APPROVED,2244,Tim Sandoval,Aye,1
3203,2025-09-25,Board of Directors - Regular Board Meeting,153979,5,2025-0610,APPROVED,290,Hilda L. Solis,Aye,1
3203,2025-09-25,Board of Directors - Regular Board Meeting,153979,5,2025-0610,APPROVED,3373,Katy Yaroslavsky,Aye,1
3203,2025-09-25,Board of Directors - Regular Board Meeting,153981,2,2025-0838,APPROVED,2253,Fernando Dutra,Aye,1
3203,2025-09-25,Board of Directors - Regular Board Meeting,153981,2,2025-0838,APPROVED,284,Jacquelyn Dupont-Walker,Absent,0
3203,2025-09-25,Board of Directors - Regular Board Meeting,153981,2,2025-0838,APPROVED,1982,Kathryn Barger,Aye,1
3203,2025-09-25,Board of Directors - Regular Board Meeting,153981,2,2025-0838,APPROVED,3355,Karen Bass,Absent,0
3203,2025-09-25,Board of Directors - Regular Board Meeting,153981,2,2025-0838,APPROVED,1820,James Butts,Absent,0
3203,2025-09-25,Board of Directors - Regular Board Meeting,153981,2,2025-0838,APPROVED,1981,Janice Hahn,Aye,1
3203,2025-09-25,Board of Directors - Regular Board Meeting,153981,2,2025-0838,APPROVED,3356,Lindsey Horvath,Aye,1
3203,2025-09-25,Board of Directors - Regular Board Meeting,153981,2,2025-0838,APPROVED,2240,Holly J. Mitchell,Aye,1
3203,2025-09-25,Board of Directors - Regular Board Meeting,153981,2,2025-0838,APPROVED,288,Ara J. Najarian,Aye,1
3203,2025-09-25,Board of Directors - Regular Board Meeting,153981,2,2025-0838,APPROVED,3525,Imelda Padilla,Absent,0
3203,2025-09-25,Board of Directors - Regular Board Meeting,153981,2,2025-0838,APPROVED,2244,Tim Sandoval,Aye,1
3203,2025-09-25,Board of Directors - Regular Board Meeting,153981,2,2025-0838,APPROVED,290,Hilda L. Solis,Aye,1
3203,2025-09-25,Board of Directors - Regular Board Meeting,153981,2,2025-0838,APPROVED,3373,Katy Yaroslavsky,Aye,1
3203,2025-09-25,Board of Directors - Regular Board Meeting,153984,44,2025-0596,APPROVED,2253,Fernando Dutra,Aye,1
3203,2025-09-25,Board of Directors - Regular Board Meeting,153984,44,2025-0596,APPROVED,284,Jacquelyn Dupont-Walker,Absent,0
3203,2025-09-25,Board of Directors - Regular Board Meeting,153984,44,2025-0596,APPROVED,1982,Kathryn Barger,Aye,1
3203,2025-09-25,Board of Directors - Regular Board Meeting,153984,44,2025-0596,APPROVED,3355,Karen Bass,Absent,0
3203,2025-09-25,Board of Directors - Regular Board Meeting,153984,44,2025-0596,APPROVED,1820,James Butts,Absent,0
3203,2025-09-25,Board of Directors - Regular Board Meeting,153984,44,2025-0596,APPROVED,1981,Janice Hahn,Aye,1
3203,2025-09-25,Board of Directors - Regular Board Meeting,153984,44,2025-0596,APPROVED,3356,Lindsey Horvath,Aye,1
3203,2025-09-25,Board of Directors - Regular Board Meeting,153984,44,2025-0596,APPROVED,2240,Holly J. Mitchell,Aye,1
3203,2025-09-25,Board of Directors - Regular Board Meeting,153984,44,2025-0596,APPROVED,288,Ara J. Najarian,Aye,1
3203,2025-09-25,Board of Directors - Regular Board Meeting,153984,44,2025-0596,APPROVED,3525,Imelda Padilla,Absent,0
3203,2025-09-25,Board of Directors - Regular Board Meeting,153984,44,2025-0596,APPROVED,2244,Tim Sandoval,Aye,1
3203,2025-09-25,Board of Directors - Regular Board Meeting,153984,44,2025-0596,APPROVED,290,Hilda L. Solis,Aye,1
3203,2025-09-25,Board of Directors - Regular Board Meeting,153984,44,2025-0596,APPROVED,3373,Katy Yaroslavsky,Aye,1
3203,2025-09-25,Board of Directors - Regular Board Meeting,153990,4,2025-0835,RECEIVED,2253,Fernando Dutra,Aye,1
3203,2025-09-25,Board of Directors - Regular Board Meeting,153990,4,2025-0835,RECEIVED,284,Jacquelyn Dupont-Walker,Absent,0
3203,2025-09-25,Board of Directors - Regular Board Meeting,153990,4,2025-0835,RECEIVED,1982,Kathryn Barger,Aye,1
3203,2025-09-25,Board of Directors - Regular Board Meeting,153990,4,2025-0835,RECEIVED,3355,Karen Bass,Absent,0
3203,2025-09-25,Board of Directors - Regular Board Meeting,153990,4,2025-0835,RECEIVED,1820,James Butts,Absent,0
3203,2025-09-25,Board of Directors - Regular Board Meeting,153990,4,2025-0835,RECEIVED,1981,Janice Hahn,Aye,1
3203,2025-09-25,Board of Directors - Regular Board Meeting,153990,4,2025-0835,RECEIVED,3356,Lindsey Horvath,Aye,1
3203,2025-09-25,Board of Directors - Regular Board Meeting,153990,4,2025-0835,RECEIVED,2240,Holly J. Mitchell,Aye,1
3203,2025-09-25,Board of Directors - Regular Board Meeting,153990,4,2025-0835,RECEIVED,288,Ara J. Najarian,Aye,1
3203,2025-09-25,Board of Directors - Regular Board Meeting,153990,4,2025-0835,RECEIVED,3525,Imelda Padilla,Absent,0
3203,2025-09-25,Board of Directors - Regular Board Meeting,153990,4,2025-0835,RECEIVED,2244,Tim Sandoval,Aye,1
3203,2025-09-25,Board of Directors - Regular Board Meeting,153990,4,2025-0835,RECEIVED,290,Hilda L. Solis,Aye,1
3203,2025-09-25,Board of Directors - Regular Board Meeting,153990,4,2025-0835,RECEIVED,3373,Katy Yaroslavsky,Aye,1
3203,2025-09-25,Board of Directors - Regular Board Meeting,153991,3,2025-0834,RECEIVED,2253,Fernando Dutra,Aye,1
3203,2025-09-25,Board of Directors - Regular Board Meeting,153991,3,2025-0834,RECEIVED,284,Jacquelyn Dupont-Walker,Absent,0
3203,2025-09-25,Board of Directors - Regular Board Meeting,153991,3,2025-0834,RECEIVED,1982,Kathryn Barger,Aye,1
3203,2025-09-25,Board of Directors - Regular Board Meeting,153991,3,2025-0834,RECEIVED,3355,Karen Bass,Absent,0
3203,2025-09-25,Board of Directors - Regular Board Meeting,153991,3,2025-0834,RECEIVED,1820,James Butts,Absent,0
3203,2025-09-25,Board of Directors - Regular Board Meeting,153991,3,2025-0834,RECEIVED,1981,Janice Hahn,Aye,1
3203,2025-09-25,Board of Directors - Regular Board Meeting,153991,3,2025-0834,RECEIVED,3356,Lindsey Horvath,Aye,1
3203,2025-09-25,Board of Directors - Regular Board Meeting,153991,3,2025-0834,RECEIVED,2240,Holly J. Mitchell,Aye,1
3203,2025-09-25,Board of Directors - Regular Board Meeting,153991,3,2025-0834,RECEIVED,288,Ara J. Najarian,Aye,1
3203,2025-09-25,Board of Directors - Regular Board Meeting,153991,3,2025-0834,RECEIVED,3525,Imelda Padilla,Absent,0
3203,2025-09-25,Board of Directors - Regular Board Meeting,153991,3,2025-0834,RECEIVED,2244,Tim Sandoval,Aye,1
3203,2025-09-25,Board of Directors - Regular Board Meeting,153991,3,2025-0834,RECEIVED,290,Hilda L. Solis,Aye,1
3203,2025-09-25,Board of Directors - Regular Board Meeting,153991,3,2025-0834,RECEIVED,3373,Katy Yaroslavsky,Aye,1
3203,2025-09-25,Board of Directors - Regular Board Meeting,153993,34,2025-0616,APPROVED,2253,Fernando Dutra,Aye,1
3203,2025-09-25,Board of Directors - Regular Board Meeting,153993,34,2025-0616,APPROVED,284,Jacquelyn Dupont-Walker,Absent,0
3203,2025-09-25,Board of Directors - Regular Board Meeting,153993,34,2025-0616,APPROVED,1982,Kathryn Barger,Aye,1
3203,2025-09-25,Board of Directors - Regular Board Meeting,153993,34,2025-0616,APPROVED,3355,Karen Bass,Absent,0
3203,2025-09-25,Board of Directors - Regular Board Meeting,153993,34,2025-0616,APPROVED,1820,James Butts,Absent,0
3203,2025-09-25,Board of Directors - Regular Board Meeting,153993,34,2025-0616,APPROVED,1981,Janice Hahn,Aye,1
3203,2025-09-25,Board of Directors - Regular Board Meeting,153993,34,2025-0616,APPROVED,3356,Lindsey Horvath,Aye,1
3203,2025-09-25,Board of Directors - Regular Board Meeting,153993,34,2025-0616,APPROVED,2240,Holly J. Mitchell,Aye,1
3203,2025-09-25,Board of Directors - Regular Board Meeting,153993,34,2025-0616,APPROVED,288,Ara J. Najarian,Aye,1
3203,2025-09-25,Board of Directors - Regular Board Meeting,153993,34,2025-0616,APPROVED,3525,Imelda Padilla,Absent,0
3203,2025-09-25,Board of Directors - Regular Board Meeting,153993,34,2025-0616,APPROVED,2244,Tim Sandoval,Aye,1
3203,2025-09-25,Board of Directors - Regular Board Meeting,153993,34,2025-0616,APPROVED,290,Hilda L. Solis,Aye,1
3203,2025-09-25,Board of Directors - Regular Board Meeting,153993,34,2025-0616,APPROVED,3373,Katy Yaroslavsky,Aye,1
3203,2025-09-25,Board of Directors - Regular Board Meeting,153995,33,2025-0617,APPROVED,2253,Fernando Dutra,Aye,1
3203,2025-09-25,Board of Directors - Regular Board Meeting,153995,33,2025-0617,APPROVED,284,Jacquelyn Dupont-Walker,Absent,0
3203,2025-09-25,Board of Directors - Regular Board Meeting,153995,33,2025-0617,APPROVED,1982,Kathryn Barger,Aye,1
3203,2025-09-25,Board of Directors - Regular Board Meeting,153995,33,2025-0617,APPROVED,3355,Karen Bass,Absent,0
3203,2025-09-25,Board of Directors - Regular Board Meeting,153995,33,2025-0617,APPROVED,1820,James Butts,Absent,0
3203,2025-09-25,Board of Directors - Regular Board Meeting,153995,33,2025-0617,APPROVED,1981,Janice Hahn,Aye,1
3203,2025-09-25,Board of Directors - Regular Board Meeting,153995,33,2025-0617,APPROVED,3356,Lindsey Horvath,Aye,1
3203,2025-09-25,Board of Directors - Regular Board Meeting,153995,33,2025-0617,APPROVED,2240,Holly J. Mitchell,Aye,1
3203,2025-09-25,Board of Directors - Regular Board Meeting,153995,33,2025-0617,APPROVED,288,Ara J. Najarian,Aye,1
3203,2025-09-25,Board of Directors - Regular Board Meeting,153995,33,2025-0617,APPROVED,3525,Imelda Padilla,Absent,0
3203,2025-09-25,Board of Directors - Regular Board Meeting,153995,33,2025-0617,APPROVED,2244,Tim Sandoval,Aye,1
3203,2025-09-25,Board of Directors - Regular Board Meeting,153995,33,2025-0617,APPROVED,290,Hilda L. Solis,Aye,1
3203,2025-09-25,Board of Directors - Regular Board Meeting,153995,33,2025-0617,APPROVED,3373,Katy Yaroslavsky,Aye,1
3203,2025-09-25,Board of Directors - Regular Board Meeting,153997,32,2025-0446,APPROVED,2253,Fernando Dutra,Aye,1
3203,2025-09-25,Board of Directors - Regular Board Meeting,153997,32,2025-0446,APPROVED,284,Jacquelyn Dupont-Walker,Absent,0
3203,2025-09-25,Board of Directors - Regular Board Meeting,153997,32,2025-0446,APPROVED,1982,Kathryn Barger,Aye,1
3203,2025-09-25,Board of Directors - Regular Board Meeting,153997,32,2025-0446,APPROVED,3355,Karen Bass,Absent,0
3203,2025-09-25,Board of Directors - Regular Board Meeting,153997,32,2025-0446,APPROVED,1820,James Butts,Absent,0
3203,2025-09-25,Board of Directors - Regular Board Meeting,153997,32,2025-0446,APPROVED,1981,Janice Hahn,Aye,1
3203,2025-09-25,Board of Directors - Regular Board Meeting,153997,32,2025-0446,APPROVED,3356,Lindsey Horvath,Aye,1
3203,2025-09-25,Board of Directors - Regular Board Meeting,153997,32,2025-0446,APPROVED,2240,Holly J. Mitchell,Aye,1
3203,2025-09-25,Board of Directors - Regular Board Meeting,153997,32,2025-0446,APPROVED,288,Ara J. Najarian,Aye,1
3203,2025-09-25,Board of Directors - Regular Board Meeting,153997,32,2025-0446,APPROVED,3525,Imelda Padilla,Absent,0
3203,2025-09-25,Board of Directors - Regular Board Meeting,153997,32,2025-0446,APPROVED,2244,Tim Sandoval,Aye,1
3203,2025-09-25,Board of Directors - Regular Board Meeting,153997,32,2025-0446,APPROVED,290,Hilda L. Solis,Aye,1
3203,2025-09-25,Board of Directors - Regular Board Meeting,153997,32,2025-0446,APPROVED,3373,Katy Yaroslavsky,Aye,1
3203,2025-09-25,Board of Directors - Regular Board Meeting,154000,7,2025-0604,APPROVED,2253,Fernando Dutra,Aye,1
3203,2025-09-25,Board of Directors - Regular Board Meeting,154000,7,2025-0604,APPROVED,284,Jacquelyn Dupont-Walker,Absent,0
3203,2025-09-25,Board of Directors - Regular Board Meeting,154000,7,2025-0604,APPROVED,1982,Kathryn Barger,Aye,1
3203,2025-09-25,Board of Directors - Regular Board Meeting,154000,7,2025-0604,APPROVED,3355,Karen Bass,Absent,0
3203,2025-09-25,Board of Directors - Regular Board Meeting,154000,7,2025-0604,APPROVED,1820,James Butts,Absent,0
3203,2025-09-25,Board of Directors - Regular Board Meeting,154000,7,2025-0604,APPROVED,1981,Janice Hahn,Aye,1
3203,2025-09-25,Board of Directors - Regular Board Meeting,154000,7,2025-0604,APPROVED,3356,Lindsey Horvath,Aye,1
3203,2025-09-25,Board of Directors - Regular Board Meeting,154000,7,2025-0604,APPROVED,2240,Holly J. Mitchell,Aye,1
3203,2025-09-25,Board of Directors - Regular Board Meeting,154000,7,2025-0604,APPROVED,288,Ara J. Najarian,Aye,1
3203,2025-09-25,Board of Directors - Regular Board Meeting,154000,7,2025-0604,APPROVED,3525,Imelda Padilla,Absent,0
3203,2025-09-25,Board of Directors - Regular Board Meeting,154000,7,2025-0604,APPROVED,2244,Tim Sandoval,Aye,1
3203,2025-09-25,Board of Directors - Regular Board Meeting,154000,7,2025-0604,APPROVED,290,Hilda L. Solis,Aye,1
3203,2025-09-25,Board of Directors - Regular Board Meeting,154000,7,2025-0604,APPROVED,3373,Katy Yaroslavsky,Aye,1
3203,2025-09-25,Board of Directors - Regular Board Meeting,154009,9,2025-0576,APPROVED,2253,Fernando Dutra,Aye,1
3203,2025-09-25,Board of Directors - Regular Board Meeting,154009,9,2025-0576,APPROVED,284,Jacquelyn Dupont-Walker,Absent,0
3203,2025-09-25,Board of Directors - Regular Board Meeting,154009,9,2025-0576,APPROVED,1982,Kathryn Barger,Aye,1
3203,2025-09-25,Board of Directors - Regular Board Meeting,154009,9,2025-0576,APPROVED,3355,Karen Bass,Absent,0
3203,2025-09-25,Board of Directors - Regular Board Meeting,154009,9,2025-0576,APPROVED,1820,James Butts,Absent,0
3203,2025-09-25,Board of Directors - Regular Board Meeting,154009,9,2025-0576,APPROVED,1981,Janice Hahn,Aye,1
3203,2025-09-25,Board of Directors - Regular Board Meeting,154009,9,2025-0576,APPROVED,3356,Lindsey Horvath,Aye,1
3203,2025-09-25,Board of Directors - Regular Board Meeting,154009,9,2025-0576,APPROVED,2240,Holly J. Mitchell,Aye,1
3203,2025-09-25,Board of Directors - Regular Board Meeting,154009,9,2025-0576,APPROVED,288,Ara J. Najarian,Aye,1
3203,2025-09-25,Board of Directors - Regular Board Meeting,154009,9,2025-0576,APPROVED,3525,Imelda Padilla,Absent,0
3203,2025-09-25,Board of Directors - Regular Board Meeting,154009,9,2025-0576,APPROVED,2244,Tim Sandoval,Aye,1
3203,2025-09-25,Board of Directors - Regular Board Meeting,154009,9,2025-0576,APPROVED,290,Hilda L. Solis,Aye,1
3203,2025-09-25,Board of Directors - Regular Board Meeting,154009,9,2025-0576,APPROVED,3373,Katy Yaroslavsky,Aye,1
3203,2025-09-25,Board of Directors - Regular Board Meeting,154011,8,2025-0429,APPROVED,2253,Fernando Dutra,Aye,1
3203,2025-09-25,Board of Directors - Regular Board Meeting,154011,8,2025-0429,APPROVED,284,Jacquelyn Dupont-Walker,Absent,0
3203,2025-09-25,Board of Directors - Regular Board Meeting,154011,8,2025-0429,APPROVED,1982,Kathryn Barger,Aye,1
3203,2025-09-25,Board of Directors - Regular Board Meeting,154011,8,2025-0429,APPROVED,3355,Karen Bass,Absent,0
3203,2025-09-25,Board of Directors - Regular Board Meeting,154011,8,2025-0429,APPROVED,1820,James Butts,Absent,0
3203,2025-09-25,Board of Directors - Regular Board Meeting,154011,8,2025-0429,APPROVED,1981,Janice Hahn,Aye,1
3203,2025-09-25,Board of Directors - Regular Board Meeting,154011,8,2025-0429,APPROVED,3356,Lindsey Horvath,Aye,1
3203,2025-09-25,Board of Directors - Regular Board Meeting,154011,8,2025-0429,APPROVED,2240,Holly J. Mitchell,Aye,1
3203,2025-09-25,Board of Directors - Regular Board Meeting,154011,8,2025-0429,APPROVED,288,Ara J. Najarian,Aye,1
3203,2025-09-25,Board of Directors - Regular Board Meeting,154011,8,2025-0429,APPROVED,3525,Imelda Padilla,Absent,0
3203,2025-09-25,Board of Directors - Regular Board Meeting,154011,8,2025-0429,APPROVED,2244,Tim Sandoval,Aye,1
3203,2025-09-25,Board of Directors - Regular Board Meeting,154011,8,2025-0429,APPROVED,290,Hilda L. Solis,Aye,1
3203,2025-09-25,Board of Directors - Regular Board Meeting,154011,8,2025-0429,APPROVED,3373,Katy Yaroslavsky,Aye,1
3203,2025-09-25,Board of Directors - Regular Board Meeting,154014,28,2025-0622,APPROVED,2253,Fernando Dutra,Aye,1
3203,2025-09-25,Board of Directors - Regular Board Meeting,154014,28,2025-0622,APPROVED,284,Jacquelyn Dupont-Walker,Absent,0
3203,2025-09-25,Board of Directors - Regular Board Meeting,154014,28,2025-0622,APPROVED,1982,Kathryn Barger,Aye,1
3203,2025-09-25,Board of Directors - Regular Board Meeting,154014,28,2025-0622,APPROVED,3355,Karen Bass,Absent,0
3203,2025-09-25,Board of Directors - Regular Board Meeting,154014,28,2025-0622,APPROVED,1820,James Butts,Absent,0
3203,2025-09-25,Board of Directors - Regular Board Meeting,154014,28,2025-0622,APPROVED,1981,Janice Hahn,Aye,1
3203,2025-09-25,Board of Directors - Regular Board Meeting,154014,28,2025-0622,APPROVED,3356,Lindsey Horvath,Aye,1
3203,2025-09-25,Board of Directors - Regular Board Meeting,154014,28,2025-0622,APPROVED,2240,Holly J. Mitchell,Aye,1
3203,2025-09-25,Board of Directors - Regular Board Meeting,154014,28,2025-0622,APPROVED,288,Ara J. Najarian,Aye,1
3203,2025-09-25,Board of Directors - Regular Board Meeting,154014,28,2025-0622,APPROVED,3525,Imelda Padilla,Absent,0
3203,2025-09-25,Board of Directors - Regular Board Meeting,154014,28,2025-0622,APPROVED,2244,Tim Sandoval,Aye,1
3203,2025-09-25,Board of Directors - Regular Board Meeting,154014,28,2025-0622,APPROVED,290,Hilda L. Solis,Aye,1
3203,2025-09-25,Board of Directors - Regular Board Meeting,154014,28,2025-0622,APPROVED,3373,Katy Yaroslavsky,Aye,1
3203,2025-09-25,Board of Directors - Regular Board Meeting,154016,27,2025-0599,ADOPTED,2253,Fernando Dutra,Aye,1
3203,2025-09-25,Board of Directors - Regular Board Meeting,154016,27,2025-0599,ADOPTED,284,Jacquelyn Dupont-Walker,Absent,0
3203,2025-09-25,Board of Directors - Regular Board Meeting,154016,27,2025-0599,ADOPTED,1982,Kathryn Barger,Aye,1
3203,2025-09-25,Board of Directors - Regular Board Meeting,154016,27,2025-0599,ADOPTED,3355,Karen Bass,Absent,0
3203,2025-09-25,Board of Directors - Regular Board Meeting,154016,27,2025-0599,ADOPTED,1820,James Butts,Absent,0
3203,2025-09-25,Board of Directors - Regular Board Meeting,154016,27,2025-0599,ADOPTED,1981,Janice Hahn,Aye,1
3203,2025-09-25,Board of Directors - Regular Board Meeting,154016,27,2025-0599,ADOPTED,3356,Lindsey Horvath,Aye,1
3203,2025-09-25,Board of Directors - Regular Board Meeting,154016,27,2025-0599,ADOPTED,2240,Holly J. Mitchell,Aye,1
3203,2025-09-25,Board of Directors - Regular Board Meeting,154016,27,2025-0599,ADOPTED,288,Ara J. Najarian,Aye,1
3203,2025-09-25,Board of Directors - Regular Board Meeting,154016,27,2025-0599,ADOPTED,3525,Imelda Padilla,Absent,0
3203,2025-09-25,Board of Directors - Regular Board Meeting,154016,27,2025-0599,ADOPTED,2244,Tim Sandoval,Aye,1
3203,2025-09-25,Board of Directors - Regular Board Meeting,154016,27,2025-0599,ADOPTED,290,Hilda L. Solis,Aye,1
3203,2025-09-25,Board of Directors - Regular Board Meeting,154016,27,2025-0599,ADOPTED,3373,Katy Yaroslavsky,Aye,1
3203,2025-09-25,Board of Directors - Regular Board Meeting,154019,22,2025-0677,APPROVED,2253,Fernando Dutra,Aye,1
3203,2025-09-25,Board of Directors - Regular Board Meeting,154019,22,2025-0677,APPROVED,284,Jacquelyn Dupont-Walker,Absent,0
3203,2025-09-25,Board of Directors - Regular Board Meeting,154019,22,2025-0677,APPROVED,1982,Kathryn Barger,Aye,1
3203,2025-09-25,Board of Directors - Regular Board Meeting,154019,22,2025-0677,APPROVED,3355,Karen Bass,Absent,0
3203,2025-09-25,Board of Directors - Regular Board Meeting,154019,22,2025-0677,APPROVED,1820,James Butts,Absent,0
3203,2025-09-25,Board of Directors - Regular Board Meeting,154019,22,2025-0677,APPROVED,1981,Janice Hahn,Aye,1
3203,2025-09-25,Board of Directors - Regular Board Meeting,154019,22,2025-0677,APPROVED,3356,Lindsey Horvath,Aye,1
3203,2025-09-25,Board of Directors - Regular Board Meeting,154019,22,2025-0677,APPROVED,2240,Holly J. Mitchell,Aye,1
3203,2025-09-25,Board of Directors - Regular Board Meeting,154019,22,2025-0677,APPROVED,288,Ara J. Najarian,Aye,1
3203,2025-09-25,Board of Directors - Regular Board Meeting,154019,22,2025-0677,APPROVED,3525,Imelda Padilla,Absent,0
3203,2025-09-25,Board of Directors - Regular Board Meeting,154019,22,2025-0677,APPROVED,2244,Tim Sandoval,Aye,1
3203,2025-09-25,Board of Directors - Regular Board Meeting,154019,22,2025-0677,APPROVED,290,Hilda L. Solis,Aye,1
3203,2025-09-25,Board of Directors - Regular Board Meeting,154019,22,2025-0677,APPROVED,3373,Katy Yaroslavsky,Aye,1
3203,2025-09-25,Board of Directors - Regular Board Meeting,154021,21,2025-0411,APPROVED,2253,Fernando Dutra,Aye,1
3203,2025-09-25,Board of Directors - Regular Board Meeting,154021,21,2025-0411,APPROVED,284,Jacquelyn Dupont-Walker,Absent,0
3203,2025-09-25,Board of Directors - Regular Board Meeting,154021,21,2025-0411,APPROVED,1982,Kathryn Barger,Aye,1
3203,2025-09-25,Board of Directors - Regular Board Meeting,154021,21,2025-0411,APPROVED,3355,Karen Bass,Absent,0
3203,2025-09-25,Board of Directors - Regular Board Meeting,154021,21,2025-0411,APPROVED,1820,James Butts,Absent,0
3203,2025-09-25,Board of Directors - Regular Board Meeting,154021,21,2025-0411,APPROVED,1981,Janice Hahn,Aye,1
3203,2025-09-25,Board of Directors - Regular Board Meeting,154021,21,2025-0411,APPROVED,3356,Lindsey Horvath,Aye,1
3203,2025-09-25,Board of Directors - Regular Board Meeting,154021,21,2025-0411,APPROVED,2240,Holly J. Mitchell,Aye,1
3203,2025-09-25,Board of Directors - Regular Board Meeting,154021,21,2025-0411,APPROVED,288,Ara J. Najarian,Aye,1
3203,2025-09-25,Board of Directors - Regular Board Meeting,154021,21,2025-0411,APPROVED,3525,Imelda Padilla,Absent,0
3203,2025-09-25,Board of Directors - Regular Board Meeting,154021,21,2025-0411,APPROVED,2244,Tim Sandoval,Aye,1
3203,2025-09-25,Board of Directors - Regular Board Meeting,154021,21,2025-0411,APPROVED,290,Hilda L. Solis,Aye,1
3203,2025-09-25,Board of Directors - Regular Board Meeting,154021,21,2025-0411,APPROVED,3373,Katy Yaroslavsky,Aye,1
3203,2025-09-25,Board of Directors - Regular Board Meeting,154031,12,2025-0571,APPROVED,2253,Fernando Dutra,Aye,1
3203,2025-09-25,Board of Directors - Regular Board Meeting,154031,12,2025-0571,APPROVED,284,Jacquelyn Dupont-Walker,Absent,0
3203,2025-09-25,Board of Directors - Regular Board Meeting,154031,12,2025-0571,APPROVED,1982,Kathryn Barger,Aye,1
3203,2025-09-25,Board of Directors - Regular Board Meeting,154031,12,2025-0571,APPROVED,3355,Karen Bass,Absent,0
3203,2025-09-25,Board of Directors - Regular Board Meeting,154031,12,2025-0571,APPROVED,1820,James Butts,Absent,0
3203,2025-09-25,Board of Directors - Regular Board Meeting,154031,12,2025-0571,APPROVED,1981,Janice Hahn,Aye,1
3203,2025-09-25,Board of Directors - Regular Board Meeting,154031,12,2025-0571,APPROVED,3356,Lindsey Horvath,Aye,1
3203,2025-09-25,Board of Directors - Regular Board Meeting,154031,12,2025-0571,APPROVED,2240,Holly J. Mitchell,Aye,1
3203,2025-09-25,Board of Directors - Regular Board Meeting,154031,12,2025-0571,APPROVED,288,Ara J. Najarian,Aye,1
3203,2025-09-25,Board of Directors - Regular Board Meeting,154031,12,2025-0571,APPROVED,3525,Imelda Padilla,Absent,0
3203,2025-09-25,Board of Directors - Regular Board Meeting,154031,12,2025-0571,APPROVED,2244,Tim Sandoval,Aye,1
3203,2025-09-25,Board of Directors - Regular Board Meeting,154031,12,2025-0571,APPROVED,290,Hilda L. Solis,Aye,1
3203,2025-09-25,Board of Directors - Regular Board Meeting,154031,12,2025-0571,APPROVED,3373,Katy Yaroslavsky,Aye,1
3203,2025-09-25,Board of Directors - Regular Board Meeting,154032,13,2025-0583,APPROVED,2253,Fernando Dutra,Aye,1
3203,2025-09-25,Board of Directors - Regular Board Meeting,154032,13,2025-0583,APPROVED,284,Jacquelyn Dupont-Walker,Absent,0
3203,2025-09-25,Board of Directors - Regular Board Meeting,154032,13,2025-0583,APPROVED,1982,Kathryn Barger,Aye,1
3203,2025-09-25,Board of Directors - Regular Board Meeting,154032,13,2025-0583,APPROVED,3355,Karen Bass,Absent,0
3203,2025-09-25,Board of Directors - Regular Board Meeting,154032,13,2025-0583,APPROVED,1820,James Butts,Absent,0
3203,2025-09-25,Board of Directors - Regular Board Meeting,154032,13,2025-0583,APPROVED,1981,Janice Hahn,Aye,1
3203,2025-09-25,Board of Directors - Regular Board Meeting,154032,13,2025-0583,APPROVED,3356,Lindsey Horvath,Aye,1
3203,2025-09-25,Board of Directors - Regular Board Meeting,154032,13,2025-0583,APPROVED,2240,Holly J. Mitchell,Aye,1
3203,2025-09-25,Board of Directors - Regular Board Meeting,154032,13,2025-0583,APPROVED,288,Ara J. Najarian,Aye,1
3203,2025-09-25,Board of Directors - Regular Board Meeting,154032,13,2025-0583,APPROVED,3525,Imelda Padilla,Absent,0
3203,2025-09-25,Board of Directors - Regular Board Meeting,154032,13,2025-0583,APPROVED,2244,Tim Sandoval,Aye,1
3203,2025-09-25,Board of Directors - Regular Board Meeting,154032,13,2025-0583,APPROVED,290,Hilda L. Solis,Aye,1
3203,2025-09-25,Board of Directors - Regular Board Meeting,154032,13,2025-0583,APPROVED,3373,Katy Yaroslavsky,Aye,1
3203,2025-09-25,Board of Directors - Regular Board Meeting,154085,39,2025-0445,APPROVED,2253,Fernando Dutra,Aye,1
3203,2025-09-25,Board of Directors - Regular Board Meeting,154085,39,2025-0445,APPROVED,284,Jacquelyn Dupont-Walker,Absent,0
3203,2025-09-25,Board of Directors - Regular Board Meeting,154085,39,2025-0445,APPROVED,1982,Kathryn Barger,Aye,1
3203,2025-09-25,Board of Directors - Regular Board Meeting,154085,39,2025-0445,APPROVED,3355,Karen Bass,Absent,0
3203,2025-09-25,Board of Directors - Regular Board Meeting,154085,39,2025-0445,APPROVED,1820,James Butts,Absent,0
3203,2025-09-25,Board of Directors - Regular Board Meeting,154085,39,2025-0445,APPROVED,1981,Janice Hahn,Aye,1
3203,2025-09-25,Board of Directors - Regular Board Meeting,154085,39,2025-0445,APPROVED,3356,Lindsey Horvath,Aye,1
3203,2025-09-25,Board of Directors - Regular Board Meeting,154085,39,2025-0445,APPROVED,2240,Holly J. Mitchell,Aye,1
3203,2025-09-25,Board of Directors - Regular Board Meeting,154085,39,2025-0445,APPROVED,288,Ara J. Najarian,Aye,1
3203,2025-09-25,Board of Directors - Regular Board Meeting,154085,39,2025-0445,APPROVED,3525,Imelda Padilla,Absent,0
3203,2025-09-25,Board of Directors - Regular Board Meeting,154085,39,2025-0445,APPROVED,2244,Tim Sandoval,Aye,1
3203,2025-09-25,Board of Directors - Regular Board Meeting,154085,39,2025-0445,APPROVED,290,Hilda L. Solis,Aye,1
3203,2025-09-25,Board of Directors - Regular Board Meeting,154085,39,2025-0445,APPROVED,3373,Katy Yaroslavsky,Aye,1
3203,2025-09-25,Board of Directors - Regular Board Meeting,154087,37,2025-0437,APPROVED,2253,Fernando Dutra,Aye,1
3203,2025-09-25,Board of Directors - Regular Board Meeting,154087,37,2025-0437,APPROVED,284,Jacquelyn Dupont-Walker,Absent,0
3203,2025-09-25,Board of Directors - Regular Board Meeting,154087,37,2025-0437,APPROVED,1982,Kathryn Barger,Aye,1
3203,2025-09-25,Board of Directors - Regular Board Meeting,154087,37,2025-0437,APPROVED,3355,Karen Bass,Absent,0
3203,2025-09-25,Board of Directors - Regular Board Meeting,154087,37,2025-0437,APPROVED,1820,James Butts,Absent,0
3203,2025-09-25,Board of Directors - Regular Board Meeting,154087,37,2025-0437,APPROVED,1981,Janice Hahn,Aye,1
3203,2025-09-25,Board of Directors - Regular Board Meeting,154087,37,2025-0437,APPROVED,3356,Lindsey Horvath,Aye,1
3203,2025-09-25,Board of Directors - Regular Board Meeting,154087,37,2025-0437,APPROVED,2240,Holly J. Mitchell,Aye,1
3203,2025-09-25,Board of Directors - Regular Board Meeting,154087,37,2025-0437,APPROVED,288,Ara J. Najarian,Aye,1
3203,2025-09-25,Board of Directors - Regular Board Meeting,154087,37,2025-0437,APPROVED,3525,Imelda Padilla,Absent,0
3203,2025-09-25,Board of Directors - Regular Board Meeting,154087,37,2025-0437,APPROVED,2244,Tim Sandoval,Aye,1
3203,2025-09-25,Board of Directors - Regular Board Meeting,154087,37,2025-0437,APPROVED,290,Hilda L. Solis,Aye,1
3203,2025-09-25,Board of Directors - Regular Board Meeting,154087,37,2025-0437,APPROVED,3373,Katy Yaroslavsky,Aye,1
3203,2025-09-25,Board of Directors - Regular Board Meeting,156185,,,APPROVED ON CONSENT CALENDAR,2253,Fernando Dutra,Aye,1
3203,2025-09-25,Board of Directors - Regular Board Meeting,156185,,,APPROVED ON CONSENT CALENDAR,284,Jacquelyn Dupont-Walker,Absent,0
3203,2025-09-25,Board of Directors - Regular Board Meeting,156185,,,APPROVED ON CONSENT CALENDAR,1982,Kathryn Barger,Aye,1
3203,2025-09-25,Board of Directors - Regular Board Meeting,156185,,,APPROVED ON CONSENT CALENDAR,3355,Karen Bass,Absent,0
3203,2025-09-25,Board of Directors - Regular Board Meeting,156185,,,APPROVED ON CONSENT CALENDAR,1820,James Butts,Absent,0
3203,2025-09-25,Board of Directors - Regular Board Meeting,156185,,,APPROVED ON CONSENT CALENDAR,1981,Janice Hahn,Aye,1
3203,2025-09-25,Board of Directors - Regular Board Meeting,156185,,,APPROVED ON CONSENT CALENDAR,3356,Lindsey Horvath,Aye,1
3203,2025-09-25,Board of Directors - Regular Board Meeting,156185,,,APPROVED ON CONSENT CALENDAR,2240,Holly J. Mitchell,Aye,1
3203,2025-09-25,Board of Directors - Regular Board Meeting,156185,,,APPROVED ON CONSENT CALENDAR,288,Ara J. Najarian,Aye,1
3203,2025-09-25,Board of Directors - Regular Board Meeting,156185,,,APPROVED ON CONSENT CALENDAR,3525,Imelda Padilla,Absent,0
3203,2025-09-25,Board of Directors - Regular Board Meeting,156185,,,APPROVED ON CONSENT CALENDAR,2244,Tim Sandoval,Aye,1
3203,2025-09-25,Board of Directors - Regular Board Meeting,156185,,,APPROVED ON CONSENT CALENDAR,290,Hilda L. Solis,Aye,1
3203,2025-09-25,Board of Directors - Regular Board Meeting,156185,,,APPROVED ON CONSENT CALENDAR,3373,Katy Yaroslavsky,Aye,1
3204,2025-10-15,Construction Committee,156242,16,2025-0849,RECEIVED AND FILED,288,Ara J. Najarian,Aye,1
3204,2025-10-15,Construction Committee,156242,16,2025-0849,RECEIVED AND FILED,1820,James Butts,Absent,0
3204,2025-10-15,Construction Committee,156242,16,2025-0849,RECEIVED AND FILED,284,Jacquelyn Dupont-Walker,Aye,1
3204,2025-10-15,Construction Committee,156242,16,2025-0849,RECEIVED AND FILED,2253,Fernando Dutra,Aye,1
3204,2025-10-15,Construction Committee,156242,16,2025-0849,RECEIVED AND FILED,3525,Imelda Padilla,Aye,1
3204,2025-10-15,Construction Committee,156243,15,2025-0796,RECEIVED AND FILED,288,Ara J. Najarian,Aye,1
3204,2025-10-15,Construction Committee,156243,15,2025-0796,RECEIVED AND FILED,1820,James Butts,Absent,0
3204,2025-10-15,Construction Committee,156243,15,2025-0796,RECEIVED AND FILED,284,Jacquelyn Dupont-Walker,Aye,1
3204,2025-10-15,Construction Committee,156243,15,2025-0796,RECEIVED AND FILED,2253,Fernando Dutra,Aye,1
3204,2025-10-15,Construction Committee,156243,15,2025-0796,RECEIVED AND FILED,3525,Imelda Padilla,Aye,1
3204,2025-10-15,Construction Committee,156244,14,2025-0809,RECEIVED,288,Ara J. Najarian,Aye,1
3204,2025-10-15,Construction Committee,156244,14,2025-0809,RECEIVED,1820,James Butts,Absent,0
3204,2025-10-15,Construction Committee,156244,14,2025-0809,RECEIVED,284,Jacquelyn Dupont-Walker,Aye,1
3204,2025-10-15,Construction Committee,156244,14,2025-0809,RECEIVED,2253,Fernando Dutra,Aye,1
3204,2025-10-15,Construction Committee,156244,14,2025-0809,RECEIVED,3525,Imelda Padilla,Aye,1
3204,2025-10-15,Construction Committee,156270,20,2025-0806,RECEIVED AND FILED,288,Ara J. Najarian,Aye,1
3204,2025-10-15,Construction Committee,156270,20,2025-0806,RECEIVED AND FILED,1820,James Butts,Absent,0
3204,2025-10-15,Construction Committee,156270,20,2025-0806,RECEIVED AND FILED,284,Jacquelyn Dupont-Walker,Aye,1
3204,2025-10-15,Construction Committee,156270,20,2025-0806,RECEIVED AND FILED,2253,Fernando Dutra,Aye,1
3204,2025-10-15,Construction Committee,156270,20,2025-0806,RECEIVED AND FILED,3525,Imelda Padilla,Aye,1
3205,2025-10-15,Planning and Programming Committee,154877,13,2025-0811,RECEIVED AND FILED,284,Jacquelyn Dupont-Walker,Aye,1
3205,2025-10-15,Planning and Programming Committee,154877,13,2025-0811,RECEIVED AND FILED,290,Hilda L. Solis,Absent,0
3205,2025-10-15,Planning and Programming Committee,154877,13,2025-0811,RECEIVED AND FILED,2253,Fernando Dutra,Aye,1
3205,2025-10-15,Planning and Programming Committee,154877,13,2025-0811,RECEIVED AND FILED,3356,Lindsey Horvath,Absent,0
3205,2025-10-15,Planning and Programming Committee,154877,13,2025-0811,RECEIVED AND FILED,288,Ara J. Najarian,Aye,1
3207,2025-10-16,Executive Management Committee,155769,26,2025-0856,RECEIVED AND FILED,2253,Fernando Dutra,Aye,1
3207,2025-10-16,Executive Management Committee,155769,26,2025-0856,RECEIVED AND FILED,3355,Karen Bass,Absent,0
3207,2025-10-16,Executive Management Committee,155769,26,2025-0856,RECEIVED AND FILED,1982,Kathryn Barger,Absent,0
3207,2025-10-16,Executive Management Committee,155769,26,2025-0856,RECEIVED AND FILED,284,Jacquelyn Dupont-Walker,Aye,1
3207,2025-10-16,Executive Management Committee,155769,26,2025-0856,RECEIVED AND FILED,1981,Janice Hahn,Aye,1
3207,2025-10-16,Executive Management Committee,155769,26,2025-0856,RECEIVED AND FILED,290,Hilda L. Solis,Aye,1
3207,2025-10-16,Executive Management Committee,156245,25,2025-0784,RECEIVED AND FILED,2253,Fernando Dutra,Aye,1
3207,2025-10-16,Executive Management Committee,156245,25,2025-0784,RECEIVED AND FILED,3355,Karen Bass,Absent,0
3207,2025-10-16,Executive Management Committee,156245,25,2025-0784,RECEIVED AND FILED,1982,Kathryn Barger,Absent,0
3207,2025-10-16,Executive Management Committee,156245,25,2025-0784,RECEIVED AND FILED,284,Jacquelyn Dupont-Walker,Aye,1
3207,2025-10-16,Executive Management Committee,156245,25,2025-0784,RECEIVED AND FILED,1981,Janice Hahn,Aye,1
3207,2025-10-16,Executive Management Committee,156245,25,2025-0784,RECEIVED AND FILED,290,Hilda L. Solis,Aye,1
3207,2025-10-16,Executive Management Committee,156248,23,2025-0863,RECEIVED AND FILED,2253,Fernando Dutra,Aye,1
3207,2025-10-16,Executive Management Committee,156248,23,2025-0863,RECEIVED AND FILED,3355,Karen Bass,Absent,0
3207,2025-10-16,Executive Management Committee,156248,23,2025-0863,RECEIVED AND FILED,1982,Kathryn Barger,Absent,0
3207,2025-10-16,Executive Management Committee,156248,23,2025-0863,RECEIVED AND FILED,284,Jacquelyn Dupont-Walker,Aye,1
3207,2025-10-16,Executive Management Committee,156248,23,2025-0863,RECEIVED AND FILED,1981,Janice Hahn,Aye,1
3207,2025-10-16,Executive Management Committee,156248,23,2025-0863,RECEIVED AND FILED,290,Hilda L. Solis,Aye,1
3208,2025-10-16,"Operations, Safety, and Customer Experience Committee",155786,34,2025-0823,RECEIVED,2240,Holly J. Mitchell,Aye,1
3208,2025-10-16,"Operations, Safety, and Customer Experience Committee",155786,34,2025-0823,RECEIVED,3525,Imelda Padilla,Aye,1
3208,2025-10-16,"Operations, Safety, and Customer Experience Committee",155786,34,2025-0823,RECEIVED,1981,Janice Hahn,Aye,1
3208,2025-10-16,"Operations, Safety, and Customer Experience Committee",155786,34,2025-0823,RECEIVED,2244,Tim Sandoval,Absent,0
3208,2025-10-16,"Operations, Safety, and Customer Experience Committee",155786,34,2025-0823,RECEIVED,3373,Katy Yaroslavsky,Aye,1
3208,2025-10-16,"Operations, Safety, and Customer Experience Committee",156252,33,2025-0822,RECEIVED,2240,Holly J. Mitchell,Aye,1
3208,2025-10-16,"Operations, Safety, and Customer Experience Committee",156252,33,2025-0822,RECEIVED,3525,Imelda Padilla,Aye,1
3208,2025-10-16,"Operations, Safety, and Customer Experience Committee",156252,33,2025-0822,RECEIVED,1981,Janice Hahn,Aye,1
3208,2025-10-16,"Operations, Safety, and Customer Experience Committee",156252,33,2025-0822,RECEIVED,2244,Tim Sandoval,Absent,0
3208,2025-10-16,"Operations, Safety, and Customer Experience Committee",156252,33,2025-0822,RECEIVED,3373,Katy Yaroslavsky,Aye,1
3208,2025-10-16,"Operations, Safety, and Customer Experience Committee",156262,36,2025-0786,RECEIVED AND FILED,2240,Holly J. Mitchell,Aye,1
3208,2025-10-16,"Operations, Safety, and Customer Experience Committee",156262,36,2025-0786,RECEIVED AND FILED,3525,Imelda Padilla,Aye,1
3208,2025-10-16,"Operations, Safety, and Customer Experience Committee",156262,36,2025-0786,RECEIVED AND FILED,1981,Janice Hahn,Aye,1
3208,2025-10-16,"Operations, Safety, and Customer Experience Committee",156262,36,2025-0786,RECEIVED AND FILED,2244,Tim Sandoval,Absent,0
3208,2025-10-16,"Operations, Safety, and Customer Experience Committee",156262,36,2025-0786,RECEIVED AND FILED,3373,Katy Yaroslavsky,Aye,1
3208,2025-10-16,"Operations, Safety, and Customer Experience Committee",156264,37,2025-0855,RECEIVED AND FILED,2240,Holly J. Mitchell,Aye,1
3208,2025-10-16,"Operations, Safety, and Customer Experience Committee",156264,37,2025-0855,RECEIVED AND FILED,3525,Imelda Padilla,Aye,1
3208,2025-10-16,"Operations, Safety, and Customer Experience Committee",156264,37,2025-0855,RECEIVED AND FILED,1981,Janice Hahn,Aye,1
3208,2025-10-16,"Operations, Safety, and Customer Experience Committee",156264,37,2025-0855,RECEIVED AND FILED,2244,Tim Sandoval,Absent,0
3208,2025-10-16,"Operations, Safety, and Customer Experience Committee",156264,37,2025-0855,RECEIVED AND FILED,3373,Katy Yaroslavsky,Aye,1
3208,2025-10-16,"Operations, Safety, and Customer Experience Committee",156266,38,2025-0825,RECEIVED AND FILED,2240,Holly J. Mitchell,Aye,1
3208,2025-10-16,"Operations, Safety, and Customer Experience Committee",156266,38,2025-0825,RECEIVED AND FILED,3525,Imelda Padilla,Aye,1
3208,2025-10-16,"Operations, Safety, and Customer Experience Committee",156266,38,2025-0825,RECEIVED AND FILED,1981,Janice Hahn,Aye,1
3208,2025-10-16,"Operations, Safety, and Customer Experience Committee",156266,38,2025-0825,RECEIVED AND FILED,2244,Tim Sandoval,Absent,0
3208,2025-10-16,"Operations, Safety, and Customer Experience Committee",156266,38,2025-0825,RECEIVED AND FILED,3373,Katy Yaroslavsky,Aye,1
3208,2025-10-16,"Operations, Safety, and Customer Experience Committee",156268,39,2025-0780,RECEIVED AND FILED,2240,Holly J. Mitchell,Aye,1
3208,2025-10-16,"Operations, Safety, and Customer Experience Committee",156268,39,2025-0780,RECEIVED AND FILED,3525,Imelda Padilla,Aye,1
3208,2025-10-16,"Operations, Safety, and Customer Experience Committee",156268,39,2025-0780,RECEIVED AND FILED,1981,Janice Hahn,Aye,1
3208,2025-10-16,"Operations, Safety, and Customer Experience Committee",156268,39,2025-0780,RECEIVED AND FILED,2244,Tim Sandoval,Absent,0
3208,2025-10-16,"Operations, Safety, and Customer Experience Committee",156268,39,2025-0780,RECEIVED AND FILED,3373,Katy Yaroslavsky,Aye,1
3209,2025-10-23,Board of Directors - Regular Board Meeting,156506,29,2025-0828,APPROVED,2253,Fernando Dutra,Aye,1
3209,2025-10-23,Board of Directors - Regular Board Meeting,156506,29,2025-0828,APPROVED,284,Jacquelyn Dupont-Walker,Aye,1
3209,2025-10-23,Board of Directors - Regular Board Meeting,156506,29,2025-0828,APPROVED,1982,Kathryn Barger,Aye,1
3209,2025-10-23,Board of Directors - Regular Board Meeting,156506,29,2025-0828,APPROVED,3355,Karen Bass,Absent,0
3209,2025-10-23,Board of Directors - Regular Board Meeting,156506,29,2025-0828,APPROVED,1820,James Butts,Aye,1
3209,2025-10-23,Board of Directors - Regular Board Meeting,156506,29,2025-0828,APPROVED,1981,Janice Hahn,Absent,0
3209,2025-10-23,Board of Directors - Regular Board Meeting,156506,29,2025-0828,APPROVED,3356,Lindsey Horvath,Aye,1
3209,2025-10-23,Board of Directors - Regular Board Meeting,156506,29,2025-0828,APPROVED,2240,Holly J. Mitchell,Absent,0
3209,2025-10-23,Board of Directors - Regular Board Meeting,156506,29,2025-0828,APPROVED,288,Ara J. Najarian,Aye,1
3209,2025-10-23,Board of Directors - Regular Board Meeting,156506,29,2025-0828,APPROVED,3525,Imelda Padilla,Aye,1
3209,2025-10-23,Board of Directors - Regular Board Meeting,156506,29,2025-0828,APPROVED,2244,Tim Sandoval,Aye,1
3209,2025-10-23,Board of Directors - Regular Board Meeting,156506,29,2025-0828,APPROVED,290,Hilda L. Solis,Aye,1
3209,2025-10-23,Board of Directors - Regular Board Meeting,156506,29,2025-0828,APPROVED,3373,Katy Yaroslavsky,Aye,1
3209,2025-10-23,Board of Directors - Regular Board Meeting,156508,2,2025-0924,APPROVED,2253,Fernando Dutra,Aye,1
3209,2025-10-23,Board of Directors - Regular Board Meeting,156508,2,2025-0924,APPROVED,284,Jacquelyn Dupont-Walker,Aye,1
3209,2025-10-23,Board of Directors - Regular Board Meeting,156508,2,2025-0924,APPROVED,1982,Kathryn Barger,Aye,1
3209,2025-10-23,Board of Directors - Regular Board Meeting,156508,2,2025-0924,APPROVED,3355,Karen Bass,Absent,0
3209,2025-10-23,Board of Directors - Regular Board Meeting,156508,2,2025-0924,APPROVED,1820,James Butts,Aye,1
3209,2025-10-23,Board of Directors - Regular Board Meeting,156508,2,2025-0924,APPROVED,1981,Janice Hahn,Absent,0
3209,2025-10-23,Board of Directors - Regular Board Meeting,156508,2,2025-0924,APPROVED,3356,Lindsey Horvath,Aye,1
3209,2025-10-23,Board of Directors - Regular Board Meeting,156508,2,2025-0924,APPROVED,2240,Holly J. Mitchell,Absent,0
3209,2025-10-23,Board of Directors - Regular Board Meeting,156508,2,2025-0924,APPROVED,288,Ara J. Najarian,Aye,1
3209,2025-10-23,Board of Directors - Regular Board Meeting,156508,2,2025-0924,APPROVED,3525,Imelda Padilla,Aye,1
3209,2025-10-23,Board of Directors - Regular Board Meeting,156508,2,2025-0924,APPROVED,2244,Tim Sandoval,Aye,1
3209,2025-10-23,Board of Directors - Regular Board Meeting,156508,2,2025-0924,APPROVED,290,Hilda L. Solis,Aye,1
3209,2025-10-23,Board of Directors - Regular Board Meeting,156508,2,2025-0924,APPROVED,3373,Katy Yaroslavsky,Aye,1
3209,2025-10-23,Board of Directors - Regular Board Meeting,156514,40,2025-0839,APPROVED,2253,Fernando Dutra,Aye,1
3209,2025-10-23,Board of Directors - Regular Board Meeting,156514,40,2025-0839,APPROVED,284,Jacquelyn Dupont-Walker,Aye,1
3209,2025-10-23,Board of Directors - Regular Board Meeting,156514,40,2025-0839,APPROVED,1982,Kathryn Barger,Absent,0
3209,2025-10-23,Board of Directors - Regular Board Meeting,156514,40,2025-0839,APPROVED,3355,Karen Bass,Absent,0
3209,2025-10-23,Board of Directors - Regular Board Meeting,156514,40,2025-0839,APPROVED,1820,James Butts,Aye,1
3209,2025-10-23,Board of Directors - Regular Board Meeting,156514,40,2025-0839,APPROVED,1981,Janice Hahn,Absent,0
3209,2025-10-23,Board of Directors - Regular Board Meeting,156514,40,2025-0839,APPROVED,3356,Lindsey Horvath,Aye,1
3209,2025-10-23,Board of Directors - Regular Board Meeting,156514,40,2025-0839,APPROVED,2240,Holly J. Mitchell,Aye,1
3209,2025-10-23,Board of Directors - Regular Board Meeting,156514,40,2025-0839,APPROVED,288,Ara J. Najarian,Aye,1
3209,2025-10-23,Board of Directors - Regular Board Meeting,156514,40,2025-0839,APPROVED,3525,Imelda Padilla,Aye,1
3209,2025-10-23,Board of Directors - Regular Board Meeting,156514,40,2025-0839,APPROVED,2244,Tim Sandoval,Aye,1
3209,2025-10-23,Board of Directors - Regular Board Meeting,156514,40,2025-0839,APPROVED,290,Hilda L. Solis,Aye,1
3209,2025-10-23,Board of Directors - Regular Board Meeting,156514,40,2025-0839,APPROVED,3373,Katy Yaroslavsky,Aye,1
3209,2025-10-23,Board of Directors - Regular Board Meeting,156519,19,2025-0864,APPROVED ON CONSENT CALENDAR,2253,Fernando Dutra,Aye,1
3209,2025-10-23,Board of Directors - Regular Board Meeting,156519,19,2025-0864,APPROVED ON CONSENT CALENDAR,284,Jacquelyn Dupont-Walker,Aye,1
3209,2025-10-23,Board of Directors - Regular Board Meeting,156519,19,2025-0864,APPROVED ON CONSENT CALENDAR,1982,Kathryn Barger,Aye,1
3209,2025-10-23,Board of Directors - Regular Board Meeting,156519,19,2025-0864,APPROVED ON CONSENT CALENDAR,3355,Karen Bass,Absent,0
3209,2025-10-23,Board of Directors - Regular Board Meeting,156519,19,2025-0864,APPROVED ON CONSENT CALENDAR,1820,James Butts,Aye,1
3209,2025-10-23,Board of Directors - Regular Board Meeting,156519,19,2025-0864,APPROVED ON CONSENT CALENDAR,1981,Janice Hahn,Absent,0
3209,2025-10-23,Board of Directors - Regular Board Meeting,156519,19,2025-0864,APPROVED ON CONSENT CALENDAR,3356,Lindsey Horvath,Aye,1
3209,2025-10-23,Board of Directors - Regular Board Meeting,156519,19,2025-0864,APPROVED ON CONSENT CALENDAR,2240,Holly J. Mitchell,Absent,0
3209,2025-10-23,Board of Directors - Regular Board Meeting,156519,19,2025-0864,APPROVED ON CONSENT CALENDAR,288,Ara J. Najarian,Aye,1
3209,2025-10-23,Board of Directors - Regular Board Meeting,156519,19,2025-0864,APPROVED ON CONSENT CALENDAR,3525,Imelda Padilla,Aye,1
3209,2025-10-23,Board of Directors - Regular Board Meeting,156519,19,2025-0864,APPROVED ON CONSENT CALENDAR,2244,Tim Sandoval,Aye,1
3209,2025-10-23,Board of Directors - Regular Board Meeting,156519,19,2025-0864,APPROVED ON CONSENT CALENDAR,290,Hilda L. Solis,Aye,1
3209,2025-10-23,Board of Directors - Regular Board Meeting,156519,19,2025-0864,APPROVED ON CONSENT CALENDAR,3373,Katy Yaroslavsky,Aye,1
3209,2025-10-23,Board of Directors - Regular Board Meeting,156521,18,2025-0808,APPROVED ON CONSENT CALENDAR,2253,Fernando Dutra,Aye,1
3209,2025-10-23,Board of Directors - Regular Board Meeting,156521,18,2025-0808,APPROVED ON CONSENT CALENDAR,284,Jacquelyn Dupont-Walker,Aye,1
3209,2025-10-23,Board of Directors - Regular Board Meeting,156521,18,2025-0808,APPROVED ON CONSENT CALENDAR,1982,Kathryn Barger,Aye,1
3209,2025-10-23,Board of Directors - Regular Board Meeting,156521,18,2025-0808,APPROVED ON CONSENT CALENDAR,3355,Karen Bass,Absent,0
3209,2025-10-23,Board of Directors - Regular Board Meeting,156521,18,2025-0808,APPROVED ON CONSENT CALENDAR,1820,James Butts,Aye,1
3209,2025-10-23,Board of Directors - Regular Board Meeting,156521,18,2025-0808,APPROVED ON CONSENT CALENDAR,1981,Janice Hahn,Absent,0
3209,2025-10-23,Board of Directors - Regular Board Meeting,156521,18,2025-0808,APPROVED ON CONSENT CALENDAR,3356,Lindsey Horvath,Aye,1
3209,2025-10-23,Board of Directors - Regular Board Meeting,156521,18,2025-0808,APPROVED ON CONSENT CALENDAR,2240,Holly J. Mitchell,Absent,0
3209,2025-10-23,Board of Directors - Regular Board Meeting,156521,18,2025-0808,APPROVED ON CONSENT CALENDAR,288,Ara J. Najarian,Aye,1
3209,2025-10-23,Board of Directors - Regular Board Meeting,156521,18,2025-0808,APPROVED ON CONSENT CALENDAR,3525,Imelda Padilla,Conflict,0
3209,2025-10-23,Board of Directors - Regular Board Meeting,156521,18,2025-0808,APPROVED ON CONSENT CALENDAR,2244,Tim Sandoval,Aye,1
3209,2025-10-23,Board of Directors - Regular Board Meeting,156521,18,2025-0808,APPROVED ON CONSENT CALENDAR,290,Hilda L. Solis,Aye,1
3209,2025-10-23,Board of Directors - Regular Board Meeting,156521,18,2025-0808,APPROVED ON CONSENT CALENDAR,3373,Katy Yaroslavsky,Aye,1
3209,2025-10-23,Board of Directors - Regular Board Meeting,156522,17,2025-0803,APPROVED ON CONSENT CALENDAR,2253,Fernando Dutra,Aye,1
3209,2025-10-23,Board of Directors - Regular Board Meeting,156522,17,2025-0803,APPROVED ON CONSENT CALENDAR,284,Jacquelyn Dupont-Walker,Aye,1
3209,2025-10-23,Board of Directors - Regular Board Meeting,156522,17,2025-0803,APPROVED ON CONSENT CALENDAR,1982,Kathryn Barger,Aye,1
3209,2025-10-23,Board of Directors - Regular Board Meeting,156522,17,2025-0803,APPROVED ON CONSENT CALENDAR,3355,Karen Bass,Absent,0
3209,2025-10-23,Board of Directors - Regular Board Meeting,156522,17,2025-0803,APPROVED ON CONSENT CALENDAR,1820,James Butts,Aye,1
3209,2025-10-23,Board of Directors - Regular Board Meeting,156522,17,2025-0803,APPROVED ON CONSENT CALENDAR,1981,Janice Hahn,Absent,0
3209,2025-10-23,Board of Directors - Regular Board Meeting,156522,17,2025-0803,APPROVED ON CONSENT CALENDAR,3356,Lindsey Horvath,Nay,2
3209,2025-10-23,Board of Directors - Regular Board Meeting,156522,17,2025-0803,APPROVED ON CONSENT CALENDAR,2240,Holly J. Mitchell,Absent,0
3209,2025-10-23,Board of Directors - Regular Board Meeting,156522,17,2025-0803,APPROVED ON CONSENT CALENDAR,288,Ara J. Najarian,Aye,1
3209,2025-10-23,Board of Directors - Regular Board Meeting,156522,17,2025-0803,APPROVED ON CONSENT CALENDAR,3525,Imelda Padilla,Aye,1
3209,2025-10-23,Board of Directors - Regular Board Meeting,156522,17,2025-0803,APPROVED ON CONSENT CALENDAR,2244,Tim Sandoval,Aye,1
3209,2025-10-23,Board of Directors - Regular Board Meeting,156522,17,2025-0803,APPROVED ON CONSENT CALENDAR,290,Hilda L. Solis,Aye,1
3209,2025-10-23,Board of Directors - Regular Board Meeting,156522,17,2025-0803,APPROVED ON CONSENT CALENDAR,3373,Katy Yaroslavsky,Aye,1
3209,2025-10-23,Board of Directors - Regular Board Meeting,156544,12,2025-0792,APPROVED,2253,Fernando Dutra,Aye,1
3209,2025-10-23,Board of Directors - Regular Board Meeting,156544,12,2025-0792,APPROVED,284,Jacquelyn Dupont-Walker,Aye,1
3209,2025-10-23,Board of Directors - Regular Board Meeting,156544,12,2025-0792,APPROVED,1982,Kathryn Barger,Aye,1
3209,2025-10-23,Board of Directors - Regular Board Meeting,156544,12,2025-0792,APPROVED,3355,Karen Bass,Absent,0
3209,2025-10-23,Board of Directors - Regular Board Meeting,156544,12,2025-0792,APPROVED,1820,James Butts,Aye,1
3209,2025-10-23,Board of Directors - Regular Board Meeting,156544,12,2025-0792,APPROVED,1981,Janice Hahn,Absent,0
3209,2025-10-23,Board of Directors - Regular Board Meeting,156544,12,2025-0792,APPROVED,3356,Lindsey Horvath,Aye,1
3209,2025-10-23,Board of Directors - Regular Board Meeting,156544,12,2025-0792,APPROVED,2240,Holly J. Mitchell,Absent,0
3209,2025-10-23,Board of Directors - Regular Board Meeting,156544,12,2025-0792,APPROVED,288,Ara J. Najarian,Aye,1
3209,2025-10-23,Board of Directors - Regular Board Meeting,156544,12,2025-0792,APPROVED,3525,Imelda Padilla,Aye,1
3209,2025-10-23,Board of Directors - Regular Board Meeting,156544,12,2025-0792,APPROVED,2244,Tim Sandoval,Aye,1
3209,2025-10-23,Board of Directors - Regular Board Meeting,156544,12,2025-0792,APPROVED,290,Hilda L. Solis,Aye,1
3209,2025-10-23,Board of Directors - Regular Board Meeting,156544,12,2025-0792,APPROVED,3373,Katy Yaroslavsky,Aye,1
3209,2025-10-23,Board of Directors - Regular Board Meeting,156545,7,2025-0816,APPROVED,2253,Fernando Dutra,Aye,1
3209,2025-10-23,Board of Directors - Regular Board Meeting,156545,7,2025-0816,APPROVED,284,Jacquelyn Dupont-Walker,Aye,1
3209,2025-10-23,Board of Directors - Regular Board Meeting,156545,7,2025-0816,APPROVED,1982,Kathryn Barger,Aye,1
3209,2025-10-23,Board of Directors - Regular Board Meeting,156545,7,2025-0816,APPROVED,3355,Karen Bass,Absent,0
3209,2025-10-23,Board of Directors - Regular Board Meeting,156545,7,2025-0816,APPROVED,1820,James Butts,Aye,1
3209,2025-10-23,Board of Directors - Regular Board Meeting,156545,7,2025-0816,APPROVED,1981,Janice Hahn,Absent,0
3209,2025-10-23,Board of Directors - Regular Board Meeting,156545,7,2025-0816,APPROVED,3356,Lindsey Horvath,Aye,1
3209,2025-10-23,Board of Directors - Regular Board Meeting,156545,7,2025-0816,APPROVED,2240,Holly J. Mitchell,Absent,0
3209,2025-10-23,Board of Directors - Regular Board Meeting,156545,7,2025-0816,APPROVED,288,Ara J. Najarian,Aye,1
3209,2025-10-23,Board of Directors - Regular Board Meeting,156545,7,2025-0816,APPROVED,3525,Imelda Padilla,Aye,1
3209,2025-10-23,Board of Directors - Regular Board Meeting,156545,7,2025-0816,APPROVED,2244,Tim Sandoval,Aye,1
3209,2025-10-23,Board of Directors - Regular Board Meeting,156545,7,2025-0816,APPROVED,290,Hilda L. Solis,Aye,1
3209,2025-10-23,Board of Directors - Regular Board Meeting,156545,7,2025-0816,APPROVED,3373,Katy Yaroslavsky,Aye,1
3209,2025-10-23,Board of Directors - Regular Board Meeting,156548,6,2025-0814,ADOPTED,2253,Fernando Dutra,Aye,1
3209,2025-10-23,Board of Directors - Regular Board Meeting,156548,6,2025-0814,ADOPTED,284,Jacquelyn Dupont-Walker,Aye,1
3209,2025-10-23,Board of Directors - Regular Board Meeting,156548,6,2025-0814,ADOPTED,1982,Kathryn Barger,Aye,1
3209,2025-10-23,Board of Directors - Regular Board Meeting,156548,6,2025-0814,ADOPTED,3355,Karen Bass,Absent,0
3209,2025-10-23,Board of Directors - Regular Board Meeting,156548,6,2025-0814,ADOPTED,1820,James Butts,Aye,1
3209,2025-10-23,Board of Directors - Regular Board Meeting,156548,6,2025-0814,ADOPTED,1981,Janice Hahn,Absent,0
3209,2025-10-23,Board of Directors - Regular Board Meeting,156548,6,2025-0814,ADOPTED,3356,Lindsey Horvath,Aye,1
3209,2025-10-23,Board of Directors - Regular Board Meeting,156548,6,2025-0814,ADOPTED,2240,Holly J. Mitchell,Absent,0
3209,2025-10-23,Board of Directors - Regular Board Meeting,156548,6,2025-0814,ADOPTED,288,Ara J. Najarian,Aye,1
3209,2025-10-23,Board of Directors - Regular Board Meeting,156548,6,2025-0814,ADOPTED,3525,Imelda Padilla,Aye,1
3209,2025-10-23,Board of Directors - Regular Board Meeting,156548,6,2025-0814,ADOPTED,2244,Tim Sandoval,Aye,1
3209,2025-10-23,Board of Directors - Regular Board Meeting,156548,6,2025-0814,ADOPTED,290,Hilda L. Solis,Aye,1
3209,2025-10-23,Board of Directors - Regular Board Meeting,156548,6,2025-0814,ADOPTED,3373,Katy Yaroslavsky,Aye,1
3209,2025-10-23,Board of Directors - Regular Board Meeting,156550,5,2025-0804,APPROVED,2253,Fernando Dutra,Aye,1
3209,2025-10-23,Board of Directors - Regular Board Meeting,156550,5,2025-0804,APPROVED,284,Jacquelyn Dupont-Walker,Aye,1
3209,2025-10-23,Board of Directors - Regular Board Meeting,156550,5,2025-0804,APPROVED,1982,Kathryn Barger,Aye,1
3209,2025-10-23,Board of Directors - Regular Board Meeting,156550,5,2025-0804,APPROVED,3355,Karen Bass,Absent,0
3209,2025-10-23,Board of Directors - Regular Board Meeting,156550,5,2025-0804,APPROVED,1820,James Butts,Aye,1
3209,2025-10-23,Board of Directors - Regular Board Meeting,156550,5,2025-0804,APPROVED,1981,Janice Hahn,Absent,0
3209,2025-10-23,Board of Directors - Regular Board Meeting,156550,5,2025-0804,APPROVED,3356,Lindsey Horvath,Aye,1
3209,2025-10-23,Board of Directors - Regular Board Meeting,156550,5,2025-0804,APPROVED,2240,Holly J. Mitchell,Absent,0
3209,2025-10-23,Board of Directors - Regular Board Meeting,156550,5,2025-0804,APPROVED,288,Ara J. Najarian,Aye,1
3209,2025-10-23,Board of Directors - Regular Board Meeting,156550,5,2025-0804,APPROVED,3525,Imelda Padilla,Aye,1
3209,2025-10-23,Board of Directors - Regular Board Meeting,156550,5,2025-0804,APPROVED,2244,Tim Sandoval,Aye,1
3209,2025-10-23,Board of Directors - Regular Board Meeting,156550,5,2025-0804,APPROVED,290,Hilda L. Solis,Aye,1
3209,2025-10-23,Board of Directors - Regular Board Meeting,156550,5,2025-0804,APPROVED,3373,Katy Yaroslavsky,Aye,1
3209,2025-10-23,Board of Directors - Regular Board Meeting,156554,9,2025-0820,APPROVED,2253,Fernando Dutra,Aye,1
3209,2025-10-23,Board of Directors - Regular Board Meeting,156554,9,2025-0820,APPROVED,284,Jacquelyn Dupont-Walker,Aye,1
3209,2025-10-23,Board of Directors - Regular Board Meeting,156554,9,2025-0820,APPROVED,1982,Kathryn Barger,Aye,1
3209,2025-10-23,Board of Directors - Regular Board Meeting,156554,9,2025-0820,APPROVED,3355,Karen Bass,Absent,0
3209,2025-10-23,Board of Directors - Regular Board Meeting,156554,9,2025-0820,APPROVED,1820,James Butts,Aye,1
3209,2025-10-23,Board of Directors - Regular Board Meeting,156554,9,2025-0820,APPROVED,1981,Janice Hahn,Absent,0
3209,2025-10-23,Board of Directors - Regular Board Meeting,156554,9,2025-0820,APPROVED,3356,Lindsey Horvath,Aye,1
3209,2025-10-23,Board of Directors - Regular Board Meeting,156554,9,2025-0820,APPROVED,2240,Holly J. Mitchell,Absent,0
3209,2025-10-23,Board of Directors - Regular Board Meeting,156554,9,2025-0820,APPROVED,288,Ara J. Najarian,Aye,1
3209,2025-10-23,Board of Directors - Regular Board Meeting,156554,9,2025-0820,APPROVED,3525,Imelda Padilla,Aye,1
3209,2025-10-23,Board of Directors - Regular Board Meeting,156554,9,2025-0820,APPROVED,2244,Tim Sandoval,Aye,1
3209,2025-10-23,Board of Directors - Regular Board Meeting,156554,9,2025-0820,APPROVED,290,Hilda L. Solis,Aye,1
3209,2025-10-23,Board of Directors - Regular Board Meeting,156554,9,2025-0820,APPROVED,3373,Katy Yaroslavsky,Aye,1
3209,2025-10-23,Board of Directors - Regular Board Meeting,156556,8,2025-0817,APPROVED,2253,Fernando Dutra,Aye,1
3209,2025-10-23,Board of Directors - Regular Board Meeting,156556,8,2025-0817,APPROVED,284,Jacquelyn Dupont-Walker,Aye,1
3209,2025-10-23,Board of Directors - Regular Board Meeting,156556,8,2025-0817,APPROVED,1982,Kathryn Barger,Aye,1
3209,2025-10-23,Board of Directors - Regular Board Meeting,156556,8,2025-0817,APPROVED,3355,Karen Bass,Absent,0
3209,2025-10-23,Board of Directors - Regular Board Meeting,156556,8,2025-0817,APPROVED,1820,James Butts,Aye,1
3209,2025-10-23,Board of Directors - Regular Board Meeting,156556,8,2025-0817,APPROVED,1981,Janice Hahn,Absent,0
3209,2025-10-23,Board of Directors - Regular Board Meeting,156556,8,2025-0817,APPROVED,3356,Lindsey Horvath,Aye,1
3209,2025-10-23,Board of Directors - Regular Board Meeting,156556,8,2025-0817,APPROVED,2240,Holly J. Mitchell,Absent,0
3209,2025-10-23,Board of Directors - Regular Board Meeting,156556,8,2025-0817,APPROVED,288,Ara J. Najarian,Aye,1
3209,2025-10-23,Board of Directors - Regular Board Meeting,156556,8,2025-0817,APPROVED,3525,Imelda Padilla,Aye,1
3209,2025-10-23,Board of Directors - Regular Board Meeting,156556,8,2025-0817,APPROVED,2244,Tim Sandoval,Aye,1
3209,2025-10-23,Board of Directors - Regular Board Meeting,156556,8,2025-0817,APPROVED,290,Hilda L. Solis,Aye,1
3209,2025-10-23,Board of Directors - Regular Board Meeting,156556,8,2025-0817,APPROVED,3373,Katy Yaroslavsky,Aye,1
3209,2025-10-23,Board of Directors - Regular Board Meeting,156558,10.1,2025-0931,APPROVED AS AMENDED,2253,Fernando Dutra,Aye,1
3209,2025-10-23,Board of Directors - Regular Board Meeting,156558,10.1,2025-0931,APPROVED AS AMENDED,284,Jacquelyn Dupont-Walker,Aye,1
3209,2025-10-23,Board of Directors - Regular Board Meeting,156558,10.1,2025-0931,APPROVED AS AMENDED,1982,Kathryn Barger,Aye,1
3209,2025-10-23,Board of Directors - Regular Board Meeting,156558,10.1,2025-0931,APPROVED AS AMENDED,3355,Karen Bass,Absent,0
3209,2025-10-23,Board of Directors - Regular Board Meeting,156558,10.1,2025-0931,APPROVED AS AMENDED,1820,James Butts,Aye,1
3209,2025-10-23,Board of Directors - Regular Board Meeting,156558,10.1,2025-0931,APPROVED AS AMENDED,1981,Janice Hahn,Absent,0
3209,2025-10-23,Board of Directors - Regular Board Meeting,156558,10.1,2025-0931,APPROVED AS AMENDED,3356,Lindsey Horvath,Aye,1
3209,2025-10-23,Board of Directors - Regular Board Meeting,156558,10.1,2025-0931,APPROVED AS AMENDED,2240,Holly J. Mitchell,Absent,0
3209,2025-10-23,Board of Directors - Regular Board Meeting,156558,10.1,2025-0931,APPROVED AS AMENDED,288,Ara J. Najarian,Aye,1
3209,2025-10-23,Board of Directors - Regular Board Meeting,156558,10.1,2025-0931,APPROVED AS AMENDED,3525,Imelda Padilla,Absent,0
3209,2025-10-23,Board of Directors - Regular Board Meeting,156558,10.1,2025-0931,APPROVED AS AMENDED,2244,Tim Sandoval,Aye,1
3209,2025-10-23,Board of Directors - Regular Board Meeting,156558,10.1,2025-0931,APPROVED AS AMENDED,290,Hilda L. Solis,Absent,0
3209,2025-10-23,Board of Directors - Regular Board Meeting,156558,10.1,2025-0931,APPROVED AS AMENDED,3373,Katy Yaroslavsky,Aye,1
3209,2025-10-23,Board of Directors - Regular Board Meeting,156559,10,2025-0805,APPROVED,2253,Fernando Dutra,Aye,1
3209,2025-10-23,Board of Directors - Regular Board Meeting,156559,10,2025-0805,APPROVED,284,Jacquelyn Dupont-Walker,Aye,1
3209,2025-10-23,Board of Directors - Regular Board Meeting,156559,10,2025-0805,APPROVED,1982,Kathryn Barger,Aye,1
3209,2025-10-23,Board of Directors - Regular Board Meeting,156559,10,2025-0805,APPROVED,3355,Karen Bass,Absent,0
3209,2025-10-23,Board of Directors - Regular Board Meeting,156559,10,2025-0805,APPROVED,1820,James Butts,Aye,1
3209,2025-10-23,Board of Directors - Regular Board Meeting,156559,10,2025-0805,APPROVED,1981,Janice Hahn,Absent,0
3209,2025-10-23,Board of Directors - Regular Board Meeting,156559,10,2025-0805,APPROVED,3356,Lindsey Horvath,Aye,1
3209,2025-10-23,Board of Directors - Regular Board Meeting,156559,10,2025-0805,APPROVED,2240,Holly J. Mitchell,Absent,0
3209,2025-10-23,Board of Directors - Regular Board Meeting,156559,10,2025-0805,APPROVED,288,Ara J. Najarian,Aye,1
3209,2025-10-23,Board of Directors - Regular Board Meeting,156559,10,2025-0805,APPROVED,3525,Imelda Padilla,Absent,0
3209,2025-10-23,Board of Directors - Regular Board Meeting,156559,10,2025-0805,APPROVED,2244,Tim Sandoval,Aye,1
3209,2025-10-23,Board of Directors - Regular Board Meeting,156559,10,2025-0805,APPROVED,290,Hilda L. Solis,Absent,0
3209,2025-10-23,Board of Directors - Regular Board Meeting,156559,10,2025-0805,APPROVED,3373,Katy Yaroslavsky,Aye,1
3209,2025-10-23,Board of Directors - Regular Board Meeting,156562,28,2025-0827,APPROVED,2253,Fernando Dutra,Aye,1
3209,2025-10-23,Board of Directors - Regular Board Meeting,156562,28,2025-0827,APPROVED,284,Jacquelyn Dupont-Walker,Aye,1
3209,2025-10-23,Board of Directors - Regular Board Meeting,156562,28,2025-0827,APPROVED,1982,Kathryn Barger,Aye,1
3209,2025-10-23,Board of Directors - Regular Board Meeting,156562,28,2025-0827,APPROVED,3355,Karen Bass,Absent,0
3209,2025-10-23,Board of Directors - Regular Board Meeting,156562,28,2025-0827,APPROVED,1820,James Butts,Aye,1
3209,2025-10-23,Board of Directors - Regular Board Meeting,156562,28,2025-0827,APPROVED,1981,Janice Hahn,Absent,0
3209,2025-10-23,Board of Directors - Regular Board Meeting,156562,28,2025-0827,APPROVED,3356,Lindsey Horvath,Aye,1
3209,2025-10-23,Board of Directors - Regular Board Meeting,156562,28,2025-0827,APPROVED,2240,Holly J. Mitchell,Absent,0
3209,2025-10-23,Board of Directors - Regular Board Meeting,156562,28,2025-0827,APPROVED,288,Ara J. Najarian,Aye,1
3209,2025-10-23,Board of Directors - Regular Board Meeting,156562,28,2025-0827,APPROVED,3525,Imelda Padilla,Aye,1
3209,2025-10-23,Board of Directors - Regular Board Meeting,156562,28,2025-0827,APPROVED,2244,Tim Sandoval,Aye,1
3209,2025-10-23,Board of Directors - Regular Board Meeting,156562,28,2025-0827,APPROVED,290,Hilda L. Solis,Aye,1
3209,2025-10-23,Board of Directors - Regular Board Meeting,156562,28,2025-0827,APPROVED,3373,Katy Yaroslavsky,Aye,1
3209,2025-10-23,Board of Directors - Regular Board Meeting,156564,27,2025-0826,APPROVED,2253,Fernando Dutra,Aye,1
3209,2025-10-23,Board of Directors - Regular Board Meeting,156564,27,2025-0826,APPROVED,284,Jacquelyn Dupont-Walker,Aye,1
3209,2025-10-23,Board of Directors - Regular Board Meeting,156564,27,2025-0826,APPROVED,1982,Kathryn Barger,Aye,1
3209,2025-10-23,Board of Directors - Regular Board Meeting,156564,27,2025-0826,APPROVED,3355,Karen Bass,Absent,0
3209,2025-10-23,Board of Directors - Regular Board Meeting,156564,27,2025-0826,APPROVED,1820,James Butts,Aye,1
3209,2025-10-23,Board of Directors - Regular Board Meeting,156564,27,2025-0826,APPROVED,1981,Janice Hahn,Absent,0
3209,2025-10-23,Board of Directors - Regular Board Meeting,156564,27,2025-0826,APPROVED,3356,Lindsey Horvath,Aye,1
3209,2025-10-23,Board of Directors - Regular Board Meeting,156564,27,2025-0826,APPROVED,2240,Holly J. Mitchell,Absent,0
3209,2025-10-23,Board of Directors - Regular Board Meeting,156564,27,2025-0826,APPROVED,288,Ara J. Najarian,Aye,1
3209,2025-10-23,Board of Directors - Regular Board Meeting,156564,27,2025-0826,APPROVED,3525,Imelda Padilla,Aye,1
3209,2025-10-23,Board of Directors - Regular Board Meeting,156564,27,2025-0826,APPROVED,2244,Tim Sandoval,Aye,1
3209,2025-10-23,Board of Directors - Regular Board Meeting,156564,27,2025-0826,APPROVED,290,Hilda L. Solis,Aye,1
3209,2025-10-23,Board of Directors - Regular Board Meeting,156564,27,2025-0826,APPROVED,3373,Katy Yaroslavsky,Aye,1
3209,2025-10-23,Board of Directors - Regular Board Meeting,156566,24,2025-0791,ADOPTED,2253,Fernando Dutra,Aye,1
3209,2025-10-23,Board of Directors - Regular Board Meeting,156566,24,2025-0791,ADOPTED,284,Jacquelyn Dupont-Walker,Aye,1
3209,2025-10-23,Board of Directors - Regular Board Meeting,156566,24,2025-0791,ADOPTED,1982,Kathryn Barger,Aye,1
3209,2025-10-23,Board of Directors - Regular Board Meeting,156566,24,2025-0791,ADOPTED,3355,Karen Bass,Absent,0
3209,2025-10-23,Board of Directors - Regular Board Meeting,156566,24,2025-0791,ADOPTED,1820,James Butts,Aye,1
3209,2025-10-23,Board of Directors - Regular Board Meeting,156566,24,2025-0791,ADOPTED,1981,Janice Hahn,Absent,0
3209,2025-10-23,Board of Directors - Regular Board Meeting,156566,24,2025-0791,ADOPTED,3356,Lindsey Horvath,Aye,1
3209,2025-10-23,Board of Directors - Regular Board Meeting,156566,24,2025-0791,ADOPTED,2240,Holly J. Mitchell,Absent,0
3209,2025-10-23,Board of Directors - Regular Board Meeting,156566,24,2025-0791,ADOPTED,288,Ara J. Najarian,Aye,1
3209,2025-10-23,Board of Directors - Regular Board Meeting,156566,24,2025-0791,ADOPTED,3525,Imelda Padilla,Aye,1
3209,2025-10-23,Board of Directors - Regular Board Meeting,156566,24,2025-0791,ADOPTED,2244,Tim Sandoval,Aye,1
3209,2025-10-23,Board of Directors - Regular Board Meeting,156566,24,2025-0791,ADOPTED,290,Hilda L. Solis,Aye,1
3209,2025-10-23,Board of Directors - Regular Board Meeting,156566,24,2025-0791,ADOPTED,3373,Katy Yaroslavsky,Aye,1
3209,2025-10-23,Board of Directors - Regular Board Meeting,156568,22,2025-0801,APPROVED ON CONSENT CALENDAR,2253,Fernando Dutra,Aye,1
3209,2025-10-23,Board of Directors - Regular Board Meeting,156568,22,2025-0801,APPROVED ON CONSENT CALENDAR,284,Jacquelyn Dupont-Walker,Aye,1
3209,2025-10-23,Board of Directors - Regular Board Meeting,156568,22,2025-0801,APPROVED ON CONSENT CALENDAR,1982,Kathryn Barger,Aye,1
3209,2025-10-23,Board of Directors - Regular Board Meeting,156568,22,2025-0801,APPROVED ON CONSENT CALENDAR,3355,Karen Bass,Absent,0
3209,2025-10-23,Board of Directors - Regular Board Meeting,156568,22,2025-0801,APPROVED ON CONSENT CALENDAR,1820,James Butts,Aye,1
3209,2025-10-23,Board of Directors - Regular Board Meeting,156568,22,2025-0801,APPROVED ON CONSENT CALENDAR,1981,Janice Hahn,Absent,0
3209,2025-10-23,Board of Directors - Regular Board Meeting,156568,22,2025-0801,APPROVED ON CONSENT CALENDAR,3356,Lindsey Horvath,Aye,1
3209,2025-10-23,Board of Directors - Regular Board Meeting,156568,22,2025-0801,APPROVED ON CONSENT CALENDAR,2240,Holly J. Mitchell,Absent,0
3209,2025-10-23,Board of Directors - Regular Board Meeting,156568,22,2025-0801,APPROVED ON CONSENT CALENDAR,288,Ara J. Najarian,Aye,1
3209,2025-10-23,Board of Directors - Regular Board Meeting,156568,22,2025-0801,APPROVED ON CONSENT CALENDAR,3525,Imelda Padilla,Aye,1
3209,2025-10-23,Board of Directors - Regular Board Meeting,156568,22,2025-0801,APPROVED ON CONSENT CALENDAR,2244,Tim Sandoval,Aye,1
3209,2025-10-23,Board of Directors - Regular Board Meeting,156568,22,2025-0801,APPROVED ON CONSENT CALENDAR,290,Hilda L. Solis,Aye,1
3209,2025-10-23,Board of Directors - Regular Board Meeting,156568,22,2025-0801,APPROVED ON CONSENT CALENDAR,3373,Katy Yaroslavsky,Aye,1
3209,2025-10-23,Board of Directors - Regular Board Meeting,156569,21,2025-0787,APPROVED ON CONSENT CALENDAR,2253,Fernando Dutra,Aye,1
3209,2025-10-23,Board of Directors - Regular Board Meeting,156569,21,2025-0787,APPROVED ON CONSENT CALENDAR,284,Jacquelyn Dupont-Walker,Aye,1
3209,2025-10-23,Board of Directors - Regular Board Meeting,156569,21,2025-0787,APPROVED ON CONSENT CALENDAR,1982,Kathryn Barger,Aye,1
3209,2025-10-23,Board of Directors - Regular Board Meeting,156569,21,2025-0787,APPROVED ON CONSENT CALENDAR,3355,Karen Bass,Conflict,0
3209,2025-10-23,Board of Directors - Regular Board Meeting,156569,21,2025-0787,APPROVED ON CONSENT CALENDAR,1820,James Butts,Aye,1
3209,2025-10-23,Board of Directors - Regular Board Meeting,156569,21,2025-0787,APPROVED ON CONSENT CALENDAR,1981,Janice Hahn,Absent,0
3209,2025-10-23,Board of Directors - Regular Board Meeting,156569,21,2025-0787,APPROVED ON CONSENT CALENDAR,3356,Lindsey Horvath,Aye,1
3209,2025-10-23,Board of Directors - Regular Board Meeting,156569,21,2025-0787,APPROVED ON CONSENT CALENDAR,2240,Holly J. Mitchell,Absent,0
3209,2025-10-23,Board of Directors - Regular Board Meeting,156569,21,2025-0787,APPROVED ON CONSENT CALENDAR,288,Ara J. Najarian,Aye,1
3209,2025-10-23,Board of Directors - Regular Board Meeting,156569,21,2025-0787,APPROVED ON CONSENT CALENDAR,3525,Imelda Padilla,Aye,1
3209,2025-10-23,Board of Directors - Regular Board Meeting,156569,21,2025-0787,APPROVED ON CONSENT CALENDAR,2244,Tim Sandoval,Aye,1
3209,2025-10-23,Board of Directors - Regular Board Meeting,156569,21,2025-0787,APPROVED ON CONSENT CALENDAR,290,Hilda L. Solis,Aye,1
3209,2025-10-23,Board of Directors - Regular Board Meeting,156569,21,2025-0787,APPROVED ON CONSENT CALENDAR,3373,Katy Yaroslavsky,Aye,1
3209,2025-10-23,Board of Directors - Regular Board Meeting,156572,26.1,2025-0932,APPROVED,2253,Fernando Dutra,Aye,1
3209,2025-10-23,Board of Directors - Regular Board Meeting,156572,26.1,2025-0932,APPROVED,284,Jacquelyn Dupont-Walker,Aye,1
3209,2025-10-23,Board of Directors - Regular Board Meeting,156572,26.1,2025-0932,APPROVED,1982,Kathryn Barger,Aye,1
3209,2025-10-23,Board of Directors - Regular Board Meeting,156572,26.1,2025-0932,APPROVED,3355,Karen Bass,Aye,1
3209,2025-10-23,Board of Directors - Regular Board Meeting,156572,26.1,2025-0932,APPROVED,1820,James Butts,Aye,1
3209,2025-10-23,Board of Directors - Regular Board Meeting,156572,26.1,2025-0932,APPROVED,1981,Janice Hahn,Absent,0
3209,2025-10-23,Board of Directors - Regular Board Meeting,156572,26.1,2025-0932,APPROVED,3356,Lindsey Horvath,Aye,1
3209,2025-10-23,Board of Directors - Regular Board Meeting,156572,26.1,2025-0932,APPROVED,2240,Holly J. Mitchell,Aye,1
3209,2025-10-23,Board of Directors - Regular Board Meeting,156572,26.1,2025-0932,APPROVED,288,Ara J. Najarian,Aye,1
3209,2025-10-23,Board of Directors - Regular Board Meeting,156572,26.1,2025-0932,APPROVED,3525,Imelda Padilla,Aye,1
3209,2025-10-23,Board of Directors - Regular Board Meeting,156572,26.1,2025-0932,APPROVED,2244,Tim Sandoval,Aye,1
3209,2025-10-23,Board of Directors - Regular Board Meeting,156572,26.1,2025-0932,APPROVED,290,Hilda L. Solis,Aye,1
3209,2025-10-23,Board of Directors - Regular Board Meeting,156572,26.1,2025-0932,APPROVED,3373,Katy Yaroslavsky,Aye,1
3209,2025-10-23,Board of Directors - Regular Board Meeting,156578,31,2025-0830,APPROVED,2253,Fernando Dutra,Aye,1
3209,2025-10-23,Board of Directors - Regular Board Meeting,156578,31,2025-0830,APPROVED,284,Jacquelyn Dupont-Walker,Aye,1
3209,2025-10-23,Board of Directors - Regular Board Meeting,156578,31,2025-0830,APPROVED,1982,Kathryn Barger,Aye,1
3209,2025-10-23,Board of Directors - Regular Board Meeting,156578,31,2025-0830,APPROVED,3355,Karen Bass,Absent,0
3209,2025-10-23,Board of Directors - Regular Board Meeting,156578,31,2025-0830,APPROVED,1820,James Butts,Aye,1
3209,2025-10-23,Board of Directors - Regular Board Meeting,156578,31,2025-0830,APPROVED,1981,Janice Hahn,Absent,0
3209,2025-10-23,Board of Directors - Regular Board Meeting,156578,31,2025-0830,APPROVED,3356,Lindsey Horvath,Aye,1
3209,2025-10-23,Board of Directors - Regular Board Meeting,156578,31,2025-0830,APPROVED,2240,Holly J. Mitchell,Absent,0
3209,2025-10-23,Board of Directors - Regular Board Meeting,156578,31,2025-0830,APPROVED,288,Ara J. Najarian,Aye,1
3209,2025-10-23,Board of Directors - Regular Board Meeting,156578,31,2025-0830,APPROVED,3525,Imelda Padilla,Aye,1
3209,2025-10-23,Board of Directors - Regular Board Meeting,156578,31,2025-0830,APPROVED,2244,Tim Sandoval,Aye,1
3209,2025-10-23,Board of Directors - Regular Board Meeting,156578,31,2025-0830,APPROVED,290,Hilda L. Solis,Aye,1
3209,2025-10-23,Board of Directors - Regular Board Meeting,156578,31,2025-0830,APPROVED,3373,Katy Yaroslavsky,Aye,1
3209,2025-10-23,Board of Directors - Regular Board Meeting,156580,30,2025-0829,APPROVED,2253,Fernando Dutra,Aye,1
3209,2025-10-23,Board of Directors - Regular Board Meeting,156580,30,2025-0829,APPROVED,284,Jacquelyn Dupont-Walker,Aye,1
3209,2025-10-23,Board of Directors - Regular Board Meeting,156580,30,2025-0829,APPROVED,1982,Kathryn Barger,Aye,1
3209,2025-10-23,Board of Directors - Regular Board Meeting,156580,30,2025-0829,APPROVED,3355,Karen Bass,Absent,0
3209,2025-10-23,Board of Directors - Regular Board Meeting,156580,30,2025-0829,APPROVED,1820,James Butts,Aye,1
3209,2025-10-23,Board of Directors - Regular Board Meeting,156580,30,2025-0829,APPROVED,1981,Janice Hahn,Absent,0
3209,2025-10-23,Board of Directors - Regular Board Meeting,156580,30,2025-0829,APPROVED,3356,Lindsey Horvath,Aye,1
3209,2025-10-23,Board of Directors - Regular Board Meeting,156580,30,2025-0829,APPROVED,2240,Holly J. Mitchell,Absent,0
3209,2025-10-23,Board of Directors - Regular Board Meeting,156580,30,2025-0829,APPROVED,288,Ara J. Najarian,Aye,1
3209,2025-10-23,Board of Directors - Regular Board Meeting,156580,30,2025-0829,APPROVED,3525,Imelda Padilla,Aye,1
3209,2025-10-23,Board of Directors - Regular Board Meeting,156580,30,2025-0829,APPROVED,2244,Tim Sandoval,Aye,1
3209,2025-10-23,Board of Directors - Regular Board Meeting,156580,30,2025-0829,APPROVED,290,Hilda L. Solis,Aye,1
3209,2025-10-23,Board of Directors - Regular Board Meeting,156580,30,2025-0829,APPROVED,3373,Katy Yaroslavsky,Aye,1
3209,2025-10-23,Board of Directors - Regular Board Meeting,156584,32,2025-0831,APPROVED,2253,Fernando Dutra,Aye,1
3209,2025-10-23,Board of Directors - Regular Board Meeting,156584,32,2025-0831,APPROVED,284,Jacquelyn Dupont-Walker,Aye,1
3209,2025-10-23,Board of Directors - Regular Board Meeting,156584,32,2025-0831,APPROVED,1982,Kathryn Barger,Aye,1
3209,2025-10-23,Board of Directors - Regular Board Meeting,156584,32,2025-0831,APPROVED,3355,Karen Bass,Absent,0
3209,2025-10-23,Board of Directors - Regular Board Meeting,156584,32,2025-0831,APPROVED,1820,James Butts,Aye,1
3209,2025-10-23,Board of Directors - Regular Board Meeting,156584,32,2025-0831,APPROVED,1981,Janice Hahn,Absent,0
3209,2025-10-23,Board of Directors - Regular Board Meeting,156584,32,2025-0831,APPROVED,3356,Lindsey Horvath,Aye,1
3209,2025-10-23,Board of Directors - Regular Board Meeting,156584,32,2025-0831,APPROVED,2240,Holly J. Mitchell,Absent,0
3209,2025-10-23,Board of Directors - Regular Board Meeting,156584,32,2025-0831,APPROVED,288,Ara J. Najarian,Aye,1
3209,2025-10-23,Board of Directors - Regular Board Meeting,156584,32,2025-0831,APPROVED,3525,Imelda Padilla,Aye,1
3209,2025-10-23,Board of Directors - Regular Board Meeting,156584,32,2025-0831,APPROVED,2244,Tim Sandoval,Aye,1
3209,2025-10-23,Board of Directors - Regular Board Meeting,156584,32,2025-0831,APPROVED,290,Hilda L. Solis,Aye,1
3209,2025-10-23,Board of Directors - Regular Board Meeting,156584,32,2025-0831,APPROVED,3373,Katy Yaroslavsky,Aye,1
3209,2025-10-23,Board of Directors - Regular Board Meeting,156596,,,APPROVED ON CONSENT CALENDAR,2253,Fernando Dutra,Aye,1
3209,2025-10-23,Board of Directors - Regular Board Meeting,156596,,,APPROVED ON CONSENT CALENDAR,284,Jacquelyn Dupont-Walker,Aye,1
3209,2025-10-23,Board of Directors - Regular Board Meeting,156596,,,APPROVED ON CONSENT CALENDAR,1982,Kathryn Barger,Aye,1
3209,2025-10-23,Board of Directors - Regular Board Meeting,156596,,,APPROVED ON CONSENT CALENDAR,3355,Karen Bass,Absent,0
3209,2025-10-23,Board of Directors - Regular Board Meeting,156596,,,APPROVED ON CONSENT CALENDAR,1820,James Butts,Aye,1
3209,2025-10-23,Board of Directors - Regular Board Meeting,156596,,,APPROVED ON CONSENT CALENDAR,1981,Janice Hahn,Absent,0
3209,2025-10-23,Board of Directors - Regular Board Meeting,156596,,,APPROVED ON CONSENT CALENDAR,3356,Lindsey Horvath,Aye,1
3209,2025-10-23,Board of Directors - Regular Board Meeting,156596,,,APPROVED ON CONSENT CALENDAR,2240,Holly J. Mitchell,Absent,0
3209,2025-10-23,Board of Directors - Regular Board Meeting,156596,,,APPROVED ON CONSENT CALENDAR,288,Ara J. Najarian,Aye,1
3209,2025-10-23,Board of Directors - Regular Board Meeting,156596,,,APPROVED ON CONSENT CALENDAR,3525,Imelda Padilla,Aye,1
3209,2025-10-23,Board of Directors - Regular Board Meeting,156596,,,APPROVED ON CONSENT CALENDAR,2244,Tim Sandoval,Aye,1
3209,2025-10-23,Board of Directors - Regular Board Meeting,156596,,,APPROVED ON CONSENT CALENDAR,290,Hilda L. Solis,Aye,1
3209,2025-10-23,Board of Directors - Regular Board Meeting,156596,,,APPROVED ON CONSENT CALENDAR,3373,Katy Yaroslavsky,Aye,1
3215,2025-12-04,Board of Directors - Regular Board Meeting,158235,9,2025-1013,APPROVED,2253,Fernando Dutra,Aye,1
3215,2025-12-04,Board of Directors - Regular Board Meeting,158235,9,2025-1013,APPROVED,284,Jacquelyn Dupont-Walker,Aye,1
3215,2025-12-04,Board of Directors - Regular Board Meeting,158235,9,2025-1013,APPROVED,1982,Kathryn Barger,Aye,1
3215,2025-12-04,Board of Directors - Regular Board Meeting,158235,9,2025-1013,APPROVED,3355,Karen Bass,Aye,1
3215,2025-12-04,Board of Directors - Regular Board Meeting,158235,9,2025-1013,APPROVED,1820,James Butts,Absent,0
3215,2025-12-04,Board of Directors - Regular Board Meeting,158235,9,2025-1013,APPROVED,1981,Janice Hahn,Aye,1
3215,2025-12-04,Board of Directors - Regular Board Meeting,158235,9,2025-1013,APPROVED,3356,Lindsey Horvath,Aye,1
3215,2025-12-04,Board of Directors - Regular Board Meeting,158235,9,2025-1013,APPROVED,2240,Holly J. Mitchell,Absent,0
3215,2025-12-04,Board of Directors - Regular Board Meeting,158235,9,2025-1013,APPROVED,288,Ara J. Najarian,Aye,1
3215,2025-12-04,Board of Directors - Regular Board Meeting,158235,9,2025-1013,APPROVED,3525,Imelda Padilla,Aye,1
3215,2025-12-04,Board of Directors - Regular Board Meeting,158235,9,2025-1013,APPROVED,2244,Tim Sandoval,Aye,1
3215,2025-12-04,Board of Directors - Regular Board Meeting,158235,9,2025-1013,APPROVED,290,Hilda L. Solis,Aye,1
3215,2025-12-04,Board of Directors - Regular Board Meeting,158235,9,2025-1013,APPROVED,3373,Katy Yaroslavsky,Aye,1
3215,2025-12-04,Board of Directors - Regular Board Meeting,158236,6,2025-0854,APPROVED,2253,Fernando Dutra,Aye,1
3215,2025-12-04,Board of Directors - Regular Board Meeting,158236,6,2025-0854,APPROVED,284,Jacquelyn Dupont-Walker,Aye,1
3215,2025-12-04,Board of Directors - Regular Board Meeting,158236,6,2025-0854,APPROVED,1982,Kathryn Barger,Aye,1
3215,2025-12-04,Board of Directors - Regular Board Meeting,158236,6,2025-0854,APPROVED,3355,Karen Bass,Absent,0
3215,2025-12-04,Board of Directors - Regular Board Meeting,158236,6,2025-0854,APPROVED,1820,James Butts,Absent,0
3215,2025-12-04,Board of Directors - Regular Board Meeting,158236,6,2025-0854,APPROVED,1981,Janice Hahn,Aye,1
3215,2025-12-04,Board of Directors - Regular Board Meeting,158236,6,2025-0854,APPROVED,3356,Lindsey Horvath,Aye,1
3215,2025-12-04,Board of Directors - Regular Board Meeting,158236,6,2025-0854,APPROVED,2240,Holly J. Mitchell,Absent,0
3215,2025-12-04,Board of Directors - Regular Board Meeting,158236,6,2025-0854,APPROVED,288,Ara J. Najarian,Aye,1
3215,2025-12-04,Board of Directors - Regular Board Meeting,158236,6,2025-0854,APPROVED,3525,Imelda Padilla,Aye,1
3215,2025-12-04,Board of Directors - Regular Board Meeting,158236,6,2025-0854,APPROVED,2244,Tim Sandoval,Aye,1
3215,2025-12-04,Board of Directors - Regular Board Meeting,158236,6,2025-0854,APPROVED,290,Hilda L. Solis,Aye,1
3215,2025-12-04,Board of Directors - Regular Board Meeting,158236,6,2025-0854,APPROVED,3373,Katy Yaroslavsky,Aye,1
3215,2025-12-04,Board of Directors - Regular Board Meeting,158237,5,2025-0842,APPROVED,2253,Fernando Dutra,Aye,1
3215,2025-12-04,Board of Directors - Regular Board Meeting,158237,5,2025-0842,APPROVED,284,Jacquelyn Dupont-Walker,Aye,1
3215,2025-12-04,Board of Directors - Regular Board Meeting,158237,5,2025-0842,APPROVED,1982,Kathryn Barger,Aye,1
3215,2025-12-04,Board of Directors - Regular Board Meeting,158237,5,2025-0842,APPROVED,3355,Karen Bass,Aye,1
3215,2025-12-04,Board of Directors - Regular Board Meeting,158237,5,2025-0842,APPROVED,1820,James Butts,Absent,0
3215,2025-12-04,Board of Directors - Regular Board Meeting,158237,5,2025-0842,APPROVED,1981,Janice Hahn,Aye,1
3215,2025-12-04,Board of Directors - Regular Board Meeting,158237,5,2025-0842,APPROVED,3356,Lindsey Horvath,Aye,1
3215,2025-12-04,Board of Directors - Regular Board Meeting,158237,5,2025-0842,APPROVED,2240,Holly J. Mitchell,Absent,0
3215,2025-12-04,Board of Directors - Regular Board Meeting,158237,5,2025-0842,APPROVED,288,Ara J. Najarian,Aye,1
3215,2025-12-04,Board of Directors - Regular Board Meeting,158237,5,2025-0842,APPROVED,3525,Imelda Padilla,Aye,1
3215,2025-12-04,Board of Directors - Regular Board Meeting,158237,5,2025-0842,APPROVED,2244,Tim Sandoval,Aye,1
3215,2025-12-04,Board of Directors - Regular Board Meeting,158237,5,2025-0842,APPROVED,290,Hilda L. Solis,Aye,1
3215,2025-12-04,Board of Directors - Regular Board Meeting,158237,5,2025-0842,APPROVED,3373,Katy Yaroslavsky,Aye,1
3215,2025-12-04,Board of Directors - Regular Board Meeting,158238,2,2025-1022,APPROVED,2253,Fernando Dutra,Aye,1
3215,2025-12-04,Board of Directors - Regular Board Meeting,158238,2,2025-1022,APPROVED,284,Jacquelyn Dupont-Walker,Aye,1
3215,2025-12-04,Board of Directors - Regular Board Meeting,158238,2,2025-1022,APPROVED,1982,Kathryn Barger,Aye,1
3215,2025-12-04,Board of Directors - Regular Board Meeting,158238,2,2025-1022,APPROVED,3355,Karen Bass,Aye,1
3215,2025-12-04,Board of Directors - Regular Board Meeting,158238,2,2025-1022,APPROVED,1820,James Butts,Absent,0
3215,2025-12-04,Board of Directors - Regular Board Meeting,158238,2,2025-1022,APPROVED,1981,Janice Hahn,Aye,1
3215,2025-12-04,Board of Directors - Regular Board Meeting,158238,2,2025-1022,APPROVED,3356,Lindsey Horvath,Aye,1
3215,2025-12-04,Board of Directors - Regular Board Meeting,158238,2,2025-1022,APPROVED,2240,Holly J. Mitchell,Absent,0
3215,2025-12-04,Board of Directors - Regular Board Meeting,158238,2,2025-1022,APPROVED,288,Ara J. Najarian,Aye,1
3215,2025-12-04,Board of Directors - Regular Board Meeting,158238,2,2025-1022,APPROVED,3525,Imelda Padilla,Aye,1
3215,2025-12-04,Board of Directors - Regular Board Meeting,158238,2,2025-1022,APPROVED,2244,Tim Sandoval,Aye,1
3215,2025-12-04,Board of Directors - Regular Board Meeting,158238,2,2025-1022,APPROVED,290,Hilda L. Solis,Aye,1
3215,2025-12-04,Board of Directors - Regular Board Meeting,158238,2,2025-1022,APPROVED,3373,Katy Yaroslavsky,Aye,1
3215,2025-12-04,Board of Directors - Regular Board Meeting,158241,4,2025-1021,RECEIVED,2253,Fernando Dutra,Aye,1
3215,2025-12-04,Board of Directors - Regular Board Meeting,158241,4,2025-1021,RECEIVED,284,Jacquelyn Dupont-Walker,Aye,1
3215,2025-12-04,Board of Directors - Regular Board Meeting,158241,4,2025-1021,RECEIVED,1982,Kathryn Barger,Aye,1
3215,2025-12-04,Board of Directors - Regular Board Meeting,158241,4,2025-1021,RECEIVED,3355,Karen Bass,Aye,1
3215,2025-12-04,Board of Directors - Regular Board Meeting,158241,4,2025-1021,RECEIVED,1820,James Butts,Absent,0
3215,2025-12-04,Board of Directors - Regular Board Meeting,158241,4,2025-1021,RECEIVED,1981,Janice Hahn,Aye,1
3215,2025-12-04,Board of Directors - Regular Board Meeting,158241,4,2025-1021,RECEIVED,3356,Lindsey Horvath,Aye,1
3215,2025-12-04,Board of Directors - Regular Board Meeting,158241,4,2025-1021,RECEIVED,2240,Holly J. Mitchell,Absent,0
3215,2025-12-04,Board of Directors - Regular Board Meeting,158241,4,2025-1021,RECEIVED,288,Ara J. Najarian,Aye,1
3215,2025-12-04,Board of Directors - Regular Board Meeting,158241,4,2025-1021,RECEIVED,3525,Imelda Padilla,Aye,1
3215,2025-12-04,Board of Directors - Regular Board Meeting,158241,4,2025-1021,RECEIVED,2244,Tim Sandoval,Aye,1
3215,2025-12-04,Board of Directors - Regular Board Meeting,158241,4,2025-1021,RECEIVED,290,Hilda L. Solis,Aye,1
3215,2025-12-04,Board of Directors - Regular Board Meeting,158241,4,2025-1021,RECEIVED,3373,Katy Yaroslavsky,Aye,1
3215,2025-12-04,Board of Directors - Regular Board Meeting,158242,3,2025-1020,RECEIVED,2253,Fernando Dutra,Aye,1
3215,2025-12-04,Board of Directors - Regular Board Meeting,158242,3,2025-1020,RECEIVED,284,Jacquelyn Dupont-Walker,Aye,1
3215,2025-12-04,Board of Directors - Regular Board Meeting,158242,3,2025-1020,RECEIVED,1982,Kathryn Barger,Absent,0
3215,2025-12-04,Board of Directors - Regular Board Meeting,158242,3,2025-1020,RECEIVED,3355,Karen Bass,Aye,1
3215,2025-12-04,Board of Directors - Regular Board Meeting,158242,3,2025-1020,RECEIVED,1820,James Butts,Absent,0
3215,2025-12-04,Board of Directors - Regular Board Meeting,158242,3,2025-1020,RECEIVED,1981,Janice Hahn,Aye,1
3215,2025-12-04,Board of Directors - Regular Board Meeting,158242,3,2025-1020,RECEIVED,3356,Lindsey Horvath,Aye,1
3215,2025-12-04,Board of Directors - Regular Board Meeting,158242,3,2025-1020,RECEIVED,2240,Holly J. Mitchell,Absent,0
3215,2025-12-04,Board of Directors - Regular Board Meeting,158242,3,2025-1020,RECEIVED,288,Ara J. Najarian,Aye,1
3215,2025-12-04,Board of Directors - Regular Board Meeting,158242,3,2025-1020,RECEIVED,3525,Imelda Padilla,Aye,1
3215,2025-12-04,Board of Directors - Regular Board Meeting,158242,3,2025-1020,RECEIVED,2244,Tim Sandoval,Absent,0
3215,2025-12-04,Board of Directors - Regular Board Meeting,158242,3,2025-1020,RECEIVED,290,Hilda L. Solis,Aye,1
3215,2025-12-04,Board of Directors - Regular Board Meeting,158242,3,2025-1020,RECEIVED,3373,Katy Yaroslavsky,Absent,0
3215,2025-12-04,Board of Directors - Regular Board Meeting,158784,33,2025-0903,APPROVED,2253,Fernando Dutra,Aye,1
3215,2025-12-04,Board of Directors - Regular Board Meeting,158784,33,2025-0903,APPROVED,284,Jacquelyn Dupont-Walker,Aye,1
3215,2025-12-04,Board of Directors - Regular Board Meeting,158784,33,2025-0903,APPROVED,1982,Kathryn Barger,Aye,1
3215,2025-12-04,Board of Directors - Regular Board Meeting,158784,33,2025-0903,APPROVED,3355,Karen Bass,Aye,1
3215,2025-12-04,Board of Directors - Regular Board Meeting,158784,33,2025-0903,APPROVED,1820,James Butts,Absent,0
3215,2025-12-04,Board of Directors - Regular Board Meeting,158784,33,2025-0903,APPROVED,1981,Janice Hahn,Aye,1
3215,2025-12-04,Board of Directors - Regular Board Meeting,158784,33,2025-0903,APPROVED,3356,Lindsey Horvath,Absent,0
3215,2025-12-04,Board of Directors - Regular Board Meeting,158784,33,2025-0903,APPROVED,2240,Holly J. Mitchell,Absent,0
3215,2025-12-04,Board of Directors - Regular Board Meeting,158784,33,2025-0903,APPROVED,288,Ara J. Najarian,Aye,1
3215,2025-12-04,Board of Directors - Regular Board Meeting,158784,33,2025-0903,APPROVED,3525,Imelda Padilla,Aye,1
3215,2025-12-04,Board of Directors - Regular Board Meeting,158784,33,2025-0903,APPROVED,2244,Tim Sandoval,Aye,1
3215,2025-12-04,Board of Directors - Regular Board Meeting,158784,33,2025-0903,APPROVED,290,Hilda L. Solis,Aye,1
3215,2025-12-04,Board of Directors - Regular Board Meeting,158784,33,2025-0903,APPROVED,3373,Katy Yaroslavsky,Aye,1
3215,2025-12-04,Board of Directors - Regular Board Meeting,158785,32,2025-0845,ADOPTED,2253,Fernando Dutra,Aye,1
3215,2025-12-04,Board of Directors - Regular Board Meeting,158785,32,2025-0845,ADOPTED,284,Jacquelyn Dupont-Walker,Aye,1
3215,2025-12-04,Board of Directors - Regular Board Meeting,158785,32,2025-0845,ADOPTED,1982,Kathryn Barger,Aye,1
3215,2025-12-04,Board of Directors - Regular Board Meeting,158785,32,2025-0845,ADOPTED,3355,Karen Bass,Aye,1
3215,2025-12-04,Board of Directors - Regular Board Meeting,158785,32,2025-0845,ADOPTED,1820,James Butts,Absent,0
3215,2025-12-04,Board of Directors - Regular Board Meeting,158785,32,2025-0845,ADOPTED,1981,Janice Hahn,Aye,1
3215,2025-12-04,Board of Directors - Regular Board Meeting,158785,32,2025-0845,ADOPTED,3356,Lindsey Horvath,Absent,0
3215,2025-12-04,Board of Directors - Regular Board Meeting,158785,32,2025-0845,ADOPTED,2240,Holly J. Mitchell,Absent,0
3215,2025-12-04,Board of Directors - Regular Board Meeting,158785,32,2025-0845,ADOPTED,288,Ara J. Najarian,Aye,1
3215,2025-12-04,Board of Directors - Regular Board Meeting,158785,32,2025-0845,ADOPTED,3525,Imelda Padilla,Aye,1
3215,2025-12-04,Board of Directors - Regular Board Meeting,158785,32,2025-0845,ADOPTED,2244,Tim Sandoval,Aye,1
3215,2025-12-04,Board of Directors - Regular Board Meeting,158785,32,2025-0845,ADOPTED,290,Hilda L. Solis,Aye,1
3215,2025-12-04,Board of Directors - Regular Board Meeting,158785,32,2025-0845,ADOPTED,3373,Katy Yaroslavsky,Aye,1
3215,2025-12-04,Board of Directors - Regular Board Meeting,158786,18,2025-1026,APPROVED,2253,Fernando Dutra,Aye,1
3215,2025-12-04,Board of Directors - Regular Board Meeting,158786,18,2025-1026,APPROVED,284,Jacquelyn Dupont-Walker,Aye,1
3215,2025-12-04,Board of Directors - Regular Board Meeting,158786,18,2025-1026,APPROVED,1982,Kathryn Barger,Aye,1
3215,2025-12-04,Board of Directors - Regular Board Meeting,158786,18,2025-1026,APPROVED,3355,Karen Bass,Absent,0
3215,2025-12-04,Board of Directors - Regular Board Meeting,158786,18,2025-1026,APPROVED,1820,James Butts,Absent,0
3215,2025-12-04,Board of Directors - Regular Board Meeting,158786,18,2025-1026,APPROVED,1981,Janice Hahn,Aye,1
3215,2025-12-04,Board of Directors - Regular Board Meeting,158786,18,2025-1026,APPROVED,3356,Lindsey Horvath,Aye,1
3215,2025-12-04,Board of Directors - Regular Board Meeting,158786,18,2025-1026,APPROVED,2240,Holly J. Mitchell,Absent,0
3215,2025-12-04,Board of Directors - Regular Board Meeting,158786,18,2025-1026,APPROVED,288,Ara J. Najarian,Aye,1
3215,2025-12-04,Board of Directors - Regular Board Meeting,158786,18,2025-1026,APPROVED,3525,Imelda Padilla,Aye,1
3215,2025-12-04,Board of Directors - Regular Board Meeting,158786,18,2025-1026,APPROVED,2244,Tim Sandoval,Aye,1
3215,2025-12-04,Board of Directors - Regular Board Meeting,158786,18,2025-1026,APPROVED,290,Hilda L. Solis,Aye,1
3215,2025-12-04,Board of Directors - Regular Board Meeting,158786,18,2025-1026,APPROVED,3373,Katy Yaroslavsky,Aye,1
3215,2025-12-04,Board of Directors - Regular Board Meeting,158788,8,2025-0948,APPROVED,2253,Fernando Dutra,Aye,1
3215,2025-12-04,Board of Directors - Regular Board Meeting,158788,8,2025-0948,APPROVED,284,Jacquelyn Dupont-Walker,Aye,1
3215,2025-12-04,Board of Directors - Regular Board Meeting,158788,8,2025-0948,APPROVED,1982,Kathryn Barger,Aye,1
3215,2025-12-04,Board of Directors - Regular Board Meeting,158788,8,2025-0948,APPROVED,3355,Karen Bass,Aye,1
3215,2025-12-04,Board of Directors - Regular Board Meeting,158788,8,2025-0948,APPROVED,1820,James Butts,Absent,0
3215,2025-12-04,Board of Directors - Regular Board Meeting,158788,8,2025-0948,APPROVED,1981,Janice Hahn,Aye,1
3215,2025-12-04,Board of Directors - Regular Board Meeting,158788,8,2025-0948,APPROVED,3356,Lindsey Horvath,Aye,1
3215,2025-12-04,Board of Directors - Regular Board Meeting,158788,8,2025-0948,APPROVED,2240,Holly J. Mitchell,Absent,0
3215,2025-12-04,Board of Directors - Regular Board Meeting,158788,8,2025-0948,APPROVED,288,Ara J. Najarian,Aye,1
3215,2025-12-04,Board of Directors - Regular Board Meeting,158788,8,2025-0948,APPROVED,3525,Imelda Padilla,Aye,1
3215,2025-12-04,Board of Directors - Regular Board Meeting,158788,8,2025-0948,APPROVED,2244,Tim Sandoval,Aye,1
3215,2025-12-04,Board of Directors - Regular Board Meeting,158788,8,2025-0948,APPROVED,290,Hilda L. Solis,Aye,1
3215,2025-12-04,Board of Directors - Regular Board Meeting,158788,8,2025-0948,APPROVED,3373,Katy Yaroslavsky,Aye,1
3215,2025-12-04,Board of Directors - Regular Board Meeting,158789,7,2025-0853,APPROVED,2253,Fernando Dutra,Aye,1
3215,2025-12-04,Board of Directors - Regular Board Meeting,158789,7,2025-0853,APPROVED,284,Jacquelyn Dupont-Walker,Aye,1
3215,2025-12-04,Board of Directors - Regular Board Meeting,158789,7,2025-0853,APPROVED,1982,Kathryn Barger,Aye,1
3215,2025-12-04,Board of Directors - Regular Board Meeting,158789,7,2025-0853,APPROVED,3355,Karen Bass,Absent,0
3215,2025-12-04,Board of Directors - Regular Board Meeting,158789,7,2025-0853,APPROVED,1820,James Butts,Absent,0
3215,2025-12-04,Board of Directors - Regular Board Meeting,158789,7,2025-0853,APPROVED,1981,Janice Hahn,Aye,1
3215,2025-12-04,Board of Directors - Regular Board Meeting,158789,7,2025-0853,APPROVED,3356,Lindsey Horvath,Aye,1
3215,2025-12-04,Board of Directors - Regular Board Meeting,158789,7,2025-0853,APPROVED,2240,Holly J. Mitchell,Absent,0
3215,2025-12-04,Board of Directors - Regular Board Meeting,158789,7,2025-0853,APPROVED,288,Ara J. Najarian,Aye,1
3215,2025-12-04,Board of Directors - Regular Board Meeting,158789,7,2025-0853,APPROVED,3525,Imelda Padilla,Aye,1
3215,2025-12-04,Board of Directors - Regular Board Meeting,158789,7,2025-0853,APPROVED,2244,Tim Sandoval,Aye,1
3215,2025-12-04,Board of Directors - Regular Board Meeting,158789,7,2025-0853,APPROVED,290,Hilda L. Solis,Aye,1
3215,2025-12-04,Board of Directors - Regular Board Meeting,158789,7,2025-0853,APPROVED,3373,Katy Yaroslavsky,Aye,1
3215,2025-12-04,Board of Directors - Regular Board Meeting,158794,12,2025-0602,APPROVED,2253,Fernando Dutra,Aye,1
3215,2025-12-04,Board of Directors - Regular Board Meeting,158794,12,2025-0602,APPROVED,284,Jacquelyn Dupont-Walker,Aye,1
3215,2025-12-04,Board of Directors - Regular Board Meeting,158794,12,2025-0602,APPROVED,1982,Kathryn Barger,Aye,1
3215,2025-12-04,Board of Directors - Regular Board Meeting,158794,12,2025-0602,APPROVED,3355,Karen Bass,Aye,1
3215,2025-12-04,Board of Directors - Regular Board Meeting,158794,12,2025-0602,APPROVED,1820,James Butts,Absent,0
3215,2025-12-04,Board of Directors - Regular Board Meeting,158794,12,2025-0602,APPROVED,1981,Janice Hahn,Aye,1
3215,2025-12-04,Board of Directors - Regular Board Meeting,158794,12,2025-0602,APPROVED,3356,Lindsey Horvath,Aye,1
3215,2025-12-04,Board of Directors - Regular Board Meeting,158794,12,2025-0602,APPROVED,2240,Holly J. Mitchell,Absent,0
3215,2025-12-04,Board of Directors - Regular Board Meeting,158794,12,2025-0602,APPROVED,288,Ara J. Najarian,Aye,1
3215,2025-12-04,Board of Directors - Regular Board Meeting,158794,12,2025-0602,APPROVED,3525,Imelda Padilla,Aye,1
3215,2025-12-04,Board of Directors - Regular Board Meeting,158794,12,2025-0602,APPROVED,2244,Tim Sandoval,Aye,1
3215,2025-12-04,Board of Directors - Regular Board Meeting,158794,12,2025-0602,APPROVED,290,Hilda L. Solis,Aye,1
3215,2025-12-04,Board of Directors - Regular Board Meeting,158794,12,2025-0602,APPROVED,3373,Katy Yaroslavsky,Aye,1
3215,2025-12-04,Board of Directors - Regular Board Meeting,158796,11,2025-0869,APPROVED,2253,Fernando Dutra,Aye,1
3215,2025-12-04,Board of Directors - Regular Board Meeting,158796,11,2025-0869,APPROVED,284,Jacquelyn Dupont-Walker,Aye,1
3215,2025-12-04,Board of Directors - Regular Board Meeting,158796,11,2025-0869,APPROVED,1982,Kathryn Barger,Aye,1
3215,2025-12-04,Board of Directors - Regular Board Meeting,158796,11,2025-0869,APPROVED,3355,Karen Bass,Aye,1
3215,2025-12-04,Board of Directors - Regular Board Meeting,158796,11,2025-0869,APPROVED,1820,James Butts,Absent,0
3215,2025-12-04,Board of Directors - Regular Board Meeting,158796,11,2025-0869,APPROVED,1981,Janice Hahn,Aye,1
3215,2025-12-04,Board of Directors - Regular Board Meeting,158796,11,2025-0869,APPROVED,3356,Lindsey Horvath,Aye,1
3215,2025-12-04,Board of Directors - Regular Board Meeting,158796,11,2025-0869,APPROVED,2240,Holly J. Mitchell,Absent,0
3215,2025-12-04,Board of Directors - Regular Board Meeting,158796,11,2025-0869,APPROVED,288,Ara J. Najarian,Aye,1
3215,2025-12-04,Board of Directors - Regular Board Meeting,158796,11,2025-0869,APPROVED,3525,Imelda Padilla,Aye,1
3215,2025-12-04,Board of Directors - Regular Board Meeting,158796,11,2025-0869,APPROVED,2244,Tim Sandoval,Aye,1
3215,2025-12-04,Board of Directors - Regular Board Meeting,158796,11,2025-0869,APPROVED,290,Hilda L. Solis,Aye,1
3215,2025-12-04,Board of Directors - Regular Board Meeting,158796,11,2025-0869,APPROVED,3373,Katy Yaroslavsky,Aye,1
3215,2025-12-04,Board of Directors - Regular Board Meeting,158798,10,2025-0799,APPROVED,2253,Fernando Dutra,Aye,1
3215,2025-12-04,Board of Directors - Regular Board Meeting,158798,10,2025-0799,APPROVED,284,Jacquelyn Dupont-Walker,Aye,1
3215,2025-12-04,Board of Directors - Regular Board Meeting,158798,10,2025-0799,APPROVED,1982,Kathryn Barger,Aye,1
3215,2025-12-04,Board of Directors - Regular Board Meeting,158798,10,2025-0799,APPROVED,3355,Karen Bass,Aye,1
3215,2025-12-04,Board of Directors - Regular Board Meeting,158798,10,2025-0799,APPROVED,1820,James Butts,Absent,0
3215,2025-12-04,Board of Directors - Regular Board Meeting,158798,10,2025-0799,APPROVED,1981,Janice Hahn,Aye,1
3215,2025-12-04,Board of Directors - Regular Board Meeting,158798,10,2025-0799,APPROVED,3356,Lindsey Horvath,Aye,1
3215,2025-12-04,Board of Directors - Regular Board Meeting,158798,10,2025-0799,APPROVED,2240,Holly J. Mitchell,Absent,0
3215,2025-12-04,Board of Directors - Regular Board Meeting,158798,10,2025-0799,APPROVED,288,Ara J. Najarian,Aye,1
3215,2025-12-04,Board of Directors - Regular Board Meeting,158798,10,2025-0799,APPROVED,3525,Imelda Padilla,Aye,1
3215,2025-12-04,Board of Directors - Regular Board Meeting,158798,10,2025-0799,APPROVED,2244,Tim Sandoval,Aye,1
3215,2025-12-04,Board of Directors - Regular Board Meeting,158798,10,2025-0799,APPROVED,290,Hilda L. Solis,Aye,1
3215,2025-12-04,Board of Directors - Regular Board Meeting,158798,10,2025-0799,APPROVED,3373,Katy Yaroslavsky,Aye,1
3215,2025-12-04,Board of Directors - Regular Board Meeting,158801,25,2025-0861,APPROVED,2253,Fernando Dutra,Aye,1
3215,2025-12-04,Board of Directors - Regular Board Meeting,158801,25,2025-0861,APPROVED,284,Jacquelyn Dupont-Walker,Aye,1
3215,2025-12-04,Board of Directors - Regular Board Meeting,158801,25,2025-0861,APPROVED,1982,Kathryn Barger,Aye,1
3215,2025-12-04,Board of Directors - Regular Board Meeting,158801,25,2025-0861,APPROVED,3355,Karen Bass,Aye,1
3215,2025-12-04,Board of Directors - Regular Board Meeting,158801,25,2025-0861,APPROVED,1820,James Butts,Absent,0
3215,2025-12-04,Board of Directors - Regular Board Meeting,158801,25,2025-0861,APPROVED,1981,Janice Hahn,Aye,1
3215,2025-12-04,Board of Directors - Regular Board Meeting,158801,25,2025-0861,APPROVED,3356,Lindsey Horvath,Aye,1
3215,2025-12-04,Board of Directors - Regular Board Meeting,158801,25,2025-0861,APPROVED,2240,Holly J. Mitchell,Absent,0
3215,2025-12-04,Board of Directors - Regular Board Meeting,158801,25,2025-0861,APPROVED,288,Ara J. Najarian,Aye,1
3215,2025-12-04,Board of Directors - Regular Board Meeting,158801,25,2025-0861,APPROVED,3525,Imelda Padilla,Aye,1
3215,2025-12-04,Board of Directors - Regular Board Meeting,158801,25,2025-0861,APPROVED,2244,Tim Sandoval,Aye,1
3215,2025-12-04,Board of Directors - Regular Board Meeting,158801,25,2025-0861,APPROVED,290,Hilda L. Solis,Aye,1
3215,2025-12-04,Board of Directors - Regular Board Meeting,158801,25,2025-0861,APPROVED,3373,Katy Yaroslavsky,Aye,1
3215,2025-12-04,Board of Directors - Regular Board Meeting,158803,16,2025-0953,APPROVED,2253,Fernando Dutra,Aye,1
3215,2025-12-04,Board of Directors - Regular Board Meeting,158803,16,2025-0953,APPROVED,284,Jacquelyn Dupont-Walker,Aye,1
3215,2025-12-04,Board of Directors - Regular Board Meeting,158803,16,2025-0953,APPROVED,1982,Kathryn Barger,Aye,1
3215,2025-12-04,Board of Directors - Regular Board Meeting,158803,16,2025-0953,APPROVED,3355,Karen Bass,Aye,1
3215,2025-12-04,Board of Directors - Regular Board Meeting,158803,16,2025-0953,APPROVED,1820,James Butts,Absent,0
3215,2025-12-04,Board of Directors - Regular Board Meeting,158803,16,2025-0953,APPROVED,1981,Janice Hahn,Nay,2
3215,2025-12-04,Board of Directors - Regular Board Meeting,158803,16,2025-0953,APPROVED,3356,Lindsey Horvath,Aye,1
3215,2025-12-04,Board of Directors - Regular Board Meeting,158803,16,2025-0953,APPROVED,2240,Holly J. Mitchell,Absent,0
3215,2025-12-04,Board of Directors - Regular Board Meeting,158803,16,2025-0953,APPROVED,288,Ara J. Najarian,Aye,1
3215,2025-12-04,Board of Directors - Regular Board Meeting,158803,16,2025-0953,APPROVED,3525,Imelda Padilla,Aye,1
3215,2025-12-04,Board of Directors - Regular Board Meeting,158803,16,2025-0953,APPROVED,2244,Tim Sandoval,Aye,1
3215,2025-12-04,Board of Directors - Regular Board Meeting,158803,16,2025-0953,APPROVED,290,Hilda L. Solis,Aye,1
3215,2025-12-04,Board of Directors - Regular Board Meeting,158803,16,2025-0953,APPROVED,3373,Katy Yaroslavsky,Aye,1
3215,2025-12-04,Board of Directors - Regular Board Meeting,158805,13,2025-0919,APPROVED,2253,Fernando Dutra,Aye,1
3215,2025-12-04,Board of Directors - Regular Board Meeting,158805,13,2025-0919,APPROVED,284,Jacquelyn Dupont-Walker,Aye,1
3215,2025-12-04,Board of Directors - Regular Board Meeting,158805,13,2025-0919,APPROVED,1982,Kathryn Barger,Aye,1
3215,2025-12-04,Board of Directors - Regular Board Meeting,158805,13,2025-0919,APPROVED,3355,Karen Bass,Aye,1
3215,2025-12-04,Board of Directors - Regular Board Meeting,158805,13,2025-0919,APPROVED,1820,James Butts,Absent,0
3215,2025-12-04,Board of Directors - Regular Board Meeting,158805,13,2025-0919,APPROVED,1981,Janice Hahn,Aye,1
3215,2025-12-04,Board of Directors - Regular Board Meeting,158805,13,2025-0919,APPROVED,3356,Lindsey Horvath,Aye,1
3215,2025-12-04,Board of Directors - Regular Board Meeting,158805,13,2025-0919,APPROVED,2240,Holly J. Mitchell,Absent,0
3215,2025-12-04,Board of Directors - Regular Board Meeting,158805,13,2025-0919,APPROVED,288,Ara J. Najarian,Aye,1
3215,2025-12-04,Board of Directors - Regular Board Meeting,158805,13,2025-0919,APPROVED,3525,Imelda Padilla,Aye,1
3215,2025-12-04,Board of Directors - Regular Board Meeting,158805,13,2025-0919,APPROVED,2244,Tim Sandoval,Aye,1
3215,2025-12-04,Board of Directors - Regular Board Meeting,158805,13,2025-0919,APPROVED,290,Hilda L. Solis,Aye,1
3215,2025-12-04,Board of Directors - Regular Board Meeting,158805,13,2025-0919,APPROVED,3373,Katy Yaroslavsky,Aye,1
3215,2025-12-04,Board of Directors - Regular Board Meeting,158808,17,2025-0936,ADOPTED,2253,Fernando Dutra,Aye,1
3215,2025-12-04,Board of Directors - Regular Board Meeting,158808,17,2025-0936,ADOPTED,284,Jacquelyn Dupont-Walker,Aye,1
3215,2025-12-04,Board of Directors - Regular Board Meeting,158808,17,2025-0936,ADOPTED,1982,Kathryn Barger,Aye,1
3215,2025-12-04,Board of Directors - Regular Board Meeting,158808,17,2025-0936,ADOPTED,3355,Karen Bass,Absent,0
3215,2025-12-04,Board of Directors - Regular Board Meeting,158808,17,2025-0936,ADOPTED,1820,James Butts,Absent,0
3215,2025-12-04,Board of Directors - Regular Board Meeting,158808,17,2025-0936,ADOPTED,1981,Janice Hahn,Aye,1
3215,2025-12-04,Board of Directors - Regular Board Meeting,158808,17,2025-0936,ADOPTED,3356,Lindsey Horvath,Aye,1
3215,2025-12-04,Board of Directors - Regular Board Meeting,158808,17,2025-0936,ADOPTED,2240,Holly J. Mitchell,Absent,0
3215,2025-12-04,Board of Directors - Regular Board Meeting,158808,17,2025-0936,ADOPTED,288,Ara J. Najarian,Aye,1
3215,2025-12-04,Board of Directors - Regular Board Meeting,158808,17,2025-0936,ADOPTED,3525,Imelda Padilla,Absent,0
3215,2025-12-04,Board of Directors - Regular Board Meeting,158808,17,2025-0936,ADOPTED,2244,Tim Sandoval,Aye,1
3215,2025-12-04,Board of Directors - Regular Board Meeting,158808,17,2025-0936,ADOPTED,290,Hilda L. Solis,Aye,1
3215,2025-12-04,Board of Directors - Regular Board Meeting,158808,17,2025-0936,ADOPTED,3373,Katy Yaroslavsky,Aye,1
3215,2025-12-04,Board of Directors - Regular Board Meeting,158810,24,2025-0859,APPROVED,2253,Fernando Dutra,Aye,1
3215,2025-12-04,Board of Directors - Regular Board Meeting,158810,24,2025-0859,APPROVED,284,Jacquelyn Dupont-Walker,Aye,1
3215,2025-12-04,Board of Directors - Regular Board Meeting,158810,24,2025-0859,APPROVED,1982,Kathryn Barger,Aye,1
3215,2025-12-04,Board of Directors - Regular Board Meeting,158810,24,2025-0859,APPROVED,3355,Karen Bass,Aye,1
3215,2025-12-04,Board of Directors - Regular Board Meeting,158810,24,2025-0859,APPROVED,1820,James Butts,Absent,0
3215,2025-12-04,Board of Directors - Regular Board Meeting,158810,24,2025-0859,APPROVED,1981,Janice Hahn,Aye,1
3215,2025-12-04,Board of Directors - Regular Board Meeting,158810,24,2025-0859,APPROVED,3356,Lindsey Horvath,Aye,1
3215,2025-12-04,Board of Directors - Regular Board Meeting,158810,24,2025-0859,APPROVED,2240,Holly J. Mitchell,Absent,0
3215,2025-12-04,Board of Directors - Regular Board Meeting,158810,24,2025-0859,APPROVED,288,Ara J. Najarian,Aye,1
3215,2025-12-04,Board of Directors - Regular Board Meeting,158810,24,2025-0859,APPROVED,3525,Imelda Padilla,Aye,1
3215,2025-12-04,Board of Directors - Regular Board Meeting,158810,24,2025-0859,APPROVED,2244,Tim Sandoval,Aye,1
3215,2025-12-04,Board of Directors - Regular Board Meeting,158810,24,2025-0859,APPROVED,290,Hilda L. Solis,Aye,1
3215,2025-12-04,Board of Directors - Regular Board Meeting,158810,24,2025-0859,APPROVED,3373,Katy Yaroslavsky,Aye,1
3215,2025-12-04,Board of Directors - Regular Board Meeting,158812,23,2025-0852,APPROVED,2253,Fernando Dutra,Aye,1
3215,2025-12-04,Board of Directors - Regular Board Meeting,158812,23,2025-0852,APPROVED,284,Jacquelyn Dupont-Walker,Aye,1
3215,2025-12-04,Board of Directors - Regular Board Meeting,158812,23,2025-0852,APPROVED,1982,Kathryn Barger,Aye,1
3215,2025-12-04,Board of Directors - Regular Board Meeting,158812,23,2025-0852,APPROVED,3355,Karen Bass,Aye,1
3215,2025-12-04,Board of Directors - Regular Board Meeting,158812,23,2025-0852,APPROVED,1820,James Butts,Absent,0
3215,2025-12-04,Board of Directors - Regular Board Meeting,158812,23,2025-0852,APPROVED,1981,Janice Hahn,Aye,1
3215,2025-12-04,Board of Directors - Regular Board Meeting,158812,23,2025-0852,APPROVED,3356,Lindsey Horvath,Aye,1
3215,2025-12-04,Board of Directors - Regular Board Meeting,158812,23,2025-0852,APPROVED,2240,Holly J. Mitchell,Absent,0
3215,2025-12-04,Board of Directors - Regular Board Meeting,158812,23,2025-0852,APPROVED,288,Ara J. Najarian,Aye,1
3215,2025-12-04,Board of Directors - Regular Board Meeting,158812,23,2025-0852,APPROVED,3525,Imelda Padilla,Aye,1
3215,2025-12-04,Board of Directors - Regular Board Meeting,158812,23,2025-0852,APPROVED,2244,Tim Sandoval,Aye,1
3215,2025-12-04,Board of Directors - Regular Board Meeting,158812,23,2025-0852,APPROVED,290,Hilda L. Solis,Aye,1
3215,2025-12-04,Board of Directors - Regular Board Meeting,158812,23,2025-0852,APPROVED,3373,Katy Yaroslavsky,Aye,1
3215,2025-12-04,Board of Directors - Regular Board Meeting,158814,22,2025-0746,APPROVED,2253,Fernando Dutra,Aye,1
3215,2025-12-04,Board of Directors - Regular Board Meeting,158814,22,2025-0746,APPROVED,284,Jacquelyn Dupont-Walker,Aye,1
3215,2025-12-04,Board of Directors - Regular Board Meeting,158814,22,2025-0746,APPROVED,1982,Kathryn Barger,Aye,1
3215,2025-12-04,Board of Directors - Regular Board Meeting,158814,22,2025-0746,APPROVED,3355,Karen Bass,Aye,1
3215,2025-12-04,Board of Directors - Regular Board Meeting,158814,22,2025-0746,APPROVED,1820,James Butts,Absent,0
3215,2025-12-04,Board of Directors - Regular Board Meeting,158814,22,2025-0746,APPROVED,1981,Janice Hahn,Aye,1
3215,2025-12-04,Board of Directors - Regular Board Meeting,158814,22,2025-0746,APPROVED,3356,Lindsey Horvath,Aye,1
3215,2025-12-04,Board of Directors - Regular Board Meeting,158814,22,2025-0746,APPROVED,2240,Holly J. Mitchell,Absent,0
3215,2025-12-04,Board of Directors - Regular Board Meeting,158814,22,2025-0746,APPROVED,288,Ara J. Najarian,Aye,1
3215,2025-12-04,Board of Directors - Regular Board Meeting,158814,22,2025-0746,APPROVED,3525,Imelda Padilla,Aye,1
3215,2025-12-04,Board of Directors - Regular Board Meeting,158814,22,2025-0746,APPROVED,2244,Tim Sandoval,Aye,1
3215,2025-12-04,Board of Directors - Regular Board Meeting,158814,22,2025-0746,APPROVED,290,Hilda L. Solis,Aye,1
3215,2025-12-04,Board of Directors - Regular Board Meeting,158814,22,2025-0746,APPROVED,3373,Katy Yaroslavsky,Aye,1
3215,2025-12-04,Board of Directors - Regular Board Meeting,158816,21,2025-0695,APPROVED,2253,Fernando Dutra,Aye,1
3215,2025-12-04,Board of Directors - Regular Board Meeting,158816,21,2025-0695,APPROVED,284,Jacquelyn Dupont-Walker,Aye,1
3215,2025-12-04,Board of Directors - Regular Board Meeting,158816,21,2025-0695,APPROVED,1982,Kathryn Barger,Aye,1
3215,2025-12-04,Board of Directors - Regular Board Meeting,158816,21,2025-0695,APPROVED,3355,Karen Bass,Aye,1
3215,2025-12-04,Board of Directors - Regular Board Meeting,158816,21,2025-0695,APPROVED,1820,James Butts,Absent,0
3215,2025-12-04,Board of Directors - Regular Board Meeting,158816,21,2025-0695,APPROVED,1981,Janice Hahn,Aye,1
3215,2025-12-04,Board of Directors - Regular Board Meeting,158816,21,2025-0695,APPROVED,3356,Lindsey Horvath,Aye,1
3215,2025-12-04,Board of Directors - Regular Board Meeting,158816,21,2025-0695,APPROVED,2240,Holly J. Mitchell,Absent,0
3215,2025-12-04,Board of Directors - Regular Board Meeting,158816,21,2025-0695,APPROVED,288,Ara J. Najarian,Aye,1
3215,2025-12-04,Board of Directors - Regular Board Meeting,158816,21,2025-0695,APPROVED,3525,Imelda Padilla,Aye,1
3215,2025-12-04,Board of Directors - Regular Board Meeting,158816,21,2025-0695,APPROVED,2244,Tim Sandoval,Aye,1
3215,2025-12-04,Board of Directors - Regular Board Meeting,158816,21,2025-0695,APPROVED,290,Hilda L. Solis,Aye,1
3215,2025-12-04,Board of Directors - Regular Board Meeting,158816,21,2025-0695,APPROVED,3373,Katy Yaroslavsky,Aye,1
3215,2025-12-04,Board of Directors - Regular Board Meeting,158818,20,2025-0471,APPROVED,2253,Fernando Dutra,Aye,1
3215,2025-12-04,Board of Directors - Regular Board Meeting,158818,20,2025-0471,APPROVED,284,Jacquelyn Dupont-Walker,Aye,1
3215,2025-12-04,Board of Directors - Regular Board Meeting,158818,20,2025-0471,APPROVED,1982,Kathryn Barger,Aye,1
3215,2025-12-04,Board of Directors - Regular Board Meeting,158818,20,2025-0471,APPROVED,3355,Karen Bass,Aye,1
3215,2025-12-04,Board of Directors - Regular Board Meeting,158818,20,2025-0471,APPROVED,1820,James Butts,Absent,0
3215,2025-12-04,Board of Directors - Regular Board Meeting,158818,20,2025-0471,APPROVED,1981,Janice Hahn,Aye,1
3215,2025-12-04,Board of Directors - Regular Board Meeting,158818,20,2025-0471,APPROVED,3356,Lindsey Horvath,Aye,1
3215,2025-12-04,Board of Directors - Regular Board Meeting,158818,20,2025-0471,APPROVED,2240,Holly J. Mitchell,Absent,0
3215,2025-12-04,Board of Directors - Regular Board Meeting,158818,20,2025-0471,APPROVED,288,Ara J. Najarian,Aye,1
3215,2025-12-04,Board of Directors - Regular Board Meeting,158818,20,2025-0471,APPROVED,3525,Imelda Padilla,Aye,1
3215,2025-12-04,Board of Directors - Regular Board Meeting,158818,20,2025-0471,APPROVED,2244,Tim Sandoval,Aye,1
3215,2025-12-04,Board of Directors - Regular Board Meeting,158818,20,2025-0471,APPROVED,290,Hilda L. Solis,Aye,1
3215,2025-12-04,Board of Directors - Regular Board Meeting,158818,20,2025-0471,APPROVED,3373,Katy Yaroslavsky,Aye,1
3215,2025-12-04,Board of Directors - Regular Board Meeting,158820,30,2025-0824,APPROVED,2253,Fernando Dutra,Aye,1
3215,2025-12-04,Board of Directors - Regular Board Meeting,158820,30,2025-0824,APPROVED,284,Jacquelyn Dupont-Walker,Aye,1
3215,2025-12-04,Board of Directors - Regular Board Meeting,158820,30,2025-0824,APPROVED,1982,Kathryn Barger,Aye,1
3215,2025-12-04,Board of Directors - Regular Board Meeting,158820,30,2025-0824,APPROVED,3355,Karen Bass,Aye,1
3215,2025-12-04,Board of Directors - Regular Board Meeting,158820,30,2025-0824,APPROVED,1820,James Butts,Absent,0
3215,2025-12-04,Board of Directors - Regular Board Meeting,158820,30,2025-0824,APPROVED,1981,Janice Hahn,Aye,1
3215,2025-12-04,Board of Directors - Regular Board Meeting,158820,30,2025-0824,APPROVED,3356,Lindsey Horvath,Aye,1
3215,2025-12-04,Board of Directors - Regular Board Meeting,158820,30,2025-0824,APPROVED,2240,Holly J. Mitchell,Absent,0
3215,2025-12-04,Board of Directors - Regular Board Meeting,158820,30,2025-0824,APPROVED,288,Ara J. Najarian,Aye,1
3215,2025-12-04,Board of Directors - Regular Board Meeting,158820,30,2025-0824,APPROVED,3525,Imelda Padilla,Aye,1
3215,2025-12-04,Board of Directors - Regular Board Meeting,158820,30,2025-0824,APPROVED,2244,Tim Sandoval,Aye,1
3215,2025-12-04,Board of Directors - Regular Board Meeting,158820,30,2025-0824,APPROVED,290,Hilda L. Solis,Aye,1
3215,2025-12-04,Board of Directors - Regular Board Meeting,158820,30,2025-0824,APPROVED,3373,Katy Yaroslavsky,Aye,1
3215,2025-12-04,Board of Directors - Regular Board Meeting,158822,26,2025-0967,APPROVED,2253,Fernando Dutra,Aye,1
3215,2025-12-04,Board of Directors - Regular Board Meeting,158822,26,2025-0967,APPROVED,284,Jacquelyn Dupont-Walker,Aye,1
3215,2025-12-04,Board of Directors - Regular Board Meeting,158822,26,2025-0967,APPROVED,1982,Kathryn Barger,Aye,1
3215,2025-12-04,Board of Directors - Regular Board Meeting,158822,26,2025-0967,APPROVED,3355,Karen Bass,Aye,1
3215,2025-12-04,Board of Directors - Regular Board Meeting,158822,26,2025-0967,APPROVED,1820,James Butts,Absent,0
3215,2025-12-04,Board of Directors - Regular Board Meeting,158822,26,2025-0967,APPROVED,1981,Janice Hahn,Aye,1
3215,2025-12-04,Board of Directors - Regular Board Meeting,158822,26,2025-0967,APPROVED,3356,Lindsey Horvath,Aye,1
3215,2025-12-04,Board of Directors - Regular Board Meeting,158822,26,2025-0967,APPROVED,2240,Holly J. Mitchell,Absent,0
3215,2025-12-04,Board of Directors - Regular Board Meeting,158822,26,2025-0967,APPROVED,288,Ara J. Najarian,Abstain,0
3215,2025-12-04,Board of Directors - Regular Board Meeting,158822,26,2025-0967,APPROVED,3525,Imelda Padilla,Aye,1
3215,2025-12-04,Board of Directors - Regular Board Meeting,158822,26,2025-0967,APPROVED,2244,Tim Sandoval,Aye,1
3215,2025-12-04,Board of Directors - Regular Board Meeting,158822,26,2025-0967,APPROVED,290,Hilda L. Solis,Aye,1
3215,2025-12-04,Board of Directors - Regular Board Meeting,158822,26,2025-0967,APPROVED,3373,Katy Yaroslavsky,Aye,1
3215,2025-12-04,Board of Directors - Regular Board Meeting,158900,,,APPROVED ON CONSENT CALENDAR,2253,Fernando Dutra,Aye,1
3215,2025-12-04,Board of Directors - Regular Board Meeting,158900,,,APPROVED ON CONSENT CALENDAR,284,Jacquelyn Dupont-Walker,Aye,1
3215,2025-12-04,Board of Directors - Regular Board Meeting,158900,,,APPROVED ON CONSENT CALENDAR,1982,Kathryn Barger,Aye,1
3215,2025-12-04,Board of Directors - Regular Board Meeting,158900,,,APPROVED ON CONSENT CALENDAR,3355,Karen Bass,Aye,1
3215,2025-12-04,Board of Directors - Regular Board Meeting,158900,,,APPROVED ON CONSENT CALENDAR,1820,James Butts,Absent,0
3215,2025-12-04,Board of Directors - Regular Board Meeting,158900,,,APPROVED ON CONSENT CALENDAR,1981,Janice Hahn,Aye,1
3215,2025-12-04,Board of Directors - Regular Board Meeting,158900,,,APPROVED ON CONSENT CALENDAR,3356,Lindsey Horvath,Aye,1
3215,2025-12-04,Board of Directors - Regular Board Meeting,158900,,,APPROVED ON CONSENT CALENDAR,2240,Holly J. Mitchell,Absent,0
3215,2025-12-04,Board of Directors - Regular Board Meeting,158900,,,APPROVED ON CONSENT CALENDAR,288,Ara J. Najarian,Aye,1
3215,2025-12-04,Board of Directors - Regular Board Meeting,158900,,,APPROVED ON CONSENT CALENDAR,3525,Imelda Padilla,Aye,1
3215,2025-12-04,Board of Directors - Regular Board Meeting,158900,,,APPROVED ON CONSENT CALENDAR,2244,Tim Sandoval,Aye,1
3215,2025-12-04,Board of Directors - Regular Board Meeting,158900,,,APPROVED ON CONSENT CALENDAR,290,Hilda L. Solis,Aye,1
3215,2025-12-04,Board of Directors - Regular Board Meeting,158900,,,APPROVED ON CONSENT CALENDAR,3373,Katy Yaroslavsky,Aye,1
