event_id,event_date,body,item_id,agenda_number,agenda_sequence,matter_id,matter_file,matter_type,action,passed,mover,seconder,roll_call_flag,consent,title
1435,2019-01-16,"Ad Hoc Congestion, Highway and Roads Committee",37375,,1,,,,,,,,0,0,CALL TO ORDER
1435,2019-01-16,"Ad Hoc Congestion, Highway and Roads Committee",37376,,2,,,,,,,,0,0,ROLL CALL
1435,2019-01-16,"Ad Hoc Congestion, Highway and Roads Committee",37421,,10,,,,,,,,0,0,"Consideration of items not on the posted agenda, including: items to be presented and (if requested) referred to staff; items to be placed on the agenda for action at a future meeting of the Committee or Board; and/or items requiring immediate action because of an emergency situation or where the need to take immediate action came to the attention of the Committee subsequent to the posting of the agenda."
1435,2019-01-16,"Ad Hoc Congestion, Highway and Roads Committee",37422,,11,,,,,,,,0,0,COMMENTS FROM THE PUBLIC ON ITEMS OF PUBLIC INTEREST WITHIN COMMITTEE’S SUBJECT MATTER JURISDICTION
1435,2019-01-16,"Ad Hoc Congestion, Highway and Roads Committee",37423,,12,,,,,,,,0,0,Adjournment
1435,2019-01-16,"Ad Hoc Congestion, Highway and Roads Committee",37424,5,3,5537,2018-0806,Oral Report / Presentation,,,,,0,0,RECEIVE report by the Caltrans District Director on Delivery of Projects on I-5.
1435,2019-01-16,"Ad Hoc Congestion, Highway and Roads Committee",37425,,9,5538,2018-0807,Informational Report,,,,,0,0,RECEIVE General Public Comment
1435,2019-01-16,"Ad Hoc Congestion, Highway and Roads Committee",37876,6,4,5383,2018-0652,Motion / Motion Response,,,,,0,0,RECEIVE oral report by Caltrans in response to the Road Movable Barriers System Motion from June 2018.
1435,2019-01-16,"Ad Hoc Congestion, Highway and Roads Committee",37877,10,8,5434,2018-0703,Motion / Motion Response,,,,,0,0,APPROVING a one-year pilot of the “Pay-as-You-Use” model.
1435,2019-01-16,"Ad Hoc Congestion, Highway and Roads Committee",37878,9,7,5275,2018-0544,Contract,,,,,0,0,"AUTHORIZE the Chief Executive Officer to award firm fixed price Contract No. PS51236000 to Faneuil, Inc. to provide the personnel, services, and expertise to operate the Metro ExpressLanes Customer Service Centers for an eight-year base period, with three, two year options, in the amount of $83,022,159 for the base period and $86,352,515 for all option years exercised, for a total of $169,374,674, subject to resolution of protest(s), if any."
1435,2019-01-16,"Ad Hoc Congestion, Highway and Roads Committee",37879,8,6,5293,2018-0562,Motion / Motion Response,,,,,0,0,AUTHORIZE the development of an implementation plan for the I-10 ExpressLanes Pilot Program.
1435,2019-01-16,"Ad Hoc Congestion, Highway and Roads Committee",37917,7,5,5549,2018-0818,Oral Report / Presentation,,,,,0,0,RECEIVE oral report on Congestion Pricing Strategies presented by Dr. Manville.
1436,2019-01-16,"Finance, Budget and Audit Committee",37426,,1,,,,,,,,0,0,CALL TO ORDER
1436,2019-01-16,"Finance, Budget and Audit Committee",37427,,2,,,,,,,,0,0,ROLL CALL
1436,2019-01-16,"Finance, Budget and Audit Committee",37428,13,8,5437,2018-0706,Program,,,,,0,0,"CONSIDER:

A.	AUTHORIZING the extension and execution of Memorandums of Understanding (MOU) by the Chief Executive Officer for Low Income Fare is Easy (LIFE) and Immediate Needs Transportation Programs (INTP) including transportation and administration for a period of six months beginning July 1, 2019 through December 31, 2019; 

B.	AMENDING the Fiscal Year (FY) 2019 Budget by $400,000 to increase the LIFE program from $14.1M to $14.5M due to Federal Transit Administration Section 5316 Job Acces"
1436,2019-01-16,"Finance, Budget and Audit Committee",37497,,10,5539,2018-0808,Informational Report,,,,,0,0,RECEIVE General Public Comment
1436,2019-01-16,"Finance, Budget and Audit Committee",37498,,11,,,,,,,,0,0,"Consideration of items not on the posted agenda, including: items to be presented and (if requested) referred to staff; items to be placed on the agenda for action at a future meeting of the Committee or Board; and/or items requiring immediate action because of an emergency situation or where the need to take immediate action came to the attention of the Committee subsequent to the posting of the agenda."
1436,2019-01-16,"Finance, Budget and Audit Committee",37499,,12,,,,,,,,0,0,COMMENTS FROM THE PUBLIC ON ITEMS OF PUBLIC INTEREST WITHIN COMMITTEE’S SUBJECT MATTER JURISDICTION
1436,2019-01-16,"Finance, Budget and Audit Committee",37500,,13,,,,,,,,0,0,Adjournment
1436,2019-01-16,"Finance, Budget and Audit Committee",37880,11,5,5455,2018-0724,Agreement,,,,,0,0,"AUTHORIZE the Chief Executive Officer (CEO) to execute a five (5)-year license agreement commencing November 1, 2018 with Southern California Edison (“Licensor”) for the Blue Line Storage Yard located next to Division 11 in Long Beach at a rate of $117,848.33 annually with escalations of three percent (3%) annually for a total license value of $625,673 over the term."
1436,2019-01-16,"Finance, Budget and Audit Committee",37881,14,9,5484,2018-0753,Program,,,,,0,0,"CONSIDER:

A.	AUTHORIZING the Chief Executive Officer to renew and/or replace the direct-pay letters of credit (“LOC”) and direct purchase revolving credit facility (“RCF”) to be provided by the banks described below, finalize negotiations with the recommended banks and enter into reimbursement/credit agreements and related documents associated with such LOCs and RCF;

1.	Replace the LOCs currently being provided by Sumitomo Mitsui Banking Corporation (“Sumitomo”) and MUFG Union Bank, N.A. ("
1436,2019-01-16,"Finance, Budget and Audit Committee",37882,12,7,5494,2018-0763,Informational Report,,,,,0,0,RECEIVE AND FILE status report on Access Services - ADA Paratransit.
1436,2019-01-16,"Finance, Budget and Audit Committee",37884,,3,,,,,,,,0,0,"APPROVE Consent Calendar Item(s): 11.

Consent calendar items are approved by one motion unless held by a Director for discussion and/or separate action."
1436,2019-01-16,"Finance, Budget and Audit Committee",37885,,6,,,,,,,,0,0,NON-CONSENT
1436,2019-01-16,"Finance, Budget and Audit Committee",37886,,4,,,,,,,,0,0,CONSENT CALENDAR
1437,2019-01-16,Planning and Programming Committee,37501,,1,,,,,,,,0,0,CALL TO ORDER
1437,2019-01-16,Planning and Programming Committee,37502,,2,,,,,,,,0,0,ROLL CALL
1437,2019-01-16,Planning and Programming Committee,37598,15,5,3987,2017-0177,Program,,,,,0,0,"AUTHORIZE the Chief Executive Officer to execute Modification No. 4 to Contract No. PS2415-34120 with STV, Inc. for the Brighton to Roxford Double Tracking (B2R) Project in the amount of $2,203,529, increasing the total contract value from $12,633,429 to $14,836,958."
1437,2019-01-16,Planning and Programming Committee,37599,,11,5540,2018-0809,Informational Report,,,,,0,0,RECEIVE General Public Comment
1437,2019-01-16,Planning and Programming Committee,37600,,12,,,,,,,,0,0,"Consideration of items not on the posted agenda, including: items to be presented and (if requested) referred to staff; items to be placed on the agenda for action at a future meeting of the Committee or Board; and/or items requiring immediate action because of an emergency situation or where the need to take immediate action came to the attention of the Committee subsequent to the posting of the agenda."
1437,2019-01-16,Planning and Programming Committee,37601,,13,,,,,,,,0,0,COMMENTS FROM THE PUBLIC ON ITEMS OF PUBLIC INTEREST WITHIN COMMITTEE’S SUBJECT MATTER JURISDICTION
1437,2019-01-16,Planning and Programming Committee,37602,,14,,,,,,,,0,0,Adjournment
1437,2019-01-16,Planning and Programming Committee,37887,,6,,,,,,,,0,0,NON-CONSENT
1437,2019-01-16,Planning and Programming Committee,37888,,4,,,,,,,,0,0,CONSENT CALENDAR
1437,2019-01-16,Planning and Programming Committee,37889,,3,,,,,,,,0,0,"APPROVE Consent Calendar Item(s): 15.

Consent calendar items are approved by one motion unless held by a Director for discussion and/or separate action."
1437,2019-01-16,Planning and Programming Committee,37890,16,7,5353,2018-0622,Informational Report,,,,,0,0,"WITHDRAWN:  RECEIVE AND FILE status report on the Long Range Transportation Plan (LRTP) Update, including the following informational items:

A.	Public Engagement Summary Report (Phase 1); and

B.	Draft Mobility Plan to Access Opportunity Framework."
1437,2019-01-16,Planning and Programming Committee,37891,18,9,5467,2018-0736,Program,,,,,0,0,"CONSIDER:

A.	AUTHORIZING the Metro Open Streets Grant Program FY 2020 Mini-cycle Application and Guidelines (Attachment B); and

B.	REPROGRAMMING $252,688 in unutilized Cycle Two funds towards the FY 2020 Mini-cycle; and to fully fund Cycle Three awarded events in El Monte and Paramount."
1437,2019-01-16,Planning and Programming Committee,37892,17,8,5492,2018-0761,Informational Report,,,,,0,0,RECEIVE AND FILE the Quarterly Status Dashboard of Countywide Planning and Development (CPD) Department's Strategic Projects and Programs.
1437,2019-01-16,Planning and Programming Committee,37893,19,10,5498,2018-0767,Program,,,,,0,0,"CONSIDER:

A.	APPROVING: 

1.	programming of $22,045,893 in Measure M Multi-Year Subregional Program (MSP) - Active Transportation/Transit/Tech Program (Attachment A);

2.	programming of $18,824,581 in Measure M MSP Highway Efficiency Program (Attachment B); and

B.	AUTHORIZING the CEO or his designee to negotiate and execute all necessary agreements for approved projects."
1438,2019-01-17,"Operations, Safety, and Customer Experience Committee",37603,,1,,,,,,,,0,0,CALL TO ORDER
1438,2019-01-17,"Operations, Safety, and Customer Experience Committee",37604,,2,,,,,,,,0,0,ROLL CALL
1438,2019-01-17,"Operations, Safety, and Customer Experience Committee",37661,,3,,,,,,,,0,0," APPROVE Consent Calendar Item(s): 20, 21, 22 and 23.

Consent calendar items are approved by one motion unless held by a Director for discussion and/or separate action."
1438,2019-01-17,"Operations, Safety, and Customer Experience Committee",37662,,17,5541,2018-0810,Informational Report,,,,,0,0,RECEIVE General Public Comment
1438,2019-01-17,"Operations, Safety, and Customer Experience Committee",37663,,18,,,,,,,,0,0,"Consideration of items not on the posted agenda, including: items to be presented and (if requested) referred to staff; items to be placed on the agenda for action at a future meeting of the Committee or Board; and/or items requiring immediate action because of an emergency situation or where the need to take immediate action came to the attention of the Committee subsequent to the posting of the agenda."
1438,2019-01-17,"Operations, Safety, and Customer Experience Committee",37664,,19,,,,,,,,0,0,COMMENTS FROM THE PUBLIC ON ITEMS OF PUBLIC INTEREST WITHIN COMMITTEE’S SUBJECT MATTER JURISDICTION
1438,2019-01-17,"Operations, Safety, and Customer Experience Committee",37665,,20,,,,,,,,0,0,Adjournment
1438,2019-01-17,"Operations, Safety, and Customer Experience Committee",37894,,4,,,,,,,,0,0,CONSENT CALENDAR
1438,2019-01-17,"Operations, Safety, and Customer Experience Committee",37895,,9,,,,,,,,0,0,NON-CONSENT
1438,2019-01-17,"Operations, Safety, and Customer Experience Committee",37896,20,5,5352,2018-0621,Appointment,,,,,0,0,APPROVE Mr. Danny Hom for membership on Metro’s Gateway Cities Service Council.
1438,2019-01-17,"Operations, Safety, and Customer Experience Committee",37898,25,11,5472,2018-0741,Oral Report / Presentation,,,,,0,0,RECEIVE oral report on Metro Operations and ITS Countdown Clock Update.
1438,2019-01-17,"Operations, Safety, and Customer Experience Committee",37899,24,10,5471,2018-0740,Oral Report / Presentation,,,,,0,0,Operations Employees of the Month
1438,2019-01-17,"Operations, Safety, and Customer Experience Committee",37900,27,12,5488,2018-0757,Motion / Motion Response,,,,,0,0,RECEIVE AND FILE the status update for item 37 entitled Burning Bus Motion regarding Contract Bus Services provider MV Transportation.
1438,2019-01-17,"Operations, Safety, and Customer Experience Committee",37901,28,13,5442,2018-0711,Motion / Motion Response,,,,,0,0,"RECEIVE AND FILE the motion response regarding Metro system cleanliness activities, including Metro’s right-of-way and adjacent property, with full consideration to the customer experience."
1438,2019-01-17,"Operations, Safety, and Customer Experience Committee",37902,30,15,5401,2018-0670,Contract,,,,,0,0,"CONSIDER:

A.	AUTHORIZING the Chief Executive Officer to increase the Life-of-Project (LOP) budget to Contract No. A650-2015, for the Heavy Rail Vehicle Overhaul and Critical Component Replacement Program (OCCRP), by $12,399,908 increasing the total Life-of-Project (LOP) budget from $86,662,000 to $99,061,908 as funded per attachment C; and

B.	APPROVING Modification No. 3 to Contract A650-2015, with Talgo Inc., for the design and installation of the Train-To-Wayside Communication (TWC) Syst"
1438,2019-01-17,"Operations, Safety, and Customer Experience Committee",37903,21,6,5454,2018-0723,Contract,,,,,0,0,"AUTHORIZE the Chief Executive Officer to award a two year, Indefinite Delivery, Indefinite Quantity Contract No. MA56400000 to Cummins Incorporated, the lowest responsive and responsible bidder for Three-Way Muffler Catalysts.  The award is for a Base year not-to-exceed of $607,663 inclusive of sales tax, and a one year Option for a not-to-exceed amount of $622,855, inclusive of sales tax for a total not-to-exceed contract value of $1,230,518, subject to resolution of protest(s), if any."
1438,2019-01-17,"Operations, Safety, and Customer Experience Committee",37904,22,7,5470,2018-0739,Contract,,,,,0,0,"APPROVE an increase to the Life-of-Project (LOP) budget for the bus facilities fire alarm control panel replacement project (CP 202333) by $1,850,000, increasing the LOP budget from $1,624,300 to $3,474,300, which will enable staff to re-solicit and award a contract to the lowest responsible bidder for the bus facilities fire alarm control panel replacement project."
1438,2019-01-17,"Operations, Safety, and Customer Experience Committee",37905,23,8,5479,2018-0748,Contract,,,,,0,0,"AUTHORIZE the Chief Executive Officer to execute a four-year, three month amendment to the existing lease agreement with Andy Azad 2002 Irrevocable Trust (“Landlord”) for the use of 44,964 rentable square feet (“RSF”) of warehouse space located at 2950 East Vernon Ave, Vernon, commencing May 1, 2019 at a monthly rate of $40,017.96 for the total value of $2,189,247 including annual escalations of three percent."
1438,2019-01-17,"Operations, Safety, and Customer Experience Committee",37906,29,14,5521,2018-0790,Informational Report,,,,,0,0,RECEIVE AND FILE Transit Safety and Security Report.
1438,2019-01-17,"Operations, Safety, and Customer Experience Committee",37973,40,16,5468,2018-0737,Informational Report,,,,,0,0,RECEIVE AND FILE an update on Metro’s Photo Enforcement Program.
1439,2019-01-17,Construction Committee,37666,,1,,,,,,,,0,0,CALL TO ORDER
1439,2019-01-17,Construction Committee,37667,,2,,,,,,,,0,0,ROLL CALL
1439,2019-01-17,Construction Committee,37736,33,5,5510,2018-0779,Informational Report,,,,,0,0,RECEIVE AND FILE Office of the Inspector General Change Order/Modification Construction Spot Check Report.
1439,2019-01-17,Construction Committee,37737,,7,5542,2018-0811,Informational Report,,,,,0,0,RECEIVE General Public Comment
1439,2019-01-17,Construction Committee,37738,,8,,,,,,,,0,0,"Consideration of items not on the posted agenda, including: items to be presented and (if requested) referred to staff; items to be placed on the agenda for action at a future meeting of the Committee or Board; and/or items requiring immediate action because of an emergency situation or where the need to take immediate action came to the attention of the Committee subsequent to the posting of the agenda."
1439,2019-01-17,Construction Committee,37739,,9,,,,,,,,0,0,COMMENTS FROM THE PUBLIC ON ITEMS OF PUBLIC INTEREST WITHIN COMMITTEE’S SUBJECT MATTER JURISDICTION
1439,2019-01-17,Construction Committee,37740,,10,,,,,,,,0,0,Adjournment
1439,2019-01-17,Construction Committee,37907,31,3,5514,2018-0783,Oral Report / Presentation,,,,,0,0,RECEIVE oral report on the Major Project Status by the Chief Program Management Officer.
1439,2019-01-17,Construction Committee,37908,32,4,5511,2018-0780,Contract,,,,,0,0,RECEIVE AND FILE status report on Program Management Quarterly Change Report.
1439,2019-01-17,Construction Committee,37909,34,6,5520,2018-0789,Motion / Motion Response,,,,,0,0,"DIRECT the Chief Executive Officer to pursue finalize negotiations with the Gold Line Authority to ensure the extension of the Foothill Alignment to Pomona station as a first phase, consistent with the provisions of Board-adopted Measure R and Measure M Unified Cost Management Policy."
1440,2019-01-17,Executive Management Committee,37741,,1,,,,,,,,0,0,CALL TO ORDER
1440,2019-01-17,Executive Management Committee,37742,,2,,,,,,,,0,0,ROLL CALL
1440,2019-01-17,Executive Management Committee,37828,35,3,5169,2018-0438,Informational Report,,,,,0,0,RECEIVE AND FILE State and Federal Legislative Report.
1440,2019-01-17,Executive Management Committee,37829,,11,5543,2018-0812,Informational Report,,,,,0,0,RECEIVE General Public Comment
1440,2019-01-17,Executive Management Committee,37830,,12,,,,,,,,0,0,"Consideration of items not on the posted agenda, including: items to be presented and (if requested) referred to staff; items to be placed on the agenda for action at a future meeting of the Committee or Board; and/or items requiring immediate action because of an emergency situation or where the need to take immediate action came to the attention of the Committee subsequent to the posting of the agenda."
1440,2019-01-17,Executive Management Committee,37831,,13,,,,,,,,0,0,COMMENTS FROM THE PUBLIC ON ITEMS OF PUBLIC INTEREST WITHIN COMMITTEE’S SUBJECT MATTER JURISDICTION
1440,2019-01-17,Executive Management Committee,37832,,14,,,,,,,,0,0,Adjournment
1440,2019-01-17,Executive Management Committee,37910,36,4,5170,2018-0439,Program,,,,,0,0,"ADOPT:

A.	the proposed 2019 Federal Legislative Program as outlined in Attachment A; and

B.	the proposed 2019 State Legislative Program as outlined in Attachment B."
1440,2019-01-17,Executive Management Committee,37911,39,8,5311,2018-0580,Plan,,,,,0,0,RECEIVE AND FILE Equity Platform FY19 Activation Plan.
1440,2019-01-17,Executive Management Committee,37913,37,6,5495,2018-0764,Oral Report / Presentation,,,,,0,0,RECEIVE oral report on the MicroTransit Pilot Project.
1440,2019-01-17,Executive Management Committee,37914,38,7,5517,2018-0786,Oral Report / Presentation,,,,,0,0,RECEIVE oral update on the Citizens Advisory Council and Work Plan for FY19.
1440,2019-01-17,Executive Management Committee,37977,42,10,5566,2019-0012,Motion / Motion Response,,,,,0,0,"APPROVE Motion by Garcetti, Kuehl, and Butts that the Board direct the CEO to provide transit services free of fare for LA Unified students showing their ID from 5am to 7pm on days when the labor action may take place."
1440,2019-01-17,Executive Management Committee,37978,41,9,5564,2019-0010,Motion / Motion Response,,,,,0,0,"APPROVE Motion by Garcetti, Ridley-Thomas, Hahn, and Butts that the Board of Directors instruct the CEO to:

A.	prepare a plan to dedicate the Harbor Freeway station along the Green and Silver Line in honor of late Judge Harry Pregerson; and

B.	report back at the March 2019 Executive Management Committee meeting."
1440,2019-01-17,Executive Management Committee,37980,36.1,5,5563,2019-0009,Motion / Motion Response,,,,,0,0,"APPROVE Motion by Butts, Hahn, Solis, Kuehl and Dupont-Walker that the Board Instruct the CEO to include this innovative legislative approach as a priority in the State Legislative Program and Goals contained in Attachment B of the Board Report and specifically relating to Goals 13, and 14.

WE FURTHER MOVE that the Board directs the CEO to secure a primary legislative author and co-authors to sponsor specific legislation authorizing a new “Build California Green Bond” program. 

WE FURTHER MOVE"
1441,2019-02-20,"Ad Hoc Congestion, Highway and Roads Committee",38210,,1,,,,,,,,0,0,CALL TO ORDER
1441,2019-02-20,"Ad Hoc Congestion, Highway and Roads Committee",38211,,2,,,,,,,,0,0,ROLL CALL
1441,2019-02-20,"Ad Hoc Congestion, Highway and Roads Committee",38212,5,3,5383,2018-0652,Motion / Motion Response,,,,,0,0,RECEIVE oral report by Caltrans in response to the Road Movable Barriers System Motion from June 2018.
1441,2019-02-20,"Ad Hoc Congestion, Highway and Roads Committee",38259,,9,5612,2019-0058,Informational Report,,,,,0,0,RECEIVE General Public Comment
1441,2019-02-20,"Ad Hoc Congestion, Highway and Roads Committee",38261,,10,,,,,,,,0,0,"Consideration of items not on the posted agenda, including: items to be presented and (if requested) referred to staff; items to be placed on the agenda for action at a future meeting of the Committee or Board; and/or items requiring immediate action because of an emergency situation or where the need to take immediate action came to the attention of the Committee subsequent to the posting of the agenda."
1441,2019-02-20,"Ad Hoc Congestion, Highway and Roads Committee",38262,,11,,,,,,,,0,0,COMMENTS FROM THE PUBLIC ON ITEMS OF PUBLIC INTEREST WITHIN COMMITTEE’S SUBJECT MATTER JURISDICTION
1441,2019-02-20,"Ad Hoc Congestion, Highway and Roads Committee",38263,,12,,,,,,,,0,0,Adjournment
1441,2019-02-20,"Ad Hoc Congestion, Highway and Roads Committee",38264,8,8,5529,2018-0798,Agreement,,,,,0,0,"AUTHORIZE the Chief Executive Officer (CEO) to execute Funding Agreement #9200000000M500201 for $29,525,000 with San Gabriel Valley Council of Governments (SGVCOG) for support services for the SR-57/SR-60 Interchange Improvements."
1441,2019-02-20,"Ad Hoc Congestion, Highway and Roads Committee",38749,7,6,5518,2018-0787,Motion / Motion Response,,,,,0,0,"RECEIVE AND FILE Countywide soundwall program outline and analysis of potential delivery options to construct the remaining prioritized retrofit soundwall projects, utilizing  materials currently approved by the California Department of Transportation (Caltrans) for construction of soundwalls and funding opportunities in response to the October 25, 2018 Board Motion 9.1."
1441,2019-02-20,"Ad Hoc Congestion, Highway and Roads Committee",38750,6,5,5606,2019-0052,Oral Report / Presentation,,,,,0,0,RECEIVE oral report on the I-10 ExpressLanes Extension from I-605 to the San Bernardino County Line.
1441,2019-02-20,"Ad Hoc Congestion, Highway and Roads Committee",38766,,4,,,,,,,,0,0,(CARRIED OVER FROM JANUARY COMMITTEE MEETING)
1441,2019-02-20,"Ad Hoc Congestion, Highway and Roads Committee",38768,,7,,,,,,,,0,0,PAGE BREAK
1442,2019-02-20,"Finance, Budget and Audit Committee",38266,,1,,,,,,,,0,0,CALL TO ORDER
1442,2019-02-20,"Finance, Budget and Audit Committee",38267,,2,,,,,,,,0,0,ROLL CALL
1442,2019-02-20,"Finance, Budget and Audit Committee",38268,,9,5613,2019-0059,Informational Report,,,,,0,0,RECEIVE General Public Comment
1442,2019-02-20,"Finance, Budget and Audit Committee",38339,,10,,,,,,,,0,0,"Consideration of items not on the posted agenda, including: items to be presented and (if requested) referred to staff; items to be placed on the agenda for action at a future meeting of the Committee or Board; and/or items requiring immediate action because of an emergency situation or where the need to take immediate action came to the attention of the Committee subsequent to the posting of the agenda."
1442,2019-02-20,"Finance, Budget and Audit Committee",38340,,11,,,,,,,,0,0,COMMENTS FROM THE PUBLIC ON ITEMS OF PUBLIC INTEREST WITHIN COMMITTEE’S SUBJECT MATTER JURISDICTION
1442,2019-02-20,"Finance, Budget and Audit Committee",38341,,12,,,,,,,,0,0,Adjournment
1442,2019-02-20,"Finance, Budget and Audit Committee",38343,10,4,5579,2019-0025,Informational Report,,,,,0,0,"RECEIVE AND FILE the second quarter report of Management Audit Services (Management Audit) for the period ending December 31, 2018."
1442,2019-02-20,"Finance, Budget and Audit Committee",38344,9,3,5556,2019-0002,Informational Report,,,,,0,0,RECEIVE AND FILE the Fiscal Year 2020 (FY20) Budget Development Process.
1442,2019-02-20,"Finance, Budget and Audit Committee",38345,13,8,5338,2018-0607,Policy,,,,,0,0,"CONSIDER:

A.	ADOPTING the Investment Policy in Attachment B; 

B.	APPROVING the Financial Institutions Resolution authorizing financial institutions to honor signatures of LACMTA Officials, Attachment C; and

C.	APPROVING the Local Agency Investment Fund (LAIF) Resolution authorizing LAIF to honor  LACMTA Authorized Signatures, Attachment D; and 

D.	DELEGATING to the Treasurer or her designees, the authority to invest funds for a one year period, pursuant to California Government Code "
1442,2019-02-20,"Finance, Budget and Audit Committee",38346,12,7,5328,2018-0597,Resolution,,,,,0,0,"ADOPT a resolution, Attachment A, that:

A.	AUTHORIZES the issuance of bonds by competitive sale to refund the Proposition A Series 2009-A Bonds, consistent with the Debt Policy to achieve approximately $8.9 million in net present value savings over the seven-year life of the bonds;

B.	APPROVES the forms of Notice of Intention to Sell Bonds, Notice Inviting Bids, Supplemental Trust Agreement, Escrow Agreement, Continuing Disclosure Certificate and Preliminary Official Statement on file with"
1442,2019-02-20,"Finance, Budget and Audit Committee",38347,11,5,5327,2018-0596,Resolution,,,,,0,0,"ADOPT a resolution, Attachment A, that:

A.	AUTHORIZES the issuance of bonds by competitive sale to refund the Proposition C Series 2009-E Bonds, consistent with the Debt Policy to achieve approximately $8.9 million in net present value savings over the ten-year life of the bonds;

B.	APPROVES the forms of Notice of Intention to Sell Bonds, Notice Inviting Bids, Supplemental Trust Agreement, Escrow Agreement, Continuing Disclosure Certificate and Preliminary Official Statement on file with t"
1442,2019-02-20,"Finance, Budget and Audit Committee",38769,,6,,,,,,,,0,0,PAGE BREAK
1443,2019-02-20,Planning and Programming Committee,38348,,1,,,,,,,,0,0,CALL TO ORDER
1443,2019-02-20,Planning and Programming Committee,38349,,2,,,,,,,,0,0,ROLL CALL
1443,2019-02-20,Planning and Programming Committee,38350,,13,5614,2019-0060,Informational Report,,,,,0,0,RECEIVE General Public Comment
1443,2019-02-20,Planning and Programming Committee,38450,,14,,,,,,,,0,0,"Consideration of items not on the posted agenda, including: items to be presented and (if requested) referred to staff; items to be placed on the agenda for action at a future meeting of the Committee or Board; and/or items requiring immediate action because of an emergency situation or where the need to take immediate action came to the attention of the Committee subsequent to the posting of the agenda."
1443,2019-02-20,Planning and Programming Committee,38451,,15,,,,,,,,0,0,COMMENTS FROM THE PUBLIC ON ITEMS OF PUBLIC INTEREST WITHIN COMMITTEE’S SUBJECT MATTER JURISDICTION
1443,2019-02-20,Planning and Programming Committee,38452,,16,,,,,,,,0,0,Adjournment
1443,2019-02-20,Planning and Programming Committee,38465,16,5,5533,2018-0802,Program,,,,,0,0,"CONSIDER:

A.	APPROVING: 

1.	programming of $16,570,590 in Measure M Multi-Year Subregional Program (MSP) - Active Transportation Program (Attachment A);

2.	programming of $13,143,260 in Measure M MSP - Transit Program (Attachment B);

3.	inter-program borrowing from subregion’s Measure M MSP - Transit Program and programming of $8,051,220 in Measure M MSP - Highway Efficiency Program (Attachment C); and

B.	AUTHORIZING the CEO or his designee to negotiate and execute all necessary a"
1443,2019-02-20,Planning and Programming Committee,38466,14,3,5530,2018-0799,Motion / Motion Response,,,,,0,0,"RECEIVE AND FILE update report on Transportation Demand Management Program in response to Board Motion 36 approved at the October 2017 Board meeting.
(CARRIED OVER FROM FEBRUARY)"
1443,2019-02-20,Planning and Programming Committee,38467,15,4,5502,2018-0771,Plan,,,,,0,0,ADOPT Inglewood First/Last Mile Plan.
1443,2019-02-20,Planning and Programming Committee,38783,32,6,5643,2019-0089,Policy,,,,,0,0,"APPROVE: 

A.	the baseline assumptions and priorities (proposed sacred items) for The Re-Imagining of LA County as described in Attachment A and listed as follows:

1.	NextGen - The results of the NextGen Bus Service Study must not be compromised to advance capital investments;

2.	State of Good Repair (SGR) - To guard against increased maintenance and operations costs and deterioration in service reliability, customer experience, and safety performance, Metro must commit to preserving ann"
1443,2019-02-20,Planning and Programming Committee,38787,32.1,8,5609,2019-0055,Motion / Motion Response,,,,,0,0,RECEIVE AND FILE report on equity strategy for congestion pricing in response to Board Motion 43.2.
1443,2019-02-20,Planning and Programming Committee,38788,32.2,11,5637,2019-0083,Motion / Motion Response,,,,,0,0,RECEIVE AND FILE report in response to Board Motion 43.1 by Director Butts at the January 2019 Board meeting.
1443,2019-02-20,Planning and Programming Committee,38789,,7,,,,,,,,0,0,(ALSO ON EXECUTIVE MANAGEMENT COMMITTEE)
1443,2019-02-20,Planning and Programming Committee,38790,,12,,,,,,,,0,0,(ALSO ON EXECUTIVE MANAGEMENT COMMITTEE)
1443,2019-02-20,Planning and Programming Committee,38791,,9,,,,,,,,0,0,(ALSO ON EXECUTIVE MANAGEMENT COMMITTEE)
1443,2019-02-20,Planning and Programming Committee,38798,,10,,,,,,,,0,0,PAGE BREAK
1444,2019-02-21,"Operations, Safety, and Customer Experience Committee",38468,,1,,,,,,,,0,0,CALL TO ORDER
1444,2019-02-21,"Operations, Safety, and Customer Experience Committee",38469,,2,,,,,,,,0,0,ROLL CALL
1444,2019-02-21,"Operations, Safety, and Customer Experience Committee",38470,,19,5615,2019-0061,Informational Report,,,,,0,0,RECEIVE General Public Comment
1444,2019-02-21,"Operations, Safety, and Customer Experience Committee",38532,,20,,,,,,,,0,0,"Consideration of items not on the posted agenda, including: items to be presented and (if requested) referred to staff; items to be placed on the agenda for action at a future meeting of the Committee or Board; and/or items requiring immediate action because of an emergency situation or where the need to take immediate action came to the attention of the Committee subsequent to the posting of the agenda."
1444,2019-02-21,"Operations, Safety, and Customer Experience Committee",38533,,21,,,,,,,,0,0,COMMENTS FROM THE PUBLIC ON ITEMS OF PUBLIC INTEREST WITHIN COMMITTEE’S SUBJECT MATTER JURISDICTION
1444,2019-02-21,"Operations, Safety, and Customer Experience Committee",38534,,22,,,,,,,,0,0,Adjournment
1444,2019-02-21,"Operations, Safety, and Customer Experience Committee",38542,22,12,5551,2018-0820,Motion / Motion Response,,,,,0,0,APPROVE the recommendation to make free transit permanent on regular federal and statewide election days in response to Motion 40 entitled Free Transit on Election Day.
1444,2019-02-21,"Operations, Safety, and Customer Experience Committee",38543,20,10,5567,2019-0013,Informational Report,,,,,0,0,RECEIVE AND FILE Transit Safety and Security Report.
1444,2019-02-21,"Operations, Safety, and Customer Experience Committee",38544,21,11,5528,2018-0797,Contract,,,,,0,0,"APPROVE Modification No. 1 to Task Order No. PS878320003041, under Contract No. PS4010-3041-F-XX, with Cambridge Systematics, Inc. for additional enhancements to the systemwide bus network restructuring plan for a firm fixed price of $764,325, increasing the total Task Order value from $1,295,762 to $2,060,087, and extending the period of performance through December 30, 2021."
1444,2019-02-21,"Operations, Safety, and Customer Experience Committee",38545,23,14,5523,2018-0792,Motion / Motion Response,,,,,0,0,RECEIVE AND FILE secure bicycle parking assessment report in response to September 2018 Board Motion item 22.
1444,2019-02-21,"Operations, Safety, and Customer Experience Committee",38546,17,5,5513,2018-0782,Contract,,,,,0,0,"AUTHORIZE the Chief Executive Officer to award a firm fixed unit rate Contract No. OP1212080003367 to Intuitive Real Estate Solutions for a three year program, to provide heavy duty artificial ivy installation and maintenance services as a graffiti deterrent, for a not to exceed amount of $659,198, effective March 18, 2019."
1444,2019-02-21,"Operations, Safety, and Customer Experience Committee",38547,19,8,5474,2018-0743,Oral Report / Presentation,,,,,0,0,RECEIVE oral report on New Blue and Metro Special Events Bus and Rail Services.
1444,2019-02-21,"Operations, Safety, and Customer Experience Committee",38548,18,7,5473,2018-0742,Oral Report / Presentation,,,,,0,0,Operations Employees of the Month
1444,2019-02-21,"Operations, Safety, and Customer Experience Committee",38550,24,16,4751,2018-0019,Contract,,,,,0,0,"AUTHORIZE the Chief Executive Officer to:  

A.	AWARD Contract No. PS52341001 to CASCO International, Inc. (C.A. Short Company) for the implementation of a safety engagement and recognition program in an amount not to exceed $300,000 for the two-year pilot program effective March 1, 2019, and for the agency-wide program implementation, if selected, in the amount of $6,750,000 for the first three-year option, and $4,500,000 for the second two-year option, for a combined total amount of $11,550,00"
1444,2019-02-21,"Operations, Safety, and Customer Experience Committee",38752,,3,,,,,,,,0,0,"APPROVE Consent Calendar Item(s): 17

Consent calendar items are approved by one motion unless held by a Director for discussion and/or separate action."
1444,2019-02-21,"Operations, Safety, and Customer Experience Committee",38753,,4,,,,,,,,0,0,CONSENT CALENDAR
1444,2019-02-21,"Operations, Safety, and Customer Experience Committee",38754,,6,,,,,,,,0,0,NON-CONSENT
1444,2019-02-21,"Operations, Safety, and Customer Experience Committee",38770,,9,,,,,,,,0,0,PAGE BREAK
1444,2019-02-21,"Operations, Safety, and Customer Experience Committee",38785,33,18,5399,2018-0668,Motion / Motion Response,,,,,0,0,RECEIVE AND FILE the status update for Motion 38.1 about the customer experience program.
1444,2019-02-21,"Operations, Safety, and Customer Experience Committee",38801,,13,,,,,,,,0,0,(ALSO ON EXECUTIVE MANAGEMENT COMMITTEE)
1444,2019-02-21,"Operations, Safety, and Customer Experience Committee",38802,,15,,,,,,,,0,0,PAGE BREAK
1444,2019-02-21,"Operations, Safety, and Customer Experience Committee",38803,,17,,,,,,,,0,0,PAGE BREAK
1445,2019-02-21,Construction Committee,38551,,1,,,,,,,,0,0,CALL TO ORDER
1445,2019-02-21,Construction Committee,38552,,2,,,,,,,,0,0,ROLL CALL
1445,2019-02-21,Construction Committee,38553,,8,5616,2019-0062,Informational Report,,,,,0,0,RECEIVE General Public Comment
1445,2019-02-21,Construction Committee,38626,,9,,,,,,,,0,0,"Consideration of items not on the posted agenda, including: items to be presented and (if requested) referred to staff; items to be placed on the agenda for action at a future meeting of the Committee or Board; and/or items requiring immediate action because of an emergency situation or where the need to take immediate action came to the attention of the Committee subsequent to the posting of the agenda."
1445,2019-02-21,Construction Committee,38627,,10,,,,,,,,0,0,COMMENTS FROM THE PUBLIC ON ITEMS OF PUBLIC INTEREST WITHIN COMMITTEE’S SUBJECT MATTER JURISDICTION
1445,2019-02-21,Construction Committee,38628,,11,,,,,,,,0,0,Adjournment
1445,2019-02-21,Construction Committee,38636,25,3,5571,2019-0017,Oral Report / Presentation,,,,,0,0,RECEIVE oral report on the Major Project Status by the Chief Program Management Officer.
1445,2019-02-21,Construction Committee,38637,27,6,5569,2019-0015,Contract,,,,,0,0,"AUTHORIZE the Chief Executive Officer to: 

A.	EXECUTE a 7 year cost-plus fixed fee contract, Contract No. PS58665, with ARCADIS U.S., Inc., to provide Construction Claims Support Services for various projects as required, in an amount not-to-exceed $24,584,650 and exercise 3 one-year options, when deemed appropriate; and

B.	EXECUTE individual Contract Work Orders and Contract Modifications within the Board approved contract and budget funding amount."
1445,2019-02-21,Construction Committee,38638,26,5,5534,2018-0803,Contract,,,,,0,0,"AUTHORIZE the Chief Executive Officer (CEO) to:

A.	AWARD a two-year base period, firm fixed price Contract No. PS56079000 with Pacific Coast Regional Small Business Development Corporation (PCR) to serve as the fund administrator for Metro’s Pilot Business Interruption Fund (BIF) in the amount of $1,585,246 with two, one-year options, in the amounts of $720,882 and $650,306, respectively, with an optional start-up of $391,576 for the inclusion of future new rail lines in this pilot, for a tot"
1445,2019-02-21,Construction Committee,38780,34,4,5638,2019-0084,Oral Report / Presentation,,,,,0,0,RECEIVE oral report on outstanding City of Los Angeles issues.
1445,2019-02-21,Construction Committee,38786,35,7,5604,2019-0050,Contract,,,,,0,0,"CONSIDER:

A.	AMENDING the Life-of-Project (LOP) Budget of $1,374,826,466 to $3,223,623,255 to include the Stations, Trackwork, Systems and Testing portion of the Westside Purple Line Extension Section 3 Project (Project), consistent with previous actions taken by the Board in February 2016, January 2017, and June 2018;

B.	AUTHORIZING the Chief Executive Officer (CEO) to award an 89-month firm fixed price contract under Request for Proposal (RFP) No. C45161C1152 to Tutor Perini/O&G, JV, the"
1446,2019-02-21,Executive Management Committee,38639,,1,,,,,,,,0,0,CALL TO ORDER
1446,2019-02-21,Executive Management Committee,38640,,2,,,,,,,,0,0,ROLL CALL
1446,2019-02-21,Executive Management Committee,38641,,16,5617,2019-0063,Informational Report,,,,,0,0,RECEIVE General Public Comment
1446,2019-02-21,Executive Management Committee,38730,,17,,,,,,,,0,0,"Consideration of items not on the posted agenda, including: items to be presented and (if requested) referred to staff; items to be placed on the agenda for action at a future meeting of the Committee or Board; and/or items requiring immediate action because of an emergency situation or where the need to take immediate action came to the attention of the Committee subsequent to the posting of the agenda."
1446,2019-02-21,Executive Management Committee,38731,,18,,,,,,,,0,0,COMMENTS FROM THE PUBLIC ON ITEMS OF PUBLIC INTEREST WITHIN COMMITTEE’S SUBJECT MATTER JURISDICTION
1446,2019-02-21,Executive Management Committee,38732,,19,,,,,,,,0,0,Adjournment
1446,2019-02-21,Executive Management Committee,38744,28,3,5603,2019-0049,Informational Report,,,,,0,0,RECEIVE AND FILE State and Federal Legislative Report.
1446,2019-02-21,Executive Management Committee,38745,30,5,5578,2019-0024,Informational Report,,,,,0,0,RECEIVE AND FILE status report on the SEED School of Los Angeles (Transportation School) and E3 Initiative.
1446,2019-02-21,Executive Management Committee,38746,29,4,5558,2019-0004,Oral Report / Presentation,,,,,0,0,RECEIVE Chief Communication Officer Oral Quarterly Report.
1446,2019-02-21,Executive Management Committee,38747,31,6,5553,2018-0822,Ordinance / Administrative Code,,,,,0,0,"APPROVE amendment of Title 2, Chapter 2-50 of the Los Angeles County Metropolitan Transportation Authority (“Metro”) Administrative Code, concerning Title VI Requirements and Public Hearings, as set forth in Attachment A.  The amended Administrative Code will become effective March 1, 2019."
1446,2019-02-21,Executive Management Committee,38792,32,9,5643,2019-0089,Policy,,,,,0,0,"APPROVE: 

A.	the baseline assumptions and priorities (proposed sacred items) for The Re-Imagining of LA County as described in Attachment A and listed as follows:

1.	NextGen - The results of the NextGen Bus Service Study must not be compromised to advance capital investments;

2.	State of Good Repair (SGR) - To guard against increased maintenance and operations costs and deterioration in service reliability, customer experience, and safety performance, Metro must commit to preserving ann"
1446,2019-02-21,Executive Management Committee,38793,,10,,,,,,,,0,0,(ALSO ON PLANNING AND PROGRAMMING COMMITTEE)
1446,2019-02-21,Executive Management Committee,38794,32.2,14,5637,2019-0083,Motion / Motion Response,,,,,0,0,RECEIVE AND FILE report in response to Board Motion 43.1 by Director Butts at the January 2019 Board meeting.
1446,2019-02-21,Executive Management Committee,38795,,12,,,,,,,,0,0,(ALSO ON PLANNING AND PROGRAMMING COMMITTEE)
1446,2019-02-21,Executive Management Committee,38796,32.1,11,5609,2019-0055,Motion / Motion Response,,,,,0,0,RECEIVE AND FILE report on equity strategy for congestion pricing in response to Board Motion 43.2.
1446,2019-02-21,Executive Management Committee,38797,,15,,,,,,,,0,0,(ALSO ON PLANNING AND PROGRAMMING COMMITTEE)
1446,2019-02-21,Executive Management Committee,38804,22,7,5551,2018-0820,Motion / Motion Response,,,,,0,0,APPROVE the recommendation to make free transit permanent on regular federal and statewide election days in response to Motion 40 entitled Free Transit on Election Day.
1446,2019-02-21,Executive Management Committee,38805,,8,,,,,,,,0,0,"(ALSO ON OPERATIONS, SAFETY AND CUSTOMER EXPERIENCE COMMITTEE)"
1446,2019-02-21,Executive Management Committee,38807,,13,,,,,,,,0,0,PAGE BREAK
1447,2019-03-20,"Ad Hoc Congestion, Highway and Roads Committee",39023,,1,,,,,,,,0,0,CALL TO ORDER
1447,2019-03-20,"Ad Hoc Congestion, Highway and Roads Committee",39024,,2,,,,,,,,0,0,ROLL CALL
1447,2019-03-20,"Ad Hoc Congestion, Highway and Roads Committee",39025,6,7,5605,2019-0051,Project,,,,,0,0,"CONSIDER:

A.	AUTHORIZING the Chief Executive Officer (CEO) to extend all in-progress Round 1 Net Toll Revenue projects’ lapsing dates by one year. (Attachment A); and

B.	APPROVING a total of $15,870,000 for continued Direct Annual Allocation for Transit Service on the I-110 and I-10 ExpressLanes in Fiscal Years 2019 and 2020 (FY2019-FY2020)."
1447,2019-03-20,"Ad Hoc Congestion, Highway and Roads Committee",39076,5,5,5245,2018-0514,Contract,,,,,0,0,"AUTHORIZE the Chief Executive Officer (CEO) to execute a two-year, firm fixed price Contract No. AE57645000 with HNTB Corporation in the amount of $5,006,899.68 for Architectural and Engineering (A&E) services for the preparation of a Project Approval and Environmental Document (PA&ED) for the SR-91 Acacia Court to Central Avenue Improvement Project (the Project), subject to resolution of protest(s), if any."
1447,2019-03-20,"Ad Hoc Congestion, Highway and Roads Committee",39077,,8,5684,2019-0130,Informational Report,,,,,0,0,RECEIVE General Public Comment
1447,2019-03-20,"Ad Hoc Congestion, Highway and Roads Committee",39078,,9,,,,,,,,0,0,"Consideration of items not on the posted agenda, including: items to be presented and (if requested) referred to staff; items to be placed on the agenda for action at a future meeting of the Committee or Board; and/or items requiring immediate action because of an emergency situation or where the need to take immediate action came to the attention of the Committee subsequent to the posting of the agenda."
1447,2019-03-20,"Ad Hoc Congestion, Highway and Roads Committee",39079,,10,,,,,,,,0,0,COMMENTS FROM THE PUBLIC ON ITEMS OF PUBLIC INTEREST WITHIN COMMITTEE’S SUBJECT MATTER JURISDICTION
1447,2019-03-20,"Ad Hoc Congestion, Highway and Roads Committee",39080,,11,,,,,,,,0,0,Adjournment
1447,2019-03-20,"Ad Hoc Congestion, Highway and Roads Committee",39599,,6,,,,,,,,0,0,NON-CONSENT
1447,2019-03-20,"Ad Hoc Congestion, Highway and Roads Committee",39600,,4,,,,,,,,0,0,CONSENT CALENDAR
1447,2019-03-20,"Ad Hoc Congestion, Highway and Roads Committee",39601,,3,,,,,,,,0,0,"APPROVE Consent Calendar Item(s): 5.

Consent calendar are approved by one motion unless held by a Director for discussion and/or separate action."
1448,2019-03-20,"Finance, Budget and Audit Committee",39123,,1,,,,,,,,0,0,CALL TO ORDER
1448,2019-03-20,"Finance, Budget and Audit Committee",39124,,2,,,,,,,,0,0,ROLL CALL
1448,2019-03-20,"Finance, Budget and Audit Committee",39125,7,5,5591,2019-0037,Contract,,,,,0,0,"AUTHORIZE the Chief Executive Officer to execute Contract Modification No. 1 to Contract No. PS54707001, with Mythics Inc., for procurement of 220 additional Oracle Primavera Unifier Application User Licenses in the amount of $495,887, increasing the total value from $497,675 $495,887 to $993,562 $991,774, and extending the contract term through March 31, 2020."
1448,2019-03-20,"Finance, Budget and Audit Committee",39201,8,6,5585,2019-0031,Program,,,,,0,0,"AUTHORIZE the Chief Executive Officer (CEO) to sign the Petition to Renew the North Hollywood Transit Business Improvement District (BID) for a period of five years commencing January 1, 2020 through December 31, 2024, for an estimated amount not to exceed $699,294 over the life of the BID renewal."
1448,2019-03-20,"Finance, Budget and Audit Committee",39202,,9,5685,2019-0131,Informational Report,,,,,0,0,RECEIVE General Public Comment
1448,2019-03-20,"Finance, Budget and Audit Committee",39203,,10,,,,,,,,0,0,"Consideration of items not on the posted agenda, including: items to be presented and (if requested) referred to staff; items to be placed on the agenda for action at a future meeting of the Committee or Board; and/or items requiring immediate action because of an emergency situation or where the need to take immediate action came to the attention of the Committee subsequent to the posting of the agenda."
1448,2019-03-20,"Finance, Budget and Audit Committee",39204,,11,,,,,,,,0,0,COMMENTS FROM THE PUBLIC ON ITEMS OF PUBLIC INTEREST WITHIN COMMITTEE’S SUBJECT MATTER JURISDICTION
1448,2019-03-20,"Finance, Budget and Audit Committee",39205,,12,,,,,,,,0,0,Adjournment
1448,2019-03-20,"Finance, Budget and Audit Committee",39207,9,8,5648,2019-0094,Informational Report,,,,,0,0,RECEIVE AND FILE FY20 Budget Development Update.
1448,2019-03-20,"Finance, Budget and Audit Committee",39208,,7,,,,,,,,0,0,NON-CONSENT
1448,2019-03-20,"Finance, Budget and Audit Committee",39209,,3,,,,,,,,0,0,"APPROVE Consent Calendar Item(s): 7, 8.

Consent calendar items are approved by one motion unless held by a Director for discussion and/or separate action."
1448,2019-03-20,"Finance, Budget and Audit Committee",39210,,4,,,,,,,,0,0,CONSENT CALENDAR
1449,2019-03-20,Planning and Programming Committee,39211,,1,,,,,,,,0,0,CALL TO ORDER
1449,2019-03-20,Planning and Programming Committee,39212,,2,,,,,,,,0,0,ROLL CALL
1449,2019-03-20,Planning and Programming Committee,39318,13,5,5548,2018-0817,Project,,,,,0,0,"CONSIDER:

A.	RECEIVING AND FILING the findings and recommendations from the Vermont Transit Corridor Rail Conversion/Feasibility Study; and

B.	APPROVING advancement of the two BRT concepts previously identified through the 2017 Vermont Bus Rapid Transit (BRT) Technical Study into environmental review."
1449,2019-03-20,Planning and Programming Committee,39319,,9,5686,2019-0132,Informational Report,,,,,0,0,RECEIVE General Public Comment
1449,2019-03-20,Planning and Programming Committee,39320,,10,,,,,,,,0,0,"Consideration of items not on the posted agenda, including: items to be presented and (if requested) referred to staff; items to be placed on the agenda for action at a future meeting of the Committee or Board; and/or items requiring immediate action because of an emergency situation or where the need to take immediate action came to the attention of the Committee subsequent to the posting of the agenda."
1449,2019-03-20,Planning and Programming Committee,39321,,11,,,,,,,,0,0,COMMENTS FROM THE PUBLIC ON ITEMS OF PUBLIC INTEREST WITHIN COMMITTEE’S SUBJECT MATTER JURISDICTION
1449,2019-03-20,Planning and Programming Committee,39322,,12,,,,,,,,0,0,Adjournment
1449,2019-03-20,Planning and Programming Committee,39323,15,8,5635,2019-0081,Resolution,,,,,0,0,"APPROVE the Resolution in Attachment A to:

A.	AUTHORIZE the Chief Executive Officer (CEO) or his designee to claim $36,612,888 in fiscal year (FY) 2018-19 LCTOP grant funds for one year of Gold Line Foothill Extension Phase 2A operations and one year of Expo Line Phase 2 operations; and

B.	CERTIFY that Metro will comply with LCTOP certification and assurances and the authorized agent requirements, and authorize the CEO or his designee to execute all required documents and any amendment wit"
1449,2019-03-20,Planning and Programming Committee,39324,14,7,5607,2019-0053,Agreement,,,,,0,0,"AUTHORIZE the Chief Executive Officer to amend an existing ground lease with Taylor Yard Commercial, LLC (“TYC”) or its successor to:

A.	CHANGE the scope of development under the existing ground lease from approximately 16,690 square feet of retail space to approximately 56 units of affordable housing; 

B.	EXTEND the deadline for commencement of construction under the existing ground lease from April 1, 2019 to April 1, 2022; 

C.	PROVIDE for further extensions of this deadline to April 1, 202"
1449,2019-03-20,Planning and Programming Committee,39325,11,3,5640,2019-0086,Informational Report,,,,,0,0,RECEIVE AND FILE report on Introduction of Micro Mobility Vehicles Program at Metro Stations.
1449,2019-03-20,Planning and Programming Committee,39602,12,4,5530,2018-0799,Motion / Motion Response,,,,,0,0,"RECEIVE AND FILE update report on Transportation Demand Management Program in response to Board Motion 36 approved at the October 2017 Board meeting.
(CARRIED OVER FROM FEBRUARY)"
1449,2019-03-20,Planning and Programming Committee,39627,,6,,,,,,,,0,0,page break
1450,2019-03-21,Construction Committee,39411,,1,,,,,,,,0,0,CALL TO ORDER
1450,2019-03-21,Construction Committee,39412,,2,,,,,,,,0,0,ROLL CALL
1450,2019-03-21,Construction Committee,39413,28,8,5586,2019-0032,Informational Report,,,,,0,0,"RECEIVE AND FILE the:
 
A.	Status update on the Project Labor Agreement and Construction Careers Policy programs through the quarter ending December 2018; and 

B.	Women in the Trades Action Plan."
1450,2019-03-21,Construction Committee,39490,26,5,5608,2019-0054,Contract,,,,,0,0,"AUTHORIZE the Chief Executive Officer (CEO) to: 
 
A.	AWARD AND EXECUTE a seven (7) year cost reimbursable, Contract No. PS54007, to PQM, Inc., for Quality Management Consultant Program Services on Task Orders for an amount not-to-exceed $5,378,518 for an initial twenty-six months; plus three one year options, subject to resolution of any properly submitted protest; and 

B.	EXECUTE individual Task Orders and changes within the Board approved contract not-to-exceed amount."
1450,2019-03-21,Construction Committee,39491,,11,5688,2019-0134,Informational Report,,,,,0,0,RECEIVE General Public Comment
1450,2019-03-21,Construction Committee,39492,,12,,,,,,,,0,0,"Consideration of items not on the posted agenda, including: items to be presented and (if requested) referred to staff; items to be placed on the agenda for action at a future meeting of the Committee or Board; and/or items requiring immediate action because of an emergency situation or where the need to take immediate action came to the attention of the Committee subsequent to the posting of the agenda."
1450,2019-03-21,Construction Committee,39493,,13,,,,,,,,0,0,COMMENTS FROM THE PUBLIC ON ITEMS OF PUBLIC INTEREST WITHIN COMMITTEE’S SUBJECT MATTER JURISDICTION
1450,2019-03-21,Construction Committee,39494,,14,,,,,,,,0,0,Adjournment
1450,2019-03-21,Construction Committee,39495,27,7,5623,2019-0069,Oral Report / Presentation,,,,,0,0,RECEIVE oral report on the Major Project Status by the Chief Program Management Officer.
1450,2019-03-21,Construction Committee,39608,,9,,,,,,,,0,0,(ALSO ON EXECUTIVE MANAGEMENT COMMITTEE)
1450,2019-03-21,Construction Committee,39609,,6,,,,,,,,0,0,NON-CONSENT
1450,2019-03-21,Construction Committee,39610,,4,,,,,,,,0,0,CONSENT CALENDAR
1450,2019-03-21,Construction Committee,39611,,3,,,,,,,,0,0,"APPROVE Consent Calendar Item(s): 26.

Consent calendar items are approved by one motion unless held by a Director for discussion and/or separate action."
1450,2019-03-21,Construction Committee,39638,32,10,5673,2019-0119,Contract,,,,,0,0,"CONSIDER:

A.	INCREASING Design Life-of-Project (LOP) Budget for Metro Gold Line Interstate 210 Barrier Replacement, (CP Number 405581) by $11,463,026, increasing the LOP budget from $11,078,366 to $22,541,392; and

B.	AUTHORIZING the Chief Executive Officer to execute Contract Modification No. 1 to the On-Call Highway Program Project Delivery Support Services Contract Nos. AE30673000, AE30673001, AE30673002 with AECOM, CH2M Hill, and Parsons Transportation Group, respectively, in the amount not"
1451,2019-03-21,"Operations, Safety, and Customer Experience Committee",39327,,1,,,,,,,,0,0,CALL TO ORDER
1451,2019-03-21,"Operations, Safety, and Customer Experience Committee",39328,,2,,,,,,,,0,0,ROLL CALL
1451,2019-03-21,"Operations, Safety, and Customer Experience Committee",39329,20,10,5475,2018-0744,Oral Report / Presentation,,,,,0,0,Operations Employees of the Month
1451,2019-03-21,"Operations, Safety, and Customer Experience Committee",39399,21,12,5476,2018-0745,Oral Report / Presentation,,,,,0,0,RECEIVE oral report on NextGen Regional Service Concept and New Blue Update.
1451,2019-03-21,"Operations, Safety, and Customer Experience Committee",39400,18,7,5584,2019-0030,Contract,,,,,0,0,"AUTHORIZE the Chief Executive Officer to award the following three-year base term contracts for regions 1 through 4; subject to resolution of protest(s) if any: 

A.	AWARD a firm fixed unit rate Contract No. OP1246400003367, for Region 1 to Graffiti Shield, Inc., to provide glass anti-graffiti film maintenance and replacement services throughout Metro Red Line (MRL), Metro Orange Line (MOL) and various bus and rail locations within the geographical area specified as Region 1, for a not-to-exce"
1451,2019-03-21,"Operations, Safety, and Customer Experience Committee",39401,,18,,,,,,,,0,0,"Consideration of items not on the posted agenda, including: items to be presented and (if requested) referred to staff; items to be placed on the agenda for action at a future meeting of the Committee or Board; and/or items requiring immediate action because of an emergency situation or where the need to take immediate action came to the attention of the Committee subsequent to the posting of the agenda."
1451,2019-03-21,"Operations, Safety, and Customer Experience Committee",39402,,19,,,,,,,,0,0,COMMENTS FROM THE PUBLIC ON ITEMS OF PUBLIC INTEREST WITHIN COMMITTEE’S SUBJECT MATTER JURISDICTION
1451,2019-03-21,"Operations, Safety, and Customer Experience Committee",39403,,20,,,,,,,,0,0,Adjournment
1451,2019-03-21,"Operations, Safety, and Customer Experience Committee",39404,22,13,5596,2019-0042,Contract,,,,,0,0,"AWARD a 40-month, indefinite delivery/indefinite quantity Contract No. MA53984000 to AmePower, Incorporated to overhaul and upgrade up to four-hundred-thirty-seven (437) P2550 Light Rail Vehicle Propulsion Inverter Phase Modules for a not-to-exceed amount of $6,065,920 subject to resolution of protest(s), if any."
1451,2019-03-21,"Operations, Safety, and Customer Experience Committee",39405,16,5,5597,2019-0043,Contract,,,,,0,0,"AUTHORIZE the Chief Executive Officer to award a 60-month, Indefinite Delivery/Indefinite Quantity (IDIQ) Contract no. MA51966000 to AmePower, the lowest responsive and responsible bidder, for the overhaul of P2550 Light Rail Vehicle Static Inverter Auxiliary Power Supply/Low Voltage Power Supply (APS/LVPS) Overhaul. This award is a not-to-exceed amount of $2,714,220 subject to resolution of protest(s), if any."
1451,2019-03-21,"Operations, Safety, and Customer Experience Committee",39406,19,8,5619,2019-0065,Contract,,,,,0,0,"AUTHORIZE the Chief Executive Officer to award a two-year, Indefinite Delivery, Indefinite Quantity Contract No. MA58692 to LA Mobile Computing for purchase of wireless mobile routers.  The Contract has a first-year amount of $1,314,197, inclusive of sales tax, and a second-year amount of $929,754, inclusive of sales tax, for a total contract value of $2,243,950.65, subject to resolution of protest(s), if any."
1451,2019-03-21,"Operations, Safety, and Customer Experience Committee",39407,23,14,5622,2019-0068,Fare / Tariff / Service Change,,,,,0,0,"APPROVE providing free Metro transit service on Earth Day (April 22, 2019)."
1451,2019-03-21,"Operations, Safety, and Customer Experience Committee",39408,25,16,5647,2019-0093,Informational Report,,,,,0,0,RECEIVE AND FILE Transit Safety and Security Report.
1451,2019-03-21,"Operations, Safety, and Customer Experience Committee",39409,24,15,5633,2019-0079,Contract,,,,,0,0,"AUTHORIZE the Chief Executive Officer to:

A.	RATIFY AND EXECUTE Contract No. PS126167000-30896 with MobilPrise, Inc. dba LexRay (LexRay) for software maintenance services for costs incurred from January 1, 2015 through March 31, 2019 in the amount of $1,226,863; 

B.	EXECUTE Contract Modification No. 1 to Contract No. PS126167000-30896 with LexRay for software maintenance services for the term April 1, 2019 ending December 31, 2020, increasing the total authorized amount by $531,136 for a revis"
1451,2019-03-21,"Operations, Safety, and Customer Experience Committee",39410,17,6,5632,2019-0078,Agreement,,,,,0,0,"CONSIDER:

A.	EXTENDING the Transit Service Operation Agreement between LACMTA and the City of Glendale for the Glendale Beeline Route 3 for a period of two years through June 30, 2021 for an amount up to $1,328,980 which is inclusive of FY19 expenditures and estimated CPI Index rates;

B.	EXTENDING the Transit Service Operation Agreement between LACMTA and the City of Los Angeles Department of Transportation (LADOT) for Dash 601, Dash 602, and Commuter Express 422 for a period of two years for "
1451,2019-03-21,"Operations, Safety, and Customer Experience Committee",39597,,17,5687,2019-0133,Informational Report,,,,,0,0,RECEIVE General Public Comment
1451,2019-03-21,"Operations, Safety, and Customer Experience Committee",39605,,9,,,,,,,,0,0,NON-CONSENT
1451,2019-03-21,"Operations, Safety, and Customer Experience Committee",39606,,4,,,,,,,,0,0,CONSENT CALENDAR
1451,2019-03-21,"Operations, Safety, and Customer Experience Committee",39607,,3,,,,,,,,0,0,"APPROVE Consent Calendar Item(s): 16, 17, 18, 19.

Consent calendar items are approved by one motion unless held by a Director for discussion and/or separate action."
1451,2019-03-21,"Operations, Safety, and Customer Experience Committee",39628,,11,,,,,,,,0,0,page break
1453,2019-03-21,Executive Management Committee,39497,,1,,,,,,,,0,0,CALL TO ORDER
1453,2019-03-21,Executive Management Committee,39498,,2,,,,,,,,0,0,ROLL CALL
1453,2019-03-21,Executive Management Committee,39499,30,6,5595,2019-0041,Informational Report,,,,,0,0,RECEIVE AND FILE State and Federal Legislative Report.
1453,2019-03-21,Executive Management Committee,39591,31,7,5644,2019-0090,Project,,,,,0,0,"ADOPT the following Official and Operational station names for five stations that make up the Metro Gold Line Foothill Phase 2B Extension:

Official Stations Name:		Operational Station Name:
1.	Glendora			      Glendora
2.	San Dimas			San Dimas
3.	La Verne/Fairplex        La Verne/Fairplex
4.	Pomona North		Pomona North
5.	Claremont			Claremont"
1453,2019-03-21,Executive Management Committee,39592,,8,5689,2019-0135,Informational Report,,,,,0,0,RECEIVE General Public Comment
1453,2019-03-21,Executive Management Committee,39593,,9,,,,,,,,0,0,"Consideration of items not on the posted agenda, including: items to be presented and (if requested) referred to staff; items to be placed on the agenda for action at a future meeting of the Committee or Board; and/or items requiring immediate action because of an emergency situation or where the need to take immediate action came to the attention of the Committee subsequent to the posting of the agenda."
1453,2019-03-21,Executive Management Committee,39594,,10,,,,,,,,0,0,COMMENTS FROM THE PUBLIC ON ITEMS OF PUBLIC INTEREST WITHIN COMMITTEE’S SUBJECT MATTER JURISDICTION
1453,2019-03-21,Executive Management Committee,39595,,11,,,,,,,,0,0,Adjournment
1453,2019-03-21,Executive Management Committee,39612,28,3,5586,2019-0032,Informational Report,,,,,0,0,"RECEIVE AND FILE the:
 
A.	Status update on the Project Labor Agreement and Construction Careers Policy programs through the quarter ending December 2018; and 

B.	Women in the Trades Action Plan."
1453,2019-03-21,Executive Management Committee,39613,,4,,,,,,,,0,0,(ALSO ON CONSTRUCTION COMMITTEE)
1453,2019-03-21,Executive Management Committee,39623,29,5,5695,2019-0141,Oral Report / Presentation,,,,,0,0,RECEIVE oral report on Bus Only Infrastructure.
1454,2019-04-17,"Finance, Budget and Audit Committee",39933,,1,,,,,,,,0,0,CALL TO ORDER
1454,2019-04-17,"Finance, Budget and Audit Committee",39934,,2,,,,,,,,0,0,ROLL CALL
1454,2019-04-17,"Finance, Budget and Audit Committee",39935,,3,,,,,,,,0,0,"APPROVE Consent Calendar Item(s): 7

Consent calendar items are approved with one motion unless held by a Director for discussion and/or separate action."
1454,2019-04-17,"Finance, Budget and Audit Committee",40016,,12,5767,2019-0213,Informational Report,,,,,0,0,RECEIVE General Public Comment
1454,2019-04-17,"Finance, Budget and Audit Committee",40018,,13,,,,,,,,0,0,GENERAL PUBLIC COMMENT
1454,2019-04-17,"Finance, Budget and Audit Committee",40019,,14,,,,,,,,0,0,"Consideration of items not on the posted agenda, including: items to be presented and (if requested) referred to staff; items to be placed on the agenda for action at a future meeting of the Committee or Board; and/or items requiring immediate action because of an emergency situation or where the need to take immediate action came to the attention of the Committee subsequent to the posting of the agenda."
1454,2019-04-17,"Finance, Budget and Audit Committee",40020,,15,,,,,,,,0,0,COMMENTS FROM THE PUBLIC ON ITEMS OF PUBLIC INTEREST WITHIN COMMITTEE’S SUBJECT MATTER JURISDICTION
1454,2019-04-17,"Finance, Budget and Audit Committee",40021,,16,,,,,,,,0,0,Adjournment
1454,2019-04-17,"Finance, Budget and Audit Committee",40022,12,11,5061,2018-0330,Contract,,,,,0,0,"AUTHORIZE the Chief Executive Officer to execute a modification to Contract No. OP02461010-MAINT, with Cubic Transportation Systems, Inc. (“Cubic”), for TAP System Support Services of all fare collection equipment, in the amount of $68,220,642 increasing the total contract value from $295,351,189, to $363,571,831 and a contract modification extension of five and a half (5.5) years until December 2024."
1454,2019-04-17,"Finance, Budget and Audit Committee",40023,7,5,5581,2019-0027,Program,,,,,0,0,"AUTHORIZE the Chief Executive Officer to negotiate and purchase All Risk Property and Boiler and Machinery insurance policies for all property at the current policy limits at a not to exceed price of $3.1 million for the 12-month period May 10, 2019 through May 10, 2020."
1454,2019-04-17,"Finance, Budget and Audit Committee",40024,8,7,5621,2019-0067,Agreement,,,,,0,0,"AUTHORIZE the Chief Executive Officer (CEO) to execute a ten (10)-year lease agreement commencing August 1, 2019 with Blum Courtyard Associates (“Lessor”) for the LA Metro System Security and Law Enforcement office located at 1300 W. Optical Drive in Azusa at a rate of $40,010 per month with escalations of three percent (3%) annually for a total lease value of $5,268,103 over the term."
1454,2019-04-17,"Finance, Budget and Audit Committee",40025,9,8,5703,2019-0149,Informational Report,,,,,0,0,RECEIVE AND FILE status report on Access Services - ADA Paratransit.
1454,2019-04-17,"Finance, Budget and Audit Committee",40026,10,9,5715,2019-0161,Informational Report,,,,,0,0,"RECEIVE AND FILE the Los Angeles County Metropolitan Transportation Authority’s (Metro) basic financial statements and component financial statement audits completed by Crowe Horwath LLP (Crowe) for the fiscal year ended June 30, 2018."
1454,2019-04-17,"Finance, Budget and Audit Committee",40027,11,10,5720,2019-0166,Informational Report,,,,,0,0,RECEIVE AND FILE FY20 Budget Development Update.
1454,2019-04-17,"Finance, Budget and Audit Committee",40028,,4,,,,,,,,0,0,CONSENT CALENDAR
1454,2019-04-17,"Finance, Budget and Audit Committee",40029,,6,,,,,,,,0,0,NON-CONSENT
1455,2019-04-17,"Ad Hoc Congestion, Highway and Roads Committee",39871,,1,,,,,,,,0,0,CALL TO ORDER
1455,2019-04-17,"Ad Hoc Congestion, Highway and Roads Committee",39872,,2,,,,,,,,0,0,ROLL CALL
1455,2019-04-17,"Ad Hoc Congestion, Highway and Roads Committee",39873,6,4,5683,2019-0129,Project,,,,,0,0,"AUTHORIZE the use of toll revenues, in a not-to-exceed amount of $3.9 million for the upgrade of a 42-strand bundle of single mode fiber optic (SMFO) cable to a 72-strand bundle of SMFO cable and a fiber patch panel for Segment 3 of the I-10 High Occupancy Vehicle (HOV) lane project to accommodate for the communications network necessary for conversion to future ExpressLanes. Additional improvements include the installation of 2-inch conduit, pull boxes, cast-in-drilled-hole (CIDH) pile foundati"
1455,2019-04-17,"Ad Hoc Congestion, Highway and Roads Committee",39927,,6,5766,2019-0212,Informational Report,,,,,0,0,RECEIVE General Public Comment
1455,2019-04-17,"Ad Hoc Congestion, Highway and Roads Committee",39929,,7,,,,,,,,0,0,"Consideration of items not on the posted agenda, including: items to be presented and (if requested) referred to staff; items to be placed on the agenda for action at a future meeting of the Committee or Board; and/or items requiring immediate action because of an emergency situation or where the need to take immediate action came to the attention of the Committee subsequent to the posting of the agenda."
1455,2019-04-17,"Ad Hoc Congestion, Highway and Roads Committee",39930,,8,,,,,,,,0,0,COMMENTS FROM THE PUBLIC ON ITEMS OF PUBLIC INTEREST WITHIN COMMITTEE’S SUBJECT MATTER JURISDICTION
1455,2019-04-17,"Ad Hoc Congestion, Highway and Roads Committee",39931,,9,,,,,,,,0,0,Adjournment
1455,2019-04-17,"Ad Hoc Congestion, Highway and Roads Committee",40457,5,3,5774,2019-0220,Oral Report / Presentation,,,,,0,0,RECEIVE report by the Caltrans District Director on Delivery of Projects on I-5.
1455,2019-04-17,"Ad Hoc Congestion, Highway and Roads Committee",40527,6.1,5,5790,2019-0236,Motion / Motion Response,,,,,0,0,"APPROVE Revised Motion by Butts, Fasana, Hahn, and Solis that this item be amended to authorize the use of up to $4.4 million in I-110 ExpressLanes revenues or South Bay Measure M Multi-year Subregional Program (MSP) Transportation System Mobility Improvement Program (TSMIP) funds to construct the South Bay Smart Net."
1456,2019-04-17,Planning and Programming Committee,40030,,1,,,,,,,,0,0,CALL TO ORDER
1456,2019-04-17,Planning and Programming Committee,40031,,2,,,,,,,,0,0,ROLL CALL
1456,2019-04-17,Planning and Programming Committee,40142,,10,5768,2019-0214,Informational Report,,,,,0,0,RECEIVE General Public Comment
1456,2019-04-17,Planning and Programming Committee,40144,,11,,,,,,,,0,0,GENERAL PUBLIC COMMENT
1456,2019-04-17,Planning and Programming Committee,40145,,12,,,,,,,,0,0,"Consideration of items not on the posted agenda, including: items to be presented and (if requested) referred to staff; items to be placed on the agenda for action at a future meeting of the Committee or Board; and/or items requiring immediate action because of an emergency situation or where the need to take immediate action came to the attention of the Committee subsequent to the posting of the agenda."
1456,2019-04-17,Planning and Programming Committee,40146,,13,,,,,,,,0,0,COMMENTS FROM THE PUBLIC ON ITEMS OF PUBLIC INTEREST WITHIN COMMITTEE’S SUBJECT MATTER JURISDICTION
1456,2019-04-17,Planning and Programming Committee,40147,,14,,,,,,,,0,0,Adjournment
1456,2019-04-17,Planning and Programming Committee,40148,14,4,5532,2018-0801,Contract,,,,,0,0,"AUTHORIZE the Chief Executive Officer (CEO) to:

A.	AWARD six task order based on-call Contracts for Regional Rail Planning and Environmental services to the firms listed below for a five-year base period in an amount not-to-exceed $10 million, with two, one-year options not-to-exceed $2 million each year, for a not-to-exceed cumulative total funding amount of $14 million, subject to resolution of protest(s) if any. The following firms are recommended for award:
							
1.	Gensler, Contract "
1456,2019-04-17,Planning and Programming Committee,40149,17,8,5645,2019-0091,Program,,,,,0,0,"CONSIDER: 

A.	APPROVING the Fiscal Year (FY) 2019 Solicitation for Proposals for Federal Transit Administration (FTA) Section 5310 Enhanced Mobility of Seniors and Individuals with Disabilities Program funds, including the following:

1.	Allocation process shown in Attachment A;

2.	Solicitation funding mark estimated up to $10,201,958;

3.	Application package shown in Attachment B; and

B.	ALLOCATING $10,867,304 in Section 5310 funds for Access Services as identified by the FY 2019 funding all"
1456,2019-04-17,Planning and Programming Committee,40150,13,3,5696,2019-0142,Informational Report,,,,,0,0,RECEIVE AND FILE report on the overview of the planning process for major transit and active transportation investments.
1456,2019-04-17,Planning and Programming Committee,40151,18,9,5702,2019-0148,Project,,,,,0,0,"APPROVE:

A.	RECEIVING AND FILING the North Hollywood to Pasadena BRT Corridor Alternatives Analysis (AA) Study Report; and 

B.	AUTHORIZING the CEO to initiate the Draft Environmental Impact Report (DEIR)."
1456,2019-04-17,Planning and Programming Committee,40152,15,5,5740,2019-0186,Informational Report,,,,,0,0,"RECEIVE AND FILE report on Introduction of Micro Mobility Vehicles Program at Metro Stations.

(CARRIED OVER FROM MARCH)"
1456,2019-04-17,Planning and Programming Committee,40458,16,7,5759,2019-0205,Project,,,,,0,0,"CONSIDER:

A.	RECEIVING AND FILING the findings and recommendations from the Vermont Transit Corridor Rail Conversion/Feasibility Study; 

B.	APPROVING advancement of the two BRT concepts: 1) an end-to-end side-running and 2) a combination side and center-running, previously identified through the 2017 Vermont Bus Rapid Transit (BRT) Technical Study into environmental review;

C.	AUTHORIZING study of a center-running BRT facility or similarly high performing, dedicated BRT facility across "
1456,2019-04-17,Planning and Programming Committee,40462,,6,,,,,,,,0,0,page break
1457,2019-04-18,Construction Committee,40252,,1,,,,,,,,0,0,CALL TO ORDER
1457,2019-04-18,Construction Committee,40253,,2,,,,,,,,0,0,ROLL CALL
1457,2019-04-18,Construction Committee,40254,28,5,5561,2019-0007,Informational Report,,,,,0,0,RECEIVE AND FILE Office of the Inspector General Change Order/Modification Construction Spot Check Report.
1457,2019-04-18,Construction Committee,40336,,10,5770,2019-0216,Informational Report,,,,,0,0,RECEIVE General Public Comment
1457,2019-04-18,Construction Committee,40338,,11,,,,,,,,0,0,GENERAL PUBLIC COMMENT
1457,2019-04-18,Construction Committee,40339,,12,,,,,,,,0,0,"Consideration of items not on the posted agenda, including: items to be presented and (if requested) referred to staff; items to be placed on the agenda for action at a future meeting of the Committee or Board; and/or items requiring immediate action because of an emergency situation or where the need to take immediate action came to the attention of the Committee subsequent to the posting of the agenda."
1457,2019-04-18,Construction Committee,40340,,13,,,,,,,,0,0,COMMENTS FROM THE PUBLIC ON ITEMS OF PUBLIC INTEREST WITHIN COMMITTEE’S SUBJECT MATTER JURISDICTION
1457,2019-04-18,Construction Committee,40341,,14,,,,,,,,0,0,Adjournment
1457,2019-04-18,Construction Committee,40342,30,8,5653,2019-0099,Project,,,,,0,0,"AUTHORIZE an increase in the life of project (LOP) budget for Project No. 202808 by $440,000 for Central Maintenance Facility (CMF) Building 5 Dust Collection System project from $785,000 to $1,225,000."
1457,2019-04-18,Construction Committee,40343,26,3,5681,2019-0127,Oral Report / Presentation,,,,,0,0,RECEIVE oral report on the Major Project Status by the Chief Program Management Officer.
1457,2019-04-18,Construction Committee,40344,31,9,5707,2019-0153,Contract,,,,,0,0,"AUTHORIZE:

A.	An increase to the total authorized funding for Contract No. AE35279 with Kal Krishnan Consulting Services/Triunity Engineering and Management Joint Venture (KTJV), for pending and future Contract Work Orders to provide Program Management Support Services (PMSS) in the amount of $65,838,110, increasing the authorized funding limit from $24,970,960 to $90,809,070, consistent with previous action taken by the Board in June 2017 for the remaining five years of the contract, which inc"
1457,2019-04-18,Construction Committee,40345,29,6,5721,2019-0167,Informational Report,,,,,0,0,RECEIVE AND FILE report on FY20 Program Management Annual Program Evaluation.
1457,2019-04-18,Construction Committee,40346,27,4,5722,2019-0168,Informational Report,,,,,0,0,RECEIVE AND FILE status report on Program Management Quarterly Change Report.
1457,2019-04-18,Construction Committee,40468,,7,,,,,,,,0,0,page break
1458,2019-04-18,"Operations, Safety, and Customer Experience Committee",40153,,1,,,,,,,,0,0,CALL TO ORDER
1458,2019-04-18,"Operations, Safety, and Customer Experience Committee",40154,,2,,,,,,,,0,0,ROLL CALL
1458,2019-04-18,"Operations, Safety, and Customer Experience Committee",40155,,4,,,,,,,,0,0,CONSENT CALENDAR 
1458,2019-04-18,"Operations, Safety, and Customer Experience Committee",40235,,15,5769,2019-0215,Informational Report,,,,,0,0,RECEIVE General Public Comment
1458,2019-04-18,"Operations, Safety, and Customer Experience Committee",40236,,16,,,,,,,,0,0, 
1458,2019-04-18,"Operations, Safety, and Customer Experience Committee",40237,,17,,,,,,,,0,0,GENERAL PUBLIC COMMENT
1458,2019-04-18,"Operations, Safety, and Customer Experience Committee",40238,,18,,,,,,,,0,0,"Consideration of items not on the posted agenda, including: items to be presented and (if requested) referred to staff; items to be placed on the agenda for action at a future meeting of the Committee or Board; and/or items requiring immediate action because of an emergency situation or where the need to take immediate action came to the attention of the Committee subsequent to the posting of the agenda."
1458,2019-04-18,"Operations, Safety, and Customer Experience Committee",40239,,19,,,,,,,,0,0,COMMENTS FROM THE PUBLIC ON ITEMS OF PUBLIC INTEREST WITHIN COMMITTEE’S SUBJECT MATTER JURISDICTION
1458,2019-04-18,"Operations, Safety, and Customer Experience Committee",40240,,20,,,,,,,,0,0,Adjournment
1458,2019-04-18,"Operations, Safety, and Customer Experience Committee",40241,19,5,5519,2018-0788,Appointment,,,,,0,0,APPROVE Nominees for membership on Metro’s Service Councils.
1458,2019-04-18,"Operations, Safety, and Customer Experience Committee",40242,20,6,5665,2019-0111,Contract,,,,,0,0,"AUTHORIZE the Chief Executive Officer to award a two-year, firm fixed price Contract No. MA57367000 to KNS Industrial Supply, the lowest responsive and responsible bidder for Safety Vests.  The one-year base contract amount is $576,350 inclusive of sales tax, and the one-year option amount is $590,741, inclusive of sales tax, for a total contract amount of $1,167,091, subject to resolution of protest(s), if any."
1458,2019-04-18,"Operations, Safety, and Customer Experience Committee",40244,23,11,5667,2019-0113,Contract,,,,,0,0,"CONSIDER:
 
A.	FINDING that there is only a single source of procurement to obtain Metro Blue Line Train Control Vital Relays to support Rail Wayside System Maintenance. The Board hereby authorizes purchase of the Vital Relays for the sole purpose of duplicating and replacing system equipment already in use; and  

(REQUIRES 2/3 VOTE OF THE BOARD)

B.	AUTHORIZING the Chief Executive Officer to award a 24-month sole source, fixed price Contract Number OP58657000 to Twinco Mfg. Co., Inc. for an am"
1458,2019-04-18,"Operations, Safety, and Customer Experience Committee",40245,21,8,5670,2019-0116,Oral Report / Presentation,,,,,0,0,Operations Employees of the Month
1458,2019-04-18,"Operations, Safety, and Customer Experience Committee",40246,22,10,5671,2019-0117,Oral Report / Presentation,,,,,0,0,RECEIVE oral report on New Blue.
1458,2019-04-18,"Operations, Safety, and Customer Experience Committee",40247,24,12,5728,2019-0174,Informational Report,,,,,0,0,RECEIVE AND FILE Transit Safety and Security Report.
1458,2019-04-18,"Operations, Safety, and Customer Experience Committee",40249,25,14,5744,2019-0190,Contract,,,,,0,0,"AUTHORIZE the Chief Executive Officer to award the following three-year base term contracts for regions 1 through 4; subject to resolution of protest(s) if any: 

A.	AWARD a firm fixed unit rate Contract No. OP1246400003367, for Region 1 to Graffiti Shield, Inc., to provide glass anti-graffiti film maintenance and replacement services throughout Metro Red Line (MRL), Metro Orange Line (MOL) and various bus and rail locations within the geographical area specified as Region 1, for a not-to-exceed"
1458,2019-04-18,"Operations, Safety, and Customer Experience Committee",40250,,7,,,,,,,,0,0,NON-CONSENT
1458,2019-04-18,"Operations, Safety, and Customer Experience Committee",40251,,3,,,,,,,,0,0,"APPROVE Consent Calendar Item(s): 19, 20.

Consent calendar items are approved with one motion unless held by a Director for discussion and/or separate action."
1458,2019-04-18,"Operations, Safety, and Customer Experience Committee",40466,,9,,,,,,,,0,0,page break
1458,2019-04-18,"Operations, Safety, and Customer Experience Committee",40467,,13,,,,,,,,0,0,page break
1459,2019-04-18,Executive Management Committee,40348,,1,,,,,,,,0,0,CALL TO ORDER
1459,2019-04-18,Executive Management Committee,40349,,2,,,,,,,,0,0,ROLL CALL
1459,2019-04-18,Executive Management Committee,40350,32,3,5598,2019-0044,Informational Report,,,,,0,0,RECEIVE AND FILE State and Federal Legislative Report.
1459,2019-04-18,Executive Management Committee,40446,,9,5771,2019-0217,Informational Report,,,,,0,0,RECEIVE General Public Comment
1459,2019-04-18,Executive Management Committee,40448,,10,,,,,,,,0,0,GENERAL PUBLIC COMMENT
1459,2019-04-18,Executive Management Committee,40449,,11,,,,,,,,0,0,"Consideration of items not on the posted agenda, including: items to be presented and (if requested) referred to staff; items to be placed on the agenda for action at a future meeting of the Committee or Board; and/or items requiring immediate action because of an emergency situation or where the need to take immediate action came to the attention of the Committee subsequent to the posting of the agenda."
1459,2019-04-18,Executive Management Committee,40450,,12,,,,,,,,0,0,COMMENTS FROM THE PUBLIC ON ITEMS OF PUBLIC INTEREST WITHIN COMMITTEE’S SUBJECT MATTER JURISDICTION
1459,2019-04-18,Executive Management Committee,40451,,13,,,,,,,,0,0,Adjournment
1459,2019-04-18,Executive Management Committee,40452,33,4,5602,2019-0048,Federal Legislation / State Legislation (Position),,,,,0,0,"ADOPT staff recommended positions:

A.	Senate Bill 43 (Allen) - Carbon Taxes WORK WITH AUTHOR

B.	Senate Bill 7 (Portantino) - State Highway Route 710 SUPPORT

C.	Assembly Bill 29 (Holden) - State Highway Route 710 SUPPORT

D.	Senate Bill 152 (Beall) - Active Transportation Program WORK WITH AUTHOR OPPOSE UNLESS AMENDED

E.	Assembly Bill 1402 (Petrie-Norris) - Active Transportation Program OPPOSE UNLESS AMENDED

F.	Assembly Bill 752 (Gabriel) - Public Transit: Transit stations: Lactation rooms W"
1459,2019-04-18,Executive Management Committee,40453,35,6,5693,2019-0139,Contract,,,,,0,0,"AUTHORIZE the Chief Executive Officer to:

A.	EXECUTE Modification No. 3 to the Labor Compliance Bench (the Bench) Contract Numbers PS-21307700 A-J, for labor compliance monitoring services, to exercise the fourth and fifth year options, extending the contract term from July 1, 2019 to June 30, 2021, and increasing the total authorized not-to-exceed amount by $4,000,000 ($2,000,000 for each option year) from $19,056,648 to $23,056,648; and 

B.	AWARD AND EXECUTE task orders for a not-to-exce"
1459,2019-04-18,Executive Management Committee,40454,34,5,5723,2019-0169,Informational Report,,,,,0,0,RECEIVE AND FILE status report on the Los Angeles Aerial Rapid Transit Project.
1459,2019-04-18,Executive Management Committee,40455,37,8,5730,2019-0176,Contract,,,,,0,0,"AUTHORIZE the Chief Executive Officer to execute Modification No. 2 to Task Order No. PS50315-3049000 with Sperry Capital Inc. to finalize the Business Case for West Santa Ana Branch Light Rail Transit Project (“WSAB” or “the Project”) in the amount of $977,040 increasing the not-to-exceed task order value from $1,099,970 to $2,077,010."
1459,2019-04-18,Executive Management Committee,40465,36,7,5764,2019-0210,Motion / Motion Response,,,,,0,0,"CONSIDER:

A.	RECEIVING AND FILING the response to Motion 32.3 (Congestion Pricing) by Directors Garcetti, Kuehl, Butts, Solis, and Hahn; and 

B.	APPROVING Next Steps for Congestion Pricing Feasibility Study, which includes:

·	May 2019: Staff will issue Requests for Proposals for 1) Technical Services (includes Equity Analysis) and 2) Communications Plan and Public Engagement Services;

·	Summer 2019: Seek Board authorization to award contract; and

·	Ongoing: Staff will conduct ongo"
1460,2019-05-15,"Ad Hoc Congestion, Highway and Roads Committee",40794,,1,,,,,,,,0,0,CALL TO ORDER
1460,2019-05-15,"Ad Hoc Congestion, Highway and Roads Committee",40795,,2,,,,,,,,0,0,ROLL CALL
1460,2019-05-15,"Ad Hoc Congestion, Highway and Roads Committee",40858,,5,,,,,,,,0,0,"Consideration of items not on the posted agenda, including: items to be presented and (if requested) referred to staff; items to be placed on the agenda for action at a future meeting of the Committee or Board; and/or items requiring immediate action because of an emergency situation or where the need to take immediate action came to the attention of the Committee subsequent to the posting of the agenda."
1460,2019-05-15,"Ad Hoc Congestion, Highway and Roads Committee",40859,,6,,,,,,,,0,0,COMMENTS FROM THE PUBLIC ON ITEMS OF PUBLIC INTEREST WITHIN COMMITTEE’S SUBJECT MATTER JURISDICTION
1460,2019-05-15,"Ad Hoc Congestion, Highway and Roads Committee",40860,,7,,,,,,,,0,0,Adjournment
1460,2019-05-15,"Ad Hoc Congestion, Highway and Roads Committee",40863,5,3,5821,2019-0267,Oral Report / Presentation,,,,,0,0,RECEIVE oral update on Road Movable Barriers System Motion.
1460,2019-05-15,"Ad Hoc Congestion, Highway and Roads Committee",40864,,4,5838,2019-0284,Informational Report,,,,,0,0,RECEIVE General Public Comment
1461,2019-05-15,"Finance, Budget and Audit Committee",41084,,1,,,,,,,,0,0,CALL TO ORDER
1461,2019-05-15,"Finance, Budget and Audit Committee",41085,,2,,,,,,,,0,0,ROLL CALL
1461,2019-05-15,"Finance, Budget and Audit Committee",41086,,6,5839,2019-0285,Informational Report,,,,,0,0,RECEIVE General Public Comment
1461,2019-05-15,"Finance, Budget and Audit Committee",41192,,7,,,,,,,,0,0,"Consideration of items not on the posted agenda, including: items to be presented and (if requested) referred to staff; items to be placed on the agenda for action at a future meeting of the Committee or Board; and/or items requiring immediate action because of an emergency situation or where the need to take immediate action came to the attention of the Committee subsequent to the posting of the agenda."
1461,2019-05-15,"Finance, Budget and Audit Committee",41193,,8,,,,,,,,0,0,COMMENTS FROM THE PUBLIC ON ITEMS OF PUBLIC INTEREST WITHIN COMMITTEE’S SUBJECT MATTER JURISDICTION
1461,2019-05-15,"Finance, Budget and Audit Committee",41194,,9,,,,,,,,0,0,Adjournment
1461,2019-05-15,"Finance, Budget and Audit Committee",41195,7,3,5807,2019-0253,Informational Report,,,,,0,0,"RECEIVE AND FILE the third quarter report of Management Audit Services (Management Audit) for the period ending March 31, 2019."
1461,2019-05-15,"Finance, Budget and Audit Committee",41783,38,5,5782,2019-0228,Program,,,,,0,0,"CONSIDER:

A.	APPROVING the Los Angeles County Metropolitan Transportation Authority’s (Metro) share of the Southern California Regional Rail Authority’s (SCRRA operated as “Metrolink”) FY 2019-20 Budget Transmittal dated April 22, 2019, in the amount of $111,341,440 along with Metro’s enhanced operations programs in the amount of $6,546,563 as listed in Attachment A for a totaling programming amount of $117,888,003; 

B.	REPROGRAMMING the use of $3,237,526 in FY 2017-18 Operating Surplus to fun"
1461,2019-05-15,"Finance, Budget and Audit Committee",41890,37,4,5752,2019-0198,Budget,,,,,0,0,"CONSIDER:

A.	ADOPTING the proposed FY20 Budget as presented in the budget document (provided in a separate transmittal and posted on metro.net): 

1.	AUTHORIZING $7.2 billion annual consolidated expenditures to achieve goals and objectives set forth by the Board adopted Metro Vision 2028 strategic plan; 

2.	AUTHORIZING a total of 10,219 FTEs with 8,482 Represented FTEs and 1,737 Non-Represented FTEs which includes an increase of 45 Non-Represented FTEs;

3.	AUTHORIZING a 4% merit-based"
1462,2019-05-15,Planning and Programming Committee,41319,,1,,,,,,,,0,0,CALL TO ORDER
1462,2019-05-15,Planning and Programming Committee,41320,,2,,,,,,,,0,0,ROLL CALL
1462,2019-05-15,Planning and Programming Committee,41441,,17,,,,,,,,0,0,"Consideration of items not on the posted agenda, including: items to be presented and (if requested) referred to staff; items to be placed on the agenda for action at a future meeting of the Committee or Board; and/or items requiring immediate action because of an emergency situation or where the need to take immediate action came to the attention of the Committee subsequent to the posting of the agenda."
1462,2019-05-15,Planning and Programming Committee,41442,,18,,,,,,,,0,0,COMMENTS FROM THE PUBLIC ON ITEMS OF PUBLIC INTEREST WITHIN COMMITTEE’S SUBJECT MATTER JURISDICTION
1462,2019-05-15,Planning and Programming Committee,41443,,19,,,,,,,,0,0,Adjournment
1462,2019-05-15,Planning and Programming Committee,41444,,16,5840,2019-0286,Informational Report,,,,,0,0,RECEIVE General Public Comment
1462,2019-05-15,Planning and Programming Committee,41445,13,11,5830,2019-0276,Motion / Motion Response,,,,,0,0,"RECEIVE AND FILE report on Metro Bike Share Business Plan and Fare Structure in response to Board Motion Item 17 on the Regular Board Meeting agenda, May 24, 2018."
1462,2019-05-15,Planning and Programming Committee,41446,16,15,5787,2019-0233,Program,,,,,0,0,"CONSIDER:

A.	APPROVING:

1.	Programming of $497,474 in Measure M MSP - Bus System Improvement Program (Attachment A); 

2.	Inter-program borrowing and programming of $14,676,801 from subregion’s Measure M Multi-year Subregional Program (MSP) - Bus System Improvement and Highway Demand Based Programs to Active Transportation Program (Attachment B);

3.	Inter-program borrowing and programming of $16,890,775 from subregion’s Measure M MSP - Highway Demand Based Program to to First/Last Mil"
1462,2019-05-15,Planning and Programming Committee,41448,15,14,5776,2019-0222,Program,,,,,0,0,"CONSIDER:

A.	APPROVING:

1.	Programming of $3,958,591 in Measure M Multi-Year Subregional Program (MSP) - Modal Connectivity and Complete Streets Program (Attachment A);

2.	Programming of $10,793,663 in Measure M MSP - Transit Program (Attachment B); 

3.	Inter-program borrowing and programming of $7,131,180 from Subregion’s Measure M MSP - Modal Connectivity and Complete Streets and Transit Programs to Active Transportation Program (Attachment C);

4.	Inter-program borrowing and programming o"
1462,2019-05-15,Planning and Programming Committee,41449,11,10,5773,2019-0219,Motion / Motion Response,,,,,0,0,RECEIVE AND FILE update on the Rio Hondo Confluence Station Feasibility Study.
1462,2019-05-15,Planning and Programming Committee,41450,9,6,5748,2019-0194,Agreement,,,,,0,0,AUTHORIZE the Chief Executive Officer to execute an amendment to the Exclusive Negotiations and Planning Agreement with A Community of Friends to extend the term for an additional 24 months for the joint development of Metro-owned property at 1st and Lorena Street along the Metro Gold Line.
1462,2019-05-15,Planning and Programming Committee,41451,10,9,5745,2019-0191,Motion / Motion Response,,,,,0,0,RECEIVE AND FILE report on potential changes in the California High Speed Rail system.
1462,2019-05-15,Planning and Programming Committee,41452,8,5,5737,2019-0183,Program,,,,,0,0,"CONSIDER: 

A.	AWARDING $1,053,341 to five new Open Streets events scheduled through December 2020 (Attachment B-1);

B.	REPROGRAMMING $242,000 from one cancelled Open Street Cycle Three event, Paramount and Bellflower Open Streets Neighborhood Connectivity Event, towards the next-highest-scored Cycle Three event, Beach Streets Downtown, in accordance with funding policy; and  

C.	RESERVING the remaining $44,347 in Board-awarded Cycle Three and 2020 Mini-cycle funds to be REPROGRAMMED in "
1462,2019-05-15,Planning and Programming Committee,41453,14,13,5315,2018-0584,Contract,,,,,0,0,"AUTHORIZE the Chief Executive Officer to: 

A.	EXECUTE Modification No. 1 to Task Order No. AE115994000 with IBI Group, for the Purple Line Sections 2 and 3 First/Last Mile (FLM) Plan and Guidelines (Project), to: 1) provide additional community engagement for the Purple Line FLM planning, and 2) further the development of the FLM Guidelines, in the amount of $118,512 increasing the task order value from $986,246 to $1,104,758; and

B.	INCREASE Contract Modification Authority (CMA) specific "
1462,2019-05-15,Planning and Programming Committee,41700,,4,,,,,,,,0,0,CONSENT CALENDAR
1462,2019-05-15,Planning and Programming Committee,41701,,8,,,,,,,,0,0,NON-CONSENT
1462,2019-05-15,Planning and Programming Committee,41704,,3,,,,,,,,0,0,"APPROVE Consent Calendar Items: 8, 9"
1462,2019-05-15,Planning and Programming Committee,41716,,7,,,,,,,,0,0,PAGE BREAK
1462,2019-05-15,Planning and Programming Committee,41717,,12,,,,,,,,0,0,PAGE BREAK
1463,2019-05-16,"Operations, Safety, and Customer Experience Committee",41208,,1,,,,,,,,0,0,CALL TO ORDER
1463,2019-05-16,"Operations, Safety, and Customer Experience Committee",41209,,2,,,,,,,,0,0,ROLL CALL
1463,2019-05-16,"Operations, Safety, and Customer Experience Committee",41300,,20,,,,,,,,0,0,"Consideration of items not on the posted agenda, including: items to be presented and (if requested) referred to staff; items to be placed on the agenda for action at a future meeting of the Committee or Board; and/or items requiring immediate action because of an emergency situation or where the need to take immediate action came to the attention of the Committee subsequent to the posting of the agenda."
1463,2019-05-16,"Operations, Safety, and Customer Experience Committee",41301,,21,,,,,,,,0,0,COMMENTS FROM THE PUBLIC ON ITEMS OF PUBLIC INTEREST WITHIN COMMITTEE’S SUBJECT MATTER JURISDICTION
1463,2019-05-16,"Operations, Safety, and Customer Experience Committee",41302,,22,,,,,,,,0,0,Adjournment
1463,2019-05-16,"Operations, Safety, and Customer Experience Committee",41303,,19,5841,2019-0287,Informational Report,,,,,0,0,RECEIVE General Public Comment
1463,2019-05-16,"Operations, Safety, and Customer Experience Committee",41304,25,15,5804,2019-0250,Motion / Motion Response,,,,,0,0,RECEIVE AND FILE report on Bridge Housing on the Division 6 Bus Yard in response to Board Motion 39.
1463,2019-05-16,"Operations, Safety, and Customer Experience Committee",41306,18,6,5795,2019-0241,Informational Report,,,,,0,0,RECEIVE AND FILE status report on the Westlake/ MacArthur Park Community Market Vending Project.
1463,2019-05-16,"Operations, Safety, and Customer Experience Committee",41307,24,14,5786,2019-0232,Informational Report,,,,,0,0,RECEIVE AND FILE Report on Bus Operator Safety Barrier Use and Effectiveness Study.
1463,2019-05-16,"Operations, Safety, and Customer Experience Committee",41308,23,13,5783,2019-0229,Informational Report,,,,,0,0,RECEIVE AND FILE Transit Safety and Security Report.
1463,2019-05-16,"Operations, Safety, and Customer Experience Committee",41309,22,12,5611,2019-0057,Contract,,,,,0,0,"CONSIDER:

A.	AUTHORIZING the Chief Executive Officer (CEO) to solicit a Best Value Request for Proposals (RFPs), as competitive negotiations, pursuant to Public Contract Code (PCC)  §20217 and Metro’s procurement policies and procedures for the midlife modernization of Metro’s P2550 Light Rail Vehicles (LRV’s); and

(REQUIRES 2/3 VOTE OF THE FULL BOARD)

B.	ESTABLISHING a Life of Project budget (LOP) of $160 million for the midlife modernization of Metro’s fifty (50) P2550 LRVs; for CP 21"
1463,2019-05-16,"Operations, Safety, and Customer Experience Committee",41310,17,5,5666,2019-0112,Contract,,,,,0,0,"AUTHORIZE the Chief Executive Officer to execute Modification No. 2 to Contract No. OP43306000 with Ansaldo STS USA, Inc. (Ansaldo STS) in the amount of $996,221, increasing the total contract value from $18,691,449 to $19,687,670, for the fabrication of a train control simulator lab."
1463,2019-05-16,"Operations, Safety, and Customer Experience Committee",41311,,11,,,,,,,,0,0,(ALSO ON EXECUTIVE MANAGEMENT COMMITTEE)
1463,2019-05-16,"Operations, Safety, and Customer Experience Committee",41313,20,9,5699,2019-0145,Oral Report / Presentation,,,,,0,0,RECEIVE oral report on New Blue Update.
1463,2019-05-16,"Operations, Safety, and Customer Experience Committee",41314,19,8,5698,2019-0144,Oral Report / Presentation,,,,,0,0,Operations Employees of the Month
1463,2019-05-16,"Operations, Safety, and Customer Experience Committee",41316,27,17,5809,2019-0255,Informational Report,,,,,0,0,RECEIVE AND FILE Annual Report on the Phased Art Asset Management Program.
1463,2019-05-16,"Operations, Safety, and Customer Experience Committee",41318,26,16,5796,2019-0242,Contract,,,,,0,0,"AUTHORIZE the Chief Executive Officer to execute Contract Modification No. 1 to Contract No. H-705713 with Los Angeles County Department of Health Services to extend the contract for Metro’s C3 (city, county, community) homeless outreach teams for an additional two years at the cost of $4,940,000 annually for a total cost of $9,880,000, inclusive of administrative fees."
1463,2019-05-16,"Operations, Safety, and Customer Experience Committee",41710,,3,,,,,,,,0,0,"APPROVE Consent Calendar Items:  17, 18"
1463,2019-05-16,"Operations, Safety, and Customer Experience Committee",41711,,7,,,,,,,,0,0,NON-CONSENT
1463,2019-05-16,"Operations, Safety, and Customer Experience Committee",41714,,4,,,,,,,,0,0,CONSENT CALENDAR
1463,2019-05-16,"Operations, Safety, and Customer Experience Committee",41779,39,18,5820,2019-0266,Informational Report,,,,,0,0,RECEIVE AND FILE the status report on efforts underway to improve the reliability and accuracy of arrival prediction information and enhance the customer experience on Metro’s Bus and Rail fleet.
1464,2019-05-16,Construction Committee,40865,,1,,,,,,,,0,0,CALL TO ORDER
1464,2019-05-16,Construction Committee,40866,,2,,,,,,,,0,0,ROLL CALL
1464,2019-05-16,Construction Committee,40959,,15,,,,,,,,0,0,"Consideration of items not on the posted agenda, including: items to be presented and (if requested) referred to staff; items to be placed on the agenda for action at a future meeting of the Committee or Board; and/or items requiring immediate action because of an emergency situation or where the need to take immediate action came to the attention of the Committee subsequent to the posting of the agenda."
1464,2019-05-16,Construction Committee,40960,,16,,,,,,,,0,0,COMMENTS FROM THE PUBLIC ON ITEMS OF PUBLIC INTEREST WITHIN COMMITTEE’S SUBJECT MATTER JURISDICTION
1464,2019-05-16,Construction Committee,40961,,17,,,,,,,,0,0,Adjournment
1464,2019-05-16,Construction Committee,40962,33,13,5810,2019-0256,Contract,,,,,0,0,"AUTHORIZE the Chief Executive Officer (CEO) to award Contract C45161C1152 to Tutor Perini/O&G, JV, for the final design and construction of the Westside Purple Line Extension Section 3 Project Stations, Trackwork, Systems and Testing in the amount of $1,363,620,000, pursuant to the Federal Transit Administration (FTA) approved Letter of No Prejudice (LONP) instead of a Full Funding Grant Agreement at this time."
1464,2019-05-16,Construction Committee,40963,32,12,5775,2019-0221,Contract,,,,,0,0,"AUTHORIZE the Chief Executive Officer to: 

A.	EXECUTE Modification No.6 for Contract No. PS298340011486 with Gruen Associates, for design (Phase II) and construction support (Phase III) modifications for Site Work, New Shoofly, Rail Platform Revisions and Design Adjustments in the firm fixed amount of $2,064,031.93 increasing the total contract value from $17,954,941 to $20,018,972.93; and

B.	INCREASE Contract Modification Authority (CMA) specific to Contract No. PS298340011486 with Gruen Asso"
1464,2019-05-16,Construction Committee,40964,29,7,5761,2019-0207,Oral Report / Presentation,,,,,0,0,RECEIVE oral report on the Major Project Status by the Chief Program Management Officer.
1464,2019-05-16,Construction Committee,40965,31,11,5749,2019-0195,Contract,,,,,0,0,"INCREASE the Life of Project Budget for Patsaouras Bus Plaza Station Project (CP Number 202317) by $11,120,000, increasing the Life of Project Budget from $39,793,000 to $50,913,000."
1464,2019-05-16,Construction Committee,40966,30,10,5741,2019-0187,Contract,,,,,0,0,"AUTHORIZE:

A.	an increase to the total funding for Contract PS26331 with MARRS Services, Inc., for pending and future task orders to provide Construction Management Support Services (CMSS) in an amount not to exceed $3,000,000, increasing the total value from $3,000,000 to $6,000,000;

B.	the Chief Executive Officer to exercise the two one-year options in Contract PS26331; and

C.	the Chief Executive Officer to execute individual Task Orders (TOs) and Contract Modifications within the Boa"
1464,2019-05-16,Construction Committee,40967,28,5,5710,2019-0156,Contract,,,,,0,0,"CONSIDER: 

A.	AUTHORIZING the Chief Executive Officer to award a Contract to Merriwether & Williams Insurance Services (MWIS) for a not to exceed amount of $2,197,870 for a three-year Bonding Assistance Program, effective June 1, 2019 to May 31, 2022;

B.	ADOPTING a resolution, Attachment A, authorizing the Chief Executive Officer and other Authorized Officers to continue the $4,000,000 line of credit with Bank of America at a cost of $18,000 per year, for three years and to execute as need"
1464,2019-05-16,Construction Committee,40968,,14,5842,2019-0288,Informational Report,,,,,0,0,RECEIVE General Public Comment
1464,2019-05-16,Construction Committee,41705,,3,,,,,,,,0,0,APPROVE Consent Calendar Item: 28
1464,2019-05-16,Construction Committee,41708,,6,,,,,,,,0,0,NON-CONSENT
1464,2019-05-16,Construction Committee,41709,,4,,,,,,,,0,0,CONSENT CALENDAR
1464,2019-05-16,Construction Committee,41891,40,8,5778,2019-0224,Informational Report,,,,,0,0,RECEIVE AND FILE status report on financial forecast to deliver the Twenty-Eight by ’28 Initiative.
1464,2019-05-16,Construction Committee,41892,,9,,,,,,,,0,0,(ALSO ON EXECUTIVE MANAGEMENT COMMITTEE)
1465,2019-05-16,Executive Management Committee,40970,,1,,,,,,,,0,0,CALL TO ORDER
1465,2019-05-16,Executive Management Committee,40971,,2,,,,,,,,0,0,ROLL CALL
1465,2019-05-16,Executive Management Committee,40972,,11,5843,2019-0289,Informational Report,,,,,0,0,RECEIVE General Public Comment
1465,2019-05-16,Executive Management Committee,41077,,12,,,,,,,,0,0,"Consideration of items not on the posted agenda, including: items to be presented and (if requested) referred to staff; items to be placed on the agenda for action at a future meeting of the Committee or Board; and/or items requiring immediate action because of an emergency situation or where the need to take immediate action came to the attention of the Committee subsequent to the posting of the agenda."
1465,2019-05-16,Executive Management Committee,41078,,13,,,,,,,,0,0,COMMENTS FROM THE PUBLIC ON ITEMS OF PUBLIC INTEREST WITHIN COMMITTEE’S SUBJECT MATTER JURISDICTION
1465,2019-05-16,Executive Management Committee,41079,,14,,,,,,,,0,0,Adjournment
1465,2019-05-16,Executive Management Committee,41081,35,4,5829,2019-0275,Federal Legislation / State Legislation (Position),,,,,0,0,"ADOPT staff recommended positions:

A.	Senate Bill 498 (Hurtado) - Trade Corridors Improvement Fund: Grant Program: Short-Line Railroads OPPOSE

B.	Assembly Constitutional Amendment 1 (Aguiar-Curry) - Local Government Financing: Affordable Housing And Public Infrastructure: Voter Approval SUPPORT"
1465,2019-05-16,Executive Management Committee,41082,34,3,5599,2019-0045,Informational Report,,,,,0,0,RECEIVE AND FILE State and Federal Legislative Report.
1465,2019-05-16,Executive Management Committee,41470,,6,,,,,,,,0,0,"(ALSO ON OPERATIONS, SAFETY AND CUSTOMER EXPERIENCE COMMITTEE)"
1465,2019-05-16,Executive Management Committee,41483,36,7,5803,2019-0249,Oral Report / Presentation,,,,,0,0,RECEIVE oral report on the Status of the MicroTransit Project.
1465,2019-05-16,Executive Management Committee,41893,,10,,,,,,,,0,0,(ALSO ON CONSTRUCTION COMMITTEE)
1465,2019-05-16,Executive Management Committee,41894,40,9,5778,2019-0224,Informational Report,,,,,0,0,RECEIVE AND FILE status report on financial forecast to deliver the Twenty-Eight by ’28 Initiative.
1465,2019-05-16,Executive Management Committee,41897,,8,,,,,,,,0,0,PAGE BREAK
1466,2019-06-19,"Ad Hoc Congestion, Highway and Roads Committee",42161,,1,,,,,,,,0,0,CALL TO ORDER
1466,2019-06-19,"Ad Hoc Congestion, Highway and Roads Committee",42162,,2,,,,,,,,0,0,ROLL CALL
1466,2019-06-19,"Ad Hoc Congestion, Highway and Roads Committee",42163,7,6,5391,2018-0660,Program,,,,,0,0,"CONSIDER:

A.	PROGRAMMING an additional $968,356 for Soundwall Package 10 (Project); and

B.	AUTHORIZING the Chief Executive officer to execute a Funding Agreement with Caltrans to add $968,356 to Soundwall Package 10 to cover the Supplemental NBSSRs, PS&E and Right of Way expenses for the Project to date."
1466,2019-06-19,"Ad Hoc Congestion, Highway and Roads Committee",42227,,9,,,,,,,,0,0,"Consideration of items not on the posted agenda, including: items to be presented and (if requested) referred to staff; items to be placed on the agenda for action at a future meeting of the Committee or Board; and/or items requiring immediate action because of an emergency situation or where the need to take immediate action came to the attention of the Committee subsequent to the posting of the agenda."
1466,2019-06-19,"Ad Hoc Congestion, Highway and Roads Committee",42228,,10,,,,,,,,0,0,COMMENTS FROM THE PUBLIC ON ITEMS OF PUBLIC INTEREST WITHIN COMMITTEE’S SUBJECT MATTER JURISDICTION
1466,2019-06-19,"Ad Hoc Congestion, Highway and Roads Committee",42229,,11,,,,,,,,0,0,Adjournment
1466,2019-06-19,"Ad Hoc Congestion, Highway and Roads Committee",42230,8,7,5798,2019-0244,Program,,,,,0,0,"APPROVE $3,000,000 in programming for Phase I, Priority 2, Soundwall Packages 12, 13 and 14 Project Initiation/Project Approval Documents."
1466,2019-06-19,"Ad Hoc Congestion, Highway and Roads Committee",42235,5,3,5821,2019-0267,Oral Report / Presentation,,,,,0,0,RECEIVE oral update on Road Movable Barriers System Motion.
1466,2019-06-19,"Ad Hoc Congestion, Highway and Roads Committee",42865,,8,6021,2019-0467,Informational Report,,,,,0,0,RECEIVE General Public Comment
1466,2019-06-19,"Ad Hoc Congestion, Highway and Roads Committee",42886,6,4,5624,2019-0070,Program,,,,,0,0,"CONSIDER:

A.	APPROVING $8,384,000 dollars of additional programming within the capacity of the Measure R Highway Subregional Programs and funding changes via the updated project list as shown in Attachment A for:

·	Highway Operational Improvements in Arroyo Verdugo
·	Highway Operational Improvement in Las Virgenes Malibu
·	I-405, I-110, I-105 and SR-91 Ramp and Interchange Improvements (South Bay)
·	I-605 Corridor “Hot Spots” Interchange Improvements in Gateway Cities
·	I-710 South and"
1466,2019-06-19,"Ad Hoc Congestion, Highway and Roads Committee",42887,,5,,,,,,,,0,0,PAGE BREAK
1467,2019-06-19,"Finance, Budget and Audit Committee",42461,,1,,,,,,,,0,0,CALL TO ORDER
1467,2019-06-19,"Finance, Budget and Audit Committee",42462,,2,,,,,,,,0,0,ROLL CALL
1467,2019-06-19,"Finance, Budget and Audit Committee",42463,9,3,5980,2019-0426,Informational Report,,,,,0,0,"RECEIVE AND FILE the:

A.	FY 2016-2018 Triennial Performance Review of Los Angeles County Transit Operators and Metro Operations; and

B.	FY 2016-2018 Triennial Performance Review of the Los Angeles County Metropolitan Transportation Authority (Metro) as the Regional Transportation Agency (RTPA)."
1467,2019-06-19,"Finance, Budget and Audit Committee",42574,,14,,,,,,,,0,0,"Consideration of items not on the posted agenda, including: items to be presented and (if requested) referred to staff; items to be placed on the agenda for action at a future meeting of the Committee or Board; and/or items requiring immediate action because of an emergency situation or where the need to take immediate action came to the attention of the Committee subsequent to the posting of the agenda."
1467,2019-06-19,"Finance, Budget and Audit Committee",42575,,15,,,,,,,,0,0,COMMENTS FROM THE PUBLIC ON ITEMS OF PUBLIC INTEREST WITHIN COMMITTEE’S SUBJECT MATTER JURISDICTION
1467,2019-06-19,"Finance, Budget and Audit Committee",42576,,16,,,,,,,,0,0,Adjournment
1467,2019-06-19,"Finance, Budget and Audit Committee",42577,17,12,5977,2019-0423,Budget,,,,,0,0,"CONSIDER:

A.	APPROVING local and federal funding request for Access Services (Access) in an amount not to exceed $103,425,544 for FY20. This amount includes:

·	Local funds for operating and capital expenses in the amount of $97,870,848;

·	Local funds paid directly to Metrolink for its participation in Access’ Free Fare Program in the amount of $2,266,696;

·	Programming of Federal Surface Transportation Block Grant (STBG) Program funds for operating expenses in the amount of $3,288,00"
1467,2019-06-19,"Finance, Budget and Audit Committee",42578,16,10,5940,2019-0386,Project,,,,,0,0,"ADOPT:

A.	Findings and Recommendations (Attachment A) for allocating fiscal year (FY) 2019-20 Transportation Development Act (TDA) Article 8 funds estimated at $28,747,096 as follows:

1.	In the City of Avalon, there are no unmet transit needs that are reasonable to meet, therefore TDA Article 8 funds (Attachment B) in the amount of $164,382 may be used for street and road projects, or transit projects, as described in Attachment A;

2.	In the Cities of Lancaster and Palmdale, there are n"
1467,2019-06-19,"Finance, Budget and Audit Committee",42579,15,9,5920,2019-0366,Formula Allocation / Local Return,,,,,0,0,"AUTHORIZE the Chief Executive Officer to negotiate and execute all necessary agreements between Los Angeles County Metropolitan Transportation Authority (LACMTA) and the Cities for their Capital Reserve Account as approved; and:

A.	ESTABLISH Proposition C Local Return funded Capital Reserve Account for the Cities of Bell, El Monte, and South Gate; and

B.	ESTABLISH Measure R Local Return funded Capital Reserve Account for the Cities of El Monte and Glendale."
1467,2019-06-19,"Finance, Budget and Audit Committee",42580,11,5,5847,2019-0293,Contract,,,,,0,0,"AUTHORIZE the Chief Executive Officer to: 

A.	INCREASE authorized funding in the amount of $13 million for the Information Technology Services Bench (IT Bench) to perform information technology support services on an as-needed task order basis with multiple approved firms (see Attachment C) increasing the cumulative total authorized funding from $17 million to $30 million; and

B.	AWARD and EXECUTE task orders for a not to exceed amount of $30 million."
1467,2019-06-19,"Finance, Budget and Audit Committee",42581,12,6,5808,2019-0254,Plan,,,,,0,0,ADOPT the FY20 Proposed Audit Plan.
1467,2019-06-19,"Finance, Budget and Audit Committee",42582,10,4,5800,2019-0246,Program,,,,,0,0,"AUTHORIZE the Chief Executive Officer (CEO) to sign the Petition to establish the Highland Park Business Improvement District (BID) for a period of five years commencing January 1, 2020 through December 31, 2024, for an estimated amount not to exceed $9,239 over the life of the BID renewal."
1467,2019-06-19,"Finance, Budget and Audit Committee",42583,14,8,5797,2019-0243,Budget,,,,,0,0,"CONSIDER:

A.	APPROVING $2.4 billion in FY20 Transit Fund Allocations for Los Angeles County jurisdictions, transit operators and Metro operations as shown in Attachment A. These allocations comply with federal, state and local regulations and LACMTA Board approved policies and guidelines;

B.	APPROVING fund exchange of Federal Section 5307 discretionary fund awarded to the Southern California Regional Transit Training Consortium (SCRTTC) through Long Beach Transit in the amount of $300,000 "
1467,2019-06-19,"Finance, Budget and Audit Committee",42584,13,7,5736,2019-0182,Program,,,,,0,0,"AUTHORIZE the Chief Executive Officer to negotiate and purchase Public Entity excess liability policies with up to $300 million in limits with an $8 million self-insured retention at a cost not to exceed $6.9 million for the 12-month period effective August 1, 2019 to August 1, 2020."
1467,2019-06-19,"Finance, Budget and Audit Committee",42866,,13,6022,2019-0468,Informational Report,,,,,0,0,RECEIVE General Public Comment
1467,2019-06-19,"Finance, Budget and Audit Committee",42888,,11,,,,,,,,0,0,PAGE BREAK 
1468,2019-06-19,Planning and Programming Committee,42700,,1,,,,,,,,0,0,CALL TO ORDER
1468,2019-06-19,Planning and Programming Committee,42701,,2,,,,,,,,0,0,ROLL CALL
1468,2019-06-19,Planning and Programming Committee,42702,21,6,6002,2019-0448,Motion / Motion Response,,,,,0,0,RECEIVE AND FILE response to Motion 36 to report back in 90 days on Regional Commuter Tax Benefit Ordinance.
1468,2019-06-19,Planning and Programming Committee,42837,,18,,,,,,,,0,0,"Consideration of items not on the posted agenda, including: items to be presented and (if requested) referred to staff; items to be placed on the agenda for action at a future meeting of the Committee or Board; and/or items requiring immediate action because of an emergency situation or where the need to take immediate action came to the attention of the Committee subsequent to the posting of the agenda."
1468,2019-06-19,Planning and Programming Committee,42838,,19,,,,,,,,0,0,COMMENTS FROM THE PUBLIC ON ITEMS OF PUBLIC INTEREST WITHIN COMMITTEE’S SUBJECT MATTER JURISDICTION
1468,2019-06-19,Planning and Programming Committee,42839,,20,,,,,,,,0,0,Adjournment
1468,2019-06-19,Planning and Programming Committee,42840,28,15,5984,2019-0430,Agreement,,,,,0,0,"CONSIDER:

A.	DETERMINING that the Lone Hill to White Double Track Project is Statutorily Exempt, pursuant to California Environmental Quality Act Guidelines Section 15275 (a) and (b); and,

B.	DIRECTING staff to file a CEQA Notice of Exemption for the LHW Double Track Project with the Los Angeles County Clerk."
1468,2019-06-19,Planning and Programming Committee,42841,27,14,5978,2019-0424,Agreement,,,,,0,0,"APPROVE the amendment of the repayment schedule of federal Surface Transportation Program-Local (STP-L) funds with non-federal funds in the Exchange Agreement between the County of Los Angeles (County) and the Los Angeles County Metropolitan Transportation Authority (Metro) for the State Route 126/Commerce Center Drive Interchange Project, as shown in Attachment A."
1468,2019-06-19,Planning and Programming Committee,42842,26,13,5974,2019-0420,Project,,,,,0,0,"CONSIDER:

A.	CERTIFYING the Final Environmental Impact Report (FEIR);

B.	AUTHORIZING the Chief Executive Officer (CEO) to file a Notice of Determination with the Los Angeles County Clerk and the State of California Clearinghouse;

C.	ADOPTING the:

1.	Findings of Fact and Statement of Overriding Considerations in accordance with the California Environmental Quality Act (CEQA) and

2.	Mitigation Monitoring and Reporting Plan (MMRP)."
1468,2019-06-19,Planning and Programming Committee,42843,25,12,5846,2019-0292,Project,,,,,0,0,"CONSIDER:

A.	RECEIVING AND FILING the North San Fernando Valley BRT Corridor Alternatives Analysis Study Report; and 

B.	AUTHORIZING the CEO to initiate the Environmental Study based on the recommended project with design variations."
1468,2019-06-19,Planning and Programming Committee,42844,20,5,5802,2019-0248,Oral Report / Presentation,,,,,0,0,RECEIVE oral report on the Los Angeles County Goods Movement Strategic Plan.
1468,2019-06-19,Planning and Programming Committee,42845,19,4,5801,2019-0247,Informational Report,,,,,0,0,RECEIVE AND FILE the Quarterly Status Dashboard of Countywide Planning and Development (CPD) Department's Strategic Projects and Programs.
1468,2019-06-19,Planning and Programming Committee,42846,24,10,5724,2019-0170,Plan,,,,,0,0,"CONSIDER:

A.	ADOPTING Aviation/96th St. Station First/Last Mile Plan;

B.	ADOPTING Gold Line Foothill Extension 2B First/Last Mile Plan; and

C.	DIRECTING staff to return to the Board with implementation recommendations following completion of the First/Last Mile Guidelines in fall 2019."
1468,2019-06-19,Planning and Programming Committee,42847,23,9,5677,2019-0123,Plan,,,,,0,0,ADOPT Development Guidelines (Attachment A) for the joint development of 3.12 acres of Metro-owned property at the Division 6 site located in the Venice community.
1468,2019-06-19,Planning and Programming Committee,42848,18,3,5550,2018-0819,Plan,,,,,0,0,"RECEIVE AND FILE status report on the Long Range Transportation Plan (LRTP) Update, including the following informational items:

A.	Draft Baseline Understanding Framework; and

B.	Draft Values Framework."
1468,2019-06-19,Planning and Programming Committee,42849,22,8,5505,2018-0774,Plan,,,,,0,0,ADOPT the Transit to Parks Strategic Plan.
1468,2019-06-19,Planning and Programming Committee,42867,,17,6023,2019-0469,Informational Report,,,,,0,0,RECEIVE General Public Comment
1468,2019-06-19,Planning and Programming Committee,42882,,7,,,,,,,,0,0,PAGE BREAK
1468,2019-06-19,Planning and Programming Committee,42883,,11,,,,,,,,0,0,PAGE BREAK
1468,2019-06-19,Planning and Programming Committee,42902,,16,,,,,,,,0,0,PAGE BREAK
1469,2019-06-20,"Operations, Safety, and Customer Experience Committee",42585,,1,,,,,,,,0,0,CALL TO ORDER
1469,2019-06-20,"Operations, Safety, and Customer Experience Committee",42586,,2,,,,,,,,0,0,ROLL CALL
1469,2019-06-20,"Operations, Safety, and Customer Experience Committee",42587,35,10,5971,2019-0417,Informational Report,,,,,0,0,RECEIVE AND FILE Transit Safety and Security Report.
1469,2019-06-20,"Operations, Safety, and Customer Experience Committee",42691,,13,,,,,,,,0,0,"Consideration of items not on the posted agenda, including: items to be presented and (if requested) referred to staff; items to be placed on the agenda for action at a future meeting of the Committee or Board; and/or items requiring immediate action because of an emergency situation or where the need to take immediate action came to the attention of the Committee subsequent to the posting of the agenda."
1469,2019-06-20,"Operations, Safety, and Customer Experience Committee",42692,,14,,,,,,,,0,0,COMMENTS FROM THE PUBLIC ON ITEMS OF PUBLIC INTEREST WITHIN COMMITTEE’S SUBJECT MATTER JURISDICTION
1469,2019-06-20,"Operations, Safety, and Customer Experience Committee",42693,,15,,,,,,,,0,0,Adjournment
1469,2019-06-20,"Operations, Safety, and Customer Experience Committee",42694,31,5,5822,2019-0268,Informational Report,,,,,0,0,APPROVE Nominees for membership on Metro’s Service Councils.
1469,2019-06-20,"Operations, Safety, and Customer Experience Committee",42695,34,9,5816,2019-0262,Contract,,,,,0,0,"AUTHORIZE the Chief Executive Officer to:

A.	EXECUTE Modification No. 5 to Contract No. OP3569100, for Region 1 with Woods Maintenance Services, Inc., to provide graffiti abatement, landscape and irrigation maintenance, and trash and vegetation removal services throughout Metro Red Line (MRL), Metro Purple Line, Metro Orange Line (MOL), inactive rights-of-way (IROWs) and various bus and rail locations within the geographical area specified as Region 1, to exercise option year two in the amoun"
1469,2019-06-20,"Operations, Safety, and Customer Experience Committee",42696,32,6,5789,2019-0235,Contract,,,,,0,0,"AUTHORIZE the Chief Executive Officer to execute Contract Modification No. 7 to Contract No. VM67502000, Engine Oil, with Rosemead Oil Products, Incorporated to provide engine oil for Metro’s bus fleet, in the amount of $252,000, increasing the total Contract value from $1,789,600 to $2,041,600."
1469,2019-06-20,"Operations, Safety, and Customer Experience Committee",42697,33,8,5706,2019-0152,Contract,,,,,0,0,"AUTHORIZE the Chief Executive Officer to execute Contract Modification No. 4 for consultant Technical and Program Management Support Services for the A650 Heavy Rail Vehicle Modernization and Critical Component Replacement Program (MCCRP), Contract No. OP30433488, with LTK Engineering Services, extending the contract for a period of performance by ten (10) months in the not-to-exceed amount of $993,693 for a new total contract value of $5,488,530."
1469,2019-06-20,"Operations, Safety, and Customer Experience Committee",42698,30,4,5701,2019-0147,Oral Report / Presentation,,,,,0,0,RECEIVE oral report on New Blue Phase 2 Service Update.
1469,2019-06-20,"Operations, Safety, and Customer Experience Committee",42699,29,3,5700,2019-0146,Oral Report / Presentation,,,,,0,0,Operations Employees of the Month
1469,2019-06-20,"Operations, Safety, and Customer Experience Committee",42868,,12,6024,2019-0470,Informational Report,,,,,0,0,RECEIVE General Public Comment
1469,2019-06-20,"Operations, Safety, and Customer Experience Committee",42900,,7,,,,,,,,0,0,PAGE BREAK
1469,2019-06-20,"Operations, Safety, and Customer Experience Committee",42901,,11,,,,,,,,0,0,PAGE BREAK
1470,2019-06-20,Construction Committee,42236,,1,,,,,,,,0,0,CALL TO ORDER
1470,2019-06-20,Construction Committee,42237,,2,,,,,,,,0,0,ROLL CALL
1470,2019-06-20,Construction Committee,42238,39,7,5951,2019-0397,Program,,,,,0,0,AUTHORIZE the implementation of an enterprise-wide Metro Sustainable Acquisition Program.
1470,2019-06-20,Construction Committee,42339,,9,,,,,,,,0,0,"Consideration of items not on the posted agenda, including: items to be presented and (if requested) referred to staff; items to be placed on the agenda for action at a future meeting of the Committee or Board; and/or items requiring immediate action because of an emergency situation or where the need to take immediate action came to the attention of the Committee subsequent to the posting of the agenda."
1470,2019-06-20,Construction Committee,42340,,10,,,,,,,,0,0,COMMENTS FROM THE PUBLIC ON ITEMS OF PUBLIC INTEREST WITHIN COMMITTEE’S SUBJECT MATTER JURISDICTION
1470,2019-06-20,Construction Committee,42341,,11,,,,,,,,0,0,Adjournment
1470,2019-06-20,Construction Committee,42342,38,6,5934,2019-0380,Contract,,,,,0,0,"AUTHORIZE the Chief Executive Officer to:

A.	EXECUTE Modification No. 3 to Contract No. PS2890900 with Del Richardson & Associates, Inc. (DRA) for professional services to support the ongoing implementation of the Metro Pilot Crenshaw/LAX Transit Project Business Solution Center (BSC) in an amount not to exceed $582,117, increasing the total contract value from $949,008 to $1,531,125 and extending the period of performance for up to two years; and

B.	RECEIVE AND FILE the status report of the C"
1470,2019-06-20,Construction Committee,42343,36,3,5916,2019-0362,Oral Report / Presentation,,,,,0,0,RECEIVE oral report on the Major Project Status by the Chief Program Management Officer.
1470,2019-06-20,Construction Committee,42344,37,4,5618,2019-0064,Contract,,,,,0,0,"CONSIDER:

A.	AUTHORIZING the Chief Executive Officer to execute a seven-year firm fixed price Contract No. AE133246000, with Alta Vista Solutions for the inspection of Metro structures including light rail, roadway, bikeway, and busway bridges, elevated stations, subway tunnels, and retaining walls comprising a base term of five years in the amount of $6,248,047; two, one-year options in the amount of $665,174 for option year one and $1,318,399 for option year two, and $130,223 for an additio"
1470,2019-06-20,Construction Committee,42869,,8,6025,2019-0471,Informational Report,,,,,0,0,RECEIVE General Public Comment
1470,2019-06-20,Construction Committee,42885,,5,,,,,,,,0,0,PAGE BREAK
1471,2019-06-20,Executive Management Committee,42345,,1,,,,,,,,0,0,CALL TO ORDER
1471,2019-06-20,Executive Management Committee,42346,,2,,,,,,,,0,0,ROLL CALL
1471,2019-06-20,Executive Management Committee,42347,41,7,6009,2019-0455,Federal Legislation / State Legislation (Position),,,,,0,0,"ADOPT staff recommended position:

A.	Assembly Bill 1112 (Friedman) - Shared mobility devices: local regulation. OPPOSE UNLESS AMENDED"
1471,2019-06-20,Executive Management Committee,42454,42,8,6011,2019-0457,Federal Legislation / State Legislation (Position),,,,,0,0,"ADOPT staff recommended position:

A.	Senate Bill 846 (Cornyn) / House Resolution 2739 (Rouda) - Federal Funding Prohibition on State-Owned Rolling Stock Firms Based in China WORK WITH AUTHOR"
1471,2019-06-20,Executive Management Committee,42456,,12,,,,,,,,0,0,"Consideration of items not on the posted agenda, including: items to be presented and (if requested) referred to staff; items to be placed on the agenda for action at a future meeting of the Committee or Board; and/or items requiring immediate action because of an emergency situation or where the need to take immediate action came to the attention of the Committee subsequent to the posting of the agenda."
1471,2019-06-20,Executive Management Committee,42457,,13,,,,,,,,0,0,COMMENTS FROM THE PUBLIC ON ITEMS OF PUBLIC INTEREST WITHIN COMMITTEE’S SUBJECT MATTER JURISDICTION
1471,2019-06-20,Executive Management Committee,42458,,14,,,,,,,,0,0,Adjournment
1471,2019-06-20,Executive Management Committee,42459,43,10,5925,2019-0371,Oral Report / Presentation,,,,,0,0,RECEIVE the Chief Communications Officer FY19 Year-End Report.
1471,2019-06-20,Executive Management Committee,42460,40,6,5600,2019-0046,Informational Report,,,,,0,0,RECEIVE AND FILE State and Federal Legislative Report.
1471,2019-06-20,Executive Management Committee,42870,,11,6026,2019-0472,Informational Report,,,,,0,0,RECEIVE General Public Comment
1471,2019-06-20,Executive Management Committee,42896,44,4,6053,2019-0499,Informational Report,,,,,0,0,"A.	Personnel Matters - G.C. 54957

Public Employment
Title: Chief Ethics Officer"
1471,2019-06-20,Executive Management Committee,42897,,3,,,,,,,,0,0,RECESS TO CLOSED SESSION AT 10:00 A.M.
1471,2019-06-20,Executive Management Committee,42898,,5,,,,,,,,0,0,RECONVENE OPEN SESSION AT 11:30 A.M.
1471,2019-06-20,Executive Management Committee,42899,,9,,,,,,,,0,0,PAGE BREAK
1472,2019-01-24,Board of Directors - Regular Board Meeting,37834,,1,,,,,,,,0,0,CALL TO ORDER
1472,2019-01-24,Board of Directors - Regular Board Meeting,37835,,2,,,,,,,,0,0,ROLL CALL
1472,2019-01-24,Board of Directors - Regular Board Meeting,37836,1,3,,,,,,,,0,0,"APPROVE Consent Calendar Items: 2, 9, 11, 13, 15, 18, 19, 20, 21, 22, 23, 30, 34, 36, 36.1, 41, and 42.

Consent Calendar items are approved by one motion unless held by a Director for discussion and/or separate action.
"
1472,2019-01-24,Board of Directors - Regular Board Meeting,37837,,4,,,,,,,,0,0,CONSENT CALENDAR
1472,2019-01-24,Board of Directors - Regular Board Meeting,37840,,39,,,,,,,,0,0,NON-CONSENT
1472,2019-01-24,Board of Directors - Regular Board Meeting,37841,,49,,,,,,,,0,0,END OF NON-CONSENT ITEMS
1472,2019-01-24,Board of Directors - Regular Board Meeting,37842,44,50,5572,2019-0018,Informational Report,,,,,0,0,"A.	Conference with Legal Counsel - Existing Litigation - G.C. 54956.9(d)(1)
City of Beverly Hills v. LACMTA, USDC Case No. CV-18-3891-GW(SSx)

B.	Conference with Real Property Negotiator - G.C. 54956.8 
1.	Property Description:  2040 Century Park East, Los Angeles 
Agency Negotiator:  Velma C. Marshall 
Negotiating Party:  CC Site One, LLC 
Under Negotiation:  Price and Terms

2.	Property Description:  6010-6016 Wilshire Boulevard, Los Angeles 
Agency Negotiator:  Velma C. Marshall 
N"
1472,2019-01-24,Board of Directors - Regular Board Meeting,37870,,51,5547,2018-0816,Informational Report,,,,,0,0,RECEIVE General Public Comment
1472,2019-01-24,Board of Directors - Regular Board Meeting,37871,,52,,,,,,,,0,0,"Consideration of items not on the posted agenda, including: items to be presented and (if requested) referred to staff; items to be placed on the agenda for action at a future meeting of the Committee or Board; and/or items requiring immediate action because of an emergency situation or where the need to take immediate action came to the attention of the Committee subsequent to the posting of the agenda."
1472,2019-01-24,Board of Directors - Regular Board Meeting,37872,,53,,,,,,,,0,0,COMMENTS FROM THE PUBLIC ON ITEMS OF PUBLIC INTEREST WITHIN COMMITTEE’S SUBJECT MATTER JURISDICTION
1472,2019-01-24,Board of Directors - Regular Board Meeting,37873,,54,,,,,,,,0,0,Adjournment
1472,2019-01-24,Board of Directors - Regular Board Meeting,37874,4,41,5546,2018-0815,Informational Report,,,,,0,0,RECEIVE report by the Chief Executive Officer.
1472,2019-01-24,Board of Directors - Regular Board Meeting,37875,3,40,5544,2018-0813,Informational Report,,,,,0,0,RECEIVE remarks by the Chair.
1472,2019-01-24,Board of Directors - Regular Board Meeting,38011,6,42,5383,2018-0652,Motion / Motion Response,,,,,0,0,RECEIVE oral report by Caltrans in response to the Road Movable Barriers System Motion from June 2018.
1472,2019-01-24,Board of Directors - Regular Board Meeting,38012,8,43,5293,2018-0562,Motion / Motion Response,,,,,0,0,AUTHORIZE the development of an implementation plan for the I-10 ExpressLanes Pilot Program.
1472,2019-01-24,Board of Directors - Regular Board Meeting,38013,9,7,5275,2018-0544,Contract,,,,,0,0,"AUTHORIZE the Chief Executive Officer to award firm fixed price Contract No. PS51236000 to Faneuil, Inc. to provide the personnel, services, and expertise to operate the Metro ExpressLanes Customer Service Centers for an eight-year base period, with three, two year options, in the amount of $83,022,159 for the base period and $86,352,515 for all option years exercised, for a total of $169,374,674, subject to resolution of protest(s), if any."
1472,2019-01-24,Board of Directors - Regular Board Meeting,38014,2,5,5515,2018-0784,Minutes,,,,,0,0,"APPROVE Minutes of the Regular Board Meeting held December 6, 2018."
1472,2019-01-24,Board of Directors - Regular Board Meeting,38015,,6,,,,,,,,0,0,"AD HOC CONGESTION, HIGHWAY AND ROADS COMMITTEE MADE THE FOLLOWING RECOMMENDATION  (4-0-1): "
1472,2019-01-24,Board of Directors - Regular Board Meeting,38016,10,44,5434,2018-0703,Motion / Motion Response,,,,,0,0,APPROVING a one-year pilot of the “Pay-as-You-Use” model.
1472,2019-01-24,Board of Directors - Regular Board Meeting,38017,11,9,5455,2018-0724,Agreement,,,,,0,0,"AUTHORIZE the Chief Executive Officer (CEO) to execute a five (5)-year license agreement commencing November 1, 2018 with Southern California Edison (“Licensor”) for the Blue Line Storage Yard located next to Division 11 in Long Beach at a rate of $117,848.33 annually with escalations of three percent (3%) annually for a total license value of $625,673 over the term."
1472,2019-01-24,Board of Directors - Regular Board Meeting,38018,,8,,,,,,,,0,0,"FINANCE, BUDGET AND AUDIT COMMITTEE MADE THE FOLLOWING RECOMMENDATION  (4-0-1): "
1472,2019-01-24,Board of Directors - Regular Board Meeting,38019,,10,,,,,,,,0,0,"FINANCE, BUDGET AND AUDIT COMMITTEE MADE THE FOLLOWING RECOMMENDATION  (6-0): "
1472,2019-01-24,Board of Directors - Regular Board Meeting,38020,13,11,5437,2018-0706,Program,,,,,0,0,"CONSIDER:

A.	AUTHORIZING the extension and execution of Memorandums of Understanding (MOU) by the Chief Executive Officer for Low Income Fare is Easy (LIFE) and Immediate Needs Transportation Programs (INTP) including transportation and administration for a period of six months beginning July 1, 2019 through December 31, 2019; 

B.	AMENDING the Fiscal Year (FY) 2019 Budget by $400,000 to increase the LIFE program from $14.1M to $14.5M due to Federal Transit Administration Section 5316 Job Acces"
1472,2019-01-24,Board of Directors - Regular Board Meeting,38021,,45,,,,,,,,0,0,"FINANCE, BUDGET AND AUDIT COMMITTEE MADE THE FOLLOWING RECOMMENDATION  (3-0-3): "
1472,2019-01-24,Board of Directors - Regular Board Meeting,38022,14,46,5484,2018-0753,Program,,,,,0,0,"CONSIDER:

A.	AUTHORIZING the Chief Executive Officer to renew and/or replace the direct-pay letters of credit (“LOC”) and direct purchase revolving credit facility (“RCF”) to be provided by the banks described below, finalize negotiations with the recommended banks and enter into reimbursement/credit agreements and related documents associated with such LOCs and RCF;

1.	Replace the LOCs currently being provided by Sumitomo Mitsui Banking Corporation (“Sumitomo”) and MUFG Union Bank, N.A. ("
1472,2019-01-24,Board of Directors - Regular Board Meeting,38023,,12,,,,,,,,0,0,PLANNING AND PROGRAMMING COMMITTEE MADE THE FOLLOWING RECOMMENDATION  (3-0-1): 
1472,2019-01-24,Board of Directors - Regular Board Meeting,38024,15,13,3987,2017-0177,Program,,,,,0,0,"AUTHORIZE the Chief Executive Officer to execute Modification No. 4 to Contract No. PS2415-34120 with STV, Inc. for the Brighton to Roxford Double Tracking (B2R) Project in the amount of $2,203,529, increasing the total contract value from $12,633,429 to $14,836,958."
1472,2019-01-24,Board of Directors - Regular Board Meeting,38025,16,15,5353,2018-0622,Informational Report,,,,,0,0,"WITHDRAWN:  RECEIVE AND FILE status report on the Long Range Transportation Plan (LRTP) Update, including the following informational items:

A.	Public Engagement Summary Report (Phase 1); and

B.	Draft Mobility Plan to Access Opportunity Framework."
1472,2019-01-24,Board of Directors - Regular Board Meeting,38026,,14,,,,,,,,0,0,PLANNING AND PROGRAMMING COMMITTEE MADE THE FOLLOWING RECOMMENDATION  (4-0): 
1472,2019-01-24,Board of Directors - Regular Board Meeting,38027,19,19,5498,2018-0767,Program,,,,,0,0,"CONSIDER:

A.	APPROVING: 

1.	programming of $22,045,893 in Measure M Multi-Year Subregional Program (MSP) - Active Transportation/Transit/Tech Program (Attachment A);

2.	programming of $18,824,581 in Measure M MSP Highway Efficiency Program (Attachment B); and

B.	AUTHORIZING the CEO or his designee to negotiate and execute all necessary agreements for approved projects."
1472,2019-01-24,Board of Directors - Regular Board Meeting,38028,,18,,,,,,,,0,0,PLANNING AND PROGRAMMING COMMITTEE MADE THE FOLLOWING RECOMMENDATION  (4-0): 
1472,2019-01-24,Board of Directors - Regular Board Meeting,38029,18,17,5467,2018-0736,Program,,,,,0,0,"CONSIDER:

A.	AUTHORIZING the Metro Open Streets Grant Program FY 2020 Mini-cycle Application and Guidelines (Attachment B); and

B.	REPROGRAMMING $252,688 in unutilized Cycle Two funds towards the FY 2020 Mini-cycle; and to fully fund Cycle Three awarded events in El Monte and Paramount."
1472,2019-01-24,Board of Directors - Regular Board Meeting,38030,,16,,,,,,,,0,0,PLANNING AND PROGRAMMING COMMITTEE MADE THE FOLLOWING RECOMMENDATION  (4-0): 
1472,2019-01-24,Board of Directors - Regular Board Meeting,38031,20,21,5352,2018-0621,Appointment,,,,,0,0,APPROVE Mr. Danny Hom for membership on Metro’s Gateway Cities Service Council.
1472,2019-01-24,Board of Directors - Regular Board Meeting,38032,,20,,,,,,,,0,0,"OPERATIONS, SAFETY, AND CUSTOMER EXPERIENCE COMMITTEE MADE THE FOLLOWING RECOMMENDATION  (4-0): "
1472,2019-01-24,Board of Directors - Regular Board Meeting,38033,,22,,,,,,,,0,0,"OPERATIONS, SAFETY, AND CUSTOMER EXPERIENCE COMMITTEE MADE THE FOLLOWING RECOMMENDATION  (4-0): "
1472,2019-01-24,Board of Directors - Regular Board Meeting,38034,21,23,5454,2018-0723,Contract,,,,,0,0,"AUTHORIZE the Chief Executive Officer to award a two year, Indefinite Delivery, Indefinite Quantity Contract No. MA56400000 to Cummins Incorporated, the lowest responsive and responsible bidder for Three-Way Muffler Catalysts.  The award is for a Base year not-to-exceed of $607,663 inclusive of sales tax, and a one year Option for a not-to-exceed amount of $622,855, inclusive of sales tax for a total not-to-exceed contract value of $1,230,518, subject to resolution of protest(s), if any."
1472,2019-01-24,Board of Directors - Regular Board Meeting,38035,23,27,5479,2018-0748,Contract,,,,,0,0,"AUTHORIZE the Chief Executive Officer to execute a four-year, three month amendment to the existing lease agreement with Andy Azad 2002 Irrevocable Trust (“Landlord”) for the use of 44,964 rentable square feet (“RSF”) of warehouse space located at 2950 East Vernon Ave, Vernon, commencing May 1, 2019 at a monthly rate of $40,017.96 for the total value of $2,189,247 including annual escalations of three percent."
1472,2019-01-24,Board of Directors - Regular Board Meeting,38036,22,25,5470,2018-0739,Contract,,,,,0,0,"APPROVE an increase to the Life-of-Project (LOP) budget for the bus facilities fire alarm control panel replacement project (CP 202333) by $1,850,000, increasing the LOP budget from $1,624,300 to $3,474,300, which will enable staff to re-solicit and award a contract to the lowest responsible bidder for the bus facilities fire alarm control panel replacement project."
1472,2019-01-24,Board of Directors - Regular Board Meeting,38037,,24,,,,,,,,0,0,"OPERATIONS, SAFETY, AND CUSTOMER EXPERIENCE COMMITTEE MADE THE FOLLOWING RECOMMENDATION  (4-0): "
1472,2019-01-24,Board of Directors - Regular Board Meeting,38038,,26,,,,,,,,0,0,"OPERATIONS, SAFETY, AND CUSTOMER EXPERIENCE COMMITTEE MADE THE FOLLOWING RECOMMENDATION  (4-0): "
1472,2019-01-24,Board of Directors - Regular Board Meeting,38039,30,29,5401,2018-0670,Contract,,,,,0,0,"CONSIDER:

A.	AUTHORIZING the Chief Executive Officer to increase the Life-of-Project (LOP) budget to Contract No. A650-2015, for the Heavy Rail Vehicle Overhaul and Critical Component Replacement Program (OCCRP), by $12,399,908 increasing the total Life-of-Project (LOP) budget from $86,662,000 to $99,061,908 as funded per attachment C; and

B.	APPROVING Modification No. 3 to Contract A650-2015, with Talgo Inc., for the design and installation of the Train-To-Wayside Communication (TWC) Syst"
1472,2019-01-24,Board of Directors - Regular Board Meeting,38040,,28,,,,,,,,0,0,"OPERATIONS, SAFETY, AND CUSTOMER EXPERIENCE COMMITTEE MADE THE FOLLOWING RECOMMENDATION  (3-0): "
1472,2019-01-24,Board of Directors - Regular Board Meeting,38041,40,47,5468,2018-0737,Informational Report,,,,,0,0,RECEIVE AND FILE an update on Metro’s Photo Enforcement Program.
1472,2019-01-24,Board of Directors - Regular Board Meeting,38042,34,31,5520,2018-0789,Motion / Motion Response,,,,,0,0,"DIRECT the Chief Executive Officer to pursue finalize negotiations with the Gold Line Authority to ensure the extension of the Foothill Alignment to Pomona station as a first phase, consistent with the provisions of Board-adopted Measure R and Measure M Unified Cost Management Policy."
1472,2019-01-24,Board of Directors - Regular Board Meeting,38043,,30,,,,,,,,0,0,CONSTRUCTION COMMITTEE MADE THE FOLLOWING RECOMMENDATION  (4-0): 
1472,2019-01-24,Board of Directors - Regular Board Meeting,38044,36.1,34,5563,2019-0009,Motion / Motion Response,,,,,0,0,"APPROVE Motion by Butts, Hahn, Solis, Kuehl and Dupont-Walker that the Board Instruct the CEO to include this innovative legislative approach as a priority in the State Legislative Program and Goals contained in Attachment B of the Board Report and specifically relating to Goals 13, and 14.

WE FURTHER MOVE that the Board directs the CEO to secure a primary legislative author and co-authors to sponsor specific legislation authorizing a new “Build California Green Bond” program. 

WE FURTHER MOVE"
1472,2019-01-24,Board of Directors - Regular Board Meeting,38045,36,33,5170,2018-0439,Program,,,,,0,0,"ADOPT:

A.	the proposed 2019 Federal Legislative Program as outlined in Attachment A; and

B.	the proposed 2019 State Legislative Program as outlined in Attachment B."
1472,2019-01-24,Board of Directors - Regular Board Meeting,38046,,32,,,,,,,,0,0,EXECUTIVE MANAGEMENT COMMITTEE MADE THE FOLLOWING RECOMMENDATION  AS AMENDED BY ITEM 36.1 (5-0): 
1472,2019-01-24,Board of Directors - Regular Board Meeting,38047,42,38,5566,2019-0012,Motion / Motion Response,,,,,0,0,"APPROVE Motion by Garcetti, Kuehl, and Butts that the Board direct the CEO to provide transit services free of fare for LA Unified students showing their ID from 5am to 7pm on days when the labor action may take place."
1472,2019-01-24,Board of Directors - Regular Board Meeting,38048,,37,,,,,,,,0,0,EXECUTIVE MANAGEMENT COMMITTEE MADE THE FOLLOWING RECOMMENDATION (5-0): 
1472,2019-01-24,Board of Directors - Regular Board Meeting,38049,41,36,5564,2019-0010,Motion / Motion Response,,,,,0,0,"APPROVE Motion by Garcetti, Ridley-Thomas, Hahn, and Butts that the Board of Directors instruct the CEO to:

A.	prepare a plan to dedicate the Harbor Freeway station along the Green and Silver Line in honor of late Judge Harry Pregerson; and

B.	report back at the March 2019 Executive Management Committee meeting."
1472,2019-01-24,Board of Directors - Regular Board Meeting,38050,,35,,,,,,,,0,0,EXECUTIVE MANAGEMENT COMMITTEE MADE THE FOLLOWING RECOMMENDATION (5-0): 
1473,2019-02-28,Board of Directors - Regular Board Meeting,38812,,1,,,,,,,,0,0,CALL TO ORDER
1473,2019-02-28,Board of Directors - Regular Board Meeting,38813,,2,,,,,,,,0,0,ROLL CALL
1473,2019-02-28,Board of Directors - Regular Board Meeting,38814,1,3,,,,,,,,0,0,"APPROVE Consent Calendar Items: 2, 8, 13, 15, 16, 17, 21, 22, 24, 26, 27, 31"
1473,2019-02-28,Board of Directors - Regular Board Meeting,38815,,4,,,,,,,,0,0,CONSENT CALENDAR
1473,2019-02-28,Board of Directors - Regular Board Meeting,38818,,30,,,,,,,,0,0,NON-CONSENT
1473,2019-02-28,Board of Directors - Regular Board Meeting,38819,,55,,,,,,,,0,0,END OF NON-CONSENT ITEMS
1473,2019-02-28,Board of Directors - Regular Board Meeting,38820,40,56,5657,2019-0103,Informational Report,,,,,0,0,"A.	Conference with Legal Counsel - Existing Litigation - G.C. 54956.9(d)(1)

1.	Brian Gomez Garcia v. LACMTA, LASC Case No. BC688353

B.	Conference with Real Property Negotiator - G.C. 54956.8 

1.	Property Description:  160 Canon Drive and 9397 Wilshire Blvd., Beverly Hills 
Agency Negotiator:  Velma C. Marshall
Negotiating Party:   New Pacific Cannon, LLC
Under Negotiation:  Price and Terms

2.	Property Description:  100-120 Santa Fe Avenue, Los Angeles
Agency Negotiator:  Velma C. Marshall
Ne"
1473,2019-02-28,Board of Directors - Regular Board Meeting,38848,,57,5658,2019-0104,Informational Report,,,,,0,0,RECEIVE General Public Comment
1473,2019-02-28,Board of Directors - Regular Board Meeting,38849,,58,,,,,,,,0,0,"Consideration of items not on the posted agenda, including: items to be presented and (if requested) referred to staff; items to be placed on the agenda for action at a future meeting of the Committee or Board; and/or items requiring immediate action because of an emergency situation or where the need to take immediate action came to the attention of the Committee subsequent to the posting of the agenda."
1473,2019-02-28,Board of Directors - Regular Board Meeting,38850,,59,,,,,,,,0,0,COMMENTS FROM THE PUBLIC ON ITEMS OF PUBLIC INTEREST WITHIN COMMITTEE’S SUBJECT MATTER JURISDICTION
1473,2019-02-28,Board of Directors - Regular Board Meeting,38851,,60,,,,,,,,0,0,Adjournment
1473,2019-02-28,Board of Directors - Regular Board Meeting,38854,22,20,5551,2018-0820,Motion / Motion Response,,,,,0,0,APPROVE the recommendation to make free transit permanent on regular federal and statewide election days in response to Motion 40 entitled Free Transit on Election Day.
1473,2019-02-28,Board of Directors - Regular Board Meeting,38855,,19,,,,,,,,0,0,"OPERATIONS, SAFETY AND CUSTOMER EXPERIENCE COMMITTEE (4-0)  AND EXECUTIVE MANAGEMENT COMMITTEE (5-0) MADE THE FOLLOWING RECOMMENDATION:"
1473,2019-02-28,Board of Directors - Regular Board Meeting,38856,21,17,5528,2018-0797,Contract,,,,,0,0,"APPROVE Modification No. 1 to Task Order No. PS878320003041, under Contract No. PS4010-3041-F-XX, with Cambridge Systematics, Inc. for additional enhancements to the systemwide bus network restructuring plan for a firm fixed price of $764,325, increasing the total Task Order value from $1,295,762 to $2,060,087, and extending the period of performance through December 30, 2021."
1473,2019-02-28,Board of Directors - Regular Board Meeting,38857,2,5,5589,2019-0035,Minutes,,,,,0,0,"APPROVE Minutes of the Regular Board Meeting held January 24, 2019."
1473,2019-02-28,Board of Directors - Regular Board Meeting,38858,,16,,,,,,,,0,0,"OPERATIONS, SAFETY AND CUSTOMER EXPERIENCE COMMITTEE MADE THE FOLLOWING RECOMMENDATION (3-0-1):"
1473,2019-02-28,Board of Directors - Regular Board Meeting,38859,17,15,5513,2018-0782,Contract,,,,,0,0,"AUTHORIZE the Chief Executive Officer to award a firm fixed unit rate Contract No. OP1212080003367 to Intuitive Real Estate Solutions for a three year program, to provide heavy duty artificial ivy installation and maintenance services as a graffiti deterrent, for a not to exceed amount of $659,198, effective March 18, 2019."
1473,2019-02-28,Board of Directors - Regular Board Meeting,38860,,14,,,,,,,,0,0,"OPERATIONS, SAFETY AND CUSTOMER EXPERIENCE COMMITTEE MADE THE FOLLOWING RECOMMENDATION (3-0):"
1473,2019-02-28,Board of Directors - Regular Board Meeting,38861,16,13,5533,2018-0802,Program,,,,,0,0,"CONSIDER:

A.	APPROVING: 

1.	programming of $16,570,590 in Measure M Multi-Year Subregional Program (MSP) - Active Transportation Program (Attachment A);

2.	programming of $13,143,260 in Measure M MSP - Transit Program (Attachment B);

3.	inter-program borrowing from subregion’s Measure M MSP - Transit Program and programming of $8,051,220 in Measure M MSP - Highway Efficiency Program (Attachment C); and

B.	AUTHORIZING the CEO or his designee to negotiate and execute all necessary a"
1473,2019-02-28,Board of Directors - Regular Board Meeting,38862,,12,,,,,,,,0,0,PLANNING AND PROGRAMMING COMMITTEE MADE THE FOLLOWING RECOMMENDATION (3-0):
1473,2019-02-28,Board of Directors - Regular Board Meeting,38863,15,11,5502,2018-0771,Plan,,,,,0,0,ADOPT Inglewood First/Last Mile Plan.
1473,2019-02-28,Board of Directors - Regular Board Meeting,38864,,10,,,,,,,,0,0,PLANNING AND PROGRAMMING COMMITTEE MADE THE FOLLOWING RECOMMENDATION (3-0):
1473,2019-02-28,Board of Directors - Regular Board Meeting,38865,13,9,5338,2018-0607,Policy,,,,,0,0,"CONSIDER:

A.	ADOPTING the Investment Policy in Attachment B; 

B.	APPROVING the Financial Institutions Resolution authorizing financial institutions to honor signatures of LACMTA Officials, Attachment C; and

C.	APPROVING the Local Agency Investment Fund (LAIF) Resolution authorizing LAIF to honor  LACMTA Authorized Signatures, Attachment D; and 

D.	DELEGATING to the Treasurer or her designees, the authority to invest funds for a one year period, pursuant to California Government Code "
1473,2019-02-28,Board of Directors - Regular Board Meeting,38866,,8,,,,,,,,0,0,"FINANCE, BUDGET AND AUDIT COMMITTEE MADE THE FOLLOWING RECOMMENDATION  (4-0): "
1473,2019-02-28,Board of Directors - Regular Board Meeting,38868,,6,,,,,,,,0,0,"AD HOC CONGESTION, HIGHWAY AND ROADS COMMITTEE MADE THE FOLLOWING RECOMMENDATION  (5-0): "
1473,2019-02-28,Board of Directors - Regular Board Meeting,38869,32.2,42,5637,2019-0083,Motion / Motion Response,,,,,0,0,RECEIVE AND FILE report in response to Board Motion 43.1 by Director Butts at the January 2019 Board meeting.
1473,2019-02-28,Board of Directors - Regular Board Meeting,38870,32.1,40,5609,2019-0055,Motion / Motion Response,,,,,0,0,RECEIVE AND FILE report on equity strategy for congestion pricing in response to Board Motion 43.2.
1473,2019-02-28,Board of Directors - Regular Board Meeting,38871,32,38,5659,2019-0105,Policy,,,,,0,0,"APPROVE the staff recommendations to:

A.	PURSUE the Transformational Initiatives that are central to “The Re-Imagining of LA County;”

B.	CONTINUE work on the Twenty-Eight by ’28 goal and accelerate the delivery of the remaining eight projects in every feasible way, and report progress to the Board on the acceleration efforts on a quarterly basis; and

C.	DEVELOP proposed funding and financing plans for the accelerated projects, and report back to the Board in September July 2019."
1473,2019-02-28,Board of Directors - Regular Board Meeting,38876,12,36,5328,2018-0597,Resolution,,,,,0,0,"ADOPT a resolution, Attachment A, that:

A.	AUTHORIZES the issuance of bonds by competitive sale to refund the Proposition A Series 2009-A Bonds, consistent with the Debt Policy to achieve approximately $8.9 million in net present value savings over the seven-year life of the bonds;

B.	APPROVES the forms of Notice of Intention to Sell Bonds, Notice Inviting Bids, Supplemental Trust Agreement, Escrow Agreement, Continuing Disclosure Certificate and Preliminary Official Statement on file with"
1473,2019-02-28,Board of Directors - Regular Board Meeting,38877,,35,,,,,,,,0,0,"FINANCE, BUDGET AND AUDIT COMMITTEE MADE THE FOLLOWING RECOMMENDATION  (4-0): "
1473,2019-02-28,Board of Directors - Regular Board Meeting,38878,11,34,5327,2018-0596,Resolution,,,,,0,0,"ADOPT a resolution, Attachment A, that:

A.	AUTHORIZES the issuance of bonds by competitive sale to refund the Proposition C Series 2009-E Bonds, consistent with the Debt Policy to achieve approximately $8.9 million in net present value savings over the ten-year life of the bonds;

B.	APPROVES the forms of Notice of Intention to Sell Bonds, Notice Inviting Bids, Supplemental Trust Agreement, Escrow Agreement, Continuing Disclosure Certificate and Preliminary Official Statement on file with t"
1473,2019-02-28,Board of Directors - Regular Board Meeting,38879,8,7,5529,2018-0798,Agreement,,,,,0,0,"AUTHORIZE the Chief Executive Officer (CEO) to execute Funding Agreement #9200000000M500201 for $29,525,000 with San Gabriel Valley Council of Governments (SGVCOG) for support services for the SR-57/SR-60 Interchange Improvements."
1473,2019-02-28,Board of Directors - Regular Board Meeting,38880,,33,,,,,,,,0,0,"FINANCE, BUDGET AND AUDIT COMMITTEE MADE THE FOLLOWING RECOMMENDATION  (4-0): "
1473,2019-02-28,Board of Directors - Regular Board Meeting,38882,31,29,5553,2018-0822,Ordinance / Administrative Code,,,,,0,0,"APPROVE amendment of Title 2, Chapter 2-50 of the Los Angeles County Metropolitan Transportation Authority (“Metro”) Administrative Code, concerning Title VI Requirements and Public Hearings, as set forth in Attachment A.  The amended Administrative Code will become effective March 1, 2019."
1473,2019-02-28,Board of Directors - Regular Board Meeting,38883,27,27,5569,2019-0015,Contract,,,,,0,0,"AUTHORIZE the Chief Executive Officer to: 

A.	EXECUTE a 7 year cost-plus fixed fee contract, Contract No. PS58665, with ARCADIS U.S., Inc., to provide Construction Claims Support Services for various projects as required, in an amount not-to-exceed $24,584,650 and exercise 3 one-year options, when deemed appropriate; and

B.	EXECUTE individual Contract Work Orders and Contract Modifications within the Board approved contract and budget funding amount."
1473,2019-02-28,Board of Directors - Regular Board Meeting,38884,26,24,5534,2018-0803,Contract,,,,,0,0,"AUTHORIZE the Chief Executive Officer (CEO) to:

A.	AWARD a two-year base period, firm fixed price Contract No. PS56079000 with Pacific Coast Regional Small Business Development Corporation (PCR) to serve as the fund administrator for Metro’s Pilot Business Interruption Fund (BIF) in the amount of $1,585,246 with two, one-year options, in the amounts of $720,882 and $650,306, respectively, with an optional start-up of $391,576 for the inclusion of future new rail lines in this pilot, for a tot"
1473,2019-02-28,Board of Directors - Regular Board Meeting,38885,,23,,,,,,,,0,0,CONSTRUCTION COMMITTEE MADE THE FOLLOWING RECOMMENDATION (5-0):
1473,2019-02-28,Board of Directors - Regular Board Meeting,38886,24,22,4751,2018-0019,Contract,,,,,0,0,"AUTHORIZE the Chief Executive Officer to:  

A.	AWARD Contract No. PS52341001 to CASCO International, Inc. (C.A. Short Company) for the implementation of a safety engagement and recognition program in an amount not to exceed $300,000 for the two-year pilot program effective March 1, 2019, and for the agency-wide program implementation, if selected, in the amount of $6,750,000 for the first three-year option, and $4,500,000 for the second two-year option, for a combined total amount of $11,550,00"
1473,2019-02-28,Board of Directors - Regular Board Meeting,38887,,21,,,,,,,,0,0,"OPERATIONS, SAFETY AND CUSTOMER EXPERIENCE COMMITTEE MADE THE FOLLOWING RECOMMENDATION (4-0):"
1473,2019-02-28,Board of Directors - Regular Board Meeting,38888,,28,,,,,,,,0,0,EXECUTIVE MANAGEMENT COMMITTEE MADE THE FOLLOWING RECOMMENDATION (5-0):
1473,2019-02-28,Board of Directors - Regular Board Meeting,38889,,26,,,,,,,,0,0,CONSTRUCTION COMMITTEE MADE THE FOLLOWING RECOMMENDATION (4-0-1):
1473,2019-02-28,Board of Directors - Regular Board Meeting,38890,35,49,5604,2019-0050,Contract,,,,,0,0,"CONSIDER:

A.	AMENDING the Life-of-Project (LOP) Budget of $1,374,826,466 to $3,223,623,255 to include the Stations, Trackwork, Systems and Testing portion of the Westside Purple Line Extension Section 3 Project (Project), consistent with previous actions taken by the Board in February 2016, January 2017, and June 2018;

B.	AUTHORIZING the Chief Executive Officer (CEO) to award an 89-month firm fixed price contract under Request for Proposal (RFP) No. C45161C1152 to Tutor Perini/O&G, JV, the"
1473,2019-02-28,Board of Directors - Regular Board Meeting,38894,36,51,5484,2018-0753,Program,,,,,0,0,"CONSIDER:

A.	AUTHORIZING the Chief Executive Officer to renew and/or replace the direct-pay letters of credit (“LOC”) and direct purchase revolving credit facility (“RCF”) to be provided by the banks described below, finalize negotiations with the recommended banks and enter into reimbursement/credit agreements and related documents associated with such LOCs and RCF;

1.	Replace the LOCs currently being provided by Sumitomo Mitsui Banking Corporation (“Sumitomo”) and MUFG Union Bank, N.A. ("
1473,2019-02-28,Board of Directors - Regular Board Meeting,38895,3,31,5655,2019-0101,Informational Report,,,,,0,0,RECEIVE remarks by the Chair.
1473,2019-02-28,Board of Directors - Regular Board Meeting,38896,4,32,5656,2019-0102,Informational Report,,,,,0,0,RECEIVE report by the Chief Executive Officer.
1473,2019-02-28,Board of Directors - Regular Board Meeting,38897,33,47,5399,2018-0668,Motion / Motion Response,,,,,0,0,RECEIVE AND FILE the status update for Motion 38.1 about the customer experience program.
1473,2019-02-28,Board of Directors - Regular Board Meeting,38898,37,52,5627,2019-0073,Policy,,,,,0,0,"CONSIDER:

A.	HOLDING a public hearing on the proposed Resolutions of Necessity; and

B.	ADOPTING Resolutions of Necessity authorizing the commencement of an eminent domain action to acquire a subsurface easement in the properties identified as parcels W-3301 (APN: 4328-014-005) and W-3303 (APN: 4328-009-023), hereinafter the  “Property”.

(REQUIRES 2/3 VOTE OF THE BOARD)"
1473,2019-02-28,Board of Directors - Regular Board Meeting,38901,,48,,,,,,,,0,0,CONSTRUCTION COMMITTEE FORWARDED THE FOLLOWING DUE TO CONFLICTS:
1473,2019-02-28,Board of Directors - Regular Board Meeting,38902,,46,,,,,,,,0,0,"OPERATIONS, SAFETY AND CUSTOMER EXPERIENCE FORWARDED THE FOLLOWING WITHOUT RECOMMENDATION: "
1473,2019-02-28,Board of Directors - Regular Board Meeting,38904,,39,,,,,,,,0,0,PLANNING AND PROGRAMMING COMMITTEE AND EXECUTIVE MANAGEMENT COMMITTEE FORWARDED THE FOLLOWING WITHOUT RECOMMENDATION: 
1473,2019-02-28,Board of Directors - Regular Board Meeting,38905,,41,,,,,,,,0,0,PLANNING AND PROGRAMMING COMMITTEE AND EXECUTIVE MANAGEMENT COMMITTEE FORWARDED THE FOLLOWING WITHOUT RECOMMENDATION: 
1473,2019-02-28,Board of Directors - Regular Board Meeting,38906,,50,,,,,,,,0,0,(CARRIED OVER FROM JANUARY BOARD)
1473,2019-02-28,Board of Directors - Regular Board Meeting,38907,,37,,,,,,,,0,0,PLANNING AND PROGRAMMING COMMITTEE AND EXECUTIVE MANAGEMENT COMMITTEE FORWARDED THE FOLLOWING WITHOUT RECOMMENDATION: 
1473,2019-02-28,Board of Directors - Regular Board Meeting,38908,38,53,5660,2019-0106,Motion / Motion Response,,,,,0,0,"APPROVE Motion by Barger, Najarian and Krekorian that the Board direct the CEO to: 


A.	Acknowledge the importance of connectivity through a Palmdale station to maximize regional integrated operations, and the importance of working towards the advancement of funding for critical projects in the Los Angeles region;

B.	Engage with the office of Governor Newsom, the California High Speed Rail Authority (Authority), and the State Transportation Agency (CalSTA), to explore how the Governor's propos"
1473,2019-02-28,Board of Directors - Regular Board Meeting,38909,39,54,5661,2019-0107,Motion / Motion Response,,,,,0,0,"APPROVE Motion by Garcetti, Kuehl and Bonin that the Board direct the CEO to: 

A.	Enter into a no-fee lease agreement with the City of Los Angeles of the former Division 6 site for temporary bridge housing; and

B. Report back on MTA’s ongoing efforts to address homelessness on the MTA system in April 2019, including but not limited to existing funding constraints and opportunities for additional non-transportation funding."
1473,2019-02-28,Board of Directors - Regular Board Meeting,38912,32.4,44,5662,2019-0108,Motion / Motion Response,,,,,0,0,"APPROVE Motion by Garcetti, Butts, Solis and Hahn that the Board direct the CEO to:

A.	Prioritize the following pillar projects to address Twenty-Eight by ’28 acceleration funding needs:

·	Gold Line Eastside Extension Phase 2
·	Green Line Extension to Torrance
·	Sepulveda Transit Corridor
·	West Santa Ana Branch to Downtown LA and reaffirm that it is the first priority for P3 investment

B.	Prepare a detailed year-by-year potential financial forecast to deliver Twenty-Eight by ’28, prioritizin"
1473,2019-02-28,Board of Directors - Regular Board Meeting,38913,32.3,43,5663,2019-0109,Motion / Motion Response,,,,,0,0,"APPROVE Motion by Garcetti, Kuehl, Butts, Solis and Hahn that the Board direct the CEO to: 

A.	Move forward with a Congestion Pricing Feasibility Study entitled “The Re-Imagining of LA County”;

B.	Ensure the Congestion Pricing Feasibility Study fully addresses and incorporates the parameters identified in the January 2019 Motions 43.1 (Butts) and 43.2 (Solis, Garcetti, Dupont-Walker, Butts, Hahn), which include, but are not limited to, a detailed implementation timeline, cost estimates, so"
1473,2019-02-28,Board of Directors - Regular Board Meeting,38914,,18,,,,,,,,0,0,PAGE BREAK
1473,2019-02-28,Board of Directors - Regular Board Meeting,38915,,25,,,,,,,,0,0,PAGE BREAK
1473,2019-02-28,Board of Directors - Regular Board Meeting,38916,,45,,,,,,,,0,0,PAGE BREAK
1474,2019-03-28,Board of Directors - Regular Board Meeting,39714,,1,,,,,,,,0,0,page break
1474,2019-03-28,Board of Directors - Regular Board Meeting,39715,,2,,,,,,,,0,0,CALL TO ORDER
1474,2019-03-28,Board of Directors - Regular Board Meeting,39716,,3,,,,,,,,0,0,ROLL CALL
1474,2019-03-28,Board of Directors - Regular Board Meeting,39717,1,4,,,,,,,,0,0,"APPROVE Consent Calendar Items: 2, 6, 7, 8, 14, 15, 26, 31."
1474,2019-03-28,Board of Directors - Regular Board Meeting,39718,,5,,,,,,,,0,0,CONSENT CALENDAR
1474,2019-03-28,Board of Directors - Regular Board Meeting,39721,,21,,,,,,,,0,0,NON-CONSENT
1474,2019-03-28,Board of Directors - Regular Board Meeting,39722,,44,,,,,,,,0,0,END OF NON-CONSENT ITEMS
1474,2019-03-28,Board of Directors - Regular Board Meeting,39751,,45,5734,2019-0180,Informational Report,,,,,0,0,RECEIVE General Public Comment
1474,2019-03-28,Board of Directors - Regular Board Meeting,39752,,46,,,,,,,,0,0,"Consideration of items not on the posted agenda, including: items to be presented and (if requested) referred to staff; items to be placed on the agenda for action at a future meeting of the Committee or Board; and/or items requiring immediate action because of an emergency situation or where the need to take immediate action came to the attention of the Committee subsequent to the posting of the agenda."
1474,2019-03-28,Board of Directors - Regular Board Meeting,39753,,47,,,,,,,,0,0,COMMENTS FROM THE PUBLIC ON ITEMS OF PUBLIC INTEREST WITHIN COMMITTEE’S SUBJECT MATTER JURISDICTION
1474,2019-03-28,Board of Directors - Regular Board Meeting,39754,,48,,,,,,,,0,0,Adjournment
1474,2019-03-28,Board of Directors - Regular Board Meeting,39755,2,6,5691,2019-0137,Minutes,,,,,0,0,"APPROVE Minutes of the Regular Board Meeting held February 28, 2019."
1474,2019-03-28,Board of Directors - Regular Board Meeting,39756,4,23,5732,2019-0178,Informational Report,,,,,0,0,RECEIVE report by the Chief Executive Officer.
1474,2019-03-28,Board of Directors - Regular Board Meeting,39757,3,22,5731,2019-0177,Informational Report,,,,,0,0,RECEIVE remarks by the Chair.
1474,2019-03-28,Board of Directors - Regular Board Meeting,39758,21,33,5476,2018-0745,Oral Report / Presentation,,,,,0,0,RECEIVE oral report on NextGen Regional Service Concept and New Blue Update.
1474,2019-03-28,Board of Directors - Regular Board Meeting,39759,5,26,5245,2018-0514,Contract,,,,,0,0,"AUTHORIZE the Chief Executive Officer (CEO) to execute a two-year, firm fixed price Contract No. AE57645000 with HNTB Corporation in the amount of $5,006,899.68 for Architectural and Engineering (A&E) services for the preparation of a Project Approval and Environmental Document (PA&ED) for the SR-91 Acacia Court to Central Avenue Improvement Project (the Project), subject to resolution of protest(s), if any."
1474,2019-03-28,Board of Directors - Regular Board Meeting,39760,,25,,,,,,,,0,0,"AD HOC CONGESTION, HIGHWAY AND ROADS COMMITTEE FORWARDED THE FOLLOWING DUE TO ABSENCES AND CONFLICTS:"
1474,2019-03-28,Board of Directors - Regular Board Meeting,39761,6,8,5605,2019-0051,Project,,,,,0,0,"CONSIDER:

A.	AUTHORIZING the Chief Executive Officer (CEO) to extend all in-progress Round 1 Net Toll Revenue projects’ lapsing dates by one year. (Attachment A); and

B.	APPROVING a total of $15,870,000 for continued Direct Annual Allocation for Transit Service on the I-110 and I-10 ExpressLanes in Fiscal Years 2019 and 2020 (FY2019-FY2020)."
1474,2019-03-28,Board of Directors - Regular Board Meeting,39762,,7,,,,,,,,0,0,"AD HOC CONGESTION, HIGHWAY AND ROADS COMMITTEE MADE THE FOLLOWING RECOMMENDATION (4-0):"
1474,2019-03-28,Board of Directors - Regular Board Meeting,39763,7,10,5591,2019-0037,Contract,,,,,0,0,"AUTHORIZE the Chief Executive Officer to execute Contract Modification No. 1 to Contract No. PS54707001, with Mythics Inc., for procurement of 220 additional Oracle Primavera Unifier Application User Licenses in the amount of $495,887, increasing the total value from $497,675 $495,887 to $993,562 $991,774, and extending the contract term through March 31, 2020."
1474,2019-03-28,Board of Directors - Regular Board Meeting,39764,,9,,,,,,,,0,0,"FINANCE, BUDGET AND AUDIT COMMITTEE MADE THE FOLLOWING RECOMMENDATION (4-0):"
1474,2019-03-28,Board of Directors - Regular Board Meeting,39765,8,12,5585,2019-0031,Program,,,,,0,0,"AUTHORIZE the Chief Executive Officer (CEO) to sign the Petition to Renew the North Hollywood Transit Business Improvement District (BID) for a period of five years commencing January 1, 2020 through December 31, 2024, for an estimated amount not to exceed $699,294 over the life of the BID renewal."
1474,2019-03-28,Board of Directors - Regular Board Meeting,39766,,11,,,,,,,,0,0,"FINANCE, BUDGET AND AUDIT COMMITTEE MADE THE FOLLOWING RECOMMENDATION (3-0-1):"
1474,2019-03-28,Board of Directors - Regular Board Meeting,39769,13,28,5548,2018-0817,Project,,,,,0,0,"CONSIDER:

A.	RECEIVING AND FILING the findings and recommendations from the Vermont Transit Corridor Rail Conversion/Feasibility Study; and

B.	APPROVING advancement of the two BRT concepts previously identified through the 2017 Vermont Bus Rapid Transit (BRT) Technical Study into environmental review."
1474,2019-03-28,Board of Directors - Regular Board Meeting,39770,,27,,,,,,,,0,0,PLANNING AND PROGRAMMING COMMITTEE FORWARDED THE FOLLOWING WITHOUT RECOMMENDATION:
1474,2019-03-28,Board of Directors - Regular Board Meeting,39771,14,14,5607,2019-0053,Agreement,,,,,0,0,"AUTHORIZE the Chief Executive Officer to amend an existing ground lease with Taylor Yard Commercial, LLC (“TYC”) or its successor to:

A.	CHANGE the scope of development under the existing ground lease from approximately 16,690 square feet of retail space to approximately 56 units of affordable housing; 

B.	EXTEND the deadline for commencement of construction under the existing ground lease from April 1, 2019 to April 1, 2022; 

C.	PROVIDE for further extensions of this deadline to April 1, 202"
1474,2019-03-28,Board of Directors - Regular Board Meeting,39772,,13,,,,,,,,0,0,PLANNING AND PROGRAMMING COMMITTEE MADE THE FOLLOWING RECOMMENDATION (3-0):
1474,2019-03-28,Board of Directors - Regular Board Meeting,39773,15,16,5635,2019-0081,Resolution,,,,,0,0,"APPROVE the Resolution in Attachment A to:

A.	AUTHORIZE the Chief Executive Officer (CEO) or his designee to claim $36,612,888 in fiscal year (FY) 2018-19 LCTOP grant funds for one year of Gold Line Foothill Extension Phase 2A operations and one year of Expo Line Phase 2 operations; and

B.	CERTIFY that Metro will comply with LCTOP certification and assurances and the authorized agent requirements, and authorize the CEO or his designee to execute all required documents and any amendment wit"
1474,2019-03-28,Board of Directors - Regular Board Meeting,39774,,15,,,,,,,,0,0,PLANNING AND PROGRAMMING COMMITTEE MADE THE FOLLOWING RECOMMENDATION (3-0):
1474,2019-03-28,Board of Directors - Regular Board Meeting,39775,16,30,5597,2019-0043,Contract,,,,,0,0,"AUTHORIZE the Chief Executive Officer to award a 60-month, Indefinite Delivery/Indefinite Quantity (IDIQ) Contract no. MA51966000 to AmePower, the lowest responsive and responsible bidder, for the overhaul of P2550 Light Rail Vehicle Static Inverter Auxiliary Power Supply/Low Voltage Power Supply (APS/LVPS) Overhaul. This award is a not-to-exceed amount of $2,714,220 subject to resolution of protest(s), if any."
1474,2019-03-28,Board of Directors - Regular Board Meeting,39776,17,31,5632,2019-0078,Agreement,,,,,0,0,"CONSIDER:

A.	EXTENDING the Transit Service Operation Agreement between LACMTA and the City of Glendale for the Glendale Beeline Route 3 for a period of two years through June 30, 2021 for an amount up to $1,328,980 which is inclusive of FY19 expenditures and estimated CPI Index rates;

B.	EXTENDING the Transit Service Operation Agreement between LACMTA and the City of Los Angeles Department of Transportation (LADOT) for Dash 601, Dash 602, and Commuter Express 422 for a period of two years for "
1474,2019-03-28,Board of Directors - Regular Board Meeting,39778,22,34,5596,2019-0042,Contract,,,,,0,0,"AWARD a 40-month, indefinite delivery/indefinite quantity Contract No. MA53984000 to AmePower, Incorporated to overhaul and upgrade up to four-hundred-thirty-seven (437) P2550 Light Rail Vehicle Propulsion Inverter Phase Modules for a not-to-exceed amount of $6,065,920 subject to resolution of protest(s), if any."
1474,2019-03-28,Board of Directors - Regular Board Meeting,39779,19,32,5619,2019-0065,Contract,,,,,0,0,"AUTHORIZE the Chief Executive Officer to award a two-year, Indefinite Delivery, Indefinite Quantity Contract No. MA58692 to LA Mobile Computing for purchase of wireless mobile routers.  The Contract has a first-year amount of $1,314,197, inclusive of sales tax, and a second-year amount of $929,754, inclusive of sales tax, for a total contract value of $2,243,950.65, subject to resolution of protest(s), if any."
1474,2019-03-28,Board of Directors - Regular Board Meeting,39780,23,36,5622,2019-0068,Fare / Tariff / Service Change,,,,,0,0,"APPROVE providing free Metro transit service on Earth Day (April 22, 2019)."
1474,2019-03-28,Board of Directors - Regular Board Meeting,39781,24,37,5633,2019-0079,Contract,,,,,0,0,"AUTHORIZE the Chief Executive Officer to:

A.	RATIFY AND EXECUTE Contract No. PS126167000-30896 with MobilPrise, Inc. dba LexRay (LexRay) for software maintenance services for costs incurred from January 1, 2015 through March 31, 2019 in the amount of $1,226,863; 

B.	EXECUTE Contract Modification No. 1 to Contract No. PS126167000-30896 with LexRay for software maintenance services for the term April 1, 2019 ending December 31, 2020, increasing the total authorized amount by $531,136 for a revis"
1474,2019-03-28,Board of Directors - Regular Board Meeting,39782,32,39,5673,2019-0119,Contract,,,,,0,0,"CONSIDER:

A.	INCREASING Design Life-of-Project (LOP) Budget for Metro Gold Line Interstate 210 Barrier Replacement, (CP Number 405581) by $11,463,026, increasing the LOP budget from $11,078,366 to $22,541,392; and

B.	AUTHORIZING the Chief Executive Officer to execute Contract Modification No. 1 to the On-Call Highway Program Project Delivery Support Services Contract Nos. AE30673000, AE30673001, AE30673002 with AECOM, CH2M Hill, and Parsons Transportation Group, respectively, in the amount not"
1474,2019-03-28,Board of Directors - Regular Board Meeting,39783,26,18,5608,2019-0054,Contract,,,,,0,0,"AUTHORIZE the Chief Executive Officer (CEO) to: 
 
A.	AWARD AND EXECUTE a seven (7) year cost reimbursable, Contract No. PS54007, to PQM, Inc., for Quality Management Consultant Program Services on Task Orders for an amount not-to-exceed $5,378,518 for an initial twenty-six months; plus three one year options, subject to resolution of any properly submitted protest; and 

B.	EXECUTE individual Task Orders and changes within the Board approved contract not-to-exceed amount."
1474,2019-03-28,Board of Directors - Regular Board Meeting,39784,,17,,,,,,,,0,0,CONSTRUCTION COMMITTEE MADE THE FOLLOWING RECOMMENDATION (3-0):
1474,2019-03-28,Board of Directors - Regular Board Meeting,39785,31,20,5644,2019-0090,Project,,,,,0,0,"ADOPT the following Official and Operational station names for five stations that make up the Metro Gold Line Foothill Phase 2B Extension:

Official Stations Name:		Operational Station Name:
1.	Glendora			      Glendora
2.	San Dimas			San Dimas
3.	La Verne/Fairplex        La Verne/Fairplex
4.	Pomona North		Pomona North
5.	Claremont			Claremont"
1474,2019-03-28,Board of Directors - Regular Board Meeting,39786,,19,,,,,,,,0,0,EXECUTIVE MANAGEMENT COMMITTEE MADE THE FOLLOWING RECOMMENDATION (6-0):
1474,2019-03-28,Board of Directors - Regular Board Meeting,39787,,38,,,,,,,,0,0,CONSTRUCTION COMMITTEE FORWARDED THE FOLLOWING DUE TO ABSENCES AND CONFLICTS:
1474,2019-03-28,Board of Directors - Regular Board Meeting,39789,36,43,5713,2019-0159,Policy,,,,,0,0,"CONSIDER:

A.	HOLDING a public hearing on the proposed Resolution of Necessity; and

B.	ADOPTING a Resolution of Necessity authorizing the commencement of an eminent domain action to acquire Project Parcel RM-29 located at 13914 Rosecrans Avenue, Santa Fe Spring, CA, (APN 8069-005-008), consisting of the fee simple interest and the Improvements Pertaining to the Realty in the property identified in Attachment A.

(REQUIRES 2/3 VOTE OF THE BOARD)"
1474,2019-03-28,Board of Directors - Regular Board Meeting,39790,35,42,5711,2019-0157,Policy,,,,,0,0,"CONSIDER:

A.	HOLDING a public hearing on the proposed Resolution of Necessity; and

B.	ADOPTING a Resolution of Necessity authorizing the commencement of an eminent domain action to acquire Project Parcel RM-27 located at 13840-13848 Rosecrans Avenue, Santa Fe Springs, CA, (APN: 8069-005-001) consisting of the fee simple interest and the Improvements Pertaining to the Realty in the property identified (hereinafter the “Property” as identified in Attachment A).    

(REQUIRES 2/3 VOTE OF THE BOA"
1474,2019-03-28,Board of Directors - Regular Board Meeting,39791,34,41,5709,2019-0155,Policy,,,,,0,0,"CONSIDER:

A.	HOLDING a public hearing on the proposed Resolution of Necessity; and

B.	ADOPTING a Resolution of Necessity authorizing the commencement of an eminent domain action to acquire Project Parcel RM-16 located at 14330 Marquardt Avenue, Santa Fe Springs, CA, (APN 8069-007-043), consisting of the fee simple interest and the Improvements Pertaining to the Realty in the property identified (hereinafter the “Property” as identified in Attachment A).

(REQUIRES 2/3 VOTE OF THE BOARD)"
1474,2019-03-28,Board of Directors - Regular Board Meeting,39812,,24,,,,,,,,0,0,page break
1474,2019-03-28,Board of Directors - Regular Board Meeting,39816,33,40,5738,2019-0184,Oral Report / Presentation,,,,,0,0,RECEIVE oral report by staff on the Rebuilding America Initiative.
1474,2019-03-28,Board of Directors - Regular Board Meeting,39821,,29,,,,,,,,0,0,page break
1474,2019-03-28,Board of Directors - Regular Board Meeting,39822,,35,,,,,,,,0,0,page break
1475,2019-04-25,Board of Directors - Regular Board Meeting,40532,,1,,,,,,,,0,0,CALL TO ORDER
1475,2019-04-25,Board of Directors - Regular Board Meeting,40533,,2,,,,,,,,0,0,ROLL CALL
1475,2019-04-25,Board of Directors - Regular Board Meeting,40534,1,3,,,,,,,,0,0,"APPROVE Consent Calendar Items: 2, 7, 8, 17, 19, 20, **23, 25, 30, 35, 36 and 37.

Consent Calendar items are approved by one motion unless held by a Director for discussion and/or separate action.

**Item requires 2/3 vote"
1475,2019-04-25,Board of Directors - Regular Board Meeting,40535,,4,,,,,,,,0,0,CONSENT CALENDAR
1475,2019-04-25,Board of Directors - Regular Board Meeting,40538,,28,,,,,,,,0,0,NON-CONSENT
1475,2019-04-25,Board of Directors - Regular Board Meeting,40539,,61,,,,,,,,0,0,END OF NON-CONSENT ITEMS
1475,2019-04-25,Board of Directors - Regular Board Meeting,40569,,65,,,,,,,,0,0,"Consideration of items not on the posted agenda, including: items to be presented and (if requested) referred to staff; items to be placed on the agenda for action at a future meeting of the Committee or Board; and/or items requiring immediate action because of an emergency situation or where the need to take immediate action came to the attention of the Committee subsequent to the posting of the agenda."
1475,2019-04-25,Board of Directors - Regular Board Meeting,40570,,66,,,,,,,,0,0,COMMENTS FROM THE PUBLIC ON ITEMS OF PUBLIC INTEREST WITHIN COMMITTEE’S SUBJECT MATTER JURISDICTION
1475,2019-04-25,Board of Directors - Regular Board Meeting,40571,,67,,,,,,,,0,0,Adjournment
1475,2019-04-25,Board of Directors - Regular Board Meeting,40575,6,32,5683,2019-0129,Project,,,,,0,0,"AUTHORIZE the use of toll revenues, in a not-to-exceed amount of $3.9 million for the upgrade of a 42-strand bundle of single mode fiber optic (SMFO) cable to a 72-strand bundle of SMFO cable and a fiber patch panel for Segment 3 of the I-10 High Occupancy Vehicle (HOV) lane project to accommodate for the communications network necessary for conversion to future ExpressLanes. Additional improvements include the installation of 2-inch conduit, pull boxes, cast-in-drilled-hole (CIDH) pile foundati"
1475,2019-04-25,Board of Directors - Regular Board Meeting,40576,,31,,,,,,,,0,0,"AD HOC CONGESTION, HIGHWAY AND ROADS COMMITTEE MADE THE FOLLOWING RECOMMENDATION (4-0):"
1475,2019-04-25,Board of Directors - Regular Board Meeting,40577,6.1,35,5790,2019-0236,Motion / Motion Response,,,,,0,0,"APPROVE Revised Motion by Butts, Fasana, Hahn, and Solis that this item be amended to authorize the use of up to $4.4 million in I-110 ExpressLanes revenues or South Bay Measure M Multi-year Subregional Program (MSP) Transportation System Mobility Improvement Program (TSMIP) funds to construct the South Bay Smart Net."
1475,2019-04-25,Board of Directors - Regular Board Meeting,40578,,34,,,,,,,,0,0,"AD HOC CONGESTION, HIGHWAY AND ROADS COMMITTEE MADE THE FOLLOWING RECOMMENDATION (4-0):"
1475,2019-04-25,Board of Directors - Regular Board Meeting,40579,7,7,5581,2019-0027,Program,,,,,0,0,"AUTHORIZE the Chief Executive Officer to negotiate and purchase All Risk Property and Boiler and Machinery insurance policies for all property at the current policy limits at a not to exceed price of $3.1 million for the 12-month period May 10, 2019 through May 10, 2020."
1475,2019-04-25,Board of Directors - Regular Board Meeting,40580,,6,,,,,,,,0,0,"FINANCE, BUDGET AND AUDIT COMMITTEE MADE THE FOLLOWING RECOMMENDATION (3-0): "
1475,2019-04-25,Board of Directors - Regular Board Meeting,40581,8,9,5621,2019-0067,Agreement,,,,,0,0,"AUTHORIZE the Chief Executive Officer (CEO) to execute a ten (10)-year lease agreement commencing August 1, 2019 with Blum Courtyard Associates (“Lessor”) for the LA Metro System Security and Law Enforcement office located at 1300 W. Optical Drive in Azusa at a rate of $40,010 per month with escalations of three percent (3%) annually for a total lease value of $5,268,103 over the term."
1475,2019-04-25,Board of Directors - Regular Board Meeting,40582,,8,,,,,,,,0,0,"FINANCE, BUDGET AND AUDIT COMMITTEE MADE THE FOLLOWING RECOMMENDATION (3-0):"
1475,2019-04-25,Board of Directors - Regular Board Meeting,40583,17,11,5645,2019-0091,Program,,,,,0,0,"CONSIDER: 

A.	APPROVING the Fiscal Year (FY) 2019 Solicitation for Proposals for Federal Transit Administration (FTA) Section 5310 Enhanced Mobility of Seniors and Individuals with Disabilities Program funds, including the following:

1.	Allocation process shown in Attachment A;

2.	Solicitation funding mark estimated up to $10,201,958;

3.	Application package shown in Attachment B; and

B.	ALLOCATING $10,867,304 in Section 5310 funds for Access Services as identified by the FY 2019 funding all"
1475,2019-04-25,Board of Directors - Regular Board Meeting,40584,12,37,5061,2018-0330,Contract,,,,,0,0,"AUTHORIZE the Chief Executive Officer to execute a modification to Contract No. OP02461010-MAINT, with Cubic Transportation Systems, Inc. (“Cubic”), for TAP System Support Services of all fare collection equipment, in the amount of $68,220,642 increasing the total contract value from $295,351,189, to $363,571,831 and a contract modification extension of five and a half (5.5) years until December 2024."
1475,2019-04-25,Board of Directors - Regular Board Meeting,40585,,36,,,,,,,,0,0,"FINANCE, BUDGET AND AUDIT COMMITTEE FORWARDED WITHOUT RECOMMENDATION:"
1475,2019-04-25,Board of Directors - Regular Board Meeting,40586,14,39,5532,2018-0801,Contract,,,,,0,0,"AUTHORIZE the Chief Executive Officer (CEO) to:

A.	AWARD six task order based on-call Contracts for Regional Rail Planning and Environmental services to the firms listed below for a five-year base period in an amount not-to-exceed $10 million, with two, one-year options not-to-exceed $2 million each year, for a not-to-exceed cumulative total funding amount of $14 million, subject to resolution of protest(s) if any. The following firms are recommended for award:
							
1.	Gensler, Contract "
1475,2019-04-25,Board of Directors - Regular Board Meeting,40587,,38,,,,,,,,0,0,PLANNING AND PROGRAMMING COMMITTEE FORWARDED WITHOUT RECOMMENDATION:
1475,2019-04-25,Board of Directors - Regular Board Meeting,40589,16,41,5759,2019-0205,Project,,,,,0,0,"CONSIDER:

A.	RECEIVING AND FILING the findings and recommendations from the Vermont Transit Corridor Rail Conversion/Feasibility Study; 

B.	APPROVING advancement of the two BRT concepts: 1) an end-to-end side-running and 2) a combination side and center-running, previously identified through the 2017 Vermont Bus Rapid Transit (BRT) Technical Study into environmental review;

C.	AUTHORIZING study of a center-running BRT facility or similarly high performing, dedicated BRT facility across "
1475,2019-04-25,Board of Directors - Regular Board Meeting,40590,,40,,,,,,,,0,0,PLANNING AND PROGRAMMING COMMITTEE MADE THE FOLLOWING RECOMMENDATION  (3-0):
1475,2019-04-25,Board of Directors - Regular Board Meeting,40591,,10,,,,,,,,0,0,PLANNING AND PROGRAMMING COMMITTEE MADE THE FOLLOWING RECOMMENDATION (3-0):
1475,2019-04-25,Board of Directors - Regular Board Meeting,40592,18,46,5702,2019-0148,Project,,,,,0,0,"APPROVE:

A.	RECEIVING AND FILING the North Hollywood to Pasadena BRT Corridor Alternatives Analysis (AA) Study Report; and 

B.	AUTHORIZING the CEO to initiate the Draft Environmental Impact Report (DEIR)."
1475,2019-04-25,Board of Directors - Regular Board Meeting,40593,,45,,,,,,,,0,0,PLANNING AND PROGRAMMING COMMITTEE FORWARDED WITHOUT RECOMMENDATION:
1475,2019-04-25,Board of Directors - Regular Board Meeting,40594,16.1,44,5813,2019-0259,Motion / Motion Response,,,,,0,0,"APPROVE Motion by Garcetti, Dupont-Walker, Hahn, Solis and Butts that the Board direct the CEO to:

A.	Advance technically feasible rail concepts previously identified through the 2017 Vermont Bus Rapid Transit (BRT) Technical Study into environmental review to preserve the ability to deliver rail transit if additional funding materializes;

B.	Include a feasibility study of extending the Vermont Transit Corridor to the South Bay Silver Line Pacific Coast Highway transitway station to ensure reg"
1475,2019-04-25,Board of Directors - Regular Board Meeting,40595,19,13,5519,2018-0788,Appointment,,,,,0,0,APPROVE Nominees for membership on Metro’s Service Councils.
1475,2019-04-25,Board of Directors - Regular Board Meeting,40596,,12,,,,,,,,0,0,"OPERATIONS, SAFETY AND CUSTOMER EXPERIENCE COMMITTEE MADE THE FOLLOWING RECOMMENDATION (4-0):"
1475,2019-04-25,Board of Directors - Regular Board Meeting,40597,20,15,5665,2019-0111,Contract,,,,,0,0,"AUTHORIZE the Chief Executive Officer to award a two-year, firm fixed price Contract No. MA57367000 to KNS Industrial Supply, the lowest responsive and responsible bidder for Safety Vests.  The one-year base contract amount is $576,350 inclusive of sales tax, and the one-year option amount is $590,741, inclusive of sales tax, for a total contract amount of $1,167,091, subject to resolution of protest(s), if any."
1475,2019-04-25,Board of Directors - Regular Board Meeting,40598,,14,,,,,,,,0,0,"OPERATIONS, SAFETY AND CUSTOMER EXPERIENCE COMMITTEE MADE THE FOLLOWING RECOMMENDATION (4-0):"
1475,2019-04-25,Board of Directors - Regular Board Meeting,40599,23,17,5667,2019-0113,Contract,,,,,0,0,"CONSIDER:
 
A.	FINDING that there is only a single source of procurement to obtain Metro Blue Line Train Control Vital Relays to support Rail Wayside System Maintenance. The Board hereby authorizes purchase of the Vital Relays for the sole purpose of duplicating and replacing system equipment already in use; and  

(REQUIRES 2/3 VOTE OF THE BOARD)

B.	AUTHORIZING the Chief Executive Officer to award a 24-month sole source, fixed price Contract Number OP58657000 to Twinco Mfg. Co., Inc. for an am"
1475,2019-04-25,Board of Directors - Regular Board Meeting,40600,,16,,,,,,,,0,0,"OPERATIONS, SAFETY AND CUSTOMER EXPERIENCE COMMITTEE MADE THE FOLLOWING RECOMMENDATION (4-0):"
1475,2019-04-25,Board of Directors - Regular Board Meeting,40601,25,19,5744,2019-0190,Contract,,,,,0,0,"AUTHORIZE the Chief Executive Officer to award the following three-year base term contracts for regions 1 through 4; subject to resolution of protest(s) if any: 

A.	AWARD a firm fixed unit rate Contract No. OP1246400003367, for Region 1 to Graffiti Shield, Inc., to provide glass anti-graffiti film maintenance and replacement services throughout Metro Red Line (MRL), Metro Orange Line (MOL) and various bus and rail locations within the geographical area specified as Region 1, for a not-to-exceed"
1475,2019-04-25,Board of Directors - Regular Board Meeting,40602,,18,,,,,,,,0,0,"OPERATIONS, SAFETY AND CUSTOMER EXPERIENCE COMMITTEE MADE THE FOLLOWING RECOMMENDATION (5-0):"
1475,2019-04-25,Board of Directors - Regular Board Meeting,40603,,43,,,,,,,,0,0,PLANNING AND PROGRAMMING COMMITTEE MADE THE FOLLOWING RECOMMENDATION (3-0):
1475,2019-04-25,Board of Directors - Regular Board Meeting,40604,30,21,5653,2019-0099,Project,,,,,0,0,"AUTHORIZE an increase in the life of project (LOP) budget for Project No. 202808 by $440,000 for Central Maintenance Facility (CMF) Building 5 Dust Collection System project from $785,000 to $1,225,000."
1475,2019-04-25,Board of Directors - Regular Board Meeting,40605,,20,,,,,,,,0,0,CONSTRUCTION COMMITTEE MADE THE FOLLOWING RECOMMENDATION (4-0):
1475,2019-04-25,Board of Directors - Regular Board Meeting,40606,31,48,5707,2019-0153,Contract,,,,,0,0,"AUTHORIZE:

A.	An increase to the total authorized funding for Contract No. AE35279 with Kal Krishnan Consulting Services/Triunity Engineering and Management Joint Venture (KTJV), for pending and future Contract Work Orders to provide Program Management Support Services (PMSS) in the amount of $65,838,110, increasing the authorized funding limit from $24,970,960 to $90,809,070, consistent with previous action taken by the Board in June 2017 for the remaining five years of the contract, which inc"
1475,2019-04-25,Board of Directors - Regular Board Meeting,40607,,47,,,,,,,,0,0,CONSTRUCTION COMMITTEE FORWARDED WITHOUT RECOMMENDATION:
1475,2019-04-25,Board of Directors - Regular Board Meeting,40608,34,55,5723,2019-0169,Informational Report,,,,,0,0,RECEIVE AND FILE status report on the Los Angeles Aerial Rapid Transit Project.
1475,2019-04-25,Board of Directors - Regular Board Meeting,40609,,54,,,,,,,,0,0,EXECUTIVE MANAGEMENT COMMITTEE FORWARDED WITHOUT RECOMMENDATION:
1475,2019-04-25,Board of Directors - Regular Board Meeting,40611,35,23,5693,2019-0139,Contract,,,,,0,0,"AUTHORIZE the Chief Executive Officer to:

A.	EXECUTE Modification No. 3 to the Labor Compliance Bench (the Bench) Contract Numbers PS-21307700 A-J, for labor compliance monitoring services, to exercise the fourth and fifth year options, extending the contract term from July 1, 2019 to June 30, 2021, and increasing the total authorized not-to-exceed amount by $4,000,000 ($2,000,000 for each option year) from $19,056,648 to $23,056,648; and 

B.	AWARD AND EXECUTE task orders for a not-to-exce"
1475,2019-04-25,Board of Directors - Regular Board Meeting,40613,,22,,,,,,,,0,0,EXECUTIVE MANAGEMENT COMMITTEE MADE THE FOLLOWING RECOMMENDATION (4-0-1):
1475,2019-04-25,Board of Directors - Regular Board Meeting,40614,36,25,5764,2019-0210,Motion / Motion Response,,,,,0,0,"CONSIDER:

A.	RECEIVING AND FILING the response to Motion 32.3 (Congestion Pricing) by Directors Garcetti, Kuehl, Butts, Solis, and Hahn; and 

B.	APPROVING Next Steps for Congestion Pricing Feasibility Study, which includes:

·	May 2019: Staff will issue Requests for Proposals for 1) Technical Services (includes Equity Analysis) and 2) Communications Plan and Public Engagement Services;

·	Summer 2019: Seek Board authorization to award contract; and

·	Ongoing: Staff will conduct ongo"
1475,2019-04-25,Board of Directors - Regular Board Meeting,40615,,24,,,,,,,,0,0,EXECUTIVE MANAGEMENT COMMITTEE MADE THE FOLLOWING RECOMMENDATION (5-0):
1475,2019-04-25,Board of Directors - Regular Board Meeting,40616,37,27,5730,2019-0176,Contract,,,,,0,0,"AUTHORIZE the Chief Executive Officer to execute Modification No. 2 to Task Order No. PS50315-3049000 with Sperry Capital Inc. to finalize the Business Case for West Santa Ana Branch Light Rail Transit Project (“WSAB” or “the Project”) in the amount of $977,040 increasing the not-to-exceed task order value from $1,099,970 to $2,077,010."
1475,2019-04-25,Board of Directors - Regular Board Meeting,40617,,26,,,,,,,,0,0,EXECUTIVE MANAGEMENT COMMITTEE MADE THE FOLLOWING RECOMMENDATION (5-0):
1475,2019-04-25,Board of Directors - Regular Board Meeting,40619,33,52,5602,2019-0048,Federal Legislation / State Legislation (Position),,,,,0,0,"ADOPT staff recommended positions:

A.	Senate Bill 43 (Allen) - Carbon Taxes WORK WITH AUTHOR

B.	Senate Bill 7 (Portantino) - State Highway Route 710 SUPPORT

C.	Assembly Bill 29 (Holden) - State Highway Route 710 SUPPORT

D.	Senate Bill 152 (Beall) - Active Transportation Program WORK WITH AUTHOR OPPOSE UNLESS AMENDED

E.	Assembly Bill 1402 (Petrie-Norris) - Active Transportation Program OPPOSE UNLESS AMENDED

F.	Assembly Bill 752 (Gabriel) - Public Transit: Transit stations: Lactation rooms W"
1475,2019-04-25,Board of Directors - Regular Board Meeting,40620,,51,,,,,,,,0,0,EXECUTIVE MANAGEMENT COMMITTEE MADE THE FOLLOWING RECOMMENDATION AS AMENDED (5-0):
1475,2019-04-25,Board of Directors - Regular Board Meeting,40621,3,29,5811,2019-0257,Informational Report,,,,,0,0,RECEIVE remarks by the Chair.
1475,2019-04-25,Board of Directors - Regular Board Meeting,40623,4,30,5812,2019-0258,Informational Report,,,,,0,0,RECEIVE report by the Chief Executive Officer.
1475,2019-04-25,Board of Directors - Regular Board Meeting,40624,43,63,5815,2019-0261,Informational Report,,,,,0,0,"A.	Conference with Legal Counsel - Existing Litigation - G.C. 54956.9(d)(1)

1.	Ceon Rayneil Gordon v. LACMTA, LASC Case No. BC633887

2.	Cutbertha Rincon v. LACMTA, LASC Case No. BC669156

B.	Conference with Legal Counsel - Anticipated Litigation - G.C. 54956.9(d)(2)

		Significant Exposure to Litigation (One Case)"
1475,2019-04-25,Board of Directors - Regular Board Meeting,40625,38,56,5750,2019-0196,Contract,,,,,0,0,"AUTHORIZE the Chief Executive Officer (CEO) to execute a two-year, firm fixed price Contract No. AE57645000 with HNTB Corporation in the amount of $5,006,899.68 for Architectural and Engineering (A&E) services for the preparation of a Project Approval and Environmental Document (PA&ED) for the SR-91 Acacia Court to Central Avenue Improvement Project (the Project), subject to resolution of protest(s), if any.

(CARRIED-OVER FROM MARCH BOARD MEETING)"
1475,2019-04-25,Board of Directors - Regular Board Meeting,40626,39,57,5751,2019-0197,Contract,,,,,0,0,"CONSIDER:

A.	INCREASING Design Life-of-Project (LOP) Budget for Metro Gold Line Interstate 210 Barrier Replacement, (CP Number 405581) by $11,463,026, increasing the LOP budget from $11,078,366 to $22,541,392; and

B.	AUTHORIZING the Chief Executive Officer to execute Contract Modification No. 1 to the On-Call Highway Program Project Delivery Support Services Contract Nos. AE30673000, AE30673001, AE30673002 with AECOM, CH2M Hill, and Parsons Transportation Group, respectively, in the amount"
1475,2019-04-25,Board of Directors - Regular Board Meeting,40627,40,58,5763,2019-0209,Contract,,,,,0,0,"AUTHORIZE the Chief Executive Officer to award a 60-month, Indefinite Delivery/Indefinite Quantity (IDIQ) Contract no. MA51966000 to AmePower, the lowest responsive and responsible bidder, for the overhaul of P2550 Light Rail Vehicle Static Inverter Auxiliary Power Supply/Low Voltage Power Supply (APS/LVPS) Overhaul. This award is a not-to-exceed amount of $2,714,220 subject to resolution of protest(s), if any."
1475,2019-04-25,Board of Directors - Regular Board Meeting,40628,41,59,5780,2019-0226,Policy,,,,,0,0,"CONSIDER:

A.	HOLDING a public hearing on the proposed Resolution of Necessity; and

B.	ADOPTING Resolution of Necessity (Attachment B) authorizing the commencement of an eminent domain action to acquire a Temporary Construction Easement (TCE) and site improvements within the TCE area from the properties identified as Parcels: CPN-80901 (APN: 7401-023-009); CPN-80914 (APN: 7401-008-010); CPN-80945 (APN: 7312-022-004); CPN-80983 (APN: 7312-008-018); CPN-80982 (APN: 7312-008-017); CPN-81000 (APN: "
1475,2019-04-25,Board of Directors - Regular Board Meeting,40630,2,5,5754,2019-0200,Minutes,,,,,0,0,"APPROVE Minutes of the Regular Board Meeting held March 28, 2019."
1475,2019-04-25,Board of Directors - Regular Board Meeting,40632,32,49,5598,2019-0044,Informational Report,,,,,0,0,RECEIVE AND FILE State and Federal Legislative Report.
1475,2019-04-25,Board of Directors - Regular Board Meeting,40633,,64,5817,2019-0263,Informational Report,,,,,0,0,RECEIVE General Public Comment
1475,2019-04-25,Board of Directors - Regular Board Meeting,40634,33.1,53,5818,2019-0264,Motion / Motion Response,,,,,0,0,"APPROVE Amending Motion by Solis, Barger, Butts, Krekorian, and Najarian that the Board amend Item No. 33 to add the following directives: 

G. DIRECT the CEO to send a letter on behalf of the Board of Directors to the Governor of California and the California High-Speed Rail Authority to request re-evaluation of plans to further invest in the Central Valley high speed rail segments and to consider prioritizing funding to advance critical projects in Los Angeles County that would support the H"
1475,2019-04-25,Board of Directors - Regular Board Meeting,40635,42,60,5819,2019-0265,Motion / Motion Response,,,,,0,0,"APPROVE Motion by Solis, Garcetti, Barger, Hahn, Butts and Kuehl that the Board direct the CEO to report back in July 2019 on:

A.	Recommendations to expand eligibility of the Youth on the Move program, including considering expanding the eligible age range from 18 to 21 to 16 to 24 or beyond;

B.	Improved marketing strategies for Youth on the Move, in partnership with the Los Angeles County Department of Children & Family Services (DCFS) and the Los Angeles County Probation Department;

C"
1475,2019-04-25,Board of Directors - Regular Board Meeting,40636,,33,,,,,,,,0,0,page break
1475,2019-04-25,Board of Directors - Regular Board Meeting,40637,,42,,,,,,,,0,0,page break
1475,2019-04-25,Board of Directors - Regular Board Meeting,40638,,50,,,,,,,,0,0,page break
1475,2019-04-25,Board of Directors - Regular Board Meeting,40639,,62,,,,,,,,0,0,page break
1476,2019-05-23,Board of Directors - Regular Board Meeting,41909,,1,,,,,,,,0,0,CALL TO ORDER
1476,2019-05-23,Board of Directors - Regular Board Meeting,41910,,2,,,,,,,,0,0,ROLL CALL
1476,2019-05-23,Board of Directors - Regular Board Meeting,41911,1,3,,,,,,,,0,0,"APPROVE Consent Calendar Items: 2, 8, 14, 15, 16, 17, *22, 26, 28, 30, 31, 32, 35, 37, 38

Consent Calendar items are approved by one motion unless held by a Director for discussion and/or separate action.

**Item requires 2/3 vote."
1476,2019-05-23,Board of Directors - Regular Board Meeting,41912,,4,,,,,,,,0,0,CONSENT CALENDAR
1476,2019-05-23,Board of Directors - Regular Board Meeting,41917,,34,,,,,,,,0,0,NON-CONSENT
1476,2019-05-23,Board of Directors - Regular Board Meeting,41920,,48,,,,,,,,0,0,END OF NON-CONSENT ITEMS
1476,2019-05-23,Board of Directors - Regular Board Meeting,41921,45,49,5993,2019-0439,Informational Report,,,,,0,0,"A.	Conference with Legal Counsel - Existing Litigation - G.C. 54956.9(d)(1)

1.	   Arch Insurance Company v. LACMTA, LASC Case No. BC625948
2.	Wei Zheng and (Lu Honghai), et al. v. LACMTA, LASC Case No. BC593874


B.	Conference with Legal Counsel - Anticipated Litigation - G.C. 54956.9(d)(4) 
Initiation of Litigation (One Case)


C.     Conference with Real Property Negotiator - G.C. 54956.8 
	Property Description:  Wilmington Avenue & E. 119th Street,
                               "
1476,2019-05-23,Board of Directors - Regular Board Meeting,41948,,51,,,,,,,,0,0,"Consideration of items not on the posted agenda, including: items to be presented and (if requested) referred to staff; items to be placed on the agenda for action at a future meeting of the Committee or Board; and/or items requiring immediate action because of an emergency situation or where the need to take immediate action came to the attention of the Committee subsequent to the posting of the agenda."
1476,2019-05-23,Board of Directors - Regular Board Meeting,41949,,52,,,,,,,,0,0,COMMENTS FROM THE PUBLIC ON ITEMS OF PUBLIC INTEREST WITHIN COMMITTEE’S SUBJECT MATTER JURISDICTION
1476,2019-05-23,Board of Directors - Regular Board Meeting,41950,,53,,,,,,,,0,0,Adjournment
1476,2019-05-23,Board of Directors - Regular Board Meeting,41951,2,5,5835,2019-0281,Minutes,,,,,0,0,"APPROVE Minutes of the Regular Board Meeting held April 25, 2019."
1476,2019-05-23,Board of Directors - Regular Board Meeting,41954,,16,,,,,,,,0,0,"OPERATIONS, SAFETY AND CUSTOMER EXPERIENCE COMMITTEE MADE THE FOLLOWING RECOMMENDATION (3-0): "
1476,2019-05-23,Board of Directors - Regular Board Meeting,41955,17,15,5666,2019-0112,Contract,,,,,0,0,"AUTHORIZE the Chief Executive Officer to execute Modification No. 2 to Contract No. OP43306000 with Ansaldo STS USA, Inc. (Ansaldo STS) in the amount of $996,221, increasing the total contract value from $18,691,449 to $19,687,670, for the fabrication of a train control simulator lab."
1476,2019-05-23,Board of Directors - Regular Board Meeting,41956,,14,,,,,,,,0,0,"OPERATIONS, SAFETY AND CUSTOMER EXPERIENCE COMMITTEE MADE THE FOLLOWING RECOMMENDATION (3-0): "
1476,2019-05-23,Board of Directors - Regular Board Meeting,41957,,30,,,,,,,,0,0,"FINANCE, BUDGET AND AUDIT COMMITTEE MADE THE FOLLOWING RECOMMENDATION (4-0): "
1476,2019-05-23,Board of Directors - Regular Board Meeting,41958,16,13,5787,2019-0233,Program,,,,,0,0,"CONSIDER:

A.	APPROVING:

1.	Programming of $497,474 in Measure M MSP - Bus System Improvement Program (Attachment A); 

2.	Inter-program borrowing and programming of $14,676,801 from subregion’s Measure M Multi-year Subregional Program (MSP) - Bus System Improvement and Highway Demand Based Programs to Active Transportation Program (Attachment B);

3.	Inter-program borrowing and programming of $16,890,775 from subregion’s Measure M MSP - Highway Demand Based Program to to First/Last Mil"
1476,2019-05-23,Board of Directors - Regular Board Meeting,41959,,32,,,,,,,,0,0,"FINANCE, BUDGET AND AUDIT COMMITTEE MADE THE FOLLOWING RECOMMENDATION (4-0): "
1476,2019-05-23,Board of Directors - Regular Board Meeting,41960,37,31,5752,2019-0198,Budget,,,,,0,0,"CONSIDER:

A.	ADOPTING the proposed FY20 Budget as presented in the budget document (provided in a separate transmittal and posted on metro.net): 

1.	AUTHORIZING $7.2 billion annual consolidated expenditures to achieve goals and objectives set forth by the Board adopted Metro Vision 2028 strategic plan; 

2.	AUTHORIZING a total of 10,219 FTEs with 8,482 Represented FTEs and 1,737 Non-Represented FTEs which includes an increase of 45 Non-Represented FTEs;

3.	AUTHORIZING a 4% merit-based"
1476,2019-05-23,Board of Directors - Regular Board Meeting,41964,42,45,5758,2019-0204,Policy,,,,,0,0,"CONSIDER:

A.	HOLDING a public hearing on the proposed Resolution of Necessity; and

B.	ADOPTING a Resolution of Necessity authorizing the commencement of an eminent domain action to acquire a permanent subsurface tunnel easement in the property identified as Parcel: W-3507 (APN: 4319-005-900) (APN: 4328-005-900) (hereinafter the “Property”).

(REQUIRES TWO-THIRDS VOTE OF THE BOARD)"
1476,2019-05-23,Board of Directors - Regular Board Meeting,41965,33,42,5810,2019-0256,Contract,,,,,0,0,"AUTHORIZE the Chief Executive Officer (CEO) to award Contract C45161C1152 to Tutor Perini/O&G, JV, for the final design and construction of the Westside Purple Line Extension Section 3 Project Stations, Trackwork, Systems and Testing in the amount of $1,363,620,000, pursuant to the Federal Transit Administration (FTA) approved Letter of No Prejudice (LONP) instead of a Full Funding Grant Agreement at this time."
1476,2019-05-23,Board of Directors - Regular Board Meeting,41966,,41,,,,,,,,0,0,CONSTRUCTION COMMITTEE FORWARDED THE FOLLOWING DUE TO ABSENCES AND CONFLICTS: 
1476,2019-05-23,Board of Directors - Regular Board Meeting,41967,10,40,5745,2019-0191,Motion / Motion Response,,,,,0,0,RECEIVE AND FILE report on potential changes in the California High Speed Rail system.
1476,2019-05-23,Board of Directors - Regular Board Meeting,41968,,39,,,,,,,,0,0,PLANNING AND PROGRAMMING COMMITTEE FORWARDED WITHOUT RECOMMENDATION: 
1476,2019-05-23,Board of Directors - Regular Board Meeting,41969,9,38,5748,2019-0194,Agreement,,,,,0,0,AUTHORIZE the Chief Executive Officer to execute an amendment to the Exclusive Negotiations and Planning Agreement with A Community of Friends to extend the term for an additional 24 months for the joint development of Metro-owned property at 1st and Lorena Street along the Metro Gold Line.
1476,2019-05-23,Board of Directors - Regular Board Meeting,41970,,37,,,,,,,,0,0,PLANNING AND PROGRAMMING COMMITTEE FORWARDED THE FOLLOWING DUE TO ABSENCES AND CONFLICTS:  
1476,2019-05-23,Board of Directors - Regular Board Meeting,41971,,12,,,,,,,,0,0,PLANNING AND PROGRAMMING COMMITTEE MADE THE FOLLOWING RECOMMENDATION (3-0): 
1476,2019-05-23,Board of Directors - Regular Board Meeting,41972,15,11,5776,2019-0222,Program,,,,,0,0,"CONSIDER:

A.	APPROVING:

1.	Programming of $3,958,591 in Measure M Multi-Year Subregional Program (MSP) - Modal Connectivity and Complete Streets Program (Attachment A);

2.	Programming of $10,793,663 in Measure M MSP - Transit Program (Attachment B); 

3.	Inter-program borrowing and programming of $7,131,180 from Subregion’s Measure M MSP - Modal Connectivity and Complete Streets and Transit Programs to Active Transportation Program (Attachment C);

4.	Inter-program borrowing and programming o"
1476,2019-05-23,Board of Directors - Regular Board Meeting,41973,,10,,,,,,,,0,0,PLANNING AND PROGRAMMING COMMITTEE MADE THE FOLLOWING RECOMMENDATION (3-0): 
1476,2019-05-23,Board of Directors - Regular Board Meeting,41974,14,9,5315,2018-0584,Contract,,,,,0,0,"AUTHORIZE the Chief Executive Officer to: 

A.	EXECUTE Modification No. 1 to Task Order No. AE115994000 with IBI Group, for the Purple Line Sections 2 and 3 First/Last Mile (FLM) Plan and Guidelines (Project), to: 1) provide additional community engagement for the Purple Line FLM planning, and 2) further the development of the FLM Guidelines, in the amount of $118,512 increasing the task order value from $986,246 to $1,104,758; and

B.	INCREASE Contract Modification Authority (CMA) specific "
1476,2019-05-23,Board of Directors - Regular Board Meeting,41975,,8,,,,,,,,0,0,PLANNING AND PROGRAMMING COMMITTEE MADE THE FOLLOWING RECOMMENDATION (3-0): 
1476,2019-05-23,Board of Directors - Regular Board Meeting,41976,8,7,5737,2019-0183,Program,,,,,0,0,"CONSIDER: 

A.	AWARDING $1,053,341 to five new Open Streets events scheduled through December 2020 (Attachment B-1);

B.	REPROGRAMMING $242,000 from one cancelled Open Street Cycle Three event, Paramount and Bellflower Open Streets Neighborhood Connectivity Event, towards the next-highest-scored Cycle Three event, Beach Streets Downtown, in accordance with funding policy; and  

C.	RESERVING the remaining $44,347 in Board-awarded Cycle Three and 2020 Mini-cycle funds to be REPROGRAMMED in "
1476,2019-05-23,Board of Directors - Regular Board Meeting,41977,,6,,,,,,,,0,0,PLANNING AND PROGRAMMING COMMITTEE MADE THE FOLLOWING RECOMMENDATION (3-0): 
1476,2019-05-23,Board of Directors - Regular Board Meeting,41978,38,33,5782,2019-0228,Program,,,,,0,0,"CONSIDER:

A.	APPROVING the Los Angeles County Metropolitan Transportation Authority’s (Metro) share of the Southern California Regional Rail Authority’s (SCRRA operated as “Metrolink”) FY 2019-20 Budget Transmittal dated April 22, 2019, in the amount of $111,341,440 along with Metro’s enhanced operations programs in the amount of $6,546,563 as listed in Attachment A for a totaling programming amount of $117,888,003; 

B.	REPROGRAMMING the use of $3,237,526 in FY 2017-18 Operating Surplus to fun"
1476,2019-05-23,Board of Directors - Regular Board Meeting,41979,,24,,,,,,,,0,0,CONSTRUCTION COMMITTEE MADE THE FOLLOWING RECOMMENDATION (3-0): 
1476,2019-05-23,Board of Directors - Regular Board Meeting,41980,30,23,5741,2019-0187,Contract,,,,,0,0,"AUTHORIZE:

A.	an increase to the total funding for Contract PS26331 with MARRS Services, Inc., for pending and future task orders to provide Construction Management Support Services (CMSS) in an amount not to exceed $3,000,000, increasing the total value from $3,000,000 to $6,000,000;

B.	the Chief Executive Officer to exercise the two one-year options in Contract PS26331; and

C.	the Chief Executive Officer to execute individual Task Orders (TOs) and Contract Modifications within the Boa"
1476,2019-05-23,Board of Directors - Regular Board Meeting,41981,,22,,,,,,,,0,0,CONSTRUCTION COMMITTEE MADE THE FOLLOWING RECOMMENDATION (3-0): 
1476,2019-05-23,Board of Directors - Regular Board Meeting,41982,28,21,5710,2019-0156,Contract,,,,,0,0,"CONSIDER: 

A.	AUTHORIZING the Chief Executive Officer to award a Contract to Merriwether & Williams Insurance Services (MWIS) for a not to exceed amount of $2,197,870 for a three-year Bonding Assistance Program, effective June 1, 2019 to May 31, 2022;

B.	ADOPTING a resolution, Attachment A, authorizing the Chief Executive Officer and other Authorized Officers to continue the $4,000,000 line of credit with Bank of America at a cost of $18,000 per year, for three years and to execute as need"
1476,2019-05-23,Board of Directors - Regular Board Meeting,41983,,20,,,,,,,,0,0,CONSTRUCTION COMMITTEE MADE THE FOLLOWING RECOMMENDATION (3-0): 
1476,2019-05-23,Board of Directors - Regular Board Meeting,41984,26,19,5796,2019-0242,Contract,,,,,0,0,"AUTHORIZE the Chief Executive Officer to execute Contract Modification No. 1 to Contract No. H-705713 with Los Angeles County Department of Health Services to extend the contract for Metro’s C3 (city, county, community) homeless outreach teams for an additional two years at the cost of $4,940,000 annually for a total cost of $9,880,000, inclusive of administrative fees."
1476,2019-05-23,Board of Directors - Regular Board Meeting,41985,,18,,,,,,,,0,0,"OPERATIONS, SAFETY AND CUSTOMER EXPERIENCE COMMITTEE MADE THE FOLLOWING RECOMMENDATION (3-0): "
1476,2019-05-23,Board of Directors - Regular Board Meeting,41986,22,17,5611,2019-0057,Contract,,,,,0,0,"CONSIDER:

A.	AUTHORIZING the Chief Executive Officer (CEO) to solicit a Best Value Request for Proposals (RFPs), as competitive negotiations, pursuant to Public Contract Code (PCC)  §20217 and Metro’s procurement policies and procedures for the midlife modernization of Metro’s P2550 Light Rail Vehicles (LRV’s); and

(REQUIRES 2/3 VOTE OF THE FULL BOARD)

B.	ESTABLISHING a Life of Project budget (LOP) of $160 million for the midlife modernization of Metro’s fifty (50) P2550 LRVs; for CP 21"
1476,2019-05-23,Board of Directors - Regular Board Meeting,41989,32,27,5775,2019-0221,Contract,,,,,0,0,"AUTHORIZE the Chief Executive Officer to: 

A.	EXECUTE Modification No.6 for Contract No. PS298340011486 with Gruen Associates, for design (Phase II) and construction support (Phase III) modifications for Site Work, New Shoofly, Rail Platform Revisions and Design Adjustments in the firm fixed amount of $2,064,031.93 increasing the total contract value from $17,954,941 to $20,018,972.93; and

B.	INCREASE Contract Modification Authority (CMA) specific to Contract No. PS298340011486 with Gruen Asso"
1476,2019-05-23,Board of Directors - Regular Board Meeting,41990,,26,,,,,,,,0,0,CONSTRUCTION COMMITTEE MADE THE FOLLOWING RECOMMENDATION (3-0): 
1476,2019-05-23,Board of Directors - Regular Board Meeting,41991,31,25,5749,2019-0195,Contract,,,,,0,0,"INCREASE the Life of Project Budget for Patsaouras Bus Plaza Station Project (CP Number 202317) by $11,120,000, increasing the Life of Project Budget from $39,793,000 to $50,913,000."
1476,2019-05-23,Board of Directors - Regular Board Meeting,41992,35,29,5829,2019-0275,Federal Legislation / State Legislation (Position),,,,,0,0,"ADOPT staff recommended positions:

A.	Senate Bill 498 (Hurtado) - Trade Corridors Improvement Fund: Grant Program: Short-Line Railroads OPPOSE

B.	Assembly Constitutional Amendment 1 (Aguiar-Curry) - Local Government Financing: Affordable Housing And Public Infrastructure: Voter Approval SUPPORT"
1476,2019-05-23,Board of Directors - Regular Board Meeting,41993,,28,,,,,,,,0,0,EXECUTIVE MANAGEMENT COMMITTEE MADE THE FOLLOWING RECOMMENDATION (5-0):
1476,2019-05-23,Board of Directors - Regular Board Meeting,41994,41,44,5757,2019-0203,Policy,,,,,0,0,"CONSIDER:

A.	HOLDING a public hearing on the proposed Resolution of Necessity; and

B.	ADOPTING a Resolution of Necessity authorizing the commencement of an eminent domain action to acquire two permanent subsurface tunnel easements and two temporary subsurface grouting easements in the properties identified as Parcels: W-3601, W-3601D, W-3601E (APN: 4319-001-902; 4319-001-901); W-3605 (APN: 4319-001-900) (hereinafter the “Property”).

(REQUIRES TWO-THIRDS VOTE OF THE BOARD)"
1476,2019-05-23,Board of Directors - Regular Board Meeting,41995,44,47,5834,2019-0280,Project,,,,,0,0,"CONSIDER:

A.	RECEIVING AND FILING the North Hollywood to Pasadena BRT Corridor Alternatives Analysis (AA) Study Report; 

B.	AUTHORIZING the CEO to initiate the Draft Environmental Impact Report (DEIR); and 

C.	DIRECTING staff to study, as part of the EIR, the feasibility of dedicated bus lanes between the North Hollywood Station and Metro Gold Line, and the extension of BRT service in mixed flow traffic lanes from the Metro Gold Line to Pasadena City College.

(CARRIED OVER FROM APRIL)"
1476,2019-05-23,Board of Directors - Regular Board Meeting,41996,43,46,5832,2019-0278,Contract,,,,,0,0,"AUTHORIZE the Chief Executive Officer (CEO) to:

A.	AWARD six task order based on-call Contracts for Regional Rail Planning and Environmental services to the firms listed below for a five-year base period in an amount not-to-exceed $10 million, with two, one-year options not-to-exceed $2 million each year, for a not-to-exceed cumulative total funding amount of $14 million, subject to resolution of protest(s) if any. The following firms are recommended for award:
							
1.	Gensler, Contract Numb"
1476,2019-05-23,Board of Directors - Regular Board Meeting,41998,4,36,5992,2019-0438,Informational Report,,,,,0,0,RECEIVE report by the Chief Executive Officer.
1476,2019-05-23,Board of Directors - Regular Board Meeting,41999,3,35,5991,2019-0437,Informational Report,,,,,0,0,RECEIVE remarks by the Chair.
1476,2019-05-23,Board of Directors - Regular Board Meeting,42001,,50,5994,2019-0440,Informational Report,,,,,0,0,RECEIVE General Public Comment
1476,2019-05-23,Board of Directors - Regular Board Meeting,42007,40,43,5778,2019-0224,Informational Report,,,,,0,0,RECEIVE AND FILE status report on financial forecast to deliver the Twenty-Eight by ’28 Initiative.
1477,2019-06-27,Board of Directors - Regular Board Meeting,42927,,107,,,,,,,,0,0,
1477,2019-06-27,Board of Directors - Regular Board Meeting,42928,,106,,,,,,,,0,0,
1477,2019-06-27,Board of Directors - Regular Board Meeting,42929,,105,,,,,,,,0,0,
1477,2019-06-27,Board of Directors - Regular Board Meeting,42930,,104,,,,,,,,0,0,
1477,2019-06-27,Board of Directors - Regular Board Meeting,42931,,103,,,,,,,,0,0,
1477,2019-06-27,Board of Directors - Regular Board Meeting,42932,,102,,,,,,,,0,0,
1477,2019-06-27,Board of Directors - Regular Board Meeting,42933,,101,,,,,,,,0,0,
1477,2019-06-27,Board of Directors - Regular Board Meeting,42934,,1,,,,,,,,0,0,CALL TO ORDER
1477,2019-06-27,Board of Directors - Regular Board Meeting,42935,,100,,,,,,,,0,0,
1477,2019-06-27,Board of Directors - Regular Board Meeting,42936,,99,,,,,,,,0,0,
1477,2019-06-27,Board of Directors - Regular Board Meeting,42937,,98,,,,,,,,0,0,
1477,2019-06-27,Board of Directors - Regular Board Meeting,42938,,97,,,,,,,,0,0,
1477,2019-06-27,Board of Directors - Regular Board Meeting,42939,,96,,,,,,,,0,0,
1477,2019-06-27,Board of Directors - Regular Board Meeting,42940,,95,,,,,,,,0,0,
1477,2019-06-27,Board of Directors - Regular Board Meeting,42941,,94,,,,,,,,0,0,
1477,2019-06-27,Board of Directors - Regular Board Meeting,42942,,93,,,,,,,,0,0,
1477,2019-06-27,Board of Directors - Regular Board Meeting,42943,,92,,,,,,,,0,0,
1477,2019-06-27,Board of Directors - Regular Board Meeting,42944,,91,,,,,,,,0,0,
1477,2019-06-27,Board of Directors - Regular Board Meeting,42945,,13,,,,,,,,0,0,"FINANCE, BUDGET AND AUDIT COMMITTEE MADE THE FOLLOWING RECOMMENDATION (4-0): "
1477,2019-06-27,Board of Directors - Regular Board Meeting,42946,,11,,,,,,,,0,0,"AD HOC CONGESTION, HIGHWAY AND ROADS COMMITTEE MADE THE FOLLOWING RECOMMENDATION (3-0): "
1477,2019-06-27,Board of Directors - Regular Board Meeting,42947,7,10,5391,2018-0660,Program,,,,,0,0,"CONSIDER:

A.	PROGRAMMING an additional $968,356 for Soundwall Package 10 (Project); and

B.	AUTHORIZING the Chief Executive officer to execute a Funding Agreement with Caltrans to add $968,356 to Soundwall Package 10 to cover the Supplemental NBSSRs, PS&E and Right of Way expenses for the Project to date."
1477,2019-06-27,Board of Directors - Regular Board Meeting,42948,,9,,,,,,,,0,0,"AD HOC CONGESTION, HIGHWAY AND ROADS COMMITTEE MADE THE FOLLOWING RECOMMENDATION (3-0): "
1477,2019-06-27,Board of Directors - Regular Board Meeting,42949,6,8,5624,2019-0070,Program,,,,,0,0,"CONSIDER:

A.	APPROVING $8,384,000 dollars of additional programming within the capacity of the Measure R Highway Subregional Programs and funding changes via the updated project list as shown in Attachment A for:

·	Highway Operational Improvements in Arroyo Verdugo
·	Highway Operational Improvement in Las Virgenes Malibu
·	I-405, I-110, I-105 and SR-91 Ramp and Interchange Improvements (South Bay)
·	I-605 Corridor “Hot Spots” Interchange Improvements in Gateway Cities
·	I-710 South and"
1477,2019-06-27,Board of Directors - Regular Board Meeting,42950,,7,,,,,,,,0,0,"AD HOC CONGESTION, HIGHWAY AND ROADS COMMITTEE MADE THE FOLLOWING RECOMMENDATION (3-0): "
1477,2019-06-27,Board of Directors - Regular Board Meeting,42951,2,6,6008,2019-0454,Minutes,,,,,0,0,"APPROVE Minutes of the Regular Board Meeting held May 23, 2019."
1477,2019-06-27,Board of Directors - Regular Board Meeting,42952,,5,,,,,,,,0,0,CONSENT CALENDAR
1477,2019-06-27,Board of Directors - Regular Board Meeting,42953,1,3,,,,,,,,0,0,"APPROVE Consent Calendar Items:  2, 6, 7, 8, 10, 11, 12, 13, 14, 15, 16, 17, 23, 24, 26, 27, 28, 31, 32, 33, 37, 39, 42."
1477,2019-06-27,Board of Directors - Regular Board Meeting,42954,,2,,,,,,,,0,0,ROLL CALL
1477,2019-06-27,Board of Directors - Regular Board Meeting,42955,,90,,,,,,,,0,0,
1477,2019-06-27,Board of Directors - Regular Board Meeting,42956,,89,,,,,,,,0,0,Adjournment
1477,2019-06-27,Board of Directors - Regular Board Meeting,42957,,88,,,,,,,,0,0,COMMENTS FROM THE PUBLIC ON ITEMS OF PUBLIC INTEREST WITHIN THE BOARD'S SUBJECT MATTER JURISDICTION
1477,2019-06-27,Board of Directors - Regular Board Meeting,42958,,87,,,,,,,,0,0,"Consideration of items not on the posted agenda, including: items to be presented and (if requested) referred to staff; items to be placed on the agenda for action at a future meeting of the Committee or Board; and/or items requiring immediate action because of an emergency situation or where the need to take immediate action came to the attention of the Committee subsequent to the posting of the agenda."
1477,2019-06-27,Board of Directors - Regular Board Meeting,42960,,83,,,,,,,,0,0,END OF NON-CONSENT ITEMS
1477,2019-06-27,Board of Directors - Regular Board Meeting,42962,,86,6076,2019-0522,Informational Report,,,,,0,0,RECEIVE General Public Comment
1477,2019-06-27,Board of Directors - Regular Board Meeting,42964,18,60,5550,2018-0819,Plan,,,,,0,0,"RECEIVE AND FILE status report on the Long Range Transportation Plan (LRTP) Update, including the following informational items:

A.	Draft Baseline Understanding Framework; and

B.	Draft Values Framework."
1477,2019-06-27,Board of Directors - Regular Board Meeting,42965,,31,,,,,,,,0,0,PLANNING AND PROGRAMMING COMMITTEE MADE THE FOLLOWING RECOMMENDATION (3-0): 
1477,2019-06-27,Board of Directors - Regular Board Meeting,42966,17,30,5977,2019-0423,Budget,,,,,0,0,"CONSIDER:

A.	APPROVING local and federal funding request for Access Services (Access) in an amount not to exceed $103,425,544 for FY20. This amount includes:

·	Local funds for operating and capital expenses in the amount of $97,870,848;

·	Local funds paid directly to Metrolink for its participation in Access’ Free Fare Program in the amount of $2,266,696;

·	Programming of Federal Surface Transportation Block Grant (STBG) Program funds for operating expenses in the amount of $3,288,00"
1477,2019-06-27,Board of Directors - Regular Board Meeting,42967,,29,,,,,,,,0,0,"FINANCE, BUDGET AND AUDIT COMMITTEE MADE THE FOLLOWING RECOMMENDATION (4-0): "
1477,2019-06-27,Board of Directors - Regular Board Meeting,42968,,18,,,,,,,,0,0,"FINANCE, BUDGET AND AUDIT COMMITTEE MADE THE FOLLOWING RECOMMENDATION (4-0): "
1477,2019-06-27,Board of Directors - Regular Board Meeting,42969,,16,,,,,,,,0,0,"FINANCE, BUDGET AND AUDIT COMMITTEE MADE THE FOLLOWING RECOMMENDATION (4-0): "
1477,2019-06-27,Board of Directors - Regular Board Meeting,42970,10,14,5800,2019-0246,Program,,,,,0,0,"AUTHORIZE the Chief Executive Officer (CEO) to sign the Petition to establish the Highland Park Business Improvement District (BID) for a period of five years commencing January 1, 2020 through December 31, 2024, for an estimated amount not to exceed $9,239 over the life of the BID renewal."
1477,2019-06-27,Board of Directors - Regular Board Meeting,42974,8,12,5798,2019-0244,Program,,,,,0,0,"APPROVE $3,000,000 in programming for Phase I, Priority 2, Soundwall Packages 12, 13 and 14 Project Initiation/Project Approval Documents."
1477,2019-06-27,Board of Directors - Regular Board Meeting,42977,28,41,5984,2019-0430,Agreement,,,,,0,0,"CONSIDER:

A.	DETERMINING that the Lone Hill to White Double Track Project is Statutorily Exempt, pursuant to California Environmental Quality Act Guidelines Section 15275 (a) and (b); and,

B.	DIRECTING staff to file a CEQA Notice of Exemption for the LHW Double Track Project with the Los Angeles County Clerk."
1477,2019-06-27,Board of Directors - Regular Board Meeting,42978,,56,,,,,,,,0,0,NON-CONSENT
1477,2019-06-27,Board of Directors - Regular Board Meeting,42980,11,17,5847,2019-0293,Contract,,,,,0,0,"AUTHORIZE the Chief Executive Officer to: 

A.	INCREASE authorized funding in the amount of $13 million for the Information Technology Services Bench (IT Bench) to perform information technology support services on an as-needed task order basis with multiple approved firms (see Attachment C) increasing the cumulative total authorized funding from $17 million to $30 million; and

B.	AWARD and EXECUTE task orders for a not to exceed amount of $30 million."
1477,2019-06-27,Board of Directors - Regular Board Meeting,42981,16,28,5940,2019-0386,Project,,,,,0,0,"ADOPT:

A.	Findings and Recommendations (Attachment A) for allocating fiscal year (FY) 2019-20 Transportation Development Act (TDA) Article 8 funds estimated at $28,747,096 as follows:

1.	In the City of Avalon, there are no unmet transit needs that are reasonable to meet, therefore TDA Article 8 funds (Attachment B) in the amount of $164,382 may be used for street and road projects, or transit projects, as described in Attachment A;

2.	In the Cities of Lancaster and Palmdale, there are n"
1477,2019-06-27,Board of Directors - Regular Board Meeting,42982,,27,,,,,,,,0,0,"FINANCE, BUDGET AND AUDIT COMMITTEE MADE THE FOLLOWING RECOMMENDATION (4-0): "
1477,2019-06-27,Board of Directors - Regular Board Meeting,42983,15,26,5920,2019-0366,Formula Allocation / Local Return,,,,,0,0,"AUTHORIZE the Chief Executive Officer to negotiate and execute all necessary agreements between Los Angeles County Metropolitan Transportation Authority (LACMTA) and the Cities for their Capital Reserve Account as approved; and:

A.	ESTABLISH Proposition C Local Return funded Capital Reserve Account for the Cities of Bell, El Monte, and South Gate; and

B.	ESTABLISH Measure R Local Return funded Capital Reserve Account for the Cities of El Monte and Glendale."
1477,2019-06-27,Board of Directors - Regular Board Meeting,42984,,25,,,,,,,,0,0,"FINANCE, BUDGET AND AUDIT COMMITTEE MADE THE FOLLOWING RECOMMENDATION (4-0): "
1477,2019-06-27,Board of Directors - Regular Board Meeting,42985,14,23,5797,2019-0243,Budget,,,,,0,0,"CONSIDER:

A.	APPROVING $2.4 billion in FY20 Transit Fund Allocations for Los Angeles County jurisdictions, transit operators and Metro operations as shown in Attachment A. These allocations comply with federal, state and local regulations and LACMTA Board approved policies and guidelines;

B.	APPROVING fund exchange of Federal Section 5307 discretionary fund awarded to the Southern California Regional Transit Training Consortium (SCRTTC) through Long Beach Transit in the amount of $300,000 "
1477,2019-06-27,Board of Directors - Regular Board Meeting,42986,,22,,,,,,,,0,0,"FINANCE, BUDGET AND AUDIT COMMITTEE MADE THE FOLLOWING RECOMMENDATION (4-0): "
1477,2019-06-27,Board of Directors - Regular Board Meeting,42987,13,21,5736,2019-0182,Program,,,,,0,0,"AUTHORIZE the Chief Executive Officer to negotiate and purchase Public Entity excess liability policies with up to $300 million in limits with an $8 million self-insured retention at a cost not to exceed $6.9 million for the 12-month period effective August 1, 2019 to August 1, 2020."
1477,2019-06-27,Board of Directors - Regular Board Meeting,42988,,20,,,,,,,,0,0,"FINANCE, BUDGET AND AUDIT COMMITTEE MADE THE FOLLOWING RECOMMENDATION (4-0): "
1477,2019-06-27,Board of Directors - Regular Board Meeting,42989,12,19,5808,2019-0254,Plan,,,,,0,0,ADOPT the FY20 Proposed Audit Plan.
1477,2019-06-27,Board of Directors - Regular Board Meeting,42990,38.1,73,6075,2019-0521,Motion / Motion Response,,,,,0,0,"APPROVE Motion by Hahn, Solis, Butts, Garcia and Najarian to direct the CEO to:

1.	Transition the Metro Business Solutions Center from a pilot to a permanent program, and expand the program to all upcoming light rail projects in the Measure M pipeline.

2.	Evaluate and measure the impact of the current Metro Business Solutions Center and identify areas of improvement. 

3.	Propose a funding formula for the expanded Business Solutions Center, including the following equity criteria:
a.	Th"
1477,2019-06-27,Board of Directors - Regular Board Meeting,42992,47,81,6074,2019-0520,Motion / Motion Response,,,,,0,0,"APPROVE Motion by Directors Garcia, Hahn, Solis and Dupont-Walker to direct the CEO to report back to the Board in 120 days on LA County’s micro-mobility services, with the following information for each of the programs operating in LA County:

1.	Program locations, as well as locations no longer being served, including demographics of populations served;
2.	Discount programs and percentage of riders using each such program;
3.	Methods of payment (credit card, cash, etc.);
4.	How these prog"
1477,2019-06-27,Board of Directors - Regular Board Meeting,42993,30,66,5701,2019-0147,Oral Report / Presentation,,,,,0,0,RECEIVE oral report on New Blue Phase 2 Service Update.
1477,2019-06-27,Board of Directors - Regular Board Meeting,42994,,65,,,,,,,,0,0,"OPERATIONS, SAFETY AND CUSTOMER EXPERIENCE COMMITTEE FORWARDED WITHOUT RECOMMENDATION: "
1477,2019-06-27,Board of Directors - Regular Board Meeting,42997,22,64,5505,2018-0774,Plan,,,,,0,0,ADOPT the Transit to Parks Strategic Plan.
1477,2019-06-27,Board of Directors - Regular Board Meeting,42998,,63,,,,,,,,0,0,PLANNING AND PROGRAMMING COMMITTEE FORWARDED WITHOUT RECOMMENDATION: 
1477,2019-06-27,Board of Directors - Regular Board Meeting,42999,,59,,,,,,,,0,0,PLANNING AND PROGRAMMING COMMITTEE FORWARDED WITHOUT RECOMMENDATION: 
1477,2019-06-27,Board of Directors - Regular Board Meeting,43000,48,82,6007,2019-0453,Contract,,,,,0,0,"AUTHORIZE:

A.	an increase to the total funding for Contract PS26331 with MARRS Services, Inc., for pending and future task orders to provide Construction Management Support Services (CMSS) in an amount not to exceed $3,000,000, increasing the total value from $3,000,000 to $6,000,000;

B.	the Chief Executive Officer to exercise the two one-year options in Contract PS26331; and

C.	the Chief Executive Officer to execute individual Task Orders (TOs) and Contract Modifications within the Boa"
1477,2019-06-27,Board of Directors - Regular Board Meeting,43001,45,79,6030,2019-0476,Oral Report / Presentation,,,,,0,0,ELECTION of 2nd Vice Chair.
1477,2019-06-27,Board of Directors - Regular Board Meeting,43002,41,78,6009,2019-0455,Federal Legislation / State Legislation (Position),,,,,0,0,"ADOPT staff recommended position:

A.	Assembly Bill 1112 (Friedman) - Shared mobility devices: local regulation. OPPOSE UNLESS AMENDED"
1477,2019-06-27,Board of Directors - Regular Board Meeting,43003,,77,,,,,,,,0,0,EXECUTIVE MANAGEMENT COMMITTEE FORWARDED WITHOUT RECOMMENDATION:
1477,2019-06-27,Board of Directors - Regular Board Meeting,43004,,40,,,,,,,,0,0,PLANNING AND PROGRAMMING COMMITTEE MADE THE FOLLOWING RECOMMENDATION (3-0): 
1477,2019-06-27,Board of Directors - Regular Board Meeting,43005,27,39,5978,2019-0424,Agreement,,,,,0,0,"APPROVE the amendment of the repayment schedule of federal Surface Transportation Program-Local (STP-L) funds with non-federal funds in the Exchange Agreement between the County of Los Angeles (County) and the Los Angeles County Metropolitan Transportation Authority (Metro) for the State Route 126/Commerce Center Drive Interchange Project, as shown in Attachment A."
1477,2019-06-27,Board of Directors - Regular Board Meeting,43006,,38,,,,,,,,0,0,PLANNING AND PROGRAMMING COMMITTEE MADE THE FOLLOWING RECOMMENDATION (3-0): 
1477,2019-06-27,Board of Directors - Regular Board Meeting,43007,26,36,5974,2019-0420,Project,,,,,0,0,"CONSIDER:

A.	CERTIFYING the Final Environmental Impact Report (FEIR);

B.	AUTHORIZING the Chief Executive Officer (CEO) to file a Notice of Determination with the Los Angeles County Clerk and the State of California Clearinghouse;

C.	ADOPTING the:

1.	Findings of Fact and Statement of Overriding Considerations in accordance with the California Environmental Quality Act (CEQA) and

2.	Mitigation Monitoring and Reporting Plan (MMRP)."
1477,2019-06-27,Board of Directors - Regular Board Meeting,43008,,35,,,,,,,,0,0,PLANNING AND PROGRAMMING COMMITTEE MADE THE FOLLOWING RECOMMENDATION (3-0): 
1477,2019-06-27,Board of Directors - Regular Board Meeting,43009,24,34,5724,2019-0170,Plan,,,,,0,0,"CONSIDER:

A.	ADOPTING Aviation/96th St. Station First/Last Mile Plan;

B.	ADOPTING Gold Line Foothill Extension 2B First/Last Mile Plan; and

C.	DIRECTING staff to return to the Board with implementation recommendations following completion of the First/Last Mile Guidelines in fall 2019."
1477,2019-06-27,Board of Directors - Regular Board Meeting,43010,,33,,,,,,,,0,0,PLANNING AND PROGRAMMING COMMITTEE MADE THE FOLLOWING RECOMMENDATION (3-0): 
1477,2019-06-27,Board of Directors - Regular Board Meeting,43011,23,32,5677,2019-0123,Plan,,,,,0,0,ADOPT Development Guidelines (Attachment A) for the joint development of 3.12 acres of Metro-owned property at the Division 6 site located in the Venice community.
1477,2019-06-27,Board of Directors - Regular Board Meeting,43013,37,50,5618,2019-0064,Contract,,,,,0,0,"CONSIDER:

A.	AUTHORIZING the Chief Executive Officer to execute a seven-year firm fixed price Contract No. AE133246000, with Alta Vista Solutions for the inspection of Metro structures including light rail, roadway, bikeway, and busway bridges, elevated stations, subway tunnels, and retaining walls comprising a base term of five years in the amount of $6,248,047; two, one-year options in the amount of $665,174 for option year one and $1,318,399 for option year two, and $130,223 for an additio"
1477,2019-06-27,Board of Directors - Regular Board Meeting,43014,,49,,,,,,,,0,0,CONSTRUCTION COMMITTEE MADE THE FOLLOWING RECOMMENDATION UNDER RECONSIDERATION (3-0):
1477,2019-06-27,Board of Directors - Regular Board Meeting,43015,34,69,5816,2019-0262,Contract,,,,,0,0,"AUTHORIZE the Chief Executive Officer to:

A.	EXECUTE Modification No. 5 to Contract No. OP3569100, for Region 1 with Woods Maintenance Services, Inc., to provide graffiti abatement, landscape and irrigation maintenance, and trash and vegetation removal services throughout Metro Red Line (MRL), Metro Purple Line, Metro Orange Line (MOL), inactive rights-of-way (IROWs) and various bus and rail locations within the geographical area specified as Region 1, to exercise option year two in the amoun"
1477,2019-06-27,Board of Directors - Regular Board Meeting,43016,,68,,,,,,,,0,0,"OPERATIONS, SAFETY AND CUSTOMER EXPERIENCE COMMITTEE MADE THE FOLLOWING RECOMMENDATION AS AMENDED (3-0):"
1477,2019-06-27,Board of Directors - Regular Board Meeting,43017,33,48,5706,2019-0152,Contract,,,,,0,0,"AUTHORIZE the Chief Executive Officer to execute Contract Modification No. 4 for consultant Technical and Program Management Support Services for the A650 Heavy Rail Vehicle Modernization and Critical Component Replacement Program (MCCRP), Contract No. OP30433488, with LTK Engineering Services, extending the contract for a period of performance by ten (10) months in the not-to-exceed amount of $993,693 for a new total contract value of $5,488,530."
1477,2019-06-27,Board of Directors - Regular Board Meeting,43018,,47,,,,,,,,0,0,"OPERATIONS, SAFETY AND CUSTOMER EXPERIENCE COMMITTEE MADE THE FOLLOWING RECOMMENDATION (3-0):"
1477,2019-06-27,Board of Directors - Regular Board Meeting,43019,32,46,5789,2019-0235,Contract,,,,,0,0,"AUTHORIZE the Chief Executive Officer to execute Contract Modification No. 7 to Contract No. VM67502000, Engine Oil, with Rosemead Oil Products, Incorporated to provide engine oil for Metro’s bus fleet, in the amount of $252,000, increasing the total Contract value from $1,789,600 to $2,041,600."
1477,2019-06-27,Board of Directors - Regular Board Meeting,43020,,45,,,,,,,,0,0,"OPERATIONS, SAFETY AND CUSTOMER EXPERIENCE COMMITTEE MADE THE FOLLOWING RECOMMENDATION (3-0):"
1477,2019-06-27,Board of Directors - Regular Board Meeting,43021,31,44,5822,2019-0268,Informational Report,,,,,0,0,APPROVE Nominees for membership on Metro’s Service Councils.
1477,2019-06-27,Board of Directors - Regular Board Meeting,43022,,43,,,,,,,,0,0,"OPERATIONS, SAFETY AND CUSTOMER EXPERIENCE COMMITTEE MADE THE FOLLOWING RECOMMENDATION (3-0):"
1477,2019-06-27,Board of Directors - Regular Board Meeting,43025,42,55,6011,2019-0457,Federal Legislation / State Legislation (Position),,,,,0,0,"ADOPT staff recommended position:

A.	Senate Bill 846 (Cornyn) / House Resolution 2739 (Rouda) - Federal Funding Prohibition on State-Owned Rolling Stock Firms Based in China WORK WITH AUTHOR"
1477,2019-06-27,Board of Directors - Regular Board Meeting,43026,,54,,,,,,,,0,0,EXECUTIVE MANAGEMENT COMMITTEE MADE THE FOLLOWING RECOMMENDATION (6-0):
1477,2019-06-27,Board of Directors - Regular Board Meeting,43027,39,52,5951,2019-0397,Program,,,,,0,0,AUTHORIZE the implementation of an enterprise-wide Metro Sustainable Acquisition Program.
1477,2019-06-27,Board of Directors - Regular Board Meeting,43028,,51,,,,,,,,0,0,CONSTRUCTION COMMITTEE MADE THE FOLLOWING RECOMMENDATION (3-0):
1477,2019-06-27,Board of Directors - Regular Board Meeting,43029,38,72,5934,2019-0380,Contract,,,,,0,0,"AUTHORIZE the Chief Executive Officer to:

A.	EXECUTE Modification No. 3 to Contract No. PS2890900 with Del Richardson & Associates, Inc. (DRA) for professional services to support the ongoing implementation of the Metro Pilot Crenshaw/LAX Transit Project Business Solution Center (BSC) in an amount not to exceed $582,117, increasing the total contract value from $949,008 to $1,531,125 and extending the period of performance for up to two years; and

B.	RECEIVE AND FILE the status report of the C"
1477,2019-06-27,Board of Directors - Regular Board Meeting,43030,,71,,,,,,,,0,0,CONSTRUCTION COMMITTEE MADE THE FOLLOWING RECOMMENDATION (3-0):
1477,2019-06-27,Board of Directors - Regular Board Meeting,43032,18.1,62,6070,2019-0516,Motion / Motion Response,,,,,0,0,"APPROVE Motion by Directors Bonin, Garcia, Solis, Kuehl, Hahn and Dupont-Walker that the Board direct the CEO to:

A.	Adopt Equity Focus Communities as a working definition under the first pillar of the Equity Platform;

B.	Utilize this definition of Equity Focus Communities to evaluate scenarios in planning efforts currently underway, including NextGen and Congestion Pricing, along with supplemental metrics if necessary and appropriate;

C.	Continue to refine the definition and applicability of"
1477,2019-06-27,Board of Directors - Regular Board Meeting,43033,4,58,6068,2019-0514,Oral Report / Presentation,,,,,0,0,RECEIVE report by the Chief Executive Officer.
1477,2019-06-27,Board of Directors - Regular Board Meeting,43034,3,57,6067,2019-0513,Oral Report / Presentation,,,,,0,0,RECEIVE remarks by the Chair.
1477,2019-06-27,Board of Directors - Regular Board Meeting,43037,46,80,6071,2019-0517,Oral Report / Presentation,,,,,0,0,RECEIVE oral report on Destination Crenshaw.
1477,2019-06-27,Board of Directors - Regular Board Meeting,43038,34.1,70,6072,2019-0518,Motion / Motion Response,,,,,0,0,"APPROVE Motion by Director Solis that the Board direct the CEO to:

A.	Explore utilizing organizations that employ at-risk youth such as conservation corps as part of the contract modifications being requested; and 

B.	Report back in July 2019 on Directive A."
1477,2019-06-27,Board of Directors - Regular Board Meeting,43039,40,76,5600,2019-0046,Informational Report,,,,,0,0,RECEIVE AND FILE State and Federal Legislative Report.
1477,2019-06-27,Board of Directors - Regular Board Meeting,43040,,75,,,,,,,,0,0,EXECUTIVE MANAGEMENT COMMITTEE FORWARDED TO FULL BOARD:
1477,2019-06-27,Board of Directors - Regular Board Meeting,43105,,4,,,,,,,,0,0,Consent Calendar items are approved by one motion unless held by a Director for discussion and/or separate action.
1477,2019-06-27,Board of Directors - Regular Board Meeting,43115,,15,,,,,,,,0,0,PAGE BREAK
1477,2019-06-27,Board of Directors - Regular Board Meeting,43116,,24,,,,,,,,0,0,PAGE BREAK
1477,2019-06-27,Board of Directors - Regular Board Meeting,43117,,37,,,,,,,,0,0,PAGE BREAK
1477,2019-06-27,Board of Directors - Regular Board Meeting,43118,,42,,,,,,,,0,0,PAGE BREAK
1477,2019-06-27,Board of Directors - Regular Board Meeting,43119,,53,,,,,,,,0,0,PAGE BREAK
1477,2019-06-27,Board of Directors - Regular Board Meeting,43120,,61,,,,,,,,0,0,PAGE BREAK
1477,2019-06-27,Board of Directors - Regular Board Meeting,43122,,67,,,,,,,,0,0,PAGE BREAK
1477,2019-06-27,Board of Directors - Regular Board Meeting,43123,,74,,,,,,,,0,0,PAGE BREAK
1477,2019-06-27,Board of Directors - Regular Board Meeting,43124,,84,,,,,,,,0,0,PAGE BREAK
1478,2019-05-15,Budget Public Hearing,41197,1,1,,,,,,,,0,0,CALL TO ORDER
1478,2019-05-15,Budget Public Hearing,41198,2,2,,,,,,,,0,0,ROLL CALL
1478,2019-05-15,Budget Public Hearing,41199,3,3,,,,,,,,0,0,Open Public Hearing.  
1478,2019-05-15,Budget Public Hearing,41200,5,5,,,,,,,,0,0,Staff presentation.
1478,2019-05-15,Budget Public Hearing,41201,,10,,,,,,,,0,0,Adjournment
1478,2019-05-15,Budget Public Hearing,41202,,11,,,,,,,,0,0,"Consideration of items not on the posted agenda, including: items to be presented and (if requested) referred to staff; items to be placed on the agenda for action at a future meeting of the Committee or Board; and/or items requiring immediate action because of an emergency situation or where the need to take immediate action came to the attention of the Committee subsequent to the posting of the agenda."
1478,2019-05-15,Budget Public Hearing,41203,4,4,,,,,,,,0,0,"Statement of the MTA Board Secretary concerning publication of notices and
dissemination of public information."
1478,2019-05-15,Budget Public Hearing,41206,6,6,,,,,,,,0,0,RECEIVE COMMENTS FROM THE PUBLIC ON METRO'S FISCAL YEAR 2020 (FY20) BUDGET.
1478,2019-05-15,Budget Public Hearing,41207,,9,,,,,,,,0,0,Motion to Close Hearing. 
1478,2019-05-15,Budget Public Hearing,41889,,8,5752,2019-0198,Budget,,,,,0,0,"CONSIDER:

A.	ADOPTING the proposed FY20 Budget as presented in the budget document (provided in a separate transmittal and posted on metro.net): 

1.	AUTHORIZING $7.2 billion annual consolidated expenditures to achieve goals and objectives set forth by the Board adopted Metro Vision 2028 strategic plan; 

2.	AUTHORIZING a total of 10,219 FTEs with 8,482 Represented FTEs and 1,737 Non-Represented FTEs which includes an increase of 45 Non-Represented FTEs;

3.	AUTHORIZING a 4% merit-based"
1478,2019-05-15,Budget Public Hearing,41899,,7,,,,,,,,0,0,"(Actual Budget approval will take place during the Finance, Budget and Audit Committee meeting immediately following the hearing.)"
1479,2019-06-27,LA SAFE,42850,,1,,,,,,,,0,0,CALL TO ORDER
1479,2019-06-27,LA SAFE,42851,,2,,,,,,,,0,0,ROLL CALL
1479,2019-06-27,LA SAFE,42860,,8,,,,,,,,0,0,Adjournment
1479,2019-06-27,LA SAFE,42861,,9,,,,,,,,0,0,"Consideration of items not on the posted agenda, including: items to be presented and (if requested) referred to staff; items to be placed on the agenda for action at a future meeting of the Committee or Board; and/or items requiring immediate action because of an emergency situation or where the need to take immediate action came to the attention of the Committee subsequent to the posting of the agenda."
1479,2019-06-27,LA SAFE,42862,3,5,5794,2019-0240,Budget,,,,,0,0,"ADOPT the Fiscal Year 2019-2020 (FY20) budget in the amount of $8,122,141 for the operation and administration of the Los Angeles County Service Authority for Freeway Emergencies (LA SAFE). This budget amount includes the annual funding allocation for the agreement with the Public Transportation Services Corporation (PTSC) for direct labor and administrative support services in the amount of $1,757,141."
1479,2019-06-27,LA SAFE,42863,2,4,5793,2019-0239,Program,,,,,0,0,"AUTHORIZE the restructuring of the Los Angeles County Kenneth Hahn Call Box System which will enable the removal or reallocation of up to 574 call boxes.  As a result, the system will be reduced to no more than 100 call box sites, depending upon the number of reallocations.  Staff will continue to review the performance of the system and present future restructuring recommendations as part of the annual budget approval process."
1479,2019-06-27,LA SAFE,42864,1,3,5174,2018-0443,Minutes,,,,,0,0,"APPROVE Minutes of the LA SAFE Board Meeting held June 28, 2018."
1479,2019-06-27,LA SAFE,43091,,7,6077,2019-0523,Informational Report,,,,,0,0,GENERAL PUBLIC COMMENT
1479,2019-06-27,LA SAFE,43092,,6,,,,,,,,0,0,PAGE BREAK
1566,2019-09-26,Board of Directors - Regular Board Meeting,45145,,1,,,,,,,,0,0,CALL TO ORDER
1566,2019-09-26,Board of Directors - Regular Board Meeting,45146,,2,,,,,,,,0,0,ROLL CALL
1566,2019-09-26,Board of Directors - Regular Board Meeting,45147,1,3,,,,,,,,0,0,"APPROVE Consent Calendar Items: 2, 10, 11, 12, 13, 16, 18, 19, 20, 21, 24, 26, 27, 28, 31, 32, 33, 35, 37, 38, 39, 40, 41, 42, 43, 44, 45, and 46"
1566,2019-09-26,Board of Directors - Regular Board Meeting,45148,,5,,,,,,,,0,0,CONSENT CALENDAR
1566,2019-09-26,Board of Directors - Regular Board Meeting,45197,,80,,,,,,,,0,0,"Consideration of items not on the posted agenda, including: items to be presented and (if requested) referred to staff; items to be placed on the agenda for action at a future meeting of the Committee or Board; and/or items requiring immediate action because of an emergency situation or where the need to take immediate action came to the attention of the Committee subsequent to the posting of the agenda."
1566,2019-09-26,Board of Directors - Regular Board Meeting,45198,,81,,,,,,,,0,0,COMMENTS FROM THE PUBLIC ON ITEMS OF PUBLIC INTEREST WITHIN COMMITTEE’S SUBJECT MATTER JURISDICTION
1566,2019-09-26,Board of Directors - Regular Board Meeting,45199,,82,,,,,,,,0,0,Adjournment
1566,2019-09-26,Board of Directors - Regular Board Meeting,45200,2,6,6154,2019-0600,Minutes,APPROVED,Pass,,,0,1,"APPROVE Minutes of the Regular Board Meeting held July 25, 2019."
1566,2019-09-26,Board of Directors - Regular Board Meeting,45205,47,74,6286,2019-0732,Motion / Motion Response,RECEIVED AND FILED,Pass,,,0,0,"APPROVE Motion by Fasana that Metro report back to the Operations Committee by January 2020 with a table for each rail line showing the number of occurrences gates have been down at each protected intersection for longer than 3 minutes, 5 minutes, and 10 minutes."
1566,2019-09-26,Board of Directors - Regular Board Meeting,45207,,70,,,,,,,,0,0,"FINANCE, BUDGET AND AUDIT COMMITTEE FORWARDED THE FOLLOWING DUE TO ABSENCES AND CONFLICTS (4-0):"
1566,2019-09-26,Board of Directors - Regular Board Meeting,45208,9,69,5799,2019-0245,Program,APPROVED,Pass,,,0,0,"APPROVE the following actions pertaining to the development and implementation of additional corridor mobility improvement projects (MIPs) on local arterials and local freeway interchanges experiencing congestion because of the discontinuity of the SR 710 North Freeway: 

A.	APPROVE the attached Round 2 list of eligible MIPs recommended for funding (Attachments A and B);  

B.	AUTHORIZE staff to program an additional $280 million in Measure R funds and $232.3 million in State and federal funds f"
1566,2019-09-26,Board of Directors - Regular Board Meeting,45209,,68,,,,,,,,0,0,PLANNING AND PROGRAMMING COMMITTEE FORWARDED THE FOLLOWING WITHOUT RECOMMENDATION (4-0):
1566,2019-09-26,Board of Directors - Regular Board Meeting,45210,5,67,6163,2019-0609,Oral Report / Presentation,,,,,0,0,RECEIVE Oral Report by Metrolink CEO on Metrolink’s Southern California Optimized Rail Expansion (SCORE) Program.
1566,2019-09-26,Board of Directors - Regular Board Meeting,45211,4,66,6284,2019-0730,Oral Report / Presentation,,,,,0,0,RECEIVE report by the Chief Executive Officer.
1566,2019-09-26,Board of Directors - Regular Board Meeting,45212,3,65,6283,2019-0729,Oral Report / Presentation,,,,,0,0,RECEIVE remarks by the Chair.
1566,2019-09-26,Board of Directors - Regular Board Meeting,45213,,64,,,,,,,,0,0,NON-CONSENT
1566,2019-09-26,Board of Directors - Regular Board Meeting,45214,44,59,6016,2019-0462,Program,APPROVED,Pass,,,0,1,"CONSIDER:

A.	APPROVING:

1.	Programming of $65,897,857 $79,017,857 in Measure M Multi-Year Subregional Program (MSP) - Transportation System and Mobility Improvements Program (Expenditure Line 50);

2.	Programming of $2,950,000 in Measure M MSP - South Bay Highway Operational Improvements Program (Expenditure Line 63)

3.	Programming of $33,694,502 in Measure M MSP - Transportation System and Mobility Improvements Program (Expenditure Line 66); and

B.	AUTHORIZING the Chief Executive "
1566,2019-09-26,Board of Directors - Regular Board Meeting,45215,,58,,,,,,,,0,0,PLANNING AND PROGRAMMING COMMITTEE MADE THE FOLLOWING RECOMMENDATION (4-0):
1566,2019-09-26,Board of Directors - Regular Board Meeting,45216,,40,,,,,,,,0,0,CONSTRUCTION COMMITTEE MADE THE FOLLOWING RECOMMENDATION (3-0):
1566,2019-09-26,Board of Directors - Regular Board Meeting,45217,,26,,,,,,,,0,0,"OPERATIONS, SAFETY AND CUSTOMER EXPERIENCE COMMITTEE MADE THE FOLLOWING RECOMMENDATION (4-0):"
1566,2019-09-26,Board of Directors - Regular Board Meeting,45218,21,25,6193,2019-0639,Resolution,ADOPTED,Pass,,,0,1,"APPROVE the Resolution in Attachment A to:

A.	AUTHORIZE the Chief Executive Officer (CEO) or his designee to claim $30,066,491 in fiscal year (FY) 2019-20 State of Good Repair Program (SGR) grant funds as the Regional Entity for Los Angeles County for this program; and

B.	APPROVE the regional SGR Project List for FY19-20; and

C.	CERTIFY that Metro will comply with all conditions and requirements set forth in the SGR Certification and Assurances document and applicable statutes, regulati"
1566,2019-09-26,Board of Directors - Regular Board Meeting,45219,,24,,,,,,,,0,0,"FINANCE, BUDGET AND AUDIT COMMITTEE MADE THE FOLLOWING RECOMMENDATION (4-0):"
1566,2019-09-26,Board of Directors - Regular Board Meeting,45220,10,8,5997,2019-0443,Project,APPROVED,Pass,,,0,1,"CONSIDER:

A.	RECEIVING AND FILING the Conceptual Design Report; and 

B.	AUTHORIZING the CEO to initiate the Draft Environmental Impact Report (DEIR)."
1566,2019-09-26,Board of Directors - Regular Board Meeting,45221,20,23,6174,2019-0620,Program,APPROVED,Pass,,,0,1,"CONSIDER:

A.	REPROGRAMMING $2,088,793 of forecasted FY 2018-19 (FY19) surplus to fund the Southern California Regional Rail Authority’s (SCRRA operated as “Metrolink”) FY 2020 CEO Workplan; and

B.	AMENDING and APPROVING Metro’s revised share of the FY 2019-20 (FY20) Metrolink Budget for a new total programming amount of $119,976,796."
1566,2019-09-26,Board of Directors - Regular Board Meeting,45222,,22,,,,,,,,0,0,"FINANCE, BUDGET AND AUDIT COMMITTEE MADE THE FOLLOWING RECOMMENDATION (4-0):"
1566,2019-09-26,Board of Directors - Regular Board Meeting,45223,19,21,6151,2019-0597,Contract,APPROVED,Pass,,,0,1,"AUTHORIZE the Chief Executive Officer to:

A.	AWARD a 54-month indefinite delivery indefinite quantity Contract No. PS6056400A to FAME Assistance Corporations for LIFE program administration services for the Southwest and Northwest service regions, in an amount not-to-exceed $1,653,756 for the 30-month base term and $669,104.50 for each of the two, 12-month options, for a combined total not-to-exceed amount of $2,991,965 effective January 1, 2020, subject to resolution of protest(s), if any; and"
1566,2019-09-26,Board of Directors - Regular Board Meeting,45224,,20,,,,,,,,0,0,"FINANCE, BUDGET AND AUDIT COMMITTEE MADE THE FOLLOWING RECOMMENDATION (4-0):"
1566,2019-09-26,Board of Directors - Regular Board Meeting,45225,18,19,6148,2019-0594,Contract,APPROVED,Pass,,,0,1,"AUTHORIZE the Chief Executive Officer to execute Modification No. 8 to Contract No. PS30203139 with Axiom xCell, Inc. (Axiom) to improve functionalities and capabilities for the Mobile Phone Validator (MPV) used by fare compliance officers in an amount of $627,516, and to extend the contract term for continued maintenance support through November 29, 2021 in an amount of $437,815, thus, increasing the total contract value by $1,065,331 from $2,168,066 to $3,233,397."
1566,2019-09-26,Board of Directors - Regular Board Meeting,45226,,18,,,,,,,,0,0,"FINANCE, BUDGET AND AUDIT COMMITTEE MADE THE FOLLOWING RECOMMENDATION (4-0):"
1566,2019-09-26,Board of Directors - Regular Board Meeting,45227,16,17,6036,2019-0482,Policy,ADOPTED,Pass,,,0,1,"AUTHORIZING the Chief Executive Officer (CEO) to:

A.	ESTABLISH just compensation for the acquisition of real property based on an approved appraisal of the fair market value as long as the amount is within the overall Life of Project (LOP) budget or within the approved current annual budget if LOP has not yet been adopted;

B.	APPROVE administrative or litigated settlements (including goodwill, furniture, fixtures, and equipment, and other acquisition costs) of up to $1,000,000 above the apprai"
1566,2019-09-26,Board of Directors - Regular Board Meeting,45228,,16,,,,,,,,0,0,"FINANCE, BUDGET AND AUDIT COMMITTEE MADE THE FOLLOWING RECOMMENDATION (4-0):"
1566,2019-09-26,Board of Directors - Regular Board Meeting,45229,13,15,6206,2019-0652,Project,APPROVED,Pass,,,0,1,"CONSIDER:

A.	APPROVING funding for additional Southern California Regional Rail Authority (SCRRA operated as “Metrolink”) costs for the Link Union Station (Link US) Project in the amount of $400,000 in Measure R 3% funds; and

B.	AUTHORIZING the Chief Executive Officer (CEO) to negotiate and execute all necessary Metrolink agreements up to $400,000."
1566,2019-09-26,Board of Directors - Regular Board Meeting,45230,,14,,,,,,,,0,0,PLANNING AND PROGRAMMING COMMITTEE MADE THE FOLLOWING RECOMMENDATION (4-0):
1566,2019-09-26,Board of Directors - Regular Board Meeting,45231,,79,6254,2019-0700,Informational Report,,,,,0,0,RECEIVE General Public Comment
1566,2019-09-26,Board of Directors - Regular Board Meeting,45232,12,13,6114,2019-0560,Contract,APPROVED,Pass,,,0,1,"AUTHORIZE the Chief Executive Officer (CEO) to:

A.	AWARD AND EXECUTE five bench Contracts listed below for P3 Financial Advisory Services for a five-year base period in the overall funding amount of $25 million, subject to resolution of protest(s), if any:
1.	Arup Advisory, Inc (PS61431000)
2.	Deloitte Transactions and Business Analytics Analysis LLP (PS61431001)
3.	Ernst & Young Infrastructure Advisors, LLC (PS61431002)
4.	Public Financial Management Financial Advisors LLC (PS61431003)
"
1566,2019-09-26,Board of Directors - Regular Board Meeting,45233,,12,,,,,,,,0,0,PLANNING AND PROGRAMMING COMMITTEE MADE THE FOLLOWING RECOMMENDATION (4-0):
1566,2019-09-26,Board of Directors - Regular Board Meeting,45234,11,11,6107,2019-0553,Contract,APPROVED,Pass,,,0,1,"AUTHORIZE the Chief Executive Officer to execute Modification No. 6 to Contract No. PS43203266 with Bike Hub to continue management services and optional tasks for Metro Bike Hubs for up to one year in the not-to-exceed amount of $265,836, increasing the total contract value from $575,977 to $841,813."
1566,2019-09-26,Board of Directors - Regular Board Meeting,45235,,4,,,,,,,,0,0,Consent Calendar items are approved by one motion unless held by a Director for discussion and/or separate action.
1566,2019-09-26,Board of Directors - Regular Board Meeting,45239,,10,,,,,,,,0,0,PLANNING AND PROGRAMMING COMMITTEE MADE THE FOLLOWING RECOMMENDATION (4-0):
1566,2019-09-26,Board of Directors - Regular Board Meeting,45240,,7,,,,,,,,0,0,PLANNING AND PROGRAMMING COMMITTEE MADE THE FOLLOWING RECOMMENDATION (4-0):
1566,2019-09-26,Board of Directors - Regular Board Meeting,45243,36,73,5848,2019-0294,Informational Report,,,,,0,0,RECEIVE AND FILE status report on How Women Travel Study (Attachment B).
1566,2019-09-26,Board of Directors - Regular Board Meeting,45244,,72,,,,,,,,0,0,EXECUTIVE MANAGEMENT COMMITTEE FORWARDED THE FOLLOWING (3-0):
1566,2019-09-26,Board of Directors - Regular Board Meeting,45245,17,71,6039,2019-0485,Contract,APPROVED,Pass,,,0,0,"AUTHORIZE the Chief Executive Officer to renew existing group insurance policies covering Non-Contract and AFSCME employees, including the life and disability coverage for Teamster employees, for the one-year period beginning January 1, 2020."
1566,2019-09-26,Board of Directors - Regular Board Meeting,45246,32,39,6117,2019-0563,Contract,APPROVED,Pass,,,0,1,"AUTHORIZE Contract Modifications No. 102 & No. 103 (CCO 102 & CCO 103) by the California Department of Transportation (Caltrans) for the construction contract for Segment 3 (Shoemaker, Bloomfield and Rosecrans) of the I-5 South Capacity Enhancements Project from Orange County Line to I-605 (Project) under FUNDING AGREEMENT NO. MOU.P0004292 A/A3, in the total amount of $5.03 million within the LOP budget."
1566,2019-09-26,Board of Directors - Regular Board Meeting,45247,,38,,,,,,,,0,0,CONSTRUCTION COMMITTEE MADE THE FOLLOWING RECOMMENDATION (3-0):
1566,2019-09-26,Board of Directors - Regular Board Meeting,45248,31,37,6110,2019-0556,Agreement,APPROVED,Pass,,,0,1,AUTHORIZE the Chief Executive Officer to execute the Memorandum of Agreement (MOA) between Metro (Authority) and US Army Corps of Engineering (“Corps”).
1566,2019-09-26,Board of Directors - Regular Board Meeting,45249,,36,,,,,,,,0,0,CONSTRUCTION COMMITTEE MADE THE FOLLOWING RECOMMENDATION (3-0):
1566,2019-09-26,Board of Directors - Regular Board Meeting,45250,28,34,6185,2019-0631,Informational Report,RECEIVED AND FILED,Pass,,,0,1,"RECEIVE AND FILE Office of Inspector General (OIG) final reports on the (1) Audit of the Graffiti/Landscaping/Trash Maintenance on the Gold and Orange Lines Right-of-Ways and (2) Statutorily Mandated Audit of Miscellaneous Expenses for the Period October 1, 2018 to December 31, 2018."
1566,2019-09-26,Board of Directors - Regular Board Meeting,45251,,33,,,,,,,,0,0,"OPERATIONS, SAFETY AND CUSTOMER EXPERIENCE COMMITTEE MADE THE FOLLOWING RECOMMENDATION (4-0):"
1566,2019-09-26,Board of Directors - Regular Board Meeting,45252,27,32,6186,2019-0632,Contract,APPROVED,Pass,,,0,1,"AUTHORIZE the Chief Executive Officer to execute Modification No. 1 to Contract No. PS28069-2000 to exercise the two, one-year options with M3 Office, Inc. for Space Planning/Installation Services and Furniture, in the amount of $2,000,000 increasing the not-to-exceed total contract value from $5,000,000 to $7,000,000 and extending the contract term to March 31, 2022."
1566,2019-09-26,Board of Directors - Regular Board Meeting,45253,26,29,6101,2019-0547,Contract,APPROVED,Pass,,,0,1,"CONSIDER:

A.	AUTHORIZING the Chief Executive Officer to award an eight-year, firm fixed price Contract No. PS60032000, to Redflex Traffic Systems, Inc., for Photo Enforcement Program Services in an amount not to exceed $25,385,196, effective October 1, 2019, subject to resolution of protest(s), if any; and

B.	TERMINATING Contract No. PS68103079 with Conduent State & Local Solutions, Inc. once all operations, maintenance and citation processing have been transitioned to the new awarded contract"
1566,2019-09-26,Board of Directors - Regular Board Meeting,45254,,28,,,,,,,,0,0,"OPERATIONS, SAFETY AND CUSTOMER EXPERIENCE COMMITTEE MADE THE FOLLOWING RECOMMENDATION (3-0):"
1566,2019-09-26,Board of Directors - Regular Board Meeting,45255,24,27,6159,2019-0605,Contract,APPROVED,Pass,,,0,0,"AUTHORIZE the Chief Executive Officer to execute Contract Modifications to exercise the Options Bus Buy as follows:

A.	Modification No.: 14 to Contract OP28367-000, Part A with El Dorado National (California), Inc. (“ENC”), to procure 259 Contract Option forty-foot CNG buses for the firm fixed price of $189,369,145 increasing the Total Contract Value from $204,278,402 to $393,647,547 inclusive of sales tax;

B.	Increase the Life-of-Project budget for the CP 201057 for FY20-22 capital progra"
1566,2019-09-26,Board of Directors - Regular Board Meeting,45257,,31,,,,,,,,0,0,"OPERATIONS, SAFETY AND CUSTOMER EXPERIENCE COMMITTEE MADE THE FOLLOWING RECOMMENDATION (4-0):"
1566,2019-09-26,Board of Directors - Regular Board Meeting,45259,46,63,6268,2019-0714,Motion / Motion Response,APPROVED,Pass,Robert Garcia,Janice Hahn,0,0,"APPROVE Motion by Garcia and Hahn that the CEO: 


A.	Direct Metro staff to contact City of Long Beach staff regarding the City’s plans to adaptively reuse Car 100, and 

B.	Report back to the Metro Board of Directors during the November 2019 board cycle with a strategy on how best to support Long Beach’s efforts to adaptively reuse Car 100, in a manner and timeline that aligns with the 30th Anniversary of the Metro Blue Line’s opening and that will raise the profile of Car 100 as a resource and"
1566,2019-09-26,Board of Directors - Regular Board Meeting,45260,,62,,,,,,,,0,0,"OPERATIONS, SAFETY AND CUSTOMER EXPERIENCE COMMITTEE MADE THE FOLLOWING RECOMMENDATION (4-0):"
1566,2019-09-26,Board of Directors - Regular Board Meeting,45261,,50,,,,,,,,0,0,EXECUTIVE MANAGEMENT COMMITTEE MADE THE FOLLOWING RECOMMENDATION (3-0):
1566,2019-09-26,Board of Directors - Regular Board Meeting,45262,39,49,6197,2019-0643,Policy,ADOPTED,Pass,,,0,1,ADOPT Service Standards Policies for Title VI Program Update presented in Attachment A.
1566,2019-09-26,Board of Directors - Regular Board Meeting,45263,,48,,,,,,,,0,0,EXECUTIVE MANAGEMENT COMMITTEE MADE THE FOLLOWING RECOMMENDATION (3-0):
1566,2019-09-26,Board of Directors - Regular Board Meeting,45264,,42,,,,,,,,0,0,EXECUTIVE MANAGEMENT COMMITTEE MADE THE FOLLOWING RECOMMENDATION (3-0):
1566,2019-09-26,Board of Directors - Regular Board Meeting,45265,33,41,6211,2019-0657,Contract,APPROVED,Pass,,,0,1,"AUTHORIZE the Chief Executive Officer (CEO) to:

A.	AWARD a Cost Reimbursable Contract for a base period of performance of three (3) years, Contract No. AE58845, to Geosyntec Consultants Inc.,  for Sustainability Engineering Services for Water Resources, Conservation and Compliance, for total Contact amount of not-to-exceed $17,714,849 with $7,714,849 not-to-exceed value for the first three years, and exercise two one (1) year options in the amount of not-to-exceed value of $5,000,000 for each"
1566,2019-09-26,Board of Directors - Regular Board Meeting,45266,38,47,6170,2019-0616,Ordinance / Administrative Code,ADOPTED,Pass,,,0,1,"APPROVE amendment of Title 2, Chapter 2-50 of the Los Angeles County Metropolitan Transportation Authority (“Metro”) Administrative Code (the “Code”), otherwise known as Public Hearings, as set forth in Attachment A.  The amended Code will become effective within 30 days of Board approval."
1566,2019-09-26,Board of Directors - Regular Board Meeting,45267,,46,,,,,,,,0,0,EXECUTIVE MANAGEMENT COMMITTEE MADE THE FOLLOWING RECOMMENDATION (3-0):
1566,2019-09-26,Board of Directors - Regular Board Meeting,45268,37,45,6162,2019-0608,Policy,ADOPTED,Pass,,,0,1,"ADOPT Title VI Equity Analysis Policies presented in Attachments A, B and C."
1566,2019-09-26,Board of Directors - Regular Board Meeting,45269,,44,,,,,,,,0,0,EXECUTIVE MANAGEMENT COMMITTEE MADE THE FOLLOWING RECOMMENDATION (3-0):
1566,2019-09-26,Board of Directors - Regular Board Meeting,45270,35,43,6189,2019-0635,Federal Legislation / State Legislation (Position),ADOPTED,Pass,,,0,1,"ADOPT staff recommended positions:

A.	House Resolution 4101 (Bass) / Senate Bill 2404 (Gillibrand) - Build Local Hire Local Act SUPPORT

B.	Senate Bill 2302 (Barrasso) - Federal Authorization for Highway Programs - America’s Transportation Infrastructure Act of 2019 WORK WITH AUTHOR"
1566,2019-09-26,Board of Directors - Regular Board Meeting,45271,,56,,,,,,,,0,0,EXECUTIVE MANAGEMENT COMMITTEE MADE THE FOLLOWING RECOMMENDATION (3-0):
1566,2019-09-26,Board of Directors - Regular Board Meeting,45272,42,55,6198,2019-0644,Program,APPROVED,Pass,,,0,1,ADOPT Service Monitoring Results for Title VI Program Update presented in Attachment A.
1566,2019-09-26,Board of Directors - Regular Board Meeting,45273,,54,,,,,,,,0,0,EXECUTIVE MANAGEMENT COMMITTEE MADE THE FOLLOWING RECOMMENDATION (3-0):
1566,2019-09-26,Board of Directors - Regular Board Meeting,45274,41,53,6180,2019-0626,Motion / Motion Response,APPROVED,Pass,,,0,1,"CONSIDER:

A.	APPROVING a one-year pilot program to extend the expiration date of Youth on the Move (YOTM) passes for foster youth participating in the Independent Living Program (ILP) to their 23rd birthday;

B.	APPROVING a one-year pilot program to extend the lower age of the YOTM Program to 16-years of age at two (2) Department of Children and Family Services (DCFS) offices in Los Angeles County; and

C.	INSTRUCTING staff to report back to Board within 12 months to determine whether or "
1566,2019-09-26,Board of Directors - Regular Board Meeting,45275,,52,,,,,,,,0,0,EXECUTIVE MANAGEMENT COMMITTEE MADE THE FOLLOWING RECOMMENDATION (3-0):
1566,2019-09-26,Board of Directors - Regular Board Meeting,45276,40,51,6004,2019-0450,Contract,APPROVED,Pass,,,0,1,"AUTHORIZE the Chief Executive Officer to award a five-year, firm fixed unit rate Contract No. PS60199000 to LPM Consulting, Inc. for a Drug and Alcohol Oversight Program, in an amount not-to-exceed $472,102  for the three-year base term, $189,877 for the first option year, and $189,877 for the second option year, for a combined total not-to-exceed amount of $851,856 inclusive of two, one year options, effective October 1, 2019, subject to resolution of protest(s), if any."
1566,2019-09-26,Board of Directors - Regular Board Meeting,45277,45,61,6175,2019-0621,Contract,APPROVED,Pass,,,0,1,"AUTHORIZE the Chief Executive Officer to execute Modification No. 2 to Bench Contract Nos. PS44432001 through PS44432010 to:

A.	INCREASE the base contract value by $9,000,000 from $9,505,568 to $18,505,568 for communications support services through December 31, 2020; and

B.	AWARD AND EXECUTE task orders for a not-to-exceed total authorized amount of $18,505,568."
1566,2019-09-26,Board of Directors - Regular Board Meeting,45278,,60,,,,,,,,0,0,EXECUTIVE MANAGEMENT COMMITTEE MADE THE FOLLOWING RECOMMENDATION (3-0):
1566,2019-09-26,Board of Directors - Regular Board Meeting,45279,43,57,6203,2019-0649,Contract,APPROVED,Pass,,,0,1,"AUTHORIZE the Chief Executive Officer to:

A.	AWARD a twenty-four month, firm fixed price Contract No. PS62790000 to WSP USA, Inc., in the amount of $3,085,929 for the Congestion Pricing Feasibility Study Technical Services, subject to resolution of protest(s), if any; and

B.	AWARD a twenty-four month, firm fixed price Contract No. PS62791000 to Guidehouse LLP, in the amount of $1,919,300, with an 18-month option in the amount of $569,840, for a total contract value of $2,489,140, for the Conge"
1566,2019-09-26,Board of Directors - Regular Board Meeting,45359,,9,,,,,,,,0,0,PAGE BREAK
1566,2019-09-26,Board of Directors - Regular Board Meeting,45360,,30,,,,,,,,0,0,PAGE BREAK
1566,2019-09-26,Board of Directors - Regular Board Meeting,45361,,35,,,,,,,,0,0,PAGE BREAK
1566,2019-09-26,Board of Directors - Regular Board Meeting,45362,,75,,,,,,,,0,0,END OF NON-CONSENT ITEMS
1566,2019-09-26,Board of Directors - Regular Board Meeting,45371,,76,,,,,,,,0,0,PAGE BREAK
1566,2019-09-26,Board of Directors - Regular Board Meeting,45372,,78,,,,,,,,0,0,PAGE BREAK
1566,2019-09-26,Board of Directors - Regular Board Meeting,45416,,,,,,,,,,1,0,Rollcall
1566,2019-09-26,Board of Directors - Regular Board Meeting,45418,,,,,,APPROVED ON CONSENT CALENDAR,Pass,,,0,1,Approval of the Consent Agenda
1567,2019-09-18,Planning and Programming Committee,44373,,1,,,,,,,,0,0,CALL TO ORDER
1567,2019-09-18,Planning and Programming Committee,44374,,2,,,,,,,,0,0,ROLL CALL
1567,2019-09-18,Planning and Programming Committee,44375,10,8,5997,2019-0443,Project,,,,,0,0,"CONSIDER:

A.	RECEIVING AND FILING the Conceptual Design Report; and 

B.	AUTHORIZING the CEO to initiate the Draft Environmental Impact Report (DEIR)."
1567,2019-09-18,Planning and Programming Committee,44529,,16,,,,,,,,0,0,"Consideration of items not on the posted agenda, including: items to be presented and (if requested) referred to staff; items to be placed on the agenda for action at a future meeting of the Committee or Board; and/or items requiring immediate action because of an emergency situation or where the need to take immediate action came to the attention of the Committee subsequent to the posting of the agenda."
1567,2019-09-18,Planning and Programming Committee,44530,,17,,,,,,,,0,0,COMMENTS FROM THE PUBLIC ON ITEMS OF PUBLIC INTEREST WITHIN COMMITTEE’S SUBJECT MATTER JURISDICTION
1567,2019-09-18,Planning and Programming Committee,44531,,18,,,,,,,,0,0,Adjournment
1567,2019-09-18,Planning and Programming Committee,44534,11,9,6107,2019-0553,Contract,,,,,0,0,"AUTHORIZE the Chief Executive Officer to execute Modification No. 6 to Contract No. PS43203266 with Bike Hub to continue management services and optional tasks for Metro Bike Hubs for up to one year in the not-to-exceed amount of $265,836, increasing the total contract value from $575,977 to $841,813."
1567,2019-09-18,Planning and Programming Committee,44535,,15,6248,2019-0694,Informational Report,,,,,0,0,RECEIVE General Public Comment
1567,2019-09-18,Planning and Programming Committee,44536,13,12,6206,2019-0652,Project,,,,,0,0,"CONSIDER:

A.	APPROVING funding for additional Southern California Regional Rail Authority (SCRRA operated as “Metrolink”) costs for the Link Union Station (Link US) Project in the amount of $400,000 in Measure R 3% funds; and

B.	AUTHORIZING the Chief Executive Officer (CEO) to negotiate and execute all necessary Metrolink agreements up to $400,000."
1567,2019-09-18,Planning and Programming Committee,44538,6,3,6155,2019-0601,Informational Report,,,,,0,0,RECEIVE AND FILE report on funding opportunities and strategies.
1567,2019-09-18,Planning and Programming Committee,44539,7,4,6140,2019-0586,Informational Report,,,,,0,0,"RECEIVE AND FILE the project status update on the:

A.	Initial Operating Segments (IOS) Analysis;

B.	Planning process and delivery; and

C.	Public-private partnership (P3) delivery procurement."
1567,2019-09-18,Planning and Programming Committee,44540,8,5,6124,2019-0570,Informational Report,,,,,0,0,RECEIVE AND FILE the Quarterly Status Dashboard of Countywide Planning and Development (CPD) Department’s strategic projects and programs.
1567,2019-09-18,Planning and Programming Committee,44541,12,11,6114,2019-0560,Contract,,,,,0,0,"AUTHORIZE the Chief Executive Officer (CEO) to:

A.	AWARD AND EXECUTE five bench Contracts listed below for P3 Financial Advisory Services for a five-year base period in the overall funding amount of $25 million, subject to resolution of protest(s), if any:
1.	Arup Advisory, Inc (PS61431000)
2.	Deloitte Transactions and Business Analytics Analysis LLP (PS61431001)
3.	Ernst & Young Infrastructure Advisors, LLC (PS61431002)
4.	Public Financial Management Financial Advisors LLC (PS61431003)
"
1567,2019-09-18,Planning and Programming Committee,45111,9,7,5799,2019-0245,Program,,,,,0,0,"APPROVE the following actions pertaining to the development and implementation of additional corridor mobility improvement projects (MIPs) on local arterials and local freeway interchanges experiencing congestion because of the discontinuity of the SR 710 North Freeway: 

A.	APPROVE the attached Round 2 list of eligible MIPs recommended for funding (Attachments A and B);  

B.	AUTHORIZE staff to program an additional $280 million in Measure R funds and $232.3 million in State and federal funds f"
1567,2019-09-18,Planning and Programming Committee,45125,44,14,6016,2019-0462,Program,,,,,0,0,"CONSIDER:

A.	APPROVING:

1.	Programming of $65,897,857 $79,017,857 in Measure M Multi-Year Subregional Program (MSP) - Transportation System and Mobility Improvements Program (Expenditure Line 50);

2.	Programming of $2,950,000 in Measure M MSP - South Bay Highway Operational Improvements Program (Expenditure Line 63)

3.	Programming of $33,694,502 in Measure M MSP - Transportation System and Mobility Improvements Program (Expenditure Line 66); and

B.	AUTHORIZING the Chief Executive "
1567,2019-09-18,Planning and Programming Committee,45130,,6,,,,,,,,0,0,PAGE BREAK
1567,2019-09-18,Planning and Programming Committee,45131,,10,,,,,,,,0,0,PAGE BREAK
1567,2019-09-18,Planning and Programming Committee,45132,,13,,,,,,,,0,0,PAGE BREAK
1568,2019-09-19,"Operations, Safety, and Customer Experience Committee",44681,,1,,,,,,,,0,0,CALL TO ORDER
1568,2019-09-19,"Operations, Safety, and Customer Experience Committee",44682,,2,,,,,,,,0,0,ROLL CALL
1568,2019-09-19,"Operations, Safety, and Customer Experience Committee",44804,,17,,,,,,,,0,0,"Consideration of items not on the posted agenda, including: items to be presented and (if requested) referred to staff; items to be placed on the agenda for action at a future meeting of the Committee or Board; and/or items requiring immediate action because of an emergency situation or where the need to take immediate action came to the attention of the Committee subsequent to the posting of the agenda."
1568,2019-09-19,"Operations, Safety, and Customer Experience Committee",44805,,18,,,,,,,,0,0,COMMENTS FROM THE PUBLIC ON ITEMS OF PUBLIC INTEREST WITHIN COMMITTEE’S SUBJECT MATTER JURISDICTION
1568,2019-09-19,"Operations, Safety, and Customer Experience Committee",44806,,19,,,,,,,,0,0,Adjournment
1568,2019-09-19,"Operations, Safety, and Customer Experience Committee",44815,,16,6250,2019-0696,Informational Report,,,,,0,0,RECEIVE General Public Comment
1568,2019-09-19,"Operations, Safety, and Customer Experience Committee",44816,24,7,6159,2019-0605,Contract,,,,,0,0,"AUTHORIZE the Chief Executive Officer to execute Contract Modifications to exercise the Options Bus Buy as follows:

A.	Modification No.: 14 to Contract OP28367-000, Part A with El Dorado National (California), Inc. (“ENC”), to procure 259 Contract Option forty-foot CNG buses for the firm fixed price of $189,369,145 increasing the Total Contract Value from $204,278,402 to $393,647,547 inclusive of sales tax;

B.	Increase the Life-of-Project budget for the CP 201057 for FY20-22 capital progra"
1568,2019-09-19,"Operations, Safety, and Customer Experience Committee",44817,23,6,6131,2019-0577,Oral Report / Presentation,,,,,0,0,RECEIVE oral report update on New Blue/Expo Service and Project Management.
1568,2019-09-19,"Operations, Safety, and Customer Experience Committee",44818,22,5,6130,2019-0576,Oral Report / Presentation,,,,,0,0,Operations Employees of the Month
1568,2019-09-19,"Operations, Safety, and Customer Experience Committee",44819,26,11,6101,2019-0547,Contract,,,,,0,0,"CONSIDER:

A.	AUTHORIZING the Chief Executive Officer to award an eight-year, firm fixed price Contract No. PS60032000, to Redflex Traffic Systems, Inc., for Photo Enforcement Program Services in an amount not to exceed $25,385,196, effective October 1, 2019, subject to resolution of protest(s), if any; and

B.	TERMINATING Contract No. PS68103079 with Conduent State & Local Solutions, Inc. once all operations, maintenance and citation processing have been transitioned to the new awarded contract"
1568,2019-09-19,"Operations, Safety, and Customer Experience Committee",44820,25,9,6113,2019-0559,Informational Report,,,,,0,0,RECEIVE AND FILE Transit Safety and Security Report.
1568,2019-09-19,"Operations, Safety, and Customer Experience Committee",44821,27,12,6186,2019-0632,Contract,,,,,0,0,"AUTHORIZE the Chief Executive Officer to execute Modification No. 1 to Contract No. PS28069-2000 to exercise the two, one-year options with M3 Office, Inc. for Space Planning/Installation Services and Furniture, in the amount of $2,000,000 increasing the not-to-exceed total contract value from $5,000,000 to $7,000,000 and extending the contract term to March 31, 2022."
1568,2019-09-19,"Operations, Safety, and Customer Experience Committee",44822,28,13,6185,2019-0631,Informational Report,,,,,0,0,"RECEIVE AND FILE Office of Inspector General (OIG) final reports on the (1) Audit of the Graffiti/Landscaping/Trash Maintenance on the Gold and Orange Lines Right-of-Ways and (2) Statutorily Mandated Audit of Miscellaneous Expenses for the Period October 1, 2018 to December 31, 2018."
1568,2019-09-19,"Operations, Safety, and Customer Experience Committee",45110,,10,,,,,,,,0,0,(ALSO ON EXECUTIVE MANAGEMENT COMMITTEE)
1568,2019-09-19,"Operations, Safety, and Customer Experience Committee",45127,15,3,6194,2019-0640,Informational Report,,,,,0,0,RECEIVE AND FILE the Annual Budget Development Process.
1568,2019-09-19,"Operations, Safety, and Customer Experience Committee",45128,,4,,,,,,,,0,0,"(ALSO ON FINANCE, BUDGET AND AUDIT COMMITTEE)"
1568,2019-09-19,"Operations, Safety, and Customer Experience Committee",45129,,8,,,,,,,,0,0,PAGE BREAK
1568,2019-09-19,"Operations, Safety, and Customer Experience Committee",45134,46,14,6268,2019-0714,Motion / Motion Response,,,,,0,0,"APPROVE Motion by Garcia and Hahn that the CEO: 


A.	Direct Metro staff to contact City of Long Beach staff regarding the City’s plans to adaptively reuse Car 100, and 

B.	Report back to the Metro Board of Directors during the November 2019 board cycle with a strategy on how best to support Long Beach’s efforts to adaptively reuse Car 100, in a manner and timeline that aligns with the 30th Anniversary of the Metro Blue Line’s opening and that will raise the profile of Car 100 as a resource and"
1568,2019-09-19,"Operations, Safety, and Customer Experience Committee",45135,,15,,,,,,,,0,0,PAGE BREAK
1570,2019-09-18,"Finance, Budget and Audit Committee",44542,,1,,,,,,,,0,0,CALL TO ORDER
1570,2019-09-18,"Finance, Budget and Audit Committee",44543,,2,,,,,,,,0,0,ROLL CALL
1570,2019-09-18,"Finance, Budget and Audit Committee",44667,,13,,,,,,,,0,0,"Consideration of items not on the posted agenda, including: items to be presented and (if requested) referred to staff; items to be placed on the agenda for action at a future meeting of the Committee or Board; and/or items requiring immediate action because of an emergency situation or where the need to take immediate action came to the attention of the Committee subsequent to the posting of the agenda."
1570,2019-09-18,"Finance, Budget and Audit Committee",44668,,14,,,,,,,,0,0,COMMENTS FROM THE PUBLIC ON ITEMS OF PUBLIC INTEREST WITHIN COMMITTEE’S SUBJECT MATTER JURISDICTION
1570,2019-09-18,"Finance, Budget and Audit Committee",44669,,15,,,,,,,,0,0,Adjournment
1570,2019-09-18,"Finance, Budget and Audit Committee",44672,,12,6249,2019-0695,Informational Report,,,,,0,0,RECEIVE General Public Comment
1570,2019-09-18,"Finance, Budget and Audit Committee",44673,15,4,6194,2019-0640,Informational Report,,,,,0,0,RECEIVE AND FILE the Annual Budget Development Process.
1570,2019-09-18,"Finance, Budget and Audit Committee",44674,21,11,6193,2019-0639,Resolution,,,,,0,0,"APPROVE the Resolution in Attachment A to:

A.	AUTHORIZE the Chief Executive Officer (CEO) or his designee to claim $30,066,491 in fiscal year (FY) 2019-20 State of Good Repair Program (SGR) grant funds as the Regional Entity for Los Angeles County for this program; and

B.	APPROVE the regional SGR Project List for FY19-20; and

C.	CERTIFY that Metro will comply with all conditions and requirements set forth in the SGR Certification and Assurances document and applicable statutes, regulati"
1570,2019-09-18,"Finance, Budget and Audit Committee",44675,20,10,6174,2019-0620,Program,,,,,0,0,"CONSIDER:

A.	REPROGRAMMING $2,088,793 of forecasted FY 2018-19 (FY19) surplus to fund the Southern California Regional Rail Authority’s (SCRRA operated as “Metrolink”) FY 2020 CEO Workplan; and

B.	AMENDING and APPROVING Metro’s revised share of the FY 2019-20 (FY20) Metrolink Budget for a new total programming amount of $119,976,796."
1570,2019-09-18,"Finance, Budget and Audit Committee",44676,19,9,6151,2019-0597,Contract,,,,,0,0,"AUTHORIZE the Chief Executive Officer to:

A.	AWARD a 54-month indefinite delivery indefinite quantity Contract No. PS6056400A to FAME Assistance Corporations for LIFE program administration services for the Southwest and Northwest service regions, in an amount not-to-exceed $1,653,756 for the 30-month base term and $669,104.50 for each of the two, 12-month options, for a combined total not-to-exceed amount of $2,991,965 effective January 1, 2020, subject to resolution of protest(s), if any; and"
1570,2019-09-18,"Finance, Budget and Audit Committee",44677,18,8,6148,2019-0594,Contract,,,,,0,0,"AUTHORIZE the Chief Executive Officer to execute Modification No. 8 to Contract No. PS30203139 with Axiom xCell, Inc. (Axiom) to improve functionalities and capabilities for the Mobile Phone Validator (MPV) used by fare compliance officers in an amount of $627,516, and to extend the contract term for continued maintenance support through November 29, 2021 in an amount of $437,815, thus, increasing the total contract value by $1,065,331 from $2,168,066 to $3,233,397."
1570,2019-09-18,"Finance, Budget and Audit Committee",44678,14,3,6137,2019-0583,Informational Report,,,,,0,0,"RECEIVE AND FILE year-end report of Management Audit Services (Management Audit) for the period ending June 30, 2019."
1570,2019-09-18,"Finance, Budget and Audit Committee",44679,17,7,6039,2019-0485,Contract,,,,,0,0,"AUTHORIZE the Chief Executive Officer to renew existing group insurance policies covering Non-Contract and AFSCME employees, including the life and disability coverage for Teamster employees, for the one-year period beginning January 1, 2020."
1570,2019-09-18,"Finance, Budget and Audit Committee",44680,16,6,6036,2019-0482,Policy,,,,,0,0,"AUTHORIZING the Chief Executive Officer (CEO) to:

A.	ESTABLISH just compensation for the acquisition of real property based on an approved appraisal of the fair market value as long as the amount is within the overall Life of Project (LOP) budget or within the approved current annual budget if LOP has not yet been adopted;

B.	APPROVE administrative or litigated settlements (including goodwill, furniture, fixtures, and equipment, and other acquisition costs) of up to $1,000,000 above the apprai"
1570,2019-09-18,"Finance, Budget and Audit Committee",45136,,5,,,,,,,,0,0,"(ALSO ON OPERATIONS, SAFETY AND CUSTOMER EXPERIENCE COMMITTEE)"
1571,2019-07-25,Board of Directors - Regular Board Meeting,43961,,1,,,,,,,,0,0,CALL TO ORDER
1571,2019-07-25,Board of Directors - Regular Board Meeting,43962,,2,,,,,,,,1,0,ROLL CALL
1571,2019-07-25,Board of Directors - Regular Board Meeting,43963,1,3,,,,,,,,0,0,"APPROVE Consent Calendar Items: 2, 11, 12, 13, 14, 15*, 18, 22, 23, 24, 25, 33, 34, 40, 41, 42, 43 and 44"
1571,2019-07-25,Board of Directors - Regular Board Meeting,43964,,5,,,,,,,,0,0,CONSENT CALENDAR
1571,2019-07-25,Board of Directors - Regular Board Meeting,43969,,46,,,,,,,,0,0,NON-CONSENT
1571,2019-07-25,Board of Directors - Regular Board Meeting,43972,,68,,,,,,,,0,0,END OF NON-CONSENT ITEMS
1571,2019-07-25,Board of Directors - Regular Board Meeting,44000,,70,6118,2019-0564,Informational Report,,,,,0,0,RECEIVE General Public Comment
1571,2019-07-25,Board of Directors - Regular Board Meeting,44001,,71,,,,,,,,0,0,"Consideration of items not on the posted agenda, including: items to be presented and (if requested) referred to staff; items to be placed on the agenda for action at a future meeting of the Committee or Board; and/or items requiring immediate action because of an emergency situation or where the need to take immediate action came to the attention of the Committee subsequent to the posting of the agenda."
1571,2019-07-25,Board of Directors - Regular Board Meeting,44002,,72,,,,,,,,0,0,COMMENTS FROM THE PUBLIC ON ITEMS OF PUBLIC INTEREST WITHIN COMMITTEE’S SUBJECT MATTER JURISDICTION
1571,2019-07-25,Board of Directors - Regular Board Meeting,44003,,73,,,,,,,,0,0,Adjournment
1571,2019-07-25,Board of Directors - Regular Board Meeting,44004,,39,,,,,,,,0,0,EXECUTIVE MANAGEMENT COMMITTEE MADE THE FOLLOWING RECOMMENDATION (3-0):
1571,2019-07-25,Board of Directors - Regular Board Meeting,44005,,35,,,,,,,,0,0,EXECUTIVE MANAGEMENT COMMITTEE MADE THE FOLLOWING RECOMMENDATION (3-0):
1571,2019-07-25,Board of Directors - Regular Board Meeting,44006,23,24,5996,2019-0442,Appointment,,,,,0,0,APPROVE Diane Velez for membership on Metro’s San Gabriel Valley Service Council.
1571,2019-07-25,Board of Directors - Regular Board Meeting,44007,,23,,,,,,,,0,0,"OPERATIONS, SAFETY AND CUSTOMER EXPERIENCE COMMITTEE MADE THE FOLLOWING RECOMMENDATION (3-0): "
1571,2019-07-25,Board of Directors - Regular Board Meeting,44008,22,22,6014,2019-0460,Plan,,,,,0,0,"CONSIDER:

A.	APPROVING the Regional Service Concept, which is the framework for restructuring Metro’s bus routes and schedules for NextGen and includes:
1.	Goals and objectives of the new bus network;
2.	Measures of success;
3.	Route and network design concepts based on public input and data analysis;
4.	Framework for balancing tradeoffs that consider Metro’s Equity Platform; and

B.	FOLLOWING approval by all five Regional Service Councils, the Board shall then approve the final NextGen"
1571,2019-07-25,Board of Directors - Regular Board Meeting,44009,,21,,,,,,,,0,0,"OPERATIONS, SAFETY AND CUSTOMER EXPERIENCE COMMITTEE MADE THE FOLLOWING RECOMMENDATION (3-0): "
1571,2019-07-25,Board of Directors - Regular Board Meeting,44010,18,19,5726,2019-0172,Contract,,,,,0,0,"AUTHORIZE the Chief Executive Officer to award a five-year, firm fixed-unit rate Contract No. PS133590000 to US Bank N.A. for custodial banking services in an amount not to exceed $1,003,370 inclusive of two, one year options, effective October 1, 2019, subject to resolution of protest(s), if any."
1571,2019-07-25,Board of Directors - Regular Board Meeting,44011,,18,,,,,,,,0,0,"FINANCE, BUDGET AND AUDIT COMMITTEE MADE THE FOLLOWING RECOMMENDATION (3-0):"
1571,2019-07-25,Board of Directors - Regular Board Meeting,44012,15,17,6044,2019-0490,Contract,,,,,0,0,"CONSIDER:

A.	FINDING that use of a Pre-Development Agreement (PDA) approach pursuant to Public Utilities Code Section 130242 will achieve certain private sector efficiencies in the integration of the planning, design, and construction of the Sepulveda Transit Corridor Project (Project); and

(REQUIRES TWO-THIRDS VOTE OF THE BOARD)

B.	APPROVING the solicitation of PDA contract(s) with up to two responsible proposer(s), pursuant to Public Utilities Code Section 130242(e), with the proposer"
1571,2019-07-25,Board of Directors - Regular Board Meeting,44013,,16,,,,,,,,0,0,PLANNING AND PROGRAMMING COMMITTEE (5-0) AND CONSTRUCTION COMMITTEE (4-0) MADE THE FOLLOWING RECOMMENDATION (5-0):
1571,2019-07-25,Board of Directors - Regular Board Meeting,44014,14,15,6020,2019-0466,Program,,,,,0,0,"APPROVE:

A.	$10,910,051 in Congestion Mitigation and Air Quality Improvement Program (CMAQ) Funds savings in the I-10 High Occupancy Vehicle (HOV) Lanes Project from I-605 to Puente Avenue (Segment 1) to be programmed to pay for the cost increase in the I-10 HOV Lanes Project from Puente Avenue to Citrus Avenue (Segment 2); and

B.	an additional $836,000 in CMAQ Funds for the cost increase in Segment 2."
1571,2019-07-25,Board of Directors - Regular Board Meeting,44015,,14,,,,,,,,0,0,PLANNING AND PROGRAMMING COMMITTEE MADE THE FOLLOWING RECOMMENDATION (5-0):
1571,2019-07-25,Board of Directors - Regular Board Meeting,44016,13,13,6015,2019-0461,Program,,,,,0,0,"CONSIDER:
A.	RECERTIFYING $75.2 million in existing Fiscal Year (FY) 2019-20 commitments from previously approved Countywide Call for Projects (Call) and AUTHORIZING the expenditure of funds to meet these commitments as shown in Attachment A;

B.	DEOBLIGATING $12.3 million of previously approved Call funding, as shown in Attachment B, ALLOCATING $11 million to fulfill the countywide light rail yard cost allocation commitment and hold the remaining $1.3 million in RESERVE;

C. 	AUTHORIZING t"
1571,2019-07-25,Board of Directors - Regular Board Meeting,44017,,12,,,,,,,,0,0,PLANNING AND PROGRAMMING COMMITTEE MADE THE FOLLOWING RECOMMENDATION (5-0):
1571,2019-07-25,Board of Directors - Regular Board Meeting,44018,12,11,5772,2019-0218,Contract,,,,,0,0,"AUTHORIZE the Chief Executive Officer to: 

A.	EXECUTE Modification No. 7 to Contract No. AE5999300 with WSP USA Inc. for additional environmental technical work to be included in the Draft Environmental Impact Statement/Environmental Impact Report (EIS/EIR) in the amount of $6,476,982, increasing the total contract value from $21,529,734 to $28,006,716; and

B.	INCREASE Contract Modification Authority (CMA) specific to Contract No. AE5999300 in the amount of $647,698, increasing the total a"
1571,2019-07-25,Board of Directors - Regular Board Meeting,44019,,10,,,,,,,,0,0,PLANNING AND PROGRAMMING COMMITTEE MADE THE FOLLOWING RECOMMENDATION (5-0):
1571,2019-07-25,Board of Directors - Regular Board Meeting,44026,46,66,6041,2019-0487,Policy,,,,,0,0,"CONSIDER:

A.	HOLDING a public hearing on the proposed Resolutions of Necessity; and

B.	ADOPTING Resolution of Necessity (Attachment B) authorizing the commencement of an eminent domain action to acquire a Temporary Construction Easement (TCE) from the properties identified as Parcels: CPN 80856-1 (APN: 2861-071-009) and CPN 81196-1 (APN: 2861-071-008).

(REQUIRES TWO-THIRDS VOTE OF THE BOARD)"
1571,2019-07-25,Board of Directors - Regular Board Meeting,44027,45,65,6031,2019-0477,Policy,,,,,0,0,"CONSIDER:

A.	HOLDING a public hearing on the proposed Resolution of Necessity; and

B.	ADOPTING a Resolution of Necessity (Attachment B) authorizing the commencement of an eminent domain action to acquire a Temporary Construction Easement (TCE) and site improvements within the TCE area from the property identified as 3128 Gale Avenue, Long Beach, CA 90810, CPN-80964 (APN: 7312-021-009). 
	
(REQUIRES TWO-THIRDS VOTE OF THE BOARD)"
1571,2019-07-25,Board of Directors - Regular Board Meeting,44028,36,63,6082,2019-0528,Project,,,,,0,0,"DIRECT the Chief Executive Officer to: 

A.	 Finalize negotiations with the Gold Line Foothill Extension Construction Authority (Construction Authority) for Metro to commit $126 million in order to ensure the extension of the Foothill Alignment to Pomona station; and

B.	Apply the San Gabriel Valley Subregional Equity funds to offset the Gold Line to Pomona shortfall."
1571,2019-07-25,Board of Directors - Regular Board Meeting,44029,,62,,,,,,,,0,0,CONSTRUCTION COMMITTEE FORWARDED THE FOLLOWING WITHOUT RECOMMENDATION: 
1571,2019-07-25,Board of Directors - Regular Board Meeting,44030,35,61,6056,2019-0502,Contract,,,,,0,0,"AUTHORIZE the Chief Executive Officer to NEGOTIATE and EXECUTE:  

A.	A three-year cost plus fixed fee type contract for AE59600 with HDR Engineering, Inc. for Supplemental Engineering Services for Engineering Design of Transit Rail Projects on a task order basis, plus two one-year options.  The amount for the three-year base contract is $50,000,000 and the amount for the two one-year options is $20,000,000 for a total contract value not to exceed $70,000,000; subject to resolution of protest("
1571,2019-07-25,Board of Directors - Regular Board Meeting,44031,,60,,,,,,,,0,0,CONSTRUCTION COMMITTEE FORWARDED THE FOLLOWING DUE TO ABSENCES AND CONFLICTS:
1571,2019-07-25,Board of Directors - Regular Board Meeting,44032,32,59,5756,2019-0202,Contract,,,,,0,0,"AUTHORIZE:

A.	the Chief Executive Officer to negotiate and execute a cost-plus fixed fee Contract No. AE58083E0129 with Gannett Fleming to perform professional services including design advancement for the design build delivery process, support during the solicitation process, and design support during construction for the East San Fernando Valley Transit Corridor Project in an amount not-to-exceed $61,974,852, subject to resolution of any protests; and

B.	Contract Modification Authority i"
1571,2019-07-25,Board of Directors - Regular Board Meeting,44033,,58,,,,,,,,0,0,CONSTRUCTION COMMITTEE FORWARDED THE FOLLOWING DUE TO ABSENCES AND CONFLICTS:
1571,2019-07-25,Board of Directors - Regular Board Meeting,44034,10,55,6063,2019-0509,Informational Report,,,,,0,0,RECEIVE AND FILE report on Item #9 at the October 2016 Board Meeting regarding the Los Angeles - Glendale - Burbank Feasibility Study.
1571,2019-07-25,Board of Directors - Regular Board Meeting,44035,,54,,,,,,,,0,0,PLANNING AND PROGRAMMING COMMITTEE FORWARDED THE FOLLOWING WITHOUT RECOMMENDATION: 
1571,2019-07-25,Board of Directors - Regular Board Meeting,44036,5,50,5983,2019-0429,Informational Report,,,,,0,0,RECEIVE AND FILE status report on Motion 47 from the July 2017 Board of Director’s meeting regarding the Metrolink Antelope Valley Line study (Refer to Attachment A).
1571,2019-07-25,Board of Directors - Regular Board Meeting,44037,11,8,5639,2019-0085,Program,,,,,0,0,"CONSIDER:

A.	ADOPTING the 2-year Micro Mobility Vehicles Pilot Program at Metro stations; and

B.	AMENDING Metro’s Parking Ordinance (Attachment A) and Parking Rates and Permit Fee Resolution (Attachment B) in support of the implementation of the Micro Mobility Vehicles Pilot Program."
1571,2019-07-25,Board of Directors - Regular Board Meeting,44038,,7,,,,,,,,0,0,PLANNING AND PROGRAMMING COMMITTEE MADE THE FOLLOWING RECOMMENDATION (5-0):
1571,2019-07-25,Board of Directors - Regular Board Meeting,44039,,49,,,,,,,,0,0,PLANNING AND PROGRAMMING COMMITTEE FORWARDED THE FOLLOWING WITHOUT RECOMMENDATION: 
1571,2019-07-25,Board of Directors - Regular Board Meeting,44040,2,6,6089,2019-0535,Minutes,,,,,0,0,"APPROVE Minutes of the Regular Board Meeting held June 27, 2019."
1571,2019-07-25,Board of Directors - Regular Board Meeting,44041,,42,,,,,,,,0,0,"OPERATIONS, SAFETY AND CUSTOMER EXPERIENCE COMMITTEE MADE THE FOLLOWING RECOMMENDATION (3-0): "
1571,2019-07-25,Board of Directors - Regular Board Meeting,44042,43,43,5762,2019-0208,Contract,,,,,0,0,"AUTHORIZE the Chief Executive Officer to:

A.	AWARD a firm fixed unit rate Contract No. FS58039000 for Metro Freeway Service Patrol (FSP) Regional light duty towing services Region 1 to Kenny’s Auto Service, in an amount not to exceed $20,936,369 for 52 months, subject to resolution of protest(s), if any; and,
B.	AWARD a firm fixed unit rate Contract No. FS58039001 for Metro Freeway Service Patrol (FSP) regional light duty towing services Region 2 to Platinum Tow and Transport in an amount no"
1571,2019-07-25,Board of Directors - Regular Board Meeting,44043,,44,,,,,,,,0,0,"OPERATIONS, SAFETY AND CUSTOMER EXPERIENCE COMMITTEE MADE THE FOLLOWING RECOMMENDATION (3-0): "
1571,2019-07-25,Board of Directors - Regular Board Meeting,44044,25,29,5927,2019-0373,Contract,,,,,0,0,"CONSIDER:

A.	ESTABLISHING a Life of Project (LOP) Budget for the Enterprise Asset Management (EAM) Project, capital project number 207155, in the amount of $45,800,000;

B.	AUTHORIZING the Chief Executive Officer to award a 37-month, firm fixed price Contract No. PS51755000 to 21Tech LLC, in the amount of $10,205,207 for the Enterprise Asset Management System Software Acquisition and Software Support Services, subject to the resolution of any properly submitted protest(s), if any; and
 
C"
1571,2019-07-25,Board of Directors - Regular Board Meeting,44045,,28,,,,,,,,0,0,"OPERATIONS, SAFETY AND CUSTOMER EXPERIENCE COMMITTEE MADE THE FOLLOWING RECOMMENDATION (3-0): "
1571,2019-07-25,Board of Directors - Regular Board Meeting,44046,24,27,5705,2019-0151,Contract,,,,,0,0,"AUTHORIZE the Chief Executive Officer to:

A.	INCREASE the Life-of-Project (LOP) budget to Contract No. A650-2015, for the Heavy Rail Vehicle Overhaul and Critical Component Replacement Program (OCCRP), by $6,047,723 increasing the total Life-of-Project (LOP) budget from $99,061,908 to $105,109,632; 

B.	EXECUTE Contract Modification No. 4 to Contract No. A650-2015, with Talgo Inc., for the Heavy Rail Vehicle Overhaul and Critical Component Replacement Program (OCCRP), for the truck frame inspec"
1571,2019-07-25,Board of Directors - Regular Board Meeting,44047,,26,,,,,,,,0,0,"OPERATIONS, SAFETY AND CUSTOMER EXPERIENCE COMMITTEE MADE THE FOLLOWING RECOMMENDATION (3-0): "
1571,2019-07-25,Board of Directors - Regular Board Meeting,44050,34,33,6034,2019-0480,Contract,,,,,0,0,"AUTHORIZE:

A.	The Chief Executive Officer to execute a 5-year cost-plus fixed fee Contract No. PS58330MC075 with KDG+DE Construction Support Services to provide Construction Support Services for the Airport Metro Connector (AMC) 96th Street Transit Station Project, in an amount not-to-exceed $25,943,154.86 and exercise 2 one-year options, when deemed appropriate; and

B.	Contract Modification Authority in the amount of $5,188,630.97 or 20% of the not-to-exceed contract award value and autho"
1571,2019-07-25,Board of Directors - Regular Board Meeting,44051,,32,,,,,,,,0,0,CONSTRUCTION COMMITTEE MADE THE FOLLOWING RECOMMENDATION (3-0-1):
1571,2019-07-25,Board of Directors - Regular Board Meeting,44052,33,31,5930,2019-0376,Contract,,,,,0,0,"AUTHORIZE Contract Modification No. 106 (CCO 106) by the California Department of Transportation (Caltrans) for the construction contract of Segment 2 (Valley View) of the I-5 South Capacity Enhancements Project from I-605 to Orange County Line (Project) under Funding Agreement No. MOU.P0004292, Amendment No. 3, in the amount of up to $983,655 within the overall corridor Life of Project (LOP) budget."
1571,2019-07-25,Board of Directors - Regular Board Meeting,44053,,30,,,,,,,,0,0,CONSTRUCTION COMMITTEE MADE THE FOLLOWING RECOMMENDATION (4-0):
1571,2019-07-25,Board of Directors - Regular Board Meeting,44054,44,45,6037,2019-0483,Contract,,,,,0,0,"AUTHORIZE the Chief Executive Officer to award a 60-month, Indefinite Delivery/Indefinite Quantity (IDIQ) Contract No. MA62488000 to AmeTrade, Inc., DBA AmePower, Inc., for the overhaul of P2550 Light Rail Vehicle Static Inverter Auxiliary Power Supply/Low Voltage Power Supply (APS/LVPS). This award is a not-to-exceed amount of $2,509,943, subject to resolution of protest(s), if any."
1571,2019-07-25,Board of Directors - Regular Board Meeting,44055,41,38,6065,2019-0511,Federal Legislation / State Legislation (Position),,,,,0,0,"ADOPT staff recommended position:

A.	House Resolution 2723 (Lowenthal) - Economy in Motion: The National Multimodal and Sustainable Freight Infrastructure Act SUPPORT"
1571,2019-07-25,Board of Directors - Regular Board Meeting,44056,40,36,6054,2019-0500,Appointment,,,,,0,0,APPOINT the Conference Of Minority Transportation Officials (COMTO) SoCal to the Transportation Business Advisory Council.
1571,2019-07-25,Board of Directors - Regular Board Meeting,44057,,37,,,,,,,,0,0,EXECUTIVE MANAGEMENT COMMITTEE MADE THE FOLLOWING RECOMMENDATION (3-0):
1571,2019-07-25,Board of Directors - Regular Board Meeting,44058,42,40,6043,2019-0489,Plan,,,,,0,0,ADOPT the Metro Climate Action and Adaptation Plan.
1571,2019-07-25,Board of Directors - Regular Board Meeting,44061,4,48,6120,2019-0566,Oral Report / Presentation,,,,,0,0,RECEIVE report by the Chief Executive Officer.
1571,2019-07-25,Board of Directors - Regular Board Meeting,44062,3,47,6119,2019-0565,Oral Report / Presentation,,,,,0,0,RECEIVE remarks by the Chair.
1571,2019-07-25,Board of Directors - Regular Board Meeting,44067,,4,,,,,,,,0,0,"Consent Calendar items are approved by one motion unless held by a Director for discussion and/or separate action.

*Item requires 2/3 vote"
1571,2019-07-25,Board of Directors - Regular Board Meeting,44068,,9,,,,,,,,0,0,PAGE BREAK
1571,2019-07-25,Board of Directors - Regular Board Meeting,44069,,20,,,,,,,,0,0,PAGE BREAK
1571,2019-07-25,Board of Directors - Regular Board Meeting,44070,,25,,,,,,,,0,0,PAGE BREAK
1571,2019-07-25,Board of Directors - Regular Board Meeting,44071,,34,,,,,,,,0,0,PAGE BREAK
1571,2019-07-25,Board of Directors - Regular Board Meeting,44072,,41,,,,,,,,0,0,PAGE BREAK
1571,2019-07-25,Board of Directors - Regular Board Meeting,44073,5.1,52,6125,2019-0571,Motion / Motion Response,,,,,0,0,"APPROVE Motion by Directors Barger, Najarian, Krekorian and Solis that the Board:

A.	Support implementation of Scenarios 1 through 3, as detailed in the Antelope Valley Line Study, and prioritize the Balboa Siding Project so as to open up the expedited delivery of hourly commuter rail service between North Los Angeles County and Los Angeles Union Station;

B.	Direct the CEO and staff to coordinate with Metrolink on the implementation of Scenarios 1 through 3 and the inclusion and prioritiza"
1571,2019-07-25,Board of Directors - Regular Board Meeting,44075,22.1,56,6126,2019-0572,Motion / Motion Response,,,,,0,0,"APPROVE Motion by Directors Bonin, Garcetti, Krekorian, Solis and Garcia that the Board direct the CEO to:

A.	Develop a list of priority bus-supportive infrastructure projects needed to support the NextGen bus service plan, with an emphasis on near-term improvements that can be implemented concurrently with each phase of NextGen;

B.	Form a NextGen Bus Speed Engineering Working Group co-chaired by the Metro CEO and the General Manager of the Los Angeles Department of Transportation, or thei"
1571,2019-07-25,Board of Directors - Regular Board Meeting,44076,22.2,57,6127,2019-0573,Motion / Motion Response,,,,,0,0,"APPROVE Motion by Directors Hahn, Solis, Garcetti, Bonin and Krekorian that the Board direct the CEO:

A.	Create an action plan to implement the following improvements in anticipation of NextGen:

a.	Strategies to accelerate the ongoing initiatives of “All-Door Boarding” and vinyl seat installation;

b.	Improved integration between Metro and Municipal Bus Operators in regards to the TAP wallet and flexibility of loading money;

c.	Installing real-time arrival electronic displays on high-"
1571,2019-07-25,Board of Directors - Regular Board Meeting,44077,,51,,,,,,,,0,0,PAGE BREAK
1571,2019-07-25,Board of Directors - Regular Board Meeting,44078,,53,,,,,,,,0,0,PAGE BREAK
1571,2019-07-25,Board of Directors - Regular Board Meeting,44079,,64,,,,,,,,0,0,PAGE BREAK
1571,2019-07-25,Board of Directors - Regular Board Meeting,44081,47,67,6129,2019-0575,Project,,,,,0,0,"CONSIDER:

A.	AUTHORIZING the Chief Executive Officer to enter into a Memorandum of Agreement (MOA) with the City/County of Los Angeles for funding and support of the Destination Crenshaw Project;

B.	APPROVING funding request for the construction of Destination Crenshaw’s proposed Sankofa Park in an amount not to exceed $15,000,000 and related staff support time; and

C.	AMENDING the FY20 Adopted Budget in the amount of $15,000,000."
1571,2019-07-25,Board of Directors - Regular Board Meeting,72191,36.1,,6152,2019-0598,Motion / Motion Response,APPROVED,Pass,,,0,0,"APPROVE Motion by Fasana, Garcetti, Solis and Barger that the Board consistent with the June 2016 Board action that created the Subregional Equity Program, reaffirms that each subregion's Subregional Equity Program allocation as listed in the Measure M Expenditure Plan (line item 68, note s.) is listed in 2015 dollars, consistent with all other figures in the ""Most Recent Cost Estimate"" column of the Measure M Expenditure Plan. These allocations shall be escalated to year-of-expenditure in accor"
1572,2019-09-19,Construction Committee,44823,,1,,,,,,,,0,0,CALL TO ORDER
1572,2019-09-19,Construction Committee,44824,,2,,,,,,,,0,0,ROLL CALL
1572,2019-09-19,Construction Committee,44939,,10,,,,,,,,0,0,"Consideration of items not on the posted agenda, including: items to be presented and (if requested) referred to staff; items to be placed on the agenda for action at a future meeting of the Committee or Board; and/or items requiring immediate action because of an emergency situation or where the need to take immediate action came to the attention of the Committee subsequent to the posting of the agenda."
1572,2019-09-19,Construction Committee,44940,,11,,,,,,,,0,0,COMMENTS FROM THE PUBLIC ON ITEMS OF PUBLIC INTEREST WITHIN COMMITTEE’S SUBJECT MATTER JURISDICTION
1572,2019-09-19,Construction Committee,44941,,12,,,,,,,,0,0,Adjournment
1572,2019-09-19,Construction Committee,44951,,9,6251,2019-0697,Informational Report,,,,,0,0,RECEIVE General Public Comment
1572,2019-09-19,Construction Committee,44953,33,8,6211,2019-0657,Contract,,,,,0,0,"AUTHORIZE the Chief Executive Officer (CEO) to:

A.	AWARD a Cost Reimbursable Contract for a base period of performance of three (3) years, Contract No. AE58845, to Geosyntec Consultants Inc.,  for Sustainability Engineering Services for Water Resources, Conservation and Compliance, for total Contact amount of not-to-exceed $17,714,849 with $7,714,849 not-to-exceed value for the first three years, and exercise two one (1) year options in the amount of not-to-exceed value of $5,000,000 for each"
1572,2019-09-19,Construction Committee,44954,30,4,6205,2019-0651,Informational Report,,,,,0,0,"RECEIVE AND FILE the:
 
A.	Status update on the Project Labor Agreement and Construction Careers Policy through the quarter ending June 2019; and 

B.	Metro Workforce Disparity Study on Women in the Trades."
1572,2019-09-19,Construction Committee,44955,29,3,6196,2019-0642,Oral Report / Presentation,,,,,0,0,RECEIVE oral report on the Major Project Status by the Chief Program Management Officer.
1572,2019-09-19,Construction Committee,44956,32,7,6117,2019-0563,Contract,,,,,0,0,"AUTHORIZE Contract Modifications No. 102 & No. 103 (CCO 102 & CCO 103) by the California Department of Transportation (Caltrans) for the construction contract for Segment 3 (Shoemaker, Bloomfield and Rosecrans) of the I-5 South Capacity Enhancements Project from Orange County Line to I-605 (Project) under FUNDING AGREEMENT NO. MOU.P0004292 A/A3, in the total amount of $5.03 million within the LOP budget."
1572,2019-09-19,Construction Committee,44957,31,5,6110,2019-0556,Agreement,,,,,0,0,AUTHORIZE the Chief Executive Officer to execute the Memorandum of Agreement (MOA) between Metro (Authority) and US Army Corps of Engineering (“Corps”).
1572,2019-09-19,Construction Committee,45117,,6,,,,,,,,0,0,PAGE BREAK
1573,2019-09-19,Executive Management Committee,44958,,1,,,,,,,,0,0,CALL TO ORDER
1573,2019-09-19,Executive Management Committee,44959,,2,,,,,,,,0,0,ROLL CALL
1573,2019-09-19,Executive Management Committee,44960,,17,6253,2019-0699,Informational Report,,,,,0,0,RECEIVE General Public Comment
1573,2019-09-19,Executive Management Committee,45080,,18,,,,,,,,0,0,"Consideration of items not on the posted agenda, including: items to be presented and (if requested) referred to staff; items to be placed on the agenda for action at a future meeting of the Committee or Board; and/or items requiring immediate action because of an emergency situation or where the need to take immediate action came to the attention of the Committee subsequent to the posting of the agenda."
1573,2019-09-19,Executive Management Committee,45081,,19,,,,,,,,0,0,COMMENTS FROM THE PUBLIC ON ITEMS OF PUBLIC INTEREST WITHIN COMMITTEE’S SUBJECT MATTER JURISDICTION
1573,2019-09-19,Executive Management Committee,45082,,20,,,,,,,,0,0,Adjournment
1573,2019-09-19,Executive Management Committee,45083,43,15,6203,2019-0649,Contract,,,,,0,0,"AUTHORIZE the Chief Executive Officer to:

A.	AWARD a twenty-four month, firm fixed price Contract No. PS62790000 to WSP USA, Inc., in the amount of $3,085,929 for the Congestion Pricing Feasibility Study Technical Services, subject to resolution of protest(s), if any; and

B.	AWARD a twenty-four month, firm fixed price Contract No. PS62791000 to Guidehouse LLP, in the amount of $1,919,300, with an 18-month option in the amount of $569,840, for a total contract value of $2,489,140, for the Conge"
1573,2019-09-19,Executive Management Committee,45084,42,14,6198,2019-0644,Program,,,,,0,0,ADOPT Service Monitoring Results for Title VI Program Update presented in Attachment A.
1573,2019-09-19,Executive Management Committee,45085,39,10,6197,2019-0643,Policy,,,,,0,0,ADOPT Service Standards Policies for Title VI Program Update presented in Attachment A.
1573,2019-09-19,Executive Management Committee,45086,34,5,6195,2019-0641,Informational Report,,,,,0,0,RECEIVE AND FILE State and Federal Legislative Report.
1573,2019-09-19,Executive Management Committee,45087,35,6,6189,2019-0635,Federal Legislation / State Legislation (Position),,,,,0,0,"ADOPT staff recommended positions:

A.	House Resolution 4101 (Bass) / Senate Bill 2404 (Gillibrand) - Build Local Hire Local Act SUPPORT

B.	Senate Bill 2302 (Barrasso) - Federal Authorization for Highway Programs - America’s Transportation Infrastructure Act of 2019 WORK WITH AUTHOR"
1573,2019-09-19,Executive Management Committee,45088,41,13,6180,2019-0626,Motion / Motion Response,,,,,0,0,"CONSIDER:

A.	APPROVING a one-year pilot program to extend the expiration date of Youth on the Move (YOTM) passes for foster youth participating in the Independent Living Program (ILP) to their 23rd birthday;

B.	APPROVING a one-year pilot program to extend the lower age of the YOTM Program to 16-years of age at two (2) Department of Children and Family Services (DCFS) offices in Los Angeles County; and

C.	INSTRUCTING staff to report back to Board within 12 months to determine whether or "
1573,2019-09-19,Executive Management Committee,45090,38,9,6170,2019-0616,Ordinance / Administrative Code,,,,,0,0,"APPROVE amendment of Title 2, Chapter 2-50 of the Los Angeles County Metropolitan Transportation Authority (“Metro”) Administrative Code (the “Code”), otherwise known as Public Hearings, as set forth in Attachment A.  The amended Code will become effective within 30 days of Board approval."
1573,2019-09-19,Executive Management Committee,45091,37,8,6162,2019-0608,Policy,,,,,0,0,"ADOPT Title VI Equity Analysis Policies presented in Attachments A, B and C."
1573,2019-09-19,Executive Management Committee,45092,40,11,6004,2019-0450,Contract,,,,,0,0,"AUTHORIZE the Chief Executive Officer to award a five-year, firm fixed unit rate Contract No. PS60199000 to LPM Consulting, Inc. for a Drug and Alcohol Oversight Program, in an amount not-to-exceed $472,102  for the three-year base term, $189,877 for the first option year, and $189,877 for the second option year, for a combined total not-to-exceed amount of $851,856 inclusive of two, one year options, effective October 1, 2019, subject to resolution of protest(s), if any."
1573,2019-09-19,Executive Management Committee,45107,36,7,5848,2019-0294,Informational Report,,,,,0,0,RECEIVE AND FILE status report on How Women Travel Study (Attachment B).
1573,2019-09-19,Executive Management Committee,45108,25,3,6113,2019-0559,Informational Report,,,,,0,0,RECEIVE AND FILE Transit Safety and Security Report.
1573,2019-09-19,Executive Management Committee,45109,,4,,,,,,,,0,0,"(ALSO ON OPERATIONS, SAFETY AND CUSTOMER EXPERIENCE COMMITTEE)"
1573,2019-09-19,Executive Management Committee,45118,,12,,,,,,,,0,0,PAGE BREAK
1573,2019-09-19,Executive Management Committee,45126,45,16,6175,2019-0621,Contract,,,,,0,0,"AUTHORIZE the Chief Executive Officer to execute Modification No. 2 to Bench Contract Nos. PS44432001 through PS44432010 to:

A.	INCREASE the base contract value by $9,000,000 from $9,505,568 to $18,505,568 for communications support services through December 31, 2020; and

B.	AWARD AND EXECUTE task orders for a not-to-exceed total authorized amount of $18,505,568."
1574,2019-07-17,"Finance, Budget and Audit Committee",43393,,1,,,,,,,,0,0,CALL TO ORDER
1574,2019-07-17,"Finance, Budget and Audit Committee",43394,,2,,,,,,,,0,0,ROLL CALL
1574,2019-07-17,"Finance, Budget and Audit Committee",43395,,7,6093,2019-0539,Informational Report,,,,,0,0,RECEIVE General Public Comment
1574,2019-07-17,"Finance, Budget and Audit Committee",43518,,8,,,,,,,,0,0,"Consideration of items not on the posted agenda, including: items to be presented and (if requested) referred to staff; items to be placed on the agenda for action at a future meeting of the Committee or Board; and/or items requiring immediate action because of an emergency situation or where the need to take immediate action came to the attention of the Committee subsequent to the posting of the agenda."
1574,2019-07-17,"Finance, Budget and Audit Committee",43519,,9,,,,,,,,0,0,COMMENTS FROM THE PUBLIC ON ITEMS OF PUBLIC INTEREST WITHIN COMMITTEE’S SUBJECT MATTER JURISDICTION
1574,2019-07-17,"Finance, Budget and Audit Committee",43520,,10,,,,,,,,0,0,Adjournment
1574,2019-07-17,"Finance, Budget and Audit Committee",43521,17,4,6046,2019-0492,Informational Report,,,,,0,0,RECEIVE AND FILE TAP Multi-modal integration and mobile app update.
1574,2019-07-17,"Finance, Budget and Audit Committee",43522,16,3,5939,2019-0385,Informational Report,,,,,0,0,"RECEIVE AND FILE the Consolidated Audit financial and compliance audit reports completed by Vasquez and Company (Vasquez) and Simpson and Simpson, CPA’s (Simpson & Simpson) for the Fiscal Year ending June 30, 2018."
1574,2019-07-17,"Finance, Budget and Audit Committee",43523,18,5,5726,2019-0172,Contract,,,,,0,0,"AUTHORIZE the Chief Executive Officer to award a five-year, firm fixed-unit rate Contract No. PS133590000 to US Bank N.A. for custodial banking services in an amount not to exceed $1,003,370 inclusive of two, one year options, effective October 1, 2019, subject to resolution of protest(s), if any."
1574,2019-07-17,"Finance, Budget and Audit Committee",43933,,6,,,,,,,,0,0,PAGE BREAK
1576,2019-07-17,Planning and Programming Committee,43222,,1,,,,,,,,0,0,CALL TO ORDER
1576,2019-07-17,Planning and Programming Committee,43223,,2,,,,,,,,0,0,ROLL CALL
1576,2019-07-17,Planning and Programming Committee,43376,,19,,,,,,,,0,0,"Consideration of items not on the posted agenda, including: items to be presented and (if requested) referred to staff; items to be placed on the agenda for action at a future meeting of the Committee or Board; and/or items requiring immediate action because of an emergency situation or where the need to take immediate action came to the attention of the Committee subsequent to the posting of the agenda."
1576,2019-07-17,Planning and Programming Committee,43377,,20,,,,,,,,0,0,COMMENTS FROM THE PUBLIC ON ITEMS OF PUBLIC INTEREST WITHIN COMMITTEE’S SUBJECT MATTER JURISDICTION
1576,2019-07-17,Planning and Programming Committee,43378,,21,,,,,,,,0,0,Adjournment
1576,2019-07-17,Planning and Programming Committee,43380,,17,,,,,,,,0,0,(ALSO ON CONSTRUCTION COMMITTEE)
1576,2019-07-17,Planning and Programming Committee,43381,15,16,6044,2019-0490,Contract,,,,,0,0,"CONSIDER:

A.	FINDING that use of a Pre-Development Agreement (PDA) approach pursuant to Public Utilities Code Section 130242 will achieve certain private sector efficiencies in the integration of the planning, design, and construction of the Sepulveda Transit Corridor Project (Project); and

(REQUIRES TWO-THIRDS VOTE OF THE BOARD)

B.	APPROVING the solicitation of PDA contract(s) with up to two responsible proposer(s), pursuant to Public Utilities Code Section 130242(e), with the proposer"
1576,2019-07-17,Planning and Programming Committee,43382,10,9,6063,2019-0509,Informational Report,,,,,0,0,RECEIVE AND FILE report on Item #9 at the October 2016 Board Meeting regarding the Los Angeles - Glendale - Burbank Feasibility Study.
1576,2019-07-17,Planning and Programming Committee,43383,9,8,6061,2019-0507,Informational Report,,,,,0,0,RECEIVE AND FILE status report on California High Speed Rail Southern California Segments.
1576,2019-07-17,Planning and Programming Committee,43384,8,6,6060,2019-0506,Motion / Motion Response,,,,,0,0,"RECEIVE AND FILE response to Motion 16.1 (File #: 2019-0259, Attachment A), regarding the Vermont Transit Corridor."
1576,2019-07-17,Planning and Programming Committee,43385,14,14,6020,2019-0466,Program,,,,,0,0,"APPROVE:

A.	$10,910,051 in Congestion Mitigation and Air Quality Improvement Program (CMAQ) Funds savings in the I-10 High Occupancy Vehicle (HOV) Lanes Project from I-605 to Puente Avenue (Segment 1) to be programmed to pay for the cost increase in the I-10 HOV Lanes Project from Puente Avenue to Citrus Avenue (Segment 2); and

B.	an additional $836,000 in CMAQ Funds for the cost increase in Segment 2."
1576,2019-07-17,Planning and Programming Committee,43386,7,5,6017,2019-0463,Informational Report,,,,,0,0,RECEIVE AND FILE Value Capture Strategy (Attachment A).
1576,2019-07-17,Planning and Programming Committee,43387,13,13,6015,2019-0461,Program,,,,,0,0,"CONSIDER:
A.	RECERTIFYING $75.2 million in existing Fiscal Year (FY) 2019-20 commitments from previously approved Countywide Call for Projects (Call) and AUTHORIZING the expenditure of funds to meet these commitments as shown in Attachment A;

B.	DEOBLIGATING $12.3 million of previously approved Call funding, as shown in Attachment B, ALLOCATING $11 million to fulfill the countywide light rail yard cost allocation commitment and hold the remaining $1.3 million in RESERVE;

C. 	AUTHORIZING t"
1576,2019-07-17,Planning and Programming Committee,43388,6,4,6005,2019-0451,Motion / Motion Response,,,,,0,0,"RECEIVE AND FILE status report on Motion 6.1 from the April 25, 2019 Board of Directors meeting regarding the South Bay SMART-Net project."
1576,2019-07-17,Planning and Programming Committee,43389,5,3,5983,2019-0429,Informational Report,,,,,0,0,RECEIVE AND FILE status report on Motion 47 from the July 2017 Board of Director’s meeting regarding the Metrolink Antelope Valley Line study (Refer to Attachment A).
1576,2019-07-17,Planning and Programming Committee,43390,12,12,5772,2019-0218,Contract,,,,,0,0,"AUTHORIZE the Chief Executive Officer to: 

A.	EXECUTE Modification No. 7 to Contract No. AE5999300 with WSP USA Inc. for additional environmental technical work to be included in the Draft Environmental Impact Statement/Environmental Impact Report (EIS/EIR) in the amount of $6,476,982, increasing the total contract value from $21,529,734 to $28,006,716; and

B.	INCREASE Contract Modification Authority (CMA) specific to Contract No. AE5999300 in the amount of $647,698, increasing the total a"
1576,2019-07-17,Planning and Programming Committee,43391,11,10,5639,2019-0085,Program,,,,,0,0,"CONSIDER:

A.	ADOPTING the 2-year Micro Mobility Vehicles Pilot Program at Metro stations; and

B.	AMENDING Metro’s Parking Ordinance (Attachment A) and Parking Rates and Permit Fee Resolution (Attachment B) in support of the implementation of the Micro Mobility Vehicles Pilot Program."
1576,2019-07-17,Planning and Programming Committee,43392,,18,6092,2019-0538,Informational Report,,,,,0,0,RECEIVE General Public Comment
1576,2019-07-17,Planning and Programming Committee,43930,,7,,,,,,,,0,0,PAGE BREAK
1576,2019-07-17,Planning and Programming Committee,43931,,11,,,,,,,,0,0,PAGE BREAK
1576,2019-07-17,Planning and Programming Committee,43932,,15,,,,,,,,0,0,PAGE BREAK
1577,2019-07-18,"Operations, Safety, and Customer Experience Committee",43524,,1,,,,,,,,0,0,CALL TO ORDER
1577,2019-07-18,"Operations, Safety, and Customer Experience Committee",43525,,2,,,,,,,,0,0,ROLL CALL
1577,2019-07-18,"Operations, Safety, and Customer Experience Committee",43642,,19,,,,,,,,0,0,"Consideration of items not on the posted agenda, including: items to be presented and (if requested) referred to staff; items to be placed on the agenda for action at a future meeting of the Committee or Board; and/or items requiring immediate action because of an emergency situation or where the need to take immediate action came to the attention of the Committee subsequent to the posting of the agenda."
1577,2019-07-18,"Operations, Safety, and Customer Experience Committee",43643,,20,,,,,,,,0,0,COMMENTS FROM THE PUBLIC ON ITEMS OF PUBLIC INTEREST WITHIN COMMITTEE’S SUBJECT MATTER JURISDICTION
1577,2019-07-18,"Operations, Safety, and Customer Experience Committee",43644,,21,,,,,,,,0,0,Adjournment
1577,2019-07-18,"Operations, Safety, and Customer Experience Committee",43650,,18,6094,2019-0540,Informational Report,,,,,0,0,RECEIVE General Public Comment
1577,2019-07-18,"Operations, Safety, and Customer Experience Committee",43651,27,14,6050,2019-0496,Informational Report,,,,,0,0,RECEIVE AND FILE Transit Safety and Security Report.
1577,2019-07-18,"Operations, Safety, and Customer Experience Committee",43652,19,3,6028,2019-0474,Oral Report / Presentation,,,,,0,0,Operations Employees of the Month
1577,2019-07-18,"Operations, Safety, and Customer Experience Committee",43653,22,6,6014,2019-0460,Plan,,,,,0,0,"CONSIDER:

A.	APPROVING the Regional Service Concept, which is the framework for restructuring Metro’s bus routes and schedules for NextGen and includes:
1.	Goals and objectives of the new bus network;
2.	Measures of success;
3.	Route and network design concepts based on public input and data analysis;
4.	Framework for balancing tradeoffs that consider Metro’s Equity Platform; and

B.	FOLLOWING approval by all five Regional Service Councils, the Board shall then approve the final NextGen"
1577,2019-07-18,"Operations, Safety, and Customer Experience Committee",43654,21,5,6012,2019-0458,Informational Report,,,,,0,0,RECEIVE AND FILE status report on the Zero Emission Bus Program and Bus Fleet Management Plan (BFMP) which summarizes Metro’s directly operated and purchased transportation bus vehicle requirements over the next ten years.
1577,2019-07-18,"Operations, Safety, and Customer Experience Committee",43655,25,10,5927,2019-0373,Contract,,,,,0,0,"CONSIDER:

A.	ESTABLISHING a Life of Project (LOP) Budget for the Enterprise Asset Management (EAM) Project, capital project number 207155, in the amount of $45,800,000;

B.	AUTHORIZING the Chief Executive Officer to award a 37-month, firm fixed price Contract No. PS51755000 to 21Tech LLC, in the amount of $10,205,207 for the Enterprise Asset Management System Software Acquisition and Software Support Services, subject to the resolution of any properly submitted protest(s), if any; and
 
C"
1577,2019-07-18,"Operations, Safety, and Customer Experience Committee",43656,24,8,5705,2019-0151,Contract,,,,,0,0,"AUTHORIZE the Chief Executive Officer to:

A.	INCREASE the Life-of-Project (LOP) budget to Contract No. A650-2015, for the Heavy Rail Vehicle Overhaul and Critical Component Replacement Program (OCCRP), by $6,047,723 increasing the total Life-of-Project (LOP) budget from $99,061,908 to $105,109,632; 

B.	EXECUTE Contract Modification No. 4 to Contract No. A650-2015, with Talgo Inc., for the Heavy Rail Vehicle Overhaul and Critical Component Replacement Program (OCCRP), for the truck frame inspec"
1577,2019-07-18,"Operations, Safety, and Customer Experience Committee",43658,23,7,5996,2019-0442,Appointment,,,,,0,0,APPROVE Diane Velez for membership on Metro’s San Gabriel Valley Service Council.
1577,2019-07-18,"Operations, Safety, and Customer Experience Committee",43659,26,11,6035,2019-0481,Informational Report,,,,,0,0,RECEIVE AND FILE OIG report on Metro Security Performance Review Fiscal Year 2018.
1577,2019-07-18,"Operations, Safety, and Customer Experience Committee",43661,20,4,6029,2019-0475,Oral Report / Presentation,,,,,0,0,RECEIVE oral report on New Blue Phase 2.
1577,2019-07-18,"Operations, Safety, and Customer Experience Committee",43662,,15,,,,,,,,0,0,(ALSO ON EXECUTIVE MANAGEMENT COMMITTEE)
1577,2019-07-18,"Operations, Safety, and Customer Experience Committee",43663,,12,,,,,,,,0,0,(ALSO ON EXECUTIVE MANAGEMENT COMMITTEE)
1577,2019-07-18,"Operations, Safety, and Customer Experience Committee",43955,44,17,6037,2019-0483,Contract,,,,,0,0,"AUTHORIZE the Chief Executive Officer to award a 60-month, Indefinite Delivery/Indefinite Quantity (IDIQ) Contract No. MA62488000 to AmeTrade, Inc., DBA AmePower, Inc., for the overhaul of P2550 Light Rail Vehicle Static Inverter Auxiliary Power Supply/Low Voltage Power Supply (APS/LVPS). This award is a not-to-exceed amount of $2,509,943, subject to resolution of protest(s), if any."
1577,2019-07-18,"Operations, Safety, and Customer Experience Committee",43956,43,16,5762,2019-0208,Contract,,,,,0,0,"AUTHORIZE the Chief Executive Officer to:

A.	AWARD a firm fixed unit rate Contract No. FS58039000 for Metro Freeway Service Patrol (FSP) Regional light duty towing services Region 1 to Kenny’s Auto Service, in an amount not to exceed $20,936,369 for 52 months, subject to resolution of protest(s), if any; and,
B.	AWARD a firm fixed unit rate Contract No. FS58039001 for Metro Freeway Service Patrol (FSP) regional light duty towing services Region 2 to Platinum Tow and Transport in an amount no"
1577,2019-07-18,"Operations, Safety, and Customer Experience Committee",43958,,9,,,,,,,,0,0,PAGE BREAK
1577,2019-07-18,"Operations, Safety, and Customer Experience Committee",43959,,13,,,,,,,,0,0,PAGE BREAK
1578,2019-07-18,Construction Committee,43664,,1,,,,,,,,0,0,CALL TO ORDER
1578,2019-07-18,Construction Committee,43665,,2,,,,,,,,0,0,ROLL CALL
1578,2019-07-18,Construction Committee,43666,32,9,5756,2019-0202,Contract,,,,,0,0,"AUTHORIZE:

A.	the Chief Executive Officer to negotiate and execute a cost-plus fixed fee Contract No. AE58083E0129 with Gannett Fleming to perform professional services including design advancement for the design build delivery process, support during the solicitation process, and design support during construction for the East San Fernando Valley Transit Corridor Project in an amount not-to-exceed $61,974,852, subject to resolution of any protests; and

B.	Contract Modification Authority i"
1578,2019-07-18,Construction Committee,43778,,16,,,,,,,,0,0,(ALSO ON PLANNING AND PROGRAMMING COMMITTEE)
1578,2019-07-18,Construction Committee,43780,,18,,,,,,,,0,0,"Consideration of items not on the posted agenda, including: items to be presented and (if requested) referred to staff; items to be placed on the agenda for action at a future meeting of the Committee or Board; and/or items requiring immediate action because of an emergency situation or where the need to take immediate action came to the attention of the Committee subsequent to the posting of the agenda."
1578,2019-07-18,Construction Committee,43781,,19,,,,,,,,0,0,COMMENTS FROM THE PUBLIC ON ITEMS OF PUBLIC INTEREST WITHIN COMMITTEE’S SUBJECT MATTER JURISDICTION
1578,2019-07-18,Construction Committee,43782,,20,,,,,,,,0,0,Adjournment
1578,2019-07-18,Construction Committee,43783,15,15,6044,2019-0490,Contract,,,,,0,0,"CONSIDER:

A.	FINDING that use of a Pre-Development Agreement (PDA) approach pursuant to Public Utilities Code Section 130242 will achieve certain private sector efficiencies in the integration of the planning, design, and construction of the Sepulveda Transit Corridor Project (Project); and

(REQUIRES TWO-THIRDS VOTE OF THE BOARD)

B.	APPROVING the solicitation of PDA contract(s) with up to two responsible proposer(s), pursuant to Public Utilities Code Section 130242(e), with the proposer"
1578,2019-07-18,Construction Committee,43784,,8,,,,,,,,0,0,(ALSO ON EXECUTIVE MANAGEMENT COMMITTEE)
1578,2019-07-18,Construction Committee,43785,31,7,5988,2019-0434,Informational Report,,,,,0,0,RECEIVE AND FILE financial forecast and constructability analysis to deliver the Twenty-Eight by ’28 Initiative.
1578,2019-07-18,Construction Committee,43786,36,14,6082,2019-0528,Project,,,,,0,0,"DIRECT the Chief Executive Officer to: 

A.	 Finalize negotiations with the Gold Line Foothill Extension Construction Authority (Construction Authority) for Metro to commit $126 million in order to ensure the extension of the Foothill Alignment to Pomona station; and

B.	Apply the San Gabriel Valley Subregional Equity funds to offset the Gold Line to Pomona shortfall."
1578,2019-07-18,Construction Committee,43787,35,12,6056,2019-0502,Contract,,,,,0,0,"AUTHORIZE the Chief Executive Officer to NEGOTIATE and EXECUTE:  

A.	A three-year cost plus fixed fee type contract for AE59600 with HDR Engineering, Inc. for Supplemental Engineering Services for Engineering Design of Transit Rail Projects on a task order basis, plus two one-year options.  The amount for the three-year base contract is $50,000,000 and the amount for the two one-year options is $20,000,000 for a total contract value not to exceed $70,000,000; subject to resolution of protest("
1578,2019-07-18,Construction Committee,43788,30,5,6049,2019-0495,Informational Report,,,,,0,0,RECEIVE AND FILE Office of the Inspector General Change Order/Modification Construction Spot Check Report.
1578,2019-07-18,Construction Committee,43789,29,4,6048,2019-0494,Contract,,,,,0,0,RECEIVE AND FILE status report on Program Management Quarterly Change Report.
1578,2019-07-18,Construction Committee,43790,28,3,6047,2019-0493,Oral Report / Presentation,,,,,0,0,RECEIVE oral report on the Major Project Status by the Chief Program Management Officer.
1578,2019-07-18,Construction Committee,43791,34,11,6034,2019-0480,Contract,,,,,0,0,"AUTHORIZE:

A.	The Chief Executive Officer to execute a 5-year cost-plus fixed fee Contract No. PS58330MC075 with KDG+DE Construction Support Services to provide Construction Support Services for the Airport Metro Connector (AMC) 96th Street Transit Station Project, in an amount not-to-exceed $25,943,154.86 and exercise 2 one-year options, when deemed appropriate; and

B.	Contract Modification Authority in the amount of $5,188,630.97 or 20% of the not-to-exceed contract award value and autho"
1578,2019-07-18,Construction Committee,43792,33,10,5930,2019-0376,Contract,,,,,0,0,"AUTHORIZE Contract Modification No. 106 (CCO 106) by the California Department of Transportation (Caltrans) for the construction contract of Segment 2 (Valley View) of the I-5 South Capacity Enhancements Project from I-605 to Orange County Line (Project) under Funding Agreement No. MOU.P0004292, Amendment No. 3, in the amount of up to $983,655 within the overall corridor Life of Project (LOP) budget."
1578,2019-07-18,Construction Committee,43793,,17,6095,2019-0541,Informational Report,,,,,0,0,RECEIVE General Public Comment
1578,2019-07-18,Construction Committee,43936,,6,,,,,,,,0,0,PAGE BREAK
1578,2019-07-18,Construction Committee,43937,,13,,,,,,,,0,0,PAGE BREAK
1579,2019-07-18,Executive Management Committee,43794,,1,,,,,,,,0,0,CALL TO ORDER
1579,2019-07-18,Executive Management Committee,43795,,2,,,,,,,,0,0,ROLL CALL
1579,2019-07-18,Executive Management Committee,43914,,18,,,,,,,,0,0,"Consideration of items not on the posted agenda, including: items to be presented and (if requested) referred to staff; items to be placed on the agenda for action at a future meeting of the Committee or Board; and/or items requiring immediate action because of an emergency situation or where the need to take immediate action came to the attention of the Committee subsequent to the posting of the agenda."
1579,2019-07-18,Executive Management Committee,43915,,19,,,,,,,,0,0,COMMENTS FROM THE PUBLIC ON ITEMS OF PUBLIC INTEREST WITHIN COMMITTEE’S SUBJECT MATTER JURISDICTION
1579,2019-07-18,Executive Management Committee,43916,,20,,,,,,,,0,0,Adjournment
1579,2019-07-18,Executive Management Committee,43917,39,12,6083,2019-0529,Oral Report / Presentation,,,,,0,0,RECEIVE oral update on P3 Program.
1579,2019-07-18,Executive Management Committee,43918,41,15,6065,2019-0511,Federal Legislation / State Legislation (Position),,,,,0,0,"ADOPT staff recommended position:

A.	House Resolution 2723 (Lowenthal) - Economy in Motion: The National Multimodal and Sustainable Freight Infrastructure Act SUPPORT"
1579,2019-07-18,Executive Management Committee,43919,37,3,6064,2019-0510,Informational Report,,,,,0,0,RECEIVE AND FILE State and Federal Legislative Report.
1579,2019-07-18,Executive Management Committee,43920,38,6,6058,2019-0504,Informational Report,,,,,0,0,"RECEIVE AND FILE Office of the Inspector General Climate Change Report, “Is LA Metro Ready for Climate Change?”"
1579,2019-07-18,Executive Management Committee,43921,40,13,6054,2019-0500,Appointment,,,,,0,0,APPOINT the Conference Of Minority Transportation Officials (COMTO) SoCal to the Transportation Business Advisory Council.
1579,2019-07-18,Executive Management Committee,43922,42,16,6043,2019-0489,Plan,,,,,0,0,ADOPT the Metro Climate Action and Adaptation Plan.
1579,2019-07-18,Executive Management Committee,43923,31,4,5988,2019-0434,Informational Report,,,,,0,0,RECEIVE AND FILE financial forecast and constructability analysis to deliver the Twenty-Eight by ’28 Initiative.
1579,2019-07-18,Executive Management Committee,43924,,5,,,,,,,,0,0,(ALSO ON CONSTRUCTION COMMITTEE)
1579,2019-07-18,Executive Management Committee,43925,26,8,6035,2019-0481,Informational Report,,,,,0,0,RECEIVE AND FILE OIG report on Metro Security Performance Review Fiscal Year 2018.
1579,2019-07-18,Executive Management Committee,43926,,9,,,,,,,,0,0,"(ALSO ON OPERATIONS, SAFETY AND CUSTOMER EXPERIENCE COMMITTEE)"
1579,2019-07-18,Executive Management Committee,43927,27,10,6050,2019-0496,Informational Report,,,,,0,0,RECEIVE AND FILE Transit Safety and Security Report.
1579,2019-07-18,Executive Management Committee,43928,,11,,,,,,,,0,0,"(ALSO ON OPERATIONS, SAFETY AND CUSTOMER EXPERIENCE COMMITTEE)"
1579,2019-07-18,Executive Management Committee,43929,,17,6096,2019-0542,Informational Report,,,,,0,0,RECEIVE General Public Comment
1579,2019-07-18,Executive Management Committee,43938,,7,,,,,,,,0,0,PAGE BREAK
1579,2019-07-18,Executive Management Committee,43939,,14,,,,,,,,0,0,PAGE BREAK
1581,2019-10-16,"Finance, Budget and Audit Committee",45639,,1,,,,,,,,0,0,CALL TO ORDER
1581,2019-10-16,"Finance, Budget and Audit Committee",45640,,2,,,,,,,,0,0,ROLL CALL
1581,2019-10-16,"Finance, Budget and Audit Committee",45641,,10,6316,2019-0762,Informational Report,,,,,0,0,RECEIVE General Public Comment
1581,2019-10-16,"Finance, Budget and Audit Committee",45773,,11,,,,,,,,0,0,"Consideration of items not on the posted agenda, including: items to be presented and (if requested) referred to staff; items to be placed on the agenda for action at a future meeting of the Committee or Board; and/or items requiring immediate action because of an emergency situation or where the need to take immediate action came to the attention of the Committee subsequent to the posting of the agenda."
1581,2019-10-16,"Finance, Budget and Audit Committee",45774,,12,,,,,,,,0,0,COMMENTS FROM THE PUBLIC ON ITEMS OF PUBLIC INTEREST WITHIN COMMITTEE’S SUBJECT MATTER JURISDICTION
1581,2019-10-16,"Finance, Budget and Audit Committee",45775,,13,,,,,,,,0,0,Adjournment
1581,2019-10-16,"Finance, Budget and Audit Committee",45781,16,3,6289,2019-0735,Informational Report,,,,,0,0,RECEIVE AND FILE status report on Access Services - ADA Paratransit.
1581,2019-10-16,"Finance, Budget and Audit Committee",45782,21,9,6230,2019-0676,Contract,,,,,0,0,"AUTHORIZE the Chief Executive Officer to execute Contract Modification No. 2 to Contract No. PS54707001, with Mythics Inc., for 220 additional Oracle Primavera Unifier Application User Licenses for a firm fixed price of $495,887, increasing the total contract value from $991,774 to $1,487,661, and extending the contract term through October 31, 2020."
1581,2019-10-16,"Finance, Budget and Audit Committee",45783,20,7,6227,2019-0673,Agreement,,,,,0,0,"AUTHORIZE the Chief Executive Officer to execute a First Amendment to the existing License Agreement (“First Amendment”) with West Angeles Church of God in Christ (“Landlord”), for the use of 450 parking spaces at a parking garage located at 3500 Crenshaw Boulevard, Los Angeles (“Parking Garage”) for five additional years commencing January 1, 2020 at a monthly rate of $57,608 for a total value of $4,418,999 including annual escalations of approximately two percent. There are three five-year opt"
1581,2019-10-16,"Finance, Budget and Audit Committee",45784,19,6,6167,2019-0613,Contract,,,,,0,0,"AUTHORIZE the Chief Executive Officer to award a five-year contract No.PS63897 to MuniServices, An Avenu Insights & Analytics Company (MuniServices) for the following:

A.	transaction and use tax forecasting at a firm fixed amount of $20,000 a year, or $100,000 for the full five-year period; and

B.	transaction and use tax recovery services on a contingency basis, paid only if revenues are recovered through a review of sales tax submissions to the California Department of Tax and Fee Administrat"
1581,2019-10-16,"Finance, Budget and Audit Committee",45785,18,5,6100,2019-0546,Policy,,,,,0,0,"AUTHORIZE the Chief Executive Officer (CEO) to approve and sign all petitions, ballots and other related documents for participation in state-authorized business improvement districts (BID) and any other assessment districts (such as street lighting, health, safety, and crime prevention districts) as defined under California law, where the total assessment over the term of the BID does not exceed $500,000."
1581,2019-10-16,"Finance, Budget and Audit Committee",45786,17,4,6099,2019-0545,Contract,,,,,0,0,"AUTHORIZE the Chief Executive Officer to award a firm fixed unit rate Contract No. PS61721000 to Lien On Me, Inc. for Workers’ Compensation Medical Bill Review Services, in an amount not-to-exceed $2,576,976 for the four-year base term, effective July 1, 2020 through June 30, 2024, plus $1,314,258 for the first, two-year option period, and $1,340,724 for the second, two-year option period, for a combined not-to-exceed amount of $5,231,958, subject to resolutions of protest(s), if any."
1581,2019-10-16,"Finance, Budget and Audit Committee",46233,,8,,,,,,,,0,0,PAGE BREAK
1582,2019-10-16,Planning and Programming Committee,45465,,1,,,,,,,,0,0,CALL TO ORDER
1582,2019-10-16,Planning and Programming Committee,45466,,2,,,,,,,,0,0,ROLL CALL
1582,2019-10-16,Planning and Programming Committee,45632,,17,,,,,,,,0,0,"Consideration of items not on the posted agenda, including: items to be presented and (if requested) referred to staff; items to be placed on the agenda for action at a future meeting of the Committee or Board; and/or items requiring immediate action because of an emergency situation or where the need to take immediate action came to the attention of the Committee subsequent to the posting of the agenda."
1582,2019-10-16,Planning and Programming Committee,45633,,18,,,,,,,,0,0,COMMENTS FROM THE PUBLIC ON ITEMS OF PUBLIC INTEREST WITHIN COMMITTEE’S SUBJECT MATTER JURISDICTION
1582,2019-10-16,Planning and Programming Committee,45634,,19,,,,,,,,0,0,Adjournment
1582,2019-10-16,Planning and Programming Committee,45635,,16,6315,2019-0761,Informational Report,,,,,0,0,RECEIVE General Public Comment
1582,2019-10-16,Planning and Programming Committee,45637,7,4,6269,2019-0715,Motion / Motion Response,,,,,0,0,RECEIVE AND FILE report on the implementation of the Antelope Valley Line Study in response to Board Motion 5.1 from July 2019.
1582,2019-10-16,Planning and Programming Committee,45638,15,14,6244,2019-0690,Contract,,,,,0,0,"AUTHORIZE the Chief Executive Officer to execute Contract Modification No. 1 to Contract No. AE51890001 for the State Route 57/State Route 60 Interchange Improvements (Project) with WKE, Inc. to provide professional services in the amount of $3,384,081.72, increasing the total contract value from $21,771,625 to $25,155,706.72."
1582,2019-10-16,Planning and Programming Committee,46211,14,12,6233,2019-0679,Program,,,,,0,0,"APPROVE the programming of up to $51,440,000, as well as the proposed program amendments, in the 2020 Los Angeles County Regional Transportation Improvement Program (RTIP) as shown in Attachment A."
1582,2019-10-16,Planning and Programming Committee,46212,13,11,6225,2019-0671,Policy,,,,,0,0,"APPROVE:

A.	the State Active Transportation Program (ATP) Cycle 5 Grant Assistance Priorities in Attachment A; and 

B.	the regional ATP Point Assignment Method as described in Attachment B."
1582,2019-10-16,Planning and Programming Committee,46213,12,10,6218,2019-0664,Program,,,,,0,0,"CONSIDER:

A.	Receiving and Filing the West Santa Ana Branch Transit Oriented Development Strategic Implementation Plan (WSAB TOD SIP); and

B.	Authorizing the Chief Executive Officer or designee to enter into multiple agreements with WSAB corridor cities and the County of Los Angeles to fund implementation activities recommended in the WSAB TOD SIP in an aggregate amount not to exceed $1,000,000."
1582,2019-10-16,Planning and Programming Committee,46215,11,8,6158,2019-0604,Contract,,,,,0,0,"AUTHORIZE the Chief Executive Officer (CEO) to execute a two-year, firm fixed price Contract No. AE60979000 with Michael Baker International in the amount of $11,474,367.25 for Architectural and Engineering (A&E) services for the preparation of Plans, Specifications, and Estimates (PS&E) for the WB SR-91 Alondra Blvd. to Shoemaker Ave. Improvement Project (Project), subject to resolution of protest(s), if any."
1582,2019-10-16,Planning and Programming Committee,46216,10,7,6156,2019-0602,Agreement,,,,,0,0,"CONSIDER authorizing the Chief Executive Officer to execute an amendment to the Exclusive Negotiation Agreement and Planning Document with NOHO Development Associates LLC for the development of Metro-owned property, to extend the term for 18 months with an option to extend for an additional 12 months."
1582,2019-10-16,Planning and Programming Committee,46217,9,6,6111,2019-0557,Contract,,,,,0,0,"AUTHORIZE the Chief Executive Officer to execute Contract Modification No. 12 to Contract No. AE469080015383 with CH2M Hill, Inc. (now Jacobs Engineering) for additional design services in the firm-fixed price amount of $923,203 increasing the Total Contract Value from $33,889,867 to $34,813,070."
1582,2019-10-16,Planning and Programming Committee,46218,8,5,6109,2019-0555,Contract,,,,,0,0,"AUTHORIZE the Chief Executive Officer (CEO) to: 
A.	EXECUTE Modification No. 10 to Contract No. PS2415-3172 with HDR Engineering, Inc. to provide environmental, preliminary and advanced engineering design services on the Link Union Station (Link US) Project in the amount not-to-exceed $23,360,000, increasing the Total Contract Value from $62,793,000 to $86,153,000;

B.	INCREASE the Contract Modification Authority (CMA) in the amount of $2,836,000, increasing the total CMA amount from $4,356,7"
1582,2019-10-16,Planning and Programming Committee,46310,6,3,6301,2019-0747,Project,,,,,0,0,APPROVE the Active Transportation Access for the Doran Street and Broadway/Brazil Grade Separation Project (refer to Attachment A).
1582,2019-10-16,Planning and Programming Committee,46311,,9,,,,,,,,0,0,PAGE BREAK
1582,2019-10-16,Planning and Programming Committee,46312,,13,,,,,,,,0,0,PAGE BREAK
1582,2019-10-16,Planning and Programming Committee,46318,51,15,6336,2019-0782,Motion / Motion Response,,,,,0,0,"APPROVE motion by Directors Bonin, Hahn, Garcia and Najarian  that the Board direct the CEO to report back to the Planning & Programming Committee in January 2020 with:

A.	An assessment of how Metro’s highway program will be affected by the Executive Order;

B.	Steps that can be taken to align Metro’s highway program with the Executive Order in order to ensure continued competitiveness for scarce State resources; and

C.	Recommended revisions to local funding and project development rules"
1583,2019-10-17,"Operations, Safety, and Customer Experience Committee",45787,,1,,,,,,,,0,0,CALL TO ORDER
1583,2019-10-17,"Operations, Safety, and Customer Experience Committee",45788,,2,,,,,,,,0,0,ROLL CALL
1583,2019-10-17,"Operations, Safety, and Customer Experience Committee",45789,24,5,6285,2019-0731,Fare / Tariff / Service Change,,,,,0,0,"APPROVE providing three consecutive days of free Metro A Line (formerly Blue Line) rail service during the week of October 28, 2019 in recognition of completion of the New Blue Improvements Project and service restoration."
1583,2019-10-17,"Operations, Safety, and Customer Experience Committee",45916,35,19,6270,2019-0716,Budget,,,,,0,0,"CONSIDER:

A.	APPROVING an increase of $1,440,000 in Life-of-Project (LOP) budget for the Connected Bus Project (CP 207152) for a new total LOP of $9,407,000; and

B.	AMENDING the FY20 budget $565,000 to reflect the current wireless mobile router installation schedule."
1583,2019-10-17,"Operations, Safety, and Customer Experience Committee",45918,,23,,,,,,,,0,0,"Consideration of items not on the posted agenda, including: items to be presented and (if requested) referred to staff; items to be placed on the agenda for action at a future meeting of the Committee or Board; and/or items requiring immediate action because of an emergency situation or where the need to take immediate action came to the attention of the Committee subsequent to the posting of the agenda."
1583,2019-10-17,"Operations, Safety, and Customer Experience Committee",45919,,24,,,,,,,,0,0,COMMENTS FROM THE PUBLIC ON ITEMS OF PUBLIC INTEREST WITHIN COMMITTEE’S SUBJECT MATTER JURISDICTION
1583,2019-10-17,"Operations, Safety, and Customer Experience Committee",45920,,25,,,,,,,,0,0,Adjournment
1583,2019-10-17,"Operations, Safety, and Customer Experience Committee",45921,32,15,6219,2019-0665,Project,,,,,0,0,"ESTABLISH the Life-of-Project for the following capital projects:

A.	APPROVE the Life-of-Project for Track and Tunnel Intrusion Detection for Underground Rail Stations for $8,873,092. The project was awarded Transit Security Grant Program (TSGP) grant funds of $6,204,960; and 

B.	APPROVE the Life-of-Project for Video Analytics Technology for CCTV cameras at Rail Stations and bus lines for $7,200,000.  The project was awarded Transit Security Grant Program (TSGP) grant funds of $7,200,000."
1583,2019-10-17,"Operations, Safety, and Customer Experience Committee",45922,27,9,6217,2019-0663,Informational Report,,,,,0,0,RECEIVE AND FILE status report on Flower Street Bus Lane Evaluation.
1583,2019-10-17,"Operations, Safety, and Customer Experience Committee",45923,29,11,6209,2019-0655,Contract,,,,,0,0,"AUTHORIZE the Chief Executive Officer to execute Modification No. 2 to Contract No. PS14643013 with Mitsubishi Electric to provide elevator and escalator maintenance services for Gateway Building, increasing the seven (7) year base contract not-to-exceed amount by $850,000, from $4,467,975 to $5,317,975, effective December 1, 2019."
1583,2019-10-17,"Operations, Safety, and Customer Experience Committee",45924,26,8,6208,2019-0654,Informational Report,,,,,0,0,RECEIVE AND FILE the status report in response to Motion 22.1 entitled NextGen Bus Speed Engineering Working Group (July 2019). This update provides details regarding a technical working group appointed by Metro and its efforts to coordinate with a complementary group from LADOT to develop a work program to improve bus priority and assess the need to coordinate with other jurisdictions and municipal operators.
1583,2019-10-17,"Operations, Safety, and Customer Experience Committee",45925,28,10,6207,2019-0653,Contract,,,,,0,0,"AUTHORIZE the Chief Executive Officer to Execute Modification No. 3 for Contract No. OP671430003367 with Prudential Overall Supply, to continue providing uniform rental services by exercising and increasing the value of the one, three-year option term by $600,000, from $3,372,104.00 to $3,972,104.00, increasing the not-to-exceed contract value from $3,447,304.00 to $7,419,408.00, and extending the contract term from February 1 2020 to January 31, 2023."
1583,2019-10-17,"Operations, Safety, and Customer Experience Committee",45926,30,12,6187,2019-0633,Contract,,,,,0,0,"AUTHORIZE the Chief Executive Officer to award a two-year, indefinite delivery/indefinite quantity Contract No. VM61903000 to The Jankovich Company, the lowest responsive and responsible bidder for Engine Oil.  The Contract one-year base amount is $900,905 inclusive of sales tax, and the one-year option amount is $967,638, inclusive of sales tax, for a total contract amount of $1,868,543, subject to resolution of protest(s), if any."
1583,2019-10-17,"Operations, Safety, and Customer Experience Committee",45927,23,4,6133,2019-0579,Oral Report / Presentation,,,,,0,0,RECEIVE oral report on Blue Line shared ROW clean-up efforts.
1583,2019-10-17,"Operations, Safety, and Customer Experience Committee",45928,22,3,6132,2019-0578,Oral Report / Presentation,,,,,0,0,Operations Employees of the Month
1583,2019-10-17,"Operations, Safety, and Customer Experience Committee",45929,34,18,5924,2019-0370,Contract,,,,,0,0,"AUTHORIZE the Chief Executive Officer to execute Contract Modification No.1 to Contract No. PS146430106 with MCM Integrated Systems, Inc., to provide security system maintenance and installation services, increasing the total not-to-exceed amount by $2,500,000 from $4,643,803 to $7,143,803."
1583,2019-10-17,"Operations, Safety, and Customer Experience Committee",46219,33,17,6272,2019-0718,Informational Report,,,,,0,0,RECEIVE AND FILE Update on Metro’s Homeless Outreach Efforts.
1583,2019-10-17,"Operations, Safety, and Customer Experience Committee",46220,25,6,6304,2019-0750,Informational Report,,,,,0,0,RECEIVE AND FILE update regarding the Metro Expo Line service and overcrowding issues as a result of FY20 frequency adjustments.
1583,2019-10-17,"Operations, Safety, and Customer Experience Committee",46221,,22,6317,2019-0763,Informational Report,,,,,0,0,RECEIVE General Public Comment
1583,2019-10-17,"Operations, Safety, and Customer Experience Committee",46222,31,13,6273,2019-0719,Informational Report,,,,,0,0,RECEIVE AND FILE Transit Safety and Security Report.
1583,2019-10-17,"Operations, Safety, and Customer Experience Committee",46223,,14,,,,,,,,0,0,(ALSO ON EXECUTIVE MANAGEMENT COMMITTEE)
1583,2019-10-17,"Operations, Safety, and Customer Experience Committee",46226,36,21,6192,2019-0638,Contract,,,,,0,0,"AUTHORIZE the Chief Executive Officer to execute Modification No. 7 to Contract No. AE275020011497 with WSP USA, Inc. (formerly Parsons Brinckerhoff, Inc.) to provide technical services for the I-105 ExpressLanes project in the amount of $5,677,001, increasing the Total Contract Value from $8,470,000 to $14,147,001 and extend the period of performance for a period of 36 months."
1583,2019-10-17,"Operations, Safety, and Customer Experience Committee",46234,,7,,,,,,,,0,0,PAGE BREAK
1583,2019-10-17,"Operations, Safety, and Customer Experience Committee",46235,,16,,,,,,,,0,0,PAGE BREAK
1583,2019-10-17,"Operations, Safety, and Customer Experience Committee",46313,,20,,,,,,,,0,0,PAGE BREAK
1584,2019-10-17,Construction Committee,45930,,1,,,,,,,,0,0,CALL TO ORDER
1584,2019-10-17,Construction Committee,45931,,2,,,,,,,,0,0,ROLL CALL
1584,2019-10-17,Construction Committee,46052,,12,,,,,,,,0,0,"Consideration of items not on the posted agenda, including: items to be presented and (if requested) referred to staff; items to be placed on the agenda for action at a future meeting of the Committee or Board; and/or items requiring immediate action because of an emergency situation or where the need to take immediate action came to the attention of the Committee subsequent to the posting of the agenda."
1584,2019-10-17,Construction Committee,46053,,13,,,,,,,,0,0,COMMENTS FROM THE PUBLIC ON ITEMS OF PUBLIC INTEREST WITHIN COMMITTEE’S SUBJECT MATTER JURISDICTION
1584,2019-10-17,Construction Committee,46054,,14,,,,,,,,0,0,Adjournment
1584,2019-10-17,Construction Committee,46057,41,8,6243,2019-0689,Informational Report,,,,,0,0,RECEIVE AND FILE Office of the Inspector General Change Order/Modification Construction Spot Check Report.
1584,2019-10-17,Construction Committee,46060,,11,6318,2019-0764,Informational Report,,,,,0,0,RECEIVE General Public Comment
1584,2019-10-17,Construction Committee,46061,39,5,6266,2019-0712,Motion / Motion Response,,,,,0,0,"CONSIDER:

A.	RECEIVING AND FILING the status update and assessment of the Pilot Crenshaw/LAX Business Solution Center (BSC) and an analysis for the expansion of the BSC from a pilot to permanent program for all upcoming light rail projects in the Measure M pipeline; and

B.	AUTHORIZING the Chief Executive Officer to transition the Metro Business Solution Center from a pilot to a permanent program and expand the program to all upcoming light rail projects in the Measure M pipeline."
1584,2019-10-17,Construction Committee,46062,40,7,6262,2019-0708,Plan,,,,,0,0,AUTHORIZE the Chief Executive Officer to execute annual expenditure budget plan for the FY20 Annual Work Plan for the City of Los Angeles.
1584,2019-10-17,Construction Committee,46063,37,3,6260,2019-0706,Oral Report / Presentation,,,,,0,0,RECEIVE oral report on the Major Project Status by the Chief Program Management Officer.
1584,2019-10-17,Construction Committee,46064,38,4,6246,2019-0692,Informational Report,,,,,0,0,RECEIVE AND FILE status report on Program Management Quarterly Change Report.
1584,2019-10-17,Construction Committee,46236,,6,,,,,,,,0,0,PAGE BREAK
1584,2019-10-17,Construction Committee,46314,49,9,6327,2019-0773,Informational Report,,,,,0,0,"RECEIVE AND FILE the:
 
A.	Status update on the Project Labor Agreement and Construction Careers Policy through the quarter ending June 2019; and 

B.	Metro Workforce Disparity Study on Women in the Trades."
1584,2019-10-17,Construction Committee,46315,,10,,,,,,,,0,0,PAGE BREAK
1585,2019-10-17,Executive Management Committee,46065,,1,,,,,,,,0,0,CALL TO ORDER
1585,2019-10-17,Executive Management Committee,46066,,2,,,,,,,,0,0,ROLL CALL
1585,2019-10-17,Executive Management Committee,46067,31,3,6273,2019-0719,Informational Report,,,,,0,0,RECEIVE AND FILE Transit Safety and Security Report.
1585,2019-10-17,Executive Management Committee,46200,,15,,,,,,,,0,0,"Consideration of items not on the posted agenda, including: items to be presented and (if requested) referred to staff; items to be placed on the agenda for action at a future meeting of the Committee or Board; and/or items requiring immediate action because of an emergency situation or where the need to take immediate action came to the attention of the Committee subsequent to the posting of the agenda."
1585,2019-10-17,Executive Management Committee,46201,,16,,,,,,,,0,0,COMMENTS FROM THE PUBLIC ON ITEMS OF PUBLIC INTEREST WITHIN COMMITTEE’S SUBJECT MATTER JURISDICTION
1585,2019-10-17,Executive Management Committee,46202,,17,,,,,,,,0,0,Adjournment
1585,2019-10-17,Executive Management Committee,46203,,14,6319,2019-0765,Informational Report,,,,,0,0,RECEIVE General Public Comment
1585,2019-10-17,Executive Management Committee,46204,47,11,6280,2019-0726,Policy,,,,,0,0,"DELEGATE to the Chief Executive Officer the authority to approve all multi-year renewals of software and hardware license and maintenance agreements, with a cap of five years per renewal."
1585,2019-10-17,Executive Management Committee,46206,42,5,6275,2019-0721,Informational Report,,,,,0,0,RECEIVE AND FILE State and Federal Legislative Report.
1585,2019-10-17,Executive Management Committee,46207,43,6,6274,2019-0720,Oral Report / Presentation,,,,,0,0,RECEIVE quarterly Transportation Business Advisory Council (TBAC) update.
1585,2019-10-17,Executive Management Committee,46208,44,7,6224,2019-0670,Oral Report / Presentation,,,,,0,0,RECEIVE Chief Communications Officer quarterly oral report.
1585,2019-10-17,Executive Management Committee,46209,46,10,6161,2019-0607,Contract,,,,,0,0,"AUTHORIZE the Chief Executive Officer to:

A.	AWARD five-year, task order-based, bench Contract Nos. PS63216000 and PS63216001 to the following firms, to provide outside printing services, for an aggregate not-to-exceed amount of $2,500,000, effective November 1, 2019, subject to resolution of protest(s), if any; 
1.	PS63216000 Fusion Media
2.	PS63216001 Pacific Graphics; and

B.	EXECUTE individual task orders under these Contracts for outside printing services for an aggregate not-to-exce"
1585,2019-10-17,Executive Management Committee,46210,45,8,6153,2019-0599,Policy,,,,,0,0,ADOPT the Title VI Program Update presented in Attachments A and B.
1585,2019-10-17,Executive Management Committee,46224,,4,,,,,,,,0,0,"(ALSO ON OPERATIONS, SAFTEY AND CUSTOMER EXPERIENCE COMMITTEE)"
1585,2019-10-17,Executive Management Committee,46237,,9,,,,,,,,0,0,PAGE BREAK
1585,2019-10-17,Executive Management Committee,46316,50,12,6330,2019-0776,Project,,,,,0,0,"DEDICATE the new Metro Customer Center at the Willowbrook/Rosa Parks Station in honor of Rosa Louise Parks, a civil rights activist."
1585,2019-10-17,Executive Management Committee,46317,,13,,,,,,,,0,0,PAGE BREAK
1586,2019-10-24,Board of Directors - Regular Board Meeting,46329,,1,,,,,,,,0,0,CALL TO ORDER
1586,2019-10-24,Board of Directors - Regular Board Meeting,46330,,2,,,,,,,,0,0,ROLL CALL
1586,2019-10-24,Board of Directors - Regular Board Meeting,46331,1,3,,,,,,,,0,0,"APPROVE Consent Calendar Items: 2, 8, 9, 11, 12, 13, 14, 15, 17, 18, 19, 20, 21, 24, 28, 29, 30, 32, 34, 35, 36, 40, 45, 46, 47 and 51"
1586,2019-10-24,Board of Directors - Regular Board Meeting,46332,,5,,,,,,,,0,0,CONSENT CALENDAR
1586,2019-10-24,Board of Directors - Regular Board Meeting,46382,,81,,,,,,,,0,0,"Consideration of items not on the posted agenda, including: items to be presented and (if requested) referred to staff; items to be placed on the agenda for action at a future meeting of the Committee or Board; and/or items requiring immediate action because of an emergency situation or where the need to take immediate action came to the attention of the Committee subsequent to the posting of the agenda."
1586,2019-10-24,Board of Directors - Regular Board Meeting,46383,,82,,,,,,,,0,0,COMMENTS FROM THE PUBLIC ON ITEMS OF PUBLIC INTEREST WITHIN COMMITTEE’S SUBJECT MATTER JURISDICTION
1586,2019-10-24,Board of Directors - Regular Board Meeting,46384,,83,,,,,,,,0,0,Adjournment
1586,2019-10-24,Board of Directors - Regular Board Meeting,46385,2,6,6309,2019-0755,Minutes,APPROVED,Pass,Jacquelyn Dupont-Walker,Mike Bonin,0,1,"APPROVE Minutes of the Regular Board Meeting held September 26, 2019."
1586,2019-10-24,Board of Directors - Regular Board Meeting,46386,,80,6320,2019-0766,Informational Report,,,,,0,0,RECEIVE General Public Comment
1586,2019-10-24,Board of Directors - Regular Board Meeting,46397,,78,,,,,,,,0,0,END OF NON-CONSENT ITEMS
1586,2019-10-24,Board of Directors - Regular Board Meeting,46398,52,77,6288,2019-0734,Policy,ADOPTED,Pass,Eric Garcetti,,0,0,"CONSIDER:

A.	HOLDING a public hearing on the proposed Resolutions of Necessities; and

B.	ADOPTING the Resolutions of Necessities authorizing the commencement of an eminent domain action to acquire a Roadway Easement, Overhang Easement and Temporary Construction Easements from the properties identified as Parcels RM-04 (APN: 8059-029-030) and RM-05 (APN: 8059-029-031) and to acquire Permanent Footing, Roadway and Temporary Construction Easements and Improvements Pertaining to Realty from the pr"
1586,2019-10-24,Board of Directors - Regular Board Meeting,46399,50,76,6330,2019-0776,Project,APPROVED,Pass,,,0,0,"DEDICATE the new Metro Customer Center at the Willowbrook/Rosa Parks Station in honor of Rosa Louise Parks, a civil rights activist."
1586,2019-10-24,Board of Directors - Regular Board Meeting,46400,,75,,,,,,,,0,0,EXECUTIVE MANAGEMENT COMMITTEE FORWARDED THE FOLLOWING WITH A RECOMMENDATION FOR APPROVAL (4-0):
1586,2019-10-24,Board of Directors - Regular Board Meeting,46401,39,74,6266,2019-0712,Motion / Motion Response,APPROVED,Pass,,,0,0,"CONSIDER:

A.	RECEIVING AND FILING the status update and assessment of the Pilot Crenshaw/LAX Business Solution Center (BSC) and an analysis for the expansion of the BSC from a pilot to permanent program for all upcoming light rail projects in the Measure M pipeline; and

B.	AUTHORIZING the Chief Executive Officer to transition the Metro Business Solution Center from a pilot to a permanent program and expand the program to all upcoming light rail projects in the Measure M pipeline."
1586,2019-10-24,Board of Directors - Regular Board Meeting,46402,,73,,,,,,,,0,0,CONSTRUCTION COMMITTEE FORWARDED THE FOLLOWING (4-0):
1586,2019-10-24,Board of Directors - Regular Board Meeting,46403,33,72,6272,2019-0718,Informational Report,,,,,0,0,RECEIVE AND FILE Update on Metro’s Homeless Outreach Efforts.
1586,2019-10-24,Board of Directors - Regular Board Meeting,46404,,71,,,,,,,,0,0,"OPERATIONS, SAFETY AND CUSTOMER EXPERIENCE COMMITTEE FORWARDED THE FOLLOWING (4-0):"
1586,2019-10-24,Board of Directors - Regular Board Meeting,46405,10,70,6156,2019-0602,Agreement,APPROVED,Pass,,,0,0,"CONSIDER authorizing the Chief Executive Officer to execute an amendment to the Exclusive Negotiation Agreement and Planning Document with NOHO Development Associates LLC for the development of Metro-owned property, to extend the term for 18 months with an option to extend for an additional 12 months."
1586,2019-10-24,Board of Directors - Regular Board Meeting,46406,,69,,,,,,,,0,0,PLANNING AND PROGRAMMING COMMITTEE FORWARDED THE FOLLOWING DUE TO ABSENCES AND CONFLICTS (3-0):
1586,2019-10-24,Board of Directors - Regular Board Meeting,46407,6.1,67,6342,2019-0788,Motion / Motion Response,APPROVED,Pass,,,0,0,"APPROVE amending motion by Directors Najarian, Dupont-Walker and Solis that the Board: 

A.   APPROVE programming $3,000,000 of MEASURE R 3% for design costs, amending the FY 2020 budget for the project, and; 

B.   AUTHORIZE the Chief Executive Officer to execute task orders from the Regional Rail engineering and design on-call bench for the final design and all necessary third-party and other agreements."
1586,2019-10-24,Board of Directors - Regular Board Meeting,46408,6,66,6301,2019-0747,Project,APPROVED,Pass,,,0,0,APPROVE the Active Transportation Access for the Doran Street and Broadway/Brazil Grade Separation Project (refer to Attachment A).
1586,2019-10-24,Board of Directors - Regular Board Meeting,46409,,65,,,,,,,,0,0,PLANNING AND PROGRAMMING COMMITTEE MADE THE FOLLOWING RECOMMENDATION AS AMENDED BY MOTION 6.1 (3-0):
1586,2019-10-24,Board of Directors - Regular Board Meeting,46410,,61,,,,,,,,0,0,NON-CONSENT
1586,2019-10-24,Board of Directors - Regular Board Meeting,46413,,27,,,,,,,,0,0,"FINANCE, BUDGET AND AUDIT COMMITTEE MADE THE FOLLOWING RECOMMENDATION (3-0):"
1586,2019-10-24,Board of Directors - Regular Board Meeting,46414,18,26,6100,2019-0546,Policy,ADOPTED,Pass,Jacquelyn Dupont-Walker,Mike Bonin,0,1,"AUTHORIZE the Chief Executive Officer (CEO) to approve and sign all petitions, ballots and other related documents for participation in state-authorized business improvement districts (BID) and any other assessment districts (such as street lighting, health, safety, and crime prevention districts) as defined under California law, where the total assessment over the term of the BID does not exceed $500,000."
1586,2019-10-24,Board of Directors - Regular Board Meeting,46415,,25,,,,,,,,0,0,"FINANCE, BUDGET AND AUDIT COMMITTEE MADE THE FOLLOWING RECOMMENDATION (3-0):"
1586,2019-10-24,Board of Directors - Regular Board Meeting,46416,17,23,6099,2019-0545,Contract,APPROVED,Pass,Jacquelyn Dupont-Walker,Mike Bonin,0,1,"AUTHORIZE the Chief Executive Officer to award a firm fixed unit rate Contract No. PS61721000 to Lien On Me, Inc. for Workers’ Compensation Medical Bill Review Services, in an amount not-to-exceed $2,576,976 for the four-year base term, effective July 1, 2020 through June 30, 2024, plus $1,314,258 for the first, two-year option period, and $1,340,724 for the second, two-year option period, for a combined not-to-exceed amount of $5,231,958, subject to resolutions of protest(s), if any."
1586,2019-10-24,Board of Directors - Regular Board Meeting,46417,,22,,,,,,,,0,0,"FINANCE, BUDGET AND AUDIT COMMITTEE MADE THE FOLLOWING RECOMMENDATION (3-0):"
1586,2019-10-24,Board of Directors - Regular Board Meeting,46418,51,60,6336,2019-0782,Motion / Motion Response,APPROVED,Pass,Jacquelyn Dupont-Walker,Mike Bonin,0,1,"APPROVE motion by Directors Bonin, Hahn, Garcia and Najarian  that the Board direct the CEO to report back to the Planning & Programming Committee in January 2020 with:

A.	An assessment of how Metro’s highway program will be affected by the Executive Order;

B.	Steps that can be taken to align Metro’s highway program with the Executive Order in order to ensure continued competitiveness for scarce State resources; and

C.	Recommended revisions to local funding and project development rules"
1586,2019-10-24,Board of Directors - Regular Board Meeting,46419,,59,,,,,,,,0,0,PLANNING AND PROGRAMMING COMMITTEE MADE THE FOLLOWING RECOMMENDATION (3-0):
1586,2019-10-24,Board of Directors - Regular Board Meeting,46420,15,21,6244,2019-0690,Contract,APPROVED,Pass,Jacquelyn Dupont-Walker,Mike Bonin,0,1,"AUTHORIZE the Chief Executive Officer to execute Contract Modification No. 1 to Contract No. AE51890001 for the State Route 57/State Route 60 Interchange Improvements (Project) with WKE, Inc. to provide professional services in the amount of $3,384,081.72, increasing the total contract value from $21,771,625 to $25,155,706.72."
1586,2019-10-24,Board of Directors - Regular Board Meeting,46421,,20,,,,,,,,0,0,PLANNING AND PROGRAMMING COMMITTEE MADE THE FOLLOWING RECOMMENDATION (3-0):
1586,2019-10-24,Board of Directors - Regular Board Meeting,46422,14,18,6233,2019-0679,Program,APPROVED,Pass,Jacquelyn Dupont-Walker,Mike Bonin,0,1,"APPROVE the programming of up to $51,440,000, as well as the proposed program amendments, in the 2020 Los Angeles County Regional Transportation Improvement Program (RTIP) as shown in Attachment A."
1586,2019-10-24,Board of Directors - Regular Board Meeting,46423,,17,,,,,,,,0,0,PLANNING AND PROGRAMMING COMMITTEE MADE THE FOLLOWING RECOMMENDATION (3-0):
1586,2019-10-24,Board of Directors - Regular Board Meeting,46424,13,16,6225,2019-0671,Policy,ADOPTED,Pass,Jacquelyn Dupont-Walker,Mike Bonin,0,1,"APPROVE:

A.	the State Active Transportation Program (ATP) Cycle 5 Grant Assistance Priorities in Attachment A; and 

B.	the regional ATP Point Assignment Method as described in Attachment B."
1586,2019-10-24,Board of Directors - Regular Board Meeting,46425,,15,,,,,,,,0,0,PLANNING AND PROGRAMMING COMMITTEE MADE THE FOLLOWING RECOMMENDATION (3-0):
1586,2019-10-24,Board of Directors - Regular Board Meeting,46426,12,14,6218,2019-0664,Program,APPROVED,Pass,Jacquelyn Dupont-Walker,Mike Bonin,0,1,"CONSIDER:

A.	Receiving and Filing the West Santa Ana Branch Transit Oriented Development Strategic Implementation Plan (WSAB TOD SIP); and

B.	Authorizing the Chief Executive Officer or designee to enter into multiple agreements with WSAB corridor cities and the County of Los Angeles to fund implementation activities recommended in the WSAB TOD SIP in an aggregate amount not to exceed $1,000,000."
1586,2019-10-24,Board of Directors - Regular Board Meeting,46427,,13,,,,,,,,0,0,PLANNING AND PROGRAMMING COMMITTEE MADE THE FOLLOWING RECOMMENDATION (3-0):
1586,2019-10-24,Board of Directors - Regular Board Meeting,46428,11,12,6158,2019-0604,Contract,APPROVED,Pass,,,0,0,"AUTHORIZE the Chief Executive Officer (CEO) to execute a two-year, firm fixed price Contract No. AE60979000 with Michael Baker International in the amount of $11,474,367.25 for Architectural and Engineering (A&E) services for the preparation of Plans, Specifications, and Estimates (PS&E) for the WB SR-91 Alondra Blvd. to Shoemaker Ave. Improvement Project (Project), subject to resolution of protest(s), if any."
1586,2019-10-24,Board of Directors - Regular Board Meeting,46429,,11,,,,,,,,0,0,PLANNING AND PROGRAMMING COMMITTEE MADE THE FOLLOWING RECOMMENDATION (3-0):
1586,2019-10-24,Board of Directors - Regular Board Meeting,46430,9,10,6111,2019-0557,Contract,APPROVED,Pass,Jacquelyn Dupont-Walker,Mike Bonin,0,1,"AUTHORIZE the Chief Executive Officer to execute Contract Modification No. 12 to Contract No. AE469080015383 with CH2M Hill, Inc. (now Jacobs Engineering) for additional design services in the firm-fixed price amount of $923,203 increasing the Total Contract Value from $33,889,867 to $34,813,070."
1586,2019-10-24,Board of Directors - Regular Board Meeting,46431,,9,,,,,,,,0,0,PLANNING AND PROGRAMMING COMMITTEE MADE THE FOLLOWING RECOMMENDATION (3-0):
1586,2019-10-24,Board of Directors - Regular Board Meeting,46432,8,8,6109,2019-0555,Contract,APPROVED,Pass,Jacquelyn Dupont-Walker,Mike Bonin,0,1,"AUTHORIZE the Chief Executive Officer (CEO) to: 
A.	EXECUTE Modification No. 10 to Contract No. PS2415-3172 with HDR Engineering, Inc. to provide environmental, preliminary and advanced engineering design services on the Link Union Station (Link US) Project in the amount not-to-exceed $23,360,000, increasing the Total Contract Value from $62,793,000 to $86,153,000;

B.	INCREASE the Contract Modification Authority (CMA) in the amount of $2,836,000, increasing the total CMA amount from $4,356,7"
1586,2019-10-24,Board of Directors - Regular Board Meeting,46433,,7,,,,,,,,0,0,PLANNING AND PROGRAMMING COMMITTEE MADE THE FOLLOWING RECOMMENDATION (3-0):
1586,2019-10-24,Board of Directors - Regular Board Meeting,46434,5,64,6079,2019-0525,Project,APPROVED,Pass,Eric Garcetti,Sheila Kuehl,0,0,"CONSIDER: 

A.	RECEIVING AND FILING:
1.	Alternatives Analysis Report and the Proposed Project to be evaluated in the environmental review phase; and 
2.	Summer 2019 Outreach Summary; and

B.	AUTHORIZING STAFF TO: 
1.	Continue studying the Proposed Project in the environmental review phase while considering community input and the NextGen Bus Study; and 
2.	Report back to the Board following additional study with an update on refinements to the Proposed Project and the environmental review."
1586,2019-10-24,Board of Directors - Regular Board Meeting,46435,29,40,6209,2019-0655,Contract,APPROVED,Pass,Jacquelyn Dupont-Walker,Mike Bonin,0,1,"AUTHORIZE the Chief Executive Officer to execute Modification No. 2 to Contract No. PS14643013 with Mitsubishi Electric to provide elevator and escalator maintenance services for Gateway Building, increasing the seven (7) year base contract not-to-exceed amount by $850,000, from $4,467,975 to $5,317,975, effective December 1, 2019."
1586,2019-10-24,Board of Directors - Regular Board Meeting,46436,,39,,,,,,,,0,0,"OPERATIONS, SAFETY AND CUSTOMER EXPERIENCE COMMITTEE MADE THE FOLLOWING RECOMMENDATION (3-0):"
1586,2019-10-24,Board of Directors - Regular Board Meeting,46437,28,38,6207,2019-0653,Contract,APPROVED,Pass,Jacquelyn Dupont-Walker,Mike Bonin,0,1,"AUTHORIZE the Chief Executive Officer to Execute Modification No. 3 for Contract No. OP671430003367 with Prudential Overall Supply, to continue providing uniform rental services by exercising and increasing the value of the one, three-year option term by $600,000, from $3,372,104.00 to $3,972,104.00, increasing the not-to-exceed contract value from $3,447,304.00 to $7,419,408.00, and extending the contract term from February 1 2020 to January 31, 2023."
1586,2019-10-24,Board of Directors - Regular Board Meeting,46438,,37,,,,,,,,0,0,"OPERATIONS, SAFETY AND CUSTOMER EXPERIENCE COMMITTEE MADE THE FOLLOWING RECOMMENDATION (3-0):"
1586,2019-10-24,Board of Directors - Regular Board Meeting,46439,24,36,6285,2019-0731,Fare / Tariff / Service Change,APPROVED,Pass,Jacquelyn Dupont-Walker,Mike Bonin,0,1,"APPROVE providing three consecutive days of free Metro A Line (formerly Blue Line) rail service during the week of October 28, 2019 in recognition of completion of the New Blue Improvements Project and service restoration."
1586,2019-10-24,Board of Directors - Regular Board Meeting,46440,,35,,,,,,,,0,0,"OPERATIONS, SAFETY AND CUSTOMER EXPERIENCE COMMITTEE MADE THE FOLLOWING RECOMMENDATION (3-0):"
1586,2019-10-24,Board of Directors - Regular Board Meeting,46441,21,33,6230,2019-0676,Contract,APPROVED,Pass,Jacquelyn Dupont-Walker,Mike Bonin,0,1,"AUTHORIZE the Chief Executive Officer to execute Contract Modification No. 2 to Contract No. PS54707001, with Mythics Inc., for 220 additional Oracle Primavera Unifier Application User Licenses for a firm fixed price of $495,887, increasing the total contract value from $991,774 to $1,487,661, and extending the contract term through October 31, 2020."
1586,2019-10-24,Board of Directors - Regular Board Meeting,46442,,32,,,,,,,,0,0,"FINANCE, BUDGET AND AUDIT COMMITTEE MADE THE FOLLOWING RECOMMENDATION (3-0):"
1586,2019-10-24,Board of Directors - Regular Board Meeting,46443,20,31,6227,2019-0673,Agreement,APPROVED,Pass,Jacquelyn Dupont-Walker,Mike Bonin,0,1,"AUTHORIZE the Chief Executive Officer to execute a First Amendment to the existing License Agreement (“First Amendment”) with West Angeles Church of God in Christ (“Landlord”), for the use of 450 parking spaces at a parking garage located at 3500 Crenshaw Boulevard, Los Angeles (“Parking Garage”) for five additional years commencing January 1, 2020 at a monthly rate of $57,608 for a total value of $4,418,999 including annual escalations of approximately two percent. There are three five-year opt"
1586,2019-10-24,Board of Directors - Regular Board Meeting,46444,,30,,,,,,,,0,0,"FINANCE, BUDGET AND AUDIT COMMITTEE MADE THE FOLLOWING RECOMMENDATION (3-0):"
1586,2019-10-24,Board of Directors - Regular Board Meeting,46445,19,28,6167,2019-0613,Contract,APPROVED,Pass,Jacquelyn Dupont-Walker,Mike Bonin,0,1,"AUTHORIZE the Chief Executive Officer to award a five-year contract No.PS63897 to MuniServices, An Avenu Insights & Analytics Company (MuniServices) for the following:

A.	transaction and use tax forecasting at a firm fixed amount of $20,000 a year, or $100,000 for the full five-year period; and

B.	transaction and use tax recovery services on a contingency basis, paid only if revenues are recovered through a review of sales tax submissions to the California Department of Tax and Fee Administrat"
1586,2019-10-24,Board of Directors - Regular Board Meeting,46449,47,58,6280,2019-0726,Policy,ADOPTED,Pass,Jacquelyn Dupont-Walker,Mike Bonin,0,1,"DELEGATE to the Chief Executive Officer the authority to approve all multi-year renewals of software and hardware license and maintenance agreements, with a cap of five years per renewal."
1586,2019-10-24,Board of Directors - Regular Board Meeting,46450,,57,,,,,,,,0,0,EXECUTIVE MANAGEMENT COMMITTEE MADE THE FOLLOWING RECOMMENDATION FOR APPROVAL AS AMENDED (4-0):
1586,2019-10-24,Board of Directors - Regular Board Meeting,46451,30,42,6187,2019-0633,Contract,APPROVED,Pass,Jacquelyn Dupont-Walker,Mike Bonin,0,1,"AUTHORIZE the Chief Executive Officer to award a two-year, indefinite delivery/indefinite quantity Contract No. VM61903000 to The Jankovich Company, the lowest responsive and responsible bidder for Engine Oil.  The Contract one-year base amount is $900,905 inclusive of sales tax, and the one-year option amount is $967,638, inclusive of sales tax, for a total contract amount of $1,868,543, subject to resolution of protest(s), if any."
1586,2019-10-24,Board of Directors - Regular Board Meeting,46452,,41,,,,,,,,0,0,"OPERATIONS, SAFETY AND CUSTOMER EXPERIENCE COMMITTEE MADE THE FOLLOWING RECOMMENDATION (3-0):"
1586,2019-10-24,Board of Directors - Regular Board Meeting,46453,46,56,6161,2019-0607,Contract,APPROVED,Pass,Jacquelyn Dupont-Walker,Mike Bonin,0,1,"AUTHORIZE the Chief Executive Officer to:

A.	AWARD five-year, task order-based, bench Contract Nos. PS63216000 and PS63216001 to the following firms, to provide outside printing services, for an aggregate not-to-exceed amount of $2,500,000, effective November 1, 2019, subject to resolution of protest(s), if any; 
1.	PS63216000 Fusion Media
2.	PS63216001 Pacific Graphics; and

B.	EXECUTE individual task orders under these Contracts for outside printing services for an aggregate not-to-exce"
1586,2019-10-24,Board of Directors - Regular Board Meeting,46454,,55,,,,,,,,0,0,EXECUTIVE MANAGEMENT COMMITTEE MADE THE FOLLOWING RECOMMENDATION (4-0):
1586,2019-10-24,Board of Directors - Regular Board Meeting,46455,45,54,6153,2019-0599,Policy,ADOPTED,Pass,Jacquelyn Dupont-Walker,Mike Bonin,0,1,ADOPT the Title VI Program Update presented in Attachments A and B.
1586,2019-10-24,Board of Directors - Regular Board Meeting,46456,,53,,,,,,,,0,0,EXECUTIVE MANAGEMENT COMMITTEE MADE THE FOLLOWING RECOMMENDATION (4-0):
1586,2019-10-24,Board of Directors - Regular Board Meeting,46457,40,52,6262,2019-0708,Plan,APPROVED,Pass,Jacquelyn Dupont-Walker,Mike Bonin,0,1,AUTHORIZE the Chief Executive Officer to execute annual expenditure budget plan for the FY20 Annual Work Plan for the City of Los Angeles.
1586,2019-10-24,Board of Directors - Regular Board Meeting,46458,,51,,,,,,,,0,0,CONSTRUCTION COMMITTEE MADE THE FOLLOWING RECOMMENDATION (4-0):
1586,2019-10-24,Board of Directors - Regular Board Meeting,46459,36,50,6192,2019-0638,Contract,APPROVED,Pass,Jacquelyn Dupont-Walker,Mike Bonin,0,1,"AUTHORIZE the Chief Executive Officer to execute Modification No. 7 to Contract No. AE275020011497 with WSP USA, Inc. (formerly Parsons Brinckerhoff, Inc.) to provide technical services for the I-105 ExpressLanes project in the amount of $5,677,001, increasing the Total Contract Value from $8,470,000 to $14,147,001 and extend the period of performance for a period of 36 months."
1586,2019-10-24,Board of Directors - Regular Board Meeting,46460,,49,,,,,,,,0,0,"OPERATIONS, SAFETY AND CUSTOMER EXPERIENCE COMMITTEE MADE THE FOLLOWING RECOMMENDATION (3-0):"
1586,2019-10-24,Board of Directors - Regular Board Meeting,46461,35,48,6270,2019-0716,Budget,ADOPTED,Pass,Jacquelyn Dupont-Walker,Mike Bonin,0,1,"CONSIDER:

A.	APPROVING an increase of $1,440,000 in Life-of-Project (LOP) budget for the Connected Bus Project (CP 207152) for a new total LOP of $9,407,000; and

B.	AMENDING the FY20 budget $565,000 to reflect the current wireless mobile router installation schedule."
1586,2019-10-24,Board of Directors - Regular Board Meeting,46462,,47,,,,,,,,0,0,"OPERATIONS, SAFETY AND CUSTOMER EXPERIENCE COMMITTEE MADE THE FOLLOWING RECOMMENDATION (3-0):"
1586,2019-10-24,Board of Directors - Regular Board Meeting,46463,34,46,5924,2019-0370,Contract,APPROVED,Pass,Jacquelyn Dupont-Walker,Mike Bonin,0,1,"AUTHORIZE the Chief Executive Officer to execute Contract Modification No.1 to Contract No. PS146430106 with MCM Integrated Systems, Inc., to provide security system maintenance and installation services, increasing the total not-to-exceed amount by $2,500,000 from $4,643,803 to $7,143,803."
1586,2019-10-24,Board of Directors - Regular Board Meeting,46464,,45,,,,,,,,0,0,"OPERATIONS, SAFETY AND CUSTOMER EXPERIENCE COMMITTEE MADE THE FOLLOWING RECOMMENDATION (3-0):"
1586,2019-10-24,Board of Directors - Regular Board Meeting,46465,32,44,6219,2019-0665,Project,APPROVED,Pass,Jacquelyn Dupont-Walker,Mike Bonin,0,1,"ESTABLISH the Life-of-Project for the following capital projects:

A.	APPROVE the Life-of-Project for Track and Tunnel Intrusion Detection for Underground Rail Stations for $8,873,092. The project was awarded Transit Security Grant Program (TSGP) grant funds of $6,204,960; and 

B.	APPROVE the Life-of-Project for Video Analytics Technology for CCTV cameras at Rail Stations and bus lines for $7,200,000.  The project was awarded Transit Security Grant Program (TSGP) grant funds of $7,200,000."
1586,2019-10-24,Board of Directors - Regular Board Meeting,46466,,43,,,,,,,,0,0,"OPERATIONS, SAFETY AND CUSTOMER EXPERIENCE COMMITTEE MADE THE FOLLOWING RECOMMENDATION (3-0):"
1586,2019-10-24,Board of Directors - Regular Board Meeting,46467,4,63,6344,2019-0790,Oral Report / Presentation,,,,,0,0,RECEIVE report by the Chief Executive Officer.
1586,2019-10-24,Board of Directors - Regular Board Meeting,46468,3,62,6343,2019-0789,Oral Report / Presentation,,,,,0,0,RECEIVE remarks by the Chair.
1586,2019-10-24,Board of Directors - Regular Board Meeting,46469,,4,,,,,,,,0,0,Consent Calendar items are approved by one motion unless held by a Director for discussion and/or separate action.  
1586,2019-10-24,Board of Directors - Regular Board Meeting,46470,,19,,,,,,,,0,0,PAGE BREAK
1586,2019-10-24,Board of Directors - Regular Board Meeting,46471,,24,,,,,,,,0,0,PAGE BREAK
1586,2019-10-24,Board of Directors - Regular Board Meeting,46472,,29,,,,,,,,0,0,PAGE BREAK
1586,2019-10-24,Board of Directors - Regular Board Meeting,46473,,34,,,,,,,,0,0,PAGE BREAK
1586,2019-10-24,Board of Directors - Regular Board Meeting,46474,,68,,,,,,,,0,0,PAGE BREAK
1586,2019-10-24,Board of Directors - Regular Board Meeting,46475,,79,,,,,,,,0,0,PAGE BREAK
1586,2019-10-24,Board of Directors - Regular Board Meeting,46560,,,,,,,,,,0,0,Rollcall
1586,2019-10-24,Board of Directors - Regular Board Meeting,46561,10,,6156,2019-0602,Agreement,APPROVED,Pass,,,0,0,"CONSIDER authorizing the Chief Executive Officer to execute an amendment to the Exclusive Negotiation Agreement and Planning Document with NOHO Development Associates LLC for the development of Metro-owned property, to extend the term for 18 months with an option to extend for an additional 12 months."
1586,2019-10-24,Board of Directors - Regular Board Meeting,46562,,,,,,APPROVED ON CONSENT CALENDAR,Pass,Jacquelyn Dupont-Walker,Mike Bonin,0,1,Approval of the Consent Agenda
1588,2019-06-19,Board of Directors - Special Board Meeting,42910,,1,,,,,,,,0,0,CALL TO ORDER
1588,2019-06-19,Board of Directors - Special Board Meeting,42911,,2,,,,,,,,0,0,ROLL CALL
1588,2019-06-19,Board of Directors - Special Board Meeting,42912,,3,,,,,,,,0,0,State of the Agency Event. 
1588,2019-06-19,Board of Directors - Special Board Meeting,42913,,4,,,,,,,,0,0,* PUBLIC COMMENT on State of the Agency Event. 
1588,2019-06-19,Board of Directors - Special Board Meeting,42920,,5,,,,,,,,0,0,Adjournment
1588,2019-06-19,Board of Directors - Special Board Meeting,42921,,6,,,,,,,,0,0,
1588,2019-06-19,Board of Directors - Special Board Meeting,42922,,7,,,,,,,,0,0,*A written request to address the Board should be submitted in person at the meeting prior to the item being called for discussion. 
1598,2019-12-05,Board of Directors - Regular Board Meeting,47555,,1,,,,,,,,0,0,CALL TO ORDER
1598,2019-12-05,Board of Directors - Regular Board Meeting,47556,,2,,,,,,,,0,0,ROLL CALL
1598,2019-12-05,Board of Directors - Regular Board Meeting,47557,1,3,,,,,,,,0,0,"APPROVE Consent Calendar Items: 2, 9, 10, 13, 14, 16, 18, 24, 25, 26, 27, 31, 35, 36, and 37"
1598,2019-12-05,Board of Directors - Regular Board Meeting,47608,,66,,,,,,,,0,0,"Consideration of items not on the posted agenda, including: items to be presented and (if requested) referred to staff; items to be placed on the agenda for action at a future meeting of the Committee or Board; and/or items requiring immediate action because of an emergency situation or where the need to take immediate action came to the attention of the Committee subsequent to the posting of the agenda."
1598,2019-12-05,Board of Directors - Regular Board Meeting,47609,,67,,,,,,,,0,0,COMMENTS FROM THE PUBLIC ON ITEMS OF PUBLIC INTEREST WITHIN COMMITTEE’S SUBJECT MATTER JURISDICTION
1598,2019-12-05,Board of Directors - Regular Board Meeting,47610,,68,,,,,,,,0,0,Adjournment
1598,2019-12-05,Board of Directors - Regular Board Meeting,47611,,4,,,,,,,,0,0,Consent Calendar items are approved by one motion unless held by a Director for discussion and/or separate action.
1598,2019-12-05,Board of Directors - Regular Board Meeting,47612,,65,6369,2019-0815,Informational Report,,,,,0,0,RECEIVE General Public Comment
1598,2019-12-05,Board of Directors - Regular Board Meeting,47614,41,64,6409,2019-0855,Informational Report,,,,,0,0,"A.	Conference with Legal Counsel - Existing Litigation - G.C. 54956.9(d)(1)

1.	Margaret Strowski v. LACMTA, Case No. BC 695559
2.	Jonathan Aguilar v. LACMTA, Case No. BC 681858
3.	City of Beverly Hills v. LACMTA, USDC Case No. CV-18-3891-GW(SSx)

B.	Public Employee Performance Evaluation - G.C. 54957(b)(1)

Titles:  Chief Executive Officer, General Counsel, Board Secretary, Inspector General, and Chief Ethics Officer."
1598,2019-12-05,Board of Directors - Regular Board Meeting,47615,38,59,6279,2019-0725,Federal Legislation / State Legislation (Position),,,,,0,0,"CONSIDER:

A.	RECEIVING the State and Federal Legislative Report;

B.	ADOPTING the proposed 2020 Federal Legislative Program as outlined in Attachment A; and 

C.	ADOPTING the proposed 2020 State Legislative Program as outlined in Attachment B."
1598,2019-12-05,Board of Directors - Regular Board Meeting,47616,,58,,,,,,,,0,0,EXECUTIVE MANAGEMENT COMMITTEE FORWARDED THE FOLLOWING DUE TO ABSENCES AND CONFLICTS:
1598,2019-12-05,Board of Directors - Regular Board Meeting,47617,34,57,6276,2019-0722,Informational Report,,,,,0,0,RECEIVE AND FILE the status report on Metro Workforce Initiative Now - Los Angeles (WIN-LA).
1598,2019-12-05,Board of Directors - Regular Board Meeting,47618,17,47,6294,2019-0740,Program,,,,,0,0,"CONSIDER:

A.	APPROVING programming of $27,764,900 in Measure M Multi-Year Subregional Program (MSP) - I-605 Corridor “Hot Spot” Interchange Improvements Program (Expenditure Line 61); and

B.	AUTHORIZING the Chief Executive Officer (CEO) or his designee to negotiate and execute all necessary agreements for approved projects."
1598,2019-12-05,Board of Directors - Regular Board Meeting,47619,,46,,,,,,,,0,0,PLANNING AND PROGRAMMING COMMITTEE MADE THE FOLLOWING RECOMMENDATION (3-0):
1598,2019-12-05,Board of Directors - Regular Board Meeting,47620,,7,,,,,,,,0,0,PLANNING AND PROGRAMMING COMMITTEE MADE THE FOLLOWING RECOMMENDATION (3-0):
1598,2019-12-05,Board of Directors - Regular Board Meeting,47621,2,6,6354,2019-0800,Minutes,,,,,0,0,"APPROVE Minutes of the Regular Board Meeting held October 24, 2019."
1598,2019-12-05,Board of Directors - Regular Board Meeting,47622,20,50,6311,2019-0757,Contract,,,,,0,0,"AUTHORIZE the Chief Executive Officer to award six-year bench Contract Nos. PS64441000A through PS64441000J with the firms listed in Attachment A for municipal advisory services and execute task orders under these contracts for a total not-to-exceed amount of $6,590,000 effective January 1, 2020 through December 31, 2025, subject to the resolution of protest(s) if any."
1598,2019-12-05,Board of Directors - Regular Board Meeting,47624,11,45,6178,2019-0624,Agreement,,,,,0,0,"AUTHORIZE the Chief Executive Officer to execute an amendment to the Exclusive Negotiation Agreement and Planning Document with Watt Companies, doing business as WIP-A, LLC, and the County of Los Angeles for 12 months with the option to extend for an additional four months for the joint development of 1.77 acres of Metro-owned property and 1.66 acres of County-owned property at the Expo/Crenshaw Station."
1598,2019-12-05,Board of Directors - Regular Board Meeting,47625,,44,,,,,,,,0,0,PLANNING AND PROGRAMMING COMMITTEE FORWARDED THE FOLLOWING (3-0):
1598,2019-12-05,Board of Directors - Regular Board Meeting,47626,7,43,6183,2019-0629,Informational Report,,,,,0,0,RECEIVE AND FILE the Measure R Ordinance Preliminary Ten-Year Review and Potential Amendments.
1598,2019-12-05,Board of Directors - Regular Board Meeting,47627,,39,,,,,,,,0,0,NON-CONSENT
1598,2019-12-05,Board of Directors - Regular Board Meeting,47629,18,19,6312,2019-0758,Application,,,,,0,0,"AUTHORIZE the Chief Executive Officer to prioritize projects, commit funding match and submit grant applications to California’s Transit and Intercity Rail Capital Program as detailed in Attachment A."
1598,2019-12-05,Board of Directors - Regular Board Meeting,47630,,18,,,,,,,,0,0,PLANNING AND PROGRAMMING COMMITTEE MADE THE FOLLOWING RECOMMENDATION (3-0):
1598,2019-12-05,Board of Directors - Regular Board Meeting,47631,16,17,6257,2019-0703,Program,,,,,0,0,"CONSIDER:

A.	APPROVING the programming of $105,072,000 in local funds for the construction of Phase 1; and

B.	AMENDING the 2009 Long Range Transportation Plan to restate the project’s southern limit from Rio Rancho Road to the Los Angeles/San Bernardino County Line (SBCL)."
1598,2019-12-05,Board of Directors - Regular Board Meeting,47632,,16,,,,,,,,0,0,PLANNING AND PROGRAMMING COMMITTEE MADE THE FOLLOWING RECOMMENDATION (3-0):
1598,2019-12-05,Board of Directors - Regular Board Meeting,47633,14,15,6215,2019-0661,Contract,,,,,0,0,"AUTHORIZE the Chief Executive Officer to award and execute a 36-month, firm fixed price Contract No. PS63023000 to WSP USA, Inc. in the amount of $6,372,356 for preparing 84 grant applications and 40 additional grant applications as well as optional tasks, such as greenhouse gas analysis, drone and aerial photography, and simulations. This will support Metro and local jurisdiction grant applications to discretionary federal and state funding opportunities, subject to resolution of protest(s), if"
1598,2019-12-05,Board of Directors - Regular Board Meeting,47634,,14,,,,,,,,0,0,PLANNING AND PROGRAMMING COMMITTEE MADE THE FOLLOWING RECOMMENDATION (3-0):
1598,2019-12-05,Board of Directors - Regular Board Meeting,47635,9,8,6073,2019-0519,Program,,,,,0,0,"CONSIDER:

A.	APPROVING the programming of $7.5 million in Measure R 3% commuter rail funds for final design including third party costs of the Lone Hill to White (LHW) Double Track Project; and

B.	AUTHORIZING the Chief Executive Officer to negotiate and execute all agreements for the LHW final design."
1598,2019-12-05,Board of Directors - Regular Board Meeting,47636,13,13,6213,2019-0659,Contract,,,,,0,0,"AUTHORIZE the Chief Executive Officer to award and execute a 36-month, firm fixed price Contract No. AE61156000 to WSP USA, Inc. in the amount of $27,494,005.21 for Architectural and Engineering services to produce the I-405 Phase 1 Sepulveda Pass ExpressLanes Project Approval/Environmental Document, the Concept of Operations report and 30% design, subject to resolution of protest(s), if any."
1598,2019-12-05,Board of Directors - Regular Board Meeting,47637,,12,,,,,,,,0,0,PLANNING AND PROGRAMMING COMMITTEE MADE THE FOLLOWING RECOMMENDATION (3-0):
1598,2019-12-05,Board of Directors - Regular Board Meeting,47638,10,11,6172,2019-0618,Contract,,,,,0,0,APPROVE Third Party Request for Design Deviation from Systemwide Station Design Standards.
1598,2019-12-05,Board of Directors - Regular Board Meeting,47639,,10,,,,,,,,0,0,PLANNING AND PROGRAMMING COMMITTEE MADE THE FOLLOWING RECOMMENDATION (3-0):
1598,2019-12-05,Board of Directors - Regular Board Meeting,47642,,5,,,,,,,,0,0,CONSENT CALENDAR
1598,2019-12-05,Board of Directors - Regular Board Meeting,47643,,42,,,,,,,,0,0,PLANNING AND PROGRAMMING COMMITTEE (3-0) AND EXECUTIVE MANAGEMENT COMMITTEE (5-0) RECEIVED AND FILED AND FORWARDED THE FOLLOWING : 
1598,2019-12-05,Board of Directors - Regular Board Meeting,47648,37,38,6341,2019-0787,Budget,,,,,0,0,"INCREASE the Life of Project (LOP) Budget for the Regional Connector Concurrent Non-FFGA Activities Project, capital project number 861228 by $6,450,000 to a total amount of $46,441,168.  This will address critical radio system interface requirements at 7th & Metro."
1598,2019-12-05,Board of Directors - Regular Board Meeting,47649,,21,,,,,,,,0,0,"OPERATIONS, SAFETY AND CUSTOMER EXPERIENCE COMMITTEE MADE THE FOLLOWING RECOMMENDATION (3-0):"
1598,2019-12-05,Board of Directors - Regular Board Meeting,47650,,37,,,,,,,,0,0,CONSTRUCTION COMMITTEE MADE THE FOLLOWING RECOMMENDATION (5-0):
1598,2019-12-05,Board of Directors - Regular Board Meeting,47651,36,36,6332,2019-0778,Contract,,,,,0,0,"CONSIDER: 

A.	APPROVING AND ADOPTING minor changes to project definition and CEQA Addendum to the Final Environmental Impact Report (FEIR) for the Division 20 Portal Widening and Turnback Facility (Attachment A); and

B.	ESTABLISHING a Life-of-Project (LOP) Budget of $801,749,577 for the Division 20 Portal Widening Turnback Project."
1598,2019-12-05,Board of Directors - Regular Board Meeting,47652,,35,,,,,,,,0,0,CONSTRUCTION COMMITTEE MADE THE FOLLOWING RECOMMENDATION (5-0):
1598,2019-12-05,Board of Directors - Regular Board Meeting,47653,31,31,6323,2019-0769,Informational Report,,,,,0,0,"CONSIDER:

A.	FINDING that the use of a construction manager/general contractor (CM/GC) project delivery method for the Link Union Station Project, pursuant to Public Utilities Code Sections 130242, to achieve certain private sector efficiencies by an integrated project delivery team; and

B.	APPROVING a competitive solicitation of a CM/GC contract(s) to qualified proposers, pursuant to Public Utilities Code Section 130242 (e), whose proposals will be evaluated by utilizing appropriate evalu"
1598,2019-12-05,Board of Directors - Regular Board Meeting,47654,,30,,,,,,,,0,0,CONSTRUCTION COMMITTEE MADE THE FOLLOWING RECOMMENDATION (5-0):
1598,2019-12-05,Board of Directors - Regular Board Meeting,47655,27,29,6182,2019-0628,Motion / Motion Response,,,,,0,0,"APPROVE amendment to Title 7 of the Ordinance for Enforcement of Toll Violations (Attachment A). The ordinance will become effective January 5, 2020."
1598,2019-12-05,Board of Directors - Regular Board Meeting,47656,,28,,,,,,,,0,0,"OPERATIONS, SAFETY AND CUSTOMER EXPERIENCE COMMITTEE MADE THE FOLLOWING RECOMMENDATION (3-0):"
1598,2019-12-05,Board of Directors - Regular Board Meeting,47657,26,26,6306,2019-0752,Appointment,,,,,0,0,APPROVE Leonard Pieroni for membership on Metro’s San Gabriel Valley Service Council.
1598,2019-12-05,Board of Directors - Regular Board Meeting,47658,,25,,,,,,,,0,0,"OPERATIONS, SAFETY AND CUSTOMER EXPERIENCE COMMITTEE MADE THE FOLLOWING RECOMMENDATION (3-0):"
1598,2019-12-05,Board of Directors - Regular Board Meeting,47659,25,24,6331,2019-0777,Contract,,,,,0,0,"AUTHORIZE the Chief Executive Officer to award a five-year, firm fixed unit rate Contract No. OP64570000 to Western Environmental Services for Liquid Waste Removal Services in an amount not-to-exceed $6,961,410, effective December 16, 2019, subject to resolution of protest(s), if any."
1598,2019-12-05,Board of Directors - Regular Board Meeting,47661,,23,,,,,,,,0,0,"OPERATIONS, SAFETY AND CUSTOMER EXPERIENCE COMMITTEE MADE THE FOLLOWING RECOMMENDATION (3-0):"
1598,2019-12-05,Board of Directors - Regular Board Meeting,47662,24,22,6296,2019-0742,Contract,,,,,0,0,"AUTHORIZE the Chief Executive Officer to award a two-year, Indefinite Delivery, Indefinite Quantity (IDIQ) Contract No. CY63850000 to JWL Supplies, the lowest responsive and responsible bidder for Shop Towels (Wypalls). The Contract one-year base amount is $686,565 inclusive of sales tax, and the one-year option amount is $730,453, inclusive of sales tax, for a total contract amount of $1,417,018, subject to resolution of protest(s), if any."
1598,2019-12-05,Board of Directors - Regular Board Meeting,47663,,56,,,,,,,,0,0,EXECUTIVE MANAGEMENT COMMITTEE FORWARDED THE FOLLOWING (3-0):
1598,2019-12-05,Board of Directors - Regular Board Meeting,47664,23,54,6282,2019-0728,Contract,,,,,0,0,"AUTHORIZE the Chief Executive Officer to execute Contract Modification No. 4 to Contract No. PS46172000, with Gannett Fleming Transit & Rail Systems, for engineering support of rail maintenance to exercise the first-year option, for an amount of $5,000,000, increasing the total contract not-to-exceed amount from $16,000,000 to $21,000,000, through April 2021."
1598,2019-12-05,Board of Directors - Regular Board Meeting,47665,,53,,,,,,,,0,0,"OPERATIONS, SAFETY AND CUSTOMER EXPERIENCE COMMITTEE FORWARDED THE FOLLOWING DUE TO ABSENCES AND CONFLICTS (3-0):"
1598,2019-12-05,Board of Directors - Regular Board Meeting,47666,22,52,6135,2019-0581,Oral Report / Presentation,,,,,0,0,RECEIVE oral report on A Line Opening and Update on Right of Way Cleanliness.
1598,2019-12-05,Board of Directors - Regular Board Meeting,47667,,51,,,,,,,,0,0,"OPERATIONS, SAFETY AND CUSTOMER EXPERIENCE COMMITTEE FORWARDED THE FOLLOWING (3-0):"
1598,2019-12-05,Board of Directors - Regular Board Meeting,47672,35,34,6352,2019-0798,Contract,,,,,0,0,"AUTHORIZE the Chief Executive Officer (CEO) to: 

A.	EXECUTE Modification No. 2 to Task Order No. PS51074-3049000 with Ernst & Young Infrastructure Advisors, LLC, (EYIA) to continue support for development and execution of a contract for a pre-development agreement (PDA) for the Sepulveda Transit Corridor project through contract award, in the amount of $539,575 increasing the not-to-exceed Task Order value from $1,099,280 to $1,638,855; and

B.	INCREASE Contract Modification Authority (CMA)"
1598,2019-12-05,Board of Directors - Regular Board Meeting,47673,,33,,,,,,,,0,0,EXECUTIVE MANAGEMENT COMMITTEE MADE THE FOLLOWING RECOMMENDATION (3-0):
1598,2019-12-05,Board of Directors - Regular Board Meeting,47674,40,63,6355,2019-0801,Policy,,,,,0,0,"CONSIDER:

A.	HOLDING a public hearing on the proposed Resolutions of Necessity; and

B.	ADOPTING the Resolutions of Necessity authorizing the commencement of an eminent domain action to acquire a Utility Overhang and Temporary Construction Easement from the properties identified as Parcels RM-03 (APN: 8059-029-009) and RM-06 (APN: 8059-029-029) and to acquire a Roadway Easement and Temporary Construction Easement from the property identified as Parcel RM-33 (APN: 8069-006-018). The properti"
1598,2019-12-05,Board of Directors - Regular Board Meeting,47675,39,62,6350,2019-0796,Policy,,,,,0,0,"CONSIDER:

A.	HOLDING a public hearing on the proposed Resolution of Necessity; and

B.	ADOPTING a Resolution of Necessity (Attachment B) authorizing the commencement of an eminent domain action to acquire a Permanent Footing Easement, Temporary Construction Easement (TCE) and site improvements from the property identified as Parcel E-08 (APN: 6227-027-040).  

(REQUIRES 2/3 VOTE OF THE BOARD)"
1598,2019-12-05,Board of Directors - Regular Board Meeting,47676,4,41,6412,2019-0858,Oral Report / Presentation,,,,,0,0,RECEIVE report by the Chief Executive Officer.
1598,2019-12-05,Board of Directors - Regular Board Meeting,47677,3,40,6411,2019-0857,Oral Report / Presentation,,,,,0,0,RECEIVE remarks by the Chair.
1598,2019-12-05,Board of Directors - Regular Board Meeting,47690,38.1,61,6413,2019-0859,Motion / Motion Response,,,,,0,0,"APPROVE motion by Directors Ridley-Thomas, Dupont-Walker, Kuehl, Butts and Garcetti that the Board: 

A.  Expand Metro’s legislative agenda to support or sponsor legislation that would create new financial incentives, including an expansion of the welfare exemption for units covenanted at up to 120% of Area Median Income, to facilitate the development of affordable housing around transit; and

B.  Request that the Chief Executive Officer report to the Executive Management Committee during the Ja"
1598,2019-12-05,Board of Directors - Regular Board Meeting,47691,17.1,48,6414,2019-0860,Motion / Motion Response,,,,,0,0,"APPROVE motion by Directors Garcia, Hahn and Solis that the Board direct the Chief Executive Officer to: 

A.  In accordance with Metro Board policy, re-evaluate for funding the “active transportation” project elements deemed ineligible in the first round of SR-91/I-405/I-605 “Hot Spots” MSP funding, contrary to Board policy, in order for such elements to be eligible for and awarded funding in this first round.

B.  Collaborate with the Gateway Cities COG to develop a long-term approach to e"
1598,2019-12-05,Board of Directors - Regular Board Meeting,47692,,9,,,,,,,,0,0,PAGE BREAK
1598,2019-12-05,Board of Directors - Regular Board Meeting,47693,,20,,,,,,,,0,0,PAGE BREAK
1598,2019-12-05,Board of Directors - Regular Board Meeting,47694,,27,,,,,,,,0,0,PAGE BREAK
1598,2019-12-05,Board of Directors - Regular Board Meeting,47695,,32,,,,,,,,0,0,PAGE BREAK
1598,2019-12-05,Board of Directors - Regular Board Meeting,47696,,49,,,,,,,,0,0,PAGE BREAK
1598,2019-12-05,Board of Directors - Regular Board Meeting,47697,,55,,,,,,,,0,0,PAGE BREAK
1598,2019-12-05,Board of Directors - Regular Board Meeting,47698,,60,,,,,,,,0,0,PAGE BREAK
1599,2019-11-20,Planning and Programming Committee,46610,,1,,,,,,,,0,0,CALL TO ORDER
1599,2019-11-20,Planning and Programming Committee,46611,,2,,,,,,,,0,0,ROLL CALL
1599,2019-11-20,Planning and Programming Committee,46790,,20,,,,,,,,0,0,"Consideration of items not on the posted agenda, including: items to be presented and (if requested) referred to staff; items to be placed on the agenda for action at a future meeting of the Committee or Board; and/or items requiring immediate action because of an emergency situation or where the need to take immediate action came to the attention of the Committee subsequent to the posting of the agenda."
1599,2019-11-20,Planning and Programming Committee,46791,,21,,,,,,,,0,0,COMMENTS FROM THE PUBLIC ON ITEMS OF PUBLIC INTEREST WITHIN COMMITTEE’S SUBJECT MATTER JURISDICTION
1599,2019-11-20,Planning and Programming Committee,46792,,22,,,,,,,,0,0,Adjournment
1599,2019-11-20,Planning and Programming Committee,46799,,19,6364,2019-0810,Informational Report,,,,,0,0,RECEIVE General Public Comment
1599,2019-11-20,Planning and Programming Committee,46800,5,3,6314,2019-0760,Informational Report,,,,,0,0,RECEIVE AND FILE quarterly update on the Twenty-Eight by ’28 Initiative pillar projects.
1599,2019-11-20,Planning and Programming Committee,46801,6,5,6313,2019-0759,Project,,,,,0,0,RECEIVE AND FILE Sepulveda Transit Corridor Feasibility Study.
1599,2019-11-20,Planning and Programming Committee,46802,18,18,6312,2019-0758,Application,,,,,0,0,"AUTHORIZE the Chief Executive Officer to prioritize projects, commit funding match and submit grant applications to California’s Transit and Intercity Rail Capital Program as detailed in Attachment A."
1599,2019-11-20,Planning and Programming Committee,46803,17,17,6294,2019-0740,Program,,,,,0,0,"CONSIDER:

A.	APPROVING programming of $27,764,900 in Measure M Multi-Year Subregional Program (MSP) - I-605 Corridor “Hot Spot” Interchange Improvements Program (Expenditure Line 61); and

B.	AUTHORIZING the Chief Executive Officer (CEO) or his designee to negotiate and execute all necessary agreements for approved projects."
1599,2019-11-20,Planning and Programming Committee,46804,16,16,6257,2019-0703,Program,,,,,0,0,"CONSIDER:

A.	APPROVING the programming of $105,072,000 in local funds for the construction of Phase 1; and

B.	AMENDING the 2009 Long Range Transportation Plan to restate the project’s southern limit from Rio Rancho Road to the Los Angeles/San Bernardino County Line (SBCL)."
1599,2019-11-20,Planning and Programming Committee,46806,14,15,6215,2019-0661,Contract,,,,,0,0,"AUTHORIZE the Chief Executive Officer to award and execute a 36-month, firm fixed price Contract No. PS63023000 to WSP USA, Inc. in the amount of $6,372,356 for preparing 84 grant applications and 40 additional grant applications as well as optional tasks, such as greenhouse gas analysis, drone and aerial photography, and simulations. This will support Metro and local jurisdiction grant applications to discretionary federal and state funding opportunities, subject to resolution of protest(s), if"
1599,2019-11-20,Planning and Programming Committee,46807,13,14,6213,2019-0659,Contract,,,,,0,0,"AUTHORIZE the Chief Executive Officer to award and execute a 36-month, firm fixed price Contract No. AE61156000 to WSP USA, Inc. in the amount of $27,494,005.21 for Architectural and Engineering services to produce the I-405 Phase 1 Sepulveda Pass ExpressLanes Project Approval/Environmental Document, the Concept of Operations report and 30% design, subject to resolution of protest(s), if any."
1599,2019-11-20,Planning and Programming Committee,46809,11,12,6178,2019-0624,Agreement,,,,,0,0,"AUTHORIZE the Chief Executive Officer to execute an amendment to the Exclusive Negotiation Agreement and Planning Document with Watt Companies, doing business as WIP-A, LLC, and the County of Los Angeles for 12 months with the option to extend for an additional four months for the joint development of 1.77 acres of Metro-owned property and 1.66 acres of County-owned property at the Expo/Crenshaw Station."
1599,2019-11-20,Planning and Programming Committee,46810,10,11,6172,2019-0618,Contract,,,,,0,0,APPROVE Third Party Request for Design Deviation from Systemwide Station Design Standards.
1599,2019-11-20,Planning and Programming Committee,46811,9,10,6073,2019-0519,Program,,,,,0,0,"CONSIDER:

A.	APPROVING the programming of $7.5 million in Measure R 3% commuter rail funds for final design including third party costs of the Lone Hill to White (LHW) Double Track Project; and

B.	AUTHORIZING the Chief Executive Officer to negotiate and execute all agreements for the LHW final design."
1599,2019-11-20,Planning and Programming Committee,47471,7,6,6183,2019-0629,Informational Report,,,,,0,0,RECEIVE AND FILE the Measure R Ordinance Preliminary Ten-Year Review and Potential Amendments.
1599,2019-11-20,Planning and Programming Committee,47472,8,8,6184,2019-0630,Informational Report,,,,,0,0,"RECEIVE AND FILE information on the 2019 Short Range Financial Forecast planning model, which identifies the high-level planning and programming of funds."
1599,2019-11-20,Planning and Programming Committee,47473,,9,,,,,,,,0,0,PAGE BREAK
1599,2019-11-20,Planning and Programming Committee,47474,,13,,,,,,,,0,0,PAGE BREAK
1599,2019-11-20,Planning and Programming Committee,47480,,4,,,,,,,,0,0,(ALSO ON EXECUTIVE MANAGEMENT COMMITTEE)
1599,2019-11-20,Planning and Programming Committee,47490,,7,,,,,,,,0,0,(ALSO ON EXECUTIVE MANAGEMENT COMMITTEE)
1600,2019-11-20,"Finance, Budget and Audit Committee",46813,,1,,,,,,,,0,0,CALL TO ORDER
1600,2019-11-20,"Finance, Budget and Audit Committee",46814,,2,,,,,,,,0,0,ROLL CALL
1600,2019-11-20,"Finance, Budget and Audit Committee",46954,,6,,,,,,,,0,0,"Consideration of items not on the posted agenda, including: items to be presented and (if requested) referred to staff; items to be placed on the agenda for action at a future meeting of the Committee or Board; and/or items requiring immediate action because of an emergency situation or where the need to take immediate action came to the attention of the Committee subsequent to the posting of the agenda."
1600,2019-11-20,"Finance, Budget and Audit Committee",46955,,7,,,,,,,,0,0,COMMENTS FROM THE PUBLIC ON ITEMS OF PUBLIC INTEREST WITHIN COMMITTEE’S SUBJECT MATTER JURISDICTION
1600,2019-11-20,"Finance, Budget and Audit Committee",46956,,8,,,,,,,,0,0,Adjournment
1600,2019-11-20,"Finance, Budget and Audit Committee",46972,,5,6365,2019-0811,Informational Report,,,,,0,0,RECEIVE General Public Comment
1600,2019-11-20,"Finance, Budget and Audit Committee",46973,19,3,6328,2019-0774,Informational Report,,,,,0,0,"RECEIVE AND FILE the first quarter report of Management Audit Services (Management Audit) for the period ending September 30, 2019."
1600,2019-11-20,"Finance, Budget and Audit Committee",46974,20,4,6311,2019-0757,Contract,,,,,0,0,"AUTHORIZE the Chief Executive Officer to award six-year bench Contract Nos. PS64441000A through PS64441000J with the firms listed in Attachment A for municipal advisory services and execute task orders under these contracts for a total not-to-exceed amount of $6,590,000 effective January 1, 2020 through December 31, 2025, subject to the resolution of protest(s) if any."
1601,2019-11-21,"Operations, Safety, and Customer Experience Committee",46976,,1,,,,,,,,0,0,CALL TO ORDER
1601,2019-11-21,"Operations, Safety, and Customer Experience Committee",46977,,2,,,,,,,,0,0,ROLL CALL
1601,2019-11-21,"Operations, Safety, and Customer Experience Committee",47123,,15,,,,,,,,0,0,"Consideration of items not on the posted agenda, including: items to be presented and (if requested) referred to staff; items to be placed on the agenda for action at a future meeting of the Committee or Board; and/or items requiring immediate action because of an emergency situation or where the need to take immediate action came to the attention of the Committee subsequent to the posting of the agenda."
1601,2019-11-21,"Operations, Safety, and Customer Experience Committee",47124,,16,,,,,,,,0,0,COMMENTS FROM THE PUBLIC ON ITEMS OF PUBLIC INTEREST WITHIN COMMITTEE’S SUBJECT MATTER JURISDICTION
1601,2019-11-21,"Operations, Safety, and Customer Experience Committee",47125,,17,,,,,,,,0,0,Adjournment
1601,2019-11-21,"Operations, Safety, and Customer Experience Committee",47129,,13,,,,,,,,0,0,(ALSO ON EXECUTIVE MANAGEMENT COMMITTEE)
1601,2019-11-21,"Operations, Safety, and Customer Experience Committee",47130,28,12,6340,2019-0786,Informational Report,,,,,0,0,RECEIVE AND FILE Transit Safety and Security Report.
1601,2019-11-21,"Operations, Safety, and Customer Experience Committee",47132,25,8,6331,2019-0777,Contract,,,,,0,0,"AUTHORIZE the Chief Executive Officer to award a five-year, firm fixed unit rate Contract No. OP64570000 to Western Environmental Services for Liquid Waste Removal Services in an amount not-to-exceed $6,961,410, effective December 16, 2019, subject to resolution of protest(s), if any."
1601,2019-11-21,"Operations, Safety, and Customer Experience Committee",47133,26,9,6306,2019-0752,Appointment,,,,,0,0,APPROVE Leonard Pieroni for membership on Metro’s San Gabriel Valley Service Council.
1601,2019-11-21,"Operations, Safety, and Customer Experience Committee",47134,24,7,6296,2019-0742,Contract,,,,,0,0,"AUTHORIZE the Chief Executive Officer to award a two-year, Indefinite Delivery, Indefinite Quantity (IDIQ) Contract No. CY63850000 to JWL Supplies, the lowest responsive and responsible bidder for Shop Towels (Wypalls). The Contract one-year base amount is $686,565 inclusive of sales tax, and the one-year option amount is $730,453, inclusive of sales tax, for a total contract amount of $1,417,018, subject to resolution of protest(s), if any."
1601,2019-11-21,"Operations, Safety, and Customer Experience Committee",47135,23,5,6282,2019-0728,Contract,,,,,0,0,"AUTHORIZE the Chief Executive Officer to execute Contract Modification No. 4 to Contract No. PS46172000, with Gannett Fleming Transit & Rail Systems, for engineering support of rail maintenance to exercise the first-year option, for an amount of $5,000,000, increasing the total contract not-to-exceed amount from $16,000,000 to $21,000,000, through April 2021."
1601,2019-11-21,"Operations, Safety, and Customer Experience Committee",47137,27,10,6182,2019-0628,Motion / Motion Response,,,,,0,0,"APPROVE amendment to Title 7 of the Ordinance for Enforcement of Toll Violations (Attachment A). The ordinance will become effective January 5, 2020."
1601,2019-11-21,"Operations, Safety, and Customer Experience Committee",47138,22,4,6135,2019-0581,Oral Report / Presentation,,,,,0,0,RECEIVE oral report on A Line Opening and Update on Right of Way Cleanliness.
1601,2019-11-21,"Operations, Safety, and Customer Experience Committee",47139,21,3,6134,2019-0580,Oral Report / Presentation,,,,,0,0,Operations Employees of the Month.
1601,2019-11-21,"Operations, Safety, and Customer Experience Committee",47465,,14,6366,2019-0812,Informational Report,,,,,0,0,RECEIVE General Public Comment
1601,2019-11-21,"Operations, Safety, and Customer Experience Committee",47486,,6,,,,,,,,0,0,PAGE BREAK
1601,2019-11-21,"Operations, Safety, and Customer Experience Committee",47487,,11,,,,,,,,0,0,PAGE BREAK
1602,2019-11-21,Construction Committee,47140,,1,,,,,,,,0,0,CALL TO ORDER
1602,2019-11-21,Construction Committee,47141,,2,,,,,,,,0,0,ROLL CALL
1602,2019-11-21,Construction Committee,47269,,10,,,,,,,,0,0,"Consideration of items not on the posted agenda, including: items to be presented and (if requested) referred to staff; items to be placed on the agenda for action at a future meeting of the Committee or Board; and/or items requiring immediate action because of an emergency situation or where the need to take immediate action came to the attention of the Committee subsequent to the posting of the agenda."
1602,2019-11-21,Construction Committee,47270,,11,,,,,,,,0,0,COMMENTS FROM THE PUBLIC ON ITEMS OF PUBLIC INTEREST WITHIN COMMITTEE’S SUBJECT MATTER JURISDICTION
1602,2019-11-21,Construction Committee,47271,,12,,,,,,,,0,0,Adjournment
1602,2019-11-21,Construction Committee,47285,29,3,6326,2019-0772,Oral Report / Presentation,,,,,0,0,RECEIVE oral report on the Major Project Status by the Chief Program Management Officer.
1602,2019-11-21,Construction Committee,47286,31,5,6323,2019-0769,Informational Report,,,,,0,0,"CONSIDER:

A.	FINDING that the use of a construction manager/general contractor (CM/GC) project delivery method for the Link Union Station Project, pursuant to Public Utilities Code Sections 130242, to achieve certain private sector efficiencies by an integrated project delivery team; and

B.	APPROVING a competitive solicitation of a CM/GC contract(s) to qualified proposers, pursuant to Public Utilities Code Section 130242 (e), whose proposals will be evaluated by utilizing appropriate evalu"
1602,2019-11-21,Construction Committee,47464,,9,6367,2019-0813,Informational Report,,,,,0,0,RECEIVE General Public Comment
1602,2019-11-21,Construction Committee,47470,,,6380,2019-0826,Oral Report / Presentation,,,,,0,0,RECEIVE report by the Caltrans District Director on Delivery of Projects on I-5.
1602,2019-11-21,Construction Committee,47475,30,4,6380,2019-0826,Oral Report / Presentation,,,,,0,0,RECEIVE report by the Caltrans District Director on Delivery of Projects on I-5.
1602,2019-11-21,Construction Committee,47476,,6,,,,,,,,0,0,PAGE BREAK
1602,2019-11-21,Construction Committee,47477,37,8,6341,2019-0787,Budget,,,,,0,0,"INCREASE the Life of Project (LOP) Budget for the Regional Connector Concurrent Non-FFGA Activities Project, capital project number 861228 by $6,450,000 to a total amount of $46,441,168.  This will address critical radio system interface requirements at 7th & Metro."
1602,2019-11-21,Construction Committee,47478,36,7,6332,2019-0778,Contract,,,,,0,0,"CONSIDER: 

A.	APPROVING AND ADOPTING minor changes to project definition and CEQA Addendum to the Final Environmental Impact Report (FEIR) for the Division 20 Portal Widening and Turnback Facility (Attachment A); and

B.	ESTABLISHING a Life-of-Project (LOP) Budget of $801,749,577 for the Division 20 Portal Widening Turnback Project."
1603,2019-11-21,Executive Management Committee,47287,,1,,,,,,,,0,0,CALL TO ORDER
1603,2019-11-21,Executive Management Committee,47288,,2,,,,,,,,0,0,ROLL CALL
1603,2019-11-21,Executive Management Committee,47428,,16,,,,,,,,0,0,"Consideration of items not on the posted agenda, including: items to be presented and (if requested) referred to staff; items to be placed on the agenda for action at a future meeting of the Committee or Board; and/or items requiring immediate action because of an emergency situation or where the need to take immediate action came to the attention of the Committee subsequent to the posting of the agenda."
1603,2019-11-21,Executive Management Committee,47429,,17,,,,,,,,0,0,COMMENTS FROM THE PUBLIC ON ITEMS OF PUBLIC INTEREST WITHIN COMMITTEE’S SUBJECT MATTER JURISDICTION
1603,2019-11-21,Executive Management Committee,47430,,18,,,,,,,,0,0,Adjournment
1603,2019-11-21,Executive Management Committee,47431,34,12,6276,2019-0722,Informational Report,,,,,0,0,RECEIVE AND FILE the status report on Metro Workforce Initiative Now - Los Angeles (WIN-LA).
1603,2019-11-21,Executive Management Committee,47435,,15,6368,2019-0814,Informational Report,,,,,0,0,RECEIVE General Public Comment
1603,2019-11-21,Executive Management Committee,47436,,8,,,,,,,,0,0,"(ALSO ON OPERATIONS, SAFETY AND CUSTOMER EXPERIENCE COMMITTEE)"
1603,2019-11-21,Executive Management Committee,47437,28,7,6340,2019-0786,Informational Report,,,,,0,0,RECEIVE AND FILE Transit Safety and Security Report.
1603,2019-11-21,Executive Management Committee,47438,35,13,6352,2019-0798,Contract,,,,,0,0,"AUTHORIZE the Chief Executive Officer (CEO) to: 

A.	EXECUTE Modification No. 2 to Task Order No. PS51074-3049000 with Ernst & Young Infrastructure Advisors, LLC, (EYIA) to continue support for development and execution of a contract for a pre-development agreement (PDA) for the Sepulveda Transit Corridor project through contract award, in the amount of $539,575 increasing the not-to-exceed Task Order value from $1,099,280 to $1,638,855; and

B.	INCREASE Contract Modification Authority (CMA)"
1603,2019-11-21,Executive Management Committee,47439,32,9,6334,2019-0780,Program,,,,,0,0,RECEIVE AND FILE report on Metro Bike Share Program Update.
1603,2019-11-21,Executive Management Committee,47440,33,10,6291,2019-0737,Program,,,,,0,0,"RECEIVE AND FILE the: 

A.	Responses to Board motion 32.3C [Explore Fees for Transportation Network Company (TNC)] by Directors Garcetti, Kuehl, Butts, Solis, and Hahn (Attachment A); 

B.	Progress report on the Transformational Initiatives central to “The Re-imagining of LA County,” which includes new mobility fees (Attachment B);

C.	Response to Motion 47 (Los Angeles County Micro-Mobility Review) by Directors Garcia, Hahn, Solis, and Dupont-Walker (Attachment C);

D.	Draft framework for devel"
1603,2019-11-21,Executive Management Committee,47479,38,14,6279,2019-0725,Federal Legislation / State Legislation (Position),,,,,0,0,"CONSIDER:

A.	RECEIVING the State and Federal Legislative Report;

B.	ADOPTING the proposed 2020 Federal Legislative Program as outlined in Attachment A; and 

C.	ADOPTING the proposed 2020 State Legislative Program as outlined in Attachment B."
1603,2019-11-21,Executive Management Committee,47481,5,3,6314,2019-0760,Informational Report,,,,,0,0,RECEIVE AND FILE quarterly update on the Twenty-Eight by ’28 Initiative pillar projects.
1603,2019-11-21,Executive Management Committee,47482,,4,,,,,,,,0,0,(ALSO ON PLANNING AND PROGRAMMING COMMITTEE)
1603,2019-11-21,Executive Management Committee,47485,,11,,,,,,,,0,0,PAGE BREAK
1603,2019-11-21,Executive Management Committee,47488,7,5,6183,2019-0629,Informational Report,,,,,0,0,RECEIVE AND FILE the Measure R Ordinance Preliminary Ten-Year Review and Potential Amendments.
1603,2019-11-21,Executive Management Committee,47489,,6,,,,,,,,0,0,(ALSO ON PLANNING AND PROGRAMMING COMMITTEE)
1631,2019-12-05,Crenshaw Project Corporation,47443,,1,,,,,,,,0,0,CALL TO ORDER
1631,2019-12-05,Crenshaw Project Corporation,47444,,2,,,,,,,,0,0,ROLL CALL
1631,2019-12-05,Crenshaw Project Corporation,47458,,11,,,,,,,,0,0,Adjournment
1631,2019-12-05,Crenshaw Project Corporation,47459,,9,,,,,,,,0,0,"Consideration of items not on the posted agenda, including: items to be presented and (if requested) referred to staff; items to be placed on the agenda for action at a future meeting of the Committee or Board; and/or items requiring immediate action because of an emergency situation or where the need to take immediate action came to the attention of the Committee subsequent to the posting of the agenda."
1631,2019-12-05,Crenshaw Project Corporation,47461,,8,6378,2019-0824,Informational Report,,,,,0,0,RECEIVE General Public Comment
1631,2019-12-05,Crenshaw Project Corporation,47462,3,5,6302,2019-0748,Informational Report,,,,,0,0,RECEIVE AND FILE status report on Crenshaw Project Corporation (CPC) Transportation Infrastructure Finance and Innovation Act (TIFIA) Loan administration activities during calendar year 2019.
1631,2019-12-05,Crenshaw Project Corporation,47463,2,4,6293,2019-0739,Informational Report,,,,,0,0,"RECEIVE AND FILE the Crenshaw Project Corporation (CPC) Annual Financial Report for the fiscal year (FY) ended June 30, 2019 (Attachment A)."
1631,2019-12-05,Crenshaw Project Corporation,47466,,10,,,,,,,,0,0,COMMENTS FROM THE PUBLIC ON ITEMS OF PUBLIC INTEREST WITHIN COMMITTEE’S SUBJECT MATTER JURISDICTION
1631,2019-12-05,Crenshaw Project Corporation,47468,1,3,5516,2018-0785,Minutes,,,,,0,0,"APPROVE Minutes of the Regular Board Meeting held December 6, 2018."
1631,2019-12-05,Crenshaw Project Corporation,47688,,7,,,,,,,,0,0,PAGE BREAK
1631,2019-12-05,Crenshaw Project Corporation,47689,4,6,6303,2019-0749,Budget,,,,,0,0,"APPROVE the Fiscal Year 2019-2020 (FY20) budget in the amount of $51,240 for the operation and administration of the Crenshaw Project Corporation (CPC)."
1646,2019-12-04,Measure M Independent Taxpayer Oversight Committee,46590,,1,,,,,,,,0,0,CALL TO ORDER
1646,2019-12-04,Measure M Independent Taxpayer Oversight Committee,46591,,2,,,,,,,,0,0,ROLL CALL
1646,2019-12-04,Measure M Independent Taxpayer Oversight Committee,46592,6,9,6391,2019-0837,Oral Report / Presentation,,,,,0,0,RECEIVE Oral Report on State of Good Repair
1646,2019-12-04,Measure M Independent Taxpayer Oversight Committee,46595,,13,,,,,,,,0,0,"Consideration of items not on the posted agenda, including: items to be presented and (if requested) referred to staff; items to be placed on the agenda for action at a future meeting of the Committee or Board; and/or items requiring immediate action because of an emergency situation or where the need to take immediate action came to the attention of the Committee subsequent to the posting of the agenda."
1646,2019-12-04,Measure M Independent Taxpayer Oversight Committee,46596,,14,,,,,,,,0,0,COMMENTS FROM THE PUBLIC ON ITEMS OF PUBLIC INTEREST WITHIN COMMITTEE’S SUBJECT MATTER JURISDICTION
1646,2019-12-04,Measure M Independent Taxpayer Oversight Committee,46597,,15,,,,,,,,0,0,Adjournment
1646,2019-12-04,Measure M Independent Taxpayer Oversight Committee,47546,5,7,6400,2019-0846,Oral Report / Presentation,,,,,0,0,RECEIVE Oral Report on Transit Operations and Maintenance - FY20 Q1.
1646,2019-12-04,Measure M Independent Taxpayer Oversight Committee,47547,4,6,6389,2019-0835,Formula Allocation / Local Return,,,,,0,0,RECEIVE Oral Report on Measure M Local Return.
1646,2019-12-04,Measure M Independent Taxpayer Oversight Committee,47548,3,5,6386,2019-0832,Oral Report / Presentation,,,,,0,0,RECEIVE Oral Report on Transit and Highway Projects Status
1646,2019-12-04,Measure M Independent Taxpayer Oversight Committee,47549,7,10,6379,2019-0825,Oral Report / Presentation,,,,,0,0,RECEIVE Oral Report on Active Transportation Program
1646,2019-12-04,Measure M Independent Taxpayer Oversight Committee,47550,,12,6401,2019-0847,Informational Report,,,,,0,0,RECEIVE General Public Comment
1646,2019-12-04,Measure M Independent Taxpayer Oversight Committee,47551,1,3,6405,2019-0851,Oral Report / Presentation,,,,,0,0,RECEIVE remarks by the Chair.
1646,2019-12-04,Measure M Independent Taxpayer Oversight Committee,47552,2,4,6406,2019-0852,Minutes,,,,,0,0,"APPROVE Minutes of the Measure M Independent Taxpayer Oversight Committee Meeting held September 4, 2019."
1646,2019-12-04,Measure M Independent Taxpayer Oversight Committee,47553,,8,,,,,,,,0,0,PAGE BREAK
1646,2019-12-04,Measure M Independent Taxpayer Oversight Committee,47699,8,11,6418,2019-0864,Oral Report / Presentation,,,,,0,0,RECEIVE Oral Report on Office of Extraordinary Innovation
