event_id,event_date,body,item_id,agenda_number,agenda_sequence,matter_id,matter_file,matter_type,action,passed,mover,seconder,roll_call_flag,consent,title
2649,2024-01-17,"Finance, Budget and Audit Committee",115698,,11,,,,,,,,0,0,CALL TO ORDER
2649,2024-01-17,"Finance, Budget and Audit Committee",115699,,12,,,,,,,,0,0,ROLL CALL
2649,2024-01-17,"Finance, Budget and Audit Committee",115700,,13,,,,,,,,0,0,"APPROVE Consent Calendar Items: 5 and 6. 

Consent Calendar items are approved by one motion unless held by a Director for discussion and/or separate action. "
2649,2024-01-17,"Finance, Budget and Audit Committee",115912,,22,9861,2024-0006,Informational Report,,,,,0,0,RECEIVE General Public Comment
2649,2024-01-17,"Finance, Budget and Audit Committee",115913,,23,,,,,,,,0,0,"Consideration of items not on the posted agenda, including: items to be presented and (if requested) referred to staff; items to be placed on the agenda for action at a future meeting of the Committee or Board; and/or items requiring immediate action because of an emergency situation or where the need to take immediate action came to the attention of the Committee subsequent to the posting of the agenda."
2649,2024-01-17,"Finance, Budget and Audit Committee",115914,,24,,,,,,,,0,0,COMMENTS FROM THE PUBLIC ON ITEMS OF PUBLIC INTEREST WITHIN COMMITTEE’S SUBJECT MATTER JURISDICTION
2649,2024-01-17,"Finance, Budget and Audit Committee",115915,,25,,,,,,,,0,0,Adjournment
2649,2024-01-17,"Finance, Budget and Audit Committee",115918,,10,,,,,,,,0,0,
2649,2024-01-17,"Finance, Budget and Audit Committee",115919,,9,,,,,,,,0,0,
2649,2024-01-17,"Finance, Budget and Audit Committee",115920,,8,,,,,,,,0,0,"Written public comments must be received by 5PM the day before the meeting.
Please include the Item # in your comment and your position of “FOR,” “AGAINST,” ""GENERAL COMMENT,"" or ""ITEM NEEDS MORE CONSIDERATION.""
Email: BoardClerk@metro.net
Post Office Mail:
Board Administration
One Gateway Plaza
MS: 99-3-1
Los Angeles, CA 90012"
2649,2024-01-17,"Finance, Budget and Audit Committee",115921,,7,,,,,,,,0,0,Written Public Comment Instruction:
2649,2024-01-17,"Finance, Budget and Audit Committee",115922,,6,,,,,,,,0,0,Los comentarios del público se tomaran cuando se toma cada tema. Para dar un comentario público sobre una tema ingrese # 2 (Tecla de numero y dos) cuando se le solicite. Tenga en cuenta que la transmisión de video en vivo se retrasa unos 30 segundos con respecto a la reunión real. No hay retraso en la línea de acceso telefónico para comentarios públicos.
2649,2024-01-17,"Finance, Budget and Audit Committee",115923,,5,,,,,,,,0,0,"Los comentarios publicos en vivo se pueden dar por telefono o en persona.

La Reunion de la Junta comienza a las 11:00 AM, hora del Pacifico, el 17 de Enero de 2024. Puedes unirte a la llamada 5 minutos antes del comienso de la junta.

Marque: 202-735-3323 y ingrese el codigo
Codigo de acceso en ingles: 5647249#
Codigo de acceso en espanol: 7292892#"
2649,2024-01-17,"Finance, Budget and Audit Committee",115924,,4,,,,,,,,0,0,Instrucciones para comentarios publicos en vivo:
2649,2024-01-17,"Finance, Budget and Audit Committee",115925,,3,,,,,,,,0,0,"Public comment will be taken as the Board takes up each item. To give public comment on an item, enter #2 (pound-two) when prompted. Please note that the live video feed lags about 30 seconds behind the actual meeting. There is no lag on the public comment dial-in line."
2649,2024-01-17,"Finance, Budget and Audit Committee",115926,,2,,,,,,,,0,0,"Live public comment can be given by telephone or in-person.

The Committee Meeting begins at 11:00 AM Pacific Time on January 17, 2024; you may join the call 5 minutes prior to the start of the meeting.

Dial-in: 202-735-3323 and enter
English Access Code: 5647249#
Spanish Access Code: 7292892#"
2649,2024-01-17,"Finance, Budget and Audit Committee",115927,,1,,,,,,,,0,0,Live Public Comment Instructions:
2649,2024-01-17,"Finance, Budget and Audit Committee",117018,,14,,,,,,,,0,0,CONSENT CALENDAR
2649,2024-01-17,"Finance, Budget and Audit Committee",117019,5,15,9823,2023-0745,Informational Report,,,,,0,0,RECEIVE AND FILE status report on Access Services - ADA Paratransit.
2649,2024-01-17,"Finance, Budget and Audit Committee",117020,,17,,,,,,,,0,0,NON-CONSENT
2649,2024-01-17,"Finance, Budget and Audit Committee",117021,,21,,,,,,,,0,0,
2649,2024-01-17,"Finance, Budget and Audit Committee",117022,,20,,,,,,,,0,0,page break
2649,2024-01-17,"Finance, Budget and Audit Committee",117023,8,19,9850,2023-0773,Informational Report,,,,,0,0,"RECEIVE AND FILE a report on the Build America, Buy America Act."
2649,2024-01-17,"Finance, Budget and Audit Committee",117024,7,18,9806,2023-0728,Informational Report,,,,,0,0,RECEIVE AND FILE The Fiscal Year 2025 (FY25) Budget Development Process.
2649,2024-01-17,"Finance, Budget and Audit Committee",117025,6,16,9800,2023-0722,Informational Report,,,,,0,0,"RECEIVE AND FILE Office of the Inspector General (OIG) Final Report on the Statutorily Mandated Audit of Miscellaneous Expenses for the Period of January 1, 2023 to March 31, 2023."
2650,2024-01-17,Planning and Programming Committee,115928,,11,,,,,,,,0,0,CALL TO ORDER
2650,2024-01-17,Planning and Programming Committee,115929,,12,,,,,,,,0,0,ROLL CALL
2650,2024-01-17,Planning and Programming Committee,116206,,25,9860,2024-0005,Informational Report,,,,,0,0,RECEIVE General Public Comment
2650,2024-01-17,Planning and Programming Committee,116207,,26,,,,,,,,0,0,"Consideration of items not on the posted agenda, including: items to be presented and (if requested) referred to staff; items to be placed on the agenda for action at a future meeting of the Committee or Board; and/or items requiring immediate action because of an emergency situation or where the need to take immediate action came to the attention of the Committee subsequent to the posting of the agenda."
2650,2024-01-17,Planning and Programming Committee,116208,,27,,,,,,,,0,0,COMMENTS FROM THE PUBLIC ON ITEMS OF PUBLIC INTEREST WITHIN COMMITTEE’S SUBJECT MATTER JURISDICTION
2650,2024-01-17,Planning and Programming Committee,116209,,28,,,,,,,,0,0,Adjournment
2650,2024-01-17,Planning and Programming Committee,116210,,10,,,,,,,,0,0,
2650,2024-01-17,Planning and Programming Committee,116211,,9,,,,,,,,0,0,
2650,2024-01-17,Planning and Programming Committee,116212,,8,,,,,,,,0,0,"Written public comments must be received by 5PM the day before the meeting.
Please include the Item # in your comment and your position of “FOR,” “AGAINST,” ""GENERAL COMMENT,"" or ""ITEM NEEDS MORE CONSIDERATION.""
Email: BoardClerk@metro.net
Post Office Mail:
Board Administration
One Gateway Plaza
MS: 99-3-1
Los Angeles, CA 90012"
2650,2024-01-17,Planning and Programming Committee,116213,,7,,,,,,,,0,0,Written Public Comment Instruction:
2650,2024-01-17,Planning and Programming Committee,116214,,6,,,,,,,,0,0,Los comentarios del público se tomaran cuando se toma cada tema. Para dar un comentario público sobre una tema ingrese # 2 (Tecla de numero y dos) cuando se le solicite. Tenga en cuenta que la transmisión de video en vivo se retrasa unos 30 segundos con respecto a la reunión real. No hay retraso en la línea de acceso telefónico para comentarios públicos.
2650,2024-01-17,Planning and Programming Committee,116215,,5,,,,,,,,0,0,"Los comentarios publicos en vivo se pueden dar por telefono o en persona.

La Reunion de la Junta comienza a las 1:00 PM, hora del Pacifico, el 17 de Enero de 2023. Puedes unirte a la llamada 5 minutos antes del comienso de la junta.

Marque: 202-735-3323 y ingrese el codigo
Codigo de acceso en ingles: 5647249#
Codigo de acceso en espanol: 7292892#"
2650,2024-01-17,Planning and Programming Committee,116216,,4,,,,,,,,0,0,Instrucciones para comentarios publicos en vivo:
2650,2024-01-17,Planning and Programming Committee,116217,,3,,,,,,,,0,0,"Public comment will be taken as the Board takes up each item. To give public comment on an item, enter #2 (pound-two) when prompted. Please note that the live video feed lags about 30 seconds behind the actual meeting. There is no lag on the public comment dial-in line."
2650,2024-01-17,Planning and Programming Committee,116218,,2,,,,,,,,0,0,"Live public comment can be given by telephone or in-person.

The Committee Meeting begins at 1:00 PM Pacific Time on January 17, 2024; you may join the call 5 minutes prior to the start of the meeting.

Dial-in: 202-735-3323 and enter
English Access Code: 5647249#
Spanish Access Code: 7292892#"
2650,2024-01-17,Planning and Programming Committee,116219,,1,,,,,,,,0,0,Live Public Comment Instructions:
2650,2024-01-17,Planning and Programming Committee,117026,,13,,,,,,,,0,0,"APPROVE Consent Calendar Items: 9, 10, and 11. 

Consent Calendar items are approved by one motion unless held by a Director for discussion and/or separate action."
2650,2024-01-17,Planning and Programming Committee,117027,,18,,,,,,,,0,0,NON-CONSENT
2650,2024-01-17,Planning and Programming Committee,117028,11,17,9812,2023-0734,Program,,,,,0,0,"CONSIDER:

A.	REPROGRAMMING of project previously approved to meet environmental, design, right-of-way, and construction time frames in Measure M Multi-Year Subregional Program (MSP) Active Transportation, Transit, and Tech Program, as shown in Attachment A;

B.	APPROVING programming of an additional $11,500,000 within the capacity of Measure M MSP Highway Efficiency Program, as shown in Attachment B; and

C.	AUTHORIZING the Chief Executive Officer (CEO) or their designee to negotiate and "
2650,2024-01-17,Planning and Programming Committee,117029,9,15,9779,2023-0701,Contract,,,,,0,0,"AUTHORIZE the Chief Executive Officer (CEO) to execute a five-year, firm-fixed-price Contract No. PS104041-2000 to SP Plus Corporation for parking enforcement services in the amount of $6,446,435, subject to resolution of any properly submitted protest(s), if any."
2650,2024-01-17,Planning and Programming Committee,117030,10,16,9562,2023-0484,Program,,,,,0,0,"CONSIDER:

A.	APPROVING $23,898,269 in additional programming within the capacity of Measure R Multimodal Highway Subregional Programs and funding changes via the updated project list shown in Attachment A, projects within this Measure R Multimodal Highway Subregional Program are inclusive of traffic signal, pedestrian, bicycle, transit, and roadway improvements.

B.	APPROVING the deobligation of $1,200,000 in previously approved Measure R Multimodal Highway Subregional Program funds for re-"
2650,2024-01-17,Planning and Programming Committee,117031,,14,,,,,,,,0,0,CONSENT CALENDAR
2650,2024-01-17,Planning and Programming Committee,117032,,24,,,,,,,,0,0,
2650,2024-01-17,Planning and Programming Committee,117033,,23,,,,,,,,0,0,
2650,2024-01-17,Planning and Programming Committee,117034,,22,,,,,,,,0,0,
2650,2024-01-17,Planning and Programming Committee,117035,,21,,,,,,,,0,0,
2650,2024-01-17,Planning and Programming Committee,117036,13,20,9822,2023-0744,Informational Report,,,,,0,0,RECEIVE AND FILE Countywide Planning & Development Major Projects Status Report.
2650,2024-01-17,Planning and Programming Committee,117038,12,19,9528,2023-0450,Program,,,,,0,0,"CONSIDER:

A.	AWARDING $5 million to the Open and Slow Streets Grants Program Cycle Five to  fund 16  events scheduled through December 2025 (Attachment A); and

B.	REPROGRAMMING Cycle Four funds not expended by December 31, 2023, up to the amount of $500,000, towards Cycle Five (Attachment A), increasing the total available funding amount for Cycle Five to $5.5 million."
2651,2024-01-18,Construction Committee,116220,,12,,,,,,,,0,0,CALL TO ORDER
2651,2024-01-18,Construction Committee,116221,,13,,,,,,,,0,0,ROLL CALL
2651,2024-01-18,Construction Committee,116222,,14,,,,,,,,0,0,"APPROVE Consent Calendar Item: 14.

Consent Calendar items are approved by one motion unless held by a Director for discussion and/or separate action. "
2651,2024-01-18,Construction Committee,116444,,15,,,,,,,,0,0,CONSENT CALENDAR 
2651,2024-01-18,Construction Committee,116445,,21,9862,2024-0007,Informational Report,,,,,0,0,RECEIVE General Public Comment
2651,2024-01-18,Construction Committee,116446,,22,,,,,,,,0,0,"Consideration of items not on the posted agenda, including: items to be presented and (if requested) referred to staff; items to be placed on the agenda for action at a future meeting of the Committee or Board; and/or items requiring immediate action because of an emergency situation or where the need to take immediate action came to the attention of the Committee subsequent to the posting of the agenda."
2651,2024-01-18,Construction Committee,116447,,23,,,,,,,,0,0,COMMENTS FROM THE PUBLIC ON ITEMS OF PUBLIC INTEREST WITHIN COMMITTEE’S SUBJECT MATTER JURISDICTION
2651,2024-01-18,Construction Committee,116448,,24,,,,,,,,0,0,Adjournment
2651,2024-01-18,Construction Committee,116449,,11,,,,,,,,0,0,
2651,2024-01-18,Construction Committee,116450,,10,,,,,,,,0,0,page break
2651,2024-01-18,Construction Committee,116451,,9,,,,,,,,0,0,
2651,2024-01-18,Construction Committee,116452,,8,,,,,,,,0,0,"Written public comments must be received by 5PM the day before the meeting.
Please include the Item # in your comment and your position of “FOR,” “AGAINST,” ""GENERAL COMMENT,"" or ""ITEM NEEDS MORE CONSIDERATION.""
Email: BoardClerk@metro.net
Post Office Mail:
Board Administration
One Gateway Plaza
MS: 99-3-1
Los Angeles, CA 90012"
2651,2024-01-18,Construction Committee,116453,,7,,,,,,,,0,0,Written Public Comment Instruction:
2651,2024-01-18,Construction Committee,116454,,6,,,,,,,,0,0,Los comentarios del público se tomaran cuando se toma cada tema. Para dar un comentario público sobre una tema ingrese # 2 (Tecla de numero y dos) cuando se le solicite. Tenga en cuenta que la transmisión de video en vivo se retrasa unos 30 segundos con respecto a la reunión real. No hay retraso en la línea de acceso telefónico para comentarios públicos.
2651,2024-01-18,Construction Committee,116455,,5,,,,,,,,0,0,"Los comentarios publicos en vivo se pueden dar por telefono o en persona.

La Reunion de la Junta comienza a las 9:30 AM, hora del Pacifico, el 18 de Enero de 2024. Puedes unirte a la llamada 5 minutos antes del comienso de la junta.

Marque: 202-735-3323 y ingrese el codigo
Codigo de acceso en ingles: 5647249#
Codigo de acceso en espanol: 7292892#"
2651,2024-01-18,Construction Committee,116456,,4,,,,,,,,0,0,Instrucciones para comentarios publicos en vivo:
2651,2024-01-18,Construction Committee,116457,,3,,,,,,,,0,0,"Public comment will be taken as the Board takes up each item. To give public comment on an item, enter #2 (pound-two) when prompted. Please note that the live video feed lags about 30 seconds behind the actual meeting. There is no lag on the public comment dial-in line."
2651,2024-01-18,Construction Committee,116458,,2,,,,,,,,0,0,"Live public comment can be given by telephone or in-person.

The Committee Meeting begins at 9:30 AM Pacific Time on January 18, 2024; you may join the call 5 minutes prior to the start of the meeting.

Dial-in: 202-735-3323 and enter
English Access Code: 5647249#
Spanish Access Code: 7292892#"
2651,2024-01-18,Construction Committee,116459,,1,,,,,,,,0,0,Live Public Comment Instructions:
2651,2024-01-18,Construction Committee,117039,14,16,9809,2023-0731,Informational Report,,,,,0,0,RECEIVE AND FILE status update on the Project Labor Agreement and Construction Careers Policy programs through the quarter ending September 2023.
2651,2024-01-18,Construction Committee,117040,17,20,9832,2023-0754,Oral Report / Presentation,,,,,0,0,RECEIVE AND FILE the Program Management Major Project Status Report.
2651,2024-01-18,Construction Committee,117042,16,19,9803,2023-0725,Informational Report,,,,,0,0,"RECEIVE AND FILE Office of the Inspector General Construction Change Order Spot Check Report for the period September 1 to November 30, 2023."
2651,2024-01-18,Construction Committee,117043,,17,,,,,,,,0,0,NON-CONSENT
2651,2024-01-18,Construction Committee,117044,15,18,9828,2023-0750,Informational Report,,,,,0,0,RECEIVE AND FILE status report on Program Management Quarterly Change Report.
2652,2024-01-18,Executive Management Committee,116460,,10,,,,,,,,0,0,CALL TO ORDER
2652,2024-01-18,Executive Management Committee,116461,,11,,,,,,,,0,0,ROLL CALL
2652,2024-01-18,Executive Management Committee,116698,,24,9863,2024-0008,Informational Report,,,,,0,0,RECEIVE General Public Comment
2652,2024-01-18,Executive Management Committee,116699,,25,,,,,,,,0,0,"Consideration of items not on the posted agenda, including: items to be presented and (if requested) referred to staff; items to be placed on the agenda for action at a future meeting of the Committee or Board; and/or items requiring immediate action because of an emergency situation or where the need to take immediate action came to the attention of the Committee subsequent to the posting of the agenda."
2652,2024-01-18,Executive Management Committee,116700,,26,,,,,,,,0,0,COMMENTS FROM THE PUBLIC ON ITEMS OF PUBLIC INTEREST WITHIN COMMITTEE’S SUBJECT MATTER JURISDICTION
2652,2024-01-18,Executive Management Committee,116701,,27,,,,,,,,0,0,Adjournment
2652,2024-01-18,Executive Management Committee,116702,,8,,,,,,,,0,0,"Written public comments must be received by 5PM the day before the meeting.
Please include the Item # in your comment and your position of “FOR,” “AGAINST,” ""GENERAL COMMENT,"" or ""ITEM NEEDS MORE CONSIDERATION.""
Email: BoardClerk@metro.net
Post Office Mail:
Board Administration
One Gateway Plaza
MS: 99-3-1
Los Angeles, CA 90012"
2652,2024-01-18,Executive Management Committee,116703,,7,,,,,,,,0,0,Written Public Comment Instruction:
2652,2024-01-18,Executive Management Committee,116704,,6,,,,,,,,0,0,Los comentarios del público se tomaran cuando se toma cada tema. Para dar un comentario público sobre una tema ingrese # 2 (Tecla de numero y dos) cuando se le solicite. Tenga en cuenta que la transmisión de video en vivo se retrasa unos 30 segundos con respecto a la reunión real. No hay retraso en la línea de acceso telefónico para comentarios públicos.
2652,2024-01-18,Executive Management Committee,116705,,5,,,,,,,,0,0,"Los comentarios publicos en vivo se pueden dar por telefono o en persona.

La Reunion de la Junta comienza a las 11:00 AM, hora del Pacifico, el 18 de Enero de 2024. Puedes unirte a la llamada 5 minutos antes del comienso de la junta.

Marque: 202-735-3323 y ingrese el codigo
Codigo de acceso en ingles: 5647249#
Codigo de acceso en espanol: 7292892#"
2652,2024-01-18,Executive Management Committee,116706,,4,,,,,,,,0,0,Instrucciones para comentarios publicos en vivo:
2652,2024-01-18,Executive Management Committee,116707,,3,,,,,,,,0,0,"Public comment will be taken as the Board takes up each item. To give public comment on an item, enter #2 (pound-two) when prompted. Please note that the live video feed lags about 30 seconds behind the actual meeting. There is no lag on the public comment dial-in line."
2652,2024-01-18,Executive Management Committee,116708,,2,,,,,,,,0,0,"Live public comment can be given by telephone or in-person.

The Committee Meeting begins at 11:00 AM Pacific Time on January 18, 2024; you may join the call 5 minutes prior to the start of the meeting.

Dial-in: 202-735-3323 and enter
English Access Code: 5647249#
Spanish Access Code: 7292892#"
2652,2024-01-18,Executive Management Committee,116709,,1,,,,,,,,0,0,Live Public Comment Instructions:
2652,2024-01-18,Executive Management Committee,116710,,9,,,,,,,,0,0,page break
2652,2024-01-18,Executive Management Committee,117046,19,15,9785,2023-0707,Informational Report,,,,,0,0,RECEIVE AND FILE quarterly status report on the Community Advisory Council (CAC).
2652,2024-01-18,Executive Management Committee,117047,18,14,9592,2023-0514,Motion / Motion Response,,,,,0,0,RECEIVE AND FILE the annual update to the Board Administration 5-Year Strategic Plan (Attachment A).
2652,2024-01-18,Executive Management Committee,117048,,13,,,,,,,,0,0,CONSENT CALENDAR
2652,2024-01-18,Executive Management Committee,117049,,12,,,,,,,,0,0,"APPROVE Consent Calendar Items: 18 and 19.

Consent Calendar items are approved by one motion unless held by a Director for discussion and/or separate action."
2652,2024-01-18,Executive Management Committee,117053,21,19,9810,2023-0732,Oral Report / Presentation,,,,,0,0,RECEIVE oral report on Homeless Outreach Management & Engagement (HOME).
2652,2024-01-18,Executive Management Committee,117054,,18,,,,,,,,0,0,"(ALSO ON OPERATIONS, SAFETY, AND CUSTOMER EXPERIENCE COMMITTEE)"
2652,2024-01-18,Executive Management Committee,117055,20,17,9617,2023-0539,Informational Report,,,,,0,0,"RECEIVE AND FILE the status report on the next steps for implementing pilot intervention strategies to improve community health and safety at additional Metro stations, building on the recent improvements from Westlake/MacArthur Park Station."
2652,2024-01-18,Executive Management Committee,117056,24,22,9846,2023-0769,Informational Report,,,,,0,0,RECEIVE AND FILE January 2024 State and Federal Legislative Report.
2652,2024-01-18,Executive Management Committee,117057,,16,,,,,,,,0,0,NON-CONSENT
2652,2024-01-18,Executive Management Committee,117077,25,23,9667,2023-0589,Motion / Motion Response,,,,,0,0,RECEIVE and FILE the progress report on the 48 by ’28 8-point Plan and Certification Reciprocity.
2652,2024-01-18,Executive Management Committee,117168,22,20,9886,2024-0031,Motion / Motion Response,,,,,0,0,"APPROVE Motion by Directors Hahn, Solis, Horvath, Barger, Dutra and Sandoval that the Board direct the Chief Executive Officer to coordinate with the LA County Department of Mental Health, as well as applicable local jurisdictions, such as the City of Long Beach, in order to:

A.	Provide appropriate mental health training to frontline Metro staff and contractors, including resources, situational awareness information, and referral materials; and,

B.	Develop a way for Metro personnel to access i"
2652,2024-01-18,Executive Management Committee,117169,23,21,9885,2024-0030,Motion / Motion Response,,,,,0,0,"APPROVE Motion by Directors Hahn, Solis, and Dutra that the Board direct the Chief Executive Officer to plan for transportation and access for the future SELA Cultural Center, including:

A.	First-/last-mile efforts to be included in future plans for Gardendale Station, including any unique funding opportunities linked to transit and the arts; and,

B.	Multi-jurisdictional coordination to address future access to the SELA Cultural Center, including Metro, LA County Public Works, the Californ"
2653,2024-01-18,"Operations, Safety, and Customer Experience Committee",116711,,9,,,,,,,,0,0,CALL TO ORDER
2653,2024-01-18,"Operations, Safety, and Customer Experience Committee",116712,,10,,,,,,,,0,0,ROLL CALL
2653,2024-01-18,"Operations, Safety, and Customer Experience Committee",116713,,11,,,,,,,,0,0," APPROVE Consent Calendar Items: 26, 27, and 28.

Consent Calendar items are approved by one motion unless held by a Director for discussion and/or separate action."
2653,2024-01-18,"Operations, Safety, and Customer Experience Committee",116995,,28,9865,2024-0010,Informational Report,,,,,0,0,RECEIVE General Public Comment
2653,2024-01-18,"Operations, Safety, and Customer Experience Committee",116996,,29,,,,,,,,0,0,"Consideration of items not on the posted agenda, including: items to be presented and (if requested) referred to staff; items to be placed on the agenda for action at a future meeting of the Committee or Board; and/or items requiring immediate action because of an emergency situation or where the need to take immediate action came to the attention of the Committee subsequent to the posting of the agenda."
2653,2024-01-18,"Operations, Safety, and Customer Experience Committee",116997,,30,,,,,,,,0,0,COMMENTS FROM THE PUBLIC ON ITEMS OF PUBLIC INTEREST WITHIN COMMITTEE’S SUBJECT MATTER JURISDICTION
2653,2024-01-18,"Operations, Safety, and Customer Experience Committee",116998,,31,,,,,,,,0,0,Adjournment
2653,2024-01-18,"Operations, Safety, and Customer Experience Committee",116999,,8,,,,,,,,0,0,"Written public comments must be received by 5PM the day before the meeting.
Please include the Item # in your comment and your position of “FOR,” “AGAINST,” ""GENERAL COMMENT,"" or ""ITEM NEEDS MORE CONSIDERATION.""
Email: BoardClerk@metro.net
Post Office Mail:
Board Administration
One Gateway Plaza
MS: 99-3-1
Los Angeles, CA 90012"
2653,2024-01-18,"Operations, Safety, and Customer Experience Committee",117000,,7,,,,,,,,0,0,Written Public Comment Instruction:
2653,2024-01-18,"Operations, Safety, and Customer Experience Committee",117001,,6,,,,,,,,0,0,Los comentarios del público se tomaran cuando se toma cada tema. Para dar un comentario público sobre una tema ingrese # 2 (Tecla de numero y dos) cuando se le solicite. Tenga en cuenta que la transmisión de video en vivo se retrasa unos 30 segundos con respecto a la reunión real. No hay retraso en la línea de acceso telefónico para comentarios públicos.
2653,2024-01-18,"Operations, Safety, and Customer Experience Committee",117002,,5,,,,,,,,0,0,"Los comentarios publicos en vivo se pueden dar por telefono o en persona.

La Reunion de la Junta comienza a las 12:30 PM, hora del Pacifico, el 18 de Enero de 2024. Puedes unirte a la llamada 5 minutos antes del comienso de la junta.

Marque: 202-735-3323 y ingrese el codigo
Codigo de acceso en ingles: 5647249#
Codigo de acceso en espanol: 7292892#"
2653,2024-01-18,"Operations, Safety, and Customer Experience Committee",117003,,4,,,,,,,,0,0,Instrucciones para comentarios publicos en vivo:
2653,2024-01-18,"Operations, Safety, and Customer Experience Committee",117004,,3,,,,,,,,0,0,"Public comment will be taken as the Board takes up each item. To give public comment on an item, enter #2 (pound-two) when prompted. Please note that the live video feed lags about 30 seconds behind the actual meeting. There is no lag on the public comment dial-in line."
2653,2024-01-18,"Operations, Safety, and Customer Experience Committee",117005,,2,,,,,,,,0,0,"Live public comment can be given by telephone or in-person.

The Committee Meeting begins at 12:30 PM Pacific Time on January 18, 2024; you may join the call 5 minutes prior to the start of the meeting.

Dial-in: 202-735-3323 and enter
English Access Code: 5647249#
Spanish Access Code: 7292892#"
2653,2024-01-18,"Operations, Safety, and Customer Experience Committee",117006,,1,,,,,,,,0,0,Live Public Comment Instructions:
2653,2024-01-18,"Operations, Safety, and Customer Experience Committee",117058,,12,,,,,,,,0,0,CONSENT CALENDAR
2653,2024-01-18,"Operations, Safety, and Customer Experience Committee",117059,,27,,,,,,,,0,0,page break
2653,2024-01-18,"Operations, Safety, and Customer Experience Committee",117060,36,26,9820,2023-0742,Informational Report,,,,,0,0,RECEIVE AND FILE the Public Safety Report.
2653,2024-01-18,"Operations, Safety, and Customer Experience Committee",117061,35,25,9816,2023-0738,Contract,,,,,0,0,"AUTHORIZE the Chief Executive Officer to:

A.	AWARD Contract No. HR5000-2023 to the Hyundai Rotem Company for the manufacturing and delivery of 182 heavy rail vehicles (HRVs), in the amount of $663,688,303 for the base contract buy, exclusive of one (1) contract option for an additional 50 HRVs, totaling 232 HRVs, subject to resolution of the protest submitted to Metro;

B.	APPROVE a combined Life of Project (LOP) budget of $730,057,133, which includes the cost of the vehicle contract of $663,68"
2653,2024-01-18,"Operations, Safety, and Customer Experience Committee",117063,31,21,9807,2023-0729,Fare / Tariff / Service Change,,,,,0,0,"AUTHORIZE the Chief Executive Officer to:
 
A.	IMPLEMENT the approved base fare of $2.50 for Metro’s MicroTransit program, Metro Micro;

B.	INTEGRATE transfers with bus and rail services into the MicroTransit service; and

C.	INCORPORATE the Low Income Fare is Easy (LIFE) program and other Metro discount programs into the Metro Micro fare structure."
2653,2024-01-18,"Operations, Safety, and Customer Experience Committee",117064,34,24,9694,2023-0616,Contract,,,,,0,0,"AUTHORIZE the Chief Executive Officer to:

A.	AWARD a firm fixed price Contract No. PS102304000 to Lyft Bikes and Scooters, LLC for the Metro Bike Share (MBS) program for a base term of five years and five months in the amount of $62,933,262, and two separate, three-year options, for the mobilization, operation, maintenance, and expansion of the MBS program, in the amounts of $33,146,835 and $36,478,001, respectively, for a total contract amount of $132,558,098 effective February 1, 2024, to ini"
2653,2024-01-18,"Operations, Safety, and Customer Experience Committee",117065,,20,,,,,,,,0,0,(ALSO ON EXECUTIVE MANAGEMENT COMMITTEE) 
2653,2024-01-18,"Operations, Safety, and Customer Experience Committee",117066,20,19,9617,2023-0539,Informational Report,,,,,0,0,"RECEIVE AND FILE the status report on the next steps for implementing pilot intervention strategies to improve community health and safety at additional Metro stations, building on the recent improvements from Westlake/MacArthur Park Station."
2653,2024-01-18,"Operations, Safety, and Customer Experience Committee",117067,30,18,9784,2023-0706,Oral Report / Presentation,,,,,0,0,RECEIVE oral report on Operations.
2653,2024-01-18,"Operations, Safety, and Customer Experience Committee",117068,29,17,9783,2023-0705,Oral Report / Presentation,,,,,0,0,RECOGNIZE Operations Employees of the Month.
2653,2024-01-18,"Operations, Safety, and Customer Experience Committee",117069,,16,,,,,,,,0,0,NON-CONSENT
2653,2024-01-18,"Operations, Safety, and Customer Experience Committee",117070,28,15,9538,2023-0460,Contract,,,,,0,0,"AUTHORIZE the Chief Executive Officer (CEO) to execute Contract Modification No. 17 to BYD Coach & Bus, LLC, to perform the procurement and installation of four (4) 360kW depot chargers at Division 9 (D9) and the installation of four (4) 450kW Opportunity chargers at the El Monte Transit Center (EMTC) at a firm fixed price of $6,470,605, including tax and delivery."
2653,2024-01-18,"Operations, Safety, and Customer Experience Committee",117072,26,13,9815,2023-0737,Contract,,,,,0,0,"Authorize the Chief Executive Officer to award a five-year, firm fixed unit rate Contract No. PS106951000 to Fusion Media, the lowest cost responsive, responsible bidder for non-inventory paper products, in the not-to-exceed amount of $3,500,000 inclusive of sales tax, effective February 1, 2024, subject to the resolution of any properly submitted protest(s)."
2653,2024-01-18,"Operations, Safety, and Customer Experience Committee",117074,27,14,9780,2023-0702,Contract,,,,,0,0,"AUTHORIZE the Chief Executive Officer to award a firm fixed unit rate Contract No. OP496040008370 to Thrifty Tree Service, Inc., the lowest responsive and responsible bidder, to provide tree trimming maintenance services along the Metro G Line (Orange), in the not-to-exceed (NTE) amount of $1,415,000 for the three-year base period, and $914,500 for the one, two-year option, for a total combined NTE amount of $2,329,500, effective February 29, 2024, subject to the resolution of any properly submi"
2653,2024-01-18,"Operations, Safety, and Customer Experience Committee",117075,32,22,9798,2023-0720,Oral Report / Presentation,,,,,0,0,RECEIVE AND FILE quarterly status report on Metro’s Public Safety Advisory Committee (PSAC).
2653,2024-01-18,"Operations, Safety, and Customer Experience Committee",117076,33,23,9747,2023-0669,Informational Report,,,,,0,0,RECEIVE AND FILE an update on the Implementation Plan for the establishment of a Transit Community Public Safety Department (TCPSD).
2654,2024-02-14,"Finance, Budget and Audit Committee",117729,,9,,,,,,,,0,0,CALL TO ORDER
2654,2024-02-14,"Finance, Budget and Audit Committee",117730,,10,,,,,,,,0,0,ROLL CALL
2654,2024-02-14,"Finance, Budget and Audit Committee",117731,9,19,9910,2024-0055,Motion / Motion Response,,,,,0,0,RECEIVE AND FILE the progress report on the 48 by ’28 8-point Plan and Certification Reciprocity.
2654,2024-02-14,"Finance, Budget and Audit Committee",117946,,21,9929,2024-0074,Informational Report,,,,,0,0,RECEIVE General Public Comment
2654,2024-02-14,"Finance, Budget and Audit Committee",117948,,22,,,,,,,,0,0,"Consideration of items not on the posted agenda, including: items to be presented and (if requested) referred to staff; items to be placed on the agenda for action at a future meeting of the Committee or Board; and/or items requiring immediate action because of an emergency situation or where the need to take immediate action came to the attention of the Committee subsequent to the posting of the agenda."
2654,2024-02-14,"Finance, Budget and Audit Committee",117949,,23,,,,,,,,0,0,COMMENTS FROM THE PUBLIC ON ITEMS OF PUBLIC INTEREST WITHIN COMMITTEE’S SUBJECT MATTER JURISDICTION
2654,2024-02-14,"Finance, Budget and Audit Committee",117950,,24,,,,,,,,0,0,Adjournment
2654,2024-02-14,"Finance, Budget and Audit Committee",117951,,8,,,,,,,,0,0,"Written public comments must be received by 5PM the day before the meeting. 
Please include the Item # in your comment and your position of “FOR,” “AGAINST,” ""GENERAL COMMENT,"" or ""ITEM NEEDS MORE CONSIDERATION.""
Email: BoardClerk@metro.net
Post Office Mail:
Board Administration
One Gateway Plaza
MS: 99-3-1
Los Angeles, CA 90012"
2654,2024-02-14,"Finance, Budget and Audit Committee",117952,,7,,,,,,,,0,0,Written Public Comment Instruction:
2654,2024-02-14,"Finance, Budget and Audit Committee",117953,,6,,,,,,,,0,0,Los comentarios del público se tomaran cuando se toma cada tema. Para dar un comentario público sobre una tema ingrese # 2 (Tecla de numero y dos) cuando se le solicite. Tenga en cuenta que la transmisión de video en vivo se retrasa unos 30 segundos con respecto a la reunión real. No hay retraso en la línea de acceso telefónico para comentarios públicos.
2654,2024-02-14,"Finance, Budget and Audit Committee",117954,,5,,,,,,,,0,0,"Los comentarios publicos en vivo se pueden dar por telefono o en persona.

La Reunion de la Junta comienza a las 11:00 AM, hora del Pacifico, el 14 de Febrero de
2024. Puedes unirte a la llamada 5 minutos antes del comienso de la junta.

Marque: 202-735-3323 y ingrese el codigo
Codigo de acceso en ingles: 5647249#
Codigo de acceso en espanol: 7292892#"
2654,2024-02-14,"Finance, Budget and Audit Committee",117955,,4,,,,,,,,0,0,Instrucciones para comentarios publicos en vivo:
2654,2024-02-14,"Finance, Budget and Audit Committee",117956,,3,,,,,,,,0,0,"Public comment will be taken as the Board takes up each item. To give public
comment on an item, enter #2 (pound-two) when prompted. Please note that the
live video feed lags about 30 seconds behind the actual meeting. There is no lag
on the public comment dial-in line."
2654,2024-02-14,"Finance, Budget and Audit Committee",117957,,2,,,,,,,,0,0,"Live public comment can be given by telephone or in-person.

The Committee Meeting begins at 11:00 AM Pacific Time on February 14, 2024; you may join
the call 5 minutes prior to the start of the meeting.

Dial-in: 202-735-3323 and enter
English Access Code: 5647249#
Spanish Access Code: 7292892#"
2654,2024-02-14,"Finance, Budget and Audit Committee",117958,,1,,,,,,,,0,0,Live Public Comment Instructions:
2654,2024-02-14,"Finance, Budget and Audit Committee",118800,5,13,9879,2024-0024,Informational Report,,,,,0,0,RECEIVE AND FILE the Management Audit Services FY 2024 Second Quarter Report.
2654,2024-02-14,"Finance, Budget and Audit Committee",118801,,12,,,,,,,,0,0,CONSENT CALENDAR
2654,2024-02-14,"Finance, Budget and Audit Committee",118802,,11,,,,,,,,0,0,"APPROVE Consent Calendar Items: 5 and 6. 

Consent Calendar items are approved by one motion unless held by a Director for discussion and/or separate action. "
2654,2024-02-14,"Finance, Budget and Audit Committee",118803,,16,,,,,,,,0,0,NON-CONSENT
2654,2024-02-14,"Finance, Budget and Audit Committee",118804,6,14,9870,2024-0015,Contract,,,,,0,0,"AUTHORIZE the Chief Executive Officer (CEO) to: 

A.	AWARD a 36-month firm fixed price Contract No. PS100859000 to Deloitte Consulting, LLP for the acquisition and implementation of the Oracle Human Capital Management Cloud Suite application and software support services, in the amount of $13,919,723, subject to the resolution of any properly submitted protest(s), if any; 

B.	APPROVE Contract Modification Authority specific to Contract No. PS100859000 in the amount of $2,783,945, or 20% of "
2654,2024-02-14,"Finance, Budget and Audit Committee",118805,7,17,9818,2023-0740,Resolution,,,,,0,0,"ADOPT a Resolution (Attachment A) that authorizes the issuance and sale of up to $230 million in aggregate principal amount of the Proposition A First Tier Senior Sales Tax Revenue Refunding Bonds in one or more series, and taking all other actions necessary in connection with the issuance of the refunding bonds.

(REQUIRES SEPARATE, SIMPLE MAJORITY BOARD VOTE)"
2654,2024-02-14,"Finance, Budget and Audit Committee",118806,8,18,9878,2024-0023,Informational Report,,,,,0,0,RECEIVE AND FILE the Fiscal Year 2025 (FY25) Budget Development Status Update.
2654,2024-02-14,"Finance, Budget and Audit Committee",118828,,20,,,,,,,,0,0,(ALSO ON EXECUTIVE MANAGEMENT COMMITTEE)
2654,2024-02-14,"Finance, Budget and Audit Committee",118867,,15,,,,,,,,0,0,Page Break 
2655,2024-02-14,Planning and Programming Committee,117959,,10,,,,,,,,0,0,CALL TO ORDER
2655,2024-02-14,Planning and Programming Committee,117960,,11,,,,,,,,0,0,ROLL CALL
2655,2024-02-14,Planning and Programming Committee,117961,,19,,,,,,,,0,0, 
2655,2024-02-14,Planning and Programming Committee,118239,,20,9930,2024-0075,Informational Report,,,,,0,0,RECEIVE General Public Comment
2655,2024-02-14,Planning and Programming Committee,118241,,21,,,,,,,,0,0,"Consideration of items not on the posted agenda, including: items to be presented and (if requested) referred to staff; items to be placed on the agenda for action at a future meeting of the Committee or Board; and/or items requiring immediate action because of an emergency situation or where the need to take immediate action came to the attention of the Committee subsequent to the posting of the agenda."
2655,2024-02-14,Planning and Programming Committee,118242,,22,,,,,,,,0,0,COMMENTS FROM THE PUBLIC ON ITEMS OF PUBLIC INTEREST WITHIN COMMITTEE’S SUBJECT MATTER JURISDICTION
2655,2024-02-14,Planning and Programming Committee,118243,,23,,,,,,,,0,0,Adjournment
2655,2024-02-14,Planning and Programming Committee,118244,,7,,,,,,,,0,0,Los comentarios del público se tomaran cuando se toma cada tema. Para dar un comentario público sobre una tema ingrese # 2 (Tecla de numero y dos) cuando se le solicite. Tenga en cuenta que la transmisión de video en vivo se retrasa unos 30 segundos con respecto a la reunión real. No hay retraso en la línea de acceso telefónico para comentarios públicos.
2655,2024-02-14,Planning and Programming Committee,118245,,6,,,,,,,,0,0,"Los comentarios publicos en vivo se pueden dar por telefono o en persona.

La Reunion de la Junta comienza a las 1:00 PM, hora del Pacifico, el 14 de Febrero de 2024.
Puedes unirte a la llamada 5 minutos antes del comienso de la junta.

Marque: 202-735-3323 y ingrese el codigo
Codigo de acceso en ingles: 5647249#
Codigo de acceso en espanol: 7292892#"
2655,2024-02-14,Planning and Programming Committee,118246,,5,,,,,,,,0,0,Instrucciones para comentarios publicos en vivo:
2655,2024-02-14,Planning and Programming Committee,118249,,3,,,,,,,,0,0,"Live public comment can be given by telephone or in-person.

The Committee Meeting begins at 1:00 PM Pacific Time on February 14, 2024; you may join the call 5 minutes prior to the start of the meeting.

Dial-in: 202-735-3323 and enter
English Access Code: 5647249#
Spanish Access Code: 7292892#"
2655,2024-02-14,Planning and Programming Committee,118250,,2,,,,,,,,0,0,Live Public Comment Instructions:
2655,2024-02-14,Planning and Programming Committee,118251,,9,,,,,,,,0,0,"Written public comments must be received by 5PM the day before the meeting. 
Please include the Item # in your comment and your position of “FOR,” “AGAINST,” ""GENERAL COMMENT,"" or ""ITEM NEEDS MORE CONSIDERATION.""
Email: BoardClerk@metro.net
Post Office Mail:
Board Administration
One Gateway Plaza
MS: 99-3-1
Los Angeles, CA 90012"
2655,2024-02-14,Planning and Programming Committee,118252,,8,,,,,,,,0,0,Written Public Comment Instruction:
2655,2024-02-14,Planning and Programming Committee,118253,,4,,,,,,,,0,0,"Public comment will be taken as the Board takes up each item. To give public comment on an item, enter #2 (pound-two) when prompted. Please note that the live video feed lags about 30 seconds behind the actual meeting. There is no lag on the public comment dial-in line."
2655,2024-02-14,Planning and Programming Committee,118808,12,18,9821,2023-0743,Project,,,,,0,0,"CONSIDER:

A.	APPROVING the Los Angeles Aerial Rapid Transit Project (“Project”) with Design Option A pursuant to Public Utilities Code (PUC) section 130252;

B.	CERTIFYING, in accordance with the California Environmental Quality Act  (CEQA), the Final Environmental Impact Report (EIR) if the Board concludes that it satisfies the requirements of CEQA and reflects the Board’s independent judgment following CEQA Guidelines section 15090; 

C.	ADOPTING, in accordance with CEQA, the:

1.	Fin"
2655,2024-02-14,Planning and Programming Committee,118851,,1,,,,,,,,0,0,
2655,2024-02-14,Planning and Programming Committee,118961,11,16,9742,2023-0664,Oral Report / Presentation,,,,,0,0,RECEIVE the quarterly oral report on the status of Caltrans’ construction projects.
2655,2024-02-14,Planning and Programming Committee,118962,10,14,9847,2023-0770,Contract,,,,,0,0,"AUTHORIZE the Chief Executive Officer to:

A.	AWARD firm fixed price Contract No. PS109969000 to Metro Auto Parks for Union Station Parking Management Services in the amount of $9,889,702 for a five-year base period, with two, one-year options in the amounts of $2,295,428 and $2,426,518, respectively, for a total amount of $14,611,648, effective April 1, 2024, subject to resolution of any properly submitted protest(s), if any, and;

B.	EXECUTE individual contract modifications within the Boa"
2655,2024-02-14,Planning and Programming Committee,118963,,12,,,,,,,,0,0,APPROVE Consent Calendar Item: 10. 
2655,2024-02-14,Planning and Programming Committee,118965,,13,,,,,,,,0,0,CONSENT CALENDAR
2655,2024-02-14,Planning and Programming Committee,118966,,15,,,,,,,,0,0,NON-CONSENT
2655,2024-02-14,Planning and Programming Committee,118967,,17,,,,,,,,0,0,page break
2656,2024-02-15,Construction Committee,118254,,10,,,,,,,,0,0,CALL TO ORDER
2656,2024-02-15,Construction Committee,118255,,11,,,,,,,,0,0,ROLL CALL
2656,2024-02-15,Construction Committee,118256,,14,,,,,,,,0,0, 
2656,2024-02-15,Construction Committee,118485,,16,,,,,,,,0,0,"Consideration of items not on the posted agenda, including: items to be presented and (if requested) referred to staff; items to be placed on the agenda for action at a future meeting of the Committee or Board; and/or items requiring immediate action because of an emergency situation or where the need to take immediate action came to the attention of the Committee subsequent to the posting of the agenda."
2656,2024-02-15,Construction Committee,118486,,17,,,,,,,,0,0,COMMENTS FROM THE PUBLIC ON ITEMS OF PUBLIC INTEREST WITHIN COMMITTEE’S SUBJECT MATTER JURISDICTION
2656,2024-02-15,Construction Committee,118487,,18,,,,,,,,0,0,Adjournment
2656,2024-02-15,Construction Committee,118488,,8,,,,,,,,0,0,"Written public comments must be received by 5PM the day before the meeting.
Please include the Item # in your comment and your position of “FOR,” “AGAINST,” ""GENERAL COMMENT,"" or ""ITEM NEEDS MORE CONSIDERATION.""
Email: BoardClerk@metro.net
Post Office Mail:
Board Administration
One Gateway Plaza
MS: 99-3-1
Los Angeles, CA 90012"
2656,2024-02-15,Construction Committee,118489,,7,,,,,,,,0,0,Written Public Comment Instruction:
2656,2024-02-15,Construction Committee,118490,,6,,,,,,,,0,0,Los comentarios del público se tomaran cuando se toma cada tema. Para dar un comentario público sobre una tema ingrese # 2 (Tecla de numero y dos) cuando se le solicite. Tenga en cuenta que la transmisión de video en vivo se retrasa unos 30 segundos con respecto a la reunión real. No hay retraso en la línea de acceso telefónico para comentarios públicos.
2656,2024-02-15,Construction Committee,118491,,5,,,,,,,,0,0,"Los comentarios publicos en vivo se pueden dar por telefono o en persona.

La Reunion de la Junta comienza a las 9:30 AM, hora del Pacifico, el 15 de Febrero de 2024. Puedes unirte a la llamada 5 minutos antes del comienso de la junta.

Marque: 202-735-3323 y ingrese el codigo
Codigo de acceso en ingles: 5647249#
Codigo de acceso en espanol: 7292892#"
2656,2024-02-15,Construction Committee,118492,,4,,,,,,,,0,0,Instrucciones para comentarios publicos en vivo:
2656,2024-02-15,Construction Committee,118493,,3,,,,,,,,0,0,"Public comment will be taken as the Board takes up each item. To give public comment on an item, enter #2 (pound-two) when prompted. Please note that the live video feed lags about 30 seconds behind the actual meeting. There is no lag on the public comment dial-in line."
2656,2024-02-15,Construction Committee,118494,,2,,,,,,,,0,0,"Live public comment can be given by telephone or in-person.

The Committee Meeting begins at 9:30 AM Pacific Time on February 15, 2024; you may join the call 5 minutes prior to the start of the meeting.

Dial-in: 202-735-3323 and enter
English Access Code: 5647249#
Spanish Access Code: 7292892#"
2656,2024-02-15,Construction Committee,118495,,1,,,,,,,,0,0,Live Public Comment Instructions:
2656,2024-02-15,Construction Committee,118799,,9,,,,,,,,0,0,Page Break
2656,2024-02-15,Construction Committee,118826,,12,,,,,,,,0,0,
2656,2024-02-15,Construction Committee,118827,11,13,9742,2023-0664,Oral Report / Presentation,,,,,0,0,RECEIVE the quarterly oral report on the status of Caltrans’ construction projects.
2657,2024-02-15,Executive Management Committee,117474,,9,,,,,,,,0,0,CALL TO ORDER
2657,2024-02-15,Executive Management Committee,117475,,10,,,,,,,,0,0,ROLL CALL
2657,2024-02-15,Executive Management Committee,117717,,21,9932,2024-0077,Informational Report,,,,,0,0,RECEIVE General Public Comment
2657,2024-02-15,Executive Management Committee,117719,,22,,,,,,,,0,0,"Consideration of items not on the posted agenda, including: items to be presented and (if requested) referred to staff; items to be placed on the agenda for action at a future meeting of the Committee or Board; and/or items requiring immediate action because of an emergency situation or where the need to take immediate action came to the attention of the Committee subsequent to the posting of the agenda."
2657,2024-02-15,Executive Management Committee,117720,,23,,,,,,,,0,0,COMMENTS FROM THE PUBLIC ON ITEMS OF PUBLIC INTEREST WITHIN COMMITTEE’S SUBJECT MATTER JURISDICTION
2657,2024-02-15,Executive Management Committee,117721,,24,,,,,,,,0,0,Adjournment
2657,2024-02-15,Executive Management Committee,117722,,7,,,,,,,,0,0,Written Public Comment Instruction:
2657,2024-02-15,Executive Management Committee,117723,,6,,,,,,,,0,0,Los comentarios del público se tomaran cuando se toma cada tema. Para dar un comentario público sobre una tema ingrese # 2 (Tecla de numero y dos) cuando se le solicite. Tenga en cuenta que la transmisión de video en vivo se retrasa unos 30 segundos con respecto a la reunión real. No hay retraso en la línea de acceso telefónico para comentarios públicos.
2657,2024-02-15,Executive Management Committee,117724,,5,,,,,,,,0,0,"Los comentarios publicos en vivo se pueden dar por telefono o en persona.

La Reunion de la Junta comienza a las 11:00 AM, hora del Pacifico, el 15 de Febrero de 2024. Puedes unirte a la llamada 5 minutos antes del comienso de la junta.

Marque: 202-735-3323 y ingrese el codigo
Codigo de acceso en ingles: 5647249#
Codigo de acceso en espanol: 7292892#"
2657,2024-02-15,Executive Management Committee,117725,,4,,,,,,,,0,0,Instrucciones para comentarios publicos en vivo:
2657,2024-02-15,Executive Management Committee,117726,,3,,,,,,,,0,0,"Public comment will be taken as the Board takes up each item. To give public comment on an item, enter #2 (pound-two) when prompted. Please note that the live video feed lags about 30 seconds behind the actual meeting. There is no lag on the public comment dial-in line."
2657,2024-02-15,Executive Management Committee,117727,,2,,,,,,,,0,0,"Live public comment can be given by telephone or in-person.

The Committee Meeting begins at 11:00 AM Pacific Time on February 15, 2024; you may join the call 5 minutes prior to the start of the meeting.

Dial-in: 202-735-3323 and enter
English Access Code: 5647249#
Spanish Access Code: 7292892#"
2657,2024-02-15,Executive Management Committee,117728,,1,,,,,,,,0,0,Live Public Comment Instructions:
2657,2024-02-15,Executive Management Committee,118496,,8,,,,,,,,0,0,"Written public comments must be received by 5PM the day before the meeting.
Please include the Item # in your comment and your position of “FOR,” “AGAINST,” ""GENERAL
COMMENT,"" or ""ITEM NEEDS MORE CONSIDERATION.""
Email: BoardClerk@metro.net
Post Office Mail:
Board Administration
One Gateway Plaza
MS: 99-3-1
Los Angeles, CA 90012"
2657,2024-02-15,Executive Management Committee,118829,,16,,,,,,,,0,0,"(ALSO ON FINANCE, BUDGET, & AUDIT COMMITTEE)"
2657,2024-02-15,Executive Management Committee,118830,9,15,9910,2024-0055,Motion / Motion Response,,,,,0,0,RECEIVE AND FILE the progress report on the 48 by ’28 8-point Plan and Certification Reciprocity.
2657,2024-02-15,Executive Management Committee,118831,13,13,9869,2024-0014,Contract,,,,,0,0,"AUTHORIZE the Chief Executive Officer to execute a five-year, firm-fixed unit rate Contract No. PS110623000 to Canon Solutions America, Inc. to provide copy center equipment and services in a not-to-exceed amount of $1,917,720, effective March 1, 2024, subject to the resolution of protest(s), if any."
2657,2024-02-15,Executive Management Committee,118832,,12,,,,,,,,0,0,CONSENT CALENDAR
2657,2024-02-15,Executive Management Committee,118833,,11,,,,,,,,0,0,"APPROVE Consent Calendar Item: 13. 

Consent Calendar items are approved by one motion unless held by a Director for discussion
and/or separate action."
2657,2024-02-15,Executive Management Committee,118835,16,20,9938,2024-0083,Oral Report / Presentation,,,,,0,0,"RECEIVE oral report on the MCP Manufacturing Careers Policy application and enforcement of the new HR5000 contract.contract enforcement requirements on Rolling Stock contracts.Rolling Stock contracts. 

ISSUE
At the January 2024 Board Meeting, Director Solis requested a report back on the application and enforcement of the MCP on the HR5000 contract."
2657,2024-02-15,Executive Management Committee,118836,14,17,9907,2024-0052,Informational Report,,,,,0,0,RECEIVE AND FILE February 2024 State and Federal Legislative Report.
2657,2024-02-15,Executive Management Committee,118863,,14,,,,,,,,0,0,NON-CONSENT
2657,2024-02-15,Executive Management Committee,118869,,18,,,,,,,,0,0,Page Break
2657,2024-02-15,Executive Management Committee,118968,15,19,9813,2023-0735,Contract,,,,,0,0,"AUTHORIZE the Chief Executive Officer (CEO) to award a cost-plus fixed fee contract, Contract No. AE107133000, for a period of 5 years, with two, 5-year options, to WSP USA, Inc., for Program Management Support Services (PMSS) for the Slauson/A Line to Pioneer segment of the Southeast Gateway Line Project (formerly referred to as the West Santa Ana Branch Transit Corridor) in an amount not to exceed $99,999,105, subject to the resolution of any properly submitted protest(s), if any."
2658,2024-02-15,"Operations, Safety, and Customer Experience Committee",118497,,9,,,,,,,,0,0,CALL TO ORDER
2658,2024-02-15,"Operations, Safety, and Customer Experience Committee",118498,,10,,,,,,,,0,0,ROLL CALL
2658,2024-02-15,"Operations, Safety, and Customer Experience Committee",118786,,24,9933,2024-0078,Informational Report,,,,,0,0,RECEIVE General Public Comment
2658,2024-02-15,"Operations, Safety, and Customer Experience Committee",118788,,25,,,,,,,,0,0,"Consideration of items not on the posted agenda, including: items to be presented and (if requested) referred to staff; items to be placed on the agenda for action at a future meeting of the Committee or Board; and/or items requiring immediate action because of an emergency situation or where the need to take immediate action came to the attention of the Committee subsequent to the posting of the agenda."
2658,2024-02-15,"Operations, Safety, and Customer Experience Committee",118789,,26,,,,,,,,0,0,COMMENTS FROM THE PUBLIC ON ITEMS OF PUBLIC INTEREST WITHIN COMMITTEE’S SUBJECT MATTER JURISDICTION
2658,2024-02-15,"Operations, Safety, and Customer Experience Committee",118790,,27,,,,,,,,0,0,Adjournment
2658,2024-02-15,"Operations, Safety, and Customer Experience Committee",118791,,8,,,,,,,,0,0,"Written public comments must be received by 5PM the day before the meeting.
Please include the Item # in your comment and your position of “FOR,” “AGAINST,” ""GENERAL
COMMENT,"" or ""ITEM NEEDS MORE CONSIDERATION.""
Email: BoardClerk@metro.net
Post Office Mail:
Board Administration
One Gateway Plaza
MS: 99-3-1
Los Angeles, CA 90012"
2658,2024-02-15,"Operations, Safety, and Customer Experience Committee",118792,,7,,,,,,,,0,0,Written Public Comment Instruction:
2658,2024-02-15,"Operations, Safety, and Customer Experience Committee",118793,,6,,,,,,,,0,0,Los comentarios del público se tomaran cuando se toma cada tema. Para dar un comentario público sobre una tema ingrese # 2 (Tecla de numero y dos) cuando se le solicite. Tenga en cuenta que la transmisión de video en vivo se retrasa unos 30 segundos con respecto a la reunión real. No hay retraso en la línea de acceso telefónico para comentarios públicos.
2658,2024-02-15,"Operations, Safety, and Customer Experience Committee",118794,,5,,,,,,,,0,0,"Los comentarios publicos en vivo se pueden dar por telefono o en persona.

La Reunion de la Junta comienza a las 12:30 PM, hora del Pacifico, el 15 de Febrero de 2024. Puedes unirte a la llamada 5 minutos antes del comienso de la junta.

Marque: 202-735-3323 y ingrese el codigo
Codigo de acceso en ingles: 5647249#
Codigo de acceso en espanol: 7292892#"
2658,2024-02-15,"Operations, Safety, and Customer Experience Committee",118795,,4,,,,,,,,0,0,Instrucciones para comentarios publicos en vivo:
2658,2024-02-15,"Operations, Safety, and Customer Experience Committee",118796,,3,,,,,,,,0,0,"Public comment will be taken as the Board takes up each item. To give public comment on an item, enter #2(pound-two) when prompted. Please note that the live video feed lags about 30 seconds behind the actual meeting. There is no lag on the public comment dial-in line."
2658,2024-02-15,"Operations, Safety, and Customer Experience Committee",118797,,2,,,,,,,,0,0,"Live public comment can be given by telephone or in-person.

The Committee Meeting begins at 12:30 PM Pacific Time on February 15, 2024; you may join the call 5 minutes prior to the start of the meeting.

Dial-in: 202-735-3323 and enter
English Access Code: 5647249#
Spanish Access Code: 7292892#"
2658,2024-02-15,"Operations, Safety, and Customer Experience Committee",118798,,1,,,,,,,,0,0,Live Public Comment Instructions:
2658,2024-02-15,"Operations, Safety, and Customer Experience Committee",118837,25,23,9875,2024-0020,Informational Report,,,,,0,0,RECEIVE AND FILE the Public Safety Report.
2658,2024-02-15,"Operations, Safety, and Customer Experience Committee",118838,24,22,9830,2023-0752,Informational Report,,,,,0,0,RECEIVE oral report on Operations.
2658,2024-02-15,"Operations, Safety, and Customer Experience Committee",118839,23,21,9831,2023-0753,Informational Report,,,,,0,0,RECOGNIZE Operations Employees of the Month.
2658,2024-02-15,"Operations, Safety, and Customer Experience Committee",118840,,20,,,,,,,,0,0,NON-CONSENT
2658,2024-02-15,"Operations, Safety, and Customer Experience Committee",118841,22,19,9573,2023-0495,Contract,,,,,0,0,"CONSIDER:

A.	AUTHORIZING the Chief Executive Officer to award a fixed price contract, Contract No. A650-2022 to Woojin IS America for the refurbishment of 74 heavy rail vehicles (HRVs), in the amount of $213,587,543 for 70 base HRVs ($201,221,103), and exercise one contract option for an additional 4 HRVs ($12,366,440), totaling 74 HRVs; subject to the resolution of any properly submitted protest(s); and

B.	APPROVING the Life of Project (LOP) budget of $264,662,611.20."
2658,2024-02-15,"Operations, Safety, and Customer Experience Committee",118842,21,18,9904,2024-0049,Informational Report,,,,,0,0,APPROVE nominee for membership on Metro’s San Gabriel Valley Service Council.
2658,2024-02-15,"Operations, Safety, and Customer Experience Committee",118843,20,17,9835,2023-0758,Contract,,,,,0,0,"CONSIDER:

A.	AUTHORIZING the Chief Executive Officer to award a 24-month indefinite quantity/indefinite delivery Contract No MA101202000 to Saft America Inc. for the purchase of 235 P3010 Battery Kits for a not-to-exceed amount of $3,513,278 subject to the resolution of any properly submitted protest(s), if any; and

B.	FINDING that there is only a single source of procurement for the item(s) set forth in Recommendation A above and that the purchase is for the sole purpose of duplicating or rep"
2658,2024-02-15,"Operations, Safety, and Customer Experience Committee",118844,19,16,9826,2023-0748,Budget,,,,,0,0,"ESTABLISH a Life of Project (LOP) Budget of $19,000,000 for the Metro B, D, A Lines, and Division 20 Fire Alarm and Suppression System Project."
2658,2024-02-15,"Operations, Safety, and Customer Experience Committee",118845,18,14,9814,2023-0736,Contract,,,,,0,0,"AUTHORIZE the Chief Executive Officer to award a firm fixed price contract under IFB No. DR113478 with Elite Auto Network, the lowest responsive and responsible bidder for 21 Toyota bZ4X Electric Vehicles (EV) Crossovers for a total of $1,305,792.28 inclusive of sales tax, subject to the resolution of any properly submitted protest(s), if any."
2658,2024-02-15,"Operations, Safety, and Customer Experience Committee",118846,17,13,9697,2023-0619,Contract,,,,,0,0,"AUTHORIZE the Chief Executive Officer to:

A.	AWARD a seven-year firm fixed price Contract No. PS100159000 to HNTB Corporation in the amount of $23,987,498 for consultant support services for ExpressLanes Operations and Planning, subject to resolution of any properly submitted protest(s) if any, and; 

B.	EXECUTE individual contract modifications within the Board approved contract modification authority."
2658,2024-02-15,"Operations, Safety, and Customer Experience Committee",118847,,12,,,,,,,,0,0,CONSENT CALENDAR
2658,2024-02-15,"Operations, Safety, and Customer Experience Committee",118848,,11,,,,,,,,0,0,"APPROVE Consent Calendar Items: 17, 18, 19, 20, 21, and 22. 

Consent Calendar items are approved by one motion unless held by a Director for discussion
and/or separate action."
2658,2024-02-15,"Operations, Safety, and Customer Experience Committee",118969,,15,,,,,,,,0,0,page break
2659,2024-03-20,"Finance, Budget and Audit Committee",121062,,9,,,,,,,,0,0,CALL TO ORDER
2659,2024-03-20,"Finance, Budget and Audit Committee",121063,,10,,,,,,,,0,0,ROLL CALL
2659,2024-03-20,"Finance, Budget and Audit Committee",121284,,24,,,,,,,,0,0, 
2659,2024-03-20,"Finance, Budget and Audit Committee",121285,,25,9995,2024-0140,Informational Report,,,,,0,0,RECEIVE General Public Comment
2659,2024-03-20,"Finance, Budget and Audit Committee",121286,,26,,,,,,,,0,0,"Consideration of items not on the posted agenda, including: items to be presented and (if requested) referred to staff; items to be placed on the agenda for action at a future meeting of the Committee or Board; and/or items requiring immediate action because of an emergency situation or where the need to take immediate action came to the attention of the Committee subsequent to the posting of the agenda."
2659,2024-03-20,"Finance, Budget and Audit Committee",121287,,27,,,,,,,,0,0,COMMENTS FROM THE PUBLIC ON ITEMS OF PUBLIC INTEREST WITHIN COMMITTEE’S SUBJECT MATTER JURISDICTION
2659,2024-03-20,"Finance, Budget and Audit Committee",121288,,28,,,,,,,,0,0,Adjournment
2659,2024-03-20,"Finance, Budget and Audit Committee",121289,,8,,,,,,,,0,0,"Written public comments must be received by 5PM the day before the meeting.
Please include the Item # in your comment and your position of “FOR,” “AGAINST,” ""GENERAL COMMENT,"" or ""ITEM NEEDS MORE CONSIDERATION.""
Email: BoardClerk@metro.net
Post Office Mail:
Board Administration
One Gateway Plaza
MS: 99-3-1
Los Angeles, CA 90012"
2659,2024-03-20,"Finance, Budget and Audit Committee",121290,,7,,,,,,,,0,0,Written Public Comment Instruction:
2659,2024-03-20,"Finance, Budget and Audit Committee",121291,,6,,,,,,,,0,0,Los comentarios del público se tomaran cuando se toma cada tema. Para dar un comentario público sobre una tema ingrese # 2 (Tecla de numero y dos) cuando se le solicite. Tenga en cuenta que la transmisión de video en vivo se retrasa unos 30 segundos con respecto a la reunión real. No hay retraso en la línea de acceso telefónico para comentarios públicos.
2659,2024-03-20,"Finance, Budget and Audit Committee",121292,,1,,,,,,,,0,0,Live Public Comment Instructions:
2659,2024-03-20,"Finance, Budget and Audit Committee",121293,,5,,,,,,,,0,0,"Los comentarios publicos en vivo se pueden dar por telefono o en persona.

La Reunion de la Junta comienza a las 11:00 AM, hora del Pacifico, el 20 de Marzo de 2024. Puedes unirte a la llamada 5 minutos antes del comienso de la junta.

Marque: 202-735-3323 y ingrese el codigo
Codigo de acceso en ingles: 5647249#
Codigo de acceso en espanol: 7292892#"
2659,2024-03-20,"Finance, Budget and Audit Committee",121294,,4,,,,,,,,0,0,Instrucciones para comentarios publicos en vivo:
2659,2024-03-20,"Finance, Budget and Audit Committee",121295,,3,,,,,,,,0,0,"Public comment will be taken as the Board takes up each item. To give public comment on an item, enter #2 (pound-two) when prompted. Please note that the live video feed lags about 30 seconds behind the actual meeting. There is no lag on the public comment dial-in line."
2659,2024-03-20,"Finance, Budget and Audit Committee",121296,,2,,,,,,,,0,0,"Live public comment can be given by telephone or in-person.

The Committee Meeting begins at 11:00 AM Pacific Time on March 20, 2024; you may join the call 5 minutes prior to the start of the meeting.

Dial-in: 202-735-3323 and enter
English Access Code: 5647249#
Spanish Access Code: 7292892#"
2659,2024-03-20,"Finance, Budget and Audit Committee",122510,,23,,,,,,,,0,0,
2659,2024-03-20,"Finance, Budget and Audit Committee",122511,8,14,9902,2024-0047,Contract,,,,,0,0,"AUTHORIZE the Chief Executive Officer to execute Modification No. 2 to Contract No. PS61721000 with Lien On Me, Inc. for workers’ compensation medical bill review services in the amount of $242,303, increasing the not-to-exceed amount of the four-year base term from $2,834,674 to $3,076,977, and exercise the first two-year option in the amount of $2,083,248, revising the total contract amount from $3,076,977 to $5,160,225 and extending the period of performance from July 1, 2024, to June 30, 202"
2659,2024-03-20,"Finance, Budget and Audit Committee",122512,,17,,,,,,,,0,0,NON-CONSENT
2659,2024-03-20,"Finance, Budget and Audit Committee",122513,,16,,,,,,,,0,0,page break
2659,2024-03-20,"Finance, Budget and Audit Committee",122514,,13,,,,,,,,0,0,CONSENT-CALENDAR
2659,2024-03-20,"Finance, Budget and Audit Committee",122515,,12,,,,,,,,0,0,"APPROVE Consent Calendar Items: 8 and 9.

Consent Calendar items are approved by one motion unless held by a Director for discussion and/or separate action."
2659,2024-03-20,"Finance, Budget and Audit Committee",122516,,11,,,,,,,,0,0,
2659,2024-03-20,"Finance, Budget and Audit Committee",122517,,22,,,,,,,,0,0,
2659,2024-03-20,"Finance, Budget and Audit Committee",122518,9,15,10019,2024-0164,Agreement,,,,,0,0,"AUTHORIZE the Chief Executive Officer (CEO) or their designee, to execute a 33-month license agreement commencing on April 1, 2024, with the County of Los Angeles (“County”) for a portion of real property located on parcels numbered (APN) 2350-013-920 and 2350-013-922 (“Property”) at a rate of $24,485 per month for a total license amount of $808,005 (“License”)."
2659,2024-03-20,"Finance, Budget and Audit Committee",122519,11,19,9965,2024-0110,Informational Report,,,,,0,0,"RECEIVE AND FILE the Los Angeles County Metropolitan Transportation Authority’s (Metro) basic financial statements and component financial statement audits completed by Crowe LLP (Crowe) as of and for the fiscal year ended June 30, 2023."
2659,2024-03-20,"Finance, Budget and Audit Committee",122520,10,18,9936,2024-0081,Policy,,,,,0,0,"CONSIDER:

A.	ADOPTING the Investment Policy in Attachment A; 

B.	APPROVING the Financial Institutions Resolution authorizing financial institutions to honor signatures of LACMTA Officials in Attachment B; and

C.	DELEGATING to the Treasurer or his/her designees, the authority to invest funds for a one-year period, pursuant to California Government Code (“Code”) Section 53607."
2659,2024-03-20,"Finance, Budget and Audit Committee",122521,12,21,9935,2024-0080,Budget,,,,,0,0,RECEIVE AND FILE the Fiscal Year 2025 (FY25) Budget Development Status Update.
2659,2024-03-20,"Finance, Budget and Audit Committee",122621,,20,,,,,,,,0,0,page break
2660,2024-03-20,Planning and Programming Committee,121297,,9,,,,,,,,0,0,CALL TO ORDER
2660,2024-03-20,Planning and Programming Committee,121298,,10,,,,,,,,0,0,ROLL CALL
2660,2024-03-20,Planning and Programming Committee,121581,,26,,,,,,,,0,0, 
2660,2024-03-20,Planning and Programming Committee,121582,,27,9996,2024-0141,Informational Report,,,,,0,0,RECEIVE General Public Comment
2660,2024-03-20,Planning and Programming Committee,121583,,28,,,,,,,,0,0,"Consideration of items not on the posted agenda, including: items to be presented and (if requested) referred to staff; items to be placed on the agenda for action at a future meeting of the Committee or Board; and/or items requiring immediate action because of an emergency situation or where the need to take immediate action came to the attention of the Committee subsequent to the posting of the agenda."
2660,2024-03-20,Planning and Programming Committee,121584,,29,,,,,,,,0,0,COMMENTS FROM THE PUBLIC ON ITEMS OF PUBLIC INTEREST WITHIN COMMITTEE’S SUBJECT MATTER JURISDICTION
2660,2024-03-20,Planning and Programming Committee,121585,,30,,,,,,,,0,0,Adjournment
2660,2024-03-20,Planning and Programming Committee,121586,,8,,,,,,,,0,0,"Written public comments must be received by 5PM the day before the meeting.
Please include the Item # in your comment and your position of “FOR,” “AGAINST,” ""GENERAL COMMENT,"" or ""ITEM NEEDS MORE CONSIDERATION.""
Email: BoardClerk@metro.net
Post Office Mail:
Board Administration
One Gateway Plaza
MS: 99-3-1
Los Angeles, CA 90012"
2660,2024-03-20,Planning and Programming Committee,121587,,7,,,,,,,,0,0,Written Public Comment Instruction:
2660,2024-03-20,Planning and Programming Committee,121588,,6,,,,,,,,0,0,Los comentarios del público se tomaran cuando se toma cada tema. Para dar un comentario público sobre una tema ingrese # 2 (Tecla de numero y dos) cuando se le solicite. Tenga en cuenta que la transmisión de video en vivo se retrasa unos 30 segundos con respecto a la reunión real. No hay retraso en la línea de acceso telefónico para comentarios públicos.
2660,2024-03-20,Planning and Programming Committee,121589,,5,,,,,,,,0,0,"Los comentarios publicos en vivo se pueden dar por telefono o en persona.

La Reunion de la Junta comienza a las 1:00 PM, hora del Pacifico, el 20 de Marzo de 2024. Puedes unirte a la llamada 5 minutos antes del comienso de la junta.

Marque: 202-735-3323 y ingrese el codigo
Codigo de acceso en ingles: 5647249#
Codigo de acceso en espanol: 7292892#"
2660,2024-03-20,Planning and Programming Committee,121590,,4,,,,,,,,0,0,Instrucciones para comentarios publicos en vivo:
2660,2024-03-20,Planning and Programming Committee,121591,,3,,,,,,,,0,0,"Public comment will be taken as the Board takes up each item. To give public comment on an item, enter #2 (pound-two) when prompted. Please note that the live video feed lags about 30 seconds behind the actual meeting. There is no lag on the public comment dial-in line."
2660,2024-03-20,Planning and Programming Committee,121592,,2,,,,,,,,0,0,"Live public comment can be given by telephone or in-person.

The Committee Meeting begins at 1:00 PM Pacific Time on March 20, 2024; you may join the call 5 minutes prior to the start of the meeting.

Dial-in: 202-735-3323 and enter
English Access Code: 5647249#
Spanish Access Code: 7292892#"
2660,2024-03-20,Planning and Programming Committee,121593,,1,,,,,,,,0,0,Live Public Comment Instructions:
2660,2024-03-20,Planning and Programming Committee,122522,17,20,9925,2024-0070,Agreement,,,,,0,0,AUTHORIZE the Chief Executive Officer (CEO) or their designee to submit to SCAG the project prioritization and funding recommendations for Los Angeles County for CMAQ/STBG/CRP funding (Attachment A).
2660,2024-03-20,Planning and Programming Committee,122523,16,19,9890,2024-0035,Project,,,,,0,0,"CONSIDER:

A.	AUTHORIZING the Chief Executive Officer, or designee, to execute and enter into a joint development agreement (“JDA”), ground lease (“Ground Lease”), and other related documents with Chavez Fickett, L.P. (“Developer”), an affiliate of Abode Communities, for the construction and operation of a mixed-use, affordable housing project (“Project”) on approximately 68,100 square feet (1.56-acres) of Metro-owned property located at the corner of Cesar E. Chavez Avenue and Fickett Street in"
2660,2024-03-20,Planning and Programming Committee,122524,14,14,9884,2024-0029,Resolution,,,,,0,0,ADOPT the resolution for the 2025 Los Angeles County Transportation Improvement Program as shown in Attachment A.
2660,2024-03-20,Planning and Programming Committee,122525,,16,,,,,,,,0,0,NON-CONSENT
2660,2024-03-20,Planning and Programming Committee,122526,,15,,,,,,,,0,0,
2660,2024-03-20,Planning and Programming Committee,122527,,12,,,,,,,,0,0,CONSENT CALENDAR
2660,2024-03-20,Planning and Programming Committee,122528,,11,,,,,,,,0,0,"APPROVE Consent Calendar Items: 13 and 14.

Consent Calendar items are approved by one motion unless held by a Director for discussion and/or separate action."
2660,2024-03-20,Planning and Programming Committee,122529,15,17,9829,2023-0751,Contract,,,,,0,0,"CONSIDER:

A.	APPROVING the creation of a bench of qualified developers eligible to respond to Requests for Proposals (RFP) for the joint development of the “10K Sites” to be in effect for three years, with the option to extend for two additional one-year periods for up to five years total (Attachment A); 

B.	APPROVING the Summary of Key Terms and Conditions (Attachment B) for 10K Sites' Exclusive Negotiation Agreements (ENAs); and

C.	DELEGATING authority to the Chief Executive Officer, or the"
2660,2024-03-20,Planning and Programming Committee,122531,13,13,9378,2023-0300,Agreement,,,,,0,0,"CONSIDER:

A.	AUTHORIZING the Chief Executive Officer, or their designee, to execute a 30-year development agreement with the City of El Monte (“City”) and AllVision (“AV”) to construct, own, and operate a digital billboard on Metro property adjacent to Division 9 at 3449 Santa Anita Avenue, El Monte (“Project”) (Attachment A);

B.	CONSIDERING, in accordance with the California Environmental Quality Act (CEQA), the environmental effects of the Project as shown in the Mitigated Negative Declarati"
2660,2024-03-20,Planning and Programming Committee,122592,18,22,9845,2023-0768,Contract,,,,,0,0,"CONSIDER:

A.	AUTHORIZING the Chief Executive Officer to award a firm fixed price Contract No. PS109347-2000 to Pacific Coast Regional Small Business Development Corporation (PCR) to serve as the fund administrator for Metro’s Business Interruption Fund (BIF) in the amount of $5,168,773 for the three-year base term, with two, one-year options in the amounts of $1,699,722 and $1,761,758 respectively, for a total amount of $8,630,253, subject to the resolution of any properly submitted protest(s"
2660,2024-03-20,Planning and Programming Committee,122593,,23,,,,,,,,0,0,(ALSO ON CONSTRUCTION COMMITTEE)
2660,2024-03-20,Planning and Programming Committee,122622,,18,,,,,,,,0,0,page break
2660,2024-03-20,Planning and Programming Committee,122623,,21,,,,,,,,0,0,page break
2660,2024-03-20,Planning and Programming Committee,122644,19,24,9964,2024-0109,Program,,,,,0,0,"CONSIDER:

A.	 RECEIVING AND FILING the Final 2023 Disparity Study Report; and

B.	AUTHORIZING the Chief Executive Officer (CEO) to develop a three-year pilot Micro Small Business Program and certification designation."
2660,2024-03-20,Planning and Programming Committee,122645,,25,,,,,,,,0,0,(ALSO ON EXECUTIVE MANAGEMENT COMMITTEE)
2661,2024-03-21,Construction Committee,121594,,10,,,,,,,,0,0,CALL TO ORDER
2661,2024-03-21,Construction Committee,121595,,11,,,,,,,,0,0,ROLL CALL
2661,2024-03-21,Construction Committee,121824,,21,,,,,,,,0,0, 
2661,2024-03-21,Construction Committee,121825,,22,9998,2024-0143,Informational Report,,,,,0,0,RECEIVE General Public Comment
2661,2024-03-21,Construction Committee,121826,,23,,,,,,,,0,0,"Consideration of items not on the posted agenda, including: items to be presented and (if requested) referred to staff; items to be placed on the agenda for action at a future meeting of the Committee or Board; and/or items requiring immediate action because of an emergency situation or where the need to take immediate action came to the attention of the Committee subsequent to the posting of the agenda."
2661,2024-03-21,Construction Committee,121827,,24,,,,,,,,0,0,COMMENTS FROM THE PUBLIC ON ITEMS OF PUBLIC INTEREST WITHIN COMMITTEE’S SUBJECT MATTER JURISDICTION
2661,2024-03-21,Construction Committee,121828,,25,,,,,,,,0,0,Adjournment
2661,2024-03-21,Construction Committee,121829,,8,,,,,,,,0,0,"Written public comments must be received by 5PM the day before the meeting.
Please include the Item # in your comment and your position of “FOR,” “AGAINST,” ""GENERAL COMMENT,"" or ""ITEM NEEDS MORE CONSIDERATION.""
Email: BoardClerk@metro.net
Post Office Mail:
Board Administration
One Gateway Plaza
MS: 99-3-1
Los Angeles, CA 90012"
2661,2024-03-21,Construction Committee,121830,,7,,,,,,,,0,0,Written Public Comment Instruction:
2661,2024-03-21,Construction Committee,121831,,6,,,,,,,,0,0,Los comentarios del público se tomaran cuando se toma cada tema. Para dar un comentario público sobre una tema ingrese # 2 (Tecla de numero y dos) cuando se le solicite. Tenga en cuenta que la transmisión de video en vivo se retrasa unos 30 segundos con respecto a la reunión real. No hay retraso en la línea de acceso telefónico para comentarios públicos.
2661,2024-03-21,Construction Committee,121832,,5,,,,,,,,0,0,"Los comentarios publicos en vivo se pueden dar por telefono o en persona.

La Reunion de la Junta comienza a las 9:30 AM, hora del Pacifico, el 21 de Marzo de 2024. Puedes unirte a la llamada 5 minutos antes del comienso de la junta.

Marque: 202-735-3323 y ingrese el codigo
Codigo de acceso en ingles: 5647249#
Codigo de acceso en espanol: 7292892#"
2661,2024-03-21,Construction Committee,121833,,4,,,,,,,,0,0,Instrucciones para comentarios publicos en vivo:
2661,2024-03-21,Construction Committee,121834,,3,,,,,,,,0,0,"Public comment will be taken as the Board takes up each item. To give public comment on an item, enter #2 (pound-two) when prompted. Please note that the live video feed lags about 30 seconds behind the actual meeting. There is no lag on the public comment dial-in line."
2661,2024-03-21,Construction Committee,121835,,2,,,,,,,,0,0,"Live public comment can be given by telephone or in-person.

The Committee Meeting begins at 9:30 AM Pacific Time on March 21, 2024; you may join the call 5 minutes prior to the start of the meeting.

Dial-in: 202-735-3323 and enter
English Access Code: 5647249#
Spanish Access Code: 7292892#"
2661,2024-03-21,Construction Committee,121836,,1,,,,,,,,0,0,Live Public Comment Instructions:
2661,2024-03-21,Construction Committee,122533,22,20,9989,2024-0134,Oral Report / Presentation,,,,,0,0,RECEIVE AND FILE the Program Management Major Project Status Report.
2661,2024-03-21,Construction Committee,122534,,16,,,,,,,,0,0,NON-CONSENT
2661,2024-03-21,Construction Committee,122535,,15,,,,,,,,0,0,
2661,2024-03-21,Construction Committee,122536,21,19,9864,2024-0009,Informational Report,,,,,0,0,"A.	RECEIVE AND FILE status report on the 2023 Construction Market Analysis.

B.	MOTION by Director Krekorian that the Board direct the Chief Executive Officer to implement the goals contained in the Construction Market Analysis and to report back quarterly on how to make achieving the goals more successful as well as adopting meaningful measures to facilitate and expand certification of SBEs/DBEs and increase utilization by general contractors to achieve goals."
2661,2024-03-21,Construction Committee,122537,18,17,9845,2023-0768,Contract,,,,,0,0,"CONSIDER:

A.	AUTHORIZING the Chief Executive Officer to award a firm fixed price Contract No. PS109347-2000 to Pacific Coast Regional Small Business Development Corporation (PCR) to serve as the fund administrator for Metro’s Business Interruption Fund (BIF) in the amount of $5,168,773 for the three-year base term, with two, one-year options in the amounts of $1,699,722 and $1,761,758 respectively, for a total amount of $8,630,253, subject to the resolution of any properly submitted protest(s"
2661,2024-03-21,Construction Committee,122538,20,14,9824,2023-0746,Contract,,,,,0,0,"AUTHORIZE the Chief Executive Officer to:

A.	AWARD task order-based Contract No. AE10769700000 for Program Management Support Services (PMSS) to Ramos Consulting Services, Inc., in the amount of $38,699,165 for a five-year base period and $7,603,641 for two, one-year options for a total of seven years at a maximum contract value of $46,302,806 subject to resolution of protest(s), if any; and

B.	EXECUTE individual Contract Modifications within the CEO’s Board approved authority."
2661,2024-03-21,Construction Committee,122540,,13,,,,,,,,0,0,CONSENT CALENDAR
2661,2024-03-21,Construction Committee,122541,,12,,,,,,,,0,0,"APPROVE Consent Calendar Item: 20.

Consent Calendar items are approved by one motion unless held by a Director for discussion and/or separate action."
2661,2024-03-21,Construction Committee,122591,,18,,,,,,,,0,0,(ALSO ON PLANNING AND PROGRAMMING COMMITTEE)
2661,2024-03-21,Construction Committee,122614,,9,,,,,,,,0,0,page break
2662,2024-03-21,Executive Management Committee,121837,,10,,,,,,,,0,0,CALL TO ORDER
2662,2024-03-21,Executive Management Committee,121838,,11,,,,,,,,0,0,ROLL CALL
2662,2024-03-21,Executive Management Committee,122086,,20,,,,,,,,0,0, page break
2662,2024-03-21,Executive Management Committee,122087,,21,9999,2024-0144,Informational Report,,,,,0,0,RECEIVE General Public Comment
2662,2024-03-21,Executive Management Committee,122088,,22,,,,,,,,0,0,"Consideration of items not on the posted agenda, including: items to be presented and (if requested) referred to staff; items to be placed on the agenda for action at a future meeting of the Committee or Board; and/or items requiring immediate action because of an emergency situation or where the need to take immediate action came to the attention of the Committee subsequent to the posting of the agenda."
2662,2024-03-21,Executive Management Committee,122089,,23,,,,,,,,0,0,COMMENTS FROM THE PUBLIC ON ITEMS OF PUBLIC INTEREST WITHIN COMMITTEE’S SUBJECT MATTER JURISDICTION
2662,2024-03-21,Executive Management Committee,122090,,24,,,,,,,,0,0,Adjournment
2662,2024-03-21,Executive Management Committee,122091,,8,,,,,,,,0,0,"Written public comments must be received by 5PM the day before the meeting.
Please include the Item # in your comment and your position of “FOR,” “AGAINST,” ""GENERAL COMMENT,"" or ""ITEM NEEDS MORE CONSIDERATION.""
Email: BoardClerk@metro.net
Post Office Mail:
Board Administration
One Gateway Plaza
MS: 99-3-1
Los Angeles, CA 90012"
2662,2024-03-21,Executive Management Committee,122092,,7,,,,,,,,0,0,Written Public Comment Instruction:
2662,2024-03-21,Executive Management Committee,122093,,6,,,,,,,,0,0,Los comentarios del público se tomaran cuando se toma cada tema. Para dar un comentario público sobre una tema ingrese # 2 (Tecla de numero y dos) cuando se le solicite. Tenga en cuenta que la transmisión de video en vivo se retrasa unos 30 segundos con respecto a la reunión real. No hay retraso en la línea de acceso telefónico para comentarios públicos.
2662,2024-03-21,Executive Management Committee,122094,,5,,,,,,,,0,0,"Los comentarios publicos en vivo se pueden dar por telefono o en persona.

La Reunion de la Junta comienza a las 11:00 AM, hora del Pacifico, el 21 de Marzo de 2024. Puedes unirte a la llamada 5 minutos antes del comienso de la junta.

Marque: 202-735-3323 y ingrese el codigo
Codigo de acceso en ingles: 5647249#
Codigo de acceso en espanol: 7292892#"
2662,2024-03-21,Executive Management Committee,122095,,4,,,,,,,,0,0,Instrucciones para comentarios publicos en vivo:
2662,2024-03-21,Executive Management Committee,122096,,3,,,,,,,,0,0,"Public comment will be taken as the Board takes up each item. To give public comment on an item, enter #2 (pound-two) when prompted. Please note that the live video feed lags about 30 seconds behind the actual meeting. There is no lag on the public comment dial-in line."
2662,2024-03-21,Executive Management Committee,122097,,2,,,,,,,,0,0,"Live public comment can be given by telephone or in-person.

The Committee Meeting begins at 11:00 AM Pacific Time on March 21, 2024; you may join the call 5 minutes prior to the start of the meeting.

Dial-in: 202-735-3323 and enter
English Access Code: 5647249#
Spanish Access Code: 7292892#"
2662,2024-03-21,Executive Management Committee,122098,,1,,,,,,,,0,0,Live Public Comment Instructions:
2662,2024-03-21,Executive Management Committee,122542,19,18,9964,2024-0109,Program,,,,,0,0,"CONSIDER:

A.	 RECEIVING AND FILING the Final 2023 Disparity Study Report; and

B.	AUTHORIZING the Chief Executive Officer (CEO) to develop a three-year pilot Micro Small Business Program and certification designation."
2662,2024-03-21,Executive Management Committee,122544,,16,,,,,,,,0,0,NON-CONSENT
2662,2024-03-21,Executive Management Committee,122545,,15,,,,,,,,0,0,
2662,2024-03-21,Executive Management Committee,122546,23,14,9945,2024-0090,Contract,,,,,0,0,"APPROVE a long-term advertising purchase, up to 12 months, at Culver City Station from Max (formerly HBO), generating $616,000 estimated net revenue for Metro. This is not a title sponsorship and will not affect Culver City Station’s title nor the adjacent private property’s title, Ivy Station."
2662,2024-03-21,Executive Management Committee,122547,24,17,9992,2024-0137,Informational Report,,,,,0,0,RECEIVE AND FILE March 2024 State and Federal Legislative Report.
2662,2024-03-21,Executive Management Committee,122548,,13,,,,,,,,0,0,CONSENT-CALENDAR
2662,2024-03-21,Executive Management Committee,122549,,12,,,,,,,,0,0,"APPROVE Consent Calendar Item: 23.

Consent Calendar items are approved by one motion unless held by a Director for discussion and/or separate action."
2662,2024-03-21,Executive Management Committee,122615,,9,,,,,,,,0,0,page break
2662,2024-03-21,Executive Management Committee,122646,,19,,,,,,,,0,0,(ALSO ON PLANNING AND PROGRAMMING COMMITTEE)
2663,2024-03-21,"Operations, Safety, and Customer Experience Committee",122099,,9,,,,,,,,0,0,CALL TO ORDER
2663,2024-03-21,"Operations, Safety, and Customer Experience Committee",122100,,10,,,,,,,,0,0,ROLL CALL
2663,2024-03-21,"Operations, Safety, and Customer Experience Committee",122400,,35,10000,2024-0145,Informational Report,,,,,0,0,RECEIVE General Public Comment
2663,2024-03-21,"Operations, Safety, and Customer Experience Committee",122401,,36,,,,,,,,0,0,"Consideration of items not on the posted agenda, including: items to be presented and (if requested) referred to staff; items to be placed on the agenda for action at a future meeting of the Committee or Board; and/or items requiring immediate action because of an emergency situation or where the need to take immediate action came to the attention of the Committee subsequent to the posting of the agenda."
2663,2024-03-21,"Operations, Safety, and Customer Experience Committee",122402,,37,,,,,,,,0,0,COMMENTS FROM THE PUBLIC ON ITEMS OF PUBLIC INTEREST WITHIN COMMITTEE’S SUBJECT MATTER JURISDICTION
2663,2024-03-21,"Operations, Safety, and Customer Experience Committee",122403,,38,,,,,,,,0,0,Adjournment
2663,2024-03-21,"Operations, Safety, and Customer Experience Committee",122404,,8,,,,,,,,0,0,"Written public comments must be received by 5PM the day before the meeting.
Please include the Item # in your comment and your position of “FOR,” “AGAINST,” ""GENERAL COMMENT,"" or ""ITEM NEEDS MORE CONSIDERATION.""
Email: BoardClerk@metro.net
Post Office Mail:
Board Administration
One Gateway Plaza
MS: 99-3-1
Los Angeles, CA 90012"
2663,2024-03-21,"Operations, Safety, and Customer Experience Committee",122405,,7,,,,,,,,0,0,Written Public Comment Instruction:
2663,2024-03-21,"Operations, Safety, and Customer Experience Committee",122406,,6,,,,,,,,0,0,"Los comentarios del público se tomaran cuando se toma cada tema. Para dar un comentario público sobre una tema ingrese # 2 (Tecla de numero y dos) cuando se le solicite. Tenga en cuenta que la transmisión de video en vivo se retrasa unos 30 segundos con respecto a la reunión real. No hay retraso en la línea de acceso telefónico para comentarios públicos.
"
2663,2024-03-21,"Operations, Safety, and Customer Experience Committee",122407,,5,,,,,,,,0,0,"Los comentarios publicos en vivo se pueden dar por telefono o en persona.

La Reunion de la Junta comienza a las 12:30 PM, hora del Pacifico, el 21 de Marzo de 2024. Puedes unirte a la llamada 5 minutos antes del comienso de la junta.

Marque: 202-735-3323 y ingrese el codigo
Codigo de acceso en ingles: 5647249#
Codigo de acceso en espanol: 7292892#"
2663,2024-03-21,"Operations, Safety, and Customer Experience Committee",122408,,4,,,,,,,,0,0,Instrucciones para comentarios publicos en vivo:
2663,2024-03-21,"Operations, Safety, and Customer Experience Committee",122409,,3,,,,,,,,0,0,"Public comment will be taken as the Board takes up each item. To give public comment on an item, enter #2(pound-two) when prompted. Please note that the live video feed lags about 30 seconds behind the actual meeting. There is no lag on the public comment dial-in line."
2663,2024-03-21,"Operations, Safety, and Customer Experience Committee",122410,,2,,,,,,,,0,0,"Live public comment can be given by telephone or in-person.

The Committee Meeting begins at 12:30 PM Pacific Time on March 21, 2024; you may join the call 5 minutes prior to the start of the meeting.

Dial-in: 202-735-3323 and enter
English Access Code: 5647249#
Spanish Access Code: 7292892#"
2663,2024-03-21,"Operations, Safety, and Customer Experience Committee",122411,,1,,,,,,,,0,0,Live Public Comment Instructions:
2663,2024-03-21,"Operations, Safety, and Customer Experience Committee",122461,,34,,,,,,,,0,0,
2663,2024-03-21,"Operations, Safety, and Customer Experience Committee",122550,33,24,9948,2024-0093,Contract,,,,,0,0,"AUTHORIZE the Chief Executive Officer to award a firm fixed unit rate Contract No. PS112527000 to Total Administrative Services Corporation (TASC) to support the centralization of the management and administration of the Family Medical Leave Act and the California Family Rights Act (FMLA, CFRA or collectively, “FMLA/CFRA”) in the not-to-exceed (NTE) amount of $1,959,320 for the four-year base term, with two, two-year options in the amount of $996,160 for each option, for a total NTE amount of $3"
2663,2024-03-21,"Operations, Safety, and Customer Experience Committee",122551,38,33,9944,2024-0089,Informational Report,,,,,0,0,RECEIVE AND FILE the Public Safety Report.
2663,2024-03-21,"Operations, Safety, and Customer Experience Committee",122552,36,29,9923,2024-0068,Informational Report,,,,,0,0,RECEIVE oral report on Operations.
2663,2024-03-21,"Operations, Safety, and Customer Experience Committee",122553,35,28,9922,2024-0067,Informational Report,,,,,0,0,RECOGNIZE Operations Employees of the Month.
2663,2024-03-21,"Operations, Safety, and Customer Experience Committee",122554,37,31,9881,2024-0026,Contract,,,,,0,0,"AUTHORIZE the Chief Executive Officer (CEO) to: 

A.	EXECUTE Modification No. 6 to Contract No. OP73960000 with CLEAN ENERGY RENEWABLE FUELS, LLC. to increase the contract value by $20,204,040 from $56,048,630 to $76,252,670 and extend the contract performance end date by seventeen months from July 31, 2024, to December 31, 2025, to provide renewable natural gas to five bus operating divisions;

B.	EXECUTE Modification No. 4 to Contract No. OP59812000A with CLEAN ENERGY RENEWABLE FUELS to increa"
2663,2024-03-21,"Operations, Safety, and Customer Experience Committee",122555,27,15,9873,2024-0018,Contract,,,,,0,0,"AUTHORIZE the Chief Executive Officer to execute Modification No. 1 to Contract No. DR81105000 with Baatz Enterprises Inc. DBA Tow Industries, to increase the contract value by $733,836.74 from $3,922,757.26 to $4,656,594.00, inclusive of sales tax."
2663,2024-03-21,"Operations, Safety, and Customer Experience Committee",122558,26,14,9842,2023-0765,Contract,,,,,0,0,"CONSIDER:

A.	AUTHORIZING the Chief Executive Officer to award a non-competitive 36-month firm fixed price Contract No. PS108917000 to Giro, Inc./LE Groupe En Informatique Et Recherche Operatioannelle (Giro, Inc.) for the HASTUS v2024 fleet schedule software upgrade and optional software enhancements in the amount of $3,445,049, and; 

B.	FINDING that there is only a single source of procurement for the item(s) set forth in recommendation A above and that the purchase is for the sole purpose of "
2663,2024-03-21,"Operations, Safety, and Customer Experience Committee",122559,25,13,9572,2023-0494,Contract,,,,,0,0,"AUTHORIZE the Chief Executive Officer to: 

A.	AWARD Contract No. PS11758001 with Hatch Associates Consultants, Inc.  for Element A, Consultant for Heavy Rail Vehicle Acquisition, Technical Support Services, in the not-to-exceed amount of $23,072,507.51, for a period of 87 months from issuance of a Notice to Proceed, subject to the resolution of any protest(s), if any;

B.	AWARD Contract No. PS11758002with AtkinsRealis USA Inc. for Element B, Consultant for Heavy Rail Vehicle Acquisition, Progra"
2663,2024-03-21,"Operations, Safety, and Customer Experience Committee",122560,,27,,,,,,,,0,0,NON-CONSENT
2663,2024-03-21,"Operations, Safety, and Customer Experience Committee",122561,,26,,,,,,,,0,0,
2663,2024-03-21,"Operations, Safety, and Customer Experience Committee",122562,,12,,,,,,,,0,0,CONSENT CALENDAR
2663,2024-03-21,"Operations, Safety, and Customer Experience Committee",122563,,11,,,,,,,,0,0,"APPROVE Consent Calendar Items: 25, 26, 27, 28, 29, 30, 31, 32, 33, and 34.

Consent Calendar items are approved by one motion unless held by a Director for discussion and/or separate action."
2663,2024-03-21,"Operations, Safety, and Customer Experience Committee",122564,32,22,9915,2024-0060,Contract,,,,,0,0,"AUTHORIZE the Chief Executive Officer to:

A.	AWARD a firm fixed unit rate Contract No. OP1107840018370 to Mitsubishi Electric US Inc. (MEUS) to provide comprehensive preventative maintenance services, inspections, and repairs of elevators, escalators, and their associated systems and equipment throughout Metro facilities excluding the Metro Gateway Headquarters Building.  The Contract not-to-exceed (NTE) amount is $142,352,031 for the five-year base period, and $57,349,950 for the one, two-year"
2663,2024-03-21,"Operations, Safety, and Customer Experience Committee",122565,31,21,9914,2024-0059,Contract,,,,,0,0,"AUTHORIZE the Chief Executive Officer to award a firm fixed unit rate Contract No. OP1066318370000 to Joe’s Sweeping, Inc. dba Nationwide Environmental Services, to provide systemwide power sweeping services in the not-to-exceed (NTE) amount of $7,162,050 for the three-year base period and $2,588,620 for each of the two, one-year options, for a total NTE amount of $12,339,290, effective June 1, 2024."
2663,2024-03-21,"Operations, Safety, and Customer Experience Committee",122567,30,19,9891,2024-0036,Contract,,,,,0,0,"AUTHORIZE the Chief Executive Officer to execute:

A.	Contract Modification No. 2 to Contract No. PS76258000 with Southland Transit, Inc. to operate an additional two fixed route bus lines in the North Region of Los Angeles County, specifically Metro Bus Lines 96 and 218, in the amount of $18,701,950, increasing the total not-to-exceed five-year base term from $90,032,724 to $108,734,674;

B.	Contract Modification No. 2 to Contract No. PS76258001 with MV Transportation, Inc. to operate an additi"
2663,2024-03-21,"Operations, Safety, and Customer Experience Committee",122568,29,18,9888,2024-0033,Contract,,,,,0,0,"AUTHORIZE the Chief Executive Officer to award Contract No. DR119508, to Global Electric, for 96,839 linear feet of contact wire to support the C Line OCS Replacement Project for a firm fixed price of $1,052,646.22, inclusive of sales tax, subject to resolution of any properly submitted protest(s), if any."
2663,2024-03-21,"Operations, Safety, and Customer Experience Committee",122569,28,16,9887,2024-0032,Contract,,,,,0,0,"AUTHORIZE the Chief Executive Officer to award a firm fixed price contract, Contract No.  MA105918000, to Mac Products, Inc. for 232 Spring Tension Assembly units and onsite installation support for the C Line OCS System Overhaul Project for a firm fixed price of $3,121,820.86, inclusive of sales tax, subject to the resolution of any properly submitted protest(s), if any."
2663,2024-03-21,"Operations, Safety, and Customer Experience Committee",122570,34,25,9877,2024-0022,Informational Report,,,,,0,0,"AUTHORIZE the Chief Executive Officer to execute Modification No. 5 to Contract No. PS88001001 with Strive Well-Being to continue to provide Transit Ambassador Pilot Program services in the amount of $7,200,000, increasing the current three-year base not-to-exceed contract value from $16,403,235 to $23,603,235."
2663,2024-03-21,"Operations, Safety, and Customer Experience Committee",122630,,17,,,,,,,,0,0,page break
2663,2024-03-21,"Operations, Safety, and Customer Experience Committee",122631,,20,,,,,,,,0,0,page break
2663,2024-03-21,"Operations, Safety, and Customer Experience Committee",122632,,23,,,,,,,,0,0,page break
2663,2024-03-21,"Operations, Safety, and Customer Experience Committee",122633,,32,,,,,,,,0,0,page break
2663,2024-03-21,"Operations, Safety, and Customer Experience Committee",122651,,30,,,,,,,,0,0,page break
2664,2024-04-17,"Finance, Budget and Audit Committee",119000,,9,,,,,,,,0,0,CALL TO ORDER
2664,2024-04-17,"Finance, Budget and Audit Committee",119001,,10,,,,,,,,0,0,ROLL CALL
2664,2024-04-17,"Finance, Budget and Audit Committee",119223,,22,10077,2024-0222,Informational Report,,,,,0,0,RECEIVE General Public Comment
2664,2024-04-17,"Finance, Budget and Audit Committee",119224,,23,,,,,,,,0,0,"Consideration of items not on the posted agenda, including: items to be presented and (if requested) referred to staff; items to be placed on the agenda for action at a future meeting of the Committee or Board; and/or items requiring immediate action because of an emergency situation or where the need to take immediate action came to the attention of the Committee subsequent to the posting of the agenda."
2664,2024-04-17,"Finance, Budget and Audit Committee",119225,,24,,,,,,,,0,0,COMMENTS FROM THE PUBLIC ON ITEMS OF PUBLIC INTEREST WITHIN COMMITTEE’S SUBJECT MATTER JURISDICTION
2664,2024-04-17,"Finance, Budget and Audit Committee",119226,,25,,,,,,,,0,0,Adjournment
2664,2024-04-17,"Finance, Budget and Audit Committee",119227,,8,,,,,,,,0,0,"Written public comments must be received by 5PM the day before the meeting.
Please include the Item # in your comment and your position of “FOR,” “AGAINST,” ""GENERAL COMMENT,"" or ""ITEM NEEDS MORE CONSIDERATION.""
Email: BoardClerk@metro.net
Post Office Mail:
Board Administration
One Gateway Plaza
MS: 99-3-1
Los Angeles, CA 90012"
2664,2024-04-17,"Finance, Budget and Audit Committee",119228,,7,,,,,,,,0,0,Written Public Comment Instruction:
2664,2024-04-17,"Finance, Budget and Audit Committee",119229,,6,,,,,,,,0,0,Los comentarios del público se tomaran cuando se toma cada tema. Para dar un comentario público sobre una tema ingrese # 2 (Tecla de numero y dos) cuando se le solicite. Tenga en cuenta que la transmisión de video en vivo se retrasa unos 30 segundos con respecto a la reunión real. No hay retraso en la línea de acceso telefónico para comentarios públicos.
2664,2024-04-17,"Finance, Budget and Audit Committee",119230,,5,,,,,,,,0,0,"Los comentarios publicos en vivo se pueden dar por telefono o en persona.

La Reunion de la Junta comienza a las 11:00 AM, hora del Pacifico, el 17 de Abril de 2024. Puedes unirte a la llamada 5 minutos antes del comienso de la junta.

Marque: 202-735-3323 y ingrese el codigo
Codigo de acceso en ingles: 5647249#
Codigo de acceso en espanol: 7292892#"
2664,2024-04-17,"Finance, Budget and Audit Committee",119231,,4,,,,,,,,0,0,Instrucciones para comentarios publicos en vivo:
2664,2024-04-17,"Finance, Budget and Audit Committee",119232,,3,,,,,,,,0,0,"Public comment will be taken as the Board takes up each item. To give public comment on an item, enter #2 (pound-two) when prompted. Please note that the live video feed lags about 30 seconds behind the actual meeting. There is no lag on the public comment dial-in line."
2664,2024-04-17,"Finance, Budget and Audit Committee",119233,,2,,,,,,,,0,0,"Live public comment can be given by telephone or in-person.

The Committee Meeting begins at 11:00 AM Pacific Time on April 17, 2024; you may join the call 5 minutes prior to the start of the meeting.

Dial-in: 202-735-3323 and enter
English Access Code: 5647249#
Spanish Access Code: 7292892#"
2664,2024-04-17,"Finance, Budget and Audit Committee",119234,,1,,,,,,,,0,0,Live Public Comment Instructions:
2664,2024-04-17,"Finance, Budget and Audit Committee",123062,,21,,,,,,,,0,0,
2664,2024-04-17,"Finance, Budget and Audit Committee",123064,8,20,10014,2024-0159,Informational Report,,,,,0,0,RECEIVE AND FILE on Fiscal Year 2025 Budget Development Status Update.
2664,2024-04-17,"Finance, Budget and Audit Committee",123065,,17,,,,,,,,0,0,NON-CONSENT
2664,2024-04-17,"Finance, Budget and Audit Committee",123066,5,14,9867,2024-0012,Program,,,,,0,0,"AUTHORIZE the Chief Executive Officer to negotiate and purchase All Risk Property and Boiler and Machinery insurance policies for all Metro properties at a not-to-exceed premium of $10.2 million for the 12-month period of May 10, 2024, through May 10, 2025."
2664,2024-04-17,"Finance, Budget and Audit Committee",123067,,13,,,,,,,,0,0,CONSENT CALENDAR
2664,2024-04-17,"Finance, Budget and Audit Committee",123068,,12,,,,,,,,0,0,"Consent Calendar items are approved by one motion unless held by a Director for discussion
and/or separate action."
2664,2024-04-17,"Finance, Budget and Audit Committee",123069,,11,,,,,,,,0,0,APPROVE Consent Calendar Items: 5 and 6.
2664,2024-04-17,"Finance, Budget and Audit Committee",123071,6,15,10038,2024-0183,Program,,,,,0,0,"AUTHORIZE the Chief Executive Officer (CEO) or their designee, to execute a Petition to Renew  Los Angeles County Metropolitan Transportation Authority’s (LACMTA) participation in the North Hollywood Transit Property-Based Business Improvement District (BID) for a period of six (6) years commencing January 1, 2025, for a total estimated amount not to exceed $1,130,228.16 over the term of the BID renewal."
2664,2024-04-17,"Finance, Budget and Audit Committee",123177,7,18,9883,2024-0028,Resolution,,,,,0,0,"APPROVE the Resolution in Attachment A that:

A.	AUTHORIZES the Chief Executive Officer (CEO) or their designee to claim a total of $54,230,499 in California Cap-and-Trade proceeds accumulated in State Fiscal Year (FY) 2023-24 disbursed through LCTOP and to use $50,941,838 for one year of E Line operations, as enhanced by the opening of Regional Connector, and $3,288,661 for the Division 8 Charging Infrastructure and En Route Charging for North San Fernando Valley (NSFV) Transit Corridor;

B.	CE"
2664,2024-04-17,"Finance, Budget and Audit Committee",123178,,19,,,,,,,,0,0,(ALSO ON PLANNING AND PROGRAMMING COMMITTEE)
2664,2024-04-17,"Finance, Budget and Audit Committee",123187,,16,,,,,,,,0,0,page break
2665,2024-04-17,Planning and Programming Committee,119235,,10,,,,,,,,0,0,CALL TO ORDER
2665,2024-04-17,Planning and Programming Committee,119236,,11,,,,,,,,0,0,ROLL CALL
2665,2024-04-17,Planning and Programming Committee,119520,,27,10078,2024-0223,Informational Report,,,,,0,0,RECEIVE General Public Comment
2665,2024-04-17,Planning and Programming Committee,119521,,28,,,,,,,,0,0,"Consideration of items not on the posted agenda, including: items to be presented and (if requested) referred to staff; items to be placed on the agenda for action at a future meeting of the Committee or Board; and/or items requiring immediate action because of an emergency situation or where the need to take immediate action came to the attention of the Committee subsequent to the posting of the agenda."
2665,2024-04-17,Planning and Programming Committee,119522,,29,,,,,,,,0,0,COMMENTS FROM THE PUBLIC ON ITEMS OF PUBLIC INTEREST WITHIN COMMITTEE’S SUBJECT MATTER JURISDICTION
2665,2024-04-17,Planning and Programming Committee,119523,,30,,,,,,,,0,0,Adjournment
2665,2024-04-17,Planning and Programming Committee,119524,,8,,,,,,,,0,0,"Written public comments must be received by 5PM the day before the meeting.
Please include the Item # in your comment and your position of “FOR,” “AGAINST,” ""GENERAL COMMENT,"" or ""ITEM NEEDS MORE CONSIDERATION.""
Email: BoardClerk@metro.net
Post Office Mail:
Board Administration
One Gateway Plaza
MS: 99-3-1
Los Angeles, CA 90012"
2665,2024-04-17,Planning and Programming Committee,119525,,7,,,,,,,,0,0,Written Public Comment Instruction:
2665,2024-04-17,Planning and Programming Committee,119526,,6,,,,,,,,0,0,Los comentarios del público se tomaran cuando se toma cada tema. Para dar un comentario público sobre una tema ingrese # 2 (Tecla de numero y dos) cuando se le solicite. Tenga en cuenta que la transmisión de video en vivo se retrasa unos 30 segundos con respecto a la reunión real. No hay retraso en la línea de acceso telefónico para comentarios públicos.
2665,2024-04-17,Planning and Programming Committee,119527,,5,,,,,,,,0,0,"Los comentarios publicos en vivo se pueden dar por telefono o en persona.

La Reunion de la Junta comienza a las 1:00 PM, hora del Pacifico, el 17 de Abril de 2023. Puedes unirte a la llamada 5 minutos antes del comienso de la junta.

Marque: 202-735-3323 y ingrese el codigo
Codigo de acceso en ingles: 5647249#
Codigo de acceso en espanol: 7292892#"
2665,2024-04-17,Planning and Programming Committee,119528,,4,,,,,,,,0,0,Instrucciones para comentarios publicos en vivo:
2665,2024-04-17,Planning and Programming Committee,119529,,3,,,,,,,,0,0,"Public comment will be taken as the Board takes up each item. To give public comment on an item, enter #2 (pound-two) when prompted. Please note that the live video feed lags about 30 seconds behind the actual meeting. There is no lag on the public comment dial-in line."
2665,2024-04-17,Planning and Programming Committee,119530,,2,,,,,,,,0,0,"Live public comment can be given by telephone or in-person.

The Committee Meeting begins at 1:00 PM Pacific Time on April 17, 2024; you may join the call 5 minutes prior to the start of the meeting.

Dial-in: 202-735-3323 and enter
English Access Code: 5647249#
Spanish Access Code: 7292892#"
2665,2024-04-17,Planning and Programming Committee,119531,,1,,,,,,,,0,0,Live Public Comment Instructions:
2665,2024-04-17,Planning and Programming Committee,123073,13,24,10071,2024-0216,Policy,,,,,0,0,"ADOPT Scenario 1 with accelerated non-capital components to 2030 as Metro’s VMT Reduction Targets and use Scenario 3 results as a County-wide Call to Climate Action for 2045 (Attachment A).

YAROSLAVSKY AND SOLIS AMENDMENT: 

A.	Report back to the Planning and Programming Committee on identifying a detailed framework for a regional working group to pursue funding, policy, and projects that help us to accomplish the necessary collaboration in order to achieve Scenario 3; 

B.	Provide a plan"
2665,2024-04-17,Planning and Programming Committee,123077,11,21,9672,2023-0594,Plan,,,,,0,0,"ADOPT the Long Beach-East Los Angeles Corridor Mobility Investment Plan (CMIP) and its recommendations for funding programs and projects, as found in Attachments A and B."
2665,2024-04-17,Planning and Programming Committee,123078,10,20,9959,2024-0104,Project,,,,,0,0,"CONSIDER:  
 
A.	APPROVING the board-identified Locally Preferred Alternative (LPA) as the Southeast Gateway Line (formerly West Santa Ana Branch) Light Rail Transit (LRT) Project (Project), which is a 14.5- miles LRT line with nine (9) stations and includes a new C Line infill station at the I-105 Freeway. The Project extends from its northern LPA terminus at the Slauson/A Line Station located in the City of Los Angeles/Florence-Firestone unincorporated area of Los Angeles (LA) County to its "
2665,2024-04-17,Planning and Programming Committee,123079,7,15,9883,2024-0028,Resolution,,,,,0,0,"APPROVE the Resolution in Attachment A that:

A.	AUTHORIZES the Chief Executive Officer (CEO) or their designee to claim a total of $54,230,499 in California Cap-and-Trade proceeds accumulated in State Fiscal Year (FY) 2023-24 disbursed through LCTOP and to use $50,941,838 for one year of E Line operations, as enhanced by the opening of Regional Connector, and $3,288,661 for the Division 8 Charging Infrastructure and En Route Charging for North San Fernando Valley (NSFV) Transit Corridor;

B.	CE"
2665,2024-04-17,Planning and Programming Committee,123080,9,19,9893,2024-0038,Plan,,,,,0,0,ADOPT the First/Last Mile (FLM) Plan for the Southeast Gateway Line (Attachment A).
2665,2024-04-17,Planning and Programming Committee,123129,15,26,10053,2024-0198,Oral Report / Presentation,,,,,0,0,RECEIVE AND FILE Countywide Planning & Development Major Projects Status Report.
2665,2024-04-17,Planning and Programming Committee,123130,14,25,9921,2024-0066,Policy,,,,,0,0,APPROVE the Pilot VMT Mitigation Program (Attachment A).
2665,2024-04-17,Planning and Programming Committee,123163,12,22,9610,2023-0532,Project,,,,,0,0,"CONSIDER:

A.	APPROVING the 170th/182nd Grade-Separated Light Rail Transit Alternative, also referred to as the Hybrid Alternative, as the Proposed Project for the Environmental Impact Report (EIR) and Locally Preferred Alternative (LPA) for the Metro C (Green) Line Extension to Torrance Project (Project); and

B.	AUTHORIZING the preparation of the Final EIR through the California Environmental Quality Act (CEQA) based on the LPA."
2665,2024-04-17,Planning and Programming Committee,123164,,23,,,,,,,,0,0,(ALSO ON EXECUTIVE MANAGEMENT COMMITTEE)
2665,2024-04-17,Planning and Programming Committee,123167,,9,,,,,,,,0,0,page break
2665,2024-04-17,Planning and Programming Committee,123180,,13,,,,,,,,0,0,APPROVE Consent Calendar Item: 7.
2665,2024-04-17,Planning and Programming Committee,123182,,14,,,,,,,,0,0,"Consent Calendar items are approved by one motion unless held by a Director for discussion
and/or separate action."
2665,2024-04-17,Planning and Programming Committee,123183,,12,,,,,,,,0,0,CONSENT CALENDAR
2665,2024-04-17,Planning and Programming Committee,123184,,18,,,,,,,,0,0,NON-CONSENT
2665,2024-04-17,Planning and Programming Committee,123185,,16,,,,,,,,0,0,"(ALSO ON FINANCE, BUDGET, AND AUDIT COMMITTEE)"
2665,2024-04-17,Planning and Programming Committee,123186,,17,,,,,,,,0,0,page break
2666,2024-04-18,Construction Committee,119532,,10,,,,,,,,0,0,CALL TO ORDER
2666,2024-04-18,Construction Committee,119533,,11,,,,,,,,0,0,ROLL CALL
2666,2024-04-18,Construction Committee,119763,,21,10079,2024-0224,Informational Report,,,,,0,0,RECEIVE General Public Comment
2666,2024-04-18,Construction Committee,119764,,22,,,,,,,,0,0,"Consideration of items not on the posted agenda, including: items to be presented and (if requested) referred to staff; items to be placed on the agenda for action at a future meeting of the Committee or Board; and/or items requiring immediate action because of an emergency situation or where the need to take immediate action came to the attention of the Committee subsequent to the posting of the agenda."
2666,2024-04-18,Construction Committee,119765,,23,,,,,,,,0,0,COMMENTS FROM THE PUBLIC ON ITEMS OF PUBLIC INTEREST WITHIN COMMITTEE’S SUBJECT MATTER JURISDICTION
2666,2024-04-18,Construction Committee,119766,,24,,,,,,,,0,0,Adjournment
2666,2024-04-18,Construction Committee,119767,,8,,,,,,,,0,0,"Written public comments must be received by 5PM the day before the meeting.
Please include the Item # in your comment and your position of “FOR,” “AGAINST,” ""GENERAL COMMENT,"" or ""ITEM NEEDS MORE CONSIDERATION.""
Email: BoardClerk@metro.net
Post Office Mail:
Board Administration
One Gateway Plaza
MS: 99-3-1
Los Angeles, CA 90012"
2666,2024-04-18,Construction Committee,119768,,7,,,,,,,,0,0,Written Public Comment Instruction:
2666,2024-04-18,Construction Committee,119769,,6,,,,,,,,0,0,Los comentarios del público se tomaran cuando se toma cada tema. Para dar un comentario público sobre una tema ingrese # 2 (Tecla de numero y dos) cuando se le solicite. Tenga en cuenta que la transmisión de video en vivo se retrasa unos 30 segundos con respecto a la reunión real. No hay retraso en la línea de acceso telefónico para comentarios públicos.
2666,2024-04-18,Construction Committee,119770,,5,,,,,,,,0,0,"Los comentarios publicos en vivo se pueden dar por telefono o en persona.

La Reunion de la Junta comienza a las 9:30 AM, hora del Pacifico, el 18 de Abril de 2024. Puedes unirte a la llamada 5 minutos antes del comienso de la junta.

Marque: 202-735-3323 y ingrese el codigo
Codigo de acceso en ingles: 5647249#
Codigo de acceso en espanol: 7292892#"
2666,2024-04-18,Construction Committee,119771,,4,,,,,,,,0,0,Instrucciones para comentarios publicos en vivo:
2666,2024-04-18,Construction Committee,119772,,3,,,,,,,,0,0,"Public comment will be taken as the Board takes up each item. To give public comment on an item, enter #2 (pound-two) when prompted. Please note that the live video feed lags about 30 seconds behind the actual meeting. There is no lag on the public comment dial-in line."
2666,2024-04-18,Construction Committee,119773,,2,,,,,,,,0,0,"Live public comment can be given by telephone or in-person.

The Committee Meeting begins at 9:30 AM Pacific Time on April 18, 2024; you may join the call 5 minutes prior to the start of the meeting.

Dial-in: 202-735-3323 and enter
English Access Code: 5647249#
Spanish Access Code: 7292892#"
2666,2024-04-18,Construction Committee,119774,,1,,,,,,,,0,0,Live Public Comment Instructions:
2666,2024-04-18,Construction Committee,123082,18,18,10059,2024-0204,Informational Report,,,,,0,0,"RECEIVE AND FILE Office of the Inspector General Construction Change Order Spot Check Report for the period December 1, 2023, to February 29, 2024."
2666,2024-04-18,Construction Committee,123083,16,15,10035,2024-0180,Informational Report,,,,,0,0,RECEIVE AND FILE Status Report on Program Management Quarterly Changes
2666,2024-04-18,Construction Committee,123084,,14,,,,,,,,0,0,CONSENT CALENDAR
2666,2024-04-18,Construction Committee,123085,,13,,,,,,,,0,0,"Consent Calendar items are approved by one motion unless held by a Director for discussion
and/or separate action."
2666,2024-04-18,Construction Committee,123086,,12,,,,,,,,0,0,APPROVE Consent Calendar Items: 16 and 17.
2666,2024-04-18,Construction Committee,123089,,17,,,,,,,,0,0,NON-CONSENT
2666,2024-04-18,Construction Committee,123090,17,16,10031,2024-0176,Policy,,,,,0,0,"AUTHORIZE the Chief Executive Officer to negotiate and execute a Memorandum of Understanding (MOU) with the Los Angeles Department of Public Works-Bureau of Street Lighting (BSL) to design and construct bus stop security lighting under the Metro Enhanced Bus Stop Lighting Project (Project) totaling $1,590,000."
2666,2024-04-18,Construction Committee,123131,,20,,,,,,,,0,0,
2666,2024-04-18,Construction Committee,123132,19,19,10049,2024-0194,Oral Report / Presentation,,,,,0,0,RECEIVE the quarterly oral report on the status of the Caltrans construction projects.
2666,2024-04-18,Construction Committee,123147,,9,,,,,,,,0,0,page break
2667,2024-04-18,Executive Management Committee,119775,,9,,,,,,,,0,0,CALL TO ORDER
2667,2024-04-18,Executive Management Committee,119776,,10,,,,,,,,0,0,ROLL CALL
2667,2024-04-18,Executive Management Committee,120024,21,19,9837,2023-0760,Program,,,,,0,0,APPROVE an extension of the GoPass Pilot Program through FY25.
2667,2024-04-18,Executive Management Committee,120025,,24,10080,2024-0225,Informational Report,,,,,0,0,RECEIVE General Public Comment
2667,2024-04-18,Executive Management Committee,120026,,25,,,,,,,,0,0,"Consideration of items not on the posted agenda, including: items to be presented and (if requested) referred to staff; items to be placed on the agenda for action at a future meeting of the Committee or Board; and/or items requiring immediate action because of an emergency situation or where the need to take immediate action came to the attention of the Committee subsequent to the posting of the agenda."
2667,2024-04-18,Executive Management Committee,120027,,26,,,,,,,,0,0,COMMENTS FROM THE PUBLIC ON ITEMS OF PUBLIC INTEREST WITHIN COMMITTEE’S SUBJECT MATTER JURISDICTION
2667,2024-04-18,Executive Management Committee,120028,,27,,,,,,,,0,0,Adjournment
2667,2024-04-18,Executive Management Committee,120029,,8,,,,,,,,0,0,"Written public comments must be received by 5PM the day before the meeting.
Please include the Item # in your comment and your position of “FOR,” “AGAINST,” ""GENERAL COMMENT,"" or ""ITEM NEEDS MORE CONSIDERATION.""
Email: BoardClerk@metro.net
Post Office Mail:
Board Administration
One Gateway Plaza
MS: 99-3-1
Los Angeles, CA 90012"
2667,2024-04-18,Executive Management Committee,120030,,7,,,,,,,,0,0,Written Public Comment Instruction:
2667,2024-04-18,Executive Management Committee,120031,,6,,,,,,,,0,0,Los comentarios del público se tomaran cuando se toma cada tema. Para dar un comentario público sobre una tema ingrese # 2 (Tecla de numero y dos) cuando se le solicite. Tenga en cuenta que la transmisión de video en vivo se retrasa unos 30 segundos con respecto a la reunión real. No hay retraso en la línea de acceso telefónico para comentarios públicos.
2667,2024-04-18,Executive Management Committee,120032,,5,,,,,,,,0,0,"Los comentarios publicos en vivo se pueden dar por telefono o en persona.

La Reunion de la Junta comienza a las 11:00 AM, hora del Pacifico, el 18 de Abril de 2024. Puedes unirte a la llamada 5 minutos antes del comienso de la junta.

Marque: 202-735-3323 y ingrese el codigo
Codigo de acceso en ingles: 5647249#
Codigo de acceso en espanol: 7292892#"
2667,2024-04-18,Executive Management Committee,120033,,4,,,,,,,,0,0,Instrucciones para comentarios publicos en vivo:
2667,2024-04-18,Executive Management Committee,120034,,3,,,,,,,,0,0,"Public comment will be taken as the Board takes up each item. To give public comment on an item, enter #2 (pound-two) when prompted. Please note that the live video feed lags about 30 seconds behind the actual meeting. There is no lag on the public comment dial-in line."
2667,2024-04-18,Executive Management Committee,120035,,2,,,,,,,,0,0,"Live public comment can be given by telephone or in-person.

The Committee Meeting begins at 11:00 AM Pacific Time on April 18, 2024; you may join the call 5 minutes prior to the start of the meeting.

Dial-in: 202-735-3323 and enter
English Access Code: 5647249#
Spanish Access Code: 7292892#"
2667,2024-04-18,Executive Management Committee,120036,,1,,,,,,,,0,0,Live Public Comment Instructions:
2667,2024-04-18,Executive Management Committee,123091,24,22,10064,2024-0209,Informational Report,,,,,0,0,RECEIVE AND FILE April 2024 State and Federal Legislative Report.
2667,2024-04-18,Executive Management Committee,123092,23,21,9961,2024-0106,Informational Report,,,,,0,0,RECEIVE AND FILE a quarterly status report on the Community Advisory Council (CAC).
2667,2024-04-18,Executive Management Committee,123097,,15,,,,,,,,0,0,NON-CONSENT
2667,2024-04-18,Executive Management Committee,123098,20,14,9957,2024-0102,Plan,,,,,0,0,RECEIVE AND FILE the FY2025 Committee and Board Meeting Calendar (Attachment A).
2667,2024-04-18,Executive Management Committee,123099,,13,,,,,,,,0,0,CONSENT CALENDAR
2667,2024-04-18,Executive Management Committee,123100,,12,,,,,,,,0,0,"Consent Calendar items are approved by one motion unless held by a Director for discussion
and/or separate action."
2667,2024-04-18,Executive Management Committee,123101,,11,,,,,,,,0,0,APPROVE Consent Calendar Item: 20.
2667,2024-04-18,Executive Management Committee,123133,25,23,10060,2024-0205,Oral Report / Presentation,,,,,0,0,RECEIVE oral report on Homeless Outreach Management & Engagement (HOME).
2667,2024-04-18,Executive Management Committee,123165,,17,,,,,,,,0,0,(ALSO ON PLANNING AND PROGRAMMING COMMITTEE)
2667,2024-04-18,Executive Management Committee,123166,12,16,9610,2023-0532,Project,,,,,0,0,"CONSIDER:

A.	APPROVING the 170th/182nd Grade-Separated Light Rail Transit Alternative, also referred to as the Hybrid Alternative, as the Proposed Project for the Environmental Impact Report (EIR) and Locally Preferred Alternative (LPA) for the Metro C (Green) Line Extension to Torrance Project (Project); and

B.	AUTHORIZING the preparation of the Final EIR through the California Environmental Quality Act (CEQA) based on the LPA."
2667,2024-04-18,Executive Management Committee,123174,22,20,10113,2024-0258,Motion / Motion Response,,,,,0,0,"APPROVE Motion by Directors Bass, Butts, Dutra, Dupont-Walker, Mitchell, and Solis that the Board direct the Chief Executive Officer to:

A.	Make the GoPass Fareless Pilot Program permanent and provide a report back to the Board annually at the September Board Meeting, beginning September 2024, on program implementation, including but not limited to:

1.	An analysis reflecting the prior 12 months of data; 

2.	Identifying additional funding sources to help offset the program’s cost to the Agency"
2667,2024-04-18,Executive Management Committee,123188,,18,,,,,,,,0,0,page break
2668,2024-04-18,"Operations, Safety, and Customer Experience Committee",120037,,9,,,,,,,,0,0,CALL TO ORDER
2668,2024-04-18,"Operations, Safety, and Customer Experience Committee",120038,,10,,,,,,,,0,0,ROLL CALL
2668,2024-04-18,"Operations, Safety, and Customer Experience Committee",120337,,11,,,,,,,,0,0,APPROVE Consent Calendar Items:  26 and 27.
2668,2024-04-18,"Operations, Safety, and Customer Experience Committee",120338,,25,10081,2024-0226,Informational Report,,,,,0,0,RECEIVE General Public Comment
2668,2024-04-18,"Operations, Safety, and Customer Experience Committee",120339,,26,,,,,,,,0,0,"Consideration of items not on the posted agenda, including: items to be presented and (if requested) referred to staff; items to be placed on the agenda for action at a future meeting of the Committee or Board; and/or items requiring immediate action because of an emergency situation or where the need to take immediate action came to the attention of the Committee subsequent to the posting of the agenda."
2668,2024-04-18,"Operations, Safety, and Customer Experience Committee",120340,,27,,,,,,,,0,0,COMMENTS FROM THE PUBLIC ON ITEMS OF PUBLIC INTEREST WITHIN COMMITTEE’S SUBJECT MATTER JURISDICTION
2668,2024-04-18,"Operations, Safety, and Customer Experience Committee",120341,,28,,,,,,,,0,0,Adjournment
2668,2024-04-18,"Operations, Safety, and Customer Experience Committee",120342,,8,,,,,,,,0,0,"Written public comments must be received by 5PM the day before the meeting.
Please include the Item # in your comment and your position of “FOR,” “AGAINST,” ""GENERAL COMMENT,"" or ""ITEM NEEDS MORE CONSIDERATION.""
Email: BoardClerk@metro.net
Post Office Mail:
Board Administration
One Gateway Plaza
MS: 99-3-1
Los Angeles, CA 90012"
2668,2024-04-18,"Operations, Safety, and Customer Experience Committee",120343,,7,,,,,,,,0,0,Written Public Comment Instruction:
2668,2024-04-18,"Operations, Safety, and Customer Experience Committee",120344,,6,,,,,,,,0,0,Los comentarios del público se tomaran cuando se toma cada tema. Para dar un comentario público sobre una tema ingrese # 2 (Tecla de numero y dos) cuando se le solicite. Tenga en cuenta que la transmisión de video en vivo se retrasa unos 30 segundos con respecto a la reunión real. No hay retraso en la línea de acceso telefónico para comentarios públicos.
2668,2024-04-18,"Operations, Safety, and Customer Experience Committee",120345,,5,,,,,,,,0,0,"Los comentarios publicos en vivo se pueden dar por telefono o en persona.

La Reunion de la Junta comienza a las 12:30 PM, hora del Pacifico, el 18 de Abril de 2024. Puedes unirte a la llamada 5 minutos antes del comienso de la junta.

Marque: 202-735-3323 y ingrese el codigo
Codigo de acceso en ingles: 5647249#
Codigo de acceso en espanol: 7292892#"
2668,2024-04-18,"Operations, Safety, and Customer Experience Committee",120346,,4,,,,,,,,0,0,Instrucciones para comentarios publicos en vivo:
2668,2024-04-18,"Operations, Safety, and Customer Experience Committee",120347,,3,,,,,,,,0,0,"Public comment will be taken as the Board takes up each item. To give public comment on an item, enter #2 (pound-two) when prompted. Please note that the live video feed lags about 30 seconds behind the actual meeting. There is no lag on the public comment dial-in line."
2668,2024-04-18,"Operations, Safety, and Customer Experience Committee",120348,,2,,,,,,,,0,0,"Live public comment can be given by telephone or in-person.

The Committee Meeting begins at 12:30 PM Pacific Time on April 18, 2024; you may join the call 5 minutes prior to the start of the meeting.

Dial-in: 202-735-3323 and enter
English Access Code: 5647249#
Spanish Access Code: 7292892#"
2668,2024-04-18,"Operations, Safety, and Customer Experience Committee",123053,,1,,,,,,,,0,0,Live Public Comment Instructions:
2668,2024-04-18,"Operations, Safety, and Customer Experience Committee",123104,29,19,10010,2024-0155,Informational Report,,,,,0,0,RECEIVE oral report on Operations.
2668,2024-04-18,"Operations, Safety, and Customer Experience Committee",123105,28,18,10009,2024-0154,Informational Report,,,,,0,0,RECOGNIZE Operations Employees of the Month.
2668,2024-04-18,"Operations, Safety, and Customer Experience Committee",123106,,17,,,,,,,,0,0,NON-CONSENT
2668,2024-04-18,"Operations, Safety, and Customer Experience Committee",123107,27,15,9882,2024-0027,Contract,,,,,0,0,"AUTHORIZE the Chief Executive Officer to award a five-year, firm fixed unit rate Contract No. PS49398000 to The Goodyear Tire and Rubber Company for the lease and maintenance of tires for the Metro-operated bus fleet and servicing of non-revenue vehicle tires in an amount not to exceed $48,996,516, effective July 1, 2024, subject to resolution of any properly submitted protest(s), if any."
2668,2024-04-18,"Operations, Safety, and Customer Experience Committee",123108,26,14,6498,2020-0056,Contract,,,,,0,0,"AWARD a cost plus fixed fee contract to Hatch Associates Consultants, Inc to provide technical and project management support for Metro’s solicitation of a Transit Vehicle Manufacturer for the procurement of P3030 new Light Rail Vehicles (LRV) and replacement of the existing fifty-two (52) Siemens LRVs in the Not-To-Exceed (NTE) contract amount of $1,254,209.82 for a period of twelve (12) months after the issuance of Notice to Proceed, subject to the resolution of any properly submitted protests"
2668,2024-04-18,"Operations, Safety, and Customer Experience Committee",123109,,13,,,,,,,,0,0,CONSENT CALENDAR
2668,2024-04-18,"Operations, Safety, and Customer Experience Committee",123110,,12,,,,,,,,0,0,"Consent Calendar items are approved by one motion unless held by a Director for discussion
and/or separate action."
2668,2024-04-18,"Operations, Safety, and Customer Experience Committee",123137,33,24,10023,2024-0168,Informational Report,,,,,0,0,RECEIVE AND FILE the Public Safety Report.
2668,2024-04-18,"Operations, Safety, and Customer Experience Committee",123138,32,22,9946,2024-0091,Informational Report,,,,,0,0,"RECEIVE AND FILE:

A.	the quarterly status report on Metro’s Public Safety Advisory Committee (PSAC); and

B.	a report on PSACs recommendations should the proposed Transit Community Public Safety Department move forward."
2668,2024-04-18,"Operations, Safety, and Customer Experience Committee",123139,31,21,9843,2023-0766,Informational Report,,,,,0,0,RECEIVE AND FILE status report on the Zero-Emission Bus (ZEB) Program.
2668,2024-04-18,"Operations, Safety, and Customer Experience Committee",123141,30,20,9997,2024-0142,Informational Report,,,,,0,0,RECEIVE AND FILE the NextGen Bus Ridership Update.
2668,2024-04-18,"Operations, Safety, and Customer Experience Committee",123143,,16,,,,,,,,0,0,page break
2668,2024-04-18,"Operations, Safety, and Customer Experience Committee",123176,,23,,,,,,,,0,0,page break
2669,2024-05-15,"Finance, Budget and Audit Committee",123705,,10,,,,,,,,0,0,CALL TO ORDER
2669,2024-05-15,"Finance, Budget and Audit Committee",123706,,11,,,,,,,,0,0,ROLL CALL
2669,2024-05-15,"Finance, Budget and Audit Committee",123932,,20,,,,,,,,0,0, 
2669,2024-05-15,"Finance, Budget and Audit Committee",123933,,21,10148,2024-0293,Informational Report,,,,,0,0,RECEIVE General Public Comment
2669,2024-05-15,"Finance, Budget and Audit Committee",123934,,22,,,,,,,,0,0,"Consideration of items not on the posted agenda, including: items to be presented and (if requested) referred to staff; items to be placed on the agenda for action at a future meeting of the Committee or Board; and/or items requiring immediate action because of an emergency situation or where the need to take immediate action came to the attention of the Committee subsequent to the posting of the agenda."
2669,2024-05-15,"Finance, Budget and Audit Committee",123935,,23,,,,,,,,0,0,COMMENTS FROM THE PUBLIC ON ITEMS OF PUBLIC INTEREST WITHIN COMMITTEE’S SUBJECT MATTER JURISDICTION
2669,2024-05-15,"Finance, Budget and Audit Committee",123936,,24,,,,,,,,0,0,Adjournment
2669,2024-05-15,"Finance, Budget and Audit Committee",123940,,9,,,,,,,,0,0,
2669,2024-05-15,"Finance, Budget and Audit Committee",123941,,8,,,,,,,,0,0,"Written public comments must be received by 5PM the day before the meeting.
Please include the Item # in your comment and your position of “FOR,” “AGAINST,” ""GENERAL COMMENT,"" or ""ITEM NEEDS MORE CONSIDERATION.""
Email: BoardClerk@metro.net
Post Office Mail:
Board Administration
One Gateway Plaza
MS: 99-3-1
Los Angeles, CA 90012"
2669,2024-05-15,"Finance, Budget and Audit Committee",123942,,7,,,,,,,,0,0,Written Public Comment Instruction:
2669,2024-05-15,"Finance, Budget and Audit Committee",123943,,6,,,,,,,,0,0,Los comentarios del público se tomaran cuando se toma cada tema. Para dar un comentario público sobre una tema ingrese # 2 (Tecla de numero y dos) cuando se le solicite. Tenga en cuenta que la transmisión de video en vivo se retrasa unos 30 segundos con respecto a la reunión real. No hay retraso en la línea de acceso telefónico para comentarios públicos.
2669,2024-05-15,"Finance, Budget and Audit Committee",123944,,5,,,,,,,,0,0,"Los comentarios publicos en vivo se pueden dar por telefono o en persona.

La Reunion de la Junta comienza a las 3:00 PM, hora del Pacifico, el 15 de Mayo de 2024. Puedes unirte a la llamada 5 minutos antes del comienso de la junta.

Marque: 202-735-3323 y ingrese el codigo
Codigo de acceso en ingles: 5647249#
Codigo de acceso en espanol: 7292892#"
2669,2024-05-15,"Finance, Budget and Audit Committee",123945,,4,,,,,,,,0,0,Instrucciones para comentarios publicos en vivo:
2669,2024-05-15,"Finance, Budget and Audit Committee",123946,,3,,,,,,,,0,0,"Public comment will be taken as the Board takes up each item. To give public comment on an item, enter #2 (pound-two) when prompted. Please note that the live video feed lags about 30 seconds behind the actual meeting. There is no lag on the public comment dial-in line."
2669,2024-05-15,"Finance, Budget and Audit Committee",123947,,2,,,,,,,,0,0,"Live public comment can be given by telephone or in-person.

The Committee Meeting begins at 3:00 PM Pacific Time on May 15, 2024; you may join the call 5 minutes prior to the start of the meeting.

Dial-in: 202-735-3323 and enter
English Access Code: 5647249#
Spanish Access Code: 7292892#"
2669,2024-05-15,"Finance, Budget and Audit Committee",125136,14,17,9695,2023-0617,Contract,,,,,0,0,"AUTHORIZE the Chief Executive Officer to:

A.	EXECUTE Modification No. 176 to Contract No. OP02461010001, with Cubic Transportation Systems, Inc. (“Cubic”), in the amount of $66,423,946 for upgrading the current fare payment system to include open payment and account-based functionality and expand its capabilities to improve the customer experience, including acceptance of credit and debit cards as payment on buses and at rail stations for 27 Los Angeles County transit agencies;

B.	EXECUTE "
2669,2024-05-15,"Finance, Budget and Audit Committee",125137,13,16,10111,2024-0256,Plan,,,,,0,0,ADOPT the Fiscal Year 2025 (FY25) Proposed Annual Audit Plan (Attachment A).
2669,2024-05-15,"Finance, Budget and Audit Committee",125138,,15,,,,,,,,0,0,NON-CONSENT
2669,2024-05-15,"Finance, Budget and Audit Committee",125139,12,14,10108,2024-0253,Informational Report,,,,,0,0,RECEIVE AND FILE the Management Audit Services FY 2024 Third Quarter Report.
2669,2024-05-15,"Finance, Budget and Audit Committee",125140,,13,,,,,,,,0,0,CONSENT CALENDAR
2669,2024-05-15,"Finance, Budget and Audit Committee",125141,,1,,,,,,,,0,0,Live Public Comment Instructions:
2669,2024-05-15,"Finance, Budget and Audit Committee",125142,15,19,10082,2024-0227,Public Hearing,,,,,0,0,"CONSIDER:

A.	ADOPTING the proposed FY25 Budget as presented in the budget document (provided in a separate transmittal and posted on metro.net <https://www.metro.net/about/financebudget/>); 

1.	AUTHORIZING $9.0 billion annual consolidated expenditures to achieve goals and objectives set forth by the Board adopted mission and goals; 

2.	AUTHORIZING a total of 11,283 FTEs, of which 9,275 are Represented FTEs and 2,008 are Non-Represented FTEs; 

3.	AUTHORIZING an average 4% performance-based me"
2669,2024-05-15,"Finance, Budget and Audit Committee",125264,,18,,,,,,,,0,0,"(ALSO ON OPERATIONS, SAFETY, AND CUSTOMER EXPERIENCE COMMITTEE)"
2669,2024-05-15,"Finance, Budget and Audit Committee",126750,,12,,,,,,,,0,0,"APPROVE Consent Calendar Item: 12.

Consent Calendar items are approved by one motion unless held by a Director for discussion and/or separate action."
2670,2024-05-15,Planning and Programming Committee,123389,,9,,,,,,,,0,0,CALL TO ORDER
2670,2024-05-15,Planning and Programming Committee,123390,,10,,,,,,,,0,0,ROLL CALL
2670,2024-05-15,Planning and Programming Committee,123682,,23,10149,2024-0294,Informational Report,,,,,0,0,RECEIVE General Public Comment
2670,2024-05-15,Planning and Programming Committee,123683,,24,,,,,,,,0,0,"Consideration of items not on the posted agenda, including: items to be presented and (if requested) referred to staff; items to be placed on the agenda for action at a future meeting of the Committee or Board; and/or items requiring immediate action because of an emergency situation or where the need to take immediate action came to the attention of the Committee subsequent to the posting of the agenda."
2670,2024-05-15,Planning and Programming Committee,123684,,25,,,,,,,,0,0,COMMENTS FROM THE PUBLIC ON ITEMS OF PUBLIC INTEREST WITHIN COMMITTEE’S SUBJECT MATTER JURISDICTION
2670,2024-05-15,Planning and Programming Committee,123685,,26,,,,,,,,0,0,Adjournment
2670,2024-05-15,Planning and Programming Committee,123695,,11,,,,,,,,0,0,"APPROVE Consent Calendar Items: 5, 6, and 7.

Consent Calendar items are approved by one motion unless held by a Director for discussion and/or separate action."
2670,2024-05-15,Planning and Programming Committee,123696,,8,,,,,,,,0,0,"Written public comments must be received by 5PM the day before the meeting.
Please include the Item # in your comment and your position of “FOR,” “AGAINST,” ""GENERAL COMMENT,"" or ""ITEM NEEDS MORE CONSIDERATION.""
Email: BoardClerk@metro.net
Post Office Mail:
Board Administration
One Gateway Plaza
MS: 99-3-1
Los Angeles, CA 90012"
2670,2024-05-15,Planning and Programming Committee,123697,,7,,,,,,,,0,0,Written Public Comment Instruction:
2670,2024-05-15,Planning and Programming Committee,123698,,6,,,,,,,,0,0,Los comentarios del público se tomaran cuando se toma cada tema. Para dar un comentario público sobre una tema ingrese # 2 (Tecla de numero y dos) cuando se le solicite. Tenga en cuenta que la transmisión de video en vivo se retrasa unos 30 segundos con respecto a la reunión real. No hay retraso en la línea de acceso telefónico para comentarios públicos.
2670,2024-05-15,Planning and Programming Committee,123699,,5,,,,,,,,0,0,"Los comentarios publicos en vivo se pueden dar por telefono o en persona.

La Reunion de la Junta comienza a las 1:00 PM, hora del Pacifico, el 15 de May de 2024. Puedes unirte a la llamada 5 minutos antes del comienso de la junta.

Marque: 202-735-3323 y ingrese el codigo
Codigo de acceso en ingles: 5647249#
Codigo de acceso en espanol: 7292892#"
2670,2024-05-15,Planning and Programming Committee,123700,,4,,,,,,,,0,0,Instrucciones para comentarios publicos en vivo:
2670,2024-05-15,Planning and Programming Committee,123701,,3,,,,,,,,0,0,"Public comment will be taken as the Board takes up each item. To give public comment on an item, enter #2 (pound-two) when prompted. Please note that the live video feed lags about 30 seconds behind the actual meeting. There is no lag on the public comment dial-in line."
2670,2024-05-15,Planning and Programming Committee,123702,,2,,,,,,,,0,0,"Live public comment can be given by telephone or in-person.

The Committee Meeting begins at 1:00 PM Pacific Time on May 15, 2024; you may join the call 5 minutes prior to the start of the meeting.

Dial-in: 202-735-3323 and enter
English Access Code: 5647249#
Spanish Access Code: 7292892#"
2670,2024-05-15,Planning and Programming Committee,123703,,1,,,,,,,,0,0,Live Public Comment Instructions:
2670,2024-05-15,Planning and Programming Committee,125115,9,19,10087,2024-0232,Program,,,,,0,0,"CONSIDER:

A.	APPROVING inter-program borrowing and programming of $5,543,000 from Measure M Multi-Year Subregional Program (MSP) - Highway Demand Based Programs to Measure M MSP - Highway Efficiency Program to support grade separation projects, as shown in Attachment A;

B.	APPROVING programming of an additional $124,800 for Planning Activities for Measure M MSP, as shown in Attachments B; and

C.	AUTHORIZING the CEO or their designee to negotiate and execute all necessary agreements and/"
2670,2024-05-15,Planning and Programming Committee,125116,,12,,,,,,,,0,0,CONSENT CALENDAR
2670,2024-05-15,Planning and Programming Committee,125117,8,17,9526,2023-0448,Contract,,,,,0,0,"AUTHORIZE the Chief Executive Officer to execute an 18-month Exclusive Negotiation Agreement and Planning Document (ENA), with the option to extend for an additional two, 12-month periods, with Jamboree Housing Corporation (Developer) for the development of Metro-owned property at the Duarte/City of Hope A Line Station (Site), subject to resolution of all properly submitted protest(s), if any."
2670,2024-05-15,Planning and Programming Committee,125118,,16,,,,,,,,0,0,NON-CONSENT
2670,2024-05-15,Planning and Programming Committee,125119,7,15,9876,2024-0021,Program,,,,,0,0,"AUTHORIZE the Chief Executive Officer (CEO) to EXECUTE:

A.	Modification No. 2 to the Regional Rail Engineering and Design On-Call Services Contract Nos. AE56750000 through AE56750004 to exercise the first one-year option term in the amount of $2 million increasing the not-to-exceed (NTE) cumulative contract amount from $11 million to $13 million and extending the period of performance from August 14, 2024, to August 13, 2025;

B.	Modification No. 2 to the Regional Rail Project Management On-Cal"
2670,2024-05-15,Planning and Programming Committee,125120,6,14,10107,2024-0252,Project,,,,,0,0,"AUTHORIZE the Chief Executive Officer or designee to extend the existing Exclusive Negotiation Agreement and Planning Document with NOHO Development Associates, LLC, a Delaware limited liability company (Developer) for the North Hollywood Joint Development Project for an additional six (6) months."
2670,2024-05-15,Planning and Programming Committee,125121,5,13,10020,2024-0165,Agreement,,,,,0,0,"AUTHORIZE the Chief Executive Officer to execute a five-year Regional Rideshare Software Partnership Funding Agreement (Agreement) with the five bordering County Transportation Commissions for an estimated average annual budget of $224,798 per year, or a total not to exceed five-year amount of $1,123,986."
2670,2024-05-15,Planning and Programming Committee,125122,11,21,10045,2024-0190,Project,,,,,0,0,"CONSIDER:  
 
A.	APPROVING the Board selected full nine-mile Eastside Transit Corridor Phase 2 with the Lambert Station in the City of Whittier as the terminus for the Project;

B.	APPROVING the refinement to the Board selected Locally Preferred Alternative (LPA), a 4.6-mile extension of the existing Metro E-Line to Greenwood Station as the Initial Operating Segment; with design options for Atlantic/Pomona (open underground station) and Greenwood Station (at-grade) and a Maintenance and Stor"
2670,2024-05-15,Planning and Programming Committee,125125,10,20,9939,2024-0084,Program,,,,,0,0,"CONSIDER:

A.	APPROVING $4,374,000 in Measure M High Desert Multipurpose Corridor (HDMC) funds identified in the Expenditure Plan for Right-Of-Way acquisition to be repurposed to the High Desert Corridor (HDC) Joint Powers Agency (JPA) for the Fiscal Year (FY) 2025 work program;

B.	APPROVING $2,200,000 in Measure M High Desert Multipurpose Corridor (HDMC) funds identified in the Expenditure Plan for Right-Of-Way acquisition to be repurposed to complete the HDMC High Speed Rail (HSR) Service Dev"
2670,2024-05-15,Planning and Programming Committee,125127,,22,,,,,,,,0,0,
2670,2024-05-15,Planning and Programming Committee,125196,,18,,,,,,,,0,0,page break
2671,2024-05-16,Construction Committee,123970,,10,,,,,,,,0,0,CALL TO ORDER
2671,2024-05-16,Construction Committee,123971,,11,,,,,,,,0,0,ROLL CALL
2671,2024-05-16,Construction Committee,124207,,21,,,,,,,,0,0, 
2671,2024-05-16,Construction Committee,124208,,22,10150,2024-0295,Informational Report,,,,,0,0,RECEIVE General Public Comment
2671,2024-05-16,Construction Committee,124209,,23,,,,,,,,0,0,"Consideration of items not on the posted agenda, including: items to be presented and (if requested) referred to staff; items to be placed on the agenda for action at a future meeting of the Committee or Board; and/or items requiring immediate action because of an emergency situation or where the need to take immediate action came to the attention of the Committee subsequent to the posting of the agenda."
2671,2024-05-16,Construction Committee,124210,,24,,,,,,,,0,0,COMMENTS FROM THE PUBLIC ON ITEMS OF PUBLIC INTEREST WITHIN COMMITTEE’S SUBJECT MATTER JURISDICTION
2671,2024-05-16,Construction Committee,124211,,25,,,,,,,,0,0,Adjournment
2671,2024-05-16,Construction Committee,124785,,8,,,,,,,,0,0,"Written public comments must be received by 5PM the day before the meeting.
Please include the Item # in your comment and your position of “FOR,” “AGAINST,” ""GENERAL COMMENT,"" or ""ITEM NEEDS MORE CONSIDERATION.""
Email: BoardClerk@metro.net
Post Office Mail:
Board Administration
One Gateway Plaza
MS: 99-3-1
Los Angeles, CA 90012"
2671,2024-05-16,Construction Committee,124786,,7,,,,,,,,0,0,Written Public Comment Instruction:
2671,2024-05-16,Construction Committee,124787,,6,,,,,,,,0,0,Los comentarios del público se tomaran cuando se toma cada tema. Para dar un comentario público sobre una tema ingrese # 2 (Tecla de numero y dos) cuando se le solicite. Tenga en cuenta que la transmisión de video en vivo se retrasa unos 30 segundos con respecto a la reunión real. No hay retraso en la línea de acceso telefónico para comentarios públicos.
2671,2024-05-16,Construction Committee,124788,,5,,,,,,,,0,0,"Los comentarios publicos en vivo se pueden dar por telefono o en persona.

La Reunion de la Junta comienza a las 9:30 AM, hora del Pacifico, el 16 de Mayo de 2024. Puedes unirte a la llamada 5 minutos antes del comienso de la junta.

Marque: 202-735-3323 y ingrese el codigo
Codigo de acceso en ingles: 5647249#
Codigo de acceso en espanol: 7292892#"
2671,2024-05-16,Construction Committee,124789,,4,,,,,,,,0,0,Instrucciones para comentarios publicos en vivo:
2671,2024-05-16,Construction Committee,124790,,3,,,,,,,,0,0,"Public comment will be taken as the Board takes up each item. To give public comment on an item, enter #2 (pound-two) when prompted. Please note that the live video feed lags about 30 seconds behind the actual meeting. There is no lag on the public comment dial-in line."
2671,2024-05-16,Construction Committee,124791,,2,,,,,,,,0,0,"Live public comment can be given by telephone or in-person.

The Committee Meeting begins at 9:30 AM Pacific Time on May 16, 2024; you may join the call 5 minutes prior to the start of the meeting.

Dial-in: 202-735-3323 and enter
English Access Code: 5647249#
Spanish Access Code: 7292892#"
2671,2024-05-16,Construction Committee,124792,,1,,,,,,,,0,0,Live Public Comment Instructions:
2671,2024-05-16,Construction Committee,125145,19,19,10034,2024-0179,Informational Report,,,,,0,0,RECEIVE AND FILE status report on FY25 Program Management Annual Program Evaluation.
2671,2024-05-16,Construction Committee,125146,18,18,10093,2024-0238,Informational Report,,,,,0,0,RECEIVE AND FILE status update on the Project Labor Agreement and Construction Careers Policy programs through the quarter ending December 2023.
2671,2024-05-16,Construction Committee,125147,,15,,,,,,,,0,0,NON-CONSENT
2671,2024-05-16,Construction Committee,125148,16,14,9918,2024-0063,Contract,,,,,0,0,"AUTHORIZE the Chief Executive Officer to: 

A.	AWARD Contract No. AE112357000 to prepare Plans, Specifications, and Estimates (PS&E) for the North Hollywood to Pasadena Bus Rapid Transit Project (Project) to HDR Engineering, Inc., in the amount of $29,846,544 subject to resolution of properly submitted protest(s), if any; and

B.	EXECUTE individual Contract Modifications within the CEO’s Board approved authority."
2671,2024-05-16,Construction Committee,125149,17,16,9475,2023-0397,Budget,,,,,0,0,"AMEND the Life-of-Project (LOP) budget for the Purple (D Line) Extension Project Section 1 (Project) by $225,000,000 from $3,128,879,593 to $3,353,879,593 using the fund sources as summarized in Attachment A and consistent with the provisions of the Board-adopted Measure R and Measure M Unified Cost Management Policy (Attachment B)."
2671,2024-05-16,Construction Committee,125150,,13,,,,,,,,0,0,CONSENT CALENDAR
2671,2024-05-16,Construction Committee,125151,,12,,,,,,,,0,0,"APPROVE Consent Calendar Item: 16.

Consent Calendar items are approved by one motion unless held by a Director for discussion and/or separate action."
2671,2024-05-16,Construction Committee,125152,,20,,,,,,,,0,0,
2671,2024-05-16,Construction Committee,125153,,9,,,,,,,,0,0,page break
2671,2024-05-16,Construction Committee,126752,,17,,,,,,,,0,0,page break
2672,2024-05-16,Executive Management Committee,124212,,10,,,,,,,,0,0,CALL TO ORDER
2672,2024-05-16,Executive Management Committee,124213,,11,,,,,,,,0,0,ROLL CALL
2672,2024-05-16,Executive Management Committee,124468,,12,,,,,,,,0,0, 
2672,2024-05-16,Executive Management Committee,124470,,13,,,,,,,,0,0,"Consideration of items not on the posted agenda, including: items to be presented and (if requested) referred to staff; items to be placed on the agenda for action at a future meeting of the Committee or Board; and/or items requiring immediate action because of an emergency situation or where the need to take immediate action came to the attention of the Committee subsequent to the posting of the agenda."
2672,2024-05-16,Executive Management Committee,124471,,14,,,,,,,,0,0,COMMENTS FROM THE PUBLIC ON ITEMS OF PUBLIC INTEREST WITHIN COMMITTEE’S SUBJECT MATTER JURISDICTION
2672,2024-05-16,Executive Management Committee,124472,,15,,,,,,,,0,0,Adjournment
2672,2024-05-16,Executive Management Committee,124793,,8,,,,,,,,0,0,"Written public comments must be received by 5PM the day before the meeting.
Please include the Item # in your comment and your position of “FOR,” “AGAINST,” ""GENERAL COMMENT,"" or ""ITEM NEEDS MORE CONSIDERATION.""
Email: BoardClerk@metro.net
Post Office Mail:
Board Administration
One Gateway Plaza
MS: 99-3-1
Los Angeles, CA 90012"
2672,2024-05-16,Executive Management Committee,124794,,7,,,,,,,,0,0,Written Public Comment Instruction:
2672,2024-05-16,Executive Management Committee,124795,,6,,,,,,,,0,0,Los comentarios del público se tomaran cuando se toma cada tema. Para dar un comentario público sobre una tema ingrese # 2 (Tecla de numero y dos) cuando se le solicite. Tenga en cuenta que la transmisión de video en vivo se retrasa unos 30 segundos con respecto a la reunión real. No hay retraso en la línea de acceso telefónico para comentarios públicos.
2672,2024-05-16,Executive Management Committee,124796,,5,,,,,,,,0,0,"Los comentarios publicos en vivo se pueden dar por telefono o en persona.

La Reunion de la Junta comienza a las 11:00 AM, hora del Pacifico, el 16 de Mayo de 2024. Puedes unirte a la llamada 5 minutos antes del comienso de la junta.

Marque: 202-735-3323 y ingrese el codigo
Codigo de acceso en ingles: 5647249#
Codigo de acceso en espanol: 7292892#"
2672,2024-05-16,Executive Management Committee,124797,,4,,,,,,,,0,0,Instrucciones para comentarios publicos en vivo:
2672,2024-05-16,Executive Management Committee,124798,,3,,,,,,,,0,0,"Public comment will be taken as the Board takes up each item. To give public comment on an item, enter #2 (pound-two) when prompted. Please note that the live video feed lags about 30 seconds behind the actual meeting. There is no lag on the public comment dial-in line."
2672,2024-05-16,Executive Management Committee,124799,,2,,,,,,,,0,0,"Live public comment can be given by telephone or in-person.

The Committee Meeting begins at 11:00 AM Pacific Time on May 16, 2024; you may join the call 5 minutes prior to the start of the meeting.

Dial-in: 202-735-3323 and enter
English Access Code: 5647249#
Spanish Access Code: 7292892#"
2672,2024-05-16,Executive Management Committee,124800,,1,,,,,,,,0,0,Live Public Comment Instructions:
2672,2024-05-16,Executive Management Committee,125162,,9,,,,,,,,0,0,page break
2673,2024-05-16,"Operations, Safety, and Customer Experience Committee",124473,,9,,,,,,,,0,0,CALL TO ORDER
2673,2024-05-16,"Operations, Safety, and Customer Experience Committee",124474,,10,,,,,,,,0,0,ROLL CALL
2673,2024-05-16,"Operations, Safety, and Customer Experience Committee",124780,,26,,,,,,,,0,0,"(ALSO ON FINANCE, BUDGET, AND AUDIT COMMITTEE)"
2673,2024-05-16,"Operations, Safety, and Customer Experience Committee",124781,,28,10153,2024-0298,Informational Report,,,,,0,0,RECEIVE General Public Comment
2673,2024-05-16,"Operations, Safety, and Customer Experience Committee",124782,,29,,,,,,,,0,0,"Consideration of items not on the posted agenda, including: items to be presented and (if requested) referred to staff; items to be placed on the agenda for action at a future meeting of the Committee or Board; and/or items requiring immediate action because of an emergency situation or where the need to take immediate action came to the attention of the Committee subsequent to the posting of the agenda."
2673,2024-05-16,"Operations, Safety, and Customer Experience Committee",124783,,30,,,,,,,,0,0,COMMENTS FROM THE PUBLIC ON ITEMS OF PUBLIC INTEREST WITHIN COMMITTEE’S SUBJECT MATTER JURISDICTION
2673,2024-05-16,"Operations, Safety, and Customer Experience Committee",124784,,31,,,,,,,,0,0,Adjournment
2673,2024-05-16,"Operations, Safety, and Customer Experience Committee",124801,,8,,,,,,,,0,0,"Written public comments must be received by 5PM the day before the meeting.
Please include the Item # in your comment and your position of “FOR,” “AGAINST,” ""GENERAL COMMENT,"" or ""ITEM NEEDS MORE CONSIDERATION.""
Email: BoardClerk@metro.net
Post Office Mail:
Board Administration
One Gateway Plaza
MS: 99-3-1
Los Angeles, CA 90012"
2673,2024-05-16,"Operations, Safety, and Customer Experience Committee",124802,,7,,,,,,,,0,0,Written Public Comment Instruction:
2673,2024-05-16,"Operations, Safety, and Customer Experience Committee",124803,,6,,,,,,,,0,0,Los comentarios del público se tomaran cuando se toma cada tema. Para dar un comentario público sobre una tema ingrese # 2 (Tecla de numero y dos) cuando se le solicite. Tenga en cuenta que la transmisión de video en vivo se retrasa unos 30 segundos con respecto a la reunión real. No hay retraso en la línea de acceso telefónico para comentarios públicos.
2673,2024-05-16,"Operations, Safety, and Customer Experience Committee",124804,,5,,,,,,,,0,0,"Los comentarios publicos en vivo se pueden dar por telefono o en persona.

La Reunion de la Junta comienza a las 12:30 PM, hora del Pacifico, el 16 de Mayo de 2024. Puedes unirte a la llamada 5 minutos antes del comienso de la junta.

Marque: 202-735-3323 y ingrese el codigo
Codigo de acceso en ingles: 5647249#
Codigo de acceso en espanol: 7292892#"
2673,2024-05-16,"Operations, Safety, and Customer Experience Committee",124805,,4,,,,,,,,0,0,Instrucciones para comentarios publicos en vivo:
2673,2024-05-16,"Operations, Safety, and Customer Experience Committee",124806,,3,,,,,,,,0,0,"Public comment will be taken as the Board takes up each item. To give public
comment on an item, enter #2 (pound-two) when prompted. Please note that the
live video feed lags about 30 seconds behind the actual meeting. There is no lag
on the public comment dial-in line."
2673,2024-05-16,"Operations, Safety, and Customer Experience Committee",124807,,2,,,,,,,,0,0,"Live public comment can be given by telephone or in-person.

The Committee Meeting begins at 12:30 PM Pacific Time on May 16, 2024; you may join the call 5 minutes prior to the start of the meeting.

Dial-in: 202-735-3323 and enter
English Access Code: 5647249#
Spanish Access Code: 7292892#"
2673,2024-05-16,"Operations, Safety, and Customer Experience Committee",124808,,1,,,,,,,,0,0,Live Public Comment Instructions:
2673,2024-05-16,"Operations, Safety, and Customer Experience Committee",125163,28,23,10088,2024-0233,Appointment,,,,,0,0,APPROVE nominees for membership on Metro’s Gateway Cities Service Council.
2673,2024-05-16,"Operations, Safety, and Customer Experience Committee",125164,27,22,10015,2024-0160,Budget,,,,,0,0,"RECEIVE AND FILE the report of the Operations Central Instruction (OCI) Centralized Campus, which will create a consolidated training and onboarding location for Bus Operators and essential front-line Bus Operations support staff."
2673,2024-05-16,"Operations, Safety, and Customer Experience Committee",125165,26,20,10126,2024-0271,Informational Report,,,,,0,0,RECEIVE AND FILE the NextGen Bus Ridership Update.
2673,2024-05-16,"Operations, Safety, and Customer Experience Committee",125166,25,19,10051,2024-0196,Informational Report,,,,,0,0,RECEIVE oral report on Operations.
2673,2024-05-16,"Operations, Safety, and Customer Experience Committee",125167,24,18,10050,2024-0195,Informational Report,,,,,0,0,RECOGNIZE Operations Employees of the Month.
2673,2024-05-16,"Operations, Safety, and Customer Experience Committee",125168,,17,,,,,,,,0,0,NON-CONSENT
2673,2024-05-16,"Operations, Safety, and Customer Experience Committee",125169,23,16,10062,2024-0207,Budget,,,,,0,0,"APPROVE an increase to the Life-of-Project (LOP) budget for the Bus Divisions and Facilities Fire Alarm Modernization Project by $6,356,000, increasing the LOP budget from $3,474,000 to $9,830,000."
2673,2024-05-16,"Operations, Safety, and Customer Experience Committee",125170,22,15,10058,2024-0203,Contract,,,,,0,0,"AUTHORIZE the Chief Executive Officer to:

A.	AWARD a firm fixed unit rate Contract No. OP91244-20008370, for Regions 1 and 2, to Woods Maintenance Services, Inc. to provide landscape and irrigation maintenance services in the not-to-exceed (NTE) amount of $16,988,820 for the three-year base term, and $12,761,800 for the one, two-year option term, for a total combined NTE amount of $29,750,620, effective July 1, 2024, subject to resolution of any properly submitted protest(s), if any; and

B.	AW"
2673,2024-05-16,"Operations, Safety, and Customer Experience Committee",125171,,11,,,,,,,,0,0,"APPROVE Consent Calendar Items: 20, 21, 22, and 23.

Consent Calendar items are approved by one motion unless held by a Director for discussion and/or separate action."
2673,2024-05-16,"Operations, Safety, and Customer Experience Committee",125172,21,14,10041,2024-0186,Contract,,,,,0,0,"CONSIDER:

A.	AMENDING the Life of Project Budget for the P3010 Fleet Component Overhaul project by $14,542,000 for a total of $50,532,000; and

B.	AUTHORIZING the Chief Executive Officer to award a firm fixed price Contract No. MA101250000 to ORX Railway Corporation for transporting, inspecting, overhauling, and testing a total of 257 P3010 fleet truck systems assemblies including 88 individual gear unit spares for a firm fixed price amount of $39,551,971.00, for a period of 49 months after the"
2673,2024-05-16,"Operations, Safety, and Customer Experience Committee",125173,20,13,9937,2024-0082,Contract,,,,,0,0,"AUTHORIZE the Chief Executive Officer to award a firm fixed unit rate Contract No. OP1107770008370 to ATIS Elevator Inspections, LLC (ATIS) to provide regular and as-needed elevator and escalator consulting services systemwide, in the not-to-exceed (NTE) amount of $1,015,470 for the three-year base period, $390,590 for option year one, and $385,990 for option year two, for a total combined NTE amount of $1,792,050, effective July 1, 2024, subject to resolution of any properly submitted protest(s"
2673,2024-05-16,"Operations, Safety, and Customer Experience Committee",125174,,12,,,,,,,,0,0,CONSENT CALENDAR
2673,2024-05-16,"Operations, Safety, and Customer Experience Committee",125176,29,24,10076,2024-0221,Informational Report,,,,,0,0,RECEIVE AND FILE the Public Safety Report.
2673,2024-05-16,"Operations, Safety, and Customer Experience Committee",125262,14,25,9695,2023-0617,Contract,,,,,0,0,"AUTHORIZE the Chief Executive Officer to:

A.	EXECUTE Modification No. 176 to Contract No. OP02461010001, with Cubic Transportation Systems, Inc. (“Cubic”), in the amount of $66,423,946 for upgrading the current fare payment system to include open payment and account-based functionality and expand its capabilities to improve the customer experience, including acceptance of credit and debit cards as payment on buses and at rail stations for 27 Los Angeles County transit agencies;

B.	EXECUTE "
2673,2024-05-16,"Operations, Safety, and Customer Experience Committee",125263,,27,,,,,,,,0,0,page break
2673,2024-05-16,"Operations, Safety, and Customer Experience Committee",125269,,21,,,,,,,,0,0,(CARRIED OVER FROM APRIL COMMITTEE CYCLE)
2676,2024-06-20,Construction Committee,125812,,10,,,,,,,,0,0,CALL TO ORDER
2676,2024-06-20,Construction Committee,125813,,11,,,,,,,,0,0,ROLL CALL
2676,2024-06-20,Construction Committee,126056,,13,,,,,,,,0,0,"Consideration of items not on the posted agenda, including: items to be presented and (if requested) referred to staff; items to be placed on the agenda for action at a future meeting of the Committee or Board; and/or items requiring immediate action because of an emergency situation or where the need to take immediate action came to the attention of the Committee subsequent to the posting of the agenda."
2676,2024-06-20,Construction Committee,126057,,14,,,,,,,,0,0,COMMENTS FROM THE PUBLIC ON ITEMS OF PUBLIC INTEREST WITHIN COMMITTEE’S SUBJECT MATTER JURISDICTION
2676,2024-06-20,Construction Committee,126058,,15,,,,,,,,0,0,Adjournment
2676,2024-06-20,Construction Committee,126059,,9,,,,,,,,0,0,page break
2676,2024-06-20,Construction Committee,127148,,8,,,,,,,,0,0,"Written public comments must be received by 5PM the day before the meeting.
Please include the Item # in your comment and your position of “FOR,” “AGAINST,” ""GENERAL COMMENT,"" or ""ITEM NEEDS MORE CONSIDERATION.""
Email: BoardClerk@metro.net
Post Office Mail:
Board Administration
One Gateway Plaza
MS: 99-3-1
Los Angeles, CA 90012
Metro"
2676,2024-06-20,Construction Committee,127149,,7,,,,,,,,0,0,Written Public Comment Instruction:
2676,2024-06-20,Construction Committee,127150,,6,,,,,,,,0,0,Los comentarios del público se tomaran cuando se toma cada tema. Para dar un comentario público sobre una tema ingrese # 2 (Tecla de numero y dos) cuando se le solicite. Tenga en cuenta que la transmisión de video en vivo se retrasa unos 30 segundos con respecto a la reunión real. No hay retraso en la línea de acceso telefónico para comentarios públicos.
2676,2024-06-20,Construction Committee,127151,,5,,,,,,,,0,0,"Los comentarios publicos en vivo se pueden dar por telefono o en persona.

La Reunion de la Junta comienza a las 10:30 AM, hora del Pacifico, el 20 de Junio de 2024. Puedes unirte a la llamada 5 minutos antes del comienso de la junta.

Marque: 202-735-3323 y ingrese el codigo
Codigo de acceso en ingles: 5647249#
Codigo de acceso en espanol: 7292892#"
2676,2024-06-20,Construction Committee,127152,,4,,,,,,,,0,0,Instrucciones para comentarios publicos en vivo:
2676,2024-06-20,Construction Committee,127153,,3,,,,,,,,0,0,"Public comment will be taken as the Board takes up each item. To give public comment on an item, enter #2 (pound-two) when prompted. Please note that the live video feed lags about 30 seconds behind the actual meeting. There is no lag on the public comment dial-in line."
2676,2024-06-20,Construction Committee,127154,,2,,,,,,,,0,0,"Live public comment can be given by telephone or in-person.

The Committee Meeting begins at 10:30 PM Pacific Time on June 20, 2024; you may join the call 5 minutes prior to the start of the meeting.

Dial-in: 202-735-3323 and enter
English Access Code: 5647249#
Spanish Access Code: 7292892#"
2676,2024-06-20,Construction Committee,127155,,1,,,,,,,,0,0,Live Public Comment Instructions:
2677,2024-06-20,Executive Management Committee,126060,,10,,,,,,,,0,0,CALL TO ORDER
2677,2024-06-20,Executive Management Committee,126061,,11,,,,,,,,0,0,ROLL CALL
2677,2024-06-20,Executive Management Committee,126062,,12,,,,,,,,0,0,"APPROVE Consent Calendar Item: 18. 

Consent Calendar items are approved by one motion unless held by a Director for discussion
and/or separate action.
"
2677,2024-06-20,Executive Management Committee,126319,18,14,10165,2024-0310,Contract,,,,,0,0,"AUTHORIZE the Chief Executive Officer (CEO) to utilize the National Association of State Procurement Officials (NASPO) cooperative purchase program’s Master Price Agreement to purchase computer and network equipment, peripherals, and related software and services, for a five-year period for a total expenditure not-to-exceed $90 million, subject to funding availability effective September 1, 2024. This request is not for a budget increase but is a request to utilize the NASPO cooperative agreemen"
2677,2024-06-20,Executive Management Committee,126320,,21,10275,2024-0420,Informational Report,,,,,0,0,RECEIVE General Public Comment
2677,2024-06-20,Executive Management Committee,126321,,22,,,,,,,,0,0,"Consideration of items not on the posted agenda, including: items to be presented and (if requested) referred to staff; items to be placed on the agenda for action at a future meeting of the Committee or Board; and/or items requiring immediate action because of an emergency situation or where the need to take immediate action came to the attention of the Committee subsequent to the posting of the agenda."
2677,2024-06-20,Executive Management Committee,126322,,23,,,,,,,,0,0,COMMENTS FROM THE PUBLIC ON ITEMS OF PUBLIC INTEREST WITHIN COMMITTEE’S SUBJECT MATTER JURISDICTION
2677,2024-06-20,Executive Management Committee,126323,,24,,,,,,,,0,0,Adjournment
2677,2024-06-20,Executive Management Committee,126324,,9,,,,,,,,0,0,page break
2677,2024-06-20,Executive Management Committee,127272,,8,,,,,,,,0,0,"Written public comments must be received by 5PM the day before the meeting.
Please include the Item # in your comment and your position of “FOR,” “AGAINST,” ""GENERAL COMMENT,"" or ""ITEM NEEDS MORE CONSIDERATION.""
Email: BoardClerk@metro.net
Post Office Mail:
Board Administration
One Gateway Plaza
MS: 99-3-1
Los Angeles, CA 90012"
2677,2024-06-20,Executive Management Committee,127273,,7,,,,,,,,0,0,Written Public Comment Instruction:
2677,2024-06-20,Executive Management Committee,127274,,6,,,,,,,,0,0,Los comentarios del público se tomaran cuando se toma cada tema. Para dar un comentario público sobre una tema ingrese # 2 (Tecla de numero y dos) cuando se le solicite. Tenga en cuenta que la transmisión de video en vivo se retrasa unos 30 segundos con respecto a la reunión real. No hay retraso en la línea de acceso telefónico para comentarios públicos.
2677,2024-06-20,Executive Management Committee,127275,,5,,,,,,,,0,0,"Los comentarios publicos en vivo se pueden dar por telefono o en persona.

La Reunion de la Junta comienza a las 12:00 PM, hora del Pacifico, el 20 de Junio de 2024. Puedes unirte a la llamada 5 minutos antes del comienso de la junta.

Marque: 202-735-3323 y ingrese el codigo
Codigo de acceso en ingles: 5647249#
Codigo de acceso en espanol: 7292892#"
2677,2024-06-20,Executive Management Committee,127276,,2,,,,,,,,0,0,"Live public comment can be given by telephone or in-person.

The Meeting begins at 12:00 PM Pacific Time on June 20, 2024; you may join the call 5 minutes prior to the start of the meeting.

Dial-in: 202-735-3323 and enter
English Access Code: 5647249#
Spanish Access Code: 7292892#"
2677,2024-06-20,Executive Management Committee,127277,,1,,,,,,,,0,0,Live Public Comment Instructions:
2677,2024-06-20,Executive Management Committee,127278,,4,,,,,,,,0,0,Instrucciones para comentarios publicos en vivo:
2677,2024-06-20,Executive Management Committee,127279,,3,,,,,,,,0,0,"Public comment will be taken as the Board takes up each item. To give public comment on an item, enter #2 (pound-two) when prompted. Please note that the live video feed lags about 30 seconds behind the actual meeting. There is no lag on the public comment dial-in line."
2677,2024-06-20,Executive Management Committee,127555,19,16,10246,2024-0391,Informational Report,,,,,0,0,RECEIVE AND FILE June 2024 State and Federal Legislative Report.
2677,2024-06-20,Executive Management Committee,127556,,15,,,,,,,,0,0,NON-CONSENT
2677,2024-06-20,Executive Management Committee,127557,,13,,,,,,,,0,0,CONSENT CALENDAR
2677,2024-06-20,Executive Management Committee,127558,21,19,10102,2024-0247,Motion / Motion Response,,,,,0,0,"CONSIDER:

A.	RECEIVING AND FILING the status update on the recommendations from the Unsolicited Proposals Five Year Review; and

B.	ADOPTING the Unsolicited Proposals (UP) Policy Staff Recommendations (Attachment A) in response to Board Motion 39."
2677,2024-06-20,Executive Management Committee,127559,20,18,10181,2024-0326,Program,,,,,0,0,"CONSIDER: 

A.	APPROVING 31% Overall Disadvantaged Business Enterprise (DBE) goal for Federal Fiscal Years (FFY) 2025 - 2027 for contracts funded, in whole or in part, with Federal Transit Administration (FTA) funds; and

B.	RECEIVING and FILING an update on the new modernized DBE Program certification and implementation requirements."
2677,2024-06-20,Executive Management Committee,127560,22,20,10120,2024-0265,Informational Report,,,,,0,0,"RECEIVE oral report on marketing and public relations activities to tell the Metro story, with a focus on earned media, as well as social media and partnerships."
2677,2024-06-20,Executive Management Committee,127606,,17,,,,,,,,0,0,page break
2678,2024-06-20,"Operations, Safety, and Customer Experience Committee",126753,,10,,,,,,,,0,0,CALL TO ORDER
2678,2024-06-20,"Operations, Safety, and Customer Experience Committee",126754,,11,,,,,,,,0,0,ROLL CALL
2678,2024-06-20,"Operations, Safety, and Customer Experience Committee",126755,,12,,,,,,,,0,0,"APPROVE Consent Calendar Items: 23, 24, 25, 26, 27, and 28. 

Consent Calendar items are approved by one motion unless held by a Director for discussion
and/or separate action. "
2678,2024-06-20,"Operations, Safety, and Customer Experience Committee",127069,,29,10276,2024-0421,Informational Report,,,,,0,0,RECEIVE General Public Comment
2678,2024-06-20,"Operations, Safety, and Customer Experience Committee",127070,,30,,,,,,,,0,0,"Consideration of items not on the posted agenda, including: items to be presented and (if requested) referred to staff; items to be placed on the agenda for action at a future meeting of the Committee or Board; and/or items requiring immediate action because of an emergency situation or where the need to take immediate action came to the attention of the Committee subsequent to the posting of the agenda."
2678,2024-06-20,"Operations, Safety, and Customer Experience Committee",127071,,31,,,,,,,,0,0,COMMENTS FROM THE PUBLIC ON ITEMS OF PUBLIC INTEREST WITHIN COMMITTEE’S SUBJECT MATTER JURISDICTION
2678,2024-06-20,"Operations, Safety, and Customer Experience Committee",127072,,32,,,,,,,,0,0,Adjournment
2678,2024-06-20,"Operations, Safety, and Customer Experience Committee",127073,,9,,,,,,,,0,0,page break
2678,2024-06-20,"Operations, Safety, and Customer Experience Committee",127280,,8,,,,,,,,0,0,"Written public comments must be received by 5PM the day before the meeting.
Please include the Item # in your comment and your position of “FOR,” “AGAINST,” ""GENERAL COMMENT,"" or ""ITEM NEEDS MORE CONSIDERATION.""
Email: BoardClerk@metro.net
Post Office Mail:
Board Administration
One Gateway Plaza
MS: 99-3-1
Los Angeles, CA 90012"
2678,2024-06-20,"Operations, Safety, and Customer Experience Committee",127281,,7,,,,,,,,0,0,Written Public Comment Instruction:
2678,2024-06-20,"Operations, Safety, and Customer Experience Committee",127282,,6,,,,,,,,0,0,Los comentarios del público se tomaran cuando se toma cada tema. Para dar un comentario público sobre una tema ingrese # 2 (Tecla de numero y dos) cuando se le solicite. Tenga en cuenta que la transmisión de video en vivo se retrasa unos 30 segundos con respecto a la reunión real. No hay retraso en la línea de acceso telefónico para comentarios públicos.
2678,2024-06-20,"Operations, Safety, and Customer Experience Committee",127283,,5,,,,,,,,0,0,"Los comentarios publicos en vivo se pueden dar por telefono o en persona.

La Reunion de la Junta comienza a las 1:30 PM, hora del Pacifico, el 20 de Junio de 2024. Puedes unirte a la llamada 5 minutos antes del comienso de la junta.

Marque: 202-735-3323 y ingrese el codigo
Codigo de acceso en ingles: 5647249#
Codigo de acceso en espanol: 7292892#"
2678,2024-06-20,"Operations, Safety, and Customer Experience Committee",127284,,4,,,,,,,,0,0,Instrucciones para comentarios publicos en vivo:
2678,2024-06-20,"Operations, Safety, and Customer Experience Committee",127285,,3,,,,,,,,0,0,"Public comment will be taken as the Board takes up each item. To give public comment on an item, enter #2 (pound-two) when prompted. Please note that the live video feed lags about 30 seconds behind the actual meeting. There is no lag on the public comment dial-in line."
2678,2024-06-20,"Operations, Safety, and Customer Experience Committee",127286,,2,,,,,,,,0,0,"Live public comment can be given by telephone or in-person.

The Meeting begins at 1:30 PM Pacific Time on June 20, 2024; you may join the call 5 minutes prior to the start of the meeting.

Dial-in: 202-735-3323 and enter
English Access Code: 5647249#
Spanish Access Code: 7292892#"
2678,2024-06-20,"Operations, Safety, and Customer Experience Committee",127287,,1,,,,,,,,0,0,Live Public Comment Instructions:
2678,2024-06-20,"Operations, Safety, and Customer Experience Committee",127561,34,28,10083,2024-0228,Informational Report,,,,,0,0,RECEIVE AND FILE the Public Safety Report.
2678,2024-06-20,"Operations, Safety, and Customer Experience Committee",127562,29,22,10142,2024-0287,Informational Report,,,,,0,0,RECOGNIZE Operations Employees of the Month.
2678,2024-06-20,"Operations, Safety, and Customer Experience Committee",127563,,21,,,,,,,,0,0,NON-CONSENT
2678,2024-06-20,"Operations, Safety, and Customer Experience Committee",127564,28,20,10147,2024-0292,Contract,,,,,0,0,"AUTHORIZE the Chief Executive Officer to:

A.	AWARD a 54-month firm fixed unit rate Contract No. FS118013-C0003000-13A  to Neighborhood Towing 4U, Inc. for Metro Freeway Service Patrol (FSP) towing services for Beat 7 and Beat 29 in the amount of $9,432,184, effective July 2024, subject to resolution of any properly submitted protest(s), if any;

B.	AWARD a 54-month firm fixed unit rate Contract No. FS118013-C0003001-13B  to Reliable Delivery Service, Inc., DBA R.D.S. Towing, for FSP towing serv"
2678,2024-06-20,"Operations, Safety, and Customer Experience Committee",127565,27,19,10143,2024-0288,Contract,,,,,0,0,"AUTHORIZE the Chief Executive Officer to execute Contract Modification No. 2 to exercise an option for the purchase of 37 Static Converter Low Voltage Power Supply (LVPS) units under Contract No. OP82170000 to Kiepe Electric LLC in the amount of $1,470,195, increasing the total Contract value from $472,306 to $1,942,501 and extending the period of performance by 18 months from October 5, 2024 to April 5, 2026."
2678,2024-06-20,"Operations, Safety, and Customer Experience Committee",127566,26,18,10110,2024-0255,Contract,,,,,0,0,"AUTHORIZE the Chief Executive Officer to:

A.	AWARD a firm fixed unit rate Contract No. OP91160-20028370 for Region 1 to BriteWorks, Inc. to provide graffiti abatement maintenance services in the not-to-exceed (NTE) amount of $2,644,321 for the three-year base period, and $1,937,690 for the one, two-year option, for a combined NTE amount of $4,582,011, effective August 1, 2024, subject to resolution of any properly submitted protest(s), if any; and

B.	AWARD a firm fixed unit rate Contract No. O"
2678,2024-06-20,"Operations, Safety, and Customer Experience Committee",127567,25,17,10042,2024-0187,Contract,,,,,0,0,"AUTHORIZE the Chief Executive Officer (CEO) to award a five-year, Indefinite Delivery/Indefinite Quantity (IDIQ) Contract No. FY119572000 for unleaded fuel to Mansfield Oil Company of Gainesville, Inc., the lowest responsive and responsible bidder, for a three-year base contract with a not-to-exceed amount of $11,588,606.93 and one two-year option for a not-to-exceed amount of $7,763,220.01, for a total not-to-exceed contract amount of $19,351,826.94 inclusive of sales tax, subject to resolution"
2678,2024-06-20,"Operations, Safety, and Customer Experience Committee",127568,24,16,10002,2024-0147,Informational Report,,,,,0,0,"APPROVE nominees for membership in Metro’s San Fernando Valley, San Gabriel Valley, South Bay Cities, and Westside Central Service Councils."
2678,2024-06-20,"Operations, Safety, and Customer Experience Committee",127569,23,14,9926,2024-0071,Agreement,,,,,0,0,"CONSIDER:

A.	EXTENDING the Transit Service Operation Agreement between Metro and the City of Glendale for the Glendale Beeline Route 3, for a period of three years through June 30, 2027, for an amount up to $2,396,912.85, which is inclusive of FY24 estimated CPI Index cost adjustment;

B.	EXTENDING the Transit Service Operation Agreement between Metro and the City of Los Angeles Department of Transportation (LADOT) for Dash Pico Union/Echo Park 601, Dash El Sereno/City Terrace 602, and Commuter"
2678,2024-06-20,"Operations, Safety, and Customer Experience Committee",127570,,13,,,,,,,,0,0,CONSENT CALENDAR
2678,2024-06-20,"Operations, Safety, and Customer Experience Committee",127571,33,27,10125,2024-0270,Informational Report,,,,,0,0,"RECEIVE AND FILE:

A.	the status report on Metro’s Public Safety Advisory Committee (PSAC); and

B.	a report on PSAC’s recommendations on the proposed Transit Community Public Safety Department."
2678,2024-06-20,"Operations, Safety, and Customer Experience Committee",127573,32,26,10008,2024-0153,Informational Report,,,,,0,0,RECEIVE AND FILE status report on the MicroTransit Pilot (MTP) Project in response to Board Motion 42 Microtransit Pilot Project.
2678,2024-06-20,"Operations, Safety, and Customer Experience Committee",127574,31,24,10134,2024-0279,Informational Report,,,,,0,0,"RECEIVE AND FILE a status report on the bus and rail service changes effective Sunday, June 23, 2024."
2678,2024-06-20,"Operations, Safety, and Customer Experience Committee",127575,30,23,10141,2024-0286,Informational Report,,,,,0,0,RECEIVE oral report on Operations.
2678,2024-06-20,"Operations, Safety, and Customer Experience Committee",127588,,15,,,,,,,,0,0,page break
2678,2024-06-20,"Operations, Safety, and Customer Experience Committee",127591,,25,,,,,,,,0,0,page break
2683,2024-01-25,Board of Directors - Regular Board Meeting,117210,,11,,,,,,,,0,0,page break
2683,2024-01-25,Board of Directors - Regular Board Meeting,117211,,12,,,,,,,,0,0,CALL TO ORDER
2683,2024-01-25,Board of Directors - Regular Board Meeting,117212,,13,,,,,,,,1,0,ROLL CALL
2683,2024-01-25,Board of Directors - Regular Board Meeting,117213,1,14,,,,,,,,0,0,"APPROVE Consent Calendar Items: 2, 9, 10, 11, 12, 22, 23, 26, 27, 28, 31, and 35. 

Consent Calendar items are approved by one motion unless held by a Director for discussion
and/or separate action.

All Consent Calendar items are listed at the end of the agenda, beginning on page 7."
2683,2024-01-25,Board of Directors - Regular Board Meeting,117214,,27,,,,,,,,0,0,CONSENT CALENDAR
2683,2024-01-25,Board of Directors - Regular Board Meeting,117359,,53,,,,,,,,0,0,"Consideration of items not on the posted agenda, including: items to be presented and (if requested) referred to staff; items to be placed on the agenda for action at a future meeting of the Committee or Board; and/or items requiring immediate action because of an emergency situation or where the need to take immediate action came to the attention of the Committee subsequent to the posting of the agenda."
2683,2024-01-25,Board of Directors - Regular Board Meeting,117360,,54,,,,,,,,0,0,COMMENTS FROM THE PUBLIC ON ITEMS OF PUBLIC INTEREST WITHIN COMMITTEE’S SUBJECT MATTER JURISDICTION
2683,2024-01-25,Board of Directors - Regular Board Meeting,117361,,55,,,,,,,,0,0,Adjournment
2683,2024-01-25,Board of Directors - Regular Board Meeting,117362,,10,,,,,,,,0,0,
2683,2024-01-25,Board of Directors - Regular Board Meeting,117363,,1,,,,,,,,0,0,Live Public Comment Instructions:
2683,2024-01-25,Board of Directors - Regular Board Meeting,117364,,9,,,,,,,,0,0,
2683,2024-01-25,Board of Directors - Regular Board Meeting,117365,,8,,,,,,,,0,0,"Written public comments must be received by 5PM the day before the meeting. Please
include the Item # in your comment and your position of “FOR,” “AGAINST,” ""GENERAL COMMENT,"" or ""ITEM NEEDS MORE CONSIDERATION.""
Email: BoardClerk@metro.net
Post Office Mail:
Board Administration
One Gateway Plaza
MS: 99-3-1
Los Angeles, CA 90012"
2683,2024-01-25,Board of Directors - Regular Board Meeting,117366,,7,,,,,,,,0,0,Written Public Comment Instruction:
2683,2024-01-25,Board of Directors - Regular Board Meeting,117367,,6,,,,,,,,0,0,Los comentarios del público se tomaran cuando se toma cada tema. Para dar un comentario público sobre una tema ingrese # 2 (Tecla de numero y dos) cuando se le solicite. Tenga en cuenta que la transmisión de video en vivo se retrasa unos 30 segundos con respecto a la reunión real. No hay retraso en la línea de acceso telefónico para comentarios públicos.
2683,2024-01-25,Board of Directors - Regular Board Meeting,117368,,5,,,,,,,,0,0,"Los comentarios publicos en vivo se pueden dar por telefono o en persona.

La Reunion de la Junta comienza a las 10:00 AM, hora del Pacifico, el 25 de Enero de 2024. Puedes unirte a la llamada 5 minutos antes del comienso de la junta.

Marque: 202-735-3323 y ingrese el codigo
Codigo de acceso en ingles: 5647249#
Codigo de acceso en espanol: 7292892#"
2683,2024-01-25,Board of Directors - Regular Board Meeting,117369,,4,,,,,,,,0,0,Instrucciones para comentarios publicos en vivo:
2683,2024-01-25,Board of Directors - Regular Board Meeting,117370,,3,,,,,,,,0,0,"Public comment will be taken as the Board takes up each item. To give public
comment on an item, enter #2 (pound-two) when prompted. Please note that the
live video feed lags about 30 seconds behind the actual meeting. There is no lag
on the public comment dial-in line."
2683,2024-01-25,Board of Directors - Regular Board Meeting,117371,,2,,,,,,,,0,0,"Live public comment can be given by telephone or in-person.

The Board Meeting begins at 10:00 AM Pacific Time on January 25, 2024; you may join the call 5 minutes prior to the start of the meeting.

Dial-in: 202-735-3323 and enter
English Access Code: 5647249#
Spanish Access Code: 7292892#"
2683,2024-01-25,Board of Directors - Regular Board Meeting,117372,,15,,,,,,,,0,0,NON-CONSENT
2683,2024-01-25,Board of Directors - Regular Board Meeting,117373,4,17,9898,2024-0043,Oral Report / Presentation,RECEIVED,Pass,,,0,0,RECEIVE report by the Chief Executive Officer.
2683,2024-01-25,Board of Directors - Regular Board Meeting,117374,3,16,9897,2024-0042,Oral Report / Presentation,RECEIVED,Pass,,,0,0,RECEIVE remarks by the Chair.
2683,2024-01-25,Board of Directors - Regular Board Meeting,117375,,48,,,,,,,,0,0,"OPERATIONS, SAFETY, AND CUSTOMER EXPERIENCE COMMITTEE MADE THE FOLLOWING RECOMMENDATION  (3-0): "
2683,2024-01-25,Board of Directors - Regular Board Meeting,117376,9,30,9779,2023-0701,Contract,,,,,0,0,"AUTHORIZE the Chief Executive Officer (CEO) to execute a five-year, firm-fixed-price Contract No. PS104041-2000 to SP Plus Corporation for parking enforcement services in the amount of $6,446,435, subject to resolution of any properly submitted protest(s), if any."
2683,2024-01-25,Board of Directors - Regular Board Meeting,117377,7,19,9806,2023-0728,Informational Report,RECEIVED AND FILED,Pass,,,0,0,RECEIVE AND FILE The Fiscal Year 2025 (FY25) Budget Development Process.
2683,2024-01-25,Board of Directors - Regular Board Meeting,117378,,18,,,,,,,,0,0,"FINANCE, BUDGET AND AUDIT COMMITTEE RECEIVED AND FILED THE FOLLOWING: "
2683,2024-01-25,Board of Directors - Regular Board Meeting,117379,,29,,,,,,,,0,0,PLANNING AND PROGRAMMING COMMITTEE MADE THE FOLLOWING RECOMMENDATION (3-0): 
2683,2024-01-25,Board of Directors - Regular Board Meeting,117380,12,36,9528,2023-0450,Program,APPROVED,Pass,,,0,1,"CONSIDER:

A.	AWARDING $5 million to the Open and Slow Streets Grants Program Cycle Five to  fund 16  events scheduled through December 2025 (Attachment A); and

B.	REPROGRAMMING Cycle Four funds not expended by December 31, 2023, up to the amount of $500,000, towards Cycle Five (Attachment A), increasing the total available funding amount for Cycle Five to $5.5 million."
2683,2024-01-25,Board of Directors - Regular Board Meeting,117381,,35,,,,,,,,0,0,PLANNING AND PROGRAMMING COMMITTEE MADE THE FOLLOWING RECOMMENDATION (4-0): 
2683,2024-01-25,Board of Directors - Regular Board Meeting,117382,11,34,9812,2023-0734,Program,APPROVED,Pass,,,0,1,"CONSIDER:

A.	REPROGRAMMING of project previously approved to meet environmental, design, right-of-way, and construction time frames in Measure M Multi-Year Subregional Program (MSP) Active Transportation, Transit, and Tech Program, as shown in Attachment A;

B.	APPROVING programming of an additional $11,500,000 within the capacity of Measure M MSP Highway Efficiency Program, as shown in Attachment B; and

C.	AUTHORIZING the Chief Executive Officer (CEO) or their designee to negotiate and "
2683,2024-01-25,Board of Directors - Regular Board Meeting,117383,,33,,,,,,,,0,0,PLANNING AND PROGRAMMING COMMITTEE MADE THE FOLLOWING RECOMMENDATION (4-0): 
2683,2024-01-25,Board of Directors - Regular Board Meeting,117384,10,32,9562,2023-0484,Program,APPROVED,Pass,,,0,1,"CONSIDER:

A.	APPROVING $23,898,269 in additional programming within the capacity of Measure R Multimodal Highway Subregional Programs and funding changes via the updated project list shown in Attachment A, projects within this Measure R Multimodal Highway Subregional Program are inclusive of traffic signal, pedestrian, bicycle, transit, and roadway improvements.

B.	APPROVING the deobligation of $1,200,000 in previously approved Measure R Multimodal Highway Subregional Program funds for re-"
2683,2024-01-25,Board of Directors - Regular Board Meeting,117385,,31,,,,,,,,0,0,PLANNING AND PROGRAMMING COMMITTEE MADE THE FOLLOWING RECOMMENDATION (4-0): 
2683,2024-01-25,Board of Directors - Regular Board Meeting,117386,23,41,9885,2024-0030,Motion / Motion Response,APPROVED,Pass,,,0,1,"APPROVE Motion by Directors Hahn, Solis, and Dutra that the Board direct the Chief Executive Officer to plan for transportation and access for the future SELA Cultural Center, including:

A.	First-/last-mile efforts to be included in future plans for Gardendale Station, including any unique funding opportunities linked to transit and the arts; and,

B.	Multi-jurisdictional coordination to address future access to the SELA Cultural Center, including Metro, LA County Public Works, the Californ"
2683,2024-01-25,Board of Directors - Regular Board Meeting,117387,,40,,,,,,,,0,0,EXECUTIVE MANAGEMENT COMMITTEE MADE THE FOLLOWING RECOMMENDATION (4-0)
2683,2024-01-25,Board of Directors - Regular Board Meeting,117388,22,38,9886,2024-0031,Motion / Motion Response,APPROVED,Pass,,,0,1,"APPROVE Motion by Directors Hahn, Solis, Horvath, Barger, Dutra and Sandoval that the Board direct the Chief Executive Officer to coordinate with the LA County Department of Mental Health, as well as applicable local jurisdictions, such as the City of Long Beach, in order to:

A.	Provide appropriate mental health training to frontline Metro staff and contractors, including resources, situational awareness information, and referral materials; and,

B.	Develop a way for Metro personnel to access i"
2683,2024-01-25,Board of Directors - Regular Board Meeting,117389,,42,,,,,,,,0,0,"OPERATIONS, SAFETY, AND CUSTOMER EXPERIENCE COMMITTEE MADE THE
FOLLOWING RECOMMENDATION (5-0):"
2683,2024-01-25,Board of Directors - Regular Board Meeting,117390,,37,,,,,,,,0,0,EXECUTIVE MANAGEMENT COMMITTEE MADE THE FOLLOWING RECOMMENDATION (4-0): 
2683,2024-01-25,Board of Directors - Regular Board Meeting,117391,,46,,,,,,,,0,0,"OPERATIONS, SAFETY, AND CUSTOMER EXPERIENCE COMMITTEE MADE THE FOLLOWING RECOMMENDATION (5-0):"
2683,2024-01-25,Board of Directors - Regular Board Meeting,117392,27,45,9780,2023-0702,Contract,APPROVED,Pass,,,0,1,"AUTHORIZE the Chief Executive Officer to award a firm fixed unit rate Contract No. OP496040008370 to Thrifty Tree Service, Inc., the lowest responsive and responsible bidder, to provide tree trimming maintenance services along the Metro G Line (Orange), in the not-to-exceed (NTE) amount of $1,415,000 for the three-year base period, and $914,500 for the one, two-year option, for a total combined NTE amount of $2,329,500, effective February 29, 2024, subject to the resolution of any properly submi"
2683,2024-01-25,Board of Directors - Regular Board Meeting,117393,26,43,9815,2023-0737,Contract,APPROVED,Pass,,,0,1,"Authorize the Chief Executive Officer to award a five-year, firm fixed unit rate Contract No. PS106951000 to Fusion Media, the lowest cost responsive, responsible bidder for non-inventory paper products, in the not-to-exceed amount of $3,500,000 inclusive of sales tax, effective February 1, 2024, subject to the resolution of any properly submitted protest(s)."
2683,2024-01-25,Board of Directors - Regular Board Meeting,117394,28,47,9538,2023-0460,Contract,APPROVED,Pass,,,0,1,"AUTHORIZE the Chief Executive Officer (CEO) to execute Contract Modification No. 17 to BYD Coach & Bus, LLC, to perform the procurement and installation of four (4) 360kW depot chargers at Division 9 (D9) and the installation of four (4) 450kW Opportunity chargers at the El Monte Transit Center (EMTC) at a firm fixed price of $6,470,605, including tax and delivery."
2683,2024-01-25,Board of Directors - Regular Board Meeting,117395,,44,,,,,,,,0,0,"OPERATIONS, SAFETY, AND CUSTOMER EXPERIENCE COMMITTEE MADE THE FOLLOWING RECOMMENDATION (5-0): "
2683,2024-01-25,Board of Directors - Regular Board Meeting,117396,,50,,,,,,,,0,0,"OPERATIONS, SAFETY, AND CUSTOMER EXPERIENCE COMMITTEE MADE THE FOLLOWING RECOMMENDATION  (3-0): "
2683,2024-01-25,Board of Directors - Regular Board Meeting,117397,31,49,9807,2023-0729,Fare / Tariff / Service Change,APPROVED,Pass,,,0,1,"AUTHORIZE the Chief Executive Officer to:
 
A.	IMPLEMENT the approved base fare of $2.50 for Metro’s MicroTransit program, Metro Micro;

B.	INTEGRATE transfers with bus and rail services into the MicroTransit service; and

C.	INCORPORATE the Low Income Fare is Easy (LIFE) program and other Metro discount programs into the Metro Micro fare structure."
2683,2024-01-25,Board of Directors - Regular Board Meeting,117400,33,24,9747,2023-0669,Informational Report,RECEIVED AND FILED,Pass,,,0,0,RECEIVE AND FILE an update on the Implementation Plan for the establishment of a Transit Community Public Safety Department (TCPSD).
2683,2024-01-25,Board of Directors - Regular Board Meeting,117401,,23,,,,,,,,0,0,"OPERATIONS, SAFETY, AND CUSTOMER EXPERIENCE COMMITTEE RECEIVED AND FILED THE FOLLOWING: "
2683,2024-01-25,Board of Directors - Regular Board Meeting,117403,35,51,9816,2023-0738,Contract,APPROVED,Pass,,,0,1,"AUTHORIZE the Chief Executive Officer to:

A.	AWARD Contract No. HR5000-2023 to the Hyundai Rotem Company for the manufacturing and delivery of 182 heavy rail vehicles (HRVs), in the amount of $663,688,303 for the base contract buy, exclusive of one (1) contract option for an additional 50 HRVs, totaling 232 HRVs, subject to resolution of the protest submitted to Metro;

B.	APPROVE a combined Life of Project (LOP) budget of $730,057,133, which includes the cost of the vehicle contract of $663,68"
2683,2024-01-25,Board of Directors - Regular Board Meeting,117405,2,28,9900,2024-0045,Minutes,APPROVED,Pass,,,0,1,"APPROVE Minutes of the Regular Board Meeting held November 30, 2023."
2683,2024-01-25,Board of Directors - Regular Board Meeting,117406,24,21,9846,2023-0769,Informational Report,RECEIVED AND FILED,Pass,,,0,0,RECEIVE AND FILE January 2024 State and Federal Legislative Report.
2683,2024-01-25,Board of Directors - Regular Board Meeting,117407,,52,9899,2024-0044,Informational Report,,,,,0,0,RECEIVE General Public Comment
2683,2024-01-25,Board of Directors - Regular Board Meeting,117415,,20,,,,,,,,0,0,EXECUTIVE MANAGEMENT COMMITTEE FORWARDED THE FOLLOWING:
2683,2024-01-25,Board of Directors - Regular Board Meeting,117427,,22,,,,,,,,0,0,Page break
2683,2024-01-25,Board of Directors - Regular Board Meeting,117428,,26,,,,,,,,0,0,Page break
2683,2024-01-25,Board of Directors - Regular Board Meeting,117429,,39,,,,,,,,0,0,Page break
2683,2024-01-25,Board of Directors - Regular Board Meeting,117470,,,,,,APPROVED ON CONSENT CALENDAR,Pass,,,0,1,Approval of the Consent Agenda
2684,2024-02-22,Board of Directors - Regular Board Meeting,120795,,9,,,,,,,,0,0,page break
2684,2024-02-22,Board of Directors - Regular Board Meeting,120796,,10,,,,,,,,0,0,CALL TO ORDER
2684,2024-02-22,Board of Directors - Regular Board Meeting,120797,,11,,,,,,,,1,0,ROLL CALL
2684,2024-02-22,Board of Directors - Regular Board Meeting,120798,1,12,,,,,,,,0,0,"APPROVE Consent Calendar Items: 2, 6, 13, 15, 17, 18, 19, 20**, 21, and 22. 

Consent Calendar items are approved by one motion unless held by a Director for discussion and/or separate action.

**Item requires 2/3 vote of the Full Board 

All Consent Calendar items are listed at the end of the agenda, beginning on page 13.

"
2684,2024-02-22,Board of Directors - Regular Board Meeting,120799,,26,,,,,,,,0,0,CONSENT CALENDAR
2684,2024-02-22,Board of Directors - Regular Board Meeting,120944,,50,9981,2024-0126,Informational Report,,,,,0,0,RECEIVE General Public Comment
2684,2024-02-22,Board of Directors - Regular Board Meeting,120945,,51,,,,,,,,0,0,"Consideration of items not on the posted agenda, including: items to be presented and (if requested) referred to staff; items to be placed on the agenda for action at a future meeting of the Committee or Board; and/or items requiring immediate action because of an emergency situation or where the need to take immediate action came to the attention of the Committee subsequent to the posting of the agenda."
2684,2024-02-22,Board of Directors - Regular Board Meeting,120946,,52,,,,,,,,0,0,COMMENTS FROM THE PUBLIC ON ITEMS OF PUBLIC INTEREST WITHIN COMMITTEE’S SUBJECT MATTER JURISDICTION
2684,2024-02-22,Board of Directors - Regular Board Meeting,120947,,53,,,,,,,,0,0,Adjournment
2684,2024-02-22,Board of Directors - Regular Board Meeting,120948,,8,,,,,,,,0,0,"Written public comments must be received by 5PM the day before the meeting. Please
include the Item # in your comment and your position of “FOR,” “AGAINST,” ""GENERAL
COMMENT,"" or ""ITEM NEEDS MORE CONSIDERATION.""
Email: BoardClerk@metro.net
Post Office Mail:
Board Administration
One Gateway Plaza
MS: 99-3-1
Los Angeles, CA 90012"
2684,2024-02-22,Board of Directors - Regular Board Meeting,120949,,7,,,,,,,,0,0,Written Public Comment Instruction:
2684,2024-02-22,Board of Directors - Regular Board Meeting,120950,,6,,,,,,,,0,0,Los comentarios del público se tomaran cuando se toma cada tema. Para dar un comentario público sobre una tema ingrese # 2 (Tecla de numero y dos) cuando se le solicite. Tenga en cuenta que la transmisión de video en vivo se retrasa unos 30 segundos con respecto a la reunión real. No hay retraso en la línea de acceso telefónico para comentarios públicos.
2684,2024-02-22,Board of Directors - Regular Board Meeting,120951,,5,,,,,,,,0,0,"Los comentarios publicos en vivo se pueden dar por telefono o en persona.

La Reunion de la Junta comienza a las 10:00 AM, hora del Pacifico, el 22 de Febrero de 2024. Puedes unirte a la llamada 5 minutos antes del comienso de la junta.

Marque: 202-735-3323 y ingrese el codigo
Codigo de acceso en ingles: 5647249#
Codigo de acceso en espanol: 7292892#"
2684,2024-02-22,Board of Directors - Regular Board Meeting,120952,,4,,,,,,,,0,0,Instrucciones para comentarios publicos en vivo:
2684,2024-02-22,Board of Directors - Regular Board Meeting,120953,,3,,,,,,,,0,0,"Public comment will be taken as the Board takes up each item. To give public comment on an item, enter #2 (pound-two) when prompted. Please note that the live video feed lags about 30 seconds behind the actual meeting. There is no lag on the public comment dial-in line."
2684,2024-02-22,Board of Directors - Regular Board Meeting,120954,,2,,,,,,,,0,0,"Live public comment can be given by telephone or in-person.

The Board Meeting begins at 10:00 AM Pacific Time on February 22, 2024; you may join the call 5 minutes prior to the start of the meeting.

Dial-in: 202-735-3323 and enter
English Access Code: 5647249#
Spanish Access Code: 7292892#"
2684,2024-02-22,Board of Directors - Regular Board Meeting,120955,,1,,,,,,,,0,0,Live Public Comment Instructions:
2684,2024-02-22,Board of Directors - Regular Board Meeting,120956,4,15,9979,2024-0124,Oral Report / Presentation,RECEIVED,Pass,,,0,0,RECEIVE report by the Chief Executive Officer.
2684,2024-02-22,Board of Directors - Regular Board Meeting,120957,3,14,9978,2024-0123,Oral Report / Presentation,RECEIVED,Pass,,,0,0,RECEIVE remarks by the Chair.
2684,2024-02-22,Board of Directors - Regular Board Meeting,120958,,13,,,,,,,,0,0,NON-CONSENT
2684,2024-02-22,Board of Directors - Regular Board Meeting,120959,2,27,9980,2024-0125,Minutes,APPROVED,Pass,,,0,1,"APPROVE Minutes of the Regular Board Meeting held January 25, 2024."
2684,2024-02-22,Board of Directors - Regular Board Meeting,120964,,22,,,,,,,,0,0,"PLANNING AND PROGRAMMING COMMITTEE FORWARDED THE FOLLOWING 
WITHOUT RECOMMENDATION: "
2684,2024-02-22,Board of Directors - Regular Board Meeting,120965,10,21,9847,2023-0770,Contract,APPROVED,Pass,,,0,0,"AUTHORIZE the Chief Executive Officer to:

A.	AWARD firm fixed price Contract No. PS109969000 to Metro Auto Parks for Union Station Parking Management Services in the amount of $9,889,702 for a five-year base period, with two, one-year options in the amounts of $2,295,428 and $2,426,518, respectively, for a total amount of $14,611,648, effective April 1, 2024, subject to resolution of any properly submitted protest(s), if any, and;

B.	EXECUTE individual contract modifications within the Boa"
2684,2024-02-22,Board of Directors - Regular Board Meeting,120966,7,17,9818,2023-0740,Resolution,ADOPTED,Pass,,,0,0,"ADOPT a Resolution (Attachment A) that authorizes the issuance and sale of up to $230 million in aggregate principal amount of the Proposition A First Tier Senior Sales Tax Revenue Refunding Bonds in one or more series, and taking all other actions necessary in connection with the issuance of the refunding bonds.

(REQUIRES SEPARATE, SIMPLE MAJORITY BOARD VOTE)"
2684,2024-02-22,Board of Directors - Regular Board Meeting,120967,6,29,9870,2024-0015,Contract,APPROVED,Pass,,,0,0,"AUTHORIZE the Chief Executive Officer (CEO) to: 

A.	AWARD a 36-month firm fixed price Contract No. PS100859000 to Deloitte Consulting, LLP for the acquisition and implementation of the Oracle Human Capital Management Cloud Suite application and software support services, in the amount of $13,919,723, subject to the resolution of any properly submitted protest(s), if any; 

B.	APPROVE Contract Modification Authority specific to Contract No. PS100859000 in the amount of $2,783,945, or 20% of "
2684,2024-02-22,Board of Directors - Regular Board Meeting,120968,,28,,,,,,,,0,0,"FINANCE, BUDGET AND AUDIT COMMITTEE MADE THE FOLLOWING RECOMMENDATION (3-0):"
2684,2024-02-22,Board of Directors - Regular Board Meeting,120969,12,23,9821,2023-0743,Project,APPROVED,Pass,,,0,0,"CONSIDER:

A.	APPROVING the Los Angeles Aerial Rapid Transit Project (“Project”) with Design Option A pursuant to Public Utilities Code (PUC) section 130252;

B.	CERTIFYING, in accordance with the California Environmental Quality Act  (CEQA), the Final Environmental Impact Report (EIR) if the Board concludes that it satisfies the requirements of CEQA and reflects the Board’s independent judgment following CEQA Guidelines section 15090; 

C.	ADOPTING, in accordance with CEQA, the:

1.	Fin"
2684,2024-02-22,Board of Directors - Regular Board Meeting,120972,,16,,,,,,,,0,0,"FINANCE, BUDGET AND AUDIT COMMITTEE MADE THE FOLLOWING RECOMMENDATION (4-0):"
2684,2024-02-22,Board of Directors - Regular Board Meeting,120973,,20,,,,,,,,0,0,PLANNING AND PROGRAMMING COMMITTEE FORWARDED THE FOLLOWING WITHOUT RECOMMENDATION DUE TO CONFLICTS: 
2684,2024-02-22,Board of Directors - Regular Board Meeting,120974,,49,,,,,,,,0,0,
2684,2024-02-22,Board of Directors - Regular Board Meeting,120975,,48,,,,,,,,0,0,
2684,2024-02-22,Board of Directors - Regular Board Meeting,120976,13,32,9869,2024-0014,Contract,APPROVED,Pass,,,0,1,"AUTHORIZE the Chief Executive Officer to execute a five-year, firm-fixed unit rate Contract No. PS110623000 to Canon Solutions America, Inc. to provide copy center equipment and services in a not-to-exceed amount of $1,917,720, effective March 1, 2024, subject to the resolution of protest(s), if any."
2684,2024-02-22,Board of Directors - Regular Board Meeting,120977,,31,,,,,,,,0,0,EXECUTIVE MANAGEMENT COMMITTEE MADE THE FOLLOWING RECOMMENDATION (4-0):
2684,2024-02-22,Board of Directors - Regular Board Meeting,120978,,33,,,,,,,,0,0,EXECUTIVE MANAGEMENT COMMITTEE MADE THE FOLLOWING RECOMMENDATION (4-0):
2684,2024-02-22,Board of Directors - Regular Board Meeting,120979,15,34,9813,2023-0735,Contract,APPROVED,Pass,,,0,0,"AUTHORIZE the Chief Executive Officer (CEO) to award a cost-plus fixed fee contract, Contract No. AE107133000, for a period of 5 years, with two, 5-year options, to WSP USA, Inc., for Program Management Support Services (PMSS) for the Slauson/A Line to Pioneer segment of the Southeast Gateway Line Project (formerly referred to as the West Santa Ana Branch Transit Corridor) in an amount not to exceed $99,999,105, subject to the resolution of any properly submitted protest(s), if any."
2684,2024-02-22,Board of Directors - Regular Board Meeting,120980,,18,,,,,,,,0,0,
2684,2024-02-22,Board of Directors - Regular Board Meeting,120981,22,47,9573,2023-0495,Contract,APPROVED,Pass,,,0,0,"CONSIDER:

A.	AUTHORIZING the Chief Executive Officer to award a fixed price contract, Contract No. A650-2022 to Woojin IS America for the refurbishment of 74 heavy rail vehicles (HRVs), in the amount of $213,587,543 for 70 base HRVs ($201,221,103), and exercise one contract option for an additional 4 HRVs ($12,366,440), totaling 74 HRVs; subject to the resolution of any properly submitted protest(s); and

B.	APPROVING the Life of Project (LOP) budget of $264,662,611.20."
2684,2024-02-22,Board of Directors - Regular Board Meeting,120982,,44,,,,,,,,0,0,"OPERATIONS, SAFETY, AND CUSTOMER EXPERIENCE COMMITTEE MADE THE FOLLOWING RECOMMENDATION (3-0):"
2684,2024-02-22,Board of Directors - Regular Board Meeting,120983,17,36,9697,2023-0619,Contract,APPROVED,Pass,,,0,1,"AUTHORIZE the Chief Executive Officer to:

A.	AWARD a seven-year firm fixed price Contract No. PS100159000 to HNTB Corporation in the amount of $23,987,498 for consultant support services for ExpressLanes Operations and Planning, subject to resolution of any properly submitted protest(s) if any, and; 

B.	EXECUTE individual contract modifications within the Board approved contract modification authority."
2684,2024-02-22,Board of Directors - Regular Board Meeting,120984,,35,,,,,,,,0,0,"OPERATIONS, SAFETY, AND CUSTOMER EXPERIENCE COMMITTEE MADE THE FOLLOWING RECOMMENDATION (3-0):"
2684,2024-02-22,Board of Directors - Regular Board Meeting,120985,,46,,,,,,,,0,0,"OPERATIONS, SAFETY, AND CUSTOMER EXPERIENCE COMMITTEE MADE THE FOLLOWING RECOMMENDATION (3-0):"
2684,2024-02-22,Board of Directors - Regular Board Meeting,120986,21,45,9904,2024-0049,Informational Report,RECEIVED AND FILED,Pass,,,0,1,APPROVE nominee for membership on Metro’s San Gabriel Valley Service Council.
2684,2024-02-22,Board of Directors - Regular Board Meeting,120987,20,43,9835,2023-0758,Contract,APPROVED,Pass,,,0,1,"CONSIDER:

A.	AUTHORIZING the Chief Executive Officer to award a 24-month indefinite quantity/indefinite delivery Contract No MA101202000 to Saft America Inc. for the purchase of 235 P3010 Battery Kits for a not-to-exceed amount of $3,513,278 subject to the resolution of any properly submitted protest(s), if any; and

B.	FINDING that there is only a single source of procurement for the item(s) set forth in Recommendation A above and that the purchase is for the sole purpose of duplicating or rep"
2684,2024-02-22,Board of Directors - Regular Board Meeting,120988,,41,,,,,,,,0,0,"OPERATIONS, SAFETY, AND CUSTOMER EXPERIENCE COMMITTEE MADE THE FOLLOWING RECOMMENDATION (3-0):"
2684,2024-02-22,Board of Directors - Regular Board Meeting,120989,19,40,9826,2023-0748,Budget,ADOPTED,Pass,,,0,1,"ESTABLISH a Life of Project (LOP) Budget of $19,000,000 for the Metro B, D, A Lines, and Division 20 Fire Alarm and Suppression System Project."
2684,2024-02-22,Board of Directors - Regular Board Meeting,120990,,39,,,,,,,,0,0,"OPERATIONS, SAFETY, AND CUSTOMER EXPERIENCE COMMITTEE MADE THE FOLLOWING RECOMMENDATION (3-0):"
2684,2024-02-22,Board of Directors - Regular Board Meeting,120991,18,38,9814,2023-0736,Contract,APPROVED,Pass,,,0,1,"AUTHORIZE the Chief Executive Officer to award a firm fixed price contract under IFB No. DR113478 with Elite Auto Network, the lowest responsive and responsible bidder for 21 Toyota bZ4X Electric Vehicles (EV) Crossovers for a total of $1,305,792.28 inclusive of sales tax, subject to the resolution of any properly submitted protest(s), if any."
2684,2024-02-22,Board of Directors - Regular Board Meeting,120992,,37,,,,,,,,0,0,"OPERATIONS, SAFETY, AND CUSTOMER EXPERIENCE COMMITTEE MADE THE FOLLOWING RECOMMENDATION (3-0):"
2684,2024-02-22,Board of Directors - Regular Board Meeting,120994,12.1,24,9987,2024-0132,Motion / Motion Response,APPROVED,Pass,,,0,0,"APPROVE Motion by Directors Solis, Bass, Dupont-Walker, Horvath, and Sandoval that the Board approve Item 12’s staff recommendations (A) through (D) subject to the following conditions of approval, which shall be satisfied before Los Angeles Aerial Rapid Transit (LAART or Project) construction.  The conditions of approval are as follows: 

A.	Zero Emissions Transit or its affiliates (hereinafter, “ZET”) satisfies the following conditions:

1.	ZET fully and in perpetuity indemnify, release fr"
2684,2024-02-22,Board of Directors - Regular Board Meeting,120996,,19,,,,,,,,0,0,page break
2684,2024-02-22,Board of Directors - Regular Board Meeting,120998,,30,,,,,,,,0,0,page break
2684,2024-02-22,Board of Directors - Regular Board Meeting,120999,,42,,,,,,,,0,0,
2684,2024-02-22,Board of Directors - Regular Board Meeting,122414,,,,,,APPROVED ON CONSENT CALENDAR,Pass,,,0,1,Approval of the Consent Agenda
2685,2024-03-28,Board of Directors - Regular Board Meeting,122655,,10,,,,,,,,0,0,page break
2685,2024-03-28,Board of Directors - Regular Board Meeting,122656,,11,,,,,,,,0,0,CALL TO ORDER
2685,2024-03-28,Board of Directors - Regular Board Meeting,122657,,12,,,,,,,,1,0,ROLL CALL
2685,2024-03-28,Board of Directors - Regular Board Meeting,122658,1,13,,,,,,,,0,0,"APPROVE Consent Calendar Items: 2, 7, 8, 9, 10, 13, 14, 16, 17, 18, 19, 20, 23, 25, 26**, 27, 28, 29, 30, 31, 32, 33, 34, and 37. 

Consent Calendar items are approved by one motion unless held by a Director for discussion and/or separate action.

**Item requires 2/3 vote of the full board.

All Consent Calendar items are listed at the end of the agenda, beginning on page 8."
2685,2024-03-28,Board of Directors - Regular Board Meeting,122659,,29,,,,,,,,0,0,CONSENT CALENDAR
2685,2024-03-28,Board of Directors - Regular Board Meeting,122805,,84,10056,2024-0201,Informational Report,,,,,0,0,RECEIVE General Public Comment
2685,2024-03-28,Board of Directors - Regular Board Meeting,122806,,85,,,,,,,,0,0,"Consideration of items not on the posted agenda, including: items to be presented and (if requested) referred to staff; items to be placed on the agenda for action at a future meeting of the Committee or Board; and/or items requiring immediate action because of an emergency situation or where the need to take immediate action came to the attention of the Committee subsequent to the posting of the agenda."
2685,2024-03-28,Board of Directors - Regular Board Meeting,122807,,86,,,,,,,,0,0,COMMENTS FROM THE PUBLIC ON ITEMS OF PUBLIC INTEREST WITHIN COMMITTEE’S SUBJECT MATTER JURISDICTION
2685,2024-03-28,Board of Directors - Regular Board Meeting,122808,,87,,,,,,,,0,0,Adjournment
2685,2024-03-28,Board of Directors - Regular Board Meeting,122810,,9,,,,,,,,0,0,
2685,2024-03-28,Board of Directors - Regular Board Meeting,122811,,8,,,,,,,,0,0,"Written public comments must be received by 5PM the day before the meeting. Please include the Item # in your comment and your position of “FOR,” “AGAINST,” ""GENERAL COMMENT,"" or ""ITEM NEEDS MORE CONSIDERATION.""
Email: BoardClerk@metro.net
Post Office Mail:
Board Administration
One Gateway Plaza
MS: 99-3-1
Los Angeles, CA 90012"
2685,2024-03-28,Board of Directors - Regular Board Meeting,122812,,7,,,,,,,,0,0,Written Public Comment Instruction:
2685,2024-03-28,Board of Directors - Regular Board Meeting,122813,,6,,,,,,,,0,0,Los comentarios del público se tomaran cuando se toma cada tema. Para dar un comentario público sobre una tema ingrese # 2 (Tecla de numero y dos) cuando se le solicite. Tenga en cuenta que la transmisión de video en vivo se retrasa unos 30 segundos con respecto a la reunión real. No hay retraso en la línea de acceso telefónico para comentarios públicos.
2685,2024-03-28,Board of Directors - Regular Board Meeting,122814,,5,,,,,,,,0,0,"Los comentarios publicos en vivo se pueden dar por telefono o en persona.

La Reunion de la Junta comienza a las 10:00 AM, hora del Pacifico, el 28 de Marzo de 2024. Puedes unirte a la llamada 5 minutos antes del comienso de la junta.

Marque: 202-735-3323 y ingrese el codigo
Codigo de acceso en ingles: 5647249#
Codigo de acceso en espanol: 7292892#"
2685,2024-03-28,Board of Directors - Regular Board Meeting,122815,,4,,,,,,,,0,0,Instrucciones para comentarios publicos en vivo:
2685,2024-03-28,Board of Directors - Regular Board Meeting,122816,,3,,,,,,,,0,0,"Public comment will be taken as the Board takes up each item. To give public comment on an item, enter #2 (pound-two) when prompted. Please note that the live video feed lags about 30 seconds behind the actual meeting. There is no lag on the public comment dial-in line."
2685,2024-03-28,Board of Directors - Regular Board Meeting,122817,,2,,,,,,,,0,0,"Live public comment can be given by telephone or in-person.

The Board Meeting begins at 10:00 AM Pacific Time on March 28, 2024; you may join the call 5 minutes prior to the start of the meeting.

Dial-in: 202-735-3323 and enter
English Access Code: 5647249#
Spanish Access Code: 7292892#"
2685,2024-03-28,Board of Directors - Regular Board Meeting,122818,,1,,,,,,,,0,0,Live Public Comment Instructions:
2685,2024-03-28,Board of Directors - Regular Board Meeting,122819,,14,,,,,,,,0,0,NON-CONSENT
2685,2024-03-28,Board of Directors - Regular Board Meeting,122820,,28,,,,,,,,0,0,
2685,2024-03-28,Board of Directors - Regular Board Meeting,122821,15,18,9829,2023-0751,Contract,APPROVED AS AMENDED,Pass,,,0,0,"CONSIDER:

A.	APPROVING the creation of a bench of qualified developers eligible to respond to Requests for Proposals (RFP) for the joint development of the “10K Sites” to be in effect for three years, with the option to extend for two additional one-year periods for up to five years total (Attachment A); 

B.	APPROVING the Summary of Key Terms and Conditions (Attachment B) for 10K Sites' Exclusive Negotiation Agreements (ENAs); and

C.	DELEGATING authority to the Chief Executive Officer, or the"
2685,2024-03-28,Board of Directors - Regular Board Meeting,122822,,17,,,,,,,,0,0,PLANNING AND PROGRAMMING COMMITTEE FORWARDED THE FOLLOWING WITHOUT RECOMMENDATION DUE TO CONFLICTS:
2685,2024-03-28,Board of Directors - Regular Board Meeting,122823,4,16,10055,2024-0200,Oral Report / Presentation,RECEIVED,Pass,,,0,0,RECEIVE report by the Chief Executive Officer.
2685,2024-03-28,Board of Directors - Regular Board Meeting,122824,3,15,10054,2024-0199,Oral Report / Presentation,RECEIVED,Pass,,,0,0,RECEIVE remarks by the Chair.
2685,2024-03-28,Board of Directors - Regular Board Meeting,122825,,83,,,,,,,,0,0,
2685,2024-03-28,Board of Directors - Regular Board Meeting,122826,,82,,,,,,,,0,0,
2685,2024-03-28,Board of Directors - Regular Board Meeting,122827,,43,,,,,,,,0,0,PLANNING AND PROGRAMMING COMMITTEE MADE THE FOLLOWING RECOMMENDATION (4-0):
2685,2024-03-28,Board of Directors - Regular Board Meeting,122828,,37,,,,,,,,0,0,"FINANCE, BUDGET AND AUDIT COMMITTEE MADE THE FOLLOWING RECOMMENDATION (4-0):"
2685,2024-03-28,Board of Directors - Regular Board Meeting,122829,9,36,10019,2024-0164,Agreement,APPROVED,Pass,,,0,1,"AUTHORIZE the Chief Executive Officer (CEO) or their designee, to execute a 33-month license agreement commencing on April 1, 2024, with the County of Los Angeles (“County”) for a portion of real property located on parcels numbered (APN) 2350-013-920 and 2350-013-922 (“Property”) at a rate of $24,485 per month for a total license amount of $808,005 (“License”)."
2685,2024-03-28,Board of Directors - Regular Board Meeting,122830,,35,,,,,,,,0,0,"FINANCE, BUDGET AND AUDIT COMMITTEE MADE THE FOLLOWING RECOMMENDATION (4-0):"
2685,2024-03-28,Board of Directors - Regular Board Meeting,122831,8,34,9902,2024-0047,Contract,APPROVED,Pass,,,0,1,"AUTHORIZE the Chief Executive Officer to execute Modification No. 2 to Contract No. PS61721000 with Lien On Me, Inc. for workers’ compensation medical bill review services in the amount of $242,303, increasing the not-to-exceed amount of the four-year base term from $2,834,674 to $3,076,977, and exercise the first two-year option in the amount of $2,083,248, revising the total contract amount from $3,076,977 to $5,160,225 and extending the period of performance from July 1, 2024, to June 30, 202"
2685,2024-03-28,Board of Directors - Regular Board Meeting,122832,,33,,,,,,,,0,0,"FINANCE, BUDGET AND AUDIT COMMITTEE MADE THE FOLLOWING RECOMMENDATION (4-0):"
2685,2024-03-28,Board of Directors - Regular Board Meeting,122833,7,32,9834,2023-0756,Plan,APPROVED,Pass,,,0,0,"CONSIDER:

A.	RECEIVING AND FILING the Twenty-Eight by ’28 progress report, and;

B.	APPROVING revisions to the Twenty-Eight by ’28 project list (Attachment A)."
2685,2024-03-28,Board of Directors - Regular Board Meeting,122834,,31,,,,,,,,0,0,AD HOC 2028 OLYMPIC & PARALYMPIC GAMES COMMITTEE MADE THE FOLLOWING RECOMMENDATION (3-0):
2685,2024-03-28,Board of Directors - Regular Board Meeting,122835,2,30,10052,2024-0197,Minutes,APPROVED,Pass,,,0,1,"APPROVE Minutes of the Regular Board Meeting held February 22, 2024."
2685,2024-03-28,Board of Directors - Regular Board Meeting,122849,14,42,9884,2024-0029,Resolution,ADOPTED,Pass,,,0,1,ADOPT the resolution for the 2025 Los Angeles County Transportation Improvement Program as shown in Attachment A.
2685,2024-03-28,Board of Directors - Regular Board Meeting,122850,13,40,9378,2023-0300,Agreement,APPROVED,Pass,,,0,1,"CONSIDER:

A.	AUTHORIZING the Chief Executive Officer, or their designee, to execute a 30-year development agreement with the City of El Monte (“City”) and AllVision (“AV”) to construct, own, and operate a digital billboard on Metro property adjacent to Division 9 at 3449 Santa Anita Avenue, El Monte (“Project”) (Attachment A);

B.	CONSIDERING, in accordance with the California Environmental Quality Act (CEQA), the environmental effects of the Project as shown in the Mitigated Negative Declarati"
2685,2024-03-28,Board of Directors - Regular Board Meeting,122851,,39,,,,,,,,0,0,PLANNING AND PROGRAMMING COMMITTEE MADE THE FOLLOWING RECOMMENDATION (4-0):
2685,2024-03-28,Board of Directors - Regular Board Meeting,122852,10,38,9936,2024-0081,Policy,ADOPTED,Pass,,,0,1,"CONSIDER:

A.	ADOPTING the Investment Policy in Attachment A; 

B.	APPROVING the Financial Institutions Resolution authorizing financial institutions to honor signatures of LACMTA Officials in Attachment B; and

C.	DELEGATING to the Treasurer or his/her designees, the authority to invest funds for a one-year period, pursuant to California Government Code (“Code”) Section 53607."
2685,2024-03-28,Board of Directors - Regular Board Meeting,122853,,41,,,,,,,,0,0,PLANNING AND PROGRAMMING COMMITTEE MADE THE FOLLOWING RECOMMENDATION (4-0):
2685,2024-03-28,Board of Directors - Regular Board Meeting,122854,,81,,,,,,,,0,0,
2685,2024-03-28,Board of Directors - Regular Board Meeting,122855,32,71,9915,2024-0060,Contract,APPROVED,Pass,,,0,0,"AUTHORIZE the Chief Executive Officer to:

A.	AWARD a firm fixed unit rate Contract No. OP1107840018370 to Mitsubishi Electric US Inc. (MEUS) to provide comprehensive preventative maintenance services, inspections, and repairs of elevators, escalators, and their associated systems and equipment throughout Metro facilities excluding the Metro Gateway Headquarters Building.  The Contract not-to-exceed (NTE) amount is $142,352,031 for the five-year base period, and $57,349,950 for the one, two-year"
2685,2024-03-28,Board of Directors - Regular Board Meeting,122856,29,65,9888,2024-0033,Contract,APPROVED,Pass,,,0,1,"AUTHORIZE the Chief Executive Officer to award Contract No. DR119508, to Global Electric, for 96,839 linear feet of contact wire to support the C Line OCS Replacement Project for a firm fixed price of $1,052,646.22, inclusive of sales tax, subject to resolution of any properly submitted protest(s), if any."
2685,2024-03-28,Board of Directors - Regular Board Meeting,122857,,21,,,,,,,,0,0,EXECUTIVE MANAGEMENT COMMITTEE MADE THE FOLLOWING RECOMMENDATION (4-0):
2685,2024-03-28,Board of Directors - Regular Board Meeting,122858,19,50,9964,2024-0109,Program,APPROVED,Pass,,,0,1,"CONSIDER:

A.	 RECEIVING AND FILING the Final 2023 Disparity Study Report; and

B.	AUTHORIZING the Chief Executive Officer (CEO) to develop a three-year pilot Micro Small Business Program and certification designation."
2685,2024-03-28,Board of Directors - Regular Board Meeting,122859,,49,,,,,,,,0,0,PLANNING AND PROGRAMMING COMMITTEE (4-0) AND EXECUTIVE MANAGEMENT COMMITTEE (5-0) MADE THE FOLLOWING RECOMMENDATION:
2685,2024-03-28,Board of Directors - Regular Board Meeting,122860,18,48,9845,2023-0768,Contract,APPROVED,Pass,,,0,0,"CONSIDER:

A.	AUTHORIZING the Chief Executive Officer to award a firm fixed price Contract No. PS109347-2000 to Pacific Coast Regional Small Business Development Corporation (PCR) to serve as the fund administrator for Metro’s Business Interruption Fund (BIF) in the amount of $5,168,773 for the three-year base term, with two, one-year options in the amounts of $1,699,722 and $1,761,758 respectively, for a total amount of $8,630,253, subject to the resolution of any properly submitted protest(s"
2685,2024-03-28,Board of Directors - Regular Board Meeting,122861,,47,,,,,,,,0,0,PLANNING AND PROGRAMMING COMMITTEE (4-0) AND CONSTRUCTION COMMITTEE (4-0) MADE THE FOLLOWING RECOMMENDATION:
2685,2024-03-28,Board of Directors - Regular Board Meeting,122862,17,46,9925,2024-0070,Agreement,APPROVED,Pass,,,0,1,AUTHORIZE the Chief Executive Officer (CEO) or their designee to submit to SCAG the project prioritization and funding recommendations for Los Angeles County for CMAQ/STBG/CRP funding (Attachment A).
2685,2024-03-28,Board of Directors - Regular Board Meeting,122863,,45,,,,,,,,0,0,PLANNING AND PROGRAMMING COMMITTEE MADE THE FOLLOWING RECOMMENDATION (4-0):
2685,2024-03-28,Board of Directors - Regular Board Meeting,122864,16,44,9890,2024-0035,Project,APPROVED,Pass,,,0,1,"CONSIDER:

A.	AUTHORIZING the Chief Executive Officer, or designee, to execute and enter into a joint development agreement (“JDA”), ground lease (“Ground Lease”), and other related documents with Chavez Fickett, L.P. (“Developer”), an affiliate of Abode Communities, for the construction and operation of a mixed-use, affordable housing project (“Project”) on approximately 68,100 square feet (1.56-acres) of Metro-owned property located at the corner of Cesar E. Chavez Avenue and Fickett Street in"
2685,2024-03-28,Board of Directors - Regular Board Meeting,122865,23,54,9945,2024-0090,Contract,APPROVED,Pass,,,0,0,"APPROVE a long-term advertising purchase, up to 12 months, at Culver City Station from Max (formerly HBO), generating $616,000 estimated net revenue for Metro. This is not a title sponsorship and will not affect Culver City Station’s title nor the adjacent private property’s title, Ivy Station."
2685,2024-03-28,Board of Directors - Regular Board Meeting,122866,,53,,,,,,,,0,0,EXECUTIVE MANAGEMENT COMMITTEE MADE THE FOLLOWING RECOMMENDATION (4-0):
2685,2024-03-28,Board of Directors - Regular Board Meeting,122867,20,52,9824,2023-0746,Contract,APPROVED,Pass,,,0,0,"AUTHORIZE the Chief Executive Officer to:

A.	AWARD task order-based Contract No. AE10769700000 for Program Management Support Services (PMSS) to Ramos Consulting Services, Inc., in the amount of $38,699,165 for a five-year base period and $7,603,641 for two, one-year options for a total of seven years at a maximum contract value of $46,302,806 subject to resolution of protest(s), if any; and

B.	EXECUTE individual Contract Modifications within the CEO’s Board approved authority."
2685,2024-03-28,Board of Directors - Regular Board Meeting,122868,,51,,,,,,,,0,0,CONSTRUCTION COMMITTEE MADE THE FOLLOWING RECOMMENDATION (3-0):
2685,2024-03-28,Board of Directors - Regular Board Meeting,122869,24.1,22,10061,2024-0206,Motion / Motion Response,APPROVED,Pass,,,0,0,"APPROVE Motion by Directors Solis, Bass, Hahn, Horvath, Najarian, and Yaroslavsky that the Board direct the Chief Executive Officer to:

A.	Develop a framework for and establish a Legislative Advocacy Working Group for the 2028 Games that includes, but is not limited to, the members of the Games Mobility Executives and the County of Los Angeles, to develop and implement a cohesive state and federal legislative advocacy plan to advance Metro’s 2028 Mobility Concept Plan.  

B.	Report Back in "
2685,2024-03-28,Board of Directors - Regular Board Meeting,122870,21,20,9864,2024-0009,Informational Report,RECEIVED AND FILED,Pass,,,0,0,"A.	RECEIVE AND FILE status report on the 2023 Construction Market Analysis.

B.	MOTION by Director Krekorian that the Board direct the Chief Executive Officer to implement the goals contained in the Construction Market Analysis and to report back quarterly on how to make achieving the goals more successful as well as adopting meaningful measures to facilitate and expand certification of SBEs/DBEs and increase utilization by general contractors to achieve goals."
2685,2024-03-28,Board of Directors - Regular Board Meeting,122871,,19,,,,,,,,0,0,CONSTRUCTION COMMITTEE RECEIVED AND FILED THE FOLLOWING:
2685,2024-03-28,Board of Directors - Regular Board Meeting,122872,,64,,,,,,,,0,0,"OPERATIONS, SAFETY, AND CUSTOMER EXPERIENCE COMMITTEE MADE THE FOLLOWING RECOMMENDATION (4-0):"
2685,2024-03-28,Board of Directors - Regular Board Meeting,122873,28,63,9887,2024-0032,Contract,APPROVED,Pass,,,0,1,"AUTHORIZE the Chief Executive Officer to award a firm fixed price contract, Contract No.  MA105918000, to Mac Products, Inc. for 232 Spring Tension Assembly units and onsite installation support for the C Line OCS System Overhaul Project for a firm fixed price of $3,121,820.86, inclusive of sales tax, subject to the resolution of any properly submitted protest(s), if any."
2685,2024-03-28,Board of Directors - Regular Board Meeting,122874,,62,,,,,,,,0,0,"OPERATIONS, SAFETY, AND CUSTOMER EXPERIENCE COMMITTEE MADE THE FOLLOWING RECOMMENDATION (4-0):"
2685,2024-03-28,Board of Directors - Regular Board Meeting,122875,27,60,9873,2024-0018,Contract,APPROVED,Pass,,,0,0,"AUTHORIZE the Chief Executive Officer to execute Modification No. 1 to Contract No. DR81105000 with Baatz Enterprises Inc. DBA Tow Industries, to increase the contract value by $733,836.74 from $3,922,757.26 to $4,656,594.00, inclusive of sales tax."
2685,2024-03-28,Board of Directors - Regular Board Meeting,122876,,59,,,,,,,,0,0,"OPERATIONS, SAFETY, AND CUSTOMER EXPERIENCE COMMITTEE MADE THE FOLLOWING RECOMMENDATION (4-0):"
2685,2024-03-28,Board of Directors - Regular Board Meeting,122877,26,58,9842,2023-0765,Contract,APPROVED,Pass,,,0,1,"CONSIDER:

A.	AUTHORIZING the Chief Executive Officer to award a non-competitive 36-month firm fixed price Contract No. PS108917000 to Giro, Inc./LE Groupe En Informatique Et Recherche Operatioannelle (Giro, Inc.) for the HASTUS v2024 fleet schedule software upgrade and optional software enhancements in the amount of $3,445,049, and; 

B.	FINDING that there is only a single source of procurement for the item(s) set forth in recommendation A above and that the purchase is for the sole purpose of "
2685,2024-03-28,Board of Directors - Regular Board Meeting,122878,25,56,9572,2023-0494,Contract,APPROVED,Pass,,,0,0,"AUTHORIZE the Chief Executive Officer to: 

A.	AWARD Contract No. PS11758001 with Hatch Associates Consultants, Inc.  for Element A, Consultant for Heavy Rail Vehicle Acquisition, Technical Support Services, in the not-to-exceed amount of $23,072,507.51, for a period of 87 months from issuance of a Notice to Proceed, subject to the resolution of any protest(s), if any;

B.	AWARD Contract No. PS11758002with AtkinsRealis USA Inc. for Element B, Consultant for Heavy Rail Vehicle Acquisition, Progra"
2685,2024-03-28,Board of Directors - Regular Board Meeting,122879,,55,,,,,,,,0,0,"OPERATIONS, SAFETY, AND CUSTOMER EXPERIENCE COMMITTEE MADE THE FOLLOWING RECOMMENDATION (4-0):"
2685,2024-03-28,Board of Directors - Regular Board Meeting,122880,,57,,,,,,,,0,0,"OPERATIONS, SAFETY, AND CUSTOMER EXPERIENCE COMMITTEE MADE THE FOLLOWING RECOMMENDATION (4-0):"
2685,2024-03-28,Board of Directors - Regular Board Meeting,122881,,70,,,,,,,,0,0,"OPERATIONS, SAFETY, AND CUSTOMER EXPERIENCE COMMITTEE MADE THE FOLLOWING RECOMMENDATION (4-0):"
2685,2024-03-28,Board of Directors - Regular Board Meeting,122882,31,69,9914,2024-0059,Contract,APPROVED,Pass,,,0,1,"AUTHORIZE the Chief Executive Officer to award a firm fixed unit rate Contract No. OP1066318370000 to Joe’s Sweeping, Inc. dba Nationwide Environmental Services, to provide systemwide power sweeping services in the not-to-exceed (NTE) amount of $7,162,050 for the three-year base period and $2,588,620 for each of the two, one-year options, for a total NTE amount of $12,339,290, effective June 1, 2024."
2685,2024-03-28,Board of Directors - Regular Board Meeting,122883,,68,,,,,,,,0,0,"OPERATIONS, SAFETY, AND CUSTOMER EXPERIENCE COMMITTEE MADE THE FOLLOWING RECOMMENDATION (4-0):"
2685,2024-03-28,Board of Directors - Regular Board Meeting,122884,30,67,9891,2024-0036,Contract,APPROVED,Pass,,,0,0,"AUTHORIZE the Chief Executive Officer to execute:

A.	Contract Modification No. 2 to Contract No. PS76258000 with Southland Transit, Inc. to operate an additional two fixed route bus lines in the North Region of Los Angeles County, specifically Metro Bus Lines 96 and 218, in the amount of $18,701,950, increasing the total not-to-exceed five-year base term from $90,032,724 to $108,734,674;

B.	Contract Modification No. 2 to Contract No. PS76258001 with MV Transportation, Inc. to operate an additi"
2685,2024-03-28,Board of Directors - Regular Board Meeting,122885,,66,,,,,,,,0,0,"OPERATIONS, SAFETY, AND CUSTOMER EXPERIENCE COMMITTEE MADE THE FOLLOWING RECOMMENDATION (4-0):"
2685,2024-03-28,Board of Directors - Regular Board Meeting,122886,,80,,,,,,,,0,0,
2685,2024-03-28,Board of Directors - Regular Board Meeting,122887,34,76,9877,2024-0022,Informational Report,,,,,0,0,"AUTHORIZE the Chief Executive Officer to execute Modification No. 5 to Contract No. PS88001001 with Strive Well-Being to continue to provide Transit Ambassador Pilot Program services in the amount of $7,200,000, increasing the current three-year base not-to-exceed contract value from $16,403,235 to $23,603,235."
2685,2024-03-28,Board of Directors - Regular Board Meeting,122888,,75,,,,,,,,0,0,"OPERATIONS, SAFETY, AND CUSTOMER EXPERIENCE COMMITTEE MADE THE FOLLOWING RECOMMENDATION (4-0):"
2685,2024-03-28,Board of Directors - Regular Board Meeting,122889,33,73,9948,2024-0093,Contract,APPROVED,Pass,,,0,1,"AUTHORIZE the Chief Executive Officer to award a firm fixed unit rate Contract No. PS112527000 to Total Administrative Services Corporation (TASC) to support the centralization of the management and administration of the Family Medical Leave Act and the California Family Rights Act (FMLA, CFRA or collectively, “FMLA/CFRA”) in the not-to-exceed (NTE) amount of $1,959,320 for the four-year base term, with two, two-year options in the amount of $996,160 for each option, for a total NTE amount of $3"
2685,2024-03-28,Board of Directors - Regular Board Meeting,122890,,72,,,,,,,,0,0,"OPERATIONS, SAFETY, AND CUSTOMER EXPERIENCE COMMITTEE MADE THE FOLLOWING RECOMMENDATION (4-0):"
2685,2024-03-28,Board of Directors - Regular Board Meeting,122891,,79,,,,,,,,0,0,
2685,2024-03-28,Board of Directors - Regular Board Meeting,122892,37,78,9881,2024-0026,Contract,APPROVED,Pass,,,0,0,"AUTHORIZE the Chief Executive Officer (CEO) to: 

A.	EXECUTE Modification No. 6 to Contract No. OP73960000 with CLEAN ENERGY RENEWABLE FUELS, LLC. to increase the contract value by $20,204,040 from $56,048,630 to $76,252,670 and extend the contract performance end date by seventeen months from July 31, 2024, to December 31, 2025, to provide renewable natural gas to five bus operating divisions;

B.	EXECUTE Modification No. 4 to Contract No. OP59812000A with CLEAN ENERGY RENEWABLE FUELS to increa"
2685,2024-03-28,Board of Directors - Regular Board Meeting,122893,,77,,,,,,,,0,0,"OPERATIONS, SAFETY, AND CUSTOMER EXPERIENCE COMMITTEE MADE THE FOLLOWING RECOMMENDATION (4-0):"
2685,2024-03-28,Board of Directors - Regular Board Meeting,122894,40,25,9849,2023-0772,Policy,APPROVED,Pass,,,0,0,"CONSIDER:

A.	HOLDING a public hearing on the proposed Resolution of Necessity; and

B.	ADOPTING the Resolution of Necessity authorizing the commencement of an eminent domain action to acquire the full fee simple interest (“Property”) as identified in Attachment A.

(REQUIRES TWO-THIRDS VOTE OF THE FULL BOARD)"
2685,2024-03-28,Board of Directors - Regular Board Meeting,122898,,23,,,,,,,,0,0,page break
2685,2024-03-28,Board of Directors - Regular Board Meeting,122899,,61,,,,,,,,0,0,page break
2685,2024-03-28,Board of Directors - Regular Board Meeting,122900,,74,,,,,,,,0,0,page break
2685,2024-03-28,Board of Directors - Regular Board Meeting,122910,39,24,10063,2024-0208,Motion / Motion Response,APPROVED AS AMENDED,Pass,,,0,0,"APPROVE Motion by Directors Yaroslavsky, Bass, Krekorian, Najarian, and Horvath that the Board direct the Chief Executive Officer to:

Report back to the Board by June 2024 with a comprehensive review of the Unsolicited Proposal Policy and recommendations for changes to the Policy that include, but are not limited to: 

A.	More direct integration of Metro’s core mission and priorities; 

B.	The advancement of Metro’s sustainability and equity goals;

C.	Establishment of a phased review process f"
2685,2024-03-28,Board of Directors - Regular Board Meeting,122911,,26,,,,,,,,0,0,END OF NON-CONSENT
2685,2024-03-28,Board of Directors - Regular Board Meeting,123054,,,,,,APPROVED ON CONSENT CALENDAR,Pass,,,0,1,Approval of the Consent Agenda
2686,2024-04-25,Board of Directors - Regular Board Meeting,123227,,9,,,,,,,,0,0,page break
2686,2024-04-25,Board of Directors - Regular Board Meeting,123228,,10,,,,,,,,0,0,CALL TO ORDER
2686,2024-04-25,Board of Directors - Regular Board Meeting,123229,,11,,,,,,,,1,0,ROLL CALL
2686,2024-04-25,Board of Directors - Regular Board Meeting,123230,1,12,,,,,,,,0,0,"APPROVE Consent Calendar Items: 2, 5, 6, 7, 9, 10, 11, 14, 17, 26, and 27. 

Consent Calendar items are approved by one motion unless held by a Director for discussion and/or separate action.

All Consent Calendar items are listed at the end of the agenda, beginning on page 10."
2686,2024-04-25,Board of Directors - Regular Board Meeting,123231,,30,,,,,,,,0,0,CONSENT CALENDAR
2686,2024-04-25,Board of Directors - Regular Board Meeting,123378,,56,10115,2024-0260,Informational Report,,,,,0,0,RECEIVE General Public Comment
2686,2024-04-25,Board of Directors - Regular Board Meeting,123379,,57,,,,,,,,0,0,"Consideration of items not on the posted agenda, including: items to be presented and (if requested) referred to staff; items to be placed on the agenda for action at a future meeting of the Committee or Board; and/or items requiring immediate action because of an emergency situation or where the need to take immediate action came to the attention of the Committee subsequent to the posting of the agenda."
2686,2024-04-25,Board of Directors - Regular Board Meeting,123380,,58,,,,,,,,0,0,COMMENTS FROM THE PUBLIC ON ITEMS OF PUBLIC INTEREST WITHIN COMMITTEE’S SUBJECT MATTER JURISDICTION
2686,2024-04-25,Board of Directors - Regular Board Meeting,123381,,59,,,,,,,,0,0,Adjournment
2686,2024-04-25,Board of Directors - Regular Board Meeting,123382,,7,,,,,,,,0,0,Written Public Comment Instruction:
2686,2024-04-25,Board of Directors - Regular Board Meeting,123383,,6,,,,,,,,0,0,Los comentarios del público se tomaran cuando se toma cada tema. Para dar un comentario público sobre una tema ingrese # 2 (Tecla de numero y dos) cuando se le solicite. Tenga en cuenta que la transmisión de video en vivo se retrasa unos 30 segundos con respecto a la reunión real. No hay retraso en la línea de acceso telefónico para comentarios públicos.
2686,2024-04-25,Board of Directors - Regular Board Meeting,123384,,5,,,,,,,,0,0,"Los comentarios publicos en vivo se pueden dar por telefono o en persona.

La Reunion de la Junta comienza a las 10:00 AM, hora del Pacifico, el 25 de Abril de 2024. Puedes unirte a la llamada 5 minutos antes del comienso de la junta.

Marque: 202-735-3323 y ingrese el codigo
Codigo de acceso en ingles: 5647249#
Codigo de acceso en espanol: 7292892#"
2686,2024-04-25,Board of Directors - Regular Board Meeting,123385,,4,,,,,,,,0,0,Instrucciones para comentarios publicos en vivo:
2686,2024-04-25,Board of Directors - Regular Board Meeting,123386,,3,,,,,,,,0,0,"Public comment will be taken as the Board takes up each item. To give public comment on an item, enter #2 (pound-two) when prompted. Please note that the live video feed lags about 30 seconds behind the actual meeting. There is no lag on the public comment dial-in line."
2686,2024-04-25,Board of Directors - Regular Board Meeting,123387,,2,,,,,,,,0,0,"Live public comment can be given by telephone or in-person.

The Board Meeting begins at 10:00 AM Pacific Time on April 25, 2024; you may join the call 5 minutes prior to the start of the meeting.

Dial-in: 202-735-3323 and enter
English Access Code: 5647249#
Spanish Access Code: 7292892#"
2686,2024-04-25,Board of Directors - Regular Board Meeting,123388,,1,,,,,,,,0,0,Live Public Comment Instructions:
2686,2024-04-25,Board of Directors - Regular Board Meeting,123686,,44,,,,,,,,0,0,PLANNING AND PROGRAMMING COMMITTEE MADE THE FOLLOWING RECOMMENDATION (5-0):
2686,2024-04-25,Board of Directors - Regular Board Meeting,123687,,13,,,,,,,,0,0,NON-CONSENT
2686,2024-04-25,Board of Directors - Regular Board Meeting,123688,,28,,,,,,,,0,0,END OF NON-CONSENT
2686,2024-04-25,Board of Directors - Regular Board Meeting,123689,4,15,10118,2024-0263,Oral Report / Presentation,RECEIVED,Pass,,,0,0,RECEIVE report by the Chief Executive Officer.
2686,2024-04-25,Board of Directors - Regular Board Meeting,123690,3,14,10117,2024-0262,Oral Report / Presentation,RECEIVED,Pass,,,0,0,RECEIVE remarks by the Chair.
2686,2024-04-25,Board of Directors - Regular Board Meeting,123691,7,38,9883,2024-0028,Resolution,APPROVED,Pass,,,0,1,"APPROVE the Resolution in Attachment A that:

A.	AUTHORIZES the Chief Executive Officer (CEO) or their designee to claim a total of $54,230,499 in California Cap-and-Trade proceeds accumulated in State Fiscal Year (FY) 2023-24 disbursed through LCTOP and to use $50,941,838 for one year of E Line operations, as enhanced by the opening of Regional Connector, and $3,288,661 for the Division 8 Charging Infrastructure and En Route Charging for North San Fernando Valley (NSFV) Transit Corridor;

B.	CE"
2686,2024-04-25,Board of Directors - Regular Board Meeting,123692,6,35,10038,2024-0183,Program,APPROVED,Pass,,,0,1,"AUTHORIZE the Chief Executive Officer (CEO) or their designee, to execute a Petition to Renew  Los Angeles County Metropolitan Transportation Authority’s (LACMTA) participation in the North Hollywood Transit Property-Based Business Improvement District (BID) for a period of six (6) years commencing January 1, 2025, for a total estimated amount not to exceed $1,130,228.16 over the term of the BID renewal."
2686,2024-04-25,Board of Directors - Regular Board Meeting,123693,5,33,9867,2024-0012,Program,APPROVED,Pass,,,0,1,"AUTHORIZE the Chief Executive Officer to negotiate and purchase All Risk Property and Boiler and Machinery insurance policies for all Metro properties at a not-to-exceed premium of $10.2 million for the 12-month period of May 10, 2024, through May 10, 2025."
2686,2024-04-25,Board of Directors - Regular Board Meeting,123694,2,31,10116,2024-0261,Minutes,APPROVED,Pass,,,0,1,"APPROVE Minutes of the Regular Board Meeting held March 28, 2024, and the Special Board Budget Workshop held March 29, 2024."
2686,2024-04-25,Board of Directors - Regular Board Meeting,123937,22,21,10113,2024-0258,Motion / Motion Response,APPROVED AS AMENDED,Pass,,,0,0,"APPROVE Motion by Directors Bass, Butts, Dutra, Dupont-Walker, Mitchell, and Solis that the Board direct the Chief Executive Officer to:

A.	Make the GoPass Fareless Pilot Program permanent and provide a report back to the Board annually at the September Board Meeting, beginning September 2024, on program implementation, including but not limited to:

1.	An analysis reflecting the prior 12 months of data; 

2.	Identifying additional funding sources to help offset the program’s cost to the Agency"
2686,2024-04-25,Board of Directors - Regular Board Meeting,123938,,18,,,,,,,,0,0,EXECUTIVE MANAGEMENT COMMITTEE FORWARDED THE FOLLOWING: 
2686,2024-04-25,Board of Directors - Regular Board Meeting,123939,13,17,10071,2024-0216,Policy,ADOPTED,Pass,,,0,0,"ADOPT Scenario 1 with accelerated non-capital components to 2030 as Metro’s VMT Reduction Targets and use Scenario 3 results as a County-wide Call to Climate Action for 2045 (Attachment A).

YAROSLAVSKY AND SOLIS AMENDMENT: 

A.	Report back to the Planning and Programming Committee on identifying a detailed framework for a regional working group to pursue funding, policy, and projects that help us to accomplish the necessary collaboration in order to achieve Scenario 3; 

B.	Provide a plan"
2686,2024-04-25,Board of Directors - Regular Board Meeting,123969,,8,,,,,,,,0,0,"Written public comments must be received by 5PM the day before the meeting. Please include the Item # in your comment and your position of “FOR,” “AGAINST,” ""GENERAL COMMENT,"" or ""ITEM NEEDS MORE CONSIDERATION.""
Email: BoardClerk@metro.net
Post Office Mail:
Board Administration
One Gateway Plaza
MS: 99-3-1
Los Angeles, CA 90012"
2686,2024-04-25,Board of Directors - Regular Board Meeting,124809,,51,,,,,,,,0,0,"OPERATIONS, SAFETY, AND CUSTOMER EXPERIENCE COMMITTEE MADE THE FOLLOWING RECOMMENDATION (4-0):"
2686,2024-04-25,Board of Directors - Regular Board Meeting,124810,10,43,9959,2024-0104,Project,APPROVED,Pass,,,0,0,"CONSIDER:  
 
A.	APPROVING the board-identified Locally Preferred Alternative (LPA) as the Southeast Gateway Line (formerly West Santa Ana Branch) Light Rail Transit (LRT) Project (Project), which is a 14.5- miles LRT line with nine (9) stations and includes a new C Line infill station at the I-105 Freeway. The Project extends from its northern LPA terminus at the Slauson/A Line Station located in the City of Los Angeles/Florence-Firestone unincorporated area of Los Angeles (LA) County to its "
2686,2024-04-25,Board of Directors - Regular Board Meeting,124811,,42,,,,,,,,0,0,PLANNING AND PROGRAMMING COMMITTEE MADE THE FOLLOWING RECOMMENDATION (5-0):
2686,2024-04-25,Board of Directors - Regular Board Meeting,124812,9,40,9893,2024-0038,Plan,APPROVED,Pass,,,0,1,ADOPT the First/Last Mile (FLM) Plan for the Southeast Gateway Line (Attachment A).
2686,2024-04-25,Board of Directors - Regular Board Meeting,124813,,39,,,,,,,,0,0,PLANNING AND PROGRAMMING COMMITTEE MADE THE FOLLOWING RECOMMENDATION (5-0):
2686,2024-04-25,Board of Directors - Regular Board Meeting,124814,,32,,,,,,,,0,0,"FINANCE, BUDGET AND AUDIT COMMITTEE MADE THE FOLLOWING
RECOMMENDATION (4-0): "
2686,2024-04-25,Board of Directors - Regular Board Meeting,124815,,34,,,,,,,,0,0,"FINANCE, BUDGET AND AUDIT COMMITTEE MADE THE FOLLOWING
RECOMMENDATION (4-0): "
2686,2024-04-25,Board of Directors - Regular Board Meeting,124816,,37,,,,,,,,0,0,"FINANCE, BUDGET AND AUDIT COMMITTEE (4-0) AND PLANNING AND PROGRAMMING COMMITTEE MADE THE FOLLOWING RECOMMENDATION (5-0): "
2686,2024-04-25,Board of Directors - Regular Board Meeting,124817,17,50,10031,2024-0176,Policy,APPROVED,Pass,,,0,1,"AUTHORIZE the Chief Executive Officer to negotiate and execute a Memorandum of Understanding (MOU) with the Los Angeles Department of Public Works-Bureau of Street Lighting (BSL) to design and construct bus stop security lighting under the Metro Enhanced Bus Stop Lighting Project (Project) totaling $1,590,000."
2686,2024-04-25,Board of Directors - Regular Board Meeting,124818,,49,,,,,,,,0,0,"CONSTRUCTION COMMITTEE MADE THE FOLLOWING RECOMMENDATION
(3-0):"
2686,2024-04-25,Board of Directors - Regular Board Meeting,124819,,47,,,,,,,,0,0,PLANNING AND PROGRAMMING COMMITTEE MADE THE FOLLOWING RECOMMENDATION (5-0):
2686,2024-04-25,Board of Directors - Regular Board Meeting,124820,11,45,9672,2023-0594,Plan,APPROVED,Pass,,,0,0,"ADOPT the Long Beach-East Los Angeles Corridor Mobility Investment Plan (CMIP) and its recommendations for funding programs and projects, as found in Attachments A and B."
2686,2024-04-25,Board of Directors - Regular Board Meeting,124821,14,48,9921,2024-0066,Policy,APPROVED,Pass,,,0,1,APPROVE the Pilot VMT Mitigation Program (Attachment A).
2686,2024-04-25,Board of Directors - Regular Board Meeting,124822,,16,,,,,,,,0,0,PLANNING AND PROGRAMMING COMMITTEE MADE THE FOLLOWING RECOMMENDATION AS AMENDED (5-0):
2686,2024-04-25,Board of Directors - Regular Board Meeting,124823,,55,,,,,,,,0,0,
2686,2024-04-25,Board of Directors - Regular Board Meeting,124824,27,54,9882,2024-0027,Contract,APPROVED,Pass,,,0,1,"AUTHORIZE the Chief Executive Officer to award a five-year, firm fixed unit rate Contract No. PS49398000 to The Goodyear Tire and Rubber Company for the lease and maintenance of tires for the Metro-operated bus fleet and servicing of non-revenue vehicle tires in an amount not to exceed $48,996,516, effective July 1, 2024, subject to resolution of any properly submitted protest(s), if any."
2686,2024-04-25,Board of Directors - Regular Board Meeting,124825,,53,,,,,,,,0,0,"OPERATIONS, SAFETY, AND CUSTOMER EXPERIENCE COMMITTEE MADE THE FOLLOWING RECOMMENDATION (4-0):"
2686,2024-04-25,Board of Directors - Regular Board Meeting,124826,26,52,6498,2020-0056,Contract,APPROVED,Pass,,,0,0,"AWARD a cost plus fixed fee contract to Hatch Associates Consultants, Inc to provide technical and project management support for Metro’s solicitation of a Transit Vehicle Manufacturer for the procurement of P3030 new Light Rail Vehicles (LRV) and replacement of the existing fifty-two (52) Siemens LRVs in the Not-To-Exceed (NTE) contract amount of $1,254,209.82 for a period of twelve (12) months after the issuance of Notice to Proceed, subject to the resolution of any properly submitted protests"
2686,2024-04-25,Board of Directors - Regular Board Meeting,124827,,20,,,,,,,,0,0,EXECUTIVE MANAGEMENT COMMITTEE FORWARDED THE FOLLOWING: 
2686,2024-04-25,Board of Directors - Regular Board Meeting,124828,21,19,9837,2023-0760,Program,,,,,0,0,APPROVE an extension of the GoPass Pilot Program through FY25.
2686,2024-04-25,Board of Directors - Regular Board Meeting,124829,31,23,9843,2023-0766,Informational Report,RECEIVED AND FILED,Pass,,,0,0,RECEIVE AND FILE status report on the Zero-Emission Bus (ZEB) Program.
2686,2024-04-25,Board of Directors - Regular Board Meeting,124830,,22,,,,,,,,0,0,"OPERATIONS, SAFETY, AND CUSTOMER EXPERIENCE RECEIVED AND FILED THE FOLLOWING: "
2686,2024-04-25,Board of Directors - Regular Board Meeting,124831,,36,,,,,,,,0,0,
2686,2024-04-25,Board of Directors - Regular Board Meeting,124835,,41,,,,,,,,0,0,
2686,2024-04-25,Board of Directors - Regular Board Meeting,124838,,46,,,,,,,,0,0,
2686,2024-04-25,Board of Directors - Regular Board Meeting,124839,31.1,25,10130,2024-0275,Motion / Motion Response,APPROVED AS AMENDED,Pass,,,0,0,"APPROVE Motion by Yaroslavsky, Bass, Krekorian, Dupont-Walker, and Solis that the Board direct the Chief Executive Officer to:

A.	Report back to the September Operations Committee on a more detailed and updated plan to deliver a 100% Zero Emissions bus fleet as soon as is possible and fiscally responsible; with interim milestones and metrics for both rolling stock and electric vehicle infrastructure installation that reflect an ambitious and actionable schedule; The report back should include a"
2686,2024-04-25,Board of Directors - Regular Board Meeting,124840,34,27,10129,2024-0274,Contract,APPROVED AS AMENDED,Pass,,,0,0,"CONSIDER:

A.	AUTHORIZING the Chief Executive Officer, or their designee, approval authority for procurements to support the emergency condition due to the sudden, unexpected increased severity of assaults on operators, in accordance with Los Angeles County Metropolitan Transportation Authority’s Acquisition Policy and Procedure Manual, Acquisition Procedures ACQ2, Chapter 11, Section 11.8 “Emergency Procurements,” Public Utilities Code 130234 and Public Contracting Code 20233 (Attachment A), "
2686,2024-04-25,Board of Directors - Regular Board Meeting,124851,,24,,,,,,,,0,0,page break
2686,2024-04-25,Board of Directors - Regular Board Meeting,124879,,26,,,,,,,,0,0,page break
2686,2024-04-25,Board of Directors - Regular Board Meeting,126325,,,,,,APPROVED ON CONSENT CALENDAR,Pass,,,0,1,Approval of the Consent Agenda
2687,2024-05-23,Board of Directors - Regular Board Meeting,124912,,10,,,,,,,,0,0,CALL TO ORDER
2687,2024-05-23,Board of Directors - Regular Board Meeting,124913,,11,,,,,,,,1,0,ROLL CALL
2687,2024-05-23,Board of Directors - Regular Board Meeting,124914,1,12,,,,,,,,0,0,"APPROVE Consent Calendar Items: 2, 5, 6, 7, 8, 9, 10, 13, 16, 17, 20, 21, 22, 23, and 28.

Consent Calendar items are approved by one motion unless held by a Director for discussion and/or separate action.

All Consent Calendar items are listed at the end of the agenda, beginning on page 12."
2687,2024-05-23,Board of Directors - Regular Board Meeting,124915,,32,,,,,,,,0,0,CONSENT CALENDAR
2687,2024-05-23,Board of Directors - Regular Board Meeting,125063,,67,10162,2024-0307,Informational Report,,,,,0,0,RECEIVE General Public Comment
2687,2024-05-23,Board of Directors - Regular Board Meeting,125064,,68,,,,,,,,0,0,"Consideration of items not on the posted agenda, including: items to be presented and (if requested) referred to staff; items to be placed on the agenda for action at a future meeting of the Committee or Board; and/or items requiring immediate action because of an emergency situation or where the need to take immediate action came to the attention of the Committee subsequent to the posting of the agenda."
2687,2024-05-23,Board of Directors - Regular Board Meeting,125065,,69,,,,,,,,0,0,COMMENTS FROM THE PUBLIC ON ITEMS OF PUBLIC INTEREST WITHIN COMMITTEE’S SUBJECT MATTER JURISDICTION
2687,2024-05-23,Board of Directors - Regular Board Meeting,125066,,70,,,,,,,,0,0,Adjournment
2687,2024-05-23,Board of Directors - Regular Board Meeting,125067,,66,,,,,,,,0,0,
2687,2024-05-23,Board of Directors - Regular Board Meeting,125068,2,33,10206,2024-0351,Minutes,,,,,0,1,"APPROVE Minutes of the Regular Board Meeting held April 25, 2024."
2687,2024-05-23,Board of Directors - Regular Board Meeting,125069,,13,,,,,,,,0,0,NON-CONSENT
2687,2024-05-23,Board of Directors - Regular Board Meeting,125070,,29,,,,,,,,0,0,END OF NON-CONSENT
2687,2024-05-23,Board of Directors - Regular Board Meeting,125072,,9,,,,,,,,0,0,
2687,2024-05-23,Board of Directors - Regular Board Meeting,125073,,8,,,,,,,,0,0,"Written public comments must be received by 5PM the day before the meeting. Please include the Item # in your comment and your position of “FOR,” “AGAINST,” ""GENERAL COMMENT,"" or ""ITEM NEEDS MORE CONSIDERATION.""
Email: BoardClerk@metro.net
Post Office Mail:
Board Administration
One Gateway Plaza
MS: 99-3-1
Los Angeles, CA 90012"
2687,2024-05-23,Board of Directors - Regular Board Meeting,125074,,7,,,,,,,,0,0,Written Public Comment Instruction:
2687,2024-05-23,Board of Directors - Regular Board Meeting,125075,,6,,,,,,,,0,0,"Los comentarios del público se tomaran cuando se toma cada tema. Para dar un
comentario público sobre una tema ingrese # 2 (Tecla de numero y dos) cuando
se le solicite. Tenga en cuenta que la transmisión de video en vivo se retrasa
unos 30 segundos con respecto a la reunión real. No hay retraso en la línea de
acceso telefónico para comentarios públicos."
2687,2024-05-23,Board of Directors - Regular Board Meeting,125076,,5,,,,,,,,0,0,"Los comentarios publicos en vivo se pueden dar por telefono o en persona.

La Reunion de la Junta comienza a las 10:00 AM, hora del Pacifico, el 23 de Mayo de 2024. Puedes unirte a la llamada 5 minutos antes del comienso de la junta.

Marque: 202-735-3323 y ingrese el codigo
Codigo de acceso en ingles: 5647249#
Codigo de acceso en espanol: 7292892#"
2687,2024-05-23,Board of Directors - Regular Board Meeting,125077,,4,,,,,,,,0,0,Instrucciones para comentarios publicos en vivo:
2687,2024-05-23,Board of Directors - Regular Board Meeting,125078,,3,,,,,,,,0,0,"Public comment will be taken as the Board takes up each item. To give public
comment on an item, enter #2 (pound-two) when prompted. Please note that the
live video feed lags about 30 seconds behind the actual meeting. There is no lag
on the public comment dial-in line."
2687,2024-05-23,Board of Directors - Regular Board Meeting,125079,,2,,,,,,,,0,0,"Live public comment can be given by telephone or in-person.

The Board Meeting begins at 10:00 AM Pacific Time on May 23, 2024; you may join the call 5 minutes prior to the start of the meeting.

Dial-in: 202-735-3323 and enter
English Access Code: 5647249#
Spanish Access Code: 7292892#"
2687,2024-05-23,Board of Directors - Regular Board Meeting,125080,,1,,,,,,,,0,0,Live Public Comment Instructions:
2687,2024-05-23,Board of Directors - Regular Board Meeting,125179,32,28,10114,2024-0259,Informational Report,,,,,0,0,RECEIVE AND FILE May 2024 State and Federal Legislative Report.
2687,2024-05-23,Board of Directors - Regular Board Meeting,125180,30,26,10127,2024-0272,Project,APPROVED,Pass,,,0,0,"CONSIDER:

A.	APPROVING the 170th/182nd Grade-Separated Light Rail Transit Alternative, also referred to as the Hybrid Alternative, as the Proposed Project for the Environmental Impact Report (EIR) and Locally Preferred Alternative (LPA) for the Metro C (Green) Line Extension to Torrance Project (Project); and

B.	AUTHORIZING the preparation of the Final EIR through the California Environmental Quality Act (CEQA) based on the LPA."
2687,2024-05-23,Board of Directors - Regular Board Meeting,127074,,65,,,,,,,,0,0,
2687,2024-05-23,Board of Directors - Regular Board Meeting,127075,5,35,10020,2024-0165,Agreement,APPROVED,Pass,,,0,1,"AUTHORIZE the Chief Executive Officer to execute a five-year Regional Rideshare Software Partnership Funding Agreement (Agreement) with the five bordering County Transportation Commissions for an estimated average annual budget of $224,798 per year, or a total not to exceed five-year amount of $1,123,986."
2687,2024-05-23,Board of Directors - Regular Board Meeting,127076,,34,,,,,,,,0,0,PLANNING AND PROGRAMMING COMMITTEE MADE THE FOLLOWING RECOMMENDATION (3-0):
2687,2024-05-23,Board of Directors - Regular Board Meeting,127077,15.1,23,10215,2024-0360,Motion / Motion Response,APPROVED,Pass,,,0,0,"APPROVE Motion by Horvath, Hahn, Dutra, Butts, and Solis, as amended by Barger that the Board direct the Chief Executive Officer to:

A.	Invite the multi-agency law enforcement partners (LASD, LAPD, LBPD) to participate in a discussion about public safety on the Metro system at the June 2024 Board Meeting, to include, but not be limited to discussion of staffing and deployment levels; system-wide coverage and response times; interagency coordination; an analysis of high-profile incidences; and e"
2687,2024-05-23,Board of Directors - Regular Board Meeting,127078,4,15,10208,2024-0353,Oral Report / Presentation,RECEIVED,Pass,,,0,0,RECEIVE report by the Chief Executive Officer.
2687,2024-05-23,Board of Directors - Regular Board Meeting,127079,3,14,10207,2024-0352,Oral Report / Presentation,RECEIVED,Pass,,,0,0,RECEIVE remarks by the Chair.
2687,2024-05-23,Board of Directors - Regular Board Meeting,127087,9,44,10087,2024-0232,Program,APPROVED,Pass,,,0,1,"CONSIDER:

A.	APPROVING inter-program borrowing and programming of $5,543,000 from Measure M Multi-Year Subregional Program (MSP) - Highway Demand Based Programs to Measure M MSP - Highway Efficiency Program to support grade separation projects, as shown in Attachment A;

B.	APPROVING programming of an additional $124,800 for Planning Activities for Measure M MSP, as shown in Attachments B; and

C.	AUTHORIZING the CEO or their designee to negotiate and execute all necessary agreements and/"
2687,2024-05-23,Board of Directors - Regular Board Meeting,127088,,43,,,,,,,,0,0,PLANNING AND PROGRAMMING COMMITTEE MADE THE FOLLOWING RECOMMENDATION (3-0):
2687,2024-05-23,Board of Directors - Regular Board Meeting,127089,8,42,9526,2023-0448,Contract,APPROVED,Pass,,,0,0,"AUTHORIZE the Chief Executive Officer to execute an 18-month Exclusive Negotiation Agreement and Planning Document (ENA), with the option to extend for an additional two, 12-month periods, with Jamboree Housing Corporation (Developer) for the development of Metro-owned property at the Duarte/City of Hope A Line Station (Site), subject to resolution of all properly submitted protest(s), if any."
2687,2024-05-23,Board of Directors - Regular Board Meeting,127090,,41,,,,,,,,0,0,PLANNING AND PROGRAMMING COMMITTEE MADE THE FOLLOWING RECOMMENDATION (3-0):
2687,2024-05-23,Board of Directors - Regular Board Meeting,127091,7,40,9876,2024-0021,Program,APPROVED,Pass,,,0,1,"AUTHORIZE the Chief Executive Officer (CEO) to EXECUTE:

A.	Modification No. 2 to the Regional Rail Engineering and Design On-Call Services Contract Nos. AE56750000 through AE56750004 to exercise the first one-year option term in the amount of $2 million increasing the not-to-exceed (NTE) cumulative contract amount from $11 million to $13 million and extending the period of performance from August 14, 2024, to August 13, 2025;

B.	Modification No. 2 to the Regional Rail Project Management On-Cal"
2687,2024-05-23,Board of Directors - Regular Board Meeting,127092,,39,,,,,,,,0,0,PLANNING AND PROGRAMMING COMMITTEE MADE THE FOLLOWING RECOMMENDATION (3-0):
2687,2024-05-23,Board of Directors - Regular Board Meeting,127093,6,37,10107,2024-0252,Project,APPROVED,Pass,,,0,0,"AUTHORIZE the Chief Executive Officer or designee to extend the existing Exclusive Negotiation Agreement and Planning Document with NOHO Development Associates, LLC, a Delaware limited liability company (Developer) for the North Hollywood Joint Development Project for an additional six (6) months."
2687,2024-05-23,Board of Directors - Regular Board Meeting,127094,,36,,,,,,,,0,0,PLANNING AND PROGRAMMING COMMITTEE MADE THE FOLLOWING RECOMMENDATION (3-0):
2687,2024-05-23,Board of Directors - Regular Board Meeting,127095,,24,,,,,,,,0,0,page break
2687,2024-05-23,Board of Directors - Regular Board Meeting,127097,22,58,10058,2024-0203,Contract,APPROVED,Pass,,,0,1,"AUTHORIZE the Chief Executive Officer to:

A.	AWARD a firm fixed unit rate Contract No. OP91244-20008370, for Regions 1 and 2, to Woods Maintenance Services, Inc. to provide landscape and irrigation maintenance services in the not-to-exceed (NTE) amount of $16,988,820 for the three-year base term, and $12,761,800 for the one, two-year option term, for a total combined NTE amount of $29,750,620, effective July 1, 2024, subject to resolution of any properly submitted protest(s), if any; and

B.	AW"
2687,2024-05-23,Board of Directors - Regular Board Meeting,127098,,57,,,,,,,,0,0,"OPERATIONS, SAFETY, AND CUSTOMER EXPERIENCE COMMITTEE MADE THE FOLLOWING RECOMMENDATION (3-0):"
2687,2024-05-23,Board of Directors - Regular Board Meeting,127099,21,56,10041,2024-0186,Contract,APPROVED,Pass,,,0,1,"CONSIDER:

A.	AMENDING the Life of Project Budget for the P3010 Fleet Component Overhaul project by $14,542,000 for a total of $50,532,000; and

B.	AUTHORIZING the Chief Executive Officer to award a firm fixed price Contract No. MA101250000 to ORX Railway Corporation for transporting, inspecting, overhauling, and testing a total of 257 P3010 fleet truck systems assemblies including 88 individual gear unit spares for a firm fixed price amount of $39,551,971.00, for a period of 49 months after the"
2687,2024-05-23,Board of Directors - Regular Board Meeting,127100,,55,,,,,,,,0,0,"OPERATIONS, SAFETY, AND CUSTOMER EXPERIENCE COMMITTEE MADE THE FOLLOWING RECOMMENDATION (3-0):"
2687,2024-05-23,Board of Directors - Regular Board Meeting,127101,20,54,9937,2024-0082,Contract,APPROVED,Pass,,,0,1,"AUTHORIZE the Chief Executive Officer to award a firm fixed unit rate Contract No. OP1107770008370 to ATIS Elevator Inspections, LLC (ATIS) to provide regular and as-needed elevator and escalator consulting services systemwide, in the not-to-exceed (NTE) amount of $1,015,470 for the three-year base period, $390,590 for option year one, and $385,990 for option year two, for a total combined NTE amount of $1,792,050, effective July 1, 2024, subject to resolution of any properly submitted protest(s"
2687,2024-05-23,Board of Directors - Regular Board Meeting,127102,,53,,,,,,,,0,0,"OPERATIONS, SAFETY, AND CUSTOMER EXPERIENCE COMMITTEE MADE THE FOLLOWING RECOMMENDATION (3-0):"
2687,2024-05-23,Board of Directors - Regular Board Meeting,127103,17,52,9475,2023-0397,Budget,ADOPTED,Pass,,,0,1,"AMEND the Life-of-Project (LOP) budget for the Purple (D Line) Extension Project Section 1 (Project) by $225,000,000 from $3,128,879,593 to $3,353,879,593 using the fund sources as summarized in Attachment A and consistent with the provisions of the Board-adopted Measure R and Measure M Unified Cost Management Policy (Attachment B)."
2687,2024-05-23,Board of Directors - Regular Board Meeting,127104,,51,,,,,,,,0,0,CONSTRUCTION COMMITTEE MADE THE FOLLOWING RECOMMENDATION (5-0):
2687,2024-05-23,Board of Directors - Regular Board Meeting,127105,16,50,9918,2024-0063,Contract,APPROVED,Pass,,,0,0,"AUTHORIZE the Chief Executive Officer to: 

A.	AWARD Contract No. AE112357000 to prepare Plans, Specifications, and Estimates (PS&E) for the North Hollywood to Pasadena Bus Rapid Transit Project (Project) to HDR Engineering, Inc., in the amount of $29,846,544 subject to resolution of properly submitted protest(s), if any; and

B.	EXECUTE individual Contract Modifications within the CEO’s Board approved authority."
2687,2024-05-23,Board of Directors - Regular Board Meeting,127106,,49,,,,,,,,0,0,CONSTRUCTION COMMITTEE MADE THE FOLLOWING RECOMMENDATION (3-0):
2687,2024-05-23,Board of Directors - Regular Board Meeting,127107,13,48,10111,2024-0256,Plan,APPROVED,Pass,,,0,1,ADOPT the Fiscal Year 2025 (FY25) Proposed Annual Audit Plan (Attachment A).
2687,2024-05-23,Board of Directors - Regular Board Meeting,127108,,47,,,,,,,,0,0,"FINANCE, BUDGET, AND AUDIT COMMITTEE MADE THE FOLLOWING RECOMMENDATION (3-0):"
2687,2024-05-23,Board of Directors - Regular Board Meeting,127109,10,46,9939,2024-0084,Program,APPROVED,Pass,,,0,1,"CONSIDER:

A.	APPROVING $4,374,000 in Measure M High Desert Multipurpose Corridor (HDMC) funds identified in the Expenditure Plan for Right-Of-Way acquisition to be repurposed to the High Desert Corridor (HDC) Joint Powers Agency (JPA) for the Fiscal Year (FY) 2025 work program;

B.	APPROVING $2,200,000 in Measure M High Desert Multipurpose Corridor (HDMC) funds identified in the Expenditure Plan for Right-Of-Way acquisition to be repurposed to complete the HDMC High Speed Rail (HSR) Service Dev"
2687,2024-05-23,Board of Directors - Regular Board Meeting,127110,,45,,,,,,,,0,0,PLANNING AND PROGRAMMING COMMITTEE MADE THE FOLLOWING RECOMMENDATION (4-0):
2687,2024-05-23,Board of Directors - Regular Board Meeting,127111,14,19,9695,2023-0617,Contract,,,,,0,0,"AUTHORIZE the Chief Executive Officer to:

A.	EXECUTE Modification No. 176 to Contract No. OP02461010001, with Cubic Transportation Systems, Inc. (“Cubic”), in the amount of $66,423,946 for upgrading the current fare payment system to include open payment and account-based functionality and expand its capabilities to improve the customer experience, including acceptance of credit and debit cards as payment on buses and at rail stations for 27 Los Angeles County transit agencies;

B.	EXECUTE "
2687,2024-05-23,Board of Directors - Regular Board Meeting,127112,,18,,,,,,,,0,0,"FINANCE, BUDGET, AND AUDIT COMMITTEE AND OPERATIONS, SAFETY, AND CUSTOMER EXPERIENCE COMMITTEE FORWARDED THE FOLLOWING WITHOUT RECOMMENDATION:"
2687,2024-05-23,Board of Directors - Regular Board Meeting,127113,11,17,10045,2024-0190,Project,APPROVED,Pass,,,0,0,"CONSIDER:  
 
A.	APPROVING the Board selected full nine-mile Eastside Transit Corridor Phase 2 with the Lambert Station in the City of Whittier as the terminus for the Project;

B.	APPROVING the refinement to the Board selected Locally Preferred Alternative (LPA), a 4.6-mile extension of the existing Metro E-Line to Greenwood Station as the Initial Operating Segment; with design options for Atlantic/Pomona (open underground station) and Greenwood Station (at-grade) and a Maintenance and Stor"
2687,2024-05-23,Board of Directors - Regular Board Meeting,127114,,16,,,,,,,,0,0,PLANNING AND PROGRAMMING COMMITTEE FORWARDED THE FOLLOWING WITHOUT RECOMMENDATION:
2687,2024-05-23,Board of Directors - Regular Board Meeting,127115,15,22,10082,2024-0227,Public Hearing,APPROVED,Pass,,,0,0,"CONSIDER:

A.	ADOPTING the proposed FY25 Budget as presented in the budget document (provided in a separate transmittal and posted on metro.net <https://www.metro.net/about/financebudget/>); 

1.	AUTHORIZING $9.0 billion annual consolidated expenditures to achieve goals and objectives set forth by the Board adopted mission and goals; 

2.	AUTHORIZING a total of 11,283 FTEs, of which 9,275 are Represented FTEs and 2,008 are Non-Represented FTEs; 

3.	AUTHORIZING an average 4% performance-based me"
2687,2024-05-23,Board of Directors - Regular Board Meeting,127116,,21,,,,,,,,0,0,"FINANCE, BUDGET, AND AUDIT COMMITTEE FORWARDED THE FOLLOWING WITHOUT RECOMMENDATION:"
2687,2024-05-23,Board of Directors - Regular Board Meeting,127118,,64,,,,,,,,0,0,
2687,2024-05-23,Board of Directors - Regular Board Meeting,127119,28,63,10088,2024-0233,Appointment,APPROVED,Pass,,,0,1,APPROVE nominees for membership on Metro’s Gateway Cities Service Council.
2687,2024-05-23,Board of Directors - Regular Board Meeting,127120,,62,,,,,,,,0,0,"OPERATIONS, SAFETY, AND CUSTOMER EXPERIENCE COMMITTEE MADE THE FOLLOWING RECOMMENDATION (3-0):"
2687,2024-05-23,Board of Directors - Regular Board Meeting,127121,23,61,10062,2024-0207,Budget,ADOPTED,Pass,,,0,1,"APPROVE an increase to the Life-of-Project (LOP) budget for the Bus Divisions and Facilities Fire Alarm Modernization Project by $6,356,000, increasing the LOP budget from $3,474,000 to $9,830,000."
2687,2024-05-23,Board of Directors - Regular Board Meeting,127122,,60,,,,,,,,0,0,"OPERATIONS, SAFETY, AND CUSTOMER EXPERIENCE COMMITTEE MADE THE FOLLOWING RECOMMENDATION (3-0):"
2687,2024-05-23,Board of Directors - Regular Board Meeting,127123,,25,,,,,,,,0,0,APRIL'S PLANNING AND PROGRAMMING COMMITTEE FORWARDED THE FOLLOWING WITHOUT RECOMMENDATION AND APRIL'S EXECUTIVE MANAGEMENT COMMITTEE FORWARDED THE FOLLOWING:
2687,2024-05-23,Board of Directors - Regular Board Meeting,127156,31,27,10220,2024-0365,Motion / Motion Response,APPROVED,Pass,,,0,0,"APPROVE Motion by Bass, Barger, Hahn, Solis, Najarian, and Yaroslavsky that the Board direct the Chief Executive Officer to:

A.	Increase the daily planned deployment of public safety personnel, adjusting deployment to focus on the rail cars, buses, and stations with the highest incidents of crime and public safety issues so that riders and frontline employees feel safe.

B.	Direct public safety personnel, including Los Angeles Police Department, Los Angeles Sheriff’s Department, Long Beach Poli"
2687,2024-05-23,Board of Directors - Regular Board Meeting,127157,14.1,20,10222,2024-0367,Motion / Motion Response,,,,,0,0,"APPROVE Motion by Mitchell, Sandoval, Solis, Najarian, Dupont-Walker, and Bass that the Board direct the Chief Executive Officer to:

A.	Include social benefit cards as fare media as part of Phase II account-based system launch of TAP Plus. If unable to implement as part of Phase II launch, report to the Board on reasons for the delay.

B.	Coordinate with relevant federal, state, and County agencies, such as the Los Angeles County Department of Public Social Services, to make necessary technical"
2687,2024-05-23,Board of Directors - Regular Board Meeting,127189,,31,,,,,,,,0,0,page break
2687,2024-05-23,Board of Directors - Regular Board Meeting,127190,,38,,,,,,,,0,0,page break
2687,2024-05-23,Board of Directors - Regular Board Meeting,127191,,59,,,,,,,,0,0,page break
2687,2024-05-23,Board of Directors - Regular Board Meeting,127225,,,10249,2024-0394,Motion / Motion Response,APPROVED,Pass,,,0,0,"APPROVE Motion by Butts that the Board of Directors:

A.	Approve the staff recommendation on LPA and continue the EIR process in compliance with CEQA; 

B.	Complete studies to respond fully to public comments received on the ROW and Hawthorne Blvd Alignments in the Final EIR; and

C.	Continue to develop refined cost estimates for the LPA on the ROW alignment and  develop a refined funding plan that includes the identification of all federal, state, and local funding sources to implement th"
2687,2024-05-23,Board of Directors - Regular Board Meeting,127226,,,,,,APPROVED ON CONSENT CALENDAR,Pass,,,0,1,Approval of the Consent Agenda
2688,2024-06-27,Board of Directors - Regular Board Meeting,127288,,9,,,,,,,,0,0,page break
2688,2024-06-27,Board of Directors - Regular Board Meeting,127289,,10,,,,,,,,0,0,CALL TO ORDER
2688,2024-06-27,Board of Directors - Regular Board Meeting,127290,,11,,,,,,,,1,0,ROLL CALL
2688,2024-06-27,Board of Directors - Regular Board Meeting,127291,,12,,,,,,,,0,0,"1. APPROVE Consent Calendar Items: 2, 6, 7, 8, 9, 10, 11, 12, 13, 14, 15, 16, 17, 18, 20, 21, 23, 24, 25, 26, 27, and 28.

Consent Calendar items are approved by one motion unless held by a Director for discussion and/or separate action.

All Consent Calendar items are listed at the end of the agenda, beginning on page 11. "
2688,2024-06-27,Board of Directors - Regular Board Meeting,127292,,34,,,,,,,,0,0,CONSENT CALENDAR
2688,2024-06-27,Board of Directors - Regular Board Meeting,127441,,81,10281,2024-0426,Informational Report,,,,,0,0,RECEIVE General Public Comment
2688,2024-06-27,Board of Directors - Regular Board Meeting,127442,,82,,,,,,,,0,0,"Consideration of items not on the posted agenda, including: items to be presented and (if requested) referred to staff; items to be placed on the agenda for action at a future meeting of the Committee or Board; and/or items requiring immediate action because of an emergency situation or where the need to take immediate action came to the attention of the Committee subsequent to the posting of the agenda."
2688,2024-06-27,Board of Directors - Regular Board Meeting,127443,,83,,,,,,,,0,0,COMMENTS FROM THE PUBLIC ON ITEMS OF PUBLIC INTEREST WITHIN COMMITTEE’S SUBJECT MATTER JURISDICTION
2688,2024-06-27,Board of Directors - Regular Board Meeting,127444,,84,,,,,,,,0,0,Adjournment
2688,2024-06-27,Board of Directors - Regular Board Meeting,127445,,8,,,,,,,,0,0,"Written public comments must be received by 5PM the day before the meeting.
Please include the Item # in your comment and your position of “FOR,” “AGAINST,” ""GENERAL COMMENT,"" or ""ITEM NEEDS MORE CONSIDERATION.""
Email: BoardClerk@metro.net
Post Office Mail:
Board Administration
One Gateway Plaza
MS: 99-3-1
Los Angeles, CA 90012"
2688,2024-06-27,Board of Directors - Regular Board Meeting,127446,,7,,,,,,,,0,0,Written Public Comment Instruction:
2688,2024-06-27,Board of Directors - Regular Board Meeting,127447,,6,,,,,,,,0,0,Los comentarios del público se tomaran cuando se toma cada tema. Para dar un comentario público sobre una tema ingrese # 2 (Tecla de numero y dos) cuando se le solicite. Tenga en cuenta que la transmisión de video en vivo se retrasa unos 30 segundos con respecto a la reunión real. No hay retraso en la línea de acceso telefónico para comentarios públicos.
2688,2024-06-27,Board of Directors - Regular Board Meeting,127448,,5,,,,,,,,0,0,"Los comentarios publicos en vivo se pueden dar por telefono o en persona.

La Reunion de la Junta comienza a las 10:00 AM, hora del Pacifico, el 27 de Junio de 2024. Puedes unirte a la llamada 5 minutos antes del comienso de la junta.

Marque: 202-735-3323 y ingrese el codigo
Codigo de acceso en ingles: 5647249#
Codigo de acceso en espanol: 7292892#"
2688,2024-06-27,Board of Directors - Regular Board Meeting,127449,,4,,,,,,,,0,0,Instrucciones para comentarios publicos en vivo:
2688,2024-06-27,Board of Directors - Regular Board Meeting,127450,,3,,,,,,,,0,0,"Public comment will be taken as the Board takes up each item. To give public comment on an item, enter #2 (pound-two) when prompted. Please note that the live video feed lags about 30 seconds behind the actual meeting. There is no lag on the public comment dial-in line."
2688,2024-06-27,Board of Directors - Regular Board Meeting,127451,,2,,,,,,,,0,0,"Live public comment can be given by telephone or in-person.

The Meeting begins at 10:00 AM Pacific Time on June 27, 2024; you may join the call 5 minutes prior to the start of the meeting.

Dial-in: 202-735-3323 and enter
English Access Code: 5647249#
Spanish Access Code: 7292892#"
2688,2024-06-27,Board of Directors - Regular Board Meeting,127452,,1,,,,,,,,0,0,Live Public Comment Instructions:
2688,2024-06-27,Board of Directors - Regular Board Meeting,127453,,13,,,,,,,,0,0,NON-CONSENT
2688,2024-06-27,Board of Directors - Regular Board Meeting,127454,,31,,,,,,,,0,0,END OF NON-CONSENT
2688,2024-06-27,Board of Directors - Regular Board Meeting,127455,43,28,10284,2024-0429,Motion / Motion Response,,,,,0,0,"APPROVE Motion by Mitchell, Sandoval, Solis, Najarian, Dupont-Walker, and Bass that the Board direct the Chief Executive Officer to:

A.	Include social benefit cards as fare media as part of Phase II account-based system launch of TAP Plus. If unable to implement as part of Phase II launch, report to the Board on reasons for the delay.

B.	Coordinate with relevant federal, state, and County agencies, such as the Los Angeles County Department of Public Social Services, to make necessary technical"
2688,2024-06-27,Board of Directors - Regular Board Meeting,127458,5,16,10283,2024-0428,Oral Report / Presentation,RECEIVED,Pass,,,0,0,ELECTION of Board Officers.
2688,2024-06-27,Board of Directors - Regular Board Meeting,127459,4,15,10278,2024-0423,Oral Report / Presentation,,,,,0,0,RECEIVE report by the Chief Executive Officer.
2688,2024-06-27,Board of Directors - Regular Board Meeting,127460,3,14,10277,2024-0422,Oral Report / Presentation,,,,,0,0,RECEIVE remarks by the Chair.
2688,2024-06-27,Board of Directors - Regular Board Meeting,127461,,33,,,,,,,,0,0,
2688,2024-06-27,Board of Directors - Regular Board Meeting,127463,13,53,10039,2024-0184,Contract,APPROVED ON CONSENT CALENDAR,Pass,,,0,0,"AUTHORIZE the Chief Executive Officer (CEO) to execute Modification No. 3 to the Regional Rail Planning and Environmental On-Call Services Contract Nos. AE56752000 through AE56752005 to exercise the first one-year option term in the amount of $2 million, increasing the not-to-exceed (NTE) cumulative contract amount from $25 million to $27 million and extending the period of performance from August 14, 2024, to August 13, 2025."
2688,2024-06-27,Board of Directors - Regular Board Meeting,127464,,52,,,,,,,,0,0,"PLANNING AND PROGRAMMING COMMITTEE MADE THE FOLLOWING
RECOMMENDATION (4-0):"
2688,2024-06-27,Board of Directors - Regular Board Meeting,127466,2,35,10303,2024-0448,Minutes,APPROVED ON CONSENT CALENDAR,Pass,,,0,1,"APPROVE Minutes of the Regular Board Meeting held May 23, 2024."
2688,2024-06-27,Board of Directors - Regular Board Meeting,127592,38,21,10161,2024-0306,Informational Report,RECEIVED AND FILED,Pass,,,0,0,RECEIVE AND FILE a status report on strategies to improve safety for Metro riders and employees in response to Motion 34.1.
2688,2024-06-27,Board of Directors - Regular Board Meeting,127593,42,27,10140,2024-0285,Informational Report,,,,,0,0,RECEIVE AND FILE an update on the Low Income Fare is Easy (LIFE) Program in response to Board Motion 22 Bridge to Fareless Transit (Attachment A).
2688,2024-06-27,Board of Directors - Regular Board Meeting,127594,37,20,10261,2024-0406,Budget,ADOPTED,Pass,,,0,0,"CONSIDER:

A.	 APPROVING adjustment of the FY25 Budget which currently has $30 million for SR-71 South Segment Project to provide separate budget line items: $10 million for the SR-71 North Segment Project and $20 million for the SR-71 South Segment Project;

B.	APPROVING the programming of $10 million in Measure M funds to support design activities for the SR-71 North Segment Project (Phase 2); and 

C.	AUTHORIZING the Chief Executive Officer or their designee to execute and/or amend all "
2688,2024-06-27,Board of Directors - Regular Board Meeting,127595,35,17,9943,2024-0088,Policy,APPROVED,Pass,,,0,0,"CONSIDER:

A.	HOLDING a public hearing on the proposed Resolutions of Necessity; and

B.	ADOPTING the Resolutions of Necessity authorizing the commencement of eminent domain actions to acquire the Property Interests (“Property Interests”) as identified in Attachment A, and described as follows:

1.	Project Parcel I-605-1, 12900 Valley Boulevard, Unincorporated Area of Los Angeles County, CA (APN 8110-023-024 & 025); 26-month Temporary Construction Easement (TCE) 

2.	Project Parcels I-60"
2688,2024-06-27,Board of Directors - Regular Board Meeting,127596,36,18,10250,2024-0395,Policy,APPROVED,Pass,,,0,0,"CONSIDER:

A.	HOLDING a public hearing on the proposed Resolution of Necessity; and

B.	ADOPTING the Resolution of Necessity authorizing the commencement of an eminent domain action to acquire three permanent easements identified as W-5004, W-5004-1 and W-5004-4 and to acquire a 67-month temporary construction easement identified as W-5004-2 from the property identified as (APN: 4324-001-031) (hereinafter called the “Property Interests”) as identified in Attachment A.

(REQUIRES TWO-THIRDS"
2688,2024-06-27,Board of Directors - Regular Board Meeting,127597,,29,,,,,,,,0,0,
2688,2024-06-27,Board of Directors - Regular Board Meeting,127630,40,24,10024,2024-0169,Plan,APPROVED,Pass,,,0,0,"CONSIDER:

A.	RECEIVING AND FILING the Transit Community Public Safety Department Implementation Plan (Attachment A); and

B.	APPROVING the establishment of an in-house Transit Community Public Safety Department over a five-year phased transition, utilizing the Enhanced Public Safety Service Model."
2688,2024-06-27,Board of Directors - Regular Board Meeting,127632,41,26,10174,2024-0319,Contract,APPROVED,Pass,,,0,0,"AUTHORIZE the Chief Executive Officer to:

A.	EXECUTE Modification No. 176 to Contract No. OP02461010001, with Cubic Transportation Systems, Inc. (“Cubic”), in the amount of $66,423,946 for upgrading the current fare payment system to include open payment and account-based functionality and expand its capabilities to improve the customer experience, including acceptance of credit and debit cards as payment on buses and at rail stations for 27 Los Angeles County transit agencies;

B.	EXECUTE Modi"
2688,2024-06-27,Board of Directors - Regular Board Meeting,127664,6,37,10187,2024-0332,Formula Allocation / Local Return,APPROVED,Pass,,,0,1,"CONSIDER:

A.	AUTHORIZING the Chief Executive Officer to negotiate and execute all necessary agreements between Los Angeles County Metropolitan Transportation Authority (LACMTA) and the Cities for their Capital Reserve Account as approved; and

B.	ESTABLISHING new Local Return funded Capital Reserve Accounts for the Cities of Palmdale (Proposition A), and South Pasadena (Measure R) (Attachment A)."
2688,2024-06-27,Board of Directors - Regular Board Meeting,127665,,36,,,,,,,,0,0,"FINANCE, BUDGET, AND AUDIT COMMITTEE MADE THE FOLLOWING
RECOMMENDATION (4-0):"
2688,2024-06-27,Board of Directors - Regular Board Meeting,127666,,77,,,,,,,,0,0,"OPERATIONS, SAFETY, AND CUSTOMER EXPERIENCE COMMITTEE MADE THE
FOLLOWING RECOMMENDATION (5-0):"
2688,2024-06-27,Board of Directors - Regular Board Meeting,127667,,69,,,,,,,,0,0,"OPERATIONS, SAFETY, AND CUSTOMER EXPERIENCE COMMITTEE MADE THE
FOLLOWING RECOMMENDATION (5-0):"
2688,2024-06-27,Board of Directors - Regular Board Meeting,127668,18,64,10165,2024-0310,Contract,APPROVED,Pass,,,0,1,"AUTHORIZE the Chief Executive Officer (CEO) to utilize the National Association of State Procurement Officials (NASPO) cooperative purchase program’s Master Price Agreement to purchase computer and network equipment, peripherals, and related software and services, for a five-year period for a total expenditure not-to-exceed $90 million, subject to funding availability effective September 1, 2024. This request is not for a budget increase but is a request to utilize the NASPO cooperative agreemen"
2688,2024-06-27,Board of Directors - Regular Board Meeting,127669,,63,,,,,,,,0,0,"EXECUTIVE MANAGEMENT COMMITTEE MADE THE FOLLOWING RECOMMENDATION
(4-0):"
2688,2024-06-27,Board of Directors - Regular Board Meeting,127670,15,57,10131,2024-0276,Program,APPROVED ON CONSENT CALENDAR,Pass,,,0,0,"CONSIDER:

A.	PROGRAMMING $2,500,000 in Proposition C 25% or Surface Transportation Block Grant (STBG) for the SR-138 Segment 13; and

B.	AUTHORIZING the Chief Executive Officer (CEO) or their designee to negotiate and execute all necessary agreements for the SR-138 Board-approved projects."
2688,2024-06-27,Board of Directors - Regular Board Meeting,127671,7,39,10188,2024-0333,Resolution,ADOPTED,Pass,,,0,1,"ADOPT:

A.	Findings and Recommendations (Attachment A) for allocating fiscal year 2025 (FY25), Transportation Development Act (TDA) Article 8 funds estimated (Attachment B) at $42,918,656 as follows:

1.	In the City of Avalon, there are no unmet transit needs that are reasonable to meet. Therefore TDA Article 8 funds in the amount of $202,757 may be used for street and road projects or transit projects;

2.	In the Cities of Lancaster and Palmdale, there are no unmet transit needs that are reason"
2688,2024-06-27,Board of Directors - Regular Board Meeting,127672,,38,,,,,,,,0,0,"FINANCE, BUDGET, AND AUDIT COMMITTEE MADE THE FOLLOWING
RECOMMENDATION (4-0):"
2688,2024-06-27,Board of Directors - Regular Board Meeting,127673,,65,,,,,,,,0,0,"EXECUTIVE MANAGEMENT COMMITTEE MADE THE FOLLOWING RECOMMENDATION
(4-0):"
2688,2024-06-27,Board of Directors - Regular Board Meeting,127674,21,68,10102,2024-0247,Motion / Motion Response,APPROVED,Pass,,,0,1,"CONSIDER:

A.	RECEIVING AND FILING the status update on the recommendations from the Unsolicited Proposals Five Year Review; and

B.	ADOPTING the Unsolicited Proposals (UP) Policy Staff Recommendations (Attachment A) in response to Board Motion 39."
2688,2024-06-27,Board of Directors - Regular Board Meeting,127675,23,70,9926,2024-0071,Agreement,APPROVED,Pass,,,0,1,"CONSIDER:

A.	EXTENDING the Transit Service Operation Agreement between Metro and the City of Glendale for the Glendale Beeline Route 3, for a period of three years through June 30, 2027, for an amount up to $2,396,912.85, which is inclusive of FY24 estimated CPI Index cost adjustment;

B.	EXTENDING the Transit Service Operation Agreement between Metro and the City of Los Angeles Department of Transportation (LADOT) for Dash Pico Union/Echo Park 601, Dash El Sereno/City Terrace 602, and Commuter"
2688,2024-06-27,Board of Directors - Regular Board Meeting,127676,26,76,10110,2024-0255,Contract,APPROVED ON CONSENT CALENDAR,Pass,,,0,0,"AUTHORIZE the Chief Executive Officer to:

A.	AWARD a firm fixed unit rate Contract No. OP91160-20028370 for Region 1 to BriteWorks, Inc. to provide graffiti abatement maintenance services in the not-to-exceed (NTE) amount of $2,644,321 for the three-year base period, and $1,937,690 for the one, two-year option, for a combined NTE amount of $4,582,011, effective August 1, 2024, subject to resolution of any properly submitted protest(s), if any; and

B.	AWARD a firm fixed unit rate Contract No. O"
2688,2024-06-27,Board of Directors - Regular Board Meeting,127692,12,51,10180,2024-0325,Budget,ADOPTED,Pass,,,0,1,"CONSIDER:

A.	APPROVING local funding request for Access Services (Access) in an amount not to exceed $189,763,812 for FY25. This amount includes:
 
·	Local funds for operating and capital expenses in the amount of $187,153,892

·	Local funds paid directly to Metrolink for its participation in Access’ Free Fare Program in the amount of $2,609,920

B.	AUTHORIZING the Chief Executive Officer (CEO) to negotiate and execute all   necessary agreements to implement the above funding programs."
2688,2024-06-27,Board of Directors - Regular Board Meeting,127693,10,46,10098,2024-0243,Program,APPROVED ON CONSENT CALENDAR,Pass,,,0,0,"AUTHORIZE the Chief Executive Officer to negotiate and purchase Public Entity excess liability policies with up to $300 million in limits at a not-to-exceed premium of $29.9 million for the 12-month period effective August 1, 2024, to August 1, 2025."
2688,2024-06-27,Board of Directors - Regular Board Meeting,127694,,45,,,,,,,,0,0,"FINANCE, BUDGET, AND AUDIT COMMITTEE MADE THE FOLLOWING
RECOMMENDATION (4-0):"
2688,2024-06-27,Board of Directors - Regular Board Meeting,127695,9,44,9851,2023-0774,Contract,APPROVED ON CONSENT CALENDAR,Pass,,,0,0,"AUTHORIZE the Chief Executive Officer to award a firm-fixed unit rate Contract No. PS108960(2)000 to Crowe LLP (Crowe) to perform annual financial and compliance audits of Metro and its component units in the not-to-exceed (NTE) amount of $2,096,970 for the five-year base term, and $464,450 for the one-year option term, for a total combined NTE amount of $2,561,420, effective July 1, 2024, subject to resolution of all properly submitted protest(s), if any."
2688,2024-06-27,Board of Directors - Regular Board Meeting,127696,,43,,,,,,,,0,0,"FINANCE, BUDGET, AND AUDIT COMMITTEE MADE THE FOLLOWING
RECOMMENDATION (3-0):"
2688,2024-06-27,Board of Directors - Regular Board Meeting,127697,8,42,10192,2024-0337,Formula Allocation / Local Return,APPROVED,Pass,,,0,1,"CONSIDER:

A.	APPROVING $3.2 billion in fiscal year 2024-25 (FY25) Transit Fund Allocations for Los Angeles County jurisdictions, transit operators, and Metro Operations as shown in Attachment A. These allocations comply with federal, state, and local regulations and Metro Board approved policies and guidelines;

B.	APPROVING fund exchanges in the estimated amount of $3,566,564 of Metro’s Transportation Development Act (TDA) Article 4 allocation with Municipal Operators’ shares of the Low Carbon"
2688,2024-06-27,Board of Directors - Regular Board Meeting,127698,,41,,,,,,,,0,0,"FINANCE, BUDGET, AND AUDIT COMMITTEE MADE THE FOLLOWING
RECOMMENDATION (4-0):"
2688,2024-06-27,Board of Directors - Regular Board Meeting,127699,,50,,,,,,,,0,0,"FINANCE, BUDGET, AND AUDIT COMMITTEE MADE THE FOLLOWING
RECOMMENDATION (4-0):"
2688,2024-06-27,Board of Directors - Regular Board Meeting,127700,11,49,10137,2024-0282,Program,APPROVED,Pass,,,0,1,"CONSIDER:

A.	APPROVING programming the Los Angeles County Metropolitan Transportation Authority’s (“Metro”) share of the Southern California Regional Rail Authority’s (SCRRA) Fiscal Year (FY) 2024-25 Operating, Rehabilitation, and Capital Budget in the amount of $206,833,180 as described in Attachment A;

B.	APPROVING the increase of funding to SCRRA for Right-Of-Way (ROW) maintenance along Metro-owned property beyond the 20-foot center of track from $1,195,916 to $2,920,232 (addition of $1"
2688,2024-06-27,Board of Directors - Regular Board Meeting,127701,,48,,,,,,,,0,0,"FINANCE, BUDGET, AND AUDIT COMMITTEE MADE THE FOLLOWING
RECOMMENDATION (4-0):"
2688,2024-06-27,Board of Directors - Regular Board Meeting,127702,,56,,,,,,,,0,0,"PLANNING AND PROGRAMMING COMMITTEE MADE THE FOLLOWING
RECOMMENDATION (4-1):"
2688,2024-06-27,Board of Directors - Regular Board Meeting,127703,14,55,10103,2024-0248,Contract,APPROVED,Pass,,,0,1,"AUTHORIZE the Chief Executive Officer to execute Contract Ratification and Modification No. 34 to Contract No. PS4340-1939 with URS Corporation (an AECOM Entity) to fund the additional LB-ELA Task Force (formerly I-710 Task Force) outreach efforts and technical responses in the not-to-exceed amount of $477,612, increasing the total contract value from $68,782,355 to $69,259,967 and extending the period of performance six months to end on September 30, 2024."
2688,2024-06-27,Board of Directors - Regular Board Meeting,127704,,54,,,,,,,,0,0,"PLANNING AND PROGRAMMING COMMITTEE MADE THE FOLLOWING
RECOMMENDATION (5-0):"
2688,2024-06-27,Board of Directors - Regular Board Meeting,127705,,58,,,,,,,,0,0,"PLANNING AND PROGRAMMING COMMITTEE MADE THE FOLLOWING
RECOMMENDATION (5-0):"
2688,2024-06-27,Board of Directors - Regular Board Meeting,127706,17,61,10136,2024-0281,Project,APPROVED ON CONSENT CALENDAR,Pass,,,0,0,"AUTHORIZE the Chief Executive Officer to execute an Exclusive Negotiation Agreement and Planning Document (ENA) with Metro Venice Art Collective, LLC (Developer) for a period of 18 months, with the option to extend for an additional three, 12-month periods, for the development of Metro-owned property at the former Division 6 Bus Yard in the Venice Community of the City of Los Angeles (Site), subject to resolution of all properly submitted protest(s), if any."
2688,2024-06-27,Board of Directors - Regular Board Meeting,127707,,60,,,,,,,,0,0,"PLANNING AND PROGRAMMING COMMITTEE MADE THE FOLLOWING
RECOMMENDATION (5-0):"
2688,2024-06-27,Board of Directors - Regular Board Meeting,127708,16,59,10132,2024-0277,Motion / Motion Response,APPROVED,Pass,,,0,1,"APPROVE the:
 
A.	Amended Joint Development Policy (Attachment A); and

B.	Amended Exclusive Negotiations Agreement (ENA) Key Terms (Attachment B) for 10K Sites."
2688,2024-06-27,Board of Directors - Regular Board Meeting,127709,20,66,10181,2024-0326,Program,APPROVED,Pass,,,0,1,"CONSIDER: 

A.	APPROVING 31% Overall Disadvantaged Business Enterprise (DBE) goal for Federal Fiscal Years (FFY) 2025 - 2027 for contracts funded, in whole or in part, with Federal Transit Administration (FTA) funds; and

B.	RECEIVING and FILING an update on the new modernized DBE Program certification and implementation requirements."
2688,2024-06-27,Board of Directors - Regular Board Meeting,127710,,67,,,,,,,,0,0,"EXECUTIVE MANAGEMENT COMMITTEE MADE THE FOLLOWING RECOMMENDATION
(4-0):"
2688,2024-06-27,Board of Directors - Regular Board Meeting,127711,,75,,,,,,,,0,0,"OPERATIONS, SAFETY, AND CUSTOMER EXPERIENCE COMMITTEE MADE THE
FOLLOWING RECOMMENDATION (5-0):"
2688,2024-06-27,Board of Directors - Regular Board Meeting,127712,25,74,10042,2024-0187,Contract,APPROVED,Pass,,,0,1,"AUTHORIZE the Chief Executive Officer (CEO) to award a five-year, Indefinite Delivery/Indefinite Quantity (IDIQ) Contract No. FY119572000 for unleaded fuel to Mansfield Oil Company of Gainesville, Inc., the lowest responsive and responsible bidder, for a three-year base contract with a not-to-exceed amount of $11,588,606.93 and one two-year option for a not-to-exceed amount of $7,763,220.01, for a total not-to-exceed contract amount of $19,351,826.94 inclusive of sales tax, subject to resolution"
2688,2024-06-27,Board of Directors - Regular Board Meeting,127713,,73,,,,,,,,0,0,"OPERATIONS, SAFETY, AND CUSTOMER EXPERIENCE COMMITTEE MADE THE
FOLLOWING RECOMMENDATION (5-0):"
2688,2024-06-27,Board of Directors - Regular Board Meeting,127714,24,72,10002,2024-0147,Informational Report,RECEIVED AND FILED,Pass,,,0,1,"APPROVE nominees for membership in Metro’s San Fernando Valley, San Gabriel Valley, South Bay Cities, and Westside Central Service Councils."
2688,2024-06-27,Board of Directors - Regular Board Meeting,127715,,71,,,,,,,,0,0,"OPERATIONS, SAFETY, AND CUSTOMER EXPERIENCE COMMITTEE MADE THE
FOLLOWING RECOMMENDATION (5-0):"
2688,2024-06-27,Board of Directors - Regular Board Meeting,127716,28,80,10147,2024-0292,Contract,APPROVED,Pass,,,0,0,"AUTHORIZE the Chief Executive Officer to:

A.	AWARD a 54-month firm fixed unit rate Contract No. FS118013-C0003000-13A  to Neighborhood Towing 4U, Inc. for Metro Freeway Service Patrol (FSP) towing services for Beat 7 and Beat 29 in the amount of $9,432,184, effective July 2024, subject to resolution of any properly submitted protest(s), if any;

B.	AWARD a 54-month firm fixed unit rate Contract No. FS118013-C0003001-13B  to Reliable Delivery Service, Inc., DBA R.D.S. Towing, for FSP towing serv"
2688,2024-06-27,Board of Directors - Regular Board Meeting,127717,27,78,10143,2024-0288,Contract,APPROVED ON CONSENT CALENDAR,Pass,,,0,1,"AUTHORIZE the Chief Executive Officer to execute Contract Modification No. 2 to exercise an option for the purchase of 37 Static Converter Low Voltage Power Supply (LVPS) units under Contract No. OP82170000 to Kiepe Electric LLC in the amount of $1,470,195, increasing the total Contract value from $472,306 to $1,942,501 and extending the period of performance by 18 months from October 5, 2024 to April 5, 2026."
2688,2024-06-27,Board of Directors - Regular Board Meeting,127718,,79,,,,,,,,0,0,"OPERATIONS, SAFETY, AND CUSTOMER EXPERIENCE COMMITTEE MADE THE
FOLLOWING RECOMMENDATION (5-0):"
2688,2024-06-27,Board of Directors - Regular Board Meeting,127719,,25,,,,,,,,0,0,"APRIL FINANCE, BUDGET, AND AUDIT COMMITTEE AND APRIL OPERATIONS, SAFETY,  AND CUSTOMER EXPERIENCE COMMITTEE FORWARDED THE FOLLOWING WITHOUT RECOMMENDATION:"
2688,2024-06-27,Board of Directors - Regular Board Meeting,127720,39,22,10279,2024-0424,Informational Report,RECEIVED AND FILED,Pass,,,0,0,RECEIVE AND FILE a report in response to Motion 15.1.
2688,2024-06-27,Board of Directors - Regular Board Meeting,127722,,30,,,,,,,,0,0,
2688,2024-06-27,Board of Directors - Regular Board Meeting,127752,,23,,,,,,,,0,0,
2688,2024-06-27,Board of Directors - Regular Board Meeting,127753,,47,,,,,,,,0,0,
2688,2024-06-27,Board of Directors - Regular Board Meeting,127754,,19,,,,,,,,0,0,page break
2688,2024-06-27,Board of Directors - Regular Board Meeting,127755,,40,,,,,,,,0,0,page break
2688,2024-06-27,Board of Directors - Regular Board Meeting,127756,,62,,,,,,,,0,0,page break
2688,2024-06-27,Board of Directors - Regular Board Meeting,129205,,,,,,APPROVED ON CONSENT CALENDAR,Pass,,,0,1,Approval of the Consent Agenda
2690,2024-01-17,Ad Hoc 2028 Olympic & Paralympic Games Committee,115514,,10,,,,,,,,0,0,CALL TO ORDER
2690,2024-01-17,Ad Hoc 2028 Olympic & Paralympic Games Committee,115515,,11,,,,,,,,0,0,ROLL CALL
2690,2024-01-17,Ad Hoc 2028 Olympic & Paralympic Games Committee,115530,,12,9833,2023-0755,Informational Report,,,,,0,0,RECEIVE AND FILE the progress report on the 2028 Mobility Concept Plan.
2690,2024-01-17,Ad Hoc 2028 Olympic & Paralympic Games Committee,115532,,15,,,,,,,,0,0,"Consideration of items not on the posted agenda, including: items to be presented and (if requested) referred to staff; items to be placed on the agenda for action at a future meeting of the Committee or Board; and/or items requiring immediate action because of an emergency situation or where the need to take immediate action came to the attention of the Committee subsequent to the posting of the agenda."
2690,2024-01-17,Ad Hoc 2028 Olympic & Paralympic Games Committee,115533,,16,,,,,,,,0,0,COMMENTS FROM THE PUBLIC ON ITEMS OF PUBLIC INTEREST WITHIN COMMITTEE’S SUBJECT MATTER JURISDICTION
2690,2024-01-17,Ad Hoc 2028 Olympic & Paralympic Games Committee,115534,,17,,,,,,,,0,0,Adjournment
2690,2024-01-17,Ad Hoc 2028 Olympic & Paralympic Games Committee,115687,,9,,,,,,,,0,0,
2690,2024-01-17,Ad Hoc 2028 Olympic & Paralympic Games Committee,115688,,8,,,,,,,,0,0,"Written public comments must be received by 5PM the day before the meeting.
Please include the Item # in your comment and your position of “FOR,” “AGAINST,” ""GENERAL COMMENT,"" or ""ITEM NEEDS MORE CONSIDERATION.""
Email: BoardClerk@metro.net
Post Office Mail:
Board Administration
One Gateway Plaza
MS: 99-3-1
Los Angeles, CA 90012"
2690,2024-01-17,Ad Hoc 2028 Olympic & Paralympic Games Committee,115689,,7,,,,,,,,0,0,Written Public Comment Instruction:
2690,2024-01-17,Ad Hoc 2028 Olympic & Paralympic Games Committee,115690,,6,,,,,,,,0,0,Los comentarios del público se tomaran cuando se toma cada tema. Para dar un comentario público sobre una tema ingrese # 2 (Tecla de numero y dos) cuando se le solicite. Tenga en cuenta que la transmisión de video en vivo se retrasa unos 30 segundos con respecto a la reunión real. No hay retraso en la línea de acceso telefónico para comentarios públicos.
2690,2024-01-17,Ad Hoc 2028 Olympic & Paralympic Games Committee,115691,,5,,,,,,,,0,0,"Los comentarios publicos en vivo se pueden dar por telefono o en persona.

La Reunion de la Junta comienza a las 9:30 AM, hora del Pacifico, el 17 de Enero de 2024. Puedes unirte a la llamada 5 minutos antes del comienso de la junta.

Marque: 202-735-3323 y ingrese el codigo
Codigo de acceso en ingles: 5647249#
Codigo de acceso en espanol: 7292892#"
2690,2024-01-17,Ad Hoc 2028 Olympic & Paralympic Games Committee,115692,,4,,,,,,,,0,0,Instrucciones para comentarios publicos en vivo:
2690,2024-01-17,Ad Hoc 2028 Olympic & Paralympic Games Committee,115693,,3,,,,,,,,0,0,"Public comment will be taken as the Board takes up each item. To give public comment on an item, enter #2 (pound-two) when prompted. Please note that the live video feed lags about 30 seconds behind the actual meeting. There is no lag on the public comment dial-in line."
2690,2024-01-17,Ad Hoc 2028 Olympic & Paralympic Games Committee,115694,,2,,,,,,,,0,0,"Live public comment can be given by telephone or in-person.

The Committee Meeting begins at 9:30 AM Pacific Time on January 17, 2024; you may join the call 5 minutes prior to the start of the meeting.

Dial-in: 202-735-3323 and enter
English Access Code: 5647249#
Spanish Access Code: 7292892#
"
2690,2024-01-17,Ad Hoc 2028 Olympic & Paralympic Games Committee,115695,,1,,,,,,,,0,0,Live Public Comment Instructions:
2690,2024-01-17,Ad Hoc 2028 Olympic & Paralympic Games Committee,117017,,13,9834,2023-0756,Plan,,,,,0,0,"CONSIDER:

A.	RECEIVING AND FILING the Twenty-Eight by ’28 progress report, and;

B.	APPROVING revisions to the Twenty-Eight by ’28 project list (Attachment A)."
2813,2024-03-06,Measure M Independent Taxpayer Oversight Committee,120469,,10,,,,,,,,0,0,CALL TO ORDER
2813,2024-03-06,Measure M Independent Taxpayer Oversight Committee,120470,,11,,,,,,,,0,0,ROLL CALL
2813,2024-03-06,Measure M Independent Taxpayer Oversight Committee,120471,8,20,9912,2024-0057,Oral Report / Presentation,,,,,0,0,"RECEIVE oral report on Measure M Active Transportation, programmed revenues, and uses to support discussion on the effective and efficient use of funds."
2813,2024-03-06,Measure M Independent Taxpayer Oversight Committee,120775,,22,9975,2024-0120,Informational Report,,,,,0,0,RECEIVE General Public Comment
2813,2024-03-06,Measure M Independent Taxpayer Oversight Committee,120776,,23,,,,,,,,0,0,"Consideration of items not on the posted agenda, including: items to be presented and (if requested) referred to staff; items to be placed on the agenda for action at a future meeting of the Committee or Board; and/or items requiring immediate action because of an emergency situation or where the need to take immediate action came to the attention of the Committee subsequent to the posting of the agenda."
2813,2024-03-06,Measure M Independent Taxpayer Oversight Committee,120777,,24,,,,,,,,0,0,COMMENTS FROM THE PUBLIC ON ITEMS OF PUBLIC INTEREST WITHIN COMMITTEE’S SUBJECT MATTER JURISDICTION
2813,2024-03-06,Measure M Independent Taxpayer Oversight Committee,120778,,25,,,,,,,,0,0,Adjournment
2813,2024-03-06,Measure M Independent Taxpayer Oversight Committee,120779,,9,,,,,,,,0,0,
2813,2024-03-06,Measure M Independent Taxpayer Oversight Committee,120780,,8,,,,,,,,0,0,"Written public comments must be received by 5PM the day before the meeting.
Please include the Item # in your comment and your position of “FOR,” “AGAINST,” ""GENERAL
COMMENT,"" or ""ITEM NEEDS MORE CONSIDERATION.""
Email: BoardClerk@metro.net
Post Office Mail:
Board Administration
One Gateway Plaza
MS: 99-3-1
Los Angeles, CA 90012"
2813,2024-03-06,Measure M Independent Taxpayer Oversight Committee,120781,,7,,,,,,,,0,0,Written Public Comment Instruction:
2813,2024-03-06,Measure M Independent Taxpayer Oversight Committee,120782,,5,,,,,,,,0,0,"Los comentarios publicos en vivo se pueden dar por telefono o en persona.

La Reunion de la Junta comienza a las 10:00 AM, hora del Pacifico, el 6 de Marzo de 2024. Puedes unirte a la llamada 5 minutos antes del comienso de la junta.

Marque: 202-735-3323 y ingrese el codigo
Codigo de acceso en ingles: 5647249#
Codigo de acceso en espanol: 7292892#"
2813,2024-03-06,Measure M Independent Taxpayer Oversight Committee,120783,,4,,,,,,,,0,0,Instrucciones para comentarios publicos en vivo:
2813,2024-03-06,Measure M Independent Taxpayer Oversight Committee,120784,,3,,,,,,,,0,0,"Public comment will be taken as the Board takes up each item. To give public comment on an item, enter #2 (pound-two) when prompted. Please note that the live video feed lags about 30 seconds behind the actual meeting. There is no lag on the public comment dial-in line."
2813,2024-03-06,Measure M Independent Taxpayer Oversight Committee,120785,,2,,,,,,,,0,0,"Live public comment can be given by telephone and in-person.

The Committee Meeting begins at 10:00 AM Pacific Time on March 6, 2024; you may join the call 5 minutes prior to the start of the meeting.

Dial-in: 202-735-3323 and enter
English Access Code: 5647249#
Spanish Access Code: 7292892#"
2813,2024-03-06,Measure M Independent Taxpayer Oversight Committee,120786,,1,,,,,,,,0,0,Live Public Comment Instructions:
2813,2024-03-06,Measure M Independent Taxpayer Oversight Committee,120787,3,14,9940,2024-0085,Oral Report / Presentation,,,,,0,0,RECEIVE oral report on review of the Measure M transit operations budget and countywide bus service metrics to support discussion on the effective and efficient use of funds.
2813,2024-03-06,Measure M Independent Taxpayer Oversight Committee,120788,4,15,9919,2024-0064,Informational Report,,,,,0,0,"RECEIVE AND FILE the Independent Auditor’s Report on:
 
A.	Schedule of Revenues and Expenditures for Measure M Special Revenue Fund for the Fiscal Year ended June 30, 2023, completed by BCA Watson Rice, LLP (BCA);

B.	Compliance with Requirements Applicable to Measure M Ordinance and Measure M Local Return Guidelines for the Fiscal Year ended June 30, 2023, completed by Vasquez & Company, LLP (Vasquez); and

C.	Compliance with Requirements Applicable to Measure M Ordinance and Measure M Lo"
2813,2024-03-06,Measure M Independent Taxpayer Oversight Committee,120789,2,13,9977,2024-0122,Minutes,,,,,0,0,"APPROVE Minutes of the Measure M Independent Taxpayer Oversight Committee Meeting held December 6, 2023."
2813,2024-03-06,Measure M Independent Taxpayer Oversight Committee,120790,1,12,9924,2024-0069,Oral Report / Presentation,,,,,0,0,RECEIVE remarks by the Chair.
2813,2024-03-06,Measure M Independent Taxpayer Oversight Committee,120791,6,18,9866,2024-0011,Oral Report / Presentation,,,,,0,0,RECEIVE oral report on State of Good Repair budget and expenses.
2813,2024-03-06,Measure M Independent Taxpayer Oversight Committee,120792,5,17,9917,2024-0062,Oral Report / Presentation,,,,,0,0,RECEIVE oral report on Local Return programmed revenues and uses for Los Angeles County jurisdictions to support discussion on the effective and efficient use of funds.
2813,2024-03-06,Measure M Independent Taxpayer Oversight Committee,120793,7,19,9920,2024-0065,Oral Report / Presentation,,,,,0,0,RECEIVE oral report on Transit and Highway Capital Projects to support discussion on the effective and efficient use of funds.
2813,2024-03-06,Measure M Independent Taxpayer Oversight Committee,120794,,6,,,,,,,,0,0,"Los comentarios del público se tomaran cuando se toma cada tema. Para dar un comentario público sobre una tema ingrese # 2 (Tecla de numero y dos) cuando se le solicite. Tenga en cuenta que la transmisión de video en vivo se retrasa unos 30 segundos con respecto a la reunión real. No hay retraso en la línea de
acceso telefónico para comentarios públicos."
2813,2024-03-06,Measure M Independent Taxpayer Oversight Committee,120997,,16,,,,,,,,0,0,
2813,2024-03-06,Measure M Independent Taxpayer Oversight Committee,122456,,21,,,,,,,,0,0,page break
2819,2024-03-06,Independent Citizen's Advisory and Oversight Committee,120351,,9,,,,,,,,0,0,CALL TO ORDER
2819,2024-03-06,Independent Citizen's Advisory and Oversight Committee,120352,,10,,,,,,,,0,0,ROLL CALL
2819,2024-03-06,Independent Citizen's Advisory and Oversight Committee,120353,1,11,9967,2024-0112,Oral Report / Presentation,,,,,0,0,RECEIVE remarks by the Chair.
2819,2024-03-06,Independent Citizen's Advisory and Oversight Committee,120391,,16,9971,2024-0116,Informational Report,,,,,0,0,RECEIVE General Public Comment
2819,2024-03-06,Independent Citizen's Advisory and Oversight Committee,120392,,17,,,,,,,,0,0,"Consideration of items not on the posted agenda, including: items to be presented and (if requested) referred to staff; items to be placed on the agenda for action at a future meeting of the Committee or Board; and/or items requiring immediate action because of an emergency situation or where the need to take immediate action came to the attention of the Committee subsequent to the posting of the agenda."
2819,2024-03-06,Independent Citizen's Advisory and Oversight Committee,120393,,18,,,,,,,,0,0,COMMENTS FROM THE PUBLIC ON ITEMS OF PUBLIC INTEREST WITHIN COMMITTEE’S SUBJECT MATTER JURISDICTION
2819,2024-03-06,Independent Citizen's Advisory and Oversight Committee,120394,,19,,,,,,,,0,0,Adjournment
2819,2024-03-06,Independent Citizen's Advisory and Oversight Committee,120437,4,15,9956,2024-0101,Oral Report / Presentation,,,,,0,0,RECEIVE oral report on Local Return programmed revenues and uses for Los Angeles County jurisdictions to support discussion on the effective and efficient use of funds.
2819,2024-03-06,Independent Citizen's Advisory and Oversight Committee,120438,3,13,9934,2024-0079,Informational Report,,,,,0,0,"RECEIVE AND FILE the Independent Auditor’s Report on:
 
A.	Schedules of Revenues and Expenditures for Proposition A and Proposition C Special Revenue Funds for the Fiscal Year ended June 30, 2023, completed by BCA Watson Rice, LLP (BCA);

B.	Compliance with Requirements Applicable to Proposition A and Proposition C Ordinances and Local Return Guidelines for the Fiscal Year ended June 30, 2023, completed by Vasquez & Company, LLP (Vasquez); and

C.	Compliance with Requirements Applicable to"
2819,2024-03-06,Independent Citizen's Advisory and Oversight Committee,120439,2,12,9969,2024-0114,Minutes,,,,,0,0,"APPROVE Minutes of Meeting held March 13, 2023."
2819,2024-03-06,Independent Citizen's Advisory and Oversight Committee,120456,,1,,,,,,,,0,0,Live Public Comment Instructions:
2819,2024-03-06,Independent Citizen's Advisory and Oversight Committee,120457,,8,,,,,,,,0,0,"Written public comments must be received by 5PM the day before the meeting.
Please include the Item # in your comment and your position of “FOR,” “AGAINST,” ""GENERAL
COMMENT,"" or ""ITEM NEEDS MORE CONSIDERATION.""
Email: BoardClerk@metro.net
Post Office Mail:
Board Administration
One Gateway Plaza
MS: 99-3-1
Los Angeles, CA 90012"
2819,2024-03-06,Independent Citizen's Advisory and Oversight Committee,120458,,7,,,,,,,,0,0,Written Public Comment Instruction:
2819,2024-03-06,Independent Citizen's Advisory and Oversight Committee,120459,,6,,,,,,,,0,0,Los comentarios del público se tomaran cuando se toma cada tema. Para dar un comentario público sobre una tema ingrese # 2 (Tecla de numero y dos) cuando se le solicite. Tenga en cuenta que la transmisión de video en vivo se retrasa unos 30 segundos con respecto a la reunión real. No hay retraso en la línea de acceso telefónico para comentarios públicos.
2819,2024-03-06,Independent Citizen's Advisory and Oversight Committee,120460,,5,,,,,,,,0,0,"Los comentarios publicos en vivo se pueden dar por telefono o en persona.

La Reunion de la Junta comienza a las 9:00 AM, hora del Pacifico, el 6 de Marzo de 2024. Puedes unirte a la llamada 5 minutos antes del comienso de la junta.

Marque: 202-735-3323 y ingrese el codigo
Codigo de acceso en ingles: 5647249#
Codigo de acceso en espanol: 7292892#"
2819,2024-03-06,Independent Citizen's Advisory and Oversight Committee,120461,,4,,,,,,,,0,0,Instrucciones para comentarios publicos en vivo:
2819,2024-03-06,Independent Citizen's Advisory and Oversight Committee,120462,,3,,,,,,,,0,0,"Public comment will be taken as the Board takes up each item. To give public comment on an item, enter #2 (pound-two) when prompted. Please note that the live video feed lags about 30 seconds behind the actual meeting. There is no lag on the public comment dial-in line."
2819,2024-03-06,Independent Citizen's Advisory and Oversight Committee,120463,,2,,,,,,,,0,0,"Live public comment can be given by telephone and in-person.

The Committee Meeting begins at 9:00 AM Pacific Time on March 6, 2024; you may join the call 5 minutes prior to the start of the meeting. 

Dial-in: 202-735-3323 and enter
English Access Code: 5647249#
Spanish Access Code: 7292892#"
2819,2024-03-06,Independent Citizen's Advisory and Oversight Committee,120468,,14,,,,,,,,0,0,Page Break
2822,2024-03-07,Measure R Independent Taxpayer Oversight Committee,120395,,9,,,,,,,,0,0,CALL TO ORDER
2822,2024-03-07,Measure R Independent Taxpayer Oversight Committee,120396,,10,,,,,,,,0,0,ROLL CALL
2822,2024-03-07,Measure R Independent Taxpayer Oversight Committee,120429,,15,9972,2024-0117,Informational Report,,,,,0,0,RECEIVE General Public Comment
2822,2024-03-07,Measure R Independent Taxpayer Oversight Committee,120430,,16,,,,,,,,0,0,"Consideration of items not on the posted agenda, including: items to be presented and (if requested) referred to staff; items to be placed on the agenda for action at a future meeting of the Committee or Board; and/or items requiring immediate action because of an emergency situation or where the need to take immediate action came to the attention of the Committee subsequent to the posting of the agenda."
2822,2024-03-07,Measure R Independent Taxpayer Oversight Committee,120431,,17,,,,,,,,0,0,COMMENTS FROM THE PUBLIC ON ITEMS OF PUBLIC INTEREST WITHIN COMMITTEE’S SUBJECT MATTER JURISDICTION
2822,2024-03-07,Measure R Independent Taxpayer Oversight Committee,120432,,18,,,,,,,,0,0,Adjournment
2822,2024-03-07,Measure R Independent Taxpayer Oversight Committee,120440,,8,,,,,,,,0,0,"Written public comments must be received by 5PM the day before the meeting.
Please include the Item # in your comment and your position of “FOR,” “AGAINST,” ""GENERAL COMMENT,"" or ""ITEM NEEDS MORE CONSIDERATION.""
Email: BoardClerk@metro.net
Post Office Mail:
Board Administration
One Gateway Plaza
MS: 99-3-1
Los Angeles, CA 90012"
2822,2024-03-07,Measure R Independent Taxpayer Oversight Committee,120441,,7,,,,,,,,0,0,Written Public Comment Instruction:
2822,2024-03-07,Measure R Independent Taxpayer Oversight Committee,120442,,6,,,,,,,,0,0,Los comentarios del público se tomaran cuando se toma cada tema. Para dar un comentario público sobre una tema ingrese # 2 (Tecla de numero y dos) cuando se le solicite. Tenga en cuenta que la transmisión de video en vivo se retrasa unos 30 segundos con respecto a la reunión real. No hay retraso en la línea de acceso telefónico para comentarios públicos.
2822,2024-03-07,Measure R Independent Taxpayer Oversight Committee,120443,,5,,,,,,,,0,0,"Los comentarios publicos en vivo se pueden dar por telefono o en persona.

La Reunion de la Junta comienza a las 1:00 PM, hora del Pacifico, el 7 de Marzo 2024. Puedes unirte a la llamada 5 minutos antes del comienso de la junta.

Marque: 202-735-3323 y ingrese el codigo
Codigo de acceso en ingles: 5647249#
Codigo de acceso en espanol: 7292892#"
2822,2024-03-07,Measure R Independent Taxpayer Oversight Committee,120444,,4,,,,,,,,0,0,Instrucciones para comentarios publicos en vivo:
2822,2024-03-07,Measure R Independent Taxpayer Oversight Committee,120445,,3,,,,,,,,0,0,"Public comment will be taken as the Board takes up each item. To give public comment on an item, enter #2 (pound-two) when prompted. Please note that the live video feed lags about 30 seconds behind the actual meeting. There is no lag on the public comment dial-in line."
2822,2024-03-07,Measure R Independent Taxpayer Oversight Committee,120446,,2,,,,,,,,0,0,"Live public comment can be given by telephone and in-person.

The Committee Meeting begins at 1:00 PM Pacific Time on March 7, 2024; you may join the call 5 minutes prior to the start of the meeting.

Dial-in: 202-735-3323 and enter
English Access Code: 5647249#
Spanish Access Code: 7292892#"
2822,2024-03-07,Measure R Independent Taxpayer Oversight Committee,120447,,1,,,,,,,,0,0,Live Public Comment Instructions:
2822,2024-03-07,Measure R Independent Taxpayer Oversight Committee,120464,1,11,9968,2024-0113,Oral Report / Presentation,,,,,0,0,RECEIVE remarks by the Chair.
2822,2024-03-07,Measure R Independent Taxpayer Oversight Committee,120465,3,13,9942,2024-0087,Informational Report,,,,,0,0,"RECEIVE AND FILE the Independent Auditor’s Report on:

A.	Schedule of Revenues and Expenditures for Measure R Special Revenue Fund for the Fiscal Years ended June 30, 2022 (Attachment A) and June 30, 2023 (Attachment B) completed by BCA Watson Rice, LLP (BCA);

B.	Compliance with Requirements Applicable to Measure R Ordinance and Measure R Local Return Guidelines for the Fiscal Years ended June 30, 2022 (Attachment C) and June 30, 2023 (Attachment D) completed by Vasquez & Company, LLP (Vasq"
2822,2024-03-07,Measure R Independent Taxpayer Oversight Committee,120466,2,12,9970,2024-0115,Minutes,,,,,0,0,"APPROVE Minutes of the Measure R Independent Taxpayer Oversight Committee Meeting held March 31, 2022."
2822,2024-03-07,Measure R Independent Taxpayer Oversight Committee,120467,,14,,,,,,,,0,0,
2825,2024-03-20,Ad Hoc 2028 Olympic & Paralympic Games Committee,121031,,10,,,,,,,,0,0,CALL TO ORDER
2825,2024-03-20,Ad Hoc 2028 Olympic & Paralympic Games Committee,121032,,11,,,,,,,,0,0,ROLL CALL
2825,2024-03-20,Ad Hoc 2028 Olympic & Paralympic Games Committee,121049,,16,9994,2024-0139,Informational Report,,,,,0,0,RECEIVE General Public Comment
2825,2024-03-20,Ad Hoc 2028 Olympic & Paralympic Games Committee,121050,,17,,,,,,,,0,0,"Consideration of items not on the posted agenda, including: items to be presented and (if requested) referred to staff; items to be placed on the agenda for action at a future meeting of the Committee or Board; and/or items requiring immediate action because of an emergency situation or where the need to take immediate action came to the attention of the Committee subsequent to the posting of the agenda."
2825,2024-03-20,Ad Hoc 2028 Olympic & Paralympic Games Committee,121051,,18,,,,,,,,0,0,COMMENTS FROM THE PUBLIC ON ITEMS OF PUBLIC INTEREST WITHIN COMMITTEE’S SUBJECT MATTER JURISDICTION
2825,2024-03-20,Ad Hoc 2028 Olympic & Paralympic Games Committee,121052,,19,,,,,,,,0,0,Adjournment
2825,2024-03-20,Ad Hoc 2028 Olympic & Paralympic Games Committee,121053,,9,,,,,,,,0,0,
2825,2024-03-20,Ad Hoc 2028 Olympic & Paralympic Games Committee,121054,,8,,,,,,,,0,0,"Written public comments must be received by 5PM the day before the meeting.
Please include the Item # in your comment and your position of “FOR,” “AGAINST,” ""GENERAL COMMENT,"" or ""ITEM NEEDS MORE CONSIDERATION.""
Email: BoardClerk@metro.net
Post Office Mail:
Board Administration
One Gateway Plaza
MS: 99-3-1
Los Angeles, CA 90012"
2825,2024-03-20,Ad Hoc 2028 Olympic & Paralympic Games Committee,121055,,7,,,,,,,,0,0,Written Public Comment Instruction:
2825,2024-03-20,Ad Hoc 2028 Olympic & Paralympic Games Committee,121056,,6,,,,,,,,0,0,Los comentarios del público se tomaran cuando se toma cada tema. Para dar un comentario público sobre una tema ingrese # 2 (Tecla de numero y dos) cuando se le solicite. Tenga en cuenta que la transmisión de video en vivo se retrasa unos 30 segundos con respecto a la reunión real. No hay retraso en la línea de acceso telefónico para comentarios públicos.
2825,2024-03-20,Ad Hoc 2028 Olympic & Paralympic Games Committee,121057,,5,,,,,,,,0,0,"Los comentarios publicos en vivo se pueden dar por telefono o en persona.

La Reunion de la Junta comienza a las 9:30 AM, hora del Pacifico, el 20 de Marzo de 2024. Puedes unirte a la llamada 5 minutos antes del comienso de la junta.

Marque: 202-735-3323 y ingrese el codigo
Codigo de acceso en ingles: 5647249#
Codigo de acceso en espanol: 7292892#"
2825,2024-03-20,Ad Hoc 2028 Olympic & Paralympic Games Committee,121058,,4,,,,,,,,0,0,Instrucciones para comentarios publicos en vivo:
2825,2024-03-20,Ad Hoc 2028 Olympic & Paralympic Games Committee,121059,,3,,,,,,,,0,0,"Public comment will be taken as the Board takes up each item. To give public comment on an item, enter #2 (pound-two) when prompted. Please note that the live video feed lags about 30 seconds behind the actual meeting. There is no lag on the public comment dial-in line."
2825,2024-03-20,Ad Hoc 2028 Olympic & Paralympic Games Committee,121060,,2,,,,,,,,0,0,"Live public comment can be given by telephone or in-person.

The Committee Meeting begins at 9:30 AM Pacific Time on March 20, 2024; you may join the call 5 minutes prior to the start of the meeting.

Dial-in: 202-735-3323 and enter
English Access Code: 5647249#
Spanish Access Code: 7292892#"
2825,2024-03-20,Ad Hoc 2028 Olympic & Paralympic Games Committee,121061,,1,,,,,,,,0,0,Live Public Comment Instructions:
2825,2024-03-20,Ad Hoc 2028 Olympic & Paralympic Games Committee,122505,,15,,,,,,,,0,0,
2825,2024-03-20,Ad Hoc 2028 Olympic & Paralympic Games Committee,122507,7,14,9834,2023-0756,Plan,,,,,0,0,"CONSIDER:

A.	RECEIVING AND FILING the Twenty-Eight by ’28 progress report, and;

B.	APPROVING revisions to the Twenty-Eight by ’28 project list (Attachment A)."
2825,2024-03-20,Ad Hoc 2028 Olympic & Paralympic Games Committee,122508,6,13,9833,2023-0755,Informational Report,,,,,0,0,RECEIVE AND FILE the progress report on the 2028 Mobility Concept Plan.
2825,2024-03-20,Ad Hoc 2028 Olympic & Paralympic Games Committee,122626,5,12,10033,2024-0178,Oral Report / Presentation,,,,,0,0,RECEIVE report by the Chief Executive Officer.
2831,2024-06-20,"Finance, Budget and Audit Committee",125270,,10,,,,,,,,0,0,CALL TO ORDER
2831,2024-06-20,"Finance, Budget and Audit Committee",125271,,11,,,,,,,,0,0,ROLL CALL
2831,2024-06-20,"Finance, Budget and Audit Committee",125501,,23,10272,2024-0417,Informational Report,,,,,0,0,RECEIVE General Public Comment
2831,2024-06-20,"Finance, Budget and Audit Committee",125502,,24,,,,,,,,0,0,"Consideration of items not on the posted agenda, including: items to be presented and (if requested) referred to staff; items to be placed on the agenda for action at a future meeting of the Committee or Board; and/or items requiring immediate action because of an emergency situation or where the need to take immediate action came to the attention of the Committee subsequent to the posting of the agenda."
2831,2024-06-20,"Finance, Budget and Audit Committee",125503,,25,,,,,,,,0,0,COMMENTS FROM THE PUBLIC ON ITEMS OF PUBLIC INTEREST WITHIN COMMITTEE’S SUBJECT MATTER JURISDICTION
2831,2024-06-20,"Finance, Budget and Audit Committee",125504,,26,,,,,,,,0,0,Adjournment
2831,2024-06-20,"Finance, Budget and Audit Committee",125811,,9,,,,,,,,0,0,page break
2831,2024-06-20,"Finance, Budget and Audit Committee",127128,,8,,,,,,,,0,0,"Written public comments must be received by 5PM the day before the meeting.
Please include the Item # in your comment and your position of “FOR,” “AGAINST,” ""GENERAL COMMENT,"" or ""ITEM NEEDS MORE CONSIDERATION.""
Email: BoardClerk@metro.net
Post Office Mail:
Board Administration
One Gateway Plaza
MS: 99-3-1
Los Angeles, CA 90012"
2831,2024-06-20,"Finance, Budget and Audit Committee",127130,,7,,,,,,,,0,0,Written Public Comment Instruction:
2831,2024-06-20,"Finance, Budget and Audit Committee",127131,,6,,,,,,,,0,0,Los comentarios del público se tomaran cuando se toma cada tema. Para dar un comentario público sobre una tema ingrese # 2 (Tecla de numero y dos) cuando se le solicite. Tenga en cuenta que la transmisión de video en vivo se retrasa unos 30 segundos con respecto a la reunión real. No hay retraso en la línea de acceso telefónico para comentarios públicos.
2831,2024-06-20,"Finance, Budget and Audit Committee",127132,,5,,,,,,,,0,0,"Los comentarios publicos en vivo se pueden dar por telefono o en persona.

La Reunion de la Junta comienza a las 9:00 AM, hora del Pacifico, el 20 de Junio de 2024. Puedes unirte a la llamada 5 minutos antes del comienso de la junta.

Marque: 202-735-3323 y ingrese el codigo
Codigo de acceso en ingles: 5647249#
Codigo de acceso en espanol: 7292892#"
2831,2024-06-20,"Finance, Budget and Audit Committee",127133,,4,,,,,,,,0,0,Instrucciones para comentarios publicos en vivo:
2831,2024-06-20,"Finance, Budget and Audit Committee",127134,,3,,,,,,,,0,0,"Public comment will be taken as the Board takes up each item. To give public comment on an item, enter #2 (pound-two) when prompted. Please note that the live video feed lags about 30 seconds behind the actual meeting. There is no lag on the public comment dial-in line."
2831,2024-06-20,"Finance, Budget and Audit Committee",127135,,2,,,,,,,,0,0,"Live public comment can be given by telephone or in-person.

The Committee Meeting begins at 9:00 AM Pacific Time on June 20, 2024; you may join the call 5 minutes prior to the start of the meeting.

Dial-in: 202-735-3323 and enter
English Access Code: 5647249#
Spanish Access Code: 7292892#
"
2831,2024-06-20,"Finance, Budget and Audit Committee",127136,,1,,,,,,,,0,0,Live Public Comment Instructions:
2831,2024-06-20,"Finance, Budget and Audit Committee",127137,,13,,,,,,,,0,0,CONSENT CALENDAR
2831,2024-06-20,"Finance, Budget and Audit Committee",127138,,12,,,,,,,,0,0,"APPROVE Consent Calendar Items: 6, 7, 8, 9, 10, and 11. 

Consent Calendar items are approved by one motion unless held by a Director for discussion
and/or separate action."
2831,2024-06-20,"Finance, Budget and Audit Committee",127539,,21,,,,,,,,0,0,NON-CONSENT
2831,2024-06-20,"Finance, Budget and Audit Committee",127540,8,16,10192,2024-0337,Formula Allocation / Local Return,,,,,0,0,"CONSIDER:

A.	APPROVING $3.2 billion in fiscal year 2024-25 (FY25) Transit Fund Allocations for Los Angeles County jurisdictions, transit operators, and Metro Operations as shown in Attachment A. These allocations comply with federal, state, and local regulations and Metro Board approved policies and guidelines;

B.	APPROVING fund exchanges in the estimated amount of $3,566,564 of Metro’s Transportation Development Act (TDA) Article 4 allocation with Municipal Operators’ shares of the Low Carbon"
2831,2024-06-20,"Finance, Budget and Audit Committee",127541,7,15,10188,2024-0333,Resolution,,,,,0,0,"ADOPT:

A.	Findings and Recommendations (Attachment A) for allocating fiscal year 2025 (FY25), Transportation Development Act (TDA) Article 8 funds estimated (Attachment B) at $42,918,656 as follows:

1.	In the City of Avalon, there are no unmet transit needs that are reasonable to meet. Therefore TDA Article 8 funds in the amount of $202,757 may be used for street and road projects or transit projects;

2.	In the Cities of Lancaster and Palmdale, there are no unmet transit needs that are reason"
2831,2024-06-20,"Finance, Budget and Audit Committee",127542,6,14,10187,2024-0332,Formula Allocation / Local Return,,,,,0,0,"CONSIDER:

A.	AUTHORIZING the Chief Executive Officer to negotiate and execute all necessary agreements between Los Angeles County Metropolitan Transportation Authority (LACMTA) and the Cities for their Capital Reserve Account as approved; and

B.	ESTABLISHING new Local Return funded Capital Reserve Accounts for the Cities of Palmdale (Proposition A), and South Pasadena (Measure R) (Attachment A)."
2831,2024-06-20,"Finance, Budget and Audit Committee",127543,10,18,10098,2024-0243,Program,,,,,0,0,"AUTHORIZE the Chief Executive Officer to negotiate and purchase Public Entity excess liability policies with up to $300 million in limits at a not-to-exceed premium of $29.9 million for the 12-month period effective August 1, 2024, to August 1, 2025."
2831,2024-06-20,"Finance, Budget and Audit Committee",127544,12,22,10180,2024-0325,Budget,,,,,0,0,"CONSIDER:

A.	APPROVING local funding request for Access Services (Access) in an amount not to exceed $189,763,812 for FY25. This amount includes:
 
·	Local funds for operating and capital expenses in the amount of $187,153,892

·	Local funds paid directly to Metrolink for its participation in Access’ Free Fare Program in the amount of $2,609,920

B.	AUTHORIZING the Chief Executive Officer (CEO) to negotiate and execute all   necessary agreements to implement the above funding programs."
2831,2024-06-20,"Finance, Budget and Audit Committee",127586,11,19,10137,2024-0282,Program,,,,,0,0,"CONSIDER:

A.	APPROVING programming the Los Angeles County Metropolitan Transportation Authority’s (“Metro”) share of the Southern California Regional Rail Authority’s (SCRRA) Fiscal Year (FY) 2024-25 Operating, Rehabilitation, and Capital Budget in the amount of $206,833,180 as described in Attachment A;

B.	APPROVING the increase of funding to SCRRA for Right-Of-Way (ROW) maintenance along Metro-owned property beyond the 20-foot center of track from $1,195,916 to $2,920,232 (addition of $1"
2831,2024-06-20,"Finance, Budget and Audit Committee",127587,9,17,9851,2023-0774,Contract,,,,,0,0,"AUTHORIZE the Chief Executive Officer to award a firm-fixed unit rate Contract No. PS108960(2)000 to Crowe LLP (Crowe) to perform annual financial and compliance audits of Metro and its component units in the not-to-exceed (NTE) amount of $2,096,970 for the five-year base term, and $464,450 for the one-year option term, for a total combined NTE amount of $2,561,420, effective July 1, 2024, subject to resolution of all properly submitted protest(s), if any."
2831,2024-06-20,"Finance, Budget and Audit Committee",127605,,20,,,,,,,,0,0,page break
2832,2024-06-20,Planning and Programming Committee,125505,,10,,,,,,,,0,0,CALL TO ORDER
2832,2024-06-20,Planning and Programming Committee,125506,,11,,,,,,,,0,0,ROLL CALL
2832,2024-06-20,Planning and Programming Committee,125507,,12,,,,,,,,0,0,"APPROVE Consent Calendar Items: 13, 14 and 15. 

Consent Calendar items are approved by one motion unless held by a Director for discussion
and/or separate action. "
2832,2024-06-20,Planning and Programming Committee,125805,,13,,,,,,,,0,0,CONSENT CALENDAR 
2832,2024-06-20,Planning and Programming Committee,125806,,20,10273,2024-0418,Informational Report,,,,,0,0,RECEIVE General Public Comment
2832,2024-06-20,Planning and Programming Committee,125807,,21,,,,,,,,0,0,"Consideration of items not on the posted agenda, including: items to be presented and (if requested) referred to staff; items to be placed on the agenda for action at a future meeting of the Committee or Board; and/or items requiring immediate action because of an emergency situation or where the need to take immediate action came to the attention of the Committee subsequent to the posting of the agenda."
2832,2024-06-20,Planning and Programming Committee,125808,,22,,,,,,,,0,0,COMMENTS FROM THE PUBLIC ON ITEMS OF PUBLIC INTEREST WITHIN COMMITTEE’S SUBJECT MATTER JURISDICTION
2832,2024-06-20,Planning and Programming Committee,125809,,23,,,,,,,,0,0,Adjournment
2832,2024-06-20,Planning and Programming Committee,125810,,9,,,,,,,,0,0,page break
2832,2024-06-20,Planning and Programming Committee,127140,,6,,,,,,,,0,0,Los comentarios del público se tomaran cuando se toma cada tema. Para dar un comentario público sobre una tema ingrese # 2 (Tecla de numero y dos) cuando se le solicite. Tenga en cuenta que la transmisión de video en vivo se retrasa unos 30 segundos con respecto a la reunión real. No hay retraso en la línea de acceso telefónico para comentarios públicos.
2832,2024-06-20,Planning and Programming Committee,127141,,5,,,,,,,,0,0,"Los comentarios publicos en vivo se pueden dar por telefono o en persona.

La Reunion de la Junta comienza a las 9:30 AM, hora del Pacifico, el 20 de Junio de 2024.
Puedes unirte a la llamada 5 minutos antes del comienso de la junta.

Marque: 202-735-3323 y ingrese el codigo
Codigo de acceso en ingles: 5647249#
Codigo de acceso en espanol: 7292892#"
2832,2024-06-20,Planning and Programming Committee,127142,,4,,,,,,,,0,0,Instrucciones para comentarios publicos en vivo:
2832,2024-06-20,Planning and Programming Committee,127143,,3,,,,,,,,0,0,"Public comment will be taken as the Board takes up each item. To give public comment on an item, enter #2 (pound-two) when prompted. Please note that the live video feed lags about 30 seconds behind the actual meeting. There is no lag on the public comment dial-in line."
2832,2024-06-20,Planning and Programming Committee,127144,,2,,,,,,,,0,0,"Live public comment can be given by telephone or in-person.

The Committee Meeting begins at 9:30 AM Pacific Time on June 20, 2024; you may join the call 5 minutes prior to the start of the meeting.

Dial-in: 202-735-3323 and enter
English Access Code: 5647249#
Spanish Access Code: 7292892#"
2832,2024-06-20,Planning and Programming Committee,127145,,1,,,,,,,,0,0,Live Public Comment Instructions:
2832,2024-06-20,Planning and Programming Committee,127146,,8,,,,,,,,0,0,"Written public comments must be received by 5PM the day before the meeting.
Please include the Item # in your comment and your position of “FOR,” “AGAINST,” ""GENERAL COMMENT,"" or ""ITEM NEEDS MORE CONSIDERATION.""
Email: BoardClerk@metro.net
Post Office Mail:
Board Administration
One Gateway Plaza
MS: 99-3-1
Los Angeles, CA 90012"
2832,2024-06-20,Planning and Programming Committee,127147,,7,,,,,,,,0,0,Written Public Comment Instruction:
2832,2024-06-20,Planning and Programming Committee,127546,,17,,,,,,,,0,0,NON-CONSENT
2832,2024-06-20,Planning and Programming Committee,127547,14,15,10103,2024-0248,Contract,,,,,0,0,"AUTHORIZE the Chief Executive Officer to execute Contract Ratification and Modification No. 34 to Contract No. PS4340-1939 with URS Corporation (an AECOM Entity) to fund the additional LB-ELA Task Force (formerly I-710 Task Force) outreach efforts and technical responses in the not-to-exceed amount of $477,612, increasing the total contract value from $68,782,355 to $69,259,967 and extending the period of performance six months to end on September 30, 2024."
2832,2024-06-20,Planning and Programming Committee,127548,13,14,10039,2024-0184,Contract,,,,,0,0,"AUTHORIZE the Chief Executive Officer (CEO) to execute Modification No. 3 to the Regional Rail Planning and Environmental On-Call Services Contract Nos. AE56752000 through AE56752005 to exercise the first one-year option term in the amount of $2 million, increasing the not-to-exceed (NTE) cumulative contract amount from $25 million to $27 million and extending the period of performance from August 14, 2024, to August 13, 2025."
2832,2024-06-20,Planning and Programming Committee,127550,17,19,10136,2024-0281,Project,,,,,0,0,"AUTHORIZE the Chief Executive Officer to execute an Exclusive Negotiation Agreement and Planning Document (ENA) with Metro Venice Art Collective, LLC (Developer) for a period of 18 months, with the option to extend for an additional three, 12-month periods, for the development of Metro-owned property at the former Division 6 Bus Yard in the Venice Community of the City of Los Angeles (Site), subject to resolution of all properly submitted protest(s), if any."
2832,2024-06-20,Planning and Programming Committee,127551,16,18,10132,2024-0277,Motion / Motion Response,,,,,0,0,"APPROVE the:
 
A.	Amended Joint Development Policy (Attachment A); and

B.	Amended Exclusive Negotiations Agreement (ENA) Key Terms (Attachment B) for 10K Sites."
2832,2024-06-20,Planning and Programming Committee,127552,15,16,10131,2024-0276,Program,,,,,0,0,"CONSIDER:

A.	PROGRAMMING $2,500,000 in Proposition C 25% or Surface Transportation Block Grant (STBG) for the SR-138 Segment 13; and

B.	AUTHORIZING the Chief Executive Officer (CEO) or their designee to negotiate and execute all necessary agreements for the SR-138 Board-approved projects."
2843,2024-03-29,Special Board Budget Workshop,122836,,7,,,,,,,,0,0,page break
2843,2024-03-29,Special Board Budget Workshop,122837,,8,,,,,,,,0,0,CALL TO ORDER
2843,2024-03-29,Special Board Budget Workshop,122838,,9,,,,,,,,1,0,ROLL CALL
2843,2024-03-29,Special Board Budget Workshop,122846,,11,,,,,,,,0,0,Adjournment
2843,2024-03-29,Special Board Budget Workshop,122901,1,10,10069,2024-0214,Oral Report / Presentation,RECEIVED AND FILED,Pass,,,0,0,RECEIVE oral report on the operating budget impacts. The workshop will provide the Board with in-depth information on the forecasted operational impacts and take a holistic and comprehensive approach to review the economic context in Los Angeles County.
2843,2024-03-29,Special Board Budget Workshop,122902,,6,,,,,,,,0,0,"Puede enviar su comentario por correo electrónico a: BoardClerk@metro.net
O envíelo por correo a:
Board Administration
1 Gateway Plaza, 99-3-1
Mail Stop: 99-3-1
Los Angeles, CA 90012
"
2843,2024-03-29,Special Board Budget Workshop,122903,,4,,,,,,,,0,0,INSTRUCCIONES PARA PRESENTAR COMENTARIOS PÚBLICOS 
2843,2024-03-29,Special Board Budget Workshop,122904,,3,,,,,,,,0,0,"You may email your comment to: BoardClerk@metro.net
Or mail it to:
Board Administration
One Gateway Plaza
Mail Stop: 99-3-1
Los Angeles, CA 90012"
2843,2024-03-29,Special Board Budget Workshop,122905,,2,,,,,,,,0,0,"Just a few reminders for signing up for public comment:

We have an area dedicated to sign up for public comment. If you need translation, please make sure to indicate that on your speaker sign-up card so we can have our translators ready to provide assistance.

Consistent with the Board Rules posted on the agenda, individuals requesting to speak will be allowed to speak for a total of one minute for the item on the agenda. We will not be taking up general public comment for this meeting.
"
2843,2024-03-29,Special Board Budget Workshop,122906,,1,,,,,,,,0,0,PUBLIC COMMENT INSTRUCTIONS 
2843,2024-03-29,Special Board Budget Workshop,122969,,5,,,,,,,,0,0,"Estos son algunos recordatorios para registrarse para presentar comentarios públicos:

Tenemos un área dedicada para el registro para presentar comentarios públicos. Si necesita servicios de traducción, asegúrese de indicarlo en su tarjeta de registro de orador para que podamos tener a nuestros traductores listos para brindarle asistencia.

De acuerdo con las reglas de la Junta Directiva publicadas en la agenda, las personas que soliciten hablar podrán hablar por un total de un minuto para e"
2857,2024-05-15,Ad Hoc 2028 Olympic & Paralympic Games Committee,123193,,9,,,,,,,,0,0,CALL TO ORDER
2857,2024-05-15,Ad Hoc 2028 Olympic & Paralympic Games Committee,123194,,10,,,,,,,,0,0,ROLL CALL
2857,2024-05-15,Ad Hoc 2028 Olympic & Paralympic Games Committee,123215,,11,,,,,,,,0,0,"Consideration of items not on the posted agenda, including: items to be presented and (if requested) referred to staff; items to be placed on the agenda for action at a future meeting of the Committee or Board; and/or items requiring immediate action because of an emergency situation or where the need to take immediate action came to the attention of the Committee subsequent to the posting of the agenda."
2857,2024-05-15,Ad Hoc 2028 Olympic & Paralympic Games Committee,123216,,12,,,,,,,,0,0,COMMENTS FROM THE PUBLIC ON ITEMS OF PUBLIC INTEREST WITHIN COMMITTEE’S SUBJECT MATTER JURISDICTION
2857,2024-05-15,Ad Hoc 2028 Olympic & Paralympic Games Committee,123217,,13,,,,,,,,0,0,Adjournment
2857,2024-05-15,Ad Hoc 2028 Olympic & Paralympic Games Committee,123219,,8,,,,,,,,0,0,"Written public comments must be received by 5PM the day before the meeting.
Please include the Item # in your comment and your position of “FOR,” “AGAINST,” ""GENERAL COMMENT,"" or ""ITEM NEEDS MORE CONSIDERATION.""
Email: BoardClerk@metro.net
Post Office Mail:
Board Administration
One Gateway Plaza
MS: 99-3-1
Los Angeles, CA 90012"
2857,2024-05-15,Ad Hoc 2028 Olympic & Paralympic Games Committee,123220,,7,,,,,,,,0,0,Written Public Comment Instruction:
2857,2024-05-15,Ad Hoc 2028 Olympic & Paralympic Games Committee,123221,,6,,,,,,,,0,0,Los comentarios del público se tomaran cuando se toma cada tema. Para dar un comentario público sobre una tema ingrese # 2 (Tecla de numero y dos) cuando se le solicite. Tenga en cuenta que la transmisión de video en vivo se retrasa unos 30 segundos con respecto a la reunión real. No hay retraso en la línea de acceso telefónico para comentarios públicos.
2857,2024-05-15,Ad Hoc 2028 Olympic & Paralympic Games Committee,123222,,5,,,,,,,,0,0,"Los comentarios publicos en vivo se pueden dar por telefono o en persona.

La Reunion de la Junta comienza a las 9:30 AM, hora del Pacifico, el 15 de Mayo de 2024. Puedes unirte a la llamada 5 minutos antes del comienso de la junta.

Marque: 202-735-3323 y ingrese el codigo
Codigo de acceso en ingles: 5647249#
Codigo de acceso en espanol: 7292892#"
2857,2024-05-15,Ad Hoc 2028 Olympic & Paralympic Games Committee,123223,,4,,,,,,,,0,0,Instrucciones para comentarios publicos en vivo:
2857,2024-05-15,Ad Hoc 2028 Olympic & Paralympic Games Committee,123224,,3,,,,,,,,0,0,"Public comment will be taken as the Board takes up each item. To give public comment on an item, enter #2 (pound-two) when prompted. Please note that the live video feed lags about 30 seconds behind the actual meeting. There is no lag on the public comment dial-in line."
2857,2024-05-15,Ad Hoc 2028 Olympic & Paralympic Games Committee,123225,,2,,,,,,,,0,0,"Live public comment can be given by telephone or in-person.

The Committee Meeting begins at 9:30 AM Pacific Time on May 15, 2024; you may join the call 5 minutes prior to the start of the meeting.

Dial-in: 202-735-3323 and enter
English Access Code: 5647249#
Spanish Access Code: 7292892#"
2857,2024-05-15,Ad Hoc 2028 Olympic & Paralympic Games Committee,123226,,1,,,,,,,,0,0,Live Public Comment Instructions:
2874,2024-05-15,Budget Public Hearing,123949,,9,,,,,,,,0,0,CALL TO ORDER
2874,2024-05-15,Budget Public Hearing,123950,,10,,,,,,,,0,0,ROLL CALL
2874,2024-05-15,Budget Public Hearing,123959,,18,,,,,,,,0,0,Adjournment
2874,2024-05-15,Budget Public Hearing,123960,,19,,,,,,,,0,0,"Consideration of items not on the posted agenda, including: items to be presented and (if requested) referred to staff; items to be placed on the agenda for action at a future meeting of the Committee or Board; and/or items requiring immediate action because of an emergency situation or where the need to take immediate action came to the attention of the Committee subsequent to the posting of the agenda."
2874,2024-05-15,Budget Public Hearing,123961,,8,,,,,,,,0,0,"Written public comments must be received by 5PM the day before the meeting.
Please include the Item # in your comment and your position of “FOR,” “AGAINST,” ""GENERAL COMMENT,"" or ""ITEM NEEDS MORE CONSIDERATION.""
Email: BoardClerk@metro.net
Post Office Mail:
Board Administration
One Gateway Plaza
MS: 99-3-1
Los Angeles, CA 90012"
2874,2024-05-15,Budget Public Hearing,123962,,7,,,,,,,,0,0,Written Public Comment Instruction:
2874,2024-05-15,Budget Public Hearing,123963,,6,,,,,,,,0,0,Los comentarios del público se tomaran cuando se toma cada tema. Para dar un comentario público sobre una tema ingrese # 2 (Tecla de numero y dos) cuando se le solicite. Tenga en cuenta que la transmisión de video en vivo se retrasa unos 30 segundos con respecto a la reunión real. No hay retraso en la línea de acceso telefónico para comentarios públicos.
2874,2024-05-15,Budget Public Hearing,123964,,5,,,,,,,,0,0,"Los comentarios publicos en vivo se pueden dar por telefono o en persona.

La Reunion de la Junta comienza a las 3:00 PM, hora del Pacifico, el 15 de Mayo de 2024. Puedes unirte a la llamada 5 minutos antes del comienso de la junta.

Marque: 202-735-3323 y ingrese el codigo
Codigo de acceso en ingles: 5647249#
Codigo de acceso en espanol: 7292892#"
2874,2024-05-15,Budget Public Hearing,123965,,4,,,,,,,,0,0,Instrucciones para comentarios publicos en vivo:
2874,2024-05-15,Budget Public Hearing,123966,,3,,,,,,,,0,0,"Public comment will be taken as the Board takes up each item. To give public comment on an item, enter #2 (pound-two) when prompted. Please note that the live video feed lags about 30 seconds behind the actual meeting. There is no lag on the public comment dial-in line."
2874,2024-05-15,Budget Public Hearing,123967,,2,,,,,,,,0,0,"Live public comment can be given by telephone or in-person.

The Meeting begins at 3:00 PM Pacific Time on May 15, 2024; you may join the call 5 minutes prior to the start of the meeting.

Dial-in: 202-735-3323 and enter
English Access Code: 5647249#
Spanish Access Code: 7292892#"
2874,2024-05-15,Budget Public Hearing,123968,,1,,,,,,,,0,0,Live Public Comment Instructions:
2874,2024-05-15,Budget Public Hearing,125128,2,15,10082,2024-0227,Public Hearing,,,,,0,0,"CONSIDER:

A.	ADOPTING the proposed FY25 Budget as presented in the budget document (provided in a separate transmittal and posted on metro.net <https://www.metro.net/about/financebudget/>); 

1.	AUTHORIZING $9.0 billion annual consolidated expenditures to achieve goals and objectives set forth by the Board adopted mission and goals; 

2.	AUTHORIZING a total of 11,283 FTEs, of which 9,275 are Represented FTEs and 2,008 are Non-Represented FTEs; 

3.	AUTHORIZING an average 4% performance-based me"
2874,2024-05-15,Budget Public Hearing,125129,3,16,10170,2024-0315,Informational Report,,,,,0,0,RECEIVE comments from the public on Metro’s Fiscal Year 2025 Budget.
2874,2024-05-15,Budget Public Hearing,125130,,13,,,,,,,,0,0,FY2025 Proposed Budget:
2874,2024-05-15,Budget Public Hearing,125131,1,12,10169,2024-0314,Oral Report / Presentation,,,,,0,0,STATEMENT by the Board Clerk’s Office concerning publication of notices and dissemination of public information.
2874,2024-05-15,Budget Public Hearing,125132,,11,,,,,,,,0,0,Open Public Hearing.
2874,2024-05-15,Budget Public Hearing,125133,,14,,,,,,,,0,0,"(Recommendation for Budget approval will take place during the Finance, Budget, and Audit
Committee immediately following the hearing)"
2874,2024-05-15,Budget Public Hearing,125135,4,17,10171,2024-0316,Informational Report,,,,,0,0,APPROVE Motion to Close Hearing.
2877,2024-06-05,Independent Citizens' Advisory and Oversight Committee - Public Hearing,126677,,10,,,,,,,,0,0,CALL TO ORDER
2877,2024-06-05,Independent Citizens' Advisory and Oversight Committee - Public Hearing,126678,,11,,,,,,,,0,0,ROLL CALL
2877,2024-06-05,Independent Citizens' Advisory and Oversight Committee - Public Hearing,126679,4,15,10195,2024-0340,Informational Report,,,,,0,0,APPROVE Motion to Close Hearing.
2877,2024-06-05,Independent Citizens' Advisory and Oversight Committee - Public Hearing,126680,,19,,,,,,,,0,0,"The Chair will determine the order items are taken before the Committee. Speakers are limited to a total of three minutes. If available, a written copy of testimony should be presented to the Board Clerk."
2877,2024-06-05,Independent Citizens' Advisory and Oversight Committee - Public Hearing,126682,,22,,,,,,,,0,0,Adjournment
2877,2024-06-05,Independent Citizens' Advisory and Oversight Committee - Public Hearing,126683,3,14,10194,2024-0339,Informational Report,,,,,0,0,RECEIVE Public Comment on ICAOC Audits and Annual Report.
2877,2024-06-05,Independent Citizens' Advisory and Oversight Committee - Public Hearing,126684,6,17,10177,2024-0322,Oral Report / Presentation,,,,,0,0,RECEIVE oral report on the FY25 Budget.
2877,2024-06-05,Independent Citizens' Advisory and Oversight Committee - Public Hearing,126685,5,16,10185,2024-0330,Informational Report,,,,,0,0,RECEIVE oral report on the Fiscal Year 2023 Proposition A and Proposition C Audits’ findings for Huntington Park.
2877,2024-06-05,Independent Citizens' Advisory and Oversight Committee - Public Hearing,126686,1,12,9973,2024-0118,Oral Report / Presentation,,,,,0,0,RECEIVE remarks by the Chair.
2877,2024-06-05,Independent Citizens' Advisory and Oversight Committee - Public Hearing,126687,2,13,10193,2024-0338,Oral Report / Presentation,,,,,0,0,STATEMENT by the Board Clerk’s Office concerning publication of notices and dissemination of public information.
2877,2024-06-05,Independent Citizens' Advisory and Oversight Committee - Public Hearing,126689,,7,,,,,,,,0,0,Written Public Comment Instruction:
2877,2024-06-05,Independent Citizens' Advisory and Oversight Committee - Public Hearing,126690,,6,,,,,,,,0,0,Los comentarios del público se tomaran cuando se toma cada tema. Para dar un comentario público sobre una tema ingrese # 2 (Tecla de numero y dos) cuando se le solicite. Tenga en cuenta que la transmisión de video en vivo se retrasa unos 30 segundos con respecto a la reunión real. No hay retraso en la línea de acceso telefónico para comentarios públicos.
2877,2024-06-05,Independent Citizens' Advisory and Oversight Committee - Public Hearing,126691,,5,,,,,,,,0,0,"Los comentarios publicos en vivo se pueden dar por telefono o en persona.

La Reunion de la Junta comienza a las 1:00 PM, hora del Pacifico, el 5 de Junio de 2024. Puedes unirte a la llamada 5 minutos antes del comienso de la junta.

Marque: 202-735-3323 y ingrese el codigo
Codigo de acceso en ingles: 5647249#
Codigo de acceso en espanol: 7292892#"
2877,2024-06-05,Independent Citizens' Advisory and Oversight Committee - Public Hearing,126692,,4,,,,,,,,0,0,Instrucciones para comentarios publicos en vivo:
2877,2024-06-05,Independent Citizens' Advisory and Oversight Committee - Public Hearing,126693,,3,,,,,,,,0,0,"Public comment will be taken as the Board takes up each item. To give public comment on an item, enter #2 (pound-two) when prompted. Please note that the live video feed lags about 30 seconds behind the actual meeting. There is no lag on the public comment dial-in line."
2877,2024-06-05,Independent Citizens' Advisory and Oversight Committee - Public Hearing,126694,,2,,,,,,,,0,0,"Live public comment can be given by telephone or in-person.

The Meeting begins at 1:00 PM Pacific Time on June 5, 2024; you may join the call 5 minutes prior to the start of the meeting.

Dial-in: 202-735-3323 and enter
English Access Code: 5647249#
Spanish Access Code: 7292892#"
2877,2024-06-05,Independent Citizens' Advisory and Oversight Committee - Public Hearing,126695,,1,,,,,,,,0,0,Live Public Comment Instructions:
2877,2024-06-05,Independent Citizens' Advisory and Oversight Committee - Public Hearing,126696,,9,,,,,,,,0,0,page break
2877,2024-06-05,Independent Citizens' Advisory and Oversight Committee - Public Hearing,126697,,8,,,,,,,,0,0,"Written public comments must be received by 5PM the day before the meeting.
Please include the Item # in your comment and your position of “FOR,” “AGAINST,” ""GENERAL COMMENT,"" or ""ITEM NEEDS MORE CONSIDERATION.""
Email: BoardClerk@metro.net
Post Office Mail:
Board Administration
One Gateway Plaza
MS: 99-3-1
Los Angeles, CA 90012"
2877,2024-06-05,Independent Citizens' Advisory and Oversight Committee - Public Hearing,126745,,18,10203,2024-0348,Informational Report,,,,,0,0,RECEIVE General Public Comment
2877,2024-06-05,Independent Citizens' Advisory and Oversight Committee - Public Hearing,126746,,20,,,,,,,,0,0,"Consideration of items not on the posted agenda, including: items to be presented and (if requested) referred to staff; items to be placed on the agenda for action at a future meeting of the Committee or Board; and/or items requiring immediate action because of an emergency situation or where the need to take immediate action came to the attention of the Committee subsequent to the posting of the agenda.
"
2877,2024-06-05,Independent Citizens' Advisory and Oversight Committee - Public Hearing,126747,,21,,,,,,,,0,0,COMMENTS FROM THE PUBLIC ON ITEMS OF PUBLIC INTEREST WITHIN COMMITTEE’S SUBJECT MATTER JURISDICTION
2878,2024-06-05,Measure M Independent Taxpayer Oversight Committee,126326,,10,,,,,,,,0,0,CALL TO ORDER
2878,2024-06-05,Measure M Independent Taxpayer Oversight Committee,126327,,11,,,,,,,,0,0,ROLL CALL
2878,2024-06-05,Measure M Independent Taxpayer Oversight Committee,126328,7,19,10139,2024-0284,Oral Report / Presentation,,,,,0,0,RECEIVE oral report on Transit and Highway Capital projects to support discussion on the effective and efficient use of funds.
2878,2024-06-05,Measure M Independent Taxpayer Oversight Committee,126656,,21,10191,2024-0336,Informational Report,,,,,0,0,RECEIVE General Public Comment
2878,2024-06-05,Measure M Independent Taxpayer Oversight Committee,126657,,22,,,,,,,,0,0,"Consideration of items not on the posted agenda, including: items to be presented and (if requested) referred to staff; items to be placed on the agenda for action at a future meeting of the Committee or Board; and/or items requiring immediate action because of an emergency situation or where the need to take immediate action came to the attention of the Committee subsequent to the posting of the agenda."
2878,2024-06-05,Measure M Independent Taxpayer Oversight Committee,126658,,23,,,,,,,,0,0,COMMENTS FROM THE PUBLIC ON ITEMS OF PUBLIC INTEREST WITHIN COMMITTEE’S SUBJECT MATTER JURISDICTION
2878,2024-06-05,Measure M Independent Taxpayer Oversight Committee,126659,,24,,,,,,,,0,0,Adjournment
2878,2024-06-05,Measure M Independent Taxpayer Oversight Committee,126660,,9,,,,,,,,0,0,page break
2878,2024-06-05,Measure M Independent Taxpayer Oversight Committee,126661,,8,,,,,,,,0,0,"Written public comments must be received by 5PM the day before the meeting.
Please include the Item # in your comment and your position of “FOR,” “AGAINST,” ""GENERAL COMMENT,"" or ""ITEM NEEDS MORE CONSIDERATION.""
Email: BoardClerk@metro.net
Post Office Mail:
Board Administration
One Gateway Plaza
MS: 99-3-1
Los Angeles, CA 90012"
2878,2024-06-05,Measure M Independent Taxpayer Oversight Committee,126662,,7,,,,,,,,0,0,Written Public Comment Instruction:
2878,2024-06-05,Measure M Independent Taxpayer Oversight Committee,126663,,6,,,,,,,,0,0,"Los comentarios del público se tomaran cuando se toma cada tema. Para dar un comentario público sobre una tema ingrese # 2 (Tecla de numero y dos) cuando se le solicite. Tenga en cuenta que la transmisión de video en vivo se retrasa unos 30 segundos con respecto a la reunión real. No hay retraso en la línea de
acceso telefónico para comentarios públicos."
2878,2024-06-05,Measure M Independent Taxpayer Oversight Committee,126664,,5,,,,,,,,0,0,"Los comentarios publicos en vivo se pueden dar por telefono o en persona.

La Reunion de la Junta comienza a las 10:00 AM, hora del Pacifico, el 5 de Junio de 2024. Puedes unirte a la llamada 5 minutos antes del comienso de la junta.

Marque: 202-735-3323 y ingrese el codigo
Codigo de acceso en ingles: 5647249#
Codigo de acceso en espanol: 7292892#"
2878,2024-06-05,Measure M Independent Taxpayer Oversight Committee,126665,,4,,,,,,,,0,0,Instrucciones para comentarios publicos en vivo:
2878,2024-06-05,Measure M Independent Taxpayer Oversight Committee,126666,,3,,,,,,,,0,0,"Public comment will be taken as the Board takes up each item. To give public comment on an item, enter #2 (pound-two) when prompted. Please note that the live video feed lags about 30 seconds behind the actual meeting. There is no lag on the public comment dial-in line."
2878,2024-06-05,Measure M Independent Taxpayer Oversight Committee,126667,,2,,,,,,,,0,0,"Live public comment can be given by telephone and in-person.

The Committee Meeting begins at 10:00 AM Pacific Time on June 5, 2024; you may join the call 5 minutes prior to the start of the meeting.

Dial-in: 202-735-3323 and enter
English Access Code: 5647249#
Spanish Access Code: 7292892#"
2878,2024-06-05,Measure M Independent Taxpayer Oversight Committee,126668,,1,,,,,,,,0,0,Live Public Comment Instructions:
2878,2024-06-05,Measure M Independent Taxpayer Oversight Committee,126669,6,18,10097,2024-0242,Oral Report / Presentation,,,,,0,0,RECEIVE oral report on State of Good Repair budget and expenses.
2878,2024-06-05,Measure M Independent Taxpayer Oversight Committee,126670,5,16,10158,2024-0303,Oral Report / Presentation,,,,,0,0,RECEIVE oral report on Local Return programmed revenues and uses for Los Angeles County jurisdictions to support discussion on the effective and efficient use of funds.
2878,2024-06-05,Measure M Independent Taxpayer Oversight Committee,126671,4,15,10182,2024-0327,Oral Report / Presentation,,,,,0,0,RECEIVE oral report on review of countywide bus service metrics to support discussion on feasible and transparent reporting of Measure M operating and maintenance funds allocated to municipal transit providers.
2878,2024-06-05,Measure M Independent Taxpayer Oversight Committee,126672,3,14,10157,2024-0302,Oral Report / Presentation,,,,,0,0,RECEIVE oral report on review of the FY25 Budget to support discussion on the effective and efficient use of funds.
2878,2024-06-05,Measure M Independent Taxpayer Oversight Committee,126673,2,13,10190,2024-0335,Minutes,,,,,0,0,"APPROVE Minutes of the Measure M Independent Taxpayer Oversight Committee Meeting held March 6, 2024."
2878,2024-06-05,Measure M Independent Taxpayer Oversight Committee,126674,1,12,10183,2024-0328,Oral Report / Presentation,,,,,0,0,RECEIVE remarks by the Chair.
2878,2024-06-05,Measure M Independent Taxpayer Oversight Committee,126675,8,20,10124,2024-0269,Oral Report / Presentation,,,,,0,0,"RECEIVE oral report on Measure M Active Transportation, programmed revenues, and uses to support discussion on the effective and efficient use of funds."
2878,2024-06-05,Measure M Independent Taxpayer Oversight Committee,126676,,17,,,,,,,,0,0,page break
2881,2024-06-05,Measure M Independent Taxpayer Oversight Committee - Public Hearing,126726,,10,,,,,,,,0,0,CALL TO ORDER
2881,2024-06-05,Measure M Independent Taxpayer Oversight Committee - Public Hearing,126727,,11,,,,,,,,0,0,ROLL CALL
2881,2024-06-05,Measure M Independent Taxpayer Oversight Committee - Public Hearing,126730,,17,,,,,,,,0,0,"The Chair will determine the order items are taken before the Committee. Speakers are limited to a total of three minutes. If available, a written copy of testimony should be presented to the Board Clerk."
2881,2024-06-05,Measure M Independent Taxpayer Oversight Committee - Public Hearing,126731,,18,,,,,,,,0,0,Adjournment
2881,2024-06-05,Measure M Independent Taxpayer Oversight Committee - Public Hearing,126732,,9,,,,,,,,0,0,page break
2881,2024-06-05,Measure M Independent Taxpayer Oversight Committee - Public Hearing,126733,,6,,,,,,,,0,0,Los comentarios del público se tomaran cuando se toma cada tema. Para dar un comentario público sobre una tema ingrese # 2 (Tecla de numero y dos) cuando se le solicite. Tenga en cuenta que la transmisión de video en vivo se retrasa unos 30 segundos con respecto a la reunión real. No hay retraso en la línea de acceso telefónico para comentarios públicos.
2881,2024-06-05,Measure M Independent Taxpayer Oversight Committee - Public Hearing,126734,,5,,,,,,,,0,0,"Los comentarios publicos en vivo se pueden dar por telefono o en persona.

La Reunion de la Junta comienza a las 10:00 AM, hora del Pacifico, el 5 de Junio de 2024. Puedes unirte a la llamada 5 minutos antes del comienso de la junta.

Marque: 202-735-3323 y ingrese el codigo
Codigo de acceso en ingles: 5647249#
Codigo de acceso en espanol: 7292892#"
2881,2024-06-05,Measure M Independent Taxpayer Oversight Committee - Public Hearing,126735,,4,,,,,,,,0,0,Instrucciones para comentarios publicos en vivo:
2881,2024-06-05,Measure M Independent Taxpayer Oversight Committee - Public Hearing,126736,,3,,,,,,,,0,0,"Public comment will be taken as the Board takes up each item. To give public comment on an item, enter #2 (pound-two) when prompted. Please note that the live video feed lags about 30 seconds behind the actual meeting. There is no lag on the public comment dial-in line."
2881,2024-06-05,Measure M Independent Taxpayer Oversight Committee - Public Hearing,126737,,2,,,,,,,,0,0,"Live public comment can be given by telephone or in-person.

The Meeting begins at 10:00 AM Pacific Time on June 5, 2024; you may join the call 5 minutes prior to the start of the meeting.

Dial-in: 202-735-3323 and enter
English Access Code: 5647249#
Spanish Access Code: 7292892#"
2881,2024-06-05,Measure M Independent Taxpayer Oversight Committee - Public Hearing,126738,,1,,,,,,,,0,0,Live Public Comment Instructions:
2881,2024-06-05,Measure M Independent Taxpayer Oversight Committee - Public Hearing,126739,,16,,,,,,,,0,0,
2881,2024-06-05,Measure M Independent Taxpayer Oversight Committee - Public Hearing,126740,4,15,10202,2024-0347,Informational Report,,,,,0,0,APPROVE Motion to Close Hearing.
2881,2024-06-05,Measure M Independent Taxpayer Oversight Committee - Public Hearing,126741,3,14,10201,2024-0346,Informational Report,,,,,0,0,PUBLIC HEARING of comments on Measure M Audits and Annual Report.
2881,2024-06-05,Measure M Independent Taxpayer Oversight Committee - Public Hearing,126742,2,13,10200,2024-0345,Oral Report / Presentation,,,,,0,0,STATEMENT by the Board Clerk’s Office concerning publication of notices and dissemination of public information.
2881,2024-06-05,Measure M Independent Taxpayer Oversight Committee - Public Hearing,126743,,8,,,,,,,,0,0,"Written public comments must be received by 5PM the day before the meeting.
Please include the Item # in your comment and your position of “FOR,” “AGAINST,” ""GENERAL COMMENT,"" or ""ITEM NEEDS MORE CONSIDERATION.""
Email: BoardClerk@metro.net
Post Office Mail:
Board Administration
One Gateway Plaza
MS: 99-3-1
Los Angeles, CA 90012"
2881,2024-06-05,Measure M Independent Taxpayer Oversight Committee - Public Hearing,126744,,7,,,,,,,,0,0,Written Public Comment Instruction:
2881,2024-06-05,Measure M Independent Taxpayer Oversight Committee - Public Hearing,127086,1,12,10211,2024-0356,Oral Report / Presentation,,,,,0,0,RECEIVE remarks by the Chair.
2883,2024-06-05,Measure R Independent Taxpayer Oversight Committee - Public Hearing,126698,,10,,,,,,,,0,0,CALL TO ORDER
2883,2024-06-05,Measure R Independent Taxpayer Oversight Committee - Public Hearing,126699,,11,,,,,,,,0,0,ROLL CALL
2883,2024-06-05,Measure R Independent Taxpayer Oversight Committee - Public Hearing,126701,,18,,,,,,,,0,0,"The Chair will determine the order items are taken before the Committee. Speakers are limited to a total of three minutes. If available, a written copy of testimony should be presented to the Board Clerk."
2883,2024-06-05,Measure R Independent Taxpayer Oversight Committee - Public Hearing,126703,,21,,,,,,,,0,0,Adjournment
2883,2024-06-05,Measure R Independent Taxpayer Oversight Committee - Public Hearing,126705,,8,,,,,,,,0,0,"Written public comments must be received by 5PM the day before the meeting.
Please include the Item # in your comment and your position of “FOR,” “AGAINST,” ""GENERAL
COMMENT,"" or ""ITEM NEEDS MORE CONSIDERATION.""
Email: BoardClerk@metro.net
Post Office Mail:
Board Administration
One Gateway Plaza
MS: 99-3-1
Los Angeles, CA 90012"
2883,2024-06-05,Measure R Independent Taxpayer Oversight Committee - Public Hearing,126706,,7,,,,,,,,0,0,Written Public Comment Instruction:
2883,2024-06-05,Measure R Independent Taxpayer Oversight Committee - Public Hearing,126707,,6,,,,,,,,0,0,Los comentarios del público se tomaran cuando se toma cada tema. Para dar un comentario público sobre una tema ingrese # 2 (Tecla de numero y dos) cuando se le solicite. Tenga en cuenta que la transmisión de video en vivo se retrasa unos 30 segundos con respecto a la reunión real. No hay retraso en la línea de acceso telefónico para comentarios públicos.
2883,2024-06-05,Measure R Independent Taxpayer Oversight Committee - Public Hearing,126708,,5,,,,,,,,0,0,"Los comentarios publicos en vivo se pueden dar por telefono o en persona.

La Reunion de la Junta comienza a las 9:00 AM, hora del Pacifico, el 5 de Junio de 2024.
Puedes unirte a la llamada 5 minutos antes del comienso de la junta.

Marque: 202-735-3323 y ingrese el codigo
Codigo de acceso en ingles: 5647249#
Codigo de acceso en espanol: 7292892#"
2883,2024-06-05,Measure R Independent Taxpayer Oversight Committee - Public Hearing,126709,,4,,,,,,,,0,0,Instrucciones para comentarios publicos en vivo:
2883,2024-06-05,Measure R Independent Taxpayer Oversight Committee - Public Hearing,126710,,3,,,,,,,,0,0,"Public comment will be taken as the Board takes up each item. To give public comment on an item, enter #2 (pound-two) when prompted. Please note that the live video feed lags about 30 seconds behind the actual meeting. There is no lag on the public comment dial-in line."
2883,2024-06-05,Measure R Independent Taxpayer Oversight Committee - Public Hearing,126711,,2,,,,,,,,0,0,"Live public comment can be given by telephone or in-person.

The Meeting begins at 9:00 AM Pacific Time on June 5, 2024; you may join the call 5 minutes prior to the start of the meeting.

Dial-in: 202-735-3323 and enter
English Access Code: 5647249#
Spanish Access Code: 7292892#"
2883,2024-06-05,Measure R Independent Taxpayer Oversight Committee - Public Hearing,126712,,1,,,,,,,,0,0,Live Public Comment Instructions:
2883,2024-06-05,Measure R Independent Taxpayer Oversight Committee - Public Hearing,126713,,9,,,,,,,,0,0,page break
2883,2024-06-05,Measure R Independent Taxpayer Oversight Committee - Public Hearing,126716,,17,10204,2024-0349,Informational Report,,,,,0,0,RECEIVE General Public Comment
2883,2024-06-05,Measure R Independent Taxpayer Oversight Committee - Public Hearing,126717,4,15,10198,2024-0343,Informational Report,,,,,0,0,APPROVE Motion to Close Hearing.
2883,2024-06-05,Measure R Independent Taxpayer Oversight Committee - Public Hearing,126718,3,14,10197,2024-0342,Informational Report,,,,,0,0,RECEIVE Public Comment on Measure R Audits and Annual Report.
2883,2024-06-05,Measure R Independent Taxpayer Oversight Committee - Public Hearing,126719,5,16,10176,2024-0321,Oral Report / Presentation,,,,,0,0,RECEIVE oral report on review of the FY25 Budget.
2883,2024-06-05,Measure R Independent Taxpayer Oversight Committee - Public Hearing,126720,1,12,10184,2024-0329,Oral Report / Presentation,,,,,0,0,RECEIVE remarks by the Chair.
2883,2024-06-05,Measure R Independent Taxpayer Oversight Committee - Public Hearing,126721,2,13,10196,2024-0341,Oral Report / Presentation,,,,,0,0,STATEMENT by the Board Clerk’s Office concerning publication of notices and dissemination of public information.
2883,2024-06-05,Measure R Independent Taxpayer Oversight Committee - Public Hearing,126748,,19,,,,,,,,0,0,"Consideration of items not on the posted agenda, including: items to be presented and (if requested) referred to staff; items to be placed on the agenda for action at a future meeting of the Committee or Board; and/or items requiring immediate action because of an emergency situation or where the need to take immediate action came to the attention of the Committee subsequent to the posting of the agenda."
2883,2024-06-05,Measure R Independent Taxpayer Oversight Committee - Public Hearing,126749,,20,,,,,,,,0,0,COMMENTS FROM THE PUBLIC ON ITEMS OF PUBLIC INTEREST WITHIN COMMITTEE’S SUBJECT MATTER JURISDICTION
2885,2024-05-23,LA SAFE,125081,,10,,,,,,,,0,0,CALL TO ORDER
2885,2024-05-23,LA SAFE,125082,,11,,,,,,,,1,0,ROLL CALL
2885,2024-05-23,LA SAFE,125096,,16,,,,,,,,0,0,Adjournment
2885,2024-05-23,LA SAFE,125097,,17,,,,,,,,0,0,"Consideration of items not on the posted agenda, including: items to be presented and (if requested) referred to staff; items to be placed on the agenda for action at a future meeting of the Committee or Board; and/or items requiring immediate action because of an emergency situation or where the need to take immediate action came to the attention of the Committee subsequent to the posting of the agenda."
2885,2024-05-23,LA SAFE,125098,,15,10163,2024-0308,Informational Report,,,,,0,0,RECEIVE General Public Comment
2885,2024-05-23,LA SAFE,125099,,14,,,,,,,,0,0,
2885,2024-05-23,LA SAFE,125100,,8,,,,,,,,0,0,"Written public comments must be received by 5PM the day before the meeting. Please
include the Item # in your comment and your position of “FOR,” “AGAINST,” ""GENERAL
COMMENT,"" or ""ITEM NEEDS MORE CONSIDERATION.""
Email: BoardClerk@metro.net
Post Office Mail:
Board Administration
One Gateway Plaza
MS: 99-3-1
Los Angeles, CA 90012"
2885,2024-05-23,LA SAFE,125101,,7,,,,,,,,0,0,Written Public Comment Instruction:
2885,2024-05-23,LA SAFE,125102,,6,,,,,,,,0,0,"Los comentarios del público se tomaran cuando se toma cada tema. Para dar un
comentario público sobre una tema ingrese # 2 (Tecla de numero y dos) cuando
se le solicite. Tenga en cuenta que la transmisión de video en vivo se retrasa
unos 30 segundos con respecto a la reunión real. No hay retraso en la línea de
acceso telefónico para comentarios públicos."
2885,2024-05-23,LA SAFE,125103,,5,,,,,,,,0,0,"Los comentarios publicos en vivo se pueden dar por telefono o en persona.

La Reunion de la Junta comienza a las 10:00 AM, hora del Pacifico, el 23 de Mayo de 2024. Puedes unirte a la llamada 5 minutos antes del comienso de la junta.

Marque: 202-735-3323 y ingrese el codigo
Codigo de acceso en ingles: 5647249#
Codigo de acceso en espanol: 7292892#"
2885,2024-05-23,LA SAFE,125104,,4,,,,,,,,0,0,Instrucciones para comentarios publicos en vivo:
2885,2024-05-23,LA SAFE,125105,,3,,,,,,,,0,0,"Public comment will be taken as the Board takes up each item. To give public
comment on an item, enter #2 (pound-two) when prompted. Please note that the
live video feed lags about 30 seconds behind the actual meeting. There is no lag
on the public comment line."
2885,2024-05-23,LA SAFE,125106,,2,,,,,,,,0,0,"Live public comment can be given by telephone or in-person.

The Board Meeting begins at 10:00 AM Pacific Time on May 23, 2024; you may join the call 5 minutes prior to the start of the meeting. 

Dial-in: 202-735-3323 and enter
English Access Code: 5647249#
Spanish Access Code: 7292892#"
2885,2024-05-23,LA SAFE,125107,,1,,,,,,,,0,0,Live Public Comment Instructions:
2885,2024-05-23,LA SAFE,125108,,9,,,,,,,,0,0,page break
2885,2024-05-23,LA SAFE,125109,1,12,10164,2024-0309,Minutes,APPROVED,Pass,,,0,0,"APPROVE Minutes of the LA SAFE Board Meeting held May 25, 2023."
2885,2024-05-23,LA SAFE,125178,2,13,10044,2024-0189,Budget,APPROVED,Pass,,,0,0,"ADOPT the Fiscal Year 2024-2025 (FY25) budget in the amount of $7,858,565 for the operation and administration of the Los Angeles County Service Authority for Freeway Emergencies (LA SAFE).  This budget amount includes the annual funding allocation for the agreement with the Public Transportation Services Corporation (PTSC) for direct labor and administrative support services in the amount of $1,693,565."
2894,2024-07-17,Planning and Programming Committee,127776,,10,,,,,,,,0,0,CALL TO ORDER
2894,2024-07-17,Planning and Programming Committee,127777,,11,,,,,,,,0,0,ROLL CALL
2894,2024-07-17,Planning and Programming Committee,128069,,18,,,,,,,,0,0, 
2894,2024-07-17,Planning and Programming Committee,128070,,19,10316,2024-0461,Informational Report,,,,,0,0,RECEIVE General Public Comment
2894,2024-07-17,Planning and Programming Committee,128071,,20,,,,,,,,0,0,"Consideration of items not on the posted agenda, including: items to be presented and (if requested) referred to staff; items to be placed on the agenda for action at a future meeting of the Committee or Board; and/or items requiring immediate action because of an emergency situation or where the need to take immediate action came to the attention of the Committee subsequent to the posting of the agenda."
2894,2024-07-17,Planning and Programming Committee,128072,,21,,,,,,,,0,0,COMMENTS FROM THE PUBLIC ON ITEMS OF PUBLIC INTEREST WITHIN COMMITTEE’S SUBJECT MATTER JURISDICTION
2894,2024-07-17,Planning and Programming Committee,128073,,22,,,,,,,,0,0,Adjournment
2894,2024-07-17,Planning and Programming Committee,128074,,9,,,,,,,,0,0,
2894,2024-07-17,Planning and Programming Committee,128075,,8,,,,,,,,0,0,"Written public comments must be received by 5PM the day before the meeting.
Please include the Item # in your comment and your position of “FOR,” “AGAINST,” ""GENERAL
COMMENT,"" or ""ITEM NEEDS MORE CONSIDERATION.""
Email: BoardClerk@metro.net
Post Office Mail:
Board Administration
One Gateway Plaza
MS: 99-3-1
Los Angeles, CA 90012"
2894,2024-07-17,Planning and Programming Committee,128076,,7,,,,,,,,0,0,Written Public Comment Instruction:
2894,2024-07-17,Planning and Programming Committee,128077,,6,,,,,,,,0,0,Los comentarios del público se tomaran cuando se toma cada tema. Para dar un comentario público sobre una tema ingrese # 2 (Tecla de numero y dos) cuando se le solicite. Tenga en cuenta que la transmisión de video en vivo se retrasa unos 30 segundos con respecto a la reunión real. No hay retraso en la línea de acceso telefónico para comentarios públicos.
2894,2024-07-17,Planning and Programming Committee,128078,,5,,,,,,,,0,0,"Los comentarios publicos en vivo se pueden dar por telefono o en persona.

La Reunion de la Junta comienza a las 11:00 AM, hora del Pacifico, el 17 de Julio de 2024.
Puedes unirte a la llamada 5 minutos antes del comienso de la junta.

Marque: 202-735-3323 y ingrese el codigo
Codigo de acceso en ingles: 5647249#
Codigo de acceso en espanol: 7292892#"
2894,2024-07-17,Planning and Programming Committee,128079,,4,,,,,,,,0,0,Instrucciones para comentarios publicos en vivo:
2894,2024-07-17,Planning and Programming Committee,128080,,3,,,,,,,,0,0,"Public comment will be taken as the Board takes up each item. To give public comment on an item, enter #2 (pound-two) when prompted. Please note that the live video feed lags about 30 seconds behind the actual meeting. There is no lag on the public comment dial-in line."
2894,2024-07-17,Planning and Programming Committee,128081,,2,,,,,,,,0,0,"Live public comment can be given by telephone or in-person.

The Committee Meeting begins at 11:00 AM Pacific Time on July 17, 2024; you may join the call 5 minutes prior to the start of the meeting.

Dial-in: 202-735-3323 and enter
English Access Code: 5647249#
Spanish Access Code: 7292892#"
2894,2024-07-17,Planning and Programming Committee,128082,,1,,,,,,,,0,0,Live Public Comment Instructions:
2894,2024-07-17,Planning and Programming Committee,129229,9,17,10254,2024-0399,Informational Report,,,,,0,0,RECEIVE AND FILE Countywide Planning & Development Major Projects Status Report.
2894,2024-07-17,Planning and Programming Committee,129230,8,16,10186,2024-0331,Program,,,,,0,0,"CONSIDER:

A.	APPROVING the recommended Access for All Program funding award to ButterFLi Technologies, Inc. totaling $1,584,814 (Attachment A); and

B.	AUTHORIZING the Chief Executive Officer (CEO), or their designee, to negotiate and execute funding agreements with the entities receiving awards."
2894,2024-07-17,Planning and Programming Committee,129231,7,14,10133,2024-0278,Program,,,,,0,0,"CONSIDER: 

A.	APPROVING the list of new eligible SR-710 North Mobility Improvement Projects (MIP) recommended for Board approval in Attachment A; 
 
B.	AUTHORIZING the Chief Executive Officer or their designee to: 
 
1.	REALLOCATE funds from MIPs withdrawn by Alhambra and Los Angeles (LA City) shown in Attachment B (Proposed Updated MIP List) to fund new eligible projects recommended for Board approval in Attachment A; 

2.	TRANSFER the project sponsorship and implementation of the Los Angeles "
2894,2024-07-17,Planning and Programming Committee,129232,6,13,10026,2024-0171,Program,,,,,0,0,"CONSIDER:

A.	REPROGRAMMING of Measure M Metro Active Transport, Transit and First/Last Mile (MAT) projects as shown in Attachment A;

B.	DELEGATING the Chief Executive Officer (CEO) or their designee the authority to:

1.	Amend Measure M MAT funding agreements to modify the scope of work of projects and project development phases consistent with eligibility requirements; and

2.	Administratively extend funding agreement lapse dates for Measure M MAT funding agreements to meet environmental, des"
2894,2024-07-17,Planning and Programming Committee,129233,5,12,10084,2024-0229,Program,,,,,0,0,"CONSIDER:

A.	APPROVING $33,688,564 in additional programming within the capacity of Measure R Multimodal Highway Subregional Programs and funding changes via the updated project list shown in Attachment A. Projects within this Measure R Multimodal Highway Subregional Program are inclusive of traffic signal, pedestrian, bicycle, transit, and roadway improvements; 

B.	APPROVING the deobligation of $1,800,000 in previously approved Measure R Multimodal Highway Subregional Program funds for re"
2894,2024-07-17,Planning and Programming Committee,129278,,15,,,,,,,,0,0,page break
2895,2024-07-17,Construction Committee,128086,,10,,,,,,,,0,0,CALL TO ORDER
2895,2024-07-17,Construction Committee,128087,,11,,,,,,,,0,0,ROLL CALL
2895,2024-07-17,Construction Committee,128327,,24,10315,2024-0460,Informational Report,,,,,0,0,RECEIVE General Public Comment
2895,2024-07-17,Construction Committee,128328,,25,,,,,,,,0,0,"Consideration of items not on the posted agenda, including: items to be presented and (if requested) referred to staff; items to be placed on the agenda for action at a future meeting of the Committee or Board; and/or items requiring immediate action because of an emergency situation or where the need to take immediate action came to the attention of the Committee subsequent to the posting of the agenda."
2895,2024-07-17,Construction Committee,128329,,26,,,,,,,,0,0,COMMENTS FROM THE PUBLIC ON ITEMS OF PUBLIC INTEREST WITHIN COMMITTEE’S SUBJECT MATTER JURISDICTION
2895,2024-07-17,Construction Committee,128330,,27,,,,,,,,0,0,Adjournment
2895,2024-07-17,Construction Committee,128331,,9,,,,,,,,0,0,page break
2895,2024-07-17,Construction Committee,128332,,8,,,,,,,,0,0,"Written public comments must be received by 5PM the day before the meeting.
Please include the Item # in your comment and your position of “FOR,” “AGAINST,” ""GENERAL COMMENT,"" or ""ITEM NEEDS MORE CONSIDERATION.""
Email: BoardClerk@metro.net
Post Office Mail:
Board Administration
One Gateway Plaza
MS: 99-3-1
Los Angeles, CA 90012"
2895,2024-07-17,Construction Committee,128333,,7,,,,,,,,0,0,Written Public Comment Instruction:
2895,2024-07-17,Construction Committee,128334,,6,,,,,,,,0,0,Los comentarios del público se tomaran cuando se toma cada tema. Para dar un comentario público sobre una tema ingrese # 2 (Tecla de numero y dos) cuando se le solicite. Tenga en cuenta que la transmisión de video en vivo se retrasa unos 30 segundos con respecto a la reunión real. No hay retraso en la línea de acceso telefónico para comentarios públicos.
2895,2024-07-17,Construction Committee,128335,,5,,,,,,,,0,0,"Los comentarios publicos en vivo se pueden dar por telefono o en persona.

La Reunion de la Junta comienza a las 1:00 PM, hora del Pacifico, el 17 de Julio de 2024. Puedes unirte a la llamada 5 minutos antes del comienso de la junta.

Marque: 202-735-3323 y ingrese el codigo
Codigo de acceso en ingles: 5647249#
Codigo de acceso en espanol: 7292892#"
2895,2024-07-17,Construction Committee,128336,,4,,,,,,,,0,0,Instrucciones para comentarios publicos en vivo:
2895,2024-07-17,Construction Committee,128337,,3,,,,,,,,0,0,"Public comment will be taken as the Board takes up each item. To give public comment on an item, enter #2 (pound-two) when prompted. Please note that the live video feed lags about 30 seconds behind the actual meeting. There is no lag on the public comment dial-in line."
2895,2024-07-17,Construction Committee,128338,,2,,,,,,,,0,0,"Live public comment can be given by telephone or in-person.

The Committee Meeting begins at 1:00 PM Pacific Time on July 17, 2024; you may join the call 5 minutes prior to the start of the meeting.

Dial-in: 202-735-3323 and enter
English Access Code: 5647249#
Spanish Access Code: 7292892#"
2895,2024-07-17,Construction Committee,128339,,1,,,,,,,,0,0,Live Public Comment Instructions:
2895,2024-07-17,Construction Committee,129235,,23,,,,,,,,0,0,
2895,2024-07-17,Construction Committee,129236,17,21,10253,2024-0398,Oral Report / Presentation,,,,,0,0,RECEIVE the quarterly oral report on the status of the Caltrans construction projects.
2895,2024-07-17,Construction Committee,129237,16,20,10259,2024-0404,Informational Report,,,,,0,0,RECEIVE AND FILE status report on the Metro G Line Improvements Project.
2895,2024-07-17,Construction Committee,129239,15,18,10075,2024-0220,Informational Report,,,,,0,0,RECEIVE AND FILE Office of the Inspector General Comparison of Metro Rail Design Criteria to 11 Cities Along the Southeast Gateway Line.
2895,2024-07-17,Construction Committee,129240,14,17,10178,2024-0323,Project,,,,,0,0,"AUTHORIZE the Chief Executive Officer to:

A.	INCREASE the Board approved Preconstruction Budget for the East San Fernando Valley Light Rail Transit Project (Project) by $382,875,000 from $496,856,000 to $879,731,000; and

B.	NEGOTIATE AND EXECUTE all project-related agreements and modifications to existing contracts within the authorized Preconstruction Budget."
2895,2024-07-17,Construction Committee,129241,13,16,10268,2024-0413,Project,,,,,0,0,"AUTHORIZE the Chief Executive Officer (CEO) to execute Modification No. 8 to Contract No. AE51242000 with Cordoba HNTB Design Partners, a Joint Venture, in the amount of $74,869,029 to advance to 30% Preliminary Engineering (PE) for the Initial Operating Segment (IOS), increasing the contract value from $35,514,357 to $110,383,386 and extending the period of performance from December 31, 2024, to August 30, 2026."
2895,2024-07-17,Construction Committee,129242,12,14,10228,2024-0373,Contract,,,,,0,0,"AUTHORIZE the Chief Executive Officer to:

A.	AWARD a cost plus fixed fee Contract No. AE120356 to HDR Engineering, Inc. for Supplemental Engineering Services for Engineering Design of Transit Rail Projects on a task order basis, in an amount not to exceed $50,000,000 for the base three-year term, and $10,000,000 for each of the two, one-year options, for a total contract value not to exceed $70,000,000, subject to resolution of any protest(s), if any; and 

B.	ISSUE individual Task Orders and m"
2895,2024-07-17,Construction Committee,129243,11,13,10290,2024-0435,Informational Report,,,,,0,0,RECEIVE AND FILE status report on Program Management quarterly changes.
2895,2024-07-17,Construction Committee,129244,10,12,10285,2024-0430,Budget,,,,,0,0,AUTHORIZE the Chief Executive Officer to execute the FY25 Annual Work Plan Budget for the City of Los Angeles (Attachment A).
2895,2024-07-17,Construction Committee,129276,18,22,10086,2024-0231,Oral Report / Presentation,,,,,0,0,RECEIVE AND FILE the Program Management Major Project Status Report.
2895,2024-07-17,Construction Committee,129280,,15,,,,,,,,0,0,page break
2895,2024-07-17,Construction Committee,129283,,19,,,,,,,,0,0,page break
2896,2024-07-18,"Finance, Budget and Audit Committee",128340,,9,,,,,,,,0,0,CALL TO ORDER
2896,2024-07-18,"Finance, Budget and Audit Committee",128341,,10,,,,,,,,0,0,ROLL CALL
2896,2024-07-18,"Finance, Budget and Audit Committee",128577,,21,,,,,,,,0,0, 
2896,2024-07-18,"Finance, Budget and Audit Committee",128578,,22,10314,2024-0459,Informational Report,,,,,0,0,RECEIVE General Public Comment
2896,2024-07-18,"Finance, Budget and Audit Committee",128579,,23,,,,,,,,0,0,"Consideration of items not on the posted agenda, including: items to be presented and (if requested) referred to staff; items to be placed on the agenda for action at a future meeting of the Committee or Board; and/or items requiring immediate action because of an emergency situation or where the need to take immediate action came to the attention of the Committee subsequent to the posting of the agenda."
2896,2024-07-18,"Finance, Budget and Audit Committee",128580,,24,,,,,,,,0,0,COMMENTS FROM THE PUBLIC ON ITEMS OF PUBLIC INTEREST WITHIN COMMITTEE’S SUBJECT MATTER JURISDICTION
2896,2024-07-18,"Finance, Budget and Audit Committee",128581,,25,,,,,,,,0,0,Adjournment
2896,2024-07-18,"Finance, Budget and Audit Committee",128582,,8,,,,,,,,0,0,"Written public comments must be received by 5PM the day before the meeting.
Please include the Item # in your comment and your position of “FOR,” “AGAINST,” ""GENERAL
COMMENT,"" or ""ITEM NEEDS MORE CONSIDERATION.""
Email: BoardClerk@metro.net
Post Office Mail:
Board Administration
One Gateway Plaza
MS: 99-3-1
Los Angeles, CA 90012"
2896,2024-07-18,"Finance, Budget and Audit Committee",128583,,7,,,,,,,,0,0,Written Public Comment Instruction:
2896,2024-07-18,"Finance, Budget and Audit Committee",128584,,6,,,,,,,,0,0,Los comentarios del público se tomaran cuando se toma cada tema. Para dar un comentario público sobre una tema ingrese # 2 (Tecla de numero y dos) cuando se le solicite. Tenga en cuenta que la transmisión de video en vivo se retrasa unos 30 segundos con respecto a la reunión real. No hay retraso en la línea de acceso telefónico para comentarios públicos.
2896,2024-07-18,"Finance, Budget and Audit Committee",128585,,5,,,,,,,,0,0,"Los comentarios publicos en vivo se pueden dar por telefono o en persona.

La Reunion de la Junta comienza a las 10:00 AM, hora del Pacifico, el 18 de Julio de 2024.
Puedes unirte a la llamada 5 minutos antes del comienso de la junta.

Marque: 202-735-3323 y ingrese el codigo
Codigo de acceso en ingles: 5647249#
Codigo de acceso en espanol: 7292892#"
2896,2024-07-18,"Finance, Budget and Audit Committee",128586,,4,,,,,,,,0,0,Instrucciones para comentarios publicos en vivo:
2896,2024-07-18,"Finance, Budget and Audit Committee",128587,,3,,,,,,,,0,0,"Public comment will be taken as the Board takes up each item. To give public comment on an item, enter #2 (pound-two) when prompted. Please note that the live video feed lags about 30 seconds behind the actual meeting. There is no lag on the public comment dial-in line."
2896,2024-07-18,"Finance, Budget and Audit Committee",128588,,2,,,,,,,,0,0,"Live public comment can be given by telephone or in-person.

The Committee Meeting begins at 10:00 AM Pacific Time on July 18, 2024; you may join the call 5 minutes prior to the start of the meeting.

Dial-in: 202-735-3323 and enter
English Access Code: 5647249#
Spanish Access Code: 7292892#"
2896,2024-07-18,"Finance, Budget and Audit Committee",128589,,1,,,,,,,,0,0,Live Public Comment Instructions:
2896,2024-07-18,"Finance, Budget and Audit Committee",129245,26,19,10262,2024-0407,Program,,,,,0,0,"CONSIDER:

A.	AUTHORIZING AND DELEGATING authority to the Chief Executive Officer (CEO) or their designee to negotiate and execute all necessary agreements and amendments to enter into a direct loan for a not to exceed disbursement amount of $160,950,000 to be repaid with interest between the Los Angeles County Metropolitan Transportation Authority (Metro) and the San Gabriel Valley Council of Governments (SGVCOG) to fund the Alameda Corridor-East (ACE) Project and the I-605/Valley Boulevard Int"
2896,2024-07-18,"Finance, Budget and Audit Committee",129246,25,18,10100,2024-0245,Program,,,,,0,0,"AUTHORIZE the Chief Executive Officer to negotiate and purchase a cybersecurity liability insurance policy with up to $50 million in limits at a cost not to exceed $3.850 million for the 12-month period effective September 1, 2024, to September 1, 2025."
2896,2024-07-18,"Finance, Budget and Audit Committee",129247,24,17,10101,2024-0246,Agreement,,,,,0,0,"AUTHORIZE the Chief Executive Officer (CEO), or their designee, to execute the First Amendment to the Lease Agreement (First Amendment) or any other documents with DWF V Wilshire/ Vermont LP, (Lessor), to extend the lease by five years (First Option) commencing September 1, 2024, for the Metro Customer Center located at 3183 Wilshire Boulevard, Suite 174 (Site) in Los Angeles consisting of 2,469 square feet at a rate of approximately $10,001.93 per month for a total of $600,115.80 over the First"
2896,2024-07-18,"Finance, Budget and Audit Committee",129248,23,16,10263,2024-0408,Program,,,,,0,0,"AUTHORIZE the Chief Executive Officer to execute Modification No. 3 to Contract No. PS133590000 with U.S. Bank N.A. in the amount of $500,000 to continue to provide custodial banking services, increasing the contract value from $1,100,370 to $1,600,370 and extending the period of performance from December 31, 2024 to March 31, 2025."
2896,2024-07-18,"Finance, Budget and Audit Committee",129249,22,15,10288,2024-0433,Informational Report,,,,,0,0,"RECEIVE AND FILE the Consolidated Audit Financial and Compliance Reports completed by Vasquez and Company (Vasquez) and Simpson and Simpson (Simpson), certified public accountants, for the fiscal years ended June 30, 2022 (FY22), and June 30, 2023 (FY23)."
2896,2024-07-18,"Finance, Budget and Audit Committee",129250,21,13,10257,2024-0402,Informational Report,,,,,0,0,"RECEIVE AND FILE Office of the Inspector General (OIG) Final Report on the Statutorily Mandated Audit of Miscellaneous Expenses for the Period of July 1, 2023, to September 30, 2023."
2896,2024-07-18,"Finance, Budget and Audit Committee",129251,20,12,10251,2024-0396,Informational Report,,,,,0,0,"RECEIVE AND FILE Office of the Inspector General (OIG) Final Report on the Statutorily Mandated Audit of Miscellaneous Expenses for the Period of April 1, 2023 to June 30, 2023."
2896,2024-07-18,"Finance, Budget and Audit Committee",129252,19,11,10260,2024-0405,Contract,,,,,0,0,"AUTHORIZE the Chief Executive Officer to execute Modification No. 6 to Contract No. PS60564000B with International Institute of Los Angeles (IILA) for Low Income Fare is Easy (LIFE) Program Administrator Services to include the Southwest, Southeast and Northwest service regions of Los Angeles County, in the amount of $984,603, increasing the total contract value from $ 2,792,333 to $3,776,936 and extending the period of performance from September 30, 2024 to December 31, 2024."
2896,2024-07-18,"Finance, Budget and Audit Committee",129253,,20,,,,,,,,0,0,
2896,2024-07-18,"Finance, Budget and Audit Committee",129279,,14,,,,,,,,0,0,page break
2897,2024-07-18,Executive Management Committee,128590,,10,,,,,,,,0,0,CALL TO ORDER
2897,2024-07-18,Executive Management Committee,128591,,11,,,,,,,,0,0,ROLL CALL
2897,2024-07-18,Executive Management Committee,128852,,17,,,,,,,,0,0, 
2897,2024-07-18,Executive Management Committee,128853,,18,10313,2024-0458,Informational Report,,,,,0,0,RECEIVE General Public Comment
2897,2024-07-18,Executive Management Committee,128854,,19,,,,,,,,0,0,"Consideration of items not on the posted agenda, including: items to be presented and (if requested) referred to staff; items to be placed on the agenda for action at a future meeting of the Committee or Board; and/or items requiring immediate action because of an emergency situation or where the need to take immediate action came to the attention of the Committee subsequent to the posting of the agenda."
2897,2024-07-18,Executive Management Committee,128855,,20,,,,,,,,0,0,COMMENTS FROM THE PUBLIC ON ITEMS OF PUBLIC INTEREST WITHIN COMMITTEE’S SUBJECT MATTER JURISDICTION
2897,2024-07-18,Executive Management Committee,128856,,21,,,,,,,,0,0,Adjournment
2897,2024-07-18,Executive Management Committee,128857,,9,,,,,,,,0,0,
2897,2024-07-18,Executive Management Committee,128858,,8,,,,,,,,0,0,"Written public comments must be received by 5PM the day before the meeting.
Please include the Item # in your comment and your position of “FOR,” “AGAINST,” ""GENERAL
COMMENT,"" or ""ITEM NEEDS MORE CONSIDERATION.""
Email: BoardClerk@metro.net
Post Office Mail:
Board Administration
One Gateway Plaza
MS: 99-3-1
Los Angeles, CA 90012"
2897,2024-07-18,Executive Management Committee,128859,,7,,,,,,,,0,0,Written Public Comment Instruction:
2897,2024-07-18,Executive Management Committee,128860,,6,,,,,,,,0,0,Los comentarios del público se tomaran cuando se toma cada tema. Para dar un comentario público sobre una tema ingrese # 2 (Tecla de numero y dos) cuando se le solicite. Tenga en cuenta que la transmisión de video en vivo se retrasa unos 30 segundos con respecto a la reunión real. No hay retraso en la línea de acceso telefónico para comentarios públicos.
2897,2024-07-18,Executive Management Committee,128861,,5,,,,,,,,0,0,"Los comentarios publicos en vivo se pueden dar por telefono o en persona.

La Reunion de la Junta comienza a las 11:00 AM, hora del Pacifico, el 18 de Julio de 2024. Puedes unirte a la llamada 5 minutos antes del comienso de la junta.

Marque: 202-735-3323 y ingrese el codigo
Codigo de acceso en ingles: 5647249#
Codigo de acceso en espanol: 7292892#"
2897,2024-07-18,Executive Management Committee,128862,,4,,,,,,,,0,0,Instrucciones para comentarios publicos en vivo:
2897,2024-07-18,Executive Management Committee,128863,,3,,,,,,,,0,0,"Public comment will be taken as the Board takes up each item. To give public comment on an item, enter #2 (pound-two) when prompted. Please note that the live video feed lags about 30 seconds behind the actual meeting. There is no lag on the public comment dial-in line."
2897,2024-07-18,Executive Management Committee,128864,,2,,,,,,,,0,0,"Live public comment can be given by telephone or in-person.

The Meeting begins at 11:00 AM Pacific Time on July 18, 2024; you may join the call 5 minutes prior to the start of the meeting.

Dial-in: 202-735-3323 and enter
English Access Code: 5647249#
Spanish Access Code: 7292892#"
2897,2024-07-18,Executive Management Committee,128865,,1,,,,,,,,0,0,Live Public Comment Instructions:
2897,2024-07-18,Executive Management Committee,129255,27,12,10308,2024-0453,Federal Legislation / State Legislation (Position),,,,,0,0,"RECEIVE AND FILE July 2024 State and Federal Legislative Report.

HAHN, BASS, SOLIS, BARGER, DUTRA, AND SANDOVAL AMENDMENT: We move to reaffirm the Board’s previous position that the remaining outstanding $500 million in SB 125 funding designated for our region will be distributed as follows:

·	$298 million for the Gold Line Foothill Extension to Montclair; and

·	$202 million for the Southeast Gateway Line."
2897,2024-07-18,Executive Management Committee,129256,31,16,10096,2024-0241,Informational Report,,,,,0,0,RECEIVE oral report on the Mobility Wallet Pilot.
2897,2024-07-18,Executive Management Committee,129257,29,14,10299,2024-0444,Oral Report / Presentation,,,,,0,0,RECEIVE oral report on Homeless Outreach Management & Engagement (HOME).
2897,2024-07-18,Executive Management Committee,129259,30,15,9333,2023-0255,Plan,,,,,0,0,"ADOPT the staff recommendation for the official and operational station name for the City of LA station on Metro Rail’s Purple (D Line) Extension Section 2:
·	Official Station Name: Century City
o	Operational Station Name: Century City"
2897,2024-07-18,Executive Management Committee,129286,28,13,10307,2024-0452,Informational Report,,,,,0,0,RECEIVE AND FILE report on the Southeast Gateway Line P3 Assessment Business Case (Attachment A).
2898,2024-07-18,"Operations, Safety, and Customer Experience Committee",128866,,10,,,,,,,,0,0,CALL TO ORDER
2898,2024-07-18,"Operations, Safety, and Customer Experience Committee",128867,,11,,,,,,,,0,0,ROLL CALL
2898,2024-07-18,"Operations, Safety, and Customer Experience Committee",129189,,26,,,,,,,,0,0, 
2898,2024-07-18,"Operations, Safety, and Customer Experience Committee",129190,,27,10312,2024-0457,Informational Report,,,,,0,0,RECEIVE General Public Comment
2898,2024-07-18,"Operations, Safety, and Customer Experience Committee",129191,,28,,,,,,,,0,0,"Consideration of items not on the posted agenda, including: items to be presented and (if requested) referred to staff; items to be placed on the agenda for action at a future meeting of the Committee or Board; and/or items requiring immediate action because of an emergency situation or where the need to take immediate action came to the attention of the Committee subsequent to the posting of the agenda."
2898,2024-07-18,"Operations, Safety, and Customer Experience Committee",129192,,29,,,,,,,,0,0,COMMENTS FROM THE PUBLIC ON ITEMS OF PUBLIC INTEREST WITHIN COMMITTEE’S SUBJECT MATTER JURISDICTION
2898,2024-07-18,"Operations, Safety, and Customer Experience Committee",129193,,30,,,,,,,,0,0,Adjournment
2898,2024-07-18,"Operations, Safety, and Customer Experience Committee",129194,,9,,,,,,,,0,0,
2898,2024-07-18,"Operations, Safety, and Customer Experience Committee",129195,,8,,,,,,,,0,0,"Written public comments must be received by 5PM the day before the meeting.
Please include the Item # in your comment and your position of “FOR,” “AGAINST,” ""GENERAL COMMENT,"" or ""ITEM NEEDS MORE CONSIDERATION.""
Email: BoardClerk@metro.net
Post Office Mail:
Board Administration
One Gateway Plaza
MS: 99-3-1
Los Angeles, CA 90012"
2898,2024-07-18,"Operations, Safety, and Customer Experience Committee",129196,,7,,,,,,,,0,0,Written Public Comment Instruction:
2898,2024-07-18,"Operations, Safety, and Customer Experience Committee",129197,,6,,,,,,,,0,0,Los comentarios del público se tomaran cuando se toma cada tema. Para dar un comentario público sobre una tema ingrese # 2 (Tecla de numero y dos) cuando se le solicite. Tenga en cuenta que la transmisión de video en vivo se retrasa unos 30 segundos con respecto a la reunión real. No hay retraso en la línea de acceso telefónico para comentarios públicos.
2898,2024-07-18,"Operations, Safety, and Customer Experience Committee",129198,,5,,,,,,,,0,0,"Los comentarios publicos en vivo se pueden dar por telefono o en persona.

La Reunion de la Junta comienza a las 1:00 PM, hora del Pacifico, el 18 de Julio de 2024. Puedes unirte a la llamada 5 minutos antes del comienso de la junta.

Marque: 202-735-3323 y ingrese el codigo
Codigo de acceso en ingles: 5647249#
Codigo de acceso en espanol: 7292892#"
2898,2024-07-18,"Operations, Safety, and Customer Experience Committee",129199,,4,,,,,,,,0,0,Instrucciones para comentarios publicos en vivo:
2898,2024-07-18,"Operations, Safety, and Customer Experience Committee",129200,,3,,,,,,,,0,0,"Public comment will be taken as the Board takes up each item. To give public comment on an item, enter #2 (pound-two) when prompted. Please note that the live video feed lags about 30 seconds behind the actual meeting. There is no lag on the public comment dial-in line."
2898,2024-07-18,"Operations, Safety, and Customer Experience Committee",129201,,2,,,,,,,,0,0,"Live public comment can be given by telephone or in-person.

The Meeting begins at 1:00 PM Pacific Time on July 18, 2024; you may join the call 5 minutes prior to the start of the meeting.

Dial-in: 202-735-3323 and enter
English Access Code: 5647249#
Spanish Access Code: 7292892#"
2898,2024-07-18,"Operations, Safety, and Customer Experience Committee",129202,,1,,,,,,,,0,0,Live Public Comment Instructions:
2898,2024-07-18,"Operations, Safety, and Customer Experience Committee",129261,42,24,10270,2024-0415,Informational Report,,,,,0,0,RECEIVE AND FILE the Public Safety Report.
2898,2024-07-18,"Operations, Safety, and Customer Experience Committee",129262,41,23,10241,2024-0386,Informational Report,,,,,0,0,RECEIVE AND FILE the NextGen Bus Ridership Update.
2898,2024-07-18,"Operations, Safety, and Customer Experience Committee",129263,40,21,10248,2024-0393,Informational Report,,,,,0,0,RECEIVE oral report on Operations.
2898,2024-07-18,"Operations, Safety, and Customer Experience Committee",129264,39,20,10240,2024-0385,Contract,,,,,0,0,"AUTHORIZE the Chief Executive Officer to execute Contract Modification No. 3 to Contract No. OP729180008370 with Link-Nilsen Corp, for Fire-Life Safety Systems Testing, Repair and Certification Services, to exercise the one, two-year option in the not-to-exceed (NTE) amount of $1,990,280, and adding testing locations in the NTE amount of $702,452, increasing the total contract NTE amount from $3,911,744 to $6,604,476, inclusive of the option term, and extending the period of performance from Sep"
2898,2024-07-18,"Operations, Safety, and Customer Experience Committee",129265,38,19,10068,2024-0213,Budget,,,,,0,0,"AUTHORIZE the Chief Executive Officer to amend the Fiscal Year 2025 (FY25) Budget and add 27 positions as shown below: 

A.	ADD five non-contract positions for the System Security and Law Enforcement, Information and Technology Services, and the Operations department to manage/perform the day-to-day emergency, security, physical security, and cyber security operations, as well as manage facilities staff to support maintenance/custodial activities within the facility; and 

B.	ADD 22 contract pos"
2898,2024-07-18,"Operations, Safety, and Customer Experience Committee",129266,37,17,10067,2024-0212,Budget,,,,,0,0,"AUTHORIZE the Chief Executive Officer to amend the FY25 Budget to add 108 Full-Time Equivalent (FTE) positions, as shown below: 

A.	ADD seven (7) non-contract positions to manage customer experience programs, facility maintenance contracts, and provide administrative/financial support; and

B.	ADD 101 contract positions to provide daily revenue service as well as supervise, perform ongoing building maintenance, daily security, daily cleaning, custodial work, and customer service in support "
2898,2024-07-18,"Operations, Safety, and Customer Experience Committee",129267,36,16,10230,2024-0375,Budget,,,,,0,0,"ESTABLISH a Life of Project (LOP) Budget of $65,350,000 for the Metro A, B, and D Lines Communication Transmission System Upgrade Project 205692.

DUPONT-WALKER, MITCHELL, AND BUTTS AMENDMENT: WE THEREFORE MOVE to amend Item 36 directing the Metro CEO to:

A.	Report back by October 2024 on the feasibility of identifying areas along the public right-of-way where open access leasable fiber could be accessed at Metro’s Communications Equipment Rooms by City and County agencies.

B.	If feasible, inc"
2898,2024-07-18,"Operations, Safety, and Customer Experience Committee",129268,35,15,10217,2024-0362,Contract,,,,,0,0,"AUTHORIZE the Chief Executive Officer to award a cost plus fixed fee Contract No. PS112435 to AECOM Technical Services, Inc. to provide as-needed Program Management Support Services (PMSS), and Design and Engineering Support Services (DESS) for Vehicle Engineering and Acquisition (VEA) to support the conversion of Metro’s bus fleet to Zero Emission Buses (ZEB) by 2030 in the not-to-exceed (NTE) amount of $8,399,421 for the five (5) year base term, and $5,668,871 for the three (3) one-year option"
2898,2024-07-18,"Operations, Safety, and Customer Experience Committee",129269,34,14,10209,2024-0354,Contract,,,,,0,0,"AUTHORIZE the Chief Executive Officer to award a two-year, Indefinite Delivery / Indefinite Quantity (IDIQ) Contract No. MA103954-2000 to Cummins Inc., the lowest responsive and responsible bidder to supply Turbocharger Assemblies in the not-to-exceed (NTE) amount of $1,624,966.51, inclusive of sales tax, and subject to the resolution of any properly submitted protest(s), if any."
2898,2024-07-18,"Operations, Safety, and Customer Experience Committee",129270,33,13,10205,2024-0350,Contract,,,,,0,0,"AUTHORIZE the Chief Executive Officer to award a two-year, Indefinite Delivery, Indefinite Quantity (IDIQ) Contract No. MA120707 to Gillig LLC, the lowest responsive and responsible bidder for bus operator seat assemblies in a not-to-exceed (NTE) amount of $1,260,596, inclusive of sales tax, and subject to the resolution of any properly submitted protest(s), if any."
2898,2024-07-18,"Operations, Safety, and Customer Experience Committee",129271,32,12,10247,2024-0392,Informational Report,,,,,0,0,RECOGNIZE Operations Employees of the Month.
2898,2024-07-18,"Operations, Safety, and Customer Experience Committee",129272,,25,,,,,,,,0,0,
2898,2024-07-18,"Operations, Safety, and Customer Experience Committee",129281,,18,,,,,,,,0,0,page break
2898,2024-07-18,"Operations, Safety, and Customer Experience Committee",129282,,22,,,,,,,,0,0,page break
2899,2024-07-25,Board of Directors - Regular Board Meeting,129287,,9,,,,,,,,0,0,page break
2899,2024-07-25,Board of Directors - Regular Board Meeting,129288,,10,,,,,,,,0,0,CALL TO ORDER
2899,2024-07-25,Board of Directors - Regular Board Meeting,129289,,11,,,,,,,,1,0,ROLL CALL
2899,2024-07-25,Board of Directors - Regular Board Meeting,129290,1,12,,,,,,,,0,0,"APPROVE Consent Calendar Items: 2, 6, 7, 8, 10, 12, 13, 14, 19, 23, 24, 25, 26, and 30.

Consent Calendar items are approved by one motion unless held by a Director for discussion and/or separate action.

All Consent Calendar items are listed at the end of the agenda, beginning on page 15."
2899,2024-07-25,Board of Directors - Regular Board Meeting,129291,,44,,,,,,,,0,0,"CONSENT CALENDAR - ITEMS 2, 6, 7, 8, 10, 12, 13, 14, 19, 23, 24, 25, 26, and 30"
2899,2024-07-25,Board of Directors - Regular Board Meeting,129441,,78,10343,2024-0488,Informational Report,,,,,0,0,RECEIVE General Public Comment
2899,2024-07-25,Board of Directors - Regular Board Meeting,129442,,79,,,,,,,,0,0,"Consideration of items not on the posted agenda, including: items to be presented and (if requested) referred to staff; items to be placed on the agenda for action at a future meeting of the Committee or Board; and/or items requiring immediate action because of an emergency situation or where the need to take immediate action came to the attention of the Committee subsequent to the posting of the agenda."
2899,2024-07-25,Board of Directors - Regular Board Meeting,129443,,80,,,,,,,,0,0,COMMENTS FROM THE PUBLIC ON ITEMS OF PUBLIC INTEREST WITHIN COMMITTEE’S SUBJECT MATTER JURISDICTION
2899,2024-07-25,Board of Directors - Regular Board Meeting,129444,,81,,,,,,,,0,0,Adjournment
2899,2024-07-25,Board of Directors - Regular Board Meeting,129445,,8,,,,,,,,0,0,"Written public comments must be received by 5PM the day before the meeting.
Please include the Item # in your comment and your position of “FOR,” “AGAINST,” ""GENERAL COMMENT,"" or ""ITEM NEEDS MORE CONSIDERATION.""
Email: BoardClerk@metro.net
Post Office Mail:
Board Administration
One Gateway Plaza
MS: 99-3-1
Los Angeles, CA 90012"
2899,2024-07-25,Board of Directors - Regular Board Meeting,129446,,7,,,,,,,,0,0,Written Public Comment Instruction:
2899,2024-07-25,Board of Directors - Regular Board Meeting,129447,,6,,,,,,,,0,0,Los comentarios del público se tomaran cuando se toma cada tema. Para dar un comentario público sobre una tema ingrese # 2 (Tecla de numero y dos) cuando se le solicite. Tenga en cuenta que la transmisión de video en vivo se retrasa unos 30 segundos con respecto a la reunión real. No hay retraso en la línea de acceso telefónico para comentarios públicos.
2899,2024-07-25,Board of Directors - Regular Board Meeting,129448,,5,,,,,,,,0,0,"Los comentarios publicos en vivo se pueden dar por telefono o en persona.

La Reunion de la Junta comienza a las 10:00 AM, hora del Pacifico, el 25 de Julio de 2024. Puedes unirte a la llamada 5 minutos antes del comienso de la junta.

Marque: 202-735-3323 y ingrese el codigo
Codigo de acceso en ingles: 5647249#
Codigo de acceso en espanol: 7292892#"
2899,2024-07-25,Board of Directors - Regular Board Meeting,129449,,4,,,,,,,,0,0,Instrucciones para comentarios publicos en vivo:
2899,2024-07-25,Board of Directors - Regular Board Meeting,129450,,3,,,,,,,,0,0,"Public comment will be taken as the Board takes up each item. To give public comment on an item, enter #2 (pound-two) when prompted. Please note that the live video feed lags about 30 seconds behind the actual meeting. There is no lag on the public comment dial-in line."
2899,2024-07-25,Board of Directors - Regular Board Meeting,129451,,2,,,,,,,,0,0,"Live public comment can be given by telephone or in-person.

The Meeting begins at 10:00 AM Pacific Time on July 25, 2024; you may join the call 5 minutes prior to the start of the meeting.

Dial-in: 202-735-3323 and enter
English Access Code: 5647249#
Spanish Access Code: 7292892#"
2899,2024-07-25,Board of Directors - Regular Board Meeting,129452,,1,,,,,,,,0,0,Live Public Comment Instructions:
2899,2024-07-25,Board of Directors - Regular Board Meeting,129453,,14,,,,,,,,0,0,NON-CONSENT
2899,2024-07-25,Board of Directors - Regular Board Meeting,129454,,41,,,,,,,,0,0,END OF NON-CONSENT
2899,2024-07-25,Board of Directors - Regular Board Meeting,129456,44,31,10287,2024-0432,Policy,APPROVED,Pass,Ara J. Najarian,Tim Sandoval,0,0,"CONSIDER:

A.	HOLDING a public hearing on the proposed Resolutions of Necessity; and 

B.	ADOPTING the Resolutions of Necessity authorizing the commencement of   eminent domain actions to acquire fee simple interest, improvements pertaining to realty, and leasehold improvements (Property Interests) for the properties as identified in Attachment A and described as follows: 

1.	14546 Raymer St., Van Nuys, CA, APN: 2210-030-029; ESFV-E-004-1

2.	14617 Keswick St., Van Nuys, CA, APN: 2210-030-024; "
2899,2024-07-25,Board of Directors - Regular Board Meeting,129457,43,30,10294,2024-0439,Policy,APPROVED,Pass,Hilda L. Solis,James Butts,0,0,"RESCIND the Resolutions of Necessity (“RON’s”) previously adopted on August 25, 2022, which authorized the commencement of eminent domain actions to acquire certain partial permanent and temporary property rights (“Property Interests”) in the Canoga Park properties listed along the Metro G Line in the table below as follows:

A.	Property: 21339 Saticoy St., Canoga Park, CA 91304 
·	APN: 2109-031-017 (MOL-004)
·	Property Owner: Astra Holding, Inc a California Corporation
·	Property Interests"
2899,2024-07-25,Board of Directors - Regular Board Meeting,129458,4,16,10341,2024-0486,Oral Report / Presentation,RECEIVED,Pass,,,0,0,RECEIVE report by the Chief Executive Officer.
2899,2024-07-25,Board of Directors - Regular Board Meeting,129459,3,15,10340,2024-0485,Oral Report / Presentation,RECEIVED,Pass,,,0,0,RECEIVE remarks by the Chair.
2899,2024-07-25,Board of Directors - Regular Board Meeting,129461,2,45,10342,2024-0487,Minutes,APPROVED,Pass,,,,1,"APPROVE Minutes of the Regular Board Meeting held June 27, 2024."
2899,2024-07-25,Board of Directors - Regular Board Meeting,129463,45,32,10292,2024-0437,Motion / Motion Response,APPROVED AS AMENDED,Pass,Lindsey Horvath,Tim Sandoval,0,0,"CONSIDER:

A.	RECEIVING AND FILING an update on strategies to improve safety for Metro riders and employees, including costs and implementation timelines, in response to Motion 34.1;

B.	ESTABLISHING a Life-of-Project (LOP) budget in an amount not-to-exceed $65.1 million for the implementation of Enhanced Access Control strategies, to include:

1.	Expansion of the TAP-to-Exit pilot from one end-of-line station to all 10 end-of-line stations;
2.	Expansion of the Elevator Open-Door pilot fr"
2899,2024-07-25,Board of Directors - Regular Board Meeting,129464,47,35,10318,2024-0463,Informational Report,RECEIVED AND FILED,Pass,,,0,0,RECEIVE AND FILE an update on the Low Income Fare is Easy (LIFE) Program in response to Board Motion 22 Bridge to Fareless Transit (Attachment A).
2899,2024-07-25,Board of Directors - Regular Board Meeting,129466,,43,,,,,,,,0,0,page break
2899,2024-07-25,Board of Directors - Regular Board Meeting,129469,5,18,10084,2024-0229,Program,APPROVED AS AMENDED,Pass,Ara J. Najarian,Kathryn Barger,0,0,"CONSIDER:

A.	APPROVING $33,688,564 in additional programming within the capacity of Measure R Multimodal Highway Subregional Programs and funding changes via the updated project list shown in Attachment A. Projects within this Measure R Multimodal Highway Subregional Program are inclusive of traffic signal, pedestrian, bicycle, transit, and roadway improvements; 

B.	APPROVING the deobligation of $1,800,000 in previously approved Measure R Multimodal Highway Subregional Program funds for re"
2899,2024-07-25,Board of Directors - Regular Board Meeting,129470,,17,,,,,,,,0,0,PLANNING AND PROGRAMMING COMMITTEE MADE THE FOLLOWING RECOMMENDATION AS AMENDED (5-0):
2899,2024-07-25,Board of Directors - Regular Board Meeting,129471,23,66,10263,2024-0408,Program,APPROVED ON CONSENT CALENDAR,Pass,,,,0,"AUTHORIZE the Chief Executive Officer to execute Modification No. 3 to Contract No. PS133590000 with U.S. Bank N.A. in the amount of $500,000 to continue to provide custodial banking services, increasing the contract value from $1,100,370 to $1,600,370 and extending the period of performance from December 31, 2024 to March 31, 2025."
2899,2024-07-25,Board of Directors - Regular Board Meeting,129472,,58,,,,,,,,0,0,CONSTRUCTION COMMITTEE MADE THE FOLLOWING RECOMMENDATION (3-0):
2899,2024-07-25,Board of Directors - Regular Board Meeting,129473,12,57,10228,2024-0373,Contract,APPROVED ON CONSENT CALENDAR,Pass,,,,0,"AUTHORIZE the Chief Executive Officer to:

A.	AWARD a cost plus fixed fee Contract No. AE120356 to HDR Engineering, Inc. for Supplemental Engineering Services for Engineering Design of Transit Rail Projects on a task order basis, in an amount not to exceed $50,000,000 for the base three-year term, and $10,000,000 for each of the two, one-year options, for a total contract value not to exceed $70,000,000, subject to resolution of any protest(s), if any; and 

B.	ISSUE individual Task Orders and m"
2899,2024-07-25,Board of Directors - Regular Board Meeting,129474,,56,,,,,,,,0,0,CONSTRUCTION COMMITTEE MADE THE FOLLOWING RECOMMENDATION (3-0):
2899,2024-07-25,Board of Directors - Regular Board Meeting,129475,10,55,10285,2024-0430,Budget,ADOPTED,Pass,,,,1,AUTHORIZE the Chief Executive Officer to execute the FY25 Annual Work Plan Budget for the City of Los Angeles (Attachment A).
2899,2024-07-25,Board of Directors - Regular Board Meeting,129476,,54,,,,,,,,0,0,CONSTRUCTION COMMITTEE MADE THE FOLLOWING RECOMMENDATION (4-0):
2899,2024-07-25,Board of Directors - Regular Board Meeting,129477,7,50,10133,2024-0278,Program,APPROVED,Pass,,,,1,"CONSIDER: 

A.	APPROVING the list of new eligible SR-710 North Mobility Improvement Projects (MIP) recommended for Board approval in Attachment A; 
 
B.	AUTHORIZING the Chief Executive Officer or their designee to: 
 
1.	REALLOCATE funds from MIPs withdrawn by Alhambra and Los Angeles (LA City) shown in Attachment B (Proposed Updated MIP List) to fund new eligible projects recommended for Board approval in Attachment A; 

2.	TRANSFER the project sponsorship and implementation of the Los Angeles "
2899,2024-07-25,Board of Directors - Regular Board Meeting,129478,,49,,,,,,,,0,0,PLANNING AND PROGRAMMING COMMITTEE MADE THE FOLLOWING RECOMMENDATION (5-0):
2899,2024-07-25,Board of Directors - Regular Board Meeting,129479,,46,,,,,,,,0,0,PLANNING AND PROGRAMMING COMMITTEE MADE THE FOLLOWING RECOMMENDATION (5-0):
2899,2024-07-25,Board of Directors - Regular Board Meeting,129480,6,47,10026,2024-0171,Program,APPROVED,Pass,,,,1,"CONSIDER:

A.	REPROGRAMMING of Measure M Metro Active Transport, Transit and First/Last Mile (MAT) projects as shown in Attachment A;

B.	DELEGATING the Chief Executive Officer (CEO) or their designee the authority to:

1.	Amend Measure M MAT funding agreements to modify the scope of work of projects and project development phases consistent with eligibility requirements; and

2.	Administratively extend funding agreement lapse dates for Measure M MAT funding agreements to meet environmental, des"
2899,2024-07-25,Board of Directors - Regular Board Meeting,129481,8,53,10186,2024-0331,Program,APPROVED,Pass,,,,1,"CONSIDER:

A.	APPROVING the recommended Access for All Program funding award to ButterFLi Technologies, Inc. totaling $1,584,814 (Attachment A); and

B.	AUTHORIZING the Chief Executive Officer (CEO), or their designee, to negotiate and execute funding agreements with the entities receiving awards."
2899,2024-07-25,Board of Directors - Regular Board Meeting,129482,,52,,,,,,,,0,0,PLANNING AND PROGRAMMING COMMITTEE MADE THE FOLLOWING RECOMMENDATION (5-0):
2899,2024-07-25,Board of Directors - Regular Board Meeting,129483,,65,,,,,,,,0,0,"FINANCE, BUDGET, AND AUDIT COMMITTEE MADE THE FOLLOWING RECOMMENDATION (3-0):"
2899,2024-07-25,Board of Directors - Regular Board Meeting,129484,19,64,10260,2024-0405,Contract,APPROVED,Pass,,,,1,"AUTHORIZE the Chief Executive Officer to execute Modification No. 6 to Contract No. PS60564000B with International Institute of Los Angeles (IILA) for Low Income Fare is Easy (LIFE) Program Administrator Services to include the Southwest, Southeast and Northwest service regions of Los Angeles County, in the amount of $984,603, increasing the total contract value from $ 2,792,333 to $3,776,936 and extending the period of performance from September 30, 2024 to December 31, 2024."
2899,2024-07-25,Board of Directors - Regular Board Meeting,129485,,63,,,,,,,,0,0,"FINANCE, BUDGET, AND AUDIT COMMITTEE MADE THE FOLLOWING RECOMMENDATION (4-0):"
2899,2024-07-25,Board of Directors - Regular Board Meeting,129487,,60,,,,,,,,0,0,CONSTRUCTION COMMITTEE MADE THE FOLLOWING RECOMMENDATION (4-0):
2899,2024-07-25,Board of Directors - Regular Board Meeting,129488,13,59,10268,2024-0413,Project,,,,,0,0,"AUTHORIZE the Chief Executive Officer (CEO) to execute Modification No. 8 to Contract No. AE51242000 with Cordoba HNTB Design Partners, a Joint Venture, in the amount of $74,869,029 to advance to 30% Preliminary Engineering (PE) for the Initial Operating Segment (IOS), increasing the contract value from $35,514,357 to $110,383,386 and extending the period of performance from December 31, 2024, to August 30, 2026."
2899,2024-07-25,Board of Directors - Regular Board Meeting,129491,26,74,10262,2024-0407,Program,APPROVED,Pass,,,,1,"CONSIDER:

A.	AUTHORIZING AND DELEGATING authority to the Chief Executive Officer (CEO) or their designee to negotiate and execute all necessary agreements and amendments to enter into a direct loan for a not to exceed disbursement amount of $160,950,000 to be repaid with interest between the Los Angeles County Metropolitan Transportation Authority (Metro) and the San Gabriel Valley Council of Governments (SGVCOG) to fund the Alameda Corridor-East (ACE) Project and the I-605/Valley Boulevard Int"
2899,2024-07-25,Board of Directors - Regular Board Meeting,129492,,73,,,,,,,,0,0,"FINANCE, BUDGET, AND AUDIT COMMITTEE MADE THE FOLLOWING RECOMMENDATION (4-0):"
2899,2024-07-25,Board of Directors - Regular Board Meeting,129493,25,71,10100,2024-0245,Program,APPROVED,Pass,,,,1,"AUTHORIZE the Chief Executive Officer to negotiate and purchase a cybersecurity liability insurance policy with up to $50 million in limits at a cost not to exceed $3.850 million for the 12-month period effective September 1, 2024, to September 1, 2025."
2899,2024-07-25,Board of Directors - Regular Board Meeting,129494,,70,,,,,,,,0,0,"FINANCE, BUDGET, AND AUDIT COMMITTEE MADE THE FOLLOWING RECOMMENDATION (3-0):"
2899,2024-07-25,Board of Directors - Regular Board Meeting,129495,24,69,10101,2024-0246,Agreement,APPROVED,Pass,,,,1,"AUTHORIZE the Chief Executive Officer (CEO), or their designee, to execute the First Amendment to the Lease Agreement (First Amendment) or any other documents with DWF V Wilshire/ Vermont LP, (Lessor), to extend the lease by five years (First Option) commencing September 1, 2024, for the Metro Customer Center located at 3183 Wilshire Boulevard, Suite 174 (Site) in Los Angeles consisting of 2,469 square feet at a rate of approximately $10,001.93 per month for a total of $600,115.80 over the First"
2899,2024-07-25,Board of Directors - Regular Board Meeting,129496,,68,,,,,,,,0,0,"FINANCE, BUDGET, AND AUDIT COMMITTEE MADE THE FOLLOWING RECOMMENDATION (4-0):"
2899,2024-07-25,Board of Directors - Regular Board Meeting,129499,,77,,,,,,,,0,0,
2899,2024-07-25,Board of Directors - Regular Board Meeting,129500,30,76,9333,2023-0255,Plan,APPROVED,Pass,,,,1,"ADOPT the staff recommendation for the official and operational station name for the City of LA station on Metro Rail’s Purple (D Line) Extension Section 2:
·	Official Station Name: Century City
o	Operational Station Name: Century City"
2899,2024-07-25,Board of Directors - Regular Board Meeting,129501,,75,,,,,,,,0,0,EXECUTIVE MANAGEMENT COMMITTEE MADE THE FOLLOWING RECOMMENDATION (3-0):
2899,2024-07-25,Board of Directors - Regular Board Meeting,129502,27,20,10308,2024-0453,Federal Legislation / State Legislation (Position),ADOPTED AS AMENDED,Pass,Tim Sandoval,Hilda L. Solis,0,0,"RECEIVE AND FILE July 2024 State and Federal Legislative Report.

HAHN, BASS, SOLIS, BARGER, DUTRA, AND SANDOVAL AMENDMENT: We move to reaffirm the Board’s previous position that the remaining outstanding $500 million in SB 125 funding designated for our region will be distributed as follows:

·	$298 million for the Gold Line Foothill Extension to Montclair; and

·	$202 million for the Southeast Gateway Line."
2899,2024-07-25,Board of Directors - Regular Board Meeting,129503,,19,,,,,,,,0,0,EXECUTIVE MANAGEMENT COMMITTEE RECEIVED AND FILED THE JULY 2024 STATE AND FEDERAL LEGISLATIVE REPORT AND RECOMMENDED THE FOLLOWING AMENDMENT (4-0):
2899,2024-07-25,Board of Directors - Regular Board Meeting,129507,39,29,10240,2024-0385,Contract,APPROVED,Pass,Hilda L. Solis,Fernando Dutra,0,0,"AUTHORIZE the Chief Executive Officer to execute Contract Modification No. 3 to Contract No. OP729180008370 with Link-Nilsen Corp, for Fire-Life Safety Systems Testing, Repair and Certification Services, to exercise the one, two-year option in the not-to-exceed (NTE) amount of $1,990,280, and adding testing locations in the NTE amount of $702,452, increasing the total contract NTE amount from $3,911,744 to $6,604,476, inclusive of the option term, and extending the period of performance from Sep"
2899,2024-07-25,Board of Directors - Regular Board Meeting,129508,38,27,10068,2024-0213,Budget,ADOPTED,Pass,Tim Sandoval,Fernando Dutra,0,0,"AUTHORIZE the Chief Executive Officer to amend the Fiscal Year 2025 (FY25) Budget and add 27 positions as shown below: 

A.	ADD five non-contract positions for the System Security and Law Enforcement, Information and Technology Services, and the Operations department to manage/perform the day-to-day emergency, security, physical security, and cyber security operations, as well as manage facilities staff to support maintenance/custodial activities within the facility; and 

B.	ADD 22 contract pos"
2899,2024-07-25,Board of Directors - Regular Board Meeting,129509,37,26,10067,2024-0212,Budget,ADOPTED,Pass,Hilda L. Solis,James Butts,0,0,"AUTHORIZE the Chief Executive Officer to amend the FY25 Budget to add 108 Full-Time Equivalent (FTE) positions, as shown below: 

A.	ADD seven (7) non-contract positions to manage customer experience programs, facility maintenance contracts, and provide administrative/financial support; and

B.	ADD 101 contract positions to provide daily revenue service as well as supervise, perform ongoing building maintenance, daily security, daily cleaning, custodial work, and customer service in support "
2899,2024-07-25,Board of Directors - Regular Board Meeting,129510,36,24,10230,2024-0375,Budget,ADOPTED AS AMENDED,Pass,Jacquelyn Dupont-Walker,Holly J. Mitchell,0,0,"ESTABLISH a Life of Project (LOP) Budget of $65,350,000 for the Metro A, B, and D Lines Communication Transmission System Upgrade Project 205692.

DUPONT-WALKER, MITCHELL, AND BUTTS AMENDMENT: WE THEREFORE MOVE to amend Item 36 directing the Metro CEO to:

A.	Report back by October 2024 on the feasibility of identifying areas along the public right-of-way where open access leasable fiber could be accessed at Metro’s Communications Equipment Rooms by City and County agencies.

B.	If feasible, inc"
2899,2024-07-25,Board of Directors - Regular Board Meeting,129511,35,23,10217,2024-0362,Contract,APPROVED,Pass,James Butts,Hilda L. Solis,0,0,"AUTHORIZE the Chief Executive Officer to award a cost plus fixed fee Contract No. PS112435 to AECOM Technical Services, Inc. to provide as-needed Program Management Support Services (PMSS), and Design and Engineering Support Services (DESS) for Vehicle Engineering and Acquisition (VEA) to support the conversion of Metro’s bus fleet to Zero Emission Buses (ZEB) by 2030 in the not-to-exceed (NTE) amount of $8,399,421 for the five (5) year base term, and $5,668,871 for the three (3) one-year option"
2899,2024-07-25,Board of Directors - Regular Board Meeting,129512,34,22,10209,2024-0354,Contract,APPROVED,Pass,Hilda L. Solis,Jacquelyn Dupont-Walker,0,0,"AUTHORIZE the Chief Executive Officer to award a two-year, Indefinite Delivery / Indefinite Quantity (IDIQ) Contract No. MA103954-2000 to Cummins Inc., the lowest responsive and responsible bidder to supply Turbocharger Assemblies in the not-to-exceed (NTE) amount of $1,624,966.51, inclusive of sales tax, and subject to the resolution of any properly submitted protest(s), if any."
2899,2024-07-25,Board of Directors - Regular Board Meeting,129513,33,21,10205,2024-0350,Contract,APPROVED,Pass,Hilda L. Solis,James Butts,0,0,"AUTHORIZE the Chief Executive Officer to award a two-year, Indefinite Delivery, Indefinite Quantity (IDIQ) Contract No. MA120707 to Gillig LLC, the lowest responsive and responsible bidder for bus operator seat assemblies in a not-to-exceed (NTE) amount of $1,260,596, inclusive of sales tax, and subject to the resolution of any properly submitted protest(s), if any."
2899,2024-07-25,Board of Directors - Regular Board Meeting,129514,49,38,10352,2024-0497,Motion / Motion Response,APPROVED,Pass,Jacquelyn Dupont-Walker,Holly J. Mitchell,0,0,"APPROVE Motion by Mitchell, Sandoval, Solis, Najarian, Dupont-Walker, and Bass that the Board direct the Chief Executive Officer to:

A.	Include social benefit cards as fare media as part of Phase II account-based system launch of TAP Plus. If unable to implement as part of Phase II launch, report to the Board on reasons for the delay.

B.	Coordinate with relevant federal, state, and County agencies, such as the Los Angeles County Department of Public Social Services, to make necessary technical"
2899,2024-07-25,Board of Directors - Regular Board Meeting,129515,,36,,,,,,,,0,0,(CARRIED OVER FROM JUNE REGULAR BOARD MEETING)
2899,2024-07-25,Board of Directors - Regular Board Meeting,129516,,39,,,,,,,,0,0,(CARRIED OVER FROM JUNE REGULAR BOARD MEETING)
2899,2024-07-25,Board of Directors - Regular Board Meeting,129518,46,34,10355,2024-0500,Motion / Motion Response,APPROVED,Pass,Hilda L. Solis,Lindsey Horvath,0,0,"APPROVE Motion by Hahn, Barger, Horvath, Najarian, Butts, and Yaroslavsky that the Board direct the Chief Executive Officer to report back by October 2024 on efforts to improve and/or replace the Metro Transit Watch App, including ways to:

·	Increase awareness of and access to the app on Metro buses and trains,

·	Improve user-friendliness for a more intuitive app; and

·	Elevate elements of the app relating to rider experience like cleanliness, graffiti, and other concerns that extend beyond p"
2899,2024-07-25,Board of Directors - Regular Board Meeting,129519,48,37,10354,2024-0499,Motion / Motion Response,APPROVED AS AMENDED,Pass,Hilda L. Solis,Fernando Dutra,0,0,"APPROVE Motion by Mitchell, Bass, Dutra, Sandoval, Solis, and Dupont-Walker that the Board direct the Chief Executive Officer to:

A.	Conduct a survey among past and current LIFE participants to identify the greatest barriers and opportunities to increasing utilization of LIFE benefits. 

B.	Report back in March 2025 with a presentation on the survey’s key findings, an analysis of utilization data, and proposed plan for increasing utilization, including any programmatic adjustments based on the "
2899,2024-07-25,Board of Directors - Regular Board Meeting,129520,,13,,,,,,,,0,0,
2899,2024-07-25,Board of Directors - Regular Board Meeting,129521,50,40,10348,2024-0493,Policy,APPROVED,Pass,,,0,0,"AUTHORIZE the Chief Executive Officer to:

A.	EXECUTE a successor collective bargaining agreement with the Amalgamated Transit Union (ATU) Local 1277, effective July 1, 2024; and

B.	AMEND the FY25 budget in the amount of $35.6 million for the implementation for the wage and benefit changes for the approval of the final collective bargaining agreement."
2899,2024-07-25,Board of Directors - Regular Board Meeting,129522,,25,,,,,,,,0,0,page break
2899,2024-07-25,Board of Directors - Regular Board Meeting,129523,,28,,,,,,,,0,0,page break
2899,2024-07-25,Board of Directors - Regular Board Meeting,129524,,33,,,,,,,,0,0,page break
2899,2024-07-25,Board of Directors - Regular Board Meeting,129525,,48,,,,,,,,0,0,page break
2899,2024-07-25,Board of Directors - Regular Board Meeting,129526,,51,,,,,,,,0,0,page break
2899,2024-07-25,Board of Directors - Regular Board Meeting,129527,,62,,,,,,,,0,0,page break
2899,2024-07-25,Board of Directors - Regular Board Meeting,129528,,67,,,,,,,,0,0,page break
2899,2024-07-25,Board of Directors - Regular Board Meeting,129529,,72,,,,,,,,0,0,page break
2899,2024-07-25,Board of Directors - Regular Board Meeting,129536,14,61,10178,2024-0323,Project,APPROVED,Pass,,,,1,"AUTHORIZE the Chief Executive Officer to:

A.	INCREASE the Board approved Preconstruction Budget for the East San Fernando Valley Light Rail Transit Project (Project) by $382,875,000 from $496,856,000 to $879,731,000; and

B.	NEGOTIATE AND EXECUTE all project-related agreements and modifications to existing contracts within the authorized Preconstruction Budget."
2899,2024-07-25,Board of Directors - Regular Board Meeting,129539,,,,,,APPROVED ON CONSENT CALENDAR,Pass,,,0,1,Approval of the Consent Agenda
2900,2024-10-23,Planning and Programming Committee,131755,,10,,,,,,,,0,0,CALL TO ORDER
2900,2024-10-23,Planning and Programming Committee,131756,,11,,,,,,,,0,0,ROLL CALL
2900,2024-10-23,Planning and Programming Committee,132054,,22,,,,,,,,0,0, 
2900,2024-10-23,Planning and Programming Committee,132055,,23,10804,2024-0949,Informational Report,,,,,0,0,RECEIVE General Public Comment
2900,2024-10-23,Planning and Programming Committee,132056,,24,,,,,,,,0,0,"Consideration of items not on the posted agenda, including: items to be presented and (if requested) referred to staff; items to be placed on the agenda for action at a future meeting of the Committee or Board; and/or items requiring immediate action because of an emergency situation or where the need to take immediate action came to the attention of the Committee subsequent to the posting of the agenda."
2900,2024-10-23,Planning and Programming Committee,132057,,25,,,,,,,,0,0,COMMENTS FROM THE PUBLIC ON ITEMS OF PUBLIC INTEREST WITHIN COMMITTEE’S SUBJECT MATTER JURISDICTION
2900,2024-10-23,Planning and Programming Committee,132058,,26,,,,,,,,0,0,Adjournment
2900,2024-10-23,Planning and Programming Committee,132086,,1,,,,,,,,0,0,Live Public Comment Instructions:
2900,2024-10-23,Planning and Programming Committee,132087,,9,,,,,,,,0,0,
2900,2024-10-23,Planning and Programming Committee,132088,,8,,,,,,,,0,0,"Written public comments must be received by 5PM the day before the meeting.
Please include the Item # in your comment and your position of “FOR,” “AGAINST,” ""GENERAL COMMENT,"" or ""ITEM NEEDS MORE CONSIDERATION.""
Email: BoardClerk@metro.net
Post Office Mail:
Board Administration
One Gateway Plaza
MS: 99-3-1
Los Angeles, CA 90012"
2900,2024-10-23,Planning and Programming Committee,132089,,7,,,,,,,,0,0,Written Public Comment Instruction:
2900,2024-10-23,Planning and Programming Committee,132090,,6,,,,,,,,0,0,Los comentarios del público se tomaran cuando se toma cada tema. Para dar un comentario público sobre una tema ingrese # 2 (Tecla de numero y dos) cuando se le solicite. Tenga en cuenta que la transmisión de video en vivo se retrasa unos 30 segundos con respecto a la reunión real. No hay retraso en la línea de acceso telefónico para comentarios públicos.
2900,2024-10-23,Planning and Programming Committee,132091,,5,,,,,,,,0,0,"Los comentarios publicos en vivo se pueden dar por telefono o en persona.

La Reunion de la Junta comienza a las 12:00 PM, hora del Pacifico, el 23 de Octubre de 2024. Puedes unirte a la llamada 5 minutos antes del comienso de la junta.

Marque: 202-735-3323 y ingrese el codigo
Codigo de acceso en ingles: 5647249#
Codigo de acceso en espanol: 7292892#"
2900,2024-10-23,Planning and Programming Committee,132092,,2,,,,,,,,0,0,"Live public comment can be given by telephone or in-person.

The Committee Meeting begins at 12:00 PM Pacific Time on October 23, 2024; you may join the call 5 minutes prior to the start of the meeting.

Dial-in: 202-735-3323 and enter
English Access Code: 5647249#
Spanish Access Code: 7292892#"
2900,2024-10-23,Planning and Programming Committee,132093,,4,,,,,,,,0,0,Instrucciones para comentarios publicos en vivo:
2900,2024-10-23,Planning and Programming Committee,132094,,3,,,,,,,,0,0,"Public comment will be taken as the Board takes up each item. To give public comment on an item, enter #2 (pound-two) when prompted. Please note that the live video feed lags about 30 seconds behind the actual meeting. There is no lag on the public comment dial-in line."
2900,2024-10-23,Planning and Programming Committee,133481,,21,,,,,,,,0,0,
2900,2024-10-23,Planning and Programming Committee,133482,15,19,10409,2024-0554,Informational Report,,,,,0,0,RECEIVE AND FILE Countywide Planning & Development Major Projects Status Report.
2900,2024-10-23,Planning and Programming Committee,133484,14,18,10232,2024-0377,Project,,,,,0,0,"CONSIDER:

A.	AUTHORIZING the Chief Executive Officer, or designee, to execute and enter into a Joint Development Agreement (JDA), ground lease (Ground Lease), and other related documents with East Los Angeles Community Corporation (ELACC) (Developer), for the construction and operation of an affordable housing project (Project) on two separate parcels, totaling approximately 33,000 square feet, of Metro-owned property located at the corner of Pennsylvania Avenue and North Vicente Fernández St"
2900,2024-10-23,Planning and Programming Committee,133485,13,16,10011,2024-0156,Plan,,,,,0,0,ADOPT the First/Last Mile Plan for the Eastside Transit Corridor Phase 2 Project (Attachment A).
2900,2024-10-23,Planning and Programming Committee,133486,12,15,10363,2024-0508,Contract,,,,,0,0,"AUTHORIZE the Chief Executive Officer to award a two-year firm, fixed price Contract No. PS120787000, to Kimley-Horn and Associates, Inc. for the Street Safety, Data Sharing, and Collaboration Action Plan in the amount of $1,108,043, subject to resolution of properly submitted protest(s), if any."
2900,2024-10-23,Planning and Programming Committee,133488,10,13,10673,2024-0818,Program,,,,,0,0,"CONSIDER:

A.	APPROVING programming an additional $17,369,862 within the capacity of Measure M Multi-Year Subregional Program (MSP) - Active Transportation 1st/Last Mile Connections Program (Expenditure Line 51), as shown in Attachment A; and

B.	AUTHORIZING the CEO or their designee to negotiate and execute all necessary agreements for approved projects."
2900,2024-10-23,Planning and Programming Committee,133489,9,12,10709,2024-0854,Oral Report / Presentation,,,,,0,0,"DEOBLIGATE $434,969.47 of previously approved MAT funding and returning those funds to the MAT Program."
2900,2024-10-23,Planning and Programming Committee,133490,,20,,,,,,,,0,0,
2900,2024-10-23,Planning and Programming Committee,133531,11,14,10392,2024-0537,Project,,,,,0,0,"AUTHORIZE the Chief Executive Officer (CEO) to negotiate and execute:

A.	Modification No. 4 to Contract No. AE64930000 for a Not-to-Exceed (NTE) amount of $2,300,000 with Connect Los Angeles Partners, Joint Venture (WSP USA Inc. and AECOM Technical Services, Inc.) to prepare additional technical environmental analysis and conceptual engineering to respond to public comments received on the Draft Environmental Impact Report (EIR) for the K Line Northern Extension Project and support future commu"
2900,2024-10-23,Planning and Programming Committee,134669,,17,,,,,,,,0,0,page break
2901,2024-09-18,Construction Committee,129925,,10,,,,,,,,0,0,CALL TO ORDER
2901,2024-09-18,Construction Committee,129926,,11,,,,,,,,0,0,ROLL CALL
2901,2024-09-18,Construction Committee,129927,10,12,10252,2024-0397,Contract,,,,,0,0,"AUTHORIZE the Chief Executive Officer to award a cost plus fixed fee Contract No. AE120406MC083, to Anser Advisory, to provide Construction Management Support Services for Battery Electric Bus (BEB) Charging Infrastructure Projects located at our bus operation divisions, transit centers, as well as opportunity chargers along current BEB routes for a term of 3 years at a not to exceed total contract value of $6,012,319, subject to the resolution of any properly submitted protest(s), if any."
2901,2024-09-18,Construction Committee,130172,13,15,10367,2024-0512,Contract,,,,,0,0,"CONSIDER:

A.	ESTABLISHING a Life-of-Project (LOP) budget for the G Line Improvements Project in the amount of $668,450,000; and

B.	AUTHORIZING the Chief Executive Officer to negotiate and execute project-related agreements, including Early Works Packages (EWPs), the Phase 2 Supplement and contract modifications, up to the authorized Life-of-Project budget."
2901,2024-09-18,Construction Committee,130173,,16,10398,2024-0543,Informational Report,,,,,0,0,RECEIVE General Public Comment
2901,2024-09-18,Construction Committee,130174,,17,,,,,,,,0,0,"Consideration of items not on the posted agenda, including: items to be presented and (if requested) referred to staff; items to be placed on the agenda for action at a future meeting of the Committee or Board; and/or items requiring immediate action because of an emergency situation or where the need to take immediate action came to the attention of the Committee subsequent to the posting of the agenda."
2901,2024-09-18,Construction Committee,130175,,18,,,,,,,,0,0,COMMENTS FROM THE PUBLIC ON ITEMS OF PUBLIC INTEREST WITHIN COMMITTEE’S SUBJECT MATTER JURISDICTION
2901,2024-09-18,Construction Committee,130176,,19,,,,,,,,0,0,Adjournment
2901,2024-09-18,Construction Committee,130177,,9,,,,,,,,0,0,page break
2901,2024-09-18,Construction Committee,130178,,8,,,,,,,,0,0,"Written public comments must be received by 5PM the day before the meeting.
Please include the Item # in your comment and your position of “FOR,” “AGAINST,” ""GENERAL COMMENT,"" or ""ITEM NEEDS MORE CONSIDERATION.""
Email: BoardClerk@metro.net
Post Office Mail:
Board Administration
One Gateway Plaza
MS: 99-3-1
Los Angeles, CA 90012"
2901,2024-09-18,Construction Committee,130179,,7,,,,,,,,0,0,Written Public Comment Instruction:
2901,2024-09-18,Construction Committee,130180,,6,,,,,,,,0,0,Los comentarios del público se tomaran cuando se toma cada tema. Para dar un comentario público sobre una tema ingrese # 2 (Tecla de numero y dos) cuando se le solicite. Tenga en cuenta que la transmisión de video en vivo se retrasa unos 30 segundos con respecto a la reunión real. No hay retraso en la línea de acceso telefónico para comentarios públicos.
2901,2024-09-18,Construction Committee,130181,,5,,,,,,,,0,0,"Los comentarios publicos en vivo se pueden dar por telefono o en persona.

La Reunion de la Junta comienza a las 1:00 PM, hora del Pacifico, el 18 de Septiembre de 2024. Puedes unirte a la llamada 5 minutos antes del comienso de la junta.

Marque: 202-735-3323 y ingrese el codigo
Codigo de acceso en ingles: 5647249#
Codigo de acceso en espanol: 7292892#"
2901,2024-09-18,Construction Committee,130182,,4,,,,,,,,0,0,Instrucciones para comentarios publicos en vivo:
2901,2024-09-18,Construction Committee,130183,,3,,,,,,,,0,0,"Public comment will be taken as the Board takes up each item. To give public comment on an item, enter #2 (pound-two) when prompted. Please note that the live video feed lags about 30 seconds behind the actual meeting. There is no lag on the public comment dial-in line."
2901,2024-09-18,Construction Committee,130184,,2,,,,,,,,0,0,"Live public comment can be given by telephone or in-person.

The Committee Meeting begins at 1:00 PM Pacific Time on September 18, 2024; you may join the call 5 minutes prior to the start of the meeting.

Dial-in: 202-735-3323 and enter
English Access Code: 5647249#
Spanish Access Code: 7292892#"
2901,2024-09-18,Construction Committee,130185,,1,,,,,,,,0,0,Live Public Comment Instructions:
2901,2024-09-18,Construction Committee,131686,12,14,10359,2024-0504,Informational Report,,,,,0,0,RECEIVE AND FILE status update on the Project Labor Agreement and Construction Careers Policy programs through the quarter ending June 2024.
2901,2024-09-18,Construction Committee,131687,11,13,10396,2024-0541,Budget,,,,,0,0,"CONSIDER:

A.	INCREASING the Life of Project Budget for the Metro Training & Innovation Center (Project) by $1,409,000, from $19,900,000 to $21,309,000; and

B.	AUTHORIZING the Chief Executive Officer to amend the FY25 Budget in the amount of $1,091,000 to fund operational costs for the Metro Training & Innovation Center."
2902,2024-09-18,Planning and Programming Committee,129618,,10,,,,,,,,0,0,CALL TO ORDER
2902,2024-09-18,Planning and Programming Committee,129619,,11,,,,,,,,0,0,ROLL CALL
2902,2024-09-18,Planning and Programming Committee,129620,5,12,10361,2024-0506,Program,,,,,0,0,"CONSIDER:

A.	APPROVING:

1.	Programming of an additional $11,164,810 within the capacity of Measure M Multi-Year Subregional Program (MSP) - Transportation System and Mobility Improvements Program (Expenditure Line 50), as shown in Attachment A;

2.	Programming of an additional $11,586,591 within the capacity of Measure M MSP - South Bay Highway Operational Improvements Program (Expenditure Line 63), as shown in Attachment B; 

3.	Programming of an additional $600,000 within the capacit"
2902,2024-09-18,Planning and Programming Committee,129911,9,17,10323,2024-0468,Project,,,,,0,0,"CONSIDER:

A.	AUTHORIZING the Chief Executive Officer (CEO) or designee to execute and enter into a Joint Development Agreement (JDA) with NOHO Development Associates, LLC, a Delaware limited liability company (Developer), an affiliate of Trammell Crow Company, and associated Ground Leases (Ground Leases) and other related documents with Developer or its affiliates or qualified transferees, for the construction and operation of a mixed-use project on up to 11.8 acres of Metro-owned property lo"
2902,2024-09-18,Planning and Programming Committee,129912,,18,10397,2024-0542,Informational Report,,,,,0,0,RECEIVE General Public Comment
2902,2024-09-18,Planning and Programming Committee,129913,,19,,,,,,,,0,0,"Consideration of items not on the posted agenda, including: items to be presented and (if requested) referred to staff; items to be placed on the agenda for action at a future meeting of the Committee or Board; and/or items requiring immediate action because of an emergency situation or where the need to take immediate action came to the attention of the Committee subsequent to the posting of the agenda."
2902,2024-09-18,Planning and Programming Committee,129914,,20,,,,,,,,0,0,COMMENTS FROM THE PUBLIC ON ITEMS OF PUBLIC INTEREST WITHIN COMMITTEE’S SUBJECT MATTER JURISDICTION
2902,2024-09-18,Planning and Programming Committee,129915,,21,,,,,,,,0,0,Adjournment
2902,2024-09-18,Planning and Programming Committee,129916,,7,,,,,,,,0,0,Written Public Comment Instruction:
2902,2024-09-18,Planning and Programming Committee,129917,,6,,,,,,,,0,0,Los comentarios del público se tomaran cuando se toma cada tema. Para dar un comentario público sobre una tema ingrese # 2 (Tecla de numero y dos) cuando se le solicite. Tenga en cuenta que la transmisión de video en vivo se retrasa unos 30 segundos con respecto a la reunión real. No hay retraso en la línea de acceso telefónico para comentarios públicos.
2902,2024-09-18,Planning and Programming Committee,129918,,5,,,,,,,,0,0,"Los comentarios publicos en vivo se pueden dar por telefono o en persona.

La Reunion de la Junta comienza a las 11:00 AM, hora del Pacifico, el 18 de Septiembre de 2024. Puedes unirte a la llamada 5 minutos antes del comienso de la junta.

Marque: 202-735-3323 y ingrese el codigo
Codigo de acceso en ingles: 5647249#
Codigo de acceso en espanol: 7292892#"
2902,2024-09-18,Planning and Programming Committee,129919,,4,,,,,,,,0,0,Instrucciones para comentarios publicos en vivo:
2902,2024-09-18,Planning and Programming Committee,129920,,3,,,,,,,,0,0,"Public comment will be taken as the Board takes up each item. To give public comment on an item, enter #2 (pound-two) when prompted. Please note that the live video feed lags about 30 seconds behind the actual meeting. There is no lag on the public comment dial-in line."
2902,2024-09-18,Planning and Programming Committee,129921,,2,,,,,,,,0,0,"Live public comment can be given by telephone or in-person.

The Committee Meeting begins at 11:00 AM Pacific Time on September 18, 2024; you may join the call 5 minutes prior to the start of the meeting.

Dial-in: 202-735-3323 and enter
English Access Code: 5647249#
Spanish Access Code: 7292892#"
2902,2024-09-18,Planning and Programming Committee,129922,,1,,,,,,,,0,0,Live Public Comment Instructions:
2902,2024-09-18,Planning and Programming Committee,129923,,8,,,,,,,,0,0,"Written public comments must be received by 5PM the day before the meeting.
Please include the Item # in your comment and your position of “FOR,” “AGAINST,” ""GENERAL COMMENT,"" or ""ITEM NEEDS MORE CONSIDERATION.""
Email: BoardClerk@metro.net
Post Office Mail:
Board Administration
One Gateway Plaza
MS: 99-3-1
Los Angeles, CA 90012"
2902,2024-09-18,Planning and Programming Committee,129924,,9,,,,,,,,0,0,page break
2902,2024-09-18,Planning and Programming Committee,131683,8,16,10365,2024-0510,Program,,,,,0,0,"CONSIDER:

A.	DEOBLIGATING $5.94 million of previously approved Call for Projects (Call) funding, as shown in Attachment A, and hold in RESERVE;

B.	APPROVING changes to the scope of work for: 

1.	City of Los Angeles - Last Mile Folding Bike Incentive Program (Call #F7707); 

2.	City of Los Angeles - Building Connectivity with Bicycle Friendly Business District (Call #F9803);

C.	AUTHORIZING the Chief Executive Officer (CEO) or their designee to negotiate and execute all necessary agr"
2902,2024-09-18,Planning and Programming Committee,131684,6,14,10328,2024-0473,Contract,,,,,0,0,"AUTHORIZE the Chief Executive Officer (CEO) to execute Modification No. 14 to Contract No. AE49337000 with Arcadis, A California Partnership (formerly IBI Group) in the amount of $3,158,761 for the optional task for preliminary engineering and to advance the design of curb extensions (bus bulbs) or boarding islands as part of the North San Fernando Valley (NSFV) Bus Rapid Transit (BRT) Corridor Project, increasing the contract value from $5,683,973 to $8,842,734, and extend the period of perform"
2902,2024-09-18,Planning and Programming Committee,131685,7,15,10634,2024-0779,Program,,,,,0,0,"CONSIDER: 

A.	​​APPROVING $5,000,000 in additional programming for two City of Glendale projects within the Arroyo Verdugo subregion as shown in Attachment A; and  
​
B.	​AUTHORIZING the CEO or their designee to negotiate and execute all necessary agreements for the Board-approved projects. ​"
2902,2024-09-18,Planning and Programming Committee,131710,,13,,,,,,,,0,0,page break
2904,2024-09-19,"Finance, Budget and Audit Committee",130186,,10,,,,,,,,0,0,CALL TO ORDER
2904,2024-09-19,"Finance, Budget and Audit Committee",130187,,11,,,,,,,,0,0,ROLL CALL
2904,2024-09-19,"Finance, Budget and Audit Committee",130188,17,16,10210,2024-0355,Ordinance / Administrative Code,,,,,0,0,"CONSIDER:

A.	ADOPTING an amendment to Metro’s Administrative Code Chapter 4-05 to replace the existing contractor pre-qualification language with Attachment A of this Board Report; effective January 1, 2025; and

B.	RECEIVING AND FILING streamlining initiatives, including electronic signature deployment for procurement contracts and purchase orders."
2904,2024-09-19,"Finance, Budget and Audit Committee",130423,,18,10399,2024-0544,Informational Report,,,,,0,0,RECEIVE General Public Comment
2904,2024-09-19,"Finance, Budget and Audit Committee",130424,,19,,,,,,,,0,0,"Consideration of items not on the posted agenda, including: items to be presented and (if requested) referred to staff; items to be placed on the agenda for action at a future meeting of the Committee or Board; and/or items requiring immediate action because of an emergency situation or where the need to take immediate action came to the attention of the Committee subsequent to the posting of the agenda."
2904,2024-09-19,"Finance, Budget and Audit Committee",130425,,20,,,,,,,,0,0,COMMENTS FROM THE PUBLIC ON ITEMS OF PUBLIC INTEREST WITHIN COMMITTEE’S SUBJECT MATTER JURISDICTION
2904,2024-09-19,"Finance, Budget and Audit Committee",130426,,21,,,,,,,,0,0,Adjournment
2904,2024-09-19,"Finance, Budget and Audit Committee",130427,,9,,,,,,,,0,0,page break
2904,2024-09-19,"Finance, Budget and Audit Committee",130428,,8,,,,,,,,0,0,"Written public comments must be received by 5PM the day before the meeting.
Please include the Item # in your comment and your position of “FOR,” “AGAINST,” ""GENERAL COMMENT,"" or ""ITEM NEEDS MORE CONSIDERATION.""
Email: BoardClerk@metro.net
Post Office Mail:
Board Administration
One Gateway Plaza
MS: 99-3-1
Los Angeles, CA 90012"
2904,2024-09-19,"Finance, Budget and Audit Committee",130429,,7,,,,,,,,0,0,Written Public Comment Instruction:
2904,2024-09-19,"Finance, Budget and Audit Committee",130430,,6,,,,,,,,0,0,Los comentarios del público se tomaran cuando se toma cada tema. Para dar un comentario público sobre una tema ingrese # 2 (Tecla de numero y dos) cuando se le solicite. Tenga en cuenta que la transmisión de video en vivo se retrasa unos 30 segundos con respecto a la reunión real. No hay retraso en la línea de acceso telefónico para comentarios públicos.
2904,2024-09-19,"Finance, Budget and Audit Committee",130431,,5,,,,,,,,0,0,"Los comentarios publicos en vivo se pueden dar por telefono o en persona.

La Reunion de la Junta comienza a las 10:00 AM, hora del Pacifico, el 19 de Septiembre de 2024. Puedes unirte a la llamada 5 minutos antes del comienso de la junta.

Marque: 202-735-3323 y ingrese el codigo
Codigo de acceso en ingles: 5647249#
Codigo de acceso en espanol: 7292892#"
2904,2024-09-19,"Finance, Budget and Audit Committee",130432,,4,,,,,,,,0,0,Instrucciones para comentarios publicos en vivo:
2904,2024-09-19,"Finance, Budget and Audit Committee",130433,,3,,,,,,,,0,0,"Public comment will be taken as the Board takes up each item. To give public comment on an item, enter #2 (pound-two) when prompted. Please note that the live video feed lags about 30 seconds behind the actual meeting. There is no lag on the public comment dial-in line."
2904,2024-09-19,"Finance, Budget and Audit Committee",130434,,2,,,,,,,,0,0,"Live public comment can be given by telephone or in-person.

The Committee Meeting begins at 10:00 AM Pacific Time on September 19, 2024; you may join the call 5 minutes prior to the start of the meeting.

Dial-in: 202-735-3323 and enter
English Access Code: 5647249#
Spanish Access Code: 7292892#"
2904,2024-09-19,"Finance, Budget and Audit Committee",130435,,1,,,,,,,,0,0,Live Public Comment Instructions:
2904,2024-09-19,"Finance, Budget and Audit Committee",131688,16,14,10378,2024-0523,Contract,,,,,0,0,"AUTHORIZE the Chief Executive Officer (CEO) to renew existing group insurance policies covering Non-Contract and AFSCME employees, including long-term disability coverage for Teamster employees, and life insurance for all full-time Metro employees, for the one-year period beginning January 1, 2025."
2904,2024-09-19,"Finance, Budget and Audit Committee",131689,15,13,10377,2024-0522,Informational Report,,,,,0,0,"RECEIVE AND FILE Office of the Inspector General (OIG) Final Report on the Statutorily Mandated Audit of Miscellaneous Expenses for the Period of October 1, 2023 to December 31, 2023."
2904,2024-09-19,"Finance, Budget and Audit Committee",131690,14,12,10304,2024-0449,Informational Report,,,,,0,0,RECEIVE AND FILE the Management Audit Services (MAS) FY 2024 Fourth Quarter and cumulative FY 2024 year-end report.
2904,2024-09-19,"Finance, Budget and Audit Committee",131708,18,17,10289,2024-0434,Resolution,,,,,0,0,"CONSIDER:

A.	ADOPTING a Resolution, Attachment A (“Resolution”), that authorizes the issuance and sale of up to $500 million in aggregate principal amount of Measure R Senior Sales Tax Revenue Refunding Bonds in one or more series and taking all other actions necessary in connection with the issuance of the refunding bonds (“Refunding Bonds”); and

B.	ESTABLISHING an underwriter pool as shown in Attachment B that will be used to select underwriters for all future negotiated debt issues through "
2904,2024-09-19,"Finance, Budget and Audit Committee",131712,,15,,,,,,,,0,0,page break
2905,2024-09-19,Executive Management Committee,130436,,10,,,,,,,,0,0,CALL TO ORDER
2905,2024-09-19,Executive Management Committee,130437,,11,,,,,,,,0,0,ROLL CALL
2905,2024-09-19,Executive Management Committee,130438,,12,10373,2024-0518,Contract,,,,,0,0,"AUTHORIZE the Chief Executive Officer to award a two-year, firm-fixed unit rate Contract No. PS120351000 to Cétera Marketing, LLC to provide Metro-branded merchandise, in the Not-to-Exceed (NTE) contract amount of $3,500,000, inclusive of item cost, set-up fee, sales tax and shipping, effective November 12, 2024, subject to the resolution of any properly submitted protest(s), if any."
2905,2024-09-19,Executive Management Committee,130701,,15,,,,,,,,0,0,"Consideration of items not on the posted agenda, including: items to be presented and (if requested) referred to staff; items to be placed on the agenda for action at a future meeting of the Committee or Board; and/or items requiring immediate action because of an emergency situation or where the need to take immediate action came to the attention of the Committee subsequent to the posting of the agenda."
2905,2024-09-19,Executive Management Committee,130702,,16,,,,,,,,0,0,COMMENTS FROM THE PUBLIC ON ITEMS OF PUBLIC INTEREST WITHIN COMMITTEE’S SUBJECT MATTER JURISDICTION
2905,2024-09-19,Executive Management Committee,130703,,17,,,,,,,,0,0,Adjournment
2905,2024-09-19,Executive Management Committee,130704,,9,,,,,,,,0,0,(page break) 
2905,2024-09-19,Executive Management Committee,130705,,8,,,,,,,,0,0,"Written public comments must be received by 5PM the day before the meeting.
Please include the Item # in your comment and your position of “FOR,” “AGAINST,” ""GENERAL COMMENT,"" or ""ITEM NEEDS MORE CONSIDERATION.""
Email: BoardClerk@metro.net
Post Office Mail:
Board Administration
One Gateway Plaza
MS: 99-3-1
Los Angeles, CA 90012"
2905,2024-09-19,Executive Management Committee,130706,,7,,,,,,,,0,0,Written Public Comment Instruction:
2905,2024-09-19,Executive Management Committee,130707,,6,,,,,,,,0,0,Los comentarios del público se tomaran cuando se toma cada tema. Para dar un comentario público sobre una tema ingrese # 2 (Tecla de numero y dos) cuando se le solicite. Tenga en cuenta que la transmisión de video en vivo se retrasa unos 30 segundos con respecto a la reunión real. No hay retraso en la línea de acceso telefónico para comentarios públicos.
2905,2024-09-19,Executive Management Committee,130708,,5,,,,,,,,0,0,"Los comentarios publicos en vivo se pueden dar por telefono o en persona.

La Reunion de la Junta comienza a las 11:00 AM, hora del Pacifico, el 19 de Septiembre de 2024. Puedes unirte a la llamada 5 minutos antes del comienso de la junta.

Marque: 202-735-3323 y ingrese el codigo
Codigo de acceso en ingles: 5647249#
Codigo de acceso en espanol: 7292892#"
2905,2024-09-19,Executive Management Committee,130709,,4,,,,,,,,0,0,Instrucciones para comentarios publicos en vivo:
2905,2024-09-19,Executive Management Committee,130710,,3,,,,,,,,0,0,"Public comment will be taken as the Board takes up each item. To give public comment on an item, enter #2 (pound-two) when prompted. Please note that the live video feed lags about 30 seconds behind the actual meeting. There is no lag on the public comment dial-in line."
2905,2024-09-19,Executive Management Committee,130711,,2,,,,,,,,0,0,"Live public comment can be given by telephone or in-person.

The Committee Meeting begins at 11:00 AM Pacific Time on September 19, 2024; you may join the call 5 minutes prior to the start of the meeting.

Dial-in: 202-735-3323 and enter
English Access Code: 5647249#
Spanish Access Code: 7292892#"
2905,2024-09-19,Executive Management Committee,130712,,1,,,,,,,,0,0,Live Public Comment Instructions:
2905,2024-09-19,Executive Management Committee,131694,,13,10405,2024-0550,Informational Report,,,,,0,0,RECEIVE AND FILE the September 2024 State and Federal Legislative Report.
2906,2024-09-19,"Operations, Safety, and Customer Experience Committee",130713,,10,,,,,,,,0,0,CALL TO ORDER
2906,2024-09-19,"Operations, Safety, and Customer Experience Committee",130714,,11,,,,,,,,0,0,ROLL CALL
2906,2024-09-19,"Operations, Safety, and Customer Experience Committee",130715,19,12,10346,2024-0491,Informational Report,,,,,0,0,RECOGNIZE Operations Employees of the Month.
2906,2024-09-19,"Operations, Safety, and Customer Experience Committee",131036,31,29,10325,2024-0470,Informational Report,,,,,0,0,RECEIVE AND FILE status report on the ZEB Program in response to Motion 31.1.
2906,2024-09-19,"Operations, Safety, and Customer Experience Committee",131037,,30,10401,2024-0546,Informational Report,,,,,0,0,RECEIVE General Public Comment
2906,2024-09-19,"Operations, Safety, and Customer Experience Committee",131038,,31,,,,,,,,0,0,"Consideration of items not on the posted agenda, including: items to be presented and (if requested) referred to staff; items to be placed on the agenda for action at a future meeting of the Committee or Board; and/or items requiring immediate action because of an emergency situation or where the need to take immediate action came to the attention of the Committee subsequent to the posting of the agenda."
2906,2024-09-19,"Operations, Safety, and Customer Experience Committee",131039,,32,,,,,,,,0,0,COMMENTS FROM THE PUBLIC ON ITEMS OF PUBLIC INTEREST WITHIN COMMITTEE’S SUBJECT MATTER JURISDICTION
2906,2024-09-19,"Operations, Safety, and Customer Experience Committee",131040,,33,,,,,,,,0,0,Adjournment
2906,2024-09-19,"Operations, Safety, and Customer Experience Committee",131042,,9,,,,,,,,0,0,page break
2906,2024-09-19,"Operations, Safety, and Customer Experience Committee",131043,,8,,,,,,,,0,0,"Written public comments must be received by 5PM the day before the meeting.
Please include the Item # in your comment and your position of “FOR,” “AGAINST,” ""GENERAL COMMENT,"" or ""ITEM NEEDS MORE CONSIDERATION.""
Email: BoardClerk@metro.net
Post Office Mail:
Board Administration
One Gateway Plaza
MS: 99-3-1
Los Angeles, CA 90012"
2906,2024-09-19,"Operations, Safety, and Customer Experience Committee",131044,,7,,,,,,,,0,0,Written Public Comment Instruction:
2906,2024-09-19,"Operations, Safety, and Customer Experience Committee",131045,,6,,,,,,,,0,0,Los comentarios del público se tomaran cuando se toma cada tema. Para dar un comentario público sobre una tema ingrese # 2 (Tecla de numero y dos) cuando se le solicite. Tenga en cuenta que la transmisión de video en vivo se retrasa unos 30 segundos con respecto a la reunión real. No hay retraso en la línea de acceso telefónico para comentarios públicos.
2906,2024-09-19,"Operations, Safety, and Customer Experience Committee",131046,,5,,,,,,,,0,0,"Los comentarios publicos en vivo se pueden dar por telefono o en persona.

La Reunion de la Junta comienza a las 1:00 PM, hora del Pacifico, el 19 de Septiembre de 2024. Puedes unirte a la llamada 5 minutos antes del comienso de la junta.

Marque: 202-735-3323 y ingrese el codigo
Codigo de acceso en ingles: 5647249#
Codigo de acceso en espanol: 7292892#"
2906,2024-09-19,"Operations, Safety, and Customer Experience Committee",131047,,4,,,,,,,,0,0,Instrucciones para comentarios publicos en vivo:
2906,2024-09-19,"Operations, Safety, and Customer Experience Committee",131048,,3,,,,,,,,0,0,"Public comment will be taken as the Board takes up each item. To give public comment on an item, enter #2 (pound-two) when prompted. Please note that the live video feed lags about 30 seconds behind the actual meeting. There is no lag on the public comment dial-in line."
2906,2024-09-19,"Operations, Safety, and Customer Experience Committee",131049,,2,,,,,,,,0,0,"Live public comment can be given by telephone or in-person.

The Committee Meeting begins at 1:00 PM Pacific Time on September 19, 2024; you may join the call 5 minutes prior to the start of the meeting.

Dial-in: 202-735-3323 and enter
English Access Code: 5647249#
Spanish Access Code: 7292892#"
2906,2024-09-19,"Operations, Safety, and Customer Experience Committee",131050,,1,,,,,,,,0,0,Live Public Comment Instructions:
2906,2024-09-19,"Operations, Safety, and Customer Experience Committee",131695,26,21,10027,2024-0172,Policy,,,,,0,0,"CONSIDER:

A.	ADOPTING a Los Angeles County Regional Zero Emission Bus Procurement Policy (Attachment A); 

B.	APPROVING the Los Angeles County Regional Zero Emission Transit Capital Program (ZETCP)-Equivalent Fund Allocation Framework and the resulting Included and Eligible Transit Operator fund amounts totaling $49.84 million in Proposition C 40% funding as shown in Attachment B; and 

C.	AMENDING the FY25 Budget to implement the ZETCP-Equivalent Fund Allocations and authorize the Chief "
2906,2024-09-19,"Operations, Safety, and Customer Experience Committee",131697,25,20,10351,2024-0496,Contract,,,,,0,0,"AUTHORIZE the Chief Executive Officer to: 

A.	AWARD a 39-month firm fixed price Contract No. AE117510000 to B&C Transit, Inc. for the Metro A Line Train Control Non-Vital and Vital Relay Replacement Project in the amount of $14,838,050 effective October 1, 2024, subject to resolution of any properly submitted protest(s), if any; and

B.	INCREASE the Life of Project (LOP) Budget for the A Line Train Control Non-Vital and Vital Relay Replacement by $9,355,855 from $11,100,000 to $20,455,855."
2906,2024-09-19,"Operations, Safety, and Customer Experience Committee",131698,24,18,10360,2024-0505,Contract,,,,,0,0,"AUTHORIZE the Chief Executive Officer to execute Contract Modification No. 2, and exercise Option 1, install and commission the Integrated Data and Communication System (IDCS) on the P3010 Light Rail Vehicle under Contract No. TS83056-2000 to Siemens Mobility, Inc. in the firm fixed amount of $18,051,025, increasing the total Contract amount from $5,043,855 to $23,094,880. This action does not change the board-approved LOP for this project of $44,436,129."
2906,2024-09-19,"Operations, Safety, and Customer Experience Committee",131699,23,17,10336,2024-0481,Contract,,,,,0,0,"AUTHORIZE the Chief Executive Officer to execute Contract Modification No. 7 to the Vanpool Vehicle Supplier Bench Contract Nos. PS1074300051491, PS1074400051491, and PS1074500051491 with Green Commuter, Airport Van Rental, and Enterprise Rideshare (a division of Enterprise Holdings) respectively, to increase the total not-to-exceed (NTE) contract amount by $3.7 million from $36,000,000 to $39,700,000 and extend the period of performance from December 31, 2024 to June 30, 2025."
2906,2024-09-19,"Operations, Safety, and Customer Experience Committee",131700,22,16,10329,2024-0474,Contract,,,,,0,0,"AUTHORIZE the Chief Executive Officer to award a two-year, Indefinite Delivery/Indefinite Quantity (IDIQ) Contract No. MA113925000 to Zen Industrial Services, Inc., the lowest responsive and responsible bidder to supply Brake Caliper Assemblies in the not-to-exceed (NTE) amount of $3,015,693.07, inclusive of sales tax, subject to the resolution of any properly submitted protest(s), if any."
2906,2024-09-19,"Operations, Safety, and Customer Experience Committee",131701,21,14,10327,2024-0472,Contract,,,,,0,0,"AUTHORIZE the Chief Executive Officer to award a two-year, Indefinite Delivery / Indefinite Quantity (IDIQ) Contract No. MA113336000 to TK Services, Inc., the lowest responsive and responsible bidder to supply alternator assemblies in the not-to-exceed (NTE) amount of $2,805,153.48, inclusive of sales tax, subject to the resolution of any properly submitted protest(s), if any."
2906,2024-09-19,"Operations, Safety, and Customer Experience Committee",131702,20,13,10326,2024-0471,Contract,,,,,0,0,"AUTHORIZE the Chief Executive Officer to award a two-year, Indefinite Delivery / Indefinite Quantity (IDIQ) Contract No. MA111914(2)000 to Gillig LLC, the lowest responsive and responsible bidder to supply Circuit Breaker Retrofit Kits in the not-to-exceed (NTE) amount of $1,339,042.21 inclusive of sales tax, subject to the resolution of any properly submitted protest(s), if any."
2906,2024-09-19,"Operations, Safety, and Customer Experience Committee",131703,29,25,10383,2024-0528,Informational Report,,,,,0,0,RECEIVE AND FILE the NextGen Bus Ridership Update.
2906,2024-09-19,"Operations, Safety, and Customer Experience Committee",131704,28,24,10345,2024-0490,Informational Report,,,,,0,0,RECEIVE oral report on Operations.
2906,2024-09-19,"Operations, Safety, and Customer Experience Committee",131705,27,23,10286,2024-0431,Appointment,,,,,0,0,"APPROVE nominees for membership on Metro’s San Fernando Valley, San Gabriel Valley, South Bay Cities, and Westside Central Service Councils."
2906,2024-09-19,"Operations, Safety, and Customer Experience Committee",131706,30,27,10319,2024-0464,Informational Report,,,,,0,0,RECEIVE AND FILE the Public Safety Report.
2906,2024-09-19,"Operations, Safety, and Customer Experience Committee",131709,,26,,,,,,,,0,0,(CARRIED OVER FROM JULY COMMITTEE CYCLE)
2906,2024-09-19,"Operations, Safety, and Customer Experience Committee",131713,,15,,,,,,,,0,0,page break
2906,2024-09-19,"Operations, Safety, and Customer Experience Committee",131716,,28,,,,,,,,0,0,page break
2906,2024-09-19,"Operations, Safety, and Customer Experience Committee",131717,,19,,,,,,,,0,0,page break
2906,2024-09-19,"Operations, Safety, and Customer Experience Committee",131719,,22,,,,,,,,0,0,page break
2907,2024-09-26,Board of Directors - Regular Board Meeting,131432,,9,,,,,,,,0,0,page break
2907,2024-09-26,Board of Directors - Regular Board Meeting,131433,,10,,,,,,,,0,0,CALL TO ORDER
2907,2024-09-26,Board of Directors - Regular Board Meeting,131434,,11,,,,,,,,1,0,ROLL CALL
2907,2024-09-26,Board of Directors - Regular Board Meeting,131587,,70,10402,2024-0547,Informational Report,,,,,0,0,RECEIVE General Public Comment
2907,2024-09-26,Board of Directors - Regular Board Meeting,131588,,71,,,,,,,,0,0,"Consideration of items not on the posted agenda, including: items to be presented and (if requested) referred to staff; items to be placed on the agenda for action at a future meeting of the Committee or Board; and/or items requiring immediate action because of an emergency situation or where the need to take immediate action came to the attention of the Committee subsequent to the posting of the agenda."
2907,2024-09-26,Board of Directors - Regular Board Meeting,131589,,72,,,,,,,,0,0,COMMENTS FROM THE PUBLIC ON ITEMS OF PUBLIC INTEREST WITHIN COMMITTEE’S SUBJECT MATTER JURISDICTION
2907,2024-09-26,Board of Directors - Regular Board Meeting,131590,,73,,,,,,,,0,0,Adjournment
2907,2024-09-26,Board of Directors - Regular Board Meeting,131592,,8,,,,,,,,0,0,"Written public comments must be received by 5PM the day before the meeting.
Please include the Item # in your comment and your position of “FOR,” “AGAINST,” ""GENERAL COMMENT,"" or ""ITEM NEEDS MORE CONSIDERATION.""
Email: BoardClerk@metro.net
Post Office Mail:
Board Administration
One Gateway Plaza
MS: 99-3-1
Los Angeles, CA 90012"
2907,2024-09-26,Board of Directors - Regular Board Meeting,131593,,7,,,,,,,,0,0,Written Public Comment Instruction:
2907,2024-09-26,Board of Directors - Regular Board Meeting,131594,,6,,,,,,,,0,0,"Los comentarios del público se tomaran cuando se toma cada tema. Para dar un comentario público sobre una tema ingrese # 2 (Tecla de numero y dos) cuando se le solicite. Tenga en cuenta que la transmisión de video en vivo se retrasa unos 30 segundos con respecto a la reunión real. No hay retraso en la línea de
acceso telefónico para comentarios públicos."
2907,2024-09-26,Board of Directors - Regular Board Meeting,131595,,5,,,,,,,,0,0,"Los comentarios publicos en vivo se pueden dar por telefono o en persona.

La Reunion de la Junta comienza a las 10:00 AM, hora del Pacifico, el 26 de Septiembre de 2024. Puedes unirte a la llamada 5 minutos antes del comienso de la junta.

Marque: 202-735-3323 y ingrese el codigo
Codigo de acceso en ingles: 5647249#
Codigo de acceso en espanol: 7292892#"
2907,2024-09-26,Board of Directors - Regular Board Meeting,131596,,4,,,,,,,,0,0,Instrucciones para comentarios publicos en vivo:
2907,2024-09-26,Board of Directors - Regular Board Meeting,131597,,3,,,,,,,,0,0,"Public comment will be taken as the Board takes up each item. To give public comment on an item, enter #2 (pound-two) when prompted. Please note that the live video feed lags about 30 seconds behind the actual meeting. There is no lag on the public comment dial-in line."
2907,2024-09-26,Board of Directors - Regular Board Meeting,131598,,2,,,,,,,,0,0,"Live public comment can be given by telephone or in-person.

The Meeting begins at 10:00 AM Pacific Time on September 26, 2024; you may join the call 5 minutes prior to the start of the meeting.

Dial-in: 202-735-3323 and enter
English Access Code: 5647249#
Spanish Access Code: 7292892#"
2907,2024-09-26,Board of Directors - Regular Board Meeting,131599,,1,,,,,,,,0,0,Live Public Comment Instructions:
2907,2024-09-26,Board of Directors - Regular Board Meeting,131602,,28,,,,,,,,0,0,PLANNING AND PROGRAMMING COMMITTEE MADE THE FOLLOWING RECOMMENDATION (3-0):
2907,2024-09-26,Board of Directors - Regular Board Meeting,131603,,26,,,,,,,,0,0,"CONSENT CALENDAR - ITEMS 2, 5, 6, 7, 8, 9, 11, 13, 16, 17, 20, 21, 22, 23, 24, 25, 26, 27 and 32. "
2907,2024-09-26,Board of Directors - Regular Board Meeting,131604,,24,,,,,,,,0,0,END OF NON-CONSENT
2907,2024-09-26,Board of Directors - Regular Board Meeting,131605,,13,,,,,,,,0,0,NON-CONSENT
2907,2024-09-26,Board of Directors - Regular Board Meeting,131606,,12,,,,,,,,0,0,"1. APPROVE Consent Calendar Items: 2, 5, 6, 7, 8, 9, 11, 13, 16, 17, 20, 21, 22, 23, 24, 25, 26, 27 and 32.

Consent Calendar items are approved by one motion unless held by a Director for discussion
and/or separate action.

All Consent Calendar items are listed at the end of the agenda, beginning on page 8."
2907,2024-09-26,Board of Directors - Regular Board Meeting,131609,3,14,10793,2024-0938,Oral Report / Presentation,RECEIVED,Pass,,,0,0,RECEIVE remarks by the Chair.
2907,2024-09-26,Board of Directors - Regular Board Meeting,131611,,68,,,,,,,,0,0,(CARRIED OVER FROM JULY'S REGULAR BOARD MEETING)
2907,2024-09-26,Board of Directors - Regular Board Meeting,131612,35,23,10028,2024-0173,Policy,APPROVED,Pass,Karen Bass,Tim Sandoval,0,0,"ADOPT the Resolution of Necessity authorizing the commencement of an eminent domain action to acquire a 10-month and 7 days Temporary Construction Easement (“Property Interest”) from the property known as 5318 Wilshire Blvd, Los Angeles, CA 90036 APN: 5089-001-028 (formerly 5089-001-026) identified in Attachment A.

(REQUIRES TWO-THIRDS VOTE OF THE FULL BOARD)"
2907,2024-09-26,Board of Directors - Regular Board Meeting,131613,4,15,10794,2024-0939,Oral Report / Presentation,RECEIVED,Pass,,,0,0,RECEIVE report by the Chief Executive Officer.
2907,2024-09-26,Board of Directors - Regular Board Meeting,131615,2,27,10792,2024-0937,Minutes,APPROVED ON CONSENT CALENDAR,Pass,,,,0,"APPROVE Minutes of the Regular Board Meeting held July 25, 2024."
2907,2024-09-26,Board of Directors - Regular Board Meeting,132061,,66,,,,,,,,0,0,JULY'S CONSTRUCTION COMMITTEE MADE THE FOLLOWING RECOMMENDATION (3-0):
2907,2024-09-26,Board of Directors - Regular Board Meeting,132062,,30,,,,,,,,0,0,PLANNING AND PROGRAMMING COMMITTEE MADE THE FOLLOWING RECOMMENDATION (3-0):
2907,2024-09-26,Board of Directors - Regular Board Meeting,132063,5,29,10361,2024-0506,Program,APPROVED,Pass,,,0,1,"CONSIDER:

A.	APPROVING:

1.	Programming of an additional $11,164,810 within the capacity of Measure M Multi-Year Subregional Program (MSP) - Transportation System and Mobility Improvements Program (Expenditure Line 50), as shown in Attachment A;

2.	Programming of an additional $11,586,591 within the capacity of Measure M MSP - South Bay Highway Operational Improvements Program (Expenditure Line 63), as shown in Attachment B; 

3.	Programming of an additional $600,000 within the capacit"
2907,2024-09-26,Board of Directors - Regular Board Meeting,132074,32,67,10381,2024-0526,Contract,APPROVED ON CONSENT CALENDAR,Pass,,,0,0,"AUTHORIZE the Chief Executive Officer (CEO) to execute Modification No. 8 to Contract No. AE51242000 with Cordoba HNTB Design Partners, a Joint Venture, in the amount of $74,869,029 to advance to 30% Preliminary Engineering (PE) for the Initial Operating Segment (IOS), increasing the contract value from $35,514,357 to $110,383,386 and extending the period of performance from December 31, 2024, to August 30, 2026."
2907,2024-09-26,Board of Directors - Regular Board Meeting,132077,,69,,,,,,,,0,0,
2907,2024-09-26,Board of Directors - Regular Board Meeting,132078,33,21,10405,2024-0550,Informational Report,RECEIVED AND FILED,Pass,,,0,0,RECEIVE AND FILE the September 2024 State and Federal Legislative Report.
2907,2024-09-26,Board of Directors - Regular Board Meeting,133310,20,49,10326,2024-0471,Contract,APPROVED,Pass,,,0,1,"AUTHORIZE the Chief Executive Officer to award a two-year, Indefinite Delivery / Indefinite Quantity (IDIQ) Contract No. MA111914(2)000 to Gillig LLC, the lowest responsive and responsible bidder to supply Circuit Breaker Retrofit Kits in the not-to-exceed (NTE) amount of $1,339,042.21 inclusive of sales tax, subject to the resolution of any properly submitted protest(s), if any."
2907,2024-09-26,Board of Directors - Regular Board Meeting,133311,,48,,,,,,,,0,0,"OPERATIONS, SAFETY, AND CUSTOMER EXPERIENCE COMMITTEE MADE THE FOLLOWING RECOMMENDATION (5-0):"
2907,2024-09-26,Board of Directors - Regular Board Meeting,133312,,44,,,,,,,,0,0,"FINANCE, BUDGET, AND AUDIT COMMITTEE MADE THE FOLLOWING RECOMMENDATION (3-0):"
2907,2024-09-26,Board of Directors - Regular Board Meeting,133313,13,42,10367,2024-0512,Contract,APPROVED,Pass,,,0,1,"CONSIDER:

A.	ESTABLISHING a Life-of-Project (LOP) budget for the G Line Improvements Project in the amount of $668,450,000; and

B.	AUTHORIZING the Chief Executive Officer to negotiate and execute project-related agreements, including Early Works Packages (EWPs), the Phase 2 Supplement and contract modifications, up to the authorized Life-of-Project budget."
2907,2024-09-26,Board of Directors - Regular Board Meeting,133314,,33,,,,,,,,0,0,PLANNING AND PROGRAMMING COMMITTEE MADE THE FOLLOWING RECOMMENDATION (3-0):
2907,2024-09-26,Board of Directors - Regular Board Meeting,133315,6,31,10328,2024-0473,Contract,APPROVED,Pass,,,0,1,"AUTHORIZE the Chief Executive Officer (CEO) to execute Modification No. 14 to Contract No. AE49337000 with Arcadis, A California Partnership (formerly IBI Group) in the amount of $3,158,761 for the optional task for preliminary engineering and to advance the design of curb extensions (bus bulbs) or boarding islands as part of the North San Fernando Valley (NSFV) Bus Rapid Transit (BRT) Corridor Project, increasing the contract value from $5,683,973 to $8,842,734, and extend the period of perform"
2907,2024-09-26,Board of Directors - Regular Board Meeting,133317,8,36,10365,2024-0510,Program,APPROVED,Pass,,,0,1,"CONSIDER:

A.	DEOBLIGATING $5.94 million of previously approved Call for Projects (Call) funding, as shown in Attachment A, and hold in RESERVE;

B.	APPROVING changes to the scope of work for: 

1.	City of Los Angeles - Last Mile Folding Bike Incentive Program (Call #F7707); 

2.	City of Los Angeles - Building Connectivity with Bicycle Friendly Business District (Call #F9803);

C.	AUTHORIZING the Chief Executive Officer (CEO) or their designee to negotiate and execute all necessary agr"
2907,2024-09-26,Board of Directors - Regular Board Meeting,133318,,35,,,,,,,,0,0,PLANNING AND PROGRAMMING COMMITTEE MADE THE FOLLOWING RECOMMENDATION (3-0):
2907,2024-09-26,Board of Directors - Regular Board Meeting,133319,7,34,10634,2024-0779,Program,APPROVED,Pass,,,0,1,"CONSIDER: 

A.	​​APPROVING $5,000,000 in additional programming for two City of Glendale projects within the Arroyo Verdugo subregion as shown in Attachment A; and  
​
B.	​AUTHORIZING the CEO or their designee to negotiate and execute all necessary agreements for the Board-approved projects. ​"
2907,2024-09-26,Board of Directors - Regular Board Meeting,133320,17,47,10210,2024-0355,Ordinance / Administrative Code,ADOPTED,Pass,,,0,1,"CONSIDER:

A.	ADOPTING an amendment to Metro’s Administrative Code Chapter 4-05 to replace the existing contractor pre-qualification language with Attachment A of this Board Report; effective January 1, 2025; and

B.	RECEIVING AND FILING streamlining initiatives, including electronic signature deployment for procurement contracts and purchase orders."
2907,2024-09-26,Board of Directors - Regular Board Meeting,133321,,46,,,,,,,,0,0,"FINANCE, BUDGET, AND AUDIT COMMITTEE MADE THE FOLLOWING RECOMMENDATION (4-0):"
2907,2024-09-26,Board of Directors - Regular Board Meeting,133322,16,45,10378,2024-0523,Contract,APPROVED ON CONSENT CALENDAR,Pass,Hilda L. Solis,Jacquelyn Dupont-Walker,0,0,"AUTHORIZE the Chief Executive Officer (CEO) to renew existing group insurance policies covering Non-Contract and AFSCME employees, including long-term disability coverage for Teamster employees, and life insurance for all full-time Metro employees, for the one-year period beginning January 1, 2025."
2907,2024-09-26,Board of Directors - Regular Board Meeting,133325,,41,,,,,,,,0,0,CONSTRUCTION COMMITTEE MADE THE FOLLOWING RECOMMENDATION (3-0):
2907,2024-09-26,Board of Directors - Regular Board Meeting,133326,11,40,10396,2024-0541,Budget,ADOPTED,Pass,,,0,1,"CONSIDER:

A.	INCREASING the Life of Project Budget for the Metro Training & Innovation Center (Project) by $1,409,000, from $19,900,000 to $21,309,000; and

B.	AUTHORIZING the Chief Executive Officer to amend the FY25 Budget in the amount of $1,091,000 to fund operational costs for the Metro Training & Innovation Center."
2907,2024-09-26,Board of Directors - Regular Board Meeting,133327,,37,,,,,,,,0,0,PLANNING AND PROGRAMMING COMMITTEE MADE THE FOLLOWING RECOMMENDATION (3-0):
2907,2024-09-26,Board of Directors - Regular Board Meeting,133328,9,38,10323,2024-0468,Project,APPROVED ON CONSENT CALENDAR,Pass,Hilda L. Solis,Jacquelyn Dupont-Walker,0,0,"CONSIDER:

A.	AUTHORIZING the Chief Executive Officer (CEO) or designee to execute and enter into a Joint Development Agreement (JDA) with NOHO Development Associates, LLC, a Delaware limited liability company (Developer), an affiliate of Trammell Crow Company, and associated Ground Leases (Ground Leases) and other related documents with Developer or its affiliates or qualified transferees, for the construction and operation of a mixed-use project on up to 11.8 acres of Metro-owned property lo"
2907,2024-09-26,Board of Directors - Regular Board Meeting,133329,,39,,,,,,,,0,0,CONSTRUCTION COMMITTEE MADE THE FOLLOWING RECOMMENDATION (3-0):
2907,2024-09-26,Board of Directors - Regular Board Meeting,133339,10,17,10252,2024-0397,Contract,APPROVED,Pass,James Butts,Jacquelyn Dupont-Walker,0,0,"AUTHORIZE the Chief Executive Officer to award a cost plus fixed fee Contract No. AE120406MC083, to Anser Advisory, to provide Construction Management Support Services for Battery Electric Bus (BEB) Charging Infrastructure Projects located at our bus operation divisions, transit centers, as well as opportunity chargers along current BEB routes for a term of 3 years at a not to exceed total contract value of $6,012,319, subject to the resolution of any properly submitted protest(s), if any."
2907,2024-09-26,Board of Directors - Regular Board Meeting,133340,,16,,,,,,,,0,0,CONSTRUCTION COMMITTEE FORWARDED DUE TO ABSENCES AND CONFLICTS:
2907,2024-09-26,Board of Directors - Regular Board Meeting,133341,18,20,10289,2024-0434,Resolution,APPROVED,Pass,James Butts,Holly J. Mitchell,0,0,"CONSIDER:

A.	ADOPTING a Resolution, Attachment A (“Resolution”), that authorizes the issuance and sale of up to $500 million in aggregate principal amount of Measure R Senior Sales Tax Revenue Refunding Bonds in one or more series and taking all other actions necessary in connection with the issuance of the refunding bonds (“Refunding Bonds”); and

B.	ESTABLISHING an underwriter pool as shown in Attachment B that will be used to select underwriters for all future negotiated debt issues through "
2907,2024-09-26,Board of Directors - Regular Board Meeting,133343,,19,,,,,,,,0,0,"FINANCE, BUDGET, AND AUDIT COMMITTEE FORWARDED DUE TO CONFLICTS:"
2907,2024-09-26,Board of Directors - Regular Board Meeting,133349,,50,,,,,,,,0,0,"OPERATIONS, SAFETY, AND CUSTOMER EXPERIENCE COMMITTEE MADE THE FOLLOWING RECOMMENDATION (5-0):"
2907,2024-09-26,Board of Directors - Regular Board Meeting,133350,21,51,10327,2024-0472,Contract,APPROVED,Pass,,,0,1,"AUTHORIZE the Chief Executive Officer to award a two-year, Indefinite Delivery / Indefinite Quantity (IDIQ) Contract No. MA113336000 to TK Services, Inc., the lowest responsive and responsible bidder to supply alternator assemblies in the not-to-exceed (NTE) amount of $2,805,153.48, inclusive of sales tax, subject to the resolution of any properly submitted protest(s), if any."
2907,2024-09-26,Board of Directors - Regular Board Meeting,133351,,52,,,,,,,,0,0,"OPERATIONS, SAFETY, AND CUSTOMER EXPERIENCE COMMITTEE MADE THE FOLLOWING RECOMMENDATION (5-0):"
2907,2024-09-26,Board of Directors - Regular Board Meeting,133352,22,53,10329,2024-0474,Contract,APPROVED,Pass,,,0,1,"AUTHORIZE the Chief Executive Officer to award a two-year, Indefinite Delivery/Indefinite Quantity (IDIQ) Contract No. MA113925000 to Zen Industrial Services, Inc., the lowest responsive and responsible bidder to supply Brake Caliper Assemblies in the not-to-exceed (NTE) amount of $3,015,693.07, inclusive of sales tax, subject to the resolution of any properly submitted protest(s), if any."
2907,2024-09-26,Board of Directors - Regular Board Meeting,133353,24,58,10360,2024-0505,Contract,APPROVED ON CONSENT CALENDAR,Pass,Hilda L. Solis,Jacquelyn Dupont-Walker,0,0,"AUTHORIZE the Chief Executive Officer to execute Contract Modification No. 2, and exercise Option 1, install and commission the Integrated Data and Communication System (IDCS) on the P3010 Light Rail Vehicle under Contract No. TS83056-2000 to Siemens Mobility, Inc. in the firm fixed amount of $18,051,025, increasing the total Contract amount from $5,043,855 to $23,094,880. This action does not change the board-approved LOP for this project of $44,436,129."
2907,2024-09-26,Board of Directors - Regular Board Meeting,133354,,57,,,,,,,,0,0,"OPERATIONS, SAFETY, AND CUSTOMER EXPERIENCE COMMITTEE MADE THE FOLLOWING RECOMMENDATION (4-0):"
2907,2024-09-26,Board of Directors - Regular Board Meeting,133355,23,56,10336,2024-0481,Contract,APPROVED ON CONSENT CALENDAR,Pass,Hilda L. Solis,Jacquelyn Dupont-Walker,0,0,"AUTHORIZE the Chief Executive Officer to execute Contract Modification No. 7 to the Vanpool Vehicle Supplier Bench Contract Nos. PS1074300051491, PS1074400051491, and PS1074500051491 with Green Commuter, Airport Van Rental, and Enterprise Rideshare (a division of Enterprise Holdings) respectively, to increase the total not-to-exceed (NTE) contract amount by $3.7 million from $36,000,000 to $39,700,000 and extend the period of performance from December 31, 2024 to June 30, 2025."
2907,2024-09-26,Board of Directors - Regular Board Meeting,133356,,55,,,,,,,,0,0,"OPERATIONS, SAFETY, AND CUSTOMER EXPERIENCE COMMITTEE MADE THE FOLLOWING RECOMMENDATION (5-0):"
2907,2024-09-26,Board of Directors - Regular Board Meeting,133357,25,61,10351,2024-0496,Contract,APPROVED,Pass,,,0,1,"AUTHORIZE the Chief Executive Officer to: 

A.	AWARD a 39-month firm fixed price Contract No. AE117510000 to B&C Transit, Inc. for the Metro A Line Train Control Non-Vital and Vital Relay Replacement Project in the amount of $14,838,050 effective October 1, 2024, subject to resolution of any properly submitted protest(s), if any; and

B.	INCREASE the Life of Project (LOP) Budget for the A Line Train Control Non-Vital and Vital Relay Replacement by $9,355,855 from $11,100,000 to $20,455,855."
2907,2024-09-26,Board of Directors - Regular Board Meeting,133358,,60,,,,,,,,0,0,"OPERATIONS, SAFETY, AND CUSTOMER EXPERIENCE COMMITTEE MADE THE FOLLOWING RECOMMENDATION (5-0):"
2907,2024-09-26,Board of Directors - Regular Board Meeting,133359,,62,,,,,,,,0,0,"OPERATIONS, SAFETY, AND CUSTOMER EXPERIENCE COMMITTEE MADE THE FOLLOWING RECOMMENDATION (5-0):"
2907,2024-09-26,Board of Directors - Regular Board Meeting,133360,,64,,,,,,,,0,0,"OPERATIONS, SAFETY, AND CUSTOMER EXPERIENCE COMMITTEE MADE THE FOLLOWING RECOMMENDATION (4-0):"
2907,2024-09-26,Board of Directors - Regular Board Meeting,133361,26,63,10027,2024-0172,Policy,ADOPTED,Pass,,,0,1,"CONSIDER:

A.	ADOPTING a Los Angeles County Regional Zero Emission Bus Procurement Policy (Attachment A); 

B.	APPROVING the Los Angeles County Regional Zero Emission Transit Capital Program (ZETCP)-Equivalent Fund Allocation Framework and the resulting Included and Eligible Transit Operator fund amounts totaling $49.84 million in Proposition C 40% funding as shown in Attachment B; and 

C.	AMENDING the FY25 Budget to implement the ZETCP-Equivalent Fund Allocations and authorize the Chief "
2907,2024-09-26,Board of Directors - Regular Board Meeting,133362,27,65,10286,2024-0431,Appointment,APPROVED,Pass,,,0,1,"APPROVE nominees for membership on Metro’s San Fernando Valley, San Gabriel Valley, South Bay Cities, and Westside Central Service Councils."
2907,2024-09-26,Board of Directors - Regular Board Meeting,133365,,18,,,,,,,,0,0,page break
2907,2024-09-26,Board of Directors - Regular Board Meeting,133367,,32,,,,,,,,0,0,page break
2907,2024-09-26,Board of Directors - Regular Board Meeting,133368,,43,,,,,,,,0,0,page break
2907,2024-09-26,Board of Directors - Regular Board Meeting,133371,34,22,10814,2024-0959,Motion / Motion Response,,,,,0,0,"APPROVE Motion by Hahn that the Board direct the Chief Executive Officer to:

A.	Report back to the Board with a plan on the Games Enhanced Transit System and overall preparation for the 2028 Olympic and Paralympic games, including:

1.	An estimate of the number of bus operators and maintenance staff that Metro will need;

2.	A staffing plan;

3.	A plan for how Metro will coordinate with other Municipal bus operators and Metrolink; and

4.	Estimated costs for bus procurement and staffing, and ho"
2907,2024-09-26,Board of Directors - Regular Board Meeting,133372,,54,,,,,,,,0,0,page break
2907,2024-09-26,Board of Directors - Regular Board Meeting,133373,,59,,,,,,,,0,0,page break
2907,2024-09-26,Board of Directors - Regular Board Meeting,133378,,,,,,APPROVED ON CONSENT CALENDAR,Pass,,,0,1,Approval of the Consent Agenda
2909,2024-10-23,Construction Committee,132095,,11,,,,,,,,0,0,CALL TO ORDER
2909,2024-10-23,Construction Committee,132096,,12,,,,,,,,0,0,ROLL CALL
2909,2024-10-23,Construction Committee,132348,,23,,,,,,,,0,0, 
2909,2024-10-23,Construction Committee,132349,,24,10805,2024-0950,Informational Report,,,,,0,0,RECEIVE General Public Comment
2909,2024-10-23,Construction Committee,132350,,25,,,,,,,,0,0,"Consideration of items not on the posted agenda, including: items to be presented and (if requested) referred to staff; items to be placed on the agenda for action at a future meeting of the Committee or Board; and/or items requiring immediate action because of an emergency situation or where the need to take immediate action came to the attention of the Committee subsequent to the posting of the agenda."
2909,2024-10-23,Construction Committee,132351,,26,,,,,,,,0,0,COMMENTS FROM THE PUBLIC ON ITEMS OF PUBLIC INTEREST WITHIN COMMITTEE’S SUBJECT MATTER JURISDICTION
2909,2024-10-23,Construction Committee,132352,,27,,,,,,,,0,0,Adjournment
2909,2024-10-23,Construction Committee,132353,,10,,,,,,,,0,0,page break
2909,2024-10-23,Construction Committee,132354,,9,,,,,,,,0,0,
2909,2024-10-23,Construction Committee,132355,,8,,,,,,,,0,0,"Written public comments must be received by 5PM the day before the meeting.
Please include the Item # in your comment and your position of “FOR,” “AGAINST,” ""GENERAL COMMENT,"" or ""ITEM NEEDS MORE CONSIDERATION.""
Email: BoardClerk@metro.net
Post Office Mail:
Board Administration
One Gateway Plaza
MS: 99-3-1
Los Angeles, CA 90012"
2909,2024-10-23,Construction Committee,132356,,7,,,,,,,,0,0,Written Public Comment Instruction:
2909,2024-10-23,Construction Committee,132357,,6,,,,,,,,0,0,Los comentarios del público se tomaran cuando se toma cada tema. Para dar un comentario público sobre una tema ingrese # 2 (Tecla de numero y dos) cuando se le solicite. Tenga en cuenta que la transmisión de video en vivo se retrasa unos 30 segundos con respecto a la reunión real. No hay retraso en la línea de acceso telefónico para comentarios públicos.
2909,2024-10-23,Construction Committee,132358,,5,,,,,,,,0,0,"Los comentarios publicos en vivo se pueden dar por telefono o en persona.

La Reunion de la Junta comienza a las 2:00 PM, hora del Pacifico, el 23 de Octubre de 2024. Puedes unirte a la llamada 5 minutos antes del comienso de la junta.

Marque: 202-735-3323 y ingrese el codigo
Codigo de acceso en ingles: 5647249#
Codigo de acceso en espanol: 7292892#"
2909,2024-10-23,Construction Committee,132359,,4,,,,,,,,0,0,Instrucciones para comentarios publicos en vivo:
2909,2024-10-23,Construction Committee,132360,,3,,,,,,,,0,0,"Public comment will be taken as the Board takes up each item. To give public comment on an item, enter #2 (pound-two) when prompted. Please note that the live video feed lags about 30 seconds behind the actual meeting. There is no lag on the public comment dial-in line."
2909,2024-10-23,Construction Committee,132361,,2,,,,,,,,0,0,"Live public comment can be given by telephone or in-person.

The Committee Meeting begins at 2:00 PM Pacific Time on October 23, 2024; you may join the call 5 minutes prior to the start of the meeting.

Dial-in: 202-735-3323 and enter
English Access Code: 5647249#
Spanish Access Code: 7292892#"
2909,2024-10-23,Construction Committee,132362,,1,,,,,,,,0,0,Live Public Comment Instructions:
2909,2024-10-23,Construction Committee,133491,20,19,10848,2024-0993,Contract,,,,,0,0,"AUTHORIZE execution of Amendment No. 4 to the Funding Agreement between the Metro Gold Line Foothill Extension Construction Authority (""Authority"") and the Los Angeles County Metropolitan Transportation Authority (""Metro"") to reflect the allocation of $798,000,000 of the California State Transportation Agency (“CalSTA”) Transit and Intercity Rail Capital Program (“TIRCP”) formula funding authorized by Senate Bill 125 (“SB125 Funds”)."
2909,2024-10-23,Construction Committee,133492,19,17,10712,2024-0857,Budget,,,,,0,0,"AUTHORIZE the Chief Executive Officer to:

A.	ESTABLISH the I-105 ExpressLanes Project 475004 Life-of-Project (LOP) Budget by increasing the existing Preconstruction Budget and by establishing funding for the Segment 1 (Identified Work Package 1) construction, from Sepulveda Blvd. to Central Avenue on the I-105 Freeway. This action increases the existing Preconstruction Budget of $119,391,538 by $638,148,678 to a Life-of-Project Budget of $757,540,216 (Attachment A);

B.	NEGOTIATE AND EXECUT"
2909,2024-10-23,Construction Committee,133493,18,15,10382,2024-0527,Budget,,,,,0,0,"INCREASE the Life-of-Project (LOP) budget by $99,730,000 for the Division 20 Portal Widening Turnback Facility (Project) from $956,749,577 to $1,056,479,577 using the fund sources as summarized in Attachment A, consistent with the provisions of the Board-adopted Measure R and Measure M Unified Cost Management Policy (Attachment B)."
2909,2024-10-23,Construction Committee,133494,17,14,10781,2024-0926,Budget,,,,,0,0,"INCREASE the Life-of-Project (LOP) budget for the Regional Connector Transit Corridor Project (Project) by $39,000,000 from $1,755,840,570 to $1,794,840,570 to fully resolve claims and complete the close out the Project."
2909,2024-10-23,Construction Committee,133495,16,13,10765,2024-0910,Informational Report,,,,,0,0,RECEIVE AND FILE status report on the Program Management Quarterly Change Report.
2909,2024-10-23,Construction Committee,133496,22,21,10386,2024-0531,Oral Report / Presentation,,,,,0,0,RECEIVE AND FILE the Program Management Project Status Report.
2909,2024-10-23,Construction Committee,133497,21,20,10408,2024-0553,Oral Report / Presentation,,,,,0,0,RECEIVE the quarterly oral report on the status of the Caltrans construction projects.
2909,2024-10-23,Construction Committee,133498,,22,,,,,,,,0,0,
2909,2024-10-23,Construction Committee,133539,,16,,,,,,,,0,0,page break
2909,2024-10-23,Construction Committee,134670,,18,,,,,,,,0,0,page break
2910,2024-10-24,"Finance, Budget and Audit Committee",132434,,10,,,,,,,,0,0,CALL TO ORDER
2910,2024-10-24,"Finance, Budget and Audit Committee",132435,,11,,,,,,,,0,0,ROLL CALL
2910,2024-10-24,"Finance, Budget and Audit Committee",132677,,15,10807,2024-0952,Informational Report,,,,,0,0,RECEIVE General Public Comment
2910,2024-10-24,"Finance, Budget and Audit Committee",132678,,16,,,,,,,,0,0,"Consideration of items not on the posted agenda, including: items to be presented and (if requested) referred to staff; items to be placed on the agenda for action at a future meeting of the Committee or Board; and/or items requiring immediate action because of an emergency situation or where the need to take immediate action came to the attention of the Committee subsequent to the posting of the agenda."
2910,2024-10-24,"Finance, Budget and Audit Committee",132679,,17,,,,,,,,0,0,COMMENTS FROM THE PUBLIC ON ITEMS OF PUBLIC INTEREST WITHIN COMMITTEE’S SUBJECT MATTER JURISDICTION
2910,2024-10-24,"Finance, Budget and Audit Committee",132680,,18,,,,,,,,0,0,Adjournment
2910,2024-10-24,"Finance, Budget and Audit Committee",132681,,9,,,,,,,,0,0,
2910,2024-10-24,"Finance, Budget and Audit Committee",132682,,8,,,,,,,,0,0,"Written public comments must be received by 5PM the day before the meeting.
Please include the Item # in your comment and your position of “FOR,” “AGAINST,” ""GENERAL COMMENT,"" or ""ITEM NEEDS MORE CONSIDERATION.""
Email: BoardClerk@metro.net
Post Office Mail:
Board Administration
One Gateway Plaza
MS: 99-3-1
Los Angeles, CA 90012"
2910,2024-10-24,"Finance, Budget and Audit Committee",132683,,7,,,,,,,,0,0,Written Public Comment Instruction:
2910,2024-10-24,"Finance, Budget and Audit Committee",132684,,6,,,,,,,,0,0,Los comentarios del público se tomaran cuando se toma cada tema. Para dar un comentario público sobre una tema ingrese # 2 (Tecla de numero y dos) cuando se le solicite. Tenga en cuenta que la transmisión de video en vivo se retrasa unos 30 segundos con respecto a la reunión real. No hay retraso en la línea de acceso telefónico para comentarios públicos.
2910,2024-10-24,"Finance, Budget and Audit Committee",132685,,5,,,,,,,,0,0,"Los comentarios publicos en vivo se pueden dar por telefono o en persona.

La Reunion de la Junta comienza a las 10:00 AM, hora del Pacifico, el 24 de Octubre de 2024. Puedes unirte a la llamada 5 minutos antes del comienso de la junta.

Marque: 202-735-3323 y ingrese el codigo
Codigo de acceso en ingles: 5647249#
Codigo de acceso en espanol: 7292892#"
2910,2024-10-24,"Finance, Budget and Audit Committee",132686,,4,,,,,,,,0,0,Instrucciones para comentarios publicos en vivo:
2910,2024-10-24,"Finance, Budget and Audit Committee",132687,,3,,,,,,,,0,0,"Public comment will be taken as the Board takes up each item. To give public comment on an item, enter #2 (pound-two) when prompted. Please note that the live video feed lags about 30 seconds behind the actual meeting. There is no lag on the public comment dial-in line."
2910,2024-10-24,"Finance, Budget and Audit Committee",132688,,2,,,,,,,,0,0,"Live public comment can be given by telephone or in-person.

The Committee Meeting begins at 10:00 AM Pacific Time on October 24, 2024; you may join the call 5 minutes prior to the start of the meeting.

Dial-in: 202-735-3323 and enter
English Access Code: 5647249#
Spanish Access Code: 7292892#"
2910,2024-10-24,"Finance, Budget and Audit Committee",132689,,1,,,,,,,,0,0,Live Public Comment Instructions:
2910,2024-10-24,"Finance, Budget and Audit Committee",133499,,14,,,,,,,,0,0,
2910,2024-10-24,"Finance, Budget and Audit Committee",133500,24,13,10758,2024-0903,Program,,,,,0,0,"APPROVE the Resolution in Attachment A to:

A.	AUTHORIZE the Chief Executive Officer (CEO) or designee to claim $40,211,229 in fiscal year (FY) 2024-25 State of Good Repair Program (SGR) grant funds as the Regional Entity for Los Angeles County for this program; and

B.	APPROVE the regional SGR Project List for FY24-25; and

C.	CERTIFY that Metro will comply with all conditions and requirements set forth in the SGR Certification and Assurances document and applicable statutes, regulations "
2910,2024-10-24,"Finance, Budget and Audit Committee",133502,23,12,10410,2024-0555,Informational Report,,,,,0,0,"RECEIVE AND FILE Office of the Inspector General (OIG) Final Report on the Audit of Licenses and Certifications for Metro Employees, Consultants, Contractors, and Subcontractors."
2911,2024-10-24,Executive Management Committee,132690,,10,,,,,,,,0,0,CALL TO ORDER
2911,2024-10-24,Executive Management Committee,132691,,11,,,,,,,,0,0,ROLL CALL
2911,2024-10-24,Executive Management Committee,132954,,18,,,,,,,,0,0, 
2911,2024-10-24,Executive Management Committee,132955,,19,10808,2024-0953,Informational Report,,,,,0,0,RECEIVE General Public Comment
2911,2024-10-24,Executive Management Committee,132956,,20,,,,,,,,0,0,"Consideration of items not on the posted agenda, including: items to be presented and (if requested) referred to staff; items to be placed on the agenda for action at a future meeting of the Committee or Board; and/or items requiring immediate action because of an emergency situation or where the need to take immediate action came to the attention of the Committee subsequent to the posting of the agenda."
2911,2024-10-24,Executive Management Committee,132957,,21,,,,,,,,0,0,COMMENTS FROM THE PUBLIC ON ITEMS OF PUBLIC INTEREST WITHIN COMMITTEE’S SUBJECT MATTER JURISDICTION
2911,2024-10-24,Executive Management Committee,132958,,22,,,,,,,,0,0,Adjournment
2911,2024-10-24,Executive Management Committee,132959,,9,,,,,,,,0,0,page break
2911,2024-10-24,Executive Management Committee,132960,,8,,,,,,,,0,0,"Written public comments must be received by 5PM the day before the meeting.
Please include the Item # in your comment and your position of “FOR,” “AGAINST,” ""GENERAL COMMENT,"" or ""ITEM NEEDS MORE CONSIDERATION.""
Email: BoardClerk@metro.net
Post Office Mail:
Board Administration
One Gateway Plaza
MS: 99-3-1
Los Angeles, CA 90012"
2911,2024-10-24,Executive Management Committee,132961,,7,,,,,,,,0,0,Written Public Comment Instruction:
2911,2024-10-24,Executive Management Committee,132962,,6,,,,,,,,0,0,Los comentarios del público se tomaran cuando se toma cada tema. Para dar un comentario público sobre una tema ingrese # 2 (Tecla de numero y dos) cuando se le solicite. Tenga en cuenta que la transmisión de video en vivo se retrasa unos 30 segundos con respecto a la reunión real. No hay retraso en la línea de acceso telefónico para comentarios públicos.
2911,2024-10-24,Executive Management Committee,132963,,5,,,,,,,,0,0,"Los comentarios publicos en vivo se pueden dar por telefono o en persona.

La Reunion de la Junta comienza a las 11:00 AM, hora del Pacifico, el 24 de Octubre de 2024. Puedes unirte a la llamada 5 minutos antes del comienso de la junta.

Marque: 202-735-3323 y ingrese el codigo
Codigo de acceso en ingles: 5647249#
Codigo de acceso en espanol: 7292892#"
2911,2024-10-24,Executive Management Committee,132964,,4,,,,,,,,0,0,Instrucciones para comentarios publicos en vivo:
2911,2024-10-24,Executive Management Committee,132965,,3,,,,,,,,0,0,"Public comment will be taken as the Board takes up each item. To give public comment on an item, enter #2 (pound-two) when prompted. Please note that the live video feed lags about 30 seconds behind the actual meeting. There is no lag on the public comment dial-in line."
2911,2024-10-24,Executive Management Committee,132966,,2,,,,,,,,0,0,"Live public comment can be given by telephone or in-person.

The Meeting begins at 11:00 AM Pacific Time on October 24, 2024; you may join the call 5 minutes prior to the start of the meeting.

Dial-in: 202-735-3323 and enter
English Access Code: 5647249#
Spanish Access Code: 7292892#"
2911,2024-10-24,Executive Management Committee,132967,,1,,,,,,,,0,0,Live Public Comment Instructions:
2911,2024-10-24,Executive Management Committee,133504,28,16,10819,2024-0964,Oral Report / Presentation,,,,,0,0,RECEIVE AND FILE October 2024 State and Federal Legislative Report.
2911,2024-10-24,Executive Management Committee,133505,27,15,10816,2024-0961,Oral Report / Presentation,,,,,0,0,RECEIVE oral report on Homeless Outreach Management & Engagement (HOME).
2911,2024-10-24,Executive Management Committee,133506,26,13,10357,2024-0502,Informational Report,,,,,0,0,RECEIVE AND FILE an update on the Metro Transit Watch app in response to Motion 46 (Attachment A).
2911,2024-10-24,Executive Management Committee,133507,25,12,10373,2024-0518,Contract,,,,,0,0,"AUTHORIZE the Chief Executive Officer to award a two-year, firm-fixed unit rate Contract No. PS120351000 to Cétera Marketing, LLC to provide Metro-branded merchandise, in the Not-to-Exceed (NTE) contract amount of $3,500,000, inclusive of item cost, set-up fee, sales tax and shipping, effective November 12, 2024, subject to the resolution of any properly submitted protest(s), if any."
2911,2024-10-24,Executive Management Committee,133508,,17,,,,,,,,0,0,
2911,2024-10-24,Executive Management Committee,133514,,14,,,,,,,,0,0,"(ALSO ON OPERATIONS, SAFETY, AND CUSTOMER EXPERIENCE COMMITTEE)"
2912,2024-10-24,"Operations, Safety, and Customer Experience Committee",132968,,10,,,,,,,,0,0,CALL TO ORDER
2912,2024-10-24,"Operations, Safety, and Customer Experience Committee",132969,,11,,,,,,,,0,0,ROLL CALL
2912,2024-10-24,"Operations, Safety, and Customer Experience Committee",133305,,30,,,,,,,,0,0, 
2912,2024-10-24,"Operations, Safety, and Customer Experience Committee",133306,,31,10809,2024-0954,Informational Report,,,,,0,0,RECEIVE General Public Comment
2912,2024-10-24,"Operations, Safety, and Customer Experience Committee",133307,,32,,,,,,,,0,0,"Consideration of items not on the posted agenda, including: items to be presented and (if requested) referred to staff; items to be placed on the agenda for action at a future meeting of the Committee or Board; and/or items requiring immediate action because of an emergency situation or where the need to take immediate action came to the attention of the Committee subsequent to the posting of the agenda."
2912,2024-10-24,"Operations, Safety, and Customer Experience Committee",133308,,33,,,,,,,,0,0,COMMENTS FROM THE PUBLIC ON ITEMS OF PUBLIC INTEREST WITHIN COMMITTEE’S SUBJECT MATTER JURISDICTION
2912,2024-10-24,"Operations, Safety, and Customer Experience Committee",133309,,34,,,,,,,,0,0,Adjournment
2912,2024-10-24,"Operations, Safety, and Customer Experience Committee",133330,,9,,,,,,,,0,0,
2912,2024-10-24,"Operations, Safety, and Customer Experience Committee",133331,,8,,,,,,,,0,0,"Written public comments must be received by 5PM the day before the meeting.
Please include the Item # in your comment and your position of “FOR,” “AGAINST,” ""GENERAL COMMENT,"" or ""ITEM NEEDS MORE CONSIDERATION.""
Email: BoardClerk@metro.net
Post Office Mail:
Board Administration
One Gateway Plaza
MS: 99-3-1
Los Angeles, CA 90012"
2912,2024-10-24,"Operations, Safety, and Customer Experience Committee",133332,,7,,,,,,,,0,0,Written Public Comment Instruction:
2912,2024-10-24,"Operations, Safety, and Customer Experience Committee",133333,,6,,,,,,,,0,0,Los comentarios del público se tomaran cuando se toma cada tema. Para dar un comentario público sobre una tema ingrese # 2 (Tecla de numero y dos) cuando se le solicite. Tenga en cuenta que la transmisión de video en vivo se retrasa unos 30 segundos con respecto a la reunión real. No hay retraso en la línea de acceso telefónico para comentarios públicos.
2912,2024-10-24,"Operations, Safety, and Customer Experience Committee",133334,,5,,,,,,,,0,0,"Los comentarios publicos en vivo se pueden dar por telefono o en persona.

La Reunion de la Junta comienza a las 1:00 PM, hora del Pacifico, el 24 de Octubre de 2024. Puedes unirte a la llamada 5 minutos antes del comienso de la junta.

Marque: 202-735-3323 y ingrese el codigo
Codigo de acceso en ingles: 5647249#
Codigo de acceso en espanol: 7292892#"
2912,2024-10-24,"Operations, Safety, and Customer Experience Committee",133335,,4,,,,,,,,0,0,Instrucciones para comentarios publicos en vivo:
2912,2024-10-24,"Operations, Safety, and Customer Experience Committee",133336,,3,,,,,,,,0,0,"Public comment will be taken as the Board takes up each item. To give public comment on an item, enter #2 (pound-two) when prompted. Please note that the live video feed lags about 30 seconds behind the actual meeting. There is no lag on the public comment dial-in line."
2912,2024-10-24,"Operations, Safety, and Customer Experience Committee",133337,,2,,,,,,,,0,0,"Live public comment can be given by telephone or in-person.

The Committee Meeting begins at 1:00 PM Pacific Time on October 24, 2024; you may join the call 5 minutes prior to the start of the meeting.

Dial-in: 202-735-3323 and enter
English Access Code: 5647249#
Spanish Access Code: 7292892#"
2912,2024-10-24,"Operations, Safety, and Customer Experience Committee",133338,,1,,,,,,,,0,0,Live Public Comment Instructions:
2912,2024-10-24,"Operations, Safety, and Customer Experience Committee",133515,,27,,,,,,,,0,0,(ALSO ON EXECUTIVE MANAGEMENT COMMITTEE)
2912,2024-10-24,"Operations, Safety, and Customer Experience Committee",133516,26,26,10357,2024-0502,Informational Report,,,,,0,0,RECEIVE AND FILE an update on the Metro Transit Watch app in response to Motion 46 (Attachment A).
2912,2024-10-24,"Operations, Safety, and Customer Experience Committee",133517,37,21,10030,2024-0175,Rule / By-law,,,,,0,0,ADOPT the revised Service Council Bylaws (Attachment A).
2912,2024-10-24,"Operations, Safety, and Customer Experience Committee",133518,36,20,10375,2024-0520,Contract,,,,,0,0,"AUTHORIZE the Chief Executive Officer to execute a Memorandum of Understanding (MOU) with the Los Angeles Community College District (LACCD) on behalf of the Los Angeles Trade Technical College (LATTC) to provide training services in support of the Rail Technical Training and Rail Apprentice Programs for up to $300,000 each year for a total five years and a value of $1,500,000, effective January 1, 2025, through December 31, 2029."
2912,2024-10-24,"Operations, Safety, and Customer Experience Committee",133519,35,19,10654,2024-0799,Project,,,,,0,0,"AUTHORIZE the Chief Executive Officer to:

A.	AMEND the Fiscal Year (FY) 2025 budget to add $2,000,000 for the Rail Crossing Gate Optimization Demonstration Project, federally funded by the Strengthening Mobility and Revolutionizing Transportation (SMART) Grant Award; and

B.	EXECUTE agreements and any contracts within the grant amount for the Rail Crossing Gate Optimization Demonstration Project."
2912,2024-10-24,"Operations, Safety, and Customer Experience Committee",133520,34,18,10497,2024-0642,Contract,,,,,0,0,"AUTHORIZE the Chief Executive Officer to: 

A.	AWARD a firm fixed price Contract No. AE117449000 to B & C Transit, Inc. for the Metro B and D Lines Audio Frequency Track Circuit and Interlocking Relay Logic Replacement Project in the amount of $59,858,500, effective November 1, 2024, subject to resolution of any properly submitted protest(s), if any; and

B.	INCREASE the Life of Project (LOP) Budget for the Metro B and D Lines Audio Frequency Track Circuit and Interlocking Relay Logic Replac"
2912,2024-10-24,"Operations, Safety, and Customer Experience Committee",133521,33,17,10412,2024-0557,Contract,,,,,0,0,"AUTHORIZE the Chief Executive Officer to award a two-year, Indefinite Delivery/Indefinite Quantity (IDIQ) Contract No. MA121741000 to American Moving Parts, the lowest responsive and responsible bidder to supply Caliper Assemblies Front & Rear in the Not-to-Exceed (NTE) amount of $1,827,743.78, inclusive of sales tax, subject to the resolution of all properly submitted protest(s), if any."
2912,2024-10-24,"Operations, Safety, and Customer Experience Committee",133522,32,16,10411,2024-0556,Contract,,,,,0,0,"AUTHORIZE the Chief Executive Officer to execute Modification No. 2 to Contract No. SD105427000 with DSM&T Company, Inc., the responsive and responsible bidder for Electrical Wiring Harness Kits. This modification will exercise the one-year option in the Not-to-Exceed (NTE) amount of $543,207.60, increasing the total contract value from $543,207.60 to $1,086,415.20 and extending the contract term from November 9, 2024 to November 8, 2025."
2912,2024-10-24,"Operations, Safety, and Customer Experience Committee",133523,31,14,10404,2024-0549,Contract,,,,,0,0,"AUTHORIZE the Chief Executive Officer to execute Modification No. 2 to Contract No. MA90333-2000 with Battery Power, Inc., for Bus Batteries 12V, Group 31. This modification will exercise the one-year option in the not-to-exceed amount of $1,474,110.90, increasing the total contract value from $1,474,110.90 to $2,948,221.80 and extending the contract term from November 9, 2024 to November 8, 2025."
2912,2024-10-24,"Operations, Safety, and Customer Experience Committee",133524,30,13,10297,2024-0442,Contract,,,,,0,0,"AUTHORIZE the Chief Executive Officer to execute Contract Modification No. 5 to Contract No. OP754160008370 with Steelman Build & Construction Inc., to provide commercial and industrial door repair and preventive maintenance services to exercise option year one in the Not-to-Exceed (NTE) amount of $560,912, increasing the Total Contract Value from $1,732,736 to $2,293,648, and extending the period of performance from January 3, 2025, to January 2, 2026."
2912,2024-10-24,"Operations, Safety, and Customer Experience Committee",133525,29,12,10678,2024-0823,Informational Report,,,,,0,0,RECOGNIZE Operations Employees of the Month.
2912,2024-10-24,"Operations, Safety, and Customer Experience Committee",133526,40,25,10679,2024-0824,Informational Report,,,,,0,0,RECEIVE oral report on Operations.
2912,2024-10-24,"Operations, Safety, and Customer Experience Committee",133527,39,24,9960,2024-0105,Informational Report,,,,,0,0,RECEIVE AND FILE quarterly status report on Metro’s Public Safety Advisory Committee (PSAC).
2912,2024-10-24,"Operations, Safety, and Customer Experience Committee",133529,38,23,10644,2024-0789,Appointment,,,,,0,0,APPROVE nominees for membership on Metro’s Westside Central Service Council (Attachment A).
2912,2024-10-24,"Operations, Safety, and Customer Experience Committee",133530,41,29,10682,2024-0827,Informational Report,,,,,0,0,RECEIVE AND FILE the Public Safety Report.
2912,2024-10-24,"Operations, Safety, and Customer Experience Committee",133533,,15,,,,,,,,0,0,page break
2912,2024-10-24,"Operations, Safety, and Customer Experience Committee",133534,,22,,,,,,,,0,0,page break
2912,2024-10-24,"Operations, Safety, and Customer Experience Committee",134671,,28,,,,,,,,0,0,page break
2913,2024-10-31,Board of Directors - Regular Board Meeting,134672,,9,,,,,,,,0,0,page break
2913,2024-10-31,Board of Directors - Regular Board Meeting,134673,,10,,,,,,,,0,0,CALL TO ORDER
2913,2024-10-31,Board of Directors - Regular Board Meeting,134674,,11,,,,,,,,1,0,ROLL CALL
2913,2024-10-31,Board of Directors - Regular Board Meeting,134675,1,12,,,,,,,,0,0,"APPROVE Consent Calendar Items: 2, 10, 11, 12, 13, 14, 17, 18, 19, 20, 24, 25, 30, 31, 32, 33, 34, 35, 36, 37, and 38.

Consent Calendar items are approved by one motion unless held by a Director for discussion
and/or separate action.

All Consent Calendar items are listed at the end of the agenda, beginning on page 6."
2913,2024-10-31,Board of Directors - Regular Board Meeting,134828,,69,10882,2024-1027,Informational Report,,,,,0,0,RECEIVE General Public Comment
2913,2024-10-31,Board of Directors - Regular Board Meeting,134829,,70,,,,,,,,0,0,"Consideration of items not on the posted agenda, including: items to be presented and (if requested) referred to staff; items to be placed on the agenda for action at a future meeting of the Committee or Board; and/or items requiring immediate action because of an emergency situation or where the need to take immediate action came to the attention of the Committee subsequent to the posting of the agenda."
2913,2024-10-31,Board of Directors - Regular Board Meeting,134830,,71,,,,,,,,0,0,COMMENTS FROM THE PUBLIC ON ITEMS OF PUBLIC INTEREST WITHIN COMMITTEE’S SUBJECT MATTER JURISDICTION
2913,2024-10-31,Board of Directors - Regular Board Meeting,134831,,72,,,,,,,,0,0,Adjournment
2913,2024-10-31,Board of Directors - Regular Board Meeting,134833,,8,,,,,,,,0,0,"Written public comments must be received by 5PM the day before the meeting.
Please include the Item # in your comment and your position of “FOR,” “AGAINST,” ""GENERAL COMMENT,"" or ""ITEM NEEDS MORE CONSIDERATION.""
Email: BoardClerk@metro.net
Post Office Mail:
Board Administration
One Gateway Plaza
MS: 99-3-1
Los Angeles, CA 90012"
2913,2024-10-31,Board of Directors - Regular Board Meeting,134834,,7,,,,,,,,0,0,Written Public Comment Instruction:
2913,2024-10-31,Board of Directors - Regular Board Meeting,134835,,6,,,,,,,,0,0,"Los comentarios del público se tomaran cuando se toma cada tema. Para dar un comentario público sobre una tema ingrese # 2 (Tecla de numero y dos) cuando se le solicite. Tenga en cuenta que la transmisión de video en vivo se retrasa unos 30 segundos con respecto a la reunión real. No hay retraso en la línea de
acceso telefónico para comentarios públicos."
2913,2024-10-31,Board of Directors - Regular Board Meeting,134836,,5,,,,,,,,0,0,"Los comentarios publicos en vivo se pueden dar por telefono o en persona.

La Reunion de la Junta comienza a las 10:00 AM, hora del Pacifico, el 31 de Octubre de 2024. Puedes unirte a la llamada 5 minutos antes del comienso de la junta.

Marque: 202-735-3323 y ingrese el codigo
Codigo de acceso en ingles: 5647249#
Codigo de acceso en espanol: 7292892#"
2913,2024-10-31,Board of Directors - Regular Board Meeting,134837,,4,,,,,,,,0,0,Instrucciones para comentarios publicos en vivo:
2913,2024-10-31,Board of Directors - Regular Board Meeting,134838,,3,,,,,,,,0,0,"Public comment will be taken as the Board takes up each item. To give public comment on an item, enter #2 (pound-two) when prompted. Please note that the live video feed lags about 30 seconds behind the actual meeting. There is no lag on the public comment dial-in line."
2913,2024-10-31,Board of Directors - Regular Board Meeting,134839,,2,,,,,,,,0,0,"Live public comment can be given by telephone or in-person.

The Meeting begins at 10:00 AM Pacific Time on October 31, 2024; you may join the call 5 minutes prior to the start of the meeting.

Dial-in: 202-735-3323 and enter
English Access Code: 5647249#
Spanish Access Code: 7292892#"
2913,2024-10-31,Board of Directors - Regular Board Meeting,134840,,1,,,,,,,,0,0,Live Public Comment Instructions:
2913,2024-10-31,Board of Directors - Regular Board Meeting,134841,3,14,10879,2024-1024,Oral Report / Presentation,RECEIVED,Pass,,,0,0,RECEIVE remarks by the Chair.
2913,2024-10-31,Board of Directors - Regular Board Meeting,134842,,13,,,,,,,,0,0,NON-CONSENT
2913,2024-10-31,Board of Directors - Regular Board Meeting,134845,42,16,10403,2024-0548,Contract,APPROVED,Pass,,,0,0,"AUTHORIZE the Chief Executive Officer to:

A.	EXECUTE successor collective bargaining agreements with the American Federation of State, County and Municipal Employees Local 3634 (AFSCME) and the Transportation Communications Union/IAM Lodge 1315 (TCU), effective July 1, 2024; and

B.	AMEND the FY25 budget in the amount of $15.2 million for the implementation of the wage and benefit changes for the approval of the final collective bargaining agreements."
2913,2024-10-31,Board of Directors - Regular Board Meeting,134846,4,15,10880,2024-1025,Oral Report / Presentation,RECEIVED,Pass,,,0,0,RECEIVE report by the Chief Executive Officer.
2913,2024-10-31,Board of Directors - Regular Board Meeting,134847,,17,,,,,,,,0,0,END OF NON-CONSENT
2913,2024-10-31,Board of Directors - Regular Board Meeting,134849,,32,,,,,,,,0,0,CONSTRUCTION COMMITTEE MADE THE FOLLOWING RECOMMENDATION (3-0):
2913,2024-10-31,Board of Directors - Regular Board Meeting,134851,14,31,10232,2024-0377,Project,APPROVED ON CONSENT CALENDAR,Pass,Kathryn Barger,Lindsey Horvath,0,0,"CONSIDER:

A.	AUTHORIZING the Chief Executive Officer, or designee, to execute and enter into a Joint Development Agreement (JDA), ground lease (Ground Lease), and other related documents with East Los Angeles Community Corporation (ELACC) (Developer), for the construction and operation of an affordable housing project (Project) on two separate parcels, totaling approximately 33,000 square feet, of Metro-owned property located at the corner of Pennsylvania Avenue and North Vicente Fernández St"
2913,2024-10-31,Board of Directors - Regular Board Meeting,134852,,30,,,,,,,,0,0,PLANNING AND PROGRAMMING COMMITTEE MADE THE FOLLOWING RECOMMENDATION (4-0):
2913,2024-10-31,Board of Directors - Regular Board Meeting,134853,13,29,10011,2024-0156,Plan,APPROVED,Pass,,,0,1,ADOPT the First/Last Mile Plan for the Eastside Transit Corridor Phase 2 Project (Attachment A).
2913,2024-10-31,Board of Directors - Regular Board Meeting,134854,,28,,,,,,,,0,0,PLANNING AND PROGRAMMING COMMITTEE MADE THE FOLLOWING RECOMMENDATION (5-0):
2913,2024-10-31,Board of Directors - Regular Board Meeting,134855,12,26,10363,2024-0508,Contract,APPROVED,Pass,,,0,1,"AUTHORIZE the Chief Executive Officer to award a two-year firm, fixed price Contract No. PS120787000, to Kimley-Horn and Associates, Inc. for the Street Safety, Data Sharing, and Collaboration Action Plan in the amount of $1,108,043, subject to resolution of properly submitted protest(s), if any."
2913,2024-10-31,Board of Directors - Regular Board Meeting,134856,,25,,,,,,,,0,0,PLANNING AND PROGRAMMING COMMITTEE MADE THE FOLLOWING RECOMMENDATION (5-0):
2913,2024-10-31,Board of Directors - Regular Board Meeting,134857,11,24,10392,2024-0537,Project,APPROVED,Pass,Jacquelyn Dupont-Walker,Holly J. Mitchell,0,0,"AUTHORIZE the Chief Executive Officer (CEO) to negotiate and execute:

A.	Modification No. 4 to Contract No. AE64930000 for a Not-to-Exceed (NTE) amount of $2,300,000 with Connect Los Angeles Partners, Joint Venture (WSP USA Inc. and AECOM Technical Services, Inc.) to prepare additional technical environmental analysis and conceptual engineering to respond to public comments received on the Draft Environmental Impact Report (EIR) for the K Line Northern Extension Project and support future commu"
2913,2024-10-31,Board of Directors - Regular Board Meeting,134858,,23,,,,,,,,0,0,PLANNING AND PROGRAMMING COMMITTEE MADE THE FOLLOWING RECOMMENDATION (3-0):
2913,2024-10-31,Board of Directors - Regular Board Meeting,134859,10,22,10673,2024-0818,Program,APPROVED,Pass,,,0,1,"CONSIDER:

A.	APPROVING programming an additional $17,369,862 within the capacity of Measure M Multi-Year Subregional Program (MSP) - Active Transportation 1st/Last Mile Connections Program (Expenditure Line 51), as shown in Attachment A; and

B.	AUTHORIZING the CEO or their designee to negotiate and execute all necessary agreements for approved projects."
2913,2024-10-31,Board of Directors - Regular Board Meeting,134860,,21,,,,,,,,0,0,PLANNING AND PROGRAMMING COMMITTEE MADE THE FOLLOWING RECOMMENDATION (5-0):
2913,2024-10-31,Board of Directors - Regular Board Meeting,134861,2,20,10881,2024-1026,Minutes,,,,,0,1,"APPROVE Minutes of the Regular Board Meeting held September 26, 2024 and the Special Board Meeting/Ad Hoc 2028 Olympic & Paralympic Games Committee held October 23, 2024."
2913,2024-10-31,Board of Directors - Regular Board Meeting,134862,,19,,,,,,,,0,0,"CONSENT CALENDAR - ITEMS 2, 10, 11, 12, 13, 14, 17, 18, 19, 20, 24, 25, 30, 31, 32, 33, 34, 35, 36, 37, and 38. "
2913,2024-10-31,Board of Directors - Regular Board Meeting,134920,30,48,10297,2024-0442,Contract,APPROVED,Pass,,,0,1,"AUTHORIZE the Chief Executive Officer to execute Contract Modification No. 5 to Contract No. OP754160008370 with Steelman Build & Construction Inc., to provide commercial and industrial door repair and preventive maintenance services to exercise option year one in the Not-to-Exceed (NTE) amount of $560,912, increasing the Total Contract Value from $1,732,736 to $2,293,648, and extending the period of performance from January 3, 2025, to January 2, 2026."
2913,2024-10-31,Board of Directors - Regular Board Meeting,134921,,47,,,,,,,,0,0,"OPERATIONS, SAFETY, AND CUSTOMER EXPERIENCE COMMITTEE MADE THE FOLLOWING RECOMMENDATION (3-0):"
2913,2024-10-31,Board of Directors - Regular Board Meeting,134922,25,46,10373,2024-0518,Contract,APPROVED,Pass,,,0,1,"AUTHORIZE the Chief Executive Officer to award a two-year, firm-fixed unit rate Contract No. PS120351000 to Cétera Marketing, LLC to provide Metro-branded merchandise, in the Not-to-Exceed (NTE) contract amount of $3,500,000, inclusive of item cost, set-up fee, sales tax and shipping, effective November 12, 2024, subject to the resolution of any properly submitted protest(s), if any."
2913,2024-10-31,Board of Directors - Regular Board Meeting,134923,,45,,,,,,,,0,0,EXECUTIVE MANAGEMENT COMMITTEE MADE THE FOLLOWING RECOMMENDATION (3-0):
2913,2024-10-31,Board of Directors - Regular Board Meeting,134924,24,43,10758,2024-0903,Program,APPROVED,Pass,,,0,1,"APPROVE the Resolution in Attachment A to:

A.	AUTHORIZE the Chief Executive Officer (CEO) or designee to claim $40,211,229 in fiscal year (FY) 2024-25 State of Good Repair Program (SGR) grant funds as the Regional Entity for Los Angeles County for this program; and

B.	APPROVE the regional SGR Project List for FY24-25; and

C.	CERTIFY that Metro will comply with all conditions and requirements set forth in the SGR Certification and Assurances document and applicable statutes, regulations "
2913,2024-10-31,Board of Directors - Regular Board Meeting,134925,,42,,,,,,,,0,0,"FINANCE, BUDGET, AND AUDIT COMMITTEE MADE THE FOLLOWING RECOMMENDATION (5-0):"
2913,2024-10-31,Board of Directors - Regular Board Meeting,134926,20,41,10848,2024-0993,Contract,APPROVED,Pass,Tim Sandoval,Hilda L. Solis,0,0,"AUTHORIZE execution of Amendment No. 4 to the Funding Agreement between the Metro Gold Line Foothill Extension Construction Authority (""Authority"") and the Los Angeles County Metropolitan Transportation Authority (""Metro"") to reflect the allocation of $798,000,000 of the California State Transportation Agency (“CalSTA”) Transit and Intercity Rail Capital Program (“TIRCP”) formula funding authorized by Senate Bill 125 (“SB125 Funds”)."
2913,2024-10-31,Board of Directors - Regular Board Meeting,134927,,40,,,,,,,,0,0,CONSTRUCTION COMMITTEE MADE THE FOLLOWING RECOMMENDATION (3-0):
2913,2024-10-31,Board of Directors - Regular Board Meeting,134928,19,38,10712,2024-0857,Budget,ADOPTED,Pass,,,0,0,"AUTHORIZE the Chief Executive Officer to:

A.	ESTABLISH the I-105 ExpressLanes Project 475004 Life-of-Project (LOP) Budget by increasing the existing Preconstruction Budget and by establishing funding for the Segment 1 (Identified Work Package 1) construction, from Sepulveda Blvd. to Central Avenue on the I-105 Freeway. This action increases the existing Preconstruction Budget of $119,391,538 by $638,148,678 to a Life-of-Project Budget of $757,540,216 (Attachment A);

B.	NEGOTIATE AND EXECUT"
2913,2024-10-31,Board of Directors - Regular Board Meeting,134929,,37,,,,,,,,0,0,CONSTRUCTION COMMITTEE MADE THE FOLLOWING RECOMMENDATION (3-0):
2913,2024-10-31,Board of Directors - Regular Board Meeting,134930,18,35,10382,2024-0527,Budget,ADOPTED,Pass,,,0,1,"INCREASE the Life-of-Project (LOP) budget by $99,730,000 for the Division 20 Portal Widening Turnback Facility (Project) from $956,749,577 to $1,056,479,577 using the fund sources as summarized in Attachment A, consistent with the provisions of the Board-adopted Measure R and Measure M Unified Cost Management Policy (Attachment B)."
2913,2024-10-31,Board of Directors - Regular Board Meeting,134931,,34,,,,,,,,0,0,CONSTRUCTION COMMITTEE MADE THE FOLLOWING RECOMMENDATION (3-0):
2913,2024-10-31,Board of Directors - Regular Board Meeting,134932,17,33,10781,2024-0926,Budget,ADOPTED,Pass,Kathryn Barger,Lindsey Horvath,0,0,"INCREASE the Life-of-Project (LOP) budget for the Regional Connector Transit Corridor Project (Project) by $39,000,000 from $1,755,840,570 to $1,794,840,570 to fully resolve claims and complete the close out the Project."
2913,2024-10-31,Board of Directors - Regular Board Meeting,134933,38,68,10644,2024-0789,Appointment,APPROVED,Pass,,,0,1,APPROVE nominees for membership on Metro’s Westside Central Service Council (Attachment A).
2913,2024-10-31,Board of Directors - Regular Board Meeting,134934,34,58,10497,2024-0642,Contract,APPROVED,Pass,,,0,1,"AUTHORIZE the Chief Executive Officer to: 

A.	AWARD a firm fixed price Contract No. AE117449000 to B & C Transit, Inc. for the Metro B and D Lines Audio Frequency Track Circuit and Interlocking Relay Logic Replacement Project in the amount of $59,858,500, effective November 1, 2024, subject to resolution of any properly submitted protest(s), if any; and

B.	INCREASE the Life of Project (LOP) Budget for the Metro B and D Lines Audio Frequency Track Circuit and Interlocking Relay Logic Replac"
2913,2024-10-31,Board of Directors - Regular Board Meeting,134935,,57,,,,,,,,0,0,"OPERATIONS, SAFETY, AND CUSTOMER EXPERIENCE COMMITTEE MADE THE FOLLOWING RECOMMENDATION (3-0):"
2913,2024-10-31,Board of Directors - Regular Board Meeting,134936,33,56,10412,2024-0557,Contract,APPROVED,Pass,,,0,1,"AUTHORIZE the Chief Executive Officer to award a two-year, Indefinite Delivery/Indefinite Quantity (IDIQ) Contract No. MA121741000 to American Moving Parts, the lowest responsive and responsible bidder to supply Caliper Assemblies Front & Rear in the Not-to-Exceed (NTE) amount of $1,827,743.78, inclusive of sales tax, subject to the resolution of all properly submitted protest(s), if any."
2913,2024-10-31,Board of Directors - Regular Board Meeting,134937,,55,,,,,,,,0,0,"OPERATIONS, SAFETY, AND CUSTOMER EXPERIENCE COMMITTEE MADE THE FOLLOWING RECOMMENDATION (3-0):"
2913,2024-10-31,Board of Directors - Regular Board Meeting,134938,32,53,10411,2024-0556,Contract,APPROVED,Pass,,,0,1,"AUTHORIZE the Chief Executive Officer to execute Modification No. 2 to Contract No. SD105427000 with DSM&T Company, Inc., the responsive and responsible bidder for Electrical Wiring Harness Kits. This modification will exercise the one-year option in the Not-to-Exceed (NTE) amount of $543,207.60, increasing the total contract value from $543,207.60 to $1,086,415.20 and extending the contract term from November 9, 2024 to November 8, 2025."
2913,2024-10-31,Board of Directors - Regular Board Meeting,134939,,52,,,,,,,,0,0,"OPERATIONS, SAFETY, AND CUSTOMER EXPERIENCE COMMITTEE MADE THE FOLLOWING RECOMMENDATION (3-0):"
2913,2024-10-31,Board of Directors - Regular Board Meeting,134940,31,51,10404,2024-0549,Contract,APPROVED,Pass,,,0,1,"AUTHORIZE the Chief Executive Officer to execute Modification No. 2 to Contract No. MA90333-2000 with Battery Power, Inc., for Bus Batteries 12V, Group 31. This modification will exercise the one-year option in the not-to-exceed amount of $1,474,110.90, increasing the total contract value from $1,474,110.90 to $2,948,221.80 and extending the contract term from November 9, 2024 to November 8, 2025."
2913,2024-10-31,Board of Directors - Regular Board Meeting,134941,,50,,,,,,,,0,0,"OPERATIONS, SAFETY, AND CUSTOMER EXPERIENCE COMMITTEE MADE THE FOLLOWING RECOMMENDATION (3-0):"
2913,2024-10-31,Board of Directors - Regular Board Meeting,134942,37,66,10030,2024-0175,Rule / By-law,ADOPTED,Pass,,,0,1,ADOPT the revised Service Council Bylaws (Attachment A).
2913,2024-10-31,Board of Directors - Regular Board Meeting,134943,,60,,,,,,,,0,0,"OPERATIONS, SAFETY, AND CUSTOMER EXPERIENCE COMMITTEE MADE THE FOLLOWING RECOMMENDATION (3-0):"
2913,2024-10-31,Board of Directors - Regular Board Meeting,134946,,65,,,,,,,,0,0,"OPERATIONS, SAFETY, AND CUSTOMER EXPERIENCE COMMITTEE MADE THE FOLLOWING RECOMMENDATION (3-0):"
2913,2024-10-31,Board of Directors - Regular Board Meeting,134947,36,63,10375,2024-0520,Contract,APPROVED,Pass,,,0,1,"AUTHORIZE the Chief Executive Officer to execute a Memorandum of Understanding (MOU) with the Los Angeles Community College District (LACCD) on behalf of the Los Angeles Trade Technical College (LATTC) to provide training services in support of the Rail Technical Training and Rail Apprentice Programs for up to $300,000 each year for a total five years and a value of $1,500,000, effective January 1, 2025, through December 31, 2029."
2913,2024-10-31,Board of Directors - Regular Board Meeting,134948,,62,,,,,,,,0,0,"OPERATIONS, SAFETY, AND CUSTOMER EXPERIENCE COMMITTEE MADE THE FOLLOWING RECOMMENDATION (3-0):"
2913,2024-10-31,Board of Directors - Regular Board Meeting,134949,35,61,10654,2024-0799,Project,APPROVED,Pass,,,0,1,"AUTHORIZE the Chief Executive Officer to:

A.	AMEND the Fiscal Year (FY) 2025 budget to add $2,000,000 for the Rail Crossing Gate Optimization Demonstration Project, federally funded by the Strengthening Mobility and Revolutionizing Transportation (SMART) Grant Award; and

B.	EXECUTE agreements and any contracts within the grant amount for the Rail Crossing Gate Optimization Demonstration Project."
2913,2024-10-31,Board of Directors - Regular Board Meeting,134950,,67,,,,,,,,0,0,"OPERATIONS, SAFETY, AND CUSTOMER EXPERIENCE COMMITTEE MADE THE FOLLOWING RECOMMENDATION (3-0):"
2913,2024-10-31,Board of Directors - Regular Board Meeting,134978,,18,,,,,,,,0,0,page break
2913,2024-10-31,Board of Directors - Regular Board Meeting,134979,,27,,,,,,,,0,0,page break
2913,2024-10-31,Board of Directors - Regular Board Meeting,134980,,36,,,,,,,,0,0,page break
2913,2024-10-31,Board of Directors - Regular Board Meeting,134981,,39,,,,,,,,0,0,page break
2913,2024-10-31,Board of Directors - Regular Board Meeting,134982,,44,,,,,,,,0,0,page break
2913,2024-10-31,Board of Directors - Regular Board Meeting,134983,,49,,,,,,,,0,0,page break
2913,2024-10-31,Board of Directors - Regular Board Meeting,134984,,54,,,,,,,,0,0,page break
2913,2024-10-31,Board of Directors - Regular Board Meeting,134985,,59,,,,,,,,0,0,page break
2913,2024-10-31,Board of Directors - Regular Board Meeting,134986,,64,,,,,,,,0,0,page break
2913,2024-10-31,Board of Directors - Regular Board Meeting,134995,,,,,,APPROVED ON CONSENT CALENDAR,Pass,,,0,1,Approval of the Consent Agenda
2914,2024-11-20,Planning and Programming Committee,133540,,10,,,,,,,,0,0,CALL TO ORDER
2914,2024-11-20,Planning and Programming Committee,133541,,11,,,,,,,,0,0,ROLL CALL
2914,2024-11-20,Planning and Programming Committee,133542,5,12,10821,2024-0966,Program,,,,,0,0,"CONSIDER:

A.	APPROVING:

1.	Programming of $2,049,073 within the capacity of Measure M Multi-Year Subregional Program (MSP) - Active Transportation Program, as shown in Attachment A;

2.	Deobligating $1,960,567 in Measure M MSP - Transit Program, as shown in Attachment B;

3.	Inter-program borrowing and programming of $17,752,182 from Measure M MSP - Transit Program to Measure M MSP - Highway Efficiency Program, as shown in Attachment C; and

B.	AUTHORIZING the CEO or their designee to negotiat"
2914,2024-11-20,Planning and Programming Committee,133843,,14,,,,,,,,0,0,(CARRIED OVER FROM OCTOBER'S COMMITTEE CYCLE)
2914,2024-11-20,Planning and Programming Committee,133844,,16,10905,2024-1050,Informational Report,,,,,0,0,RECEIVE General Public Comment
2914,2024-11-20,Planning and Programming Committee,133845,,17,,,,,,,,0,0,"Consideration of items not on the posted agenda, including: items to be presented and (if requested) referred to staff; items to be placed on the agenda for action at a future meeting of the Committee or Board; and/or items requiring immediate action because of an emergency situation or where the need to take immediate action came to the attention of the Committee subsequent to the posting of the agenda."
2914,2024-11-20,Planning and Programming Committee,133846,,18,,,,,,,,0,0,COMMENTS FROM THE PUBLIC ON ITEMS OF PUBLIC INTEREST WITHIN COMMITTEE’S SUBJECT MATTER JURISDICTION
2914,2024-11-20,Planning and Programming Committee,133847,,19,,,,,,,,0,0,Adjournment
2914,2024-11-20,Planning and Programming Committee,133849,,9,,,,,,,,0,0,page break
2914,2024-11-20,Planning and Programming Committee,133850,,8,,,,,,,,0,0,"Written public comments must be received by 5PM the day before the meeting.
Please include the Item # in your comment and your position of “FOR,” “AGAINST,” ""GENERAL COMMENT,"" or ""ITEM NEEDS MORE CONSIDERATION.""
Email: BoardClerk@metro.net
Post Office Mail:
Board Administration
One Gateway Plaza
MS: 99-3-1
Los Angeles, CA 90012"
2914,2024-11-20,Planning and Programming Committee,133851,,7,,,,,,,,0,0,Written Public Comment Instruction:
2914,2024-11-20,Planning and Programming Committee,133852,,6,,,,,,,,0,0,Los comentarios del público se tomaran cuando se toma cada tema. Para dar un comentario público sobre una tema ingrese # 2 (Tecla de numero y dos) cuando se le solicite. Tenga en cuenta que la transmisión de video en vivo se retrasa unos 30 segundos con respecto a la reunión real. No hay retraso en la línea de acceso telefónico para comentarios públicos.
2914,2024-11-20,Planning and Programming Committee,133853,,5,,,,,,,,0,0,"Los comentarios publicos en vivo se pueden dar por telefono o en persona.

La Reunion de la Junta comienza a las 11:00 AM, hora del Pacifico, el 20 de Noviembre de 2024. Puedes unirte a la llamada 5 minutos antes del comienso de la junta.

Marque: 888-978-8818 y ingrese el codigo
Codigo de acceso en ingles: 5647249#
Codigo de acceso en espanol: 7292892#"
2914,2024-11-20,Planning and Programming Committee,133854,,4,,,,,,,,0,0,Instrucciones para comentarios publicos en vivo:
2914,2024-11-20,Planning and Programming Committee,133855,,3,,,,,,,,0,0,"Public comment will be taken as the Board takes up each item. To give public comment on an item, enter #2 (pound-two) when prompted. Please note that the live video feed lags about 30 seconds behind the actual meeting. There is no lag on the public comment dial-in line."
2914,2024-11-20,Planning and Programming Committee,133856,,2,,,,,,,,0,0,"Live public comment can be given by telephone or in-person.

The Committee Meeting begins at 11:00 AM Pacific Time on November 20, 2024; you may join the call 5 minutes prior to the start of the meeting.

Dial-in: 888-978-8818 and enter
English Access Code: 5647249#
Spanish Access Code: 7292892#"
2914,2024-11-20,Planning and Programming Committee,133857,,1,,,,,,,,0,0,Live Public Comment Instructions:
2914,2024-11-20,Planning and Programming Committee,135381,6,13,10885,2024-1030,Program,,,,,0,0,"DEOBLIGATE $434,969.47 of previously approved MAT funding and returning those funds to the MAT Program."
2914,2024-11-20,Planning and Programming Committee,135395,,15,,,,,,,,0,0,page break
2915,2024-11-20,Construction Committee,133858,,10,,,,,,,,0,0,CALL TO ORDER
2915,2024-11-20,Construction Committee,133859,,11,,,,,,,,0,0,ROLL CALL
2915,2024-11-20,Construction Committee,133860,7,12,10822,2024-0967,Contract,,,,,0,0,"CONSIDER:

A.	APPROVING an increase in total authorized funding and executing Modification No. 12 to Contract No. AE47810E0128 with SECOTrans (Joint Venture of Hatch Associates Consultants, Inc., NBA Engineering Inc., Pacific Railway Enterprises Inc., and Ramos Consulting Services, Inc), for pending and future Task Orders to provide systems engineering and support services for Metro Rail and Bus Transit projects, in the Not-to-Exceed (NTE) amount of $35,000,000, increasing the total contract a"
2915,2024-11-20,Construction Committee,134117,,16,10906,2024-1051,Informational Report,,,,,0,0,RECEIVE General Public Comment
2915,2024-11-20,Construction Committee,134118,,17,,,,,,,,0,0,"Consideration of items not on the posted agenda, including: items to be presented and (if requested) referred to staff; items to be placed on the agenda for action at a future meeting of the Committee or Board; and/or items requiring immediate action because of an emergency situation or where the need to take immediate action came to the attention of the Committee subsequent to the posting of the agenda."
2915,2024-11-20,Construction Committee,134119,,18,,,,,,,,0,0,COMMENTS FROM THE PUBLIC ON ITEMS OF PUBLIC INTEREST WITHIN COMMITTEE’S SUBJECT MATTER JURISDICTION
2915,2024-11-20,Construction Committee,134120,,19,,,,,,,,0,0,Adjournment
2915,2024-11-20,Construction Committee,134121,,8,,,,,,,,0,0,"Written public comments must be received by 5PM the day before the meeting.
Please include the Item # in your comment and your position of “FOR,” “AGAINST,” ""GENERAL COMMENT,"" or ""ITEM NEEDS MORE CONSIDERATION.""
Email: BoardClerk@metro.net
Post Office Mail:
Board Administration
One Gateway Plaza
MS: 99-3-1
Los Angeles, CA 90012"
2915,2024-11-20,Construction Committee,134122,,7,,,,,,,,0,0,Written Public Comment Instruction:
2915,2024-11-20,Construction Committee,134123,,6,,,,,,,,0,0,Los comentarios del público se tomaran cuando se toma cada tema. Para dar un comentario público sobre una tema ingrese # 2 (Tecla de numero y dos) cuando se le solicite. Tenga en cuenta que la transmisión de video en vivo se retrasa unos 30 segundos con respecto a la reunión real. No hay retraso en la línea de acceso telefónico para comentarios públicos.
2915,2024-11-20,Construction Committee,134124,,5,,,,,,,,0,0,"Los comentarios publicos en vivo se pueden dar por telefono o en persona.

La Reunion de la Junta comienza a las 1:00 PM, hora del Pacifico, el 20 de Noviembre de 2024. Puedes unirte a la llamada 5 minutos antes del comienso de la junta.

Marque: 888-978-8818 y ingrese el codigo
Codigo de acceso en ingles: 5647249#
Codigo de acceso en espanol: 7292892#"
2915,2024-11-20,Construction Committee,134125,,4,,,,,,,,0,0,Instrucciones para comentarios publicos en vivo:
2915,2024-11-20,Construction Committee,134126,,3,,,,,,,,0,0,"Public comment will be taken as the Board takes up each item. To give public comment on an item, enter #2 (pound-two) when prompted. Please note that the live video feed lags about 30 seconds behind the actual meeting. There is no lag on the public comment dial-in line."
2915,2024-11-20,Construction Committee,134127,,2,,,,,,,,0,0,"Live public comment can be given by telephone or in-person.

The Committee Meeting begins at 1:00 PM Pacific Time on November 20, 2024; you may join the call 5 minutes prior to the start of the meeting.

Dial-in: 888-978-8818 and enter
English Access Code: 5647249#
Spanish Access Code: 7292892#"
2915,2024-11-20,Construction Committee,134128,,1,,,,,,,,0,0,Live Public Comment Instructions:
2915,2024-11-20,Construction Committee,135377,,9,,,,,,,,0,0,page break
2915,2024-11-20,Construction Committee,135385,9,15,10353,2024-0498,Contract,,,,,0,0,"AUTHORIZE the Chief Executive Officer or designee to: 

A.	AWARD Contract No. PS118736000 to Myers-Shimmick, a Joint Venture, for the North Hollywood to Pasadena Bus Rapid Transit Project (Project) Construction Manager/General Contractor (CM/GC) Phase 1 in the amount of $8,260,253 for Preconstruction Services, subject to the resolution of protest(s), if any;

B.	ESTABLISH a Preconstruction Budget for the Project in an amount of $135,183,738; and 

C.	NEGOTIATE and EXECUTE all project-related agr"
2915,2024-11-20,Construction Committee,135386,8,13,10668,2024-0813,Budget,,,,,0,0,"INCREASE the Life-of-Project (LOP) budget by $3,354,650, from $4,000,000 to $7,354,650 for the Chatsworth Station ADA Improvement Project."
2915,2024-11-20,Construction Committee,135570,,14,,,,,,,,0,0,page break
2916,2024-11-21,"Finance, Budget and Audit Committee",134129,,10,,,,,,,,0,0,CALL TO ORDER
2916,2024-11-21,"Finance, Budget and Audit Committee",134130,,11,,,,,,,,0,0,ROLL CALL
2916,2024-11-21,"Finance, Budget and Audit Committee",134131,10,12,10697,2024-0842,Contract,,,,,0,0,"AUTHORIZE the Chief Executive Officer to award a firm fixed unit rate Contract No. PS124467000 to US Bank National Association (U.S. Bank N.A.) for custodial banking services in an amount Not-to-Exceed (NTE) $1,193,550 for the three-year base term and $397,850 for each of the two, one-year option terms, for a total NTE amount of $1,989,250, effective April 1, 2025, subject to the resolution of any properly submitted protest(s), if any."
2916,2024-11-21,"Finance, Budget and Audit Committee",134372,11,13,10876,2024-1021,Informational Report,,,,,0,0,RECEIVE AND FILE the Management Audit Services FY 2025 First Quarter Report.
2916,2024-11-21,"Finance, Budget and Audit Committee",134373,,16,10907,2024-1052,Informational Report,,,,,0,0,RECEIVE General Public Comment
2916,2024-11-21,"Finance, Budget and Audit Committee",134374,,17,,,,,,,,0,0,"Consideration of items not on the posted agenda, including: items to be presented and (if requested) referred to staff; items to be placed on the agenda for action at a future meeting of the Committee or Board; and/or items requiring immediate action because of an emergency situation or where the need to take immediate action came to the attention of the Committee subsequent to the posting of the agenda."
2916,2024-11-21,"Finance, Budget and Audit Committee",134375,,18,,,,,,,,0,0,COMMENTS FROM THE PUBLIC ON ITEMS OF PUBLIC INTEREST WITHIN COMMITTEE’S SUBJECT MATTER JURISDICTION
2916,2024-11-21,"Finance, Budget and Audit Committee",134376,,19,,,,,,,,0,0,Adjournment
2916,2024-11-21,"Finance, Budget and Audit Committee",134377,,1,,,,,,,,0,0,Live Public Comment Instructions:
2916,2024-11-21,"Finance, Budget and Audit Committee",134378,,8,,,,,,,,0,0,"Written public comments must be received by 5PM the day before the meeting.
Please include the Item # in your comment and your position of “FOR,” “AGAINST,”
""GENERAL COMMENT,"" or ""ITEM NEEDS MORE CONSIDERATION.""
Email: BoardClerk@metro.net
Post Office Mail:
Board Administration
One Gateway Plaza
MS: 99-3-1
Los Angeles, CA 90012"
2916,2024-11-21,"Finance, Budget and Audit Committee",134379,,7,,,,,,,,0,0,Written Public Comment Instruction:
2916,2024-11-21,"Finance, Budget and Audit Committee",134380,,6,,,,,,,,0,0,"Los comentarios del público se tomaran cuando se toma cada tema. Para dar un comentario público sobre una tema ingrese # 2 (Tecla de numero y dos) cuando se le solicite. Tenga en cuenta que la transmisión de video en vivo se retrasa unos 30 segundos con respecto a la reunión real. No hay retraso en la línea de
acceso telefónico para comentarios públicos."
2916,2024-11-21,"Finance, Budget and Audit Committee",134381,,5,,,,,,,,0,0,"Los comentarios publicos en vivo se pueden dar por telefono o en persona.

La Reunion de la Junta comienza a las 10:00 AM, hora del Pacifico, el 21 de Noviembre de 2024. Puedes unirte a la llamada 5 minutos antes del comienso de la junta.

Marque: 888-978-8818 y ingrese el codigo
Codigo de acceso en ingles: 5647249#
Codigo de acceso en espanol: 7292892#"
2916,2024-11-21,"Finance, Budget and Audit Committee",134382,,4,,,,,,,,0,0,Instrucciones para comentarios publicos en vivo:
2916,2024-11-21,"Finance, Budget and Audit Committee",134383,,3,,,,,,,,0,0,"Public comment will be taken as the Board takes up each item. To give public comment on an item, enter #2 (pound-two) when prompted. Please note that the live video feed lags about 30 seconds behind the actual meeting. There is no lag on the public comment dial-in line."
2916,2024-11-21,"Finance, Budget and Audit Committee",134384,,2,,,,,,,,0,0,"Live public comment can be given by telephone or in-person.

The Meeting begins at 10:00 AM Pacific Time on November 21, 2024; you may join the call 5 minutes prior to the start of the meeting.

Dial-in: 888-978-8818 and enter
English Access Code: 5647249#
Spanish Access Code: 7292892#"
2916,2024-11-21,"Finance, Budget and Audit Committee",135373,13,15,10823,2024-0968,Oral Report / Presentation,,,,,0,0,RECEIVE oral report on the preparation for initiating the FY26 budget development process.
2916,2024-11-21,"Finance, Budget and Audit Committee",135374,12,14,10853,2024-0998,Program,,,,,0,0,"CONSIDER:

A.	ADOPTING the revised Proposition A 5% of 40% Incentive Guidelines (Attachment A); and

B.	AUTHORIZING the Chief Executive Officer to amend existing agreements between Los Angeles County Metropolitan Transportation Authority (Metro) and Local Transit Operators to incorporate guideline amendments, and execute all necessary future agreements as pertains to this program."
2916,2024-11-21,"Finance, Budget and Audit Committee",135376,,9,,,,,,,,0,0,page break
2917,2024-11-21,Executive Management Committee,134386,,10,,,,,,,,0,0,CALL TO ORDER
2917,2024-11-21,Executive Management Committee,134387,,11,,,,,,,,0,0,ROLL CALL
2917,2024-11-21,Executive Management Committee,134388,14,12,10806,2024-0951,Contract,,,,,0,0,"AUTHORIZE the Chief Executive Officer to execute Modification No. 2 to Communications Support Services Bench Contract Nos. PS85397000 through PS85397015 to:

A.	INCREASE the cumulative contract value of the Bench contracts in an amount not-to-exceed  $18,000,000, increasing the cumulative contract value from $32,000,000 to $50,000,000; and

B.	EXECUTE task orders for a Not-to-Exceed (NTE) total authorized amount of $5,000,000."
2917,2024-11-21,Executive Management Committee,134656,,19,10908,2024-1053,Informational Report,,,,,0,0,RECEIVE General Public Comment
2917,2024-11-21,Executive Management Committee,134657,,20,,,,,,,,0,0,"Consideration of items not on the posted agenda, including: items to be presented and (if requested) referred to staff; items to be placed on the agenda for action at a future meeting of the Committee or Board; and/or items requiring immediate action because of an emergency situation or where the need to take immediate action came to the attention of the Committee subsequent to the posting of the agenda."
2917,2024-11-21,Executive Management Committee,134658,,21,,,,,,,,0,0,COMMENTS FROM THE PUBLIC ON ITEMS OF PUBLIC INTEREST WITHIN COMMITTEE’S SUBJECT MATTER JURISDICTION
2917,2024-11-21,Executive Management Committee,134659,,22,,,,,,,,0,0,Adjournment
2917,2024-11-21,Executive Management Committee,134660,,8,,,,,,,,0,0,"Written public comments must be received by 5PM the day before the meeting.
Please include the Item # in your comment and your position of “FOR,” “AGAINST,”
""GENERAL COMMENT,"" or ""ITEM NEEDS MORE CONSIDERATION.""
Email: BoardClerk@metro.net
Post Office Mail:
Board Administration
One Gateway Plaza
MS: 99-3-1
Los Angeles, CA 90012"
2917,2024-11-21,Executive Management Committee,134661,,7,,,,,,,,0,0,Written Public Comment Instruction:
2917,2024-11-21,Executive Management Committee,134662,,6,,,,,,,,0,0,"Los comentarios del público se tomaran cuando se toma cada tema. Para dar un comentario público sobre una tema ingrese # 2 (Tecla de numero y dos) cuando se le solicite. Tenga en cuenta que la transmisión de video en vivo se retrasa unos 30 segundos con respecto a la reunión real. No hay retraso en la línea de
acceso telefónico para comentarios públicos."
2917,2024-11-21,Executive Management Committee,134663,,5,,,,,,,,0,0,"Los comentarios publicos en vivo se pueden dar por telefono o en persona.

La Reunion de la Junta comienza a las 11:00 AM, hora del Pacifico, el 21 de Noviembre de 2024. Puedes unirte a la llamada 5 minutos antes del comienso de la junta.

Marque: 888-978-8818 y ingrese el codigo
Codigo de acceso en ingles: 5647249#
Codigo de acceso en espanol: 7292892#"
2917,2024-11-21,Executive Management Committee,134664,,4,,,,,,,,0,0,Instrucciones para comentarios publicos en vivo:
2917,2024-11-21,Executive Management Committee,134665,,3,,,,,,,,0,0,"Public comment will be taken as the Board takes up each item. To give public comment on an item, enter #2 (pound-two) when prompted. Please note that the live video feed lags about 30 seconds behind the actual meeting. There is no lag on the public comment dial-in line."
2917,2024-11-21,Executive Management Committee,134666,,2,,,,,,,,0,0,"Live public comment can be given by telephone or in-person.

The Meeting begins at 11:00 AM Pacific Time on November 21, 2024; you may join the call 5 minutes prior to the start of the meeting.

Dial-in: 888-978-8818 and enter
English Access Code: 5647249#
Spanish Access Code: 7292892#"
2917,2024-11-21,Executive Management Committee,134667,,1,,,,,,,,0,0,Live Public Comment Instructions:
2917,2024-11-21,Executive Management Committee,135371,18,18,10368,2024-0513,Policy,,,,,0,0,"CONSIDER:

A.	ADOPTING the amended System Advertising Policy (Attachment A); and

B.	ADOPTING the amended Commercial Sponsorship and Adoption Policy (Attachment B)."
2917,2024-11-21,Executive Management Committee,135372,16,15,10620,2024-0765,Motion / Motion Response,,,,,0,0,"CONSIDER:

A.	RECEIVING AND FILING the Quarterly Update on the Transit Community Public Safety Department (TCPSD) Implementation Plan; and

B.	AUTHORIZING the Chief Executive Officer (CEO), or their designee, to incorporate new job classifications into appropriate existing collective bargaining units, as determined by the CEO."
2917,2024-11-21,Executive Management Committee,135379,,9,,,,,,,,0,0,page break
2917,2024-11-21,Executive Management Committee,135387,17,17,10780,2024-0925,Rule / By-law,,,,,0,0,"CONSIDER: 

A.	RECEIVING AND FILING the Community Advisory Council update; and 

B.	APPROVING CAC’s revisions to their Bylaws (Attachment A)."
2917,2024-11-21,Executive Management Committee,135573,15,13,10914,2024-1059,Contract,,,,,0,0,"AUTHORIZE the Chief Executive Officer (CEO) to:

A.	EXECUTE Modification No. 1 to Contract No. PS108564000 with McKinsey & Company, Inc. (McKinsey) to provide consultant support services for hiring process improvements, continued job classification analysis, and execution of strategies to reduce vacancy rates and retain talent, in an amount Not-to-Exceed (NTE) $3,477,500, increasing the contract value from $497,500 to $3,975,000 and extend the period of performance from June 30, 2025 to Decemb"
2917,2024-11-21,Executive Management Committee,135575,,16,,,,,,,,0,0,"(ALSO ON OPERATIONS, SAFETY, AND CUSTOMER EXPERIENCE COMMITTEE)"
2917,2024-11-21,Executive Management Committee,135578,,14,,,,,,,,0,0,page break
2918,2024-11-21,"Operations, Safety, and Customer Experience Committee",134996,,10,,,,,,,,0,0,CALL TO ORDER
2918,2024-11-21,"Operations, Safety, and Customer Experience Committee",134997,,11,,,,,,,,0,0,ROLL CALL
2918,2024-11-21,"Operations, Safety, and Customer Experience Committee",135332,30,25,10827,2024-0972,Informational Report,,,,,0,0,RECEIVE oral report on Operations.
2918,2024-11-21,"Operations, Safety, and Customer Experience Committee",135333,,34,10909,2024-1054,Informational Report,,,,,0,0,RECEIVE General Public Comment
2918,2024-11-21,"Operations, Safety, and Customer Experience Committee",135334,,35,,,,,,,,0,0,"Consideration of items not on the posted agenda, including: items to be presented and (if requested) referred to staff; items to be placed on the agenda for action at a future meeting of the Committee or Board; and/or items requiring immediate action because of an emergency situation or where the need to take immediate action came to the attention of the Committee subsequent to the posting of the agenda."
2918,2024-11-21,"Operations, Safety, and Customer Experience Committee",135335,,36,,,,,,,,0,0,COMMENTS FROM THE PUBLIC ON ITEMS OF PUBLIC INTEREST WITHIN COMMITTEE’S SUBJECT MATTER JURISDICTION
2918,2024-11-21,"Operations, Safety, and Customer Experience Committee",135336,,37,,,,,,,,0,0,Adjournment
2918,2024-11-21,"Operations, Safety, and Customer Experience Committee",135337,,8,,,,,,,,0,0,"Written public comments must be received by 5PM the day before the meeting.
Please include the Item # in your comment and your position of “FOR,” “AGAINST,”
""GENERAL COMMENT,"" or ""ITEM NEEDS MORE CONSIDERATION.""
Email: BoardClerk@metro.net
Post Office Mail:
Board Administration
One Gateway Plaza
MS: 99-3-1
Los Angeles, CA 90012"
2918,2024-11-21,"Operations, Safety, and Customer Experience Committee",135338,,7,,,,,,,,0,0,Written Public Comment Instruction:
2918,2024-11-21,"Operations, Safety, and Customer Experience Committee",135339,,6,,,,,,,,0,0,"Los comentarios del público se tomaran cuando se toma cada tema. Para dar un comentario público sobre una tema ingrese # 2 (Tecla de numero y dos) cuando se le solicite. Tenga en cuenta que la transmisión de video en vivo se retrasa unos 30 segundos con respecto a la reunión real. No hay retraso en la línea de
acceso telefónico para comentarios públicos."
2918,2024-11-21,"Operations, Safety, and Customer Experience Committee",135340,,5,,,,,,,,0,0,"Los comentarios publicos en vivo se pueden dar por telefono o en persona.

La Reunion de la Junta comienza a las 1:00 PM, hora del Pacifico, el 21 de Noviembre de 2024. Puedes unirte a la llamada 5 minutos antes del comienso de la junta.

Marque: 888-978-8818 y ingrese el codigo
Codigo de acceso en ingles: 5647249#
Codigo de acceso en espanol: 7292892#"
2918,2024-11-21,"Operations, Safety, and Customer Experience Committee",135341,,4,,,,,,,,0,0,Instrucciones para comentarios publicos en vivo:
2918,2024-11-21,"Operations, Safety, and Customer Experience Committee",135342,,3,,,,,,,,0,0,"Public comment will be taken as the Board takes up each item. To give public comment on an item, enter #2 (pound-two) when prompted. Please note that the live video feed lags about 30 seconds behind the actual meeting. There is no lag on the public comment dial-in line."
2918,2024-11-21,"Operations, Safety, and Customer Experience Committee",135343,,2,,,,,,,,0,0,"Live public comment can be given by telephone or in-person.

The Meeting begins at 1:00 PM Pacific Time on November 21, 2024; you may join the call 5 minutes prior to the start of the meeting.

Dial-in: 888-978-8818 and enter
English Access Code: 5647249#
Spanish Access Code: 7292892#"
2918,2024-11-21,"Operations, Safety, and Customer Experience Committee",135344,,1,,,,,,,,0,0,Live Public Comment Instructions:
2918,2024-11-21,"Operations, Safety, and Customer Experience Committee",135359,28,23,10390,2024-0535,Contract,,,,,0,0,"CONSIDER:

A.	AUTHORIZING the Chief Executive Officer to execute Modification No. 7 to Contract No. PS88001001 with Strive Well-Being Inc. to continue to provide Transit Ambassador Pilot Program services while staff transitions the Ambassador Program in-house, in the amount of $6,500,000, increasing the current three-year base Not-to-Exceed (NTE) contract value from $24,103,235 to $30,603,235; and

B.	AMENDING the FY25 Budget by $1,500,000 to pay for additional Ambassador presence to support"
2918,2024-11-21,"Operations, Safety, and Customer Experience Committee",135360,27,22,10350,2024-0495,Contract,,,,,0,0,"AUTHORIZE the Chief Executive Officer to:

A.	AWARD a firm fixed price Contract No. PS121478000 to International Institute of Los Angeles (IILA) to provide the Low Income Fare is Easy (LIFE) Program administration services for all regions in Los Angeles County and Not-to-Exceed (NTE) in the amount of $9,569,484 for the three-year base period, $3,545,396 for the first option year, and $3,694,533 for the second option year, for a total combined NTE contract value of $16,809,413, effective on Jan"
2918,2024-11-21,"Operations, Safety, and Customer Experience Committee",135361,26,20,10333,2024-0478,Contract,,,,,0,0,"AUTHORIZE the Chief Executive Officer (CEO) to execute Contract Modification No. 24 with New Flyer of America in the not-to-exceed amount of $7,938,707 under Contract No. OP28367-001, to procure seven on-route opportunity chargers, replace the same number of chargers installed on the G-Line Bus Rapid Transit (BRT) line and include a Service Level Agreement to ensure reliability and availability, increasing the total contract value from $66,460,743  to $74,399,450. This Contract Modification does"
2918,2024-11-21,"Operations, Safety, and Customer Experience Committee",135362,25,19,10366,2024-0511,Contract,,,,,0,0,"INCREASE the Life of Project (LOP) budget for the P2000 Light Rail Vehicle (LRV) Midlife Modernization Project, Capital Project (CP) 206044, by $20,053,926.00, increasing the total LOP budget from $160,800,000.00 to $180,853,926.00."
2918,2024-11-21,"Operations, Safety, and Customer Experience Committee",135363,24,18,10498,2024-0643,Contract,,,,,0,0,"AUTHORIZE the Chief Executive Officer to: 

A.	AWARD a firm fixed price Contract No. OP123557000 to Hitachi Rail STS USA, Inc. (Hitachi) in the amount of $24,444,798.94 to modify the onboard automatic train control (ATC) software on Metro’s Light Rail Vehicles (LRVs) to only allow the doors on the platform side to open upon the vehicle berthing, subject to resolution of any properly submitted protest(s), if any;

B.	FIND that there is only a single source of procurement for the proprietary ATC s"
2918,2024-11-21,"Operations, Safety, and Customer Experience Committee",135364,23,17,10815,2024-0960,Contract,,,,,0,0,"AUTHORIZE the Chief Executive Officer to utilize the State of California Statewide Fleet Vehicles Contract for a Not-to-Exceed (NTE) expenditure amount of $24,034,308 inclusive of sales tax, for 142 electric sedans, 5 electric trucks, 97 hybrid sport utility vehicles (SUVs), 125 pick-up trucks, and 118 cargo/passenger vans. Five suppliers will fulfill delivery of the vehicles under contract with the State of California.

YAROSLAVSKY AMENDMENT: Report back in 120 days with a nonrevenue vehicle "
2918,2024-11-21,"Operations, Safety, and Customer Experience Committee",135365,22,16,10812,2024-0957,Contract,,,,,0,0,"AUTHORIZE the Chief Executive Officer to award a firm fixed price Contract No. DR123696000 for 15 pickup trucks with ladder racks and liftgates to Tom’s Truck Center North County, LLC, the lowest responsive and responsible bidder, for a total contract amount of $1,038,311.32, inclusive of sales tax, subject to the resolution of any properly submitted protest(s), if any."
2918,2024-11-21,"Operations, Safety, and Customer Experience Committee",135366,21,14,10670,2024-0815,Contract,,,,,0,0,"AUTHORIZE the Chief Executive Officer (CEO) to award a firm fixed unit rate Contract No. OP1167960008370 to Mariposa Tree Management Inc., for tree trimming services throughout Metro bus and rail facilities, in the Not-To-Exceed (NTE) amount of $1,925,190 for the three-year base period and $1,183,600 for the one, two-year option, for a combined NTE amount of $3,108,790, effective January 1, 2025; subject to resolution of any properly submitted protest(s), if any."
2918,2024-11-21,"Operations, Safety, and Customer Experience Committee",135367,20,13,10847,2024-0992,Contract,,,,,0,0,"AUTHORIZE the Chief Executive Officer to award a firm fixed unit rate Contract No. PS123023000 to Byrnes & Associates to provide Workplace Drug & Alcohol Testing Program compliance oversight services in the Not-to-Exceed (NTE) amount of $676,899 for the three-year base term, and $225,633 for each of the two, one-year options, for a total combined NTE amount of $1,128,165, effective February 1, 2025, subject to the resolution of any properly submitted protest, if any."
2918,2024-11-21,"Operations, Safety, and Customer Experience Committee",135368,19,12,10826,2024-0971,Informational Report,,,,,0,0,RECOGNIZE Operations Employees of the Month.
2918,2024-11-21,"Operations, Safety, and Customer Experience Committee",135378,,9,,,,,,,,0,0,page break
2918,2024-11-21,"Operations, Safety, and Customer Experience Committee",135389,32,28,10845,2024-0990,Informational Report,,,,,0,0,"RECEIVE AND FILE a status report on the bus and rail service changes effective Sunday, December 15, 2024."
2918,2024-11-21,"Operations, Safety, and Customer Experience Committee",135390,31,27,10384,2024-0529,Informational Report,,,,,0,0,RECEIVE AND FILE status update report on NextGen Bus Ridership.
2918,2024-11-21,"Operations, Safety, and Customer Experience Committee",135391,33,30,10820,2024-0965,Informational Report,,,,,0,0,RECEIVE AND FILE the Public Safety Report.
2918,2024-11-21,"Operations, Safety, and Customer Experience Committee",135574,29,24,10844,2024-0989,Contract,,,,,0,0,"AUTHORIZE the Chief Executive Officer to:

A.	AWARD an Indefinite Delivery/Indefinite Quantity (IDIQ) Contract No. OP122943001 for the Metro Micro Contracted Services -  North Region to Nomad Transit, LLC, a wholly owned subsidiary of Via Transportation, Inc. to provide on-demand Microtransit operations services in the Not-to-Exceed (NTE) amount of $45,008,012.36 for the three-year base term and $47,058,021.47 for the  three-year option term, for a total combined NTE amount of $92,066,033.83, ef"
2918,2024-11-21,"Operations, Safety, and Customer Experience Committee",135576,16,32,10620,2024-0765,Motion / Motion Response,,,,,0,0,"CONSIDER:

A.	RECEIVING AND FILING the Quarterly Update on the Transit Community Public Safety Department (TCPSD) Implementation Plan; and

B.	AUTHORIZING the Chief Executive Officer (CEO), or their designee, to incorporate new job classifications into appropriate existing collective bargaining units, as determined by the CEO."
2918,2024-11-21,"Operations, Safety, and Customer Experience Committee",135577,,33,,,,,,,,0,0,(ALSO ON EXECUTIVE MANAGEMENT COMMITTEE)
2918,2024-11-21,"Operations, Safety, and Customer Experience Committee",135579,,15,,,,,,,,0,0,page break
2918,2024-11-21,"Operations, Safety, and Customer Experience Committee",135580,,21,,,,,,,,0,0,page break
2918,2024-11-21,"Operations, Safety, and Customer Experience Committee",135581,,29,,,,,,,,0,0,
2918,2024-11-21,"Operations, Safety, and Customer Experience Committee",135582,,26,,,,,,,,0,0,page break
2918,2024-11-21,"Operations, Safety, and Customer Experience Committee",135583,,31,,,,,,,,0,0,page break
2919,2024-12-05,Board of Directors - Regular Board Meeting,135399,,10,,,,,,,,0,0,CALL TO ORDER
2919,2024-12-05,Board of Directors - Regular Board Meeting,135400,,11,,,,,,,,1,0,ROLL CALL
2919,2024-12-05,Board of Directors - Regular Board Meeting,135554,,9,,,,,,,,0,0,page break
2919,2024-12-05,Board of Directors - Regular Board Meeting,135555,,72,,,,,,,,0,0,"Consideration of items not on the posted agenda, including: items to be presented and (if requested) referred to staff; items to be placed on the agenda for action at a future meeting of the Committee or Board; and/or items requiring immediate action because of an emergency situation or where the need to take immediate action came to the attention of the Committee subsequent to the posting of the agenda."
2919,2024-12-05,Board of Directors - Regular Board Meeting,135556,,73,,,,,,,,0,0,COMMENTS FROM THE PUBLIC ON ITEMS OF PUBLIC INTEREST WITHIN COMMITTEE’S SUBJECT MATTER JURISDICTION
2919,2024-12-05,Board of Directors - Regular Board Meeting,135557,,74,,,,,,,,0,0,Adjournment
2919,2024-12-05,Board of Directors - Regular Board Meeting,135558,,6,,,,,,,,0,0,Los comentarios del público se tomaran cuando se toma cada tema. Para dar un comentario público sobre una tema ingrese # 2 (Tecla de numero y dos) cuando se le solicite. Tenga en cuenta que la transmisión de video en vivo se retrasa unos 30 segundos con respecto a la reunión real. No hay retraso en la línea de acceso telefónico para comentarios públicos.
2919,2024-12-05,Board of Directors - Regular Board Meeting,135559,,5,,,,,,,,0,0,"Los comentarios publicos en vivo se pueden dar por telefono o en persona.

La Reunion de la Junta comienza a las 10:00 AM, hora del Pacifico, el 5 de Diciembre de 2024. Puedes unirte a la llamada 5 minutos antes del comienso de la junta.

Marque: 888-978-8818 y ingrese el codigo
Codigo de acceso en ingles: 5647249#
Codigo de acceso en espanol: 7292892#"
2919,2024-12-05,Board of Directors - Regular Board Meeting,135560,,4,,,,,,,,0,0,Instrucciones para comentarios publicos en vivo:
2919,2024-12-05,Board of Directors - Regular Board Meeting,135561,,2,,,,,,,,0,0,"Live public comment can be given by telephone or in-person.

The Meeting begins at 10:00 AM Pacific Time on December 5, 2024; you may join the call 5 minutes prior to the start of the meeting.

Dial-in: 888-978-8818 and enter
English Access Code: 5647249#
Spanish Access Code: 7292892#
"
2919,2024-12-05,Board of Directors - Regular Board Meeting,135562,,1,,,,,,,,0,0,Live Public Comment Instructions:
2919,2024-12-05,Board of Directors - Regular Board Meeting,135563,,3,,,,,,,,0,0,"Public comment will be taken as the Board takes up each item. To give public comment on an item, enter #2 (pound-two) when prompted. Please note that the live video feed lags about 30 seconds behind the actual meeting. There is no lag on the public comment dial-in line."
2919,2024-12-05,Board of Directors - Regular Board Meeting,135564,,13,,,,,,,,0,0,NON-CONSENT
2919,2024-12-05,Board of Directors - Regular Board Meeting,135584,,8,,,,,,,,0,0,"Written public comments must be received by 5PM the day before the meeting.
Please include the Item # in your comment and your position of “FOR,” “AGAINST,” ""GENERAL COMMENT,"" or ""ITEM NEEDS MORE CONSIDERATION.""
Email: BoardClerk@metro.net
Post Office Mail:
Board Administration
One Gateway Plaza
MS: 99-3-1
Los Angeles, CA 90012"
2919,2024-12-05,Board of Directors - Regular Board Meeting,135585,,7,,,,,,,,0,0,Written Public Comment Instruction:
2919,2024-12-05,Board of Directors - Regular Board Meeting,135586,,12,,,,,,,,0,0,"1. APPROVE Consent Calendar Items: 2, 5, 6, 10, 12, 14, 15, 16, 17, 18, 20, 21, 22, 24**, 25, 26, 27, 28 and 29. 

**Item requires 2/3 vote of the Full Board. 

Consent Calendar items are approved by one motion unless held by a Director for discussion and/or separate action.

All Consent Calendar items are listed at the end of the agenda, beginning on page 8."
2919,2024-12-05,Board of Directors - Regular Board Meeting,135587,,71,10934,2024-1079,Informational Report,,,,,0,0,RECEIVE General Public Comment
2919,2024-12-05,Board of Directors - Regular Board Meeting,135588,34,22,10886,2024-1031,Federal Legislation / State Legislation (Position),ADOPTED AS AMENDED,Pass,Janice Hahn,Tim Sandoval,0,0,"CONSIDER: 

A.	RECEIVING the State and Federal Legislative Report; 

B.	ADOPTING the proposed 2025 Federal Legislative Program as outlined in Attachment A; and  

C.	ADOPTING the proposed 2025 State Legislative Program as outlined in Attachment B.  

HAHN AMENDMENT: Include in Attachment B, Goal 2, support for a Transportation 
Bond."
2919,2024-12-05,Board of Directors - Regular Board Meeting,135589,4,15,10933,2024-1078,Oral Report / Presentation,RECEIVED,Pass,,,0,0,RECEIVE report by the Chief Executive Officer.
2919,2024-12-05,Board of Directors - Regular Board Meeting,135590,3,14,10932,2024-1077,Oral Report / Presentation,RECEIVED,Pass,,,0,0,RECEIVE remarks by the Chair.
2919,2024-12-05,Board of Directors - Regular Board Meeting,135591,2,29,10935,2024-1080,Minutes,APPROVED,Pass,Tim Sandoval,Holly J. Mitchell,,1,"APPROVE Minutes of the Regular Board Meeting held October 31, 2024."
2919,2024-12-05,Board of Directors - Regular Board Meeting,135592,,28,,,,,,,,0,0,"CONSENT CALENDAR - ITEMS 2, 5, 6, 10, 12, 14, 15, 16, 17, 18, 20, 21, 22, 24, 25, 26, 27, 28 and 29. "
2919,2024-12-05,Board of Directors - Regular Board Meeting,135594,,26,,,,,,,,0,0,END OF NON-CONSENT
2919,2024-12-05,Board of Directors - Regular Board Meeting,135596,8,17,10668,2024-0813,Budget,ADOPTED,Pass,Lindsey Horvath,Janice Hahn,0,0,"INCREASE the Life-of-Project (LOP) budget by $3,354,650, from $4,000,000 to $7,354,650 for the Chatsworth Station ADA Improvement Project."
2919,2024-12-05,Board of Directors - Regular Board Meeting,135597,7,16,10822,2024-0967,Contract,APPROVED,Pass,Tim Sandoval,Hilda L. Solis,0,0,"CONSIDER:

A.	APPROVING an increase in total authorized funding and executing Modification No. 12 to Contract No. AE47810E0128 with SECOTrans (Joint Venture of Hatch Associates Consultants, Inc., NBA Engineering Inc., Pacific Railway Enterprises Inc., and Ramos Consulting Services, Inc), for pending and future Task Orders to provide systems engineering and support services for Metro Rail and Bus Transit projects, in the Not-to-Exceed (NTE) amount of $35,000,000, increasing the total contract a"
2919,2024-12-05,Board of Directors - Regular Board Meeting,135598,9,18,10353,2024-0498,Contract,APPROVED,Pass,Hilda L. Solis,Paul Krekorian,0,0,"AUTHORIZE the Chief Executive Officer or designee to: 

A.	AWARD Contract No. PS118736000 to Myers-Shimmick, a Joint Venture, for the North Hollywood to Pasadena Bus Rapid Transit Project (Project) Construction Manager/General Contractor (CM/GC) Phase 1 in the amount of $8,260,253 for Preconstruction Services, subject to the resolution of protest(s), if any;

B.	ESTABLISH a Preconstruction Budget for the Project in an amount of $135,183,738; and 

C.	NEGOTIATE and EXECUTE all project-related agr"
2919,2024-12-05,Board of Directors - Regular Board Meeting,135619,20,53,10847,2024-0992,Contract,APPROVED,Pass,Tim Sandoval,Holly J. Mitchell,0,1,"AUTHORIZE the Chief Executive Officer to award a firm fixed unit rate Contract No. PS123023000 to Byrnes & Associates to provide Workplace Drug & Alcohol Testing Program compliance oversight services in the Not-to-Exceed (NTE) amount of $676,899 for the three-year base term, and $225,633 for each of the two, one-year options, for a total combined NTE amount of $1,128,165, effective February 1, 2025, subject to the resolution of any properly submitted protest, if any."
2919,2024-12-05,Board of Directors - Regular Board Meeting,135620,,52,,,,,,,,0,0,"OPERATIONS, SAFETY, AND CUSTOMER EXPERIENCE COMMITTEE MADE THE FOLLOWING RECOMMENDATION (4-0):"
2919,2024-12-05,Board of Directors - Regular Board Meeting,135621,18,51,10368,2024-0513,Policy,ADOPTED,Pass,Tim Sandoval,Holly J. Mitchell,0,1,"CONSIDER:

A.	ADOPTING the amended System Advertising Policy (Attachment A); and

B.	ADOPTING the amended Commercial Sponsorship and Adoption Policy (Attachment B)."
2919,2024-12-05,Board of Directors - Regular Board Meeting,135622,,50,,,,,,,,0,0,EXECUTIVE MANAGEMENT COMMITTEE MADE THE FOLLOWING RECOMMENDATION (3-0):
2919,2024-12-05,Board of Directors - Regular Board Meeting,135623,17,48,10780,2024-0925,Rule / By-law,ADOPTED,Pass,Tim Sandoval,Holly J. Mitchell,0,1,"CONSIDER: 

A.	RECEIVING AND FILING the Community Advisory Council update; and 

B.	APPROVING CAC’s revisions to their Bylaws (Attachment A)."
2919,2024-12-05,Board of Directors - Regular Board Meeting,135624,,47,,,,,,,,0,0,EXECUTIVE MANAGEMENT COMMITTEE MADE THE FOLLOWING RECOMMENDATION (3-0):
2919,2024-12-05,Board of Directors - Regular Board Meeting,135625,16,46,10620,2024-0765,Motion / Motion Response,APPROVED,Pass,Tim Sandoval,Holly J. Mitchell,0,1,"CONSIDER:

A.	RECEIVING AND FILING the Quarterly Update on the Transit Community Public Safety Department (TCPSD) Implementation Plan; and

B.	AUTHORIZING the Chief Executive Officer (CEO), or their designee, to incorporate new job classifications into appropriate existing collective bargaining units, as determined by the CEO."
2919,2024-12-05,Board of Directors - Regular Board Meeting,135626,,45,,,,,,,,0,0,"EXECUTIVE MANAGEMENT COMMITTEE (3-0) AND OPERATIONS, SAFETY, AND CUSTOMER EXPERIENCE COMMITTEE (4-0) MADE THE FOLLOWING RECOMMENDATION:"
2919,2024-12-05,Board of Directors - Regular Board Meeting,135627,15,44,10914,2024-1059,Contract,APPROVED ON CONSENT CALENDAR,Pass,Tim Sandoval,Holly J. Mitchell,0,0,"AUTHORIZE the Chief Executive Officer (CEO) to:

A.	EXECUTE Modification No. 1 to Contract No. PS108564000 with McKinsey & Company, Inc. (McKinsey) to provide consultant support services for hiring process improvements, continued job classification analysis, and execution of strategies to reduce vacancy rates and retain talent, in an amount Not-to-Exceed (NTE) $3,477,500, increasing the contract value from $497,500 to $3,975,000 and extend the period of performance from June 30, 2025 to Decemb"
2919,2024-12-05,Board of Directors - Regular Board Meeting,135628,,43,,,,,,,,0,0,EXECUTIVE MANAGEMENT COMMITTEE MADE THE FOLLOWING RECOMMENDATION (3-0):
2919,2024-12-05,Board of Directors - Regular Board Meeting,135629,14,42,10806,2024-0951,Contract,APPROVED ON CONSENT CALENDAR,Pass,Tim Sandoval,Holly J. Mitchell,0,0,"AUTHORIZE the Chief Executive Officer to execute Modification No. 2 to Communications Support Services Bench Contract Nos. PS85397000 through PS85397015 to:

A.	INCREASE the cumulative contract value of the Bench contracts in an amount not-to-exceed  $18,000,000, increasing the cumulative contract value from $32,000,000 to $50,000,000; and

B.	EXECUTE task orders for a Not-to-Exceed (NTE) total authorized amount of $5,000,000."
2919,2024-12-05,Board of Directors - Regular Board Meeting,135630,12,39,10853,2024-0998,Program,APPROVED,Pass,Tim Sandoval,Holly J. Mitchell,0,1,"CONSIDER:

A.	ADOPTING the revised Proposition A 5% of 40% Incentive Guidelines (Attachment A); and

B.	AUTHORIZING the Chief Executive Officer to amend existing agreements between Los Angeles County Metropolitan Transportation Authority (Metro) and Local Transit Operators to incorporate guideline amendments, and execute all necessary future agreements as pertains to this program."
2919,2024-12-05,Board of Directors - Regular Board Meeting,135631,,38,,,,,,,,0,0,"FINANCE, BUDGET, AND AUDIT COMMITTEE MADE THE FOLLOWING RECOMMENDATION (3-0):"
2919,2024-12-05,Board of Directors - Regular Board Meeting,135632,10,37,10697,2024-0842,Contract,APPROVED ON CONSENT CALENDAR,Pass,Tim Sandoval,Holly J. Mitchell,0,0,"AUTHORIZE the Chief Executive Officer to award a firm fixed unit rate Contract No. PS124467000 to US Bank National Association (U.S. Bank N.A.) for custodial banking services in an amount Not-to-Exceed (NTE) $1,193,550 for the three-year base term and $397,850 for each of the two, one-year option terms, for a total NTE amount of $1,989,250, effective April 1, 2025, subject to the resolution of any properly submitted protest(s), if any."
2919,2024-12-05,Board of Directors - Regular Board Meeting,135633,,36,,,,,,,,0,0,"FINANCE, BUDGET, AND AUDIT COMMITTEE MADE THE FOLLOWING RECOMMENDATION (3-0):"
2919,2024-12-05,Board of Directors - Regular Board Meeting,135634,6,34,10885,2024-1030,Program,APPROVED,Pass,Tim Sandoval,Holly J. Mitchell,0,1,"DEOBLIGATE $434,969.47 of previously approved MAT funding and returning those funds to the MAT Program."
2919,2024-12-05,Board of Directors - Regular Board Meeting,135635,,33,,,,,,,,0,0,PLANNING AND PROGRAMMING COMMITTEE MADE THE FOLLOWING RECOMMENDATION (3-0):
2919,2024-12-05,Board of Directors - Regular Board Meeting,135636,5,32,10821,2024-0966,Program,APPROVED,Pass,Tim Sandoval,Holly J. Mitchell,0,1,"CONSIDER:

A.	APPROVING:

1.	Programming of $2,049,073 within the capacity of Measure M Multi-Year Subregional Program (MSP) - Active Transportation Program, as shown in Attachment A;

2.	Deobligating $1,960,567 in Measure M MSP - Transit Program, as shown in Attachment B;

3.	Inter-program borrowing and programming of $17,752,182 from Measure M MSP - Transit Program to Measure M MSP - Highway Efficiency Program, as shown in Attachment C; and

B.	AUTHORIZING the CEO or their designee to negotiat"
2919,2024-12-05,Board of Directors - Regular Board Meeting,135637,,31,,,,,,,,0,0,PLANNING AND PROGRAMMING COMMITTEE MADE THE FOLLOWING RECOMMENDATION (3-0):
2919,2024-12-05,Board of Directors - Regular Board Meeting,135639,29,70,10844,2024-0989,Contract,APPROVED ON CONSENT CALENDAR,Pass,Tim Sandoval,Holly J. Mitchell,0,0,"AUTHORIZE the Chief Executive Officer to:

A.	AWARD an Indefinite Delivery/Indefinite Quantity (IDIQ) Contract No. OP122943001 for the Metro Micro Contracted Services -  North Region to Nomad Transit, LLC, a wholly owned subsidiary of Via Transportation, Inc. to provide on-demand Microtransit operations services in the Not-to-Exceed (NTE) amount of $45,008,012.36 for the three-year base term and $47,058,021.47 for the  three-year option term, for a total combined NTE amount of $92,066,033.83, ef"
2919,2024-12-05,Board of Directors - Regular Board Meeting,135640,,69,,,,,,,,0,0,"OPERATIONS, SAFETY, AND CUSTOMER EXPERIENCE COMMITTEE MADE THE FOLLOWING RECOMMENDATION (4-0):"
2919,2024-12-05,Board of Directors - Regular Board Meeting,135641,28,68,10390,2024-0535,Contract,APPROVED ON CONSENT CALENDAR,Pass,Tim Sandoval,Holly J. Mitchell,0,0,"CONSIDER:

A.	AUTHORIZING the Chief Executive Officer to execute Modification No. 7 to Contract No. PS88001001 with Strive Well-Being Inc. to continue to provide Transit Ambassador Pilot Program services while staff transitions the Ambassador Program in-house, in the amount of $6,500,000, increasing the current three-year base Not-to-Exceed (NTE) contract value from $24,103,235 to $30,603,235; and

B.	AMENDING the FY25 Budget by $1,500,000 to pay for additional Ambassador presence to support"
2919,2024-12-05,Board of Directors - Regular Board Meeting,135642,,67,,,,,,,,0,0,"OPERATIONS, SAFETY, AND CUSTOMER EXPERIENCE COMMITTEE MADE THE FOLLOWING RECOMMENDATION (4-0):"
2919,2024-12-05,Board of Directors - Regular Board Meeting,135643,27,65,10350,2024-0495,Contract,APPROVED,Pass,Karen Bass,Hilda L. Solis,0,0,"AUTHORIZE the Chief Executive Officer to:

A.	AWARD a firm fixed price Contract No. PS121478000 to International Institute of Los Angeles (IILA) to provide the Low Income Fare is Easy (LIFE) Program administration services for all regions in Los Angeles County and Not-to-Exceed (NTE) in the amount of $9,569,484 for the three-year base period, $3,545,396 for the first option year, and $3,694,533 for the second option year, for a total combined NTE contract value of $16,809,413, effective on Jan"
2919,2024-12-05,Board of Directors - Regular Board Meeting,135644,,64,,,,,,,,0,0,"OPERATIONS, SAFETY, AND CUSTOMER EXPERIENCE COMMITTEE MADE THE FOLLOWING RECOMMENDATION (4-0):"
2919,2024-12-05,Board of Directors - Regular Board Meeting,135645,26,63,10333,2024-0478,Contract,APPROVED ON CONSENT CALENDAR,Pass,Tim Sandoval,Holly J. Mitchell,0,0,"AUTHORIZE the Chief Executive Officer (CEO) to execute Contract Modification No. 24 with New Flyer of America in the not-to-exceed amount of $7,938,707 under Contract No. OP28367-001, to procure seven on-route opportunity chargers, replace the same number of chargers installed on the G-Line Bus Rapid Transit (BRT) line and include a Service Level Agreement to ensure reliability and availability, increasing the total contract value from $66,460,743  to $74,399,450. This Contract Modification does"
2919,2024-12-05,Board of Directors - Regular Board Meeting,135646,,62,,,,,,,,0,0,"OPERATIONS, SAFETY, AND CUSTOMER EXPERIENCE COMMITTEE MADE THE FOLLOWING RECOMMENDATION (3-0):"
2919,2024-12-05,Board of Directors - Regular Board Meeting,135647,25,61,10366,2024-0511,Contract,APPROVED,Pass,Tim Sandoval,Holly J. Mitchell,0,1,"INCREASE the Life of Project (LOP) budget for the P2000 Light Rail Vehicle (LRV) Midlife Modernization Project, Capital Project (CP) 206044, by $20,053,926.00, increasing the total LOP budget from $160,800,000.00 to $180,853,926.00."
2919,2024-12-05,Board of Directors - Regular Board Meeting,135648,,60,,,,,,,,0,0,"OPERATIONS, SAFETY, AND CUSTOMER EXPERIENCE COMMITTEE MADE THE FOLLOWING RECOMMENDATION (4-0):"
2919,2024-12-05,Board of Directors - Regular Board Meeting,135649,24,59,10498,2024-0643,Contract,APPROVED ON CONSENT CALENDAR,Pass,Tim Sandoval,Holly J. Mitchell,0,0,"AUTHORIZE the Chief Executive Officer to: 

A.	AWARD a firm fixed price Contract No. OP123557000 to Hitachi Rail STS USA, Inc. (Hitachi) in the amount of $24,444,798.94 to modify the onboard automatic train control (ATC) software on Metro’s Light Rail Vehicles (LRVs) to only allow the doors on the platform side to open upon the vehicle berthing, subject to resolution of any properly submitted protest(s), if any;

B.	FIND that there is only a single source of procurement for the proprietary ATC s"
2919,2024-12-05,Board of Directors - Regular Board Meeting,135650,,58,,,,,,,,0,0,"OPERATIONS, SAFETY, AND CUSTOMER EXPERIENCE COMMITTEE MADE THE FOLLOWING RECOMMENDATION (4-0):"
2919,2024-12-05,Board of Directors - Regular Board Meeting,135651,22,57,10812,2024-0957,Contract,APPROVED,Pass,Tim Sandoval,Holly J. Mitchell,0,1,"AUTHORIZE the Chief Executive Officer to award a firm fixed price Contract No. DR123696000 for 15 pickup trucks with ladder racks and liftgates to Tom’s Truck Center North County, LLC, the lowest responsive and responsible bidder, for a total contract amount of $1,038,311.32, inclusive of sales tax, subject to the resolution of any properly submitted protest(s), if any."
2919,2024-12-05,Board of Directors - Regular Board Meeting,135652,,56,,,,,,,,0,0,"OPERATIONS, SAFETY, AND CUSTOMER EXPERIENCE COMMITTEE MADE THE FOLLOWING RECOMMENDATION (4-0):"
2919,2024-12-05,Board of Directors - Regular Board Meeting,135653,21,55,10670,2024-0815,Contract,APPROVED ON CONSENT CALENDAR,Pass,Tim Sandoval,Holly J. Mitchell,0,0,"AUTHORIZE the Chief Executive Officer (CEO) to award a firm fixed unit rate Contract No. OP1167960008370 to Mariposa Tree Management Inc., for tree trimming services throughout Metro bus and rail facilities, in the Not-To-Exceed (NTE) amount of $1,925,190 for the three-year base period and $1,183,600 for the one, two-year option, for a combined NTE amount of $3,108,790, effective January 1, 2025; subject to resolution of any properly submitted protest(s), if any."
2919,2024-12-05,Board of Directors - Regular Board Meeting,135654,,54,,,,,,,,0,0,"OPERATIONS, SAFETY, AND CUSTOMER EXPERIENCE COMMITTEE MADE THE FOLLOWING RECOMMENDATION (4-0):"
2919,2024-12-05,Board of Directors - Regular Board Meeting,135655,23,21,10815,2024-0960,Contract,WITHDRAWN,,,,0,0,"AUTHORIZE the Chief Executive Officer to utilize the State of California Statewide Fleet Vehicles Contract for a Not-to-Exceed (NTE) expenditure amount of $24,034,308 inclusive of sales tax, for 142 electric sedans, 5 electric trucks, 97 hybrid sport utility vehicles (SUVs), 125 pick-up trucks, and 118 cargo/passenger vans. Five suppliers will fulfill delivery of the vehicles under contract with the State of California.

YAROSLAVSKY AMENDMENT: Report back in 120 days with a nonrevenue vehicle "
2919,2024-12-05,Board of Directors - Regular Board Meeting,135656,,20,,,,,,,,0,0,"OPERATIONS, SAFETY, AND CUSTOMER EXPERIENCE COMMITTEE MADE THE FOLLOWING RECOMMENDATION AS AMENDED (4-0):"
2919,2024-12-05,Board of Directors - Regular Board Meeting,135657,,41,,,,,,,,0,0,EXECUTIVE MANAGEMENT COMMITTEE MADE THE FOLLOWING RECOMMENDATION (3-0):
2919,2024-12-05,Board of Directors - Regular Board Meeting,135658,,19,,,,,,,,0,0,page break
2919,2024-12-05,Board of Directors - Regular Board Meeting,135661,35,24,10925,2024-1070,Agreement,APPROVED,Pass,Hilda L. Solis,Kathryn Barger,0,0,"AUTHORIZE the Chief Executive Officer to:

A.	EXECUTE successor collective bargaining agreement with the International Brotherhood of Teamsters Union Local 911(Teamsters), effective July 1, 2024; and

B.	AMEND the FY25 budget in the amount of $3.7 million for the implementation of the wage and benefit changes for the approval of the final collective bargaining agreement."
2919,2024-12-05,Board of Directors - Regular Board Meeting,135822,36,25,10952,2024-1097,Oral Report / Presentation,RECEIVED,Pass,,,0,0,ACKNOWLEDGMENT of outgoing Board Director Paul Krekorian.
2919,2024-12-05,Board of Directors - Regular Board Meeting,135858,,23,,,,,,,,0,0,page break
2919,2024-12-05,Board of Directors - Regular Board Meeting,135859,,30,,,,,,,,0,0,page break
2919,2024-12-05,Board of Directors - Regular Board Meeting,135860,,35,,,,,,,,0,0,page break
2919,2024-12-05,Board of Directors - Regular Board Meeting,135861,,40,,,,,,,,0,0,page break
2919,2024-12-05,Board of Directors - Regular Board Meeting,135863,,49,,,,,,,,0,0,page break
2919,2024-12-05,Board of Directors - Regular Board Meeting,135867,,66,,,,,,,,0,0,page break
2919,2024-12-05,Board of Directors - Regular Board Meeting,136276,,,,,,APPROVED ON CONSENT CALENDAR,Pass,Tim Sandoval,Holly J. Mitchell,0,1,Approval of the Consent Agenda
2964,2024-05-30,PTSC-MTA Risk Management Authority,127159,,10,,,,,,,,0,0,CALL TO ORDER
2964,2024-05-30,PTSC-MTA Risk Management Authority,127160,,11,,,,,,,,0,0,ROLL CALL
2964,2024-05-30,PTSC-MTA Risk Management Authority,127170,,21,10223,2024-0368,Oral Report / Presentation,,,,,0,0,RECEIVE General Public Comment.
2964,2024-05-30,PTSC-MTA Risk Management Authority,127171,,22,,,,,,,,0,0,Adjournment
2964,2024-05-30,PTSC-MTA Risk Management Authority,127172,,23,,,,,,,,0,0,"Consideration of items not on the posted agenda, including: items to be presented and (if requested) referred to staff; items to be placed on the agenda for action at a future meeting of the Committee or Board; and/or items requiring immediate action because of an emergency situation or where the need to take immediate action came to the attention of the Committee subsequent to the posting of the agenda."
2964,2024-05-30,PTSC-MTA Risk Management Authority,127173,,4,,,,,,,,0,0,Instrucciones para comentarios publicos en vivo:
2964,2024-05-30,PTSC-MTA Risk Management Authority,127174,,3,,,,,,,,0,0,"Public comment will be taken as the Board takes up each item. To give public comment on an item, enter #2 (pound-two) when prompted. Please note that the live video feed lags about 30 seconds behind the actual meeting. There is no lag on the public comment dial-in line."
2964,2024-05-30,PTSC-MTA Risk Management Authority,127175,,2,,,,,,,,0,0,"Live public comment can be given by telephone or in-person.

The Board Meeting begins at 12:00 PM Pacific Time on May 30, 2024; you may join the call 5 minutes prior to the start of the meeting.

Dial-in: 202-735-3323 and enter
English Access Code: 5647249#
Spanish Access Code: 7292892#"
2964,2024-05-30,PTSC-MTA Risk Management Authority,127176,,1,,,,,,,,0,0,Live Public Comment Instructions:
2964,2024-05-30,PTSC-MTA Risk Management Authority,127177,,7,,,,,,,,0,0,Written Public Comment Instruction:
2964,2024-05-30,PTSC-MTA Risk Management Authority,127178,,6,,,,,,,,0,0,"Los comentarios del público se tomaran cuando se toma cada tema. Para dar un comentario público sobre una tema ingrese # 2 (Tecla de numero y dos) cuando se le solicite. Tenga en cuenta que la transmisión de video en vivo se retrasa unos 30 segundos con respecto a la reunión real. No hay retraso en la línea de
acceso telefónico para comentarios públicos."
2964,2024-05-30,PTSC-MTA Risk Management Authority,127179,,5,,,,,,,,0,0,"Los comentarios publicos en vivo se pueden dar por telefono o en persona.

La Reunion de la Junta comienza a las 12:00 PM, hora del Pacifico, el 30 de Mayo de 2024. Puedes unirte a la llamada 5 minutos antes del comienso de la junta.

Marque: 202-735-3323 y ingrese el codigo
Codigo de acceso en ingles: 5647249#
Codigo de acceso en espanol: 7292892#"
2964,2024-05-30,PTSC-MTA Risk Management Authority,127180,,8,,,,,,,,0,0,"Written public comments must be received by 5PM the day before the meeting. Please include the Item # in your comment and your position of “FOR,” “AGAINST,” ""GENERAL COMMENT,"" or ""ITEM NEEDS MORE CONSIDERATION.""
Email: BoardClerk@metro.net
Post Office Mail:
Board Administration
One Gateway Plaza
MS: 99-3-1
Los Angeles, CA 90012"
2964,2024-05-30,PTSC-MTA Risk Management Authority,127181,,9,,,,,,,,0,0,page break
2964,2024-05-30,PTSC-MTA Risk Management Authority,127182,8,20,10229,2024-0374,Oral Report / Presentation,,,,,0,0,SCHEDULE future meeting and discuss agenda items for next meeting.
2964,2024-05-30,PTSC-MTA Risk Management Authority,127183,7,19,10227,2024-0372,Oral Report / Presentation,,,,,0,0,CONSIDER items of new business.
2964,2024-05-30,PTSC-MTA Risk Management Authority,127184,4,15,10237,2024-0382,Oral Report / Presentation,,,,,0,0,RECEIVE oral report on discussion of the 2022-2023 audited annual financial activities.
2964,2024-05-30,PTSC-MTA Risk Management Authority,127185,3,14,10235,2024-0380,Oral Report / Presentation,,,,,0,0,RECEIVE AND FILE report of audited annual financial activities for 2022-2023.
2964,2024-05-30,PTSC-MTA Risk Management Authority,127186,1,12,10221,2024-0366,Minutes,,,,,0,0,"APPROVE Minutes of the Regular Board Meeting held May 19, 2023."
2964,2024-05-30,PTSC-MTA Risk Management Authority,127193,2,13,10236,2024-0381,Oral Report / Presentation,,,,,0,0,"Election of Officers (President, Vice President, Clerk/Treasurer-Auditor)."
2964,2024-05-30,PTSC-MTA Risk Management Authority,127194,5,16,10238,2024-0383,Oral Report / Presentation,,,,,0,0,RECEIVE AND FILE report of annual self-insurance plan filing with the Department of Industrial Relations for 2022-2023.
2964,2024-05-30,PTSC-MTA Risk Management Authority,127196,6,17,10239,2024-0384,Oral Report / Presentation,,,,,0,0,"RECEIVE oral report on discussion of the June 30, 2023 actuarial study."
2964,2024-05-30,PTSC-MTA Risk Management Authority,127198,,18,,,,,,,,0,0,page break
3000,2024-10-03,Measure M Independent Taxpayer Oversight Committee,131051,,9,,,,,,,,0,0,CALL TO ORDER
3000,2024-10-03,Measure M Independent Taxpayer Oversight Committee,131052,,10,,,,,,,,0,0,ROLL CALL
3000,2024-10-03,Measure M Independent Taxpayer Oversight Committee,131053,,20,,,,,,,,0,0, 
3000,2024-10-03,Measure M Independent Taxpayer Oversight Committee,131397,,21,10395,2024-0540,Informational Report,,,,,0,0,RECEIVE General Public Comment
3000,2024-10-03,Measure M Independent Taxpayer Oversight Committee,131398,,22,,,,,,,,0,0,"Consideration of items not on the posted agenda, including: items to be presented and (if requested) referred to staff; items to be placed on the agenda for action at a future meeting of the Committee or Board; and/or items requiring immediate action because of an emergency situation or where the need to take immediate action came to the attention of the Committee subsequent to the posting of the agenda."
3000,2024-10-03,Measure M Independent Taxpayer Oversight Committee,131399,,23,,,,,,,,0,0,COMMENTS FROM THE PUBLIC ON ITEMS OF PUBLIC INTEREST WITHIN COMMITTEE’S SUBJECT MATTER JURISDICTION
3000,2024-10-03,Measure M Independent Taxpayer Oversight Committee,131400,,24,,,,,,,,0,0,Adjournment
3000,2024-10-03,Measure M Independent Taxpayer Oversight Committee,131401,,8,,,,,,,,0,0,"Written public comments must be received by 5PM the day before the meeting.
Please include the Item # in your comment and your position of “FOR,” “AGAINST,” ""GENERAL COMMENT,"" or ""ITEM NEEDS MORE CONSIDERATION.""
Email: BoardClerk@metro.net
Post Office Mail:
Board Administration
One Gateway Plaza
MS: 99-3-1
Los Angeles, CA 90012"
3000,2024-10-03,Measure M Independent Taxpayer Oversight Committee,131402,,7,,,,,,,,0,0,Written Public Comment Instruction:
3000,2024-10-03,Measure M Independent Taxpayer Oversight Committee,131403,,6,,,,,,,,0,0,Los comentarios del público se tomaran cuando se toma cada tema. Para dar un comentario público sobre una tema ingrese # 2 (Tecla de numero y dos) cuando se le solicite. Tenga en cuenta que la transmisión de video en vivo se retrasa unos 30 segundos con respecto a la reunión real. No hay retraso en la línea de acceso telefónico para comentarios públicos.
3000,2024-10-03,Measure M Independent Taxpayer Oversight Committee,131404,,5,,,,,,,,0,0,"Los comentarios publicos en vivo se pueden dar por telefono o en persona.

La Reunion de la Junta comienza a las 1:30 PM, hora del Pacifico, el 3 de Octubre de 2024.Puedes unirte a la llamada 5 minutos antes del comienso de la junta.

Marque: 202-735-3323 y ingrese el codigo
Codigo de acceso en ingles: 5647249#
Codigo de acceso en espanol: 7292892#"
3000,2024-10-03,Measure M Independent Taxpayer Oversight Committee,131405,,4,,,,,,,,0,0,Instrucciones para comentarios publicos en vivo:
3000,2024-10-03,Measure M Independent Taxpayer Oversight Committee,131406,,3,,,,,,,,0,0,"Public comment will be taken as the Board takes up each item. To give public comment on an item, enter #2 (pound-two) when prompted. Please note that the live video feed lags about 30 seconds behind the actual meeting. There is no lag on the public comment dial-in line."
3000,2024-10-03,Measure M Independent Taxpayer Oversight Committee,131407,,2,,,,,,,,0,0,"Live public comment can be given by telephone or in-person.

The Meeting begins at 1:30 PM Pacific Time on October 3, 2024; you may join the call 5 minutes prior to the start of the meeting.

Dial-in: 202-735-3323 and enter
English Access Code: 5647249#
Spanish Access Code: 7292892#"
3000,2024-10-03,Measure M Independent Taxpayer Oversight Committee,131408,,1,,,,,,,,0,0,Live Public Comment Instructions:
3000,2024-10-03,Measure M Independent Taxpayer Oversight Committee,131425,,19,,,,,,,,0,0,
3000,2024-10-03,Measure M Independent Taxpayer Oversight Committee,131426,1,11,10374,2024-0519,Oral Report / Presentation,,,,,0,0,RECEIVE remarks by the Chair.
3000,2024-10-03,Measure M Independent Taxpayer Oversight Committee,131427,2,12,10394,2024-0539,Minutes,,,,,0,0,"APPROVE Minutes of the Measure M Independent Taxpayer Oversight Committee Meeting held June 5, 2024."
3000,2024-10-03,Measure M Independent Taxpayer Oversight Committee,131630,7,18,10338,2024-0483,Oral Report / Presentation,,,,,0,0,"RECEIVE oral report on Measure M Active Transportation, programmed revenues, and uses to support discussion on the effective and efficient use of funds."
3000,2024-10-03,Measure M Independent Taxpayer Oversight Committee,131631,4,14,10370,2024-0515,Oral Report / Presentation,,,,,0,0,RECEIVE oral report on Local Return programmed revenues and uses for Los Angeles County jurisdictions to support discussion on the effective and efficient use of funds.
3000,2024-10-03,Measure M Independent Taxpayer Oversight Committee,131632,3,13,10371,2024-0516,Informational Report,,,,,0,0,RECEIVE oral report on review of the Measure M transit operations budget and countywide bus service metrics to support discussion on the effective and efficient use of funds.
3000,2024-10-03,Measure M Independent Taxpayer Oversight Committee,131633,6,17,10362,2024-0507,Oral Report / Presentation,,,,,0,0,RECEIVE oral report on Transit and Highway Capital Projects to support discussion on the effective and efficient use of funds.
3000,2024-10-03,Measure M Independent Taxpayer Oversight Committee,131634,5,15,10311,2024-0456,Oral Report / Presentation,,,,,0,0,RECEIVE oral report on State of Good Repair budget and expenses.
3000,2024-10-03,Measure M Independent Taxpayer Oversight Committee,133377,,16,,,,,,,,0,0,page break
3001,2024-12-11,Measure M Independent Taxpayer Oversight Committee,135868,,10,,,,,,,,0,0,CALL TO ORDER
3001,2024-12-11,Measure M Independent Taxpayer Oversight Committee,135869,,11,,,,,,,,0,0,ROLL CALL
3001,2024-12-11,Measure M Independent Taxpayer Oversight Committee,135870,5,16,10387,2024-0532,Oral Report / Presentation,,,,,0,0,RECEIVE oral report on State of Good Repair budget and expenses.
3001,2024-12-11,Measure M Independent Taxpayer Oversight Committee,136232,,20,10960,2024-1105,Informational Report,,,,,0,0,RECEIVE General Public Comment
3001,2024-12-11,Measure M Independent Taxpayer Oversight Committee,136233,,21,,,,,,,,0,0,"Consideration of items not on the posted agenda, including: items to be presented and (if requested) referred to staff; items to be placed on the agenda for action at a future meeting of the Committee or Board; and/or items requiring immediate action because of an emergency situation or where the need to take immediate action came to the attention of the Committee subsequent to the posting of the agenda."
3001,2024-12-11,Measure M Independent Taxpayer Oversight Committee,136234,,22,,,,,,,,0,0,COMMENTS FROM THE PUBLIC ON ITEMS OF PUBLIC INTEREST WITHIN COMMITTEE’S SUBJECT MATTER JURISDICTION
3001,2024-12-11,Measure M Independent Taxpayer Oversight Committee,136235,,23,,,,,,,,0,0,Adjournment
3001,2024-12-11,Measure M Independent Taxpayer Oversight Committee,136236,,9,,,,,,,,0,0,page break
3001,2024-12-11,Measure M Independent Taxpayer Oversight Committee,136237,,1,,,,,,,,0,0,Live Public Comment Instructions:
3001,2024-12-11,Measure M Independent Taxpayer Oversight Committee,136238,,7,,,,,,,,0,0,Written Public Comment Instruction:
3001,2024-12-11,Measure M Independent Taxpayer Oversight Committee,136239,,8,,,,,,,,0,0,"Written public comments must be received by 5PM the day before the meeting.
Please include the Item # in your comment and your position of “FOR,” “AGAINST,” ""GENERAL COMMENT,"" or ""ITEM NEEDS MORE CONSIDERATION.""
Email: BoardClerk@metro.net
Post Office Mail:
Board Administration
One Gateway Plaza
MS: 99-3-1
Los Angeles, CA 90012"
3001,2024-12-11,Measure M Independent Taxpayer Oversight Committee,136240,,3,,,,,,,,0,0,"Public comment will be taken as the Board takes up each item. To give public comment on an item, enter #2 (pound-two) when prompted. Please note that the live video feed lags about 30 seconds behind the actual meeting. There is no lag on the public comment dial-in line."
3001,2024-12-11,Measure M Independent Taxpayer Oversight Committee,136241,,6,,,,,,,,0,0,Los comentarios del público se tomaran cuando se toma cada tema. Para dar unb comentario público sobre una tema ingrese # 2 (Tecla de numero y dos) cuando se le solicite. Tenga en cuenta que la transmisión de video en vivo se retrasa unos 30 segundos con respecto a la reunión real. No hay retraso en la línea de acceso telefónico para comentarios públicos.
3001,2024-12-11,Measure M Independent Taxpayer Oversight Committee,136242,,2,,,,,,,,0,0,"Live public comment can be given by telephone or in-person.

The Meeting begins at 10:00 AM Pacific Time on December 11, 2024; you may join the call 5 minutes prior to the start of the meeting.

Dial-in: 888-978-8818 and enter
English Access Code: 5647249#
Spanish Access Code: 7292892#"
3001,2024-12-11,Measure M Independent Taxpayer Oversight Committee,136243,,5,,,,,,,,0,0,"Los comentarios publicos en vivo se pueden dar por telefono o en persona.

La Reunion de la Junta comienza a las 10:00 AM, hora del Pacifico, el 11 de Diciembre de 2024. Puedes unirte a la llamada 5 minutos antes del comienso de la junta.

Marque: 888-978-8818 y ingrese el codigo
Codigo de acceso en ingles: 5647249#
Codigo de acceso en espanol: 7292892#"
3001,2024-12-11,Measure M Independent Taxpayer Oversight Committee,136244,,4,,,,,,,,0,0,Instrucciones para comentarios publicos en vivo:
3001,2024-12-11,Measure M Independent Taxpayer Oversight Committee,136245,2,13,10959,2024-1104,Minutes,,,,,0,0,"APPROVE Minutes of the Measure M Independent Taxpayer Oversight Committee Meeting held October 3, 2024."
3001,2024-12-11,Measure M Independent Taxpayer Oversight Committee,136246,1,12,10921,2024-1066,Oral Report / Presentation,,,,,0,0,RECEIVE remarks by the Chair.
3001,2024-12-11,Measure M Independent Taxpayer Oversight Committee,136247,4,15,10896,2024-1041,Oral Report / Presentation,,,,,0,0,RECEIVE oral report on Local Return programmed revenues and uses for Los Angeles County jurisdictions to support discussion on the effective and efficient use of funds.
3001,2024-12-11,Measure M Independent Taxpayer Oversight Committee,136248,3,14,10895,2024-1040,Informational Report,,,,,0,0,RECEIVE oral report on review of the Measure M transit operations budget and countywide bus service metrics to support discussion on the effective and efficient use of funds.
3001,2024-12-11,Measure M Independent Taxpayer Oversight Committee,136249,6,18,10892,2024-1037,Oral Report / Presentation,,,,,0,0,RECEIVE oral report on Transit and Highway Capital Projects to support discussion on the effective and efficient use of funds.
3001,2024-12-11,Measure M Independent Taxpayer Oversight Committee,136250,7,19,10884,2024-1029,Oral Report / Presentation,,,,,0,0,"RECEIVE oral report on Measure M Active Transportation, programmed revenues, and uses  to support discussion on the effective and efficient use of funds."
3001,2024-12-11,Measure M Independent Taxpayer Oversight Committee,136251,,17,,,,,,,,0,0,page break
3027,2024-10-23,Special Board Meeting/Ad Hoc 2028 Olympic & Paralympic Games Committee,133418,,9,,,,,,,,0,0,CALL TO ORDER
3027,2024-10-23,Special Board Meeting/Ad Hoc 2028 Olympic & Paralympic Games Committee,133419,,10,,,,,,,,1,0,ROLL CALL
3027,2024-10-23,Special Board Meeting/Ad Hoc 2028 Olympic & Paralympic Games Committee,133420,7,14,10769,2024-0914,Plan,APPROVED,Pass,Jacquelyn Dupont-Walker,Fernando Dutra,0,0,"CONSIDER: 

A.	RECEIVING AND FILING the Mobility Concept Plan (MCP) Implementation Report, and;

B.	AUTHORIZING the CEO or their designee to amend the FY25 budget, in the amount of $9.67 million, to advance Metro-led GME STP projects with the Program."
3027,2024-10-23,Special Board Meeting/Ad Hoc 2028 Olympic & Paralympic Games Committee,133421,,17,,,,,,,,0,0, 
3027,2024-10-23,Special Board Meeting/Ad Hoc 2028 Olympic & Paralympic Games Committee,133422,,18,10782,2024-0927,Informational Report,,,,,0,0,RECEIVE General Public Comment
3027,2024-10-23,Special Board Meeting/Ad Hoc 2028 Olympic & Paralympic Games Committee,133423,,19,,,,,,,,0,0,"Consideration of items not on the posted agenda, including: items to be presented and (if requested) referred to staff; items to be placed on the agenda for action at a future meeting of the Committee or Board; and/or items requiring immediate action because of an emergency situation or where the need to take immediate action came to the attention of the Committee subsequent to the posting of the agenda."
3027,2024-10-23,Special Board Meeting/Ad Hoc 2028 Olympic & Paralympic Games Committee,133424,,20,,,,,,,,0,0,COMMENTS FROM THE PUBLIC ON ITEMS OF PUBLIC INTEREST WITHIN COMMITTEE’S SUBJECT MATTER JURISDICTION
3027,2024-10-23,Special Board Meeting/Ad Hoc 2028 Olympic & Paralympic Games Committee,133425,,21,,,,,,,,0,0,Adjournment
3027,2024-10-23,Special Board Meeting/Ad Hoc 2028 Olympic & Paralympic Games Committee,133426,,8,,,,,,,,0,0,"Written public comments must be received by 5PM the day before the meeting.
Please include the Item # in your comment and your position of “FOR,” “AGAINST,” ""GENERAL COMMENT,"" or ""ITEM NEEDS MORE CONSIDERATION.""
Email: BoardClerk@metro.net
Post Office Mail:
Board Administration
One Gateway Plaza
MS: 99-3-1
Los Angeles, CA 90012"
3027,2024-10-23,Special Board Meeting/Ad Hoc 2028 Olympic & Paralympic Games Committee,133427,,7,,,,,,,,0,0,Written Public Comment Instruction:
3027,2024-10-23,Special Board Meeting/Ad Hoc 2028 Olympic & Paralympic Games Committee,133428,,6,,,,,,,,0,0,Los comentarios del público se tomaran cuando se toma cada tema. Para dar un comentario público sobre una tema ingrese # 2 (Tecla de numero y dos) cuando se le solicite. Tenga en cuenta que la transmisión de video en vivo se retrasa unos 30 segundos con respecto a la reunión real. No hay retraso en la línea de acceso telefónico para comentarios públicos.
3027,2024-10-23,Special Board Meeting/Ad Hoc 2028 Olympic & Paralympic Games Committee,133429,,5,,,,,,,,0,0,"Los comentarios publicos en vivo se pueden dar por telefono o en persona.

La Reunion de la Junta comienza a las 10:00 AM, hora del Pacifico, el 23 de Octubre de 2024. Puedes unirte a la llamada 5 minutos antes del comienso de la junta.

Marque: 202-735-3323 y ingrese el codigo
Codigo de acceso en ingles: 5647249#
Codigo de acceso en espanol: 7292892#"
3027,2024-10-23,Special Board Meeting/Ad Hoc 2028 Olympic & Paralympic Games Committee,133430,,4,,,,,,,,0,0,Instrucciones para comentarios publicos en vivo:
3027,2024-10-23,Special Board Meeting/Ad Hoc 2028 Olympic & Paralympic Games Committee,133431,,3,,,,,,,,0,0,"Public comment will be taken as the Board takes up each item. To give public comment on an item, enter #2 (pound-two) when prompted. Please note that the live video feed lags about 30 seconds behind the actual meeting. There is no lag on the public comment dial-in line."
3027,2024-10-23,Special Board Meeting/Ad Hoc 2028 Olympic & Paralympic Games Committee,133432,,2,,,,,,,,0,0,"Live public comment can be given by telephone or in-person.

The Committee Meeting begins at 10:00 AM Pacific Time on October 23, 2024; you may join the call 5 minutes prior to the start of the meeting.

Dial-in: 202-735-3323 and enter
English Access Code: 5647249#
Spanish Access Code: 7292892#"
3027,2024-10-23,Special Board Meeting/Ad Hoc 2028 Olympic & Paralympic Games Committee,133433,,1,,,,,,,,0,0,Live Public Comment Instructions:
3027,2024-10-23,Special Board Meeting/Ad Hoc 2028 Olympic & Paralympic Games Committee,133477,6,13,10768,2024-0913,Project,APPROVED,Pass,Tim Sandoval,Jacquelyn Dupont-Walker,0,0,"CONSIDER:

A.	RECEIVING AND FILING the Reconnecting Communities & Neighborhoods (RCN) grant update, and;

B.	AUTHORIZE the CEO or their designee to: 

1.	program $161.8 million for the projects listed in Attachment A which includes $139.2 million awarded through the RCN grant and $22.6 million of local funds; and

2.	negotiate and execute all necessary agreements and/or amendments with the agencies for projects contained in the RCN grant."
3027,2024-10-23,Special Board Meeting/Ad Hoc 2028 Olympic & Paralympic Games Committee,133478,5,12,10767,2024-0912,Informational Report,RECEIVED AND FILED,Pass,,,0,0,RECEIVE AND FILE the report on lessons learned by Metro staff that observed public transport for the 2024 Paris Olympic and Paralympic Games.
3027,2024-10-23,Special Board Meeting/Ad Hoc 2028 Olympic & Paralympic Games Committee,133479,,11,,,,,,,,0,0,
3027,2024-10-23,Special Board Meeting/Ad Hoc 2028 Olympic & Paralympic Games Committee,133480,8,15,10850,2024-0995,Motion / Motion Response,APPROVED,Pass,Lindsey Horvath,Hilda L. Solis,0,0,"APPROVE Motion by Hahn, Horvath, Solis, Butts, and Bass, as amended by Horvath and Mitchell that the Board direct the Chief Executive Officer to:

A.	Update plans with additional information on the Games Enhanced Transit System and regional preparations for the 2028 Olympic and Paralympic games, including:

1.	A staffing plan;

2.	Estimated total costs for this system, including State and Federal funding sources that can pay for most of all these costs;

3.	Coordination of efforts with, but not "
3027,2024-10-23,Special Board Meeting/Ad Hoc 2028 Olympic & Paralympic Games Committee,133509,,16,,,,,,,,0,0,(CARRIED OVER FROM SEPTEMBER'S REGULAR BOARD MEETING)
