event_id,event_date,body,item_id,agenda_number,agenda_sequence,matter_id,matter_file,matter_type,action,passed,mover,seconder,roll_call_flag,consent,title
2920,2025-01-15,Ad Hoc 2028 Olympic & Paralympic Games Committee,136303,,10,,,,,,,,0,0,CALL TO ORDER
2920,2025-01-15,Ad Hoc 2028 Olympic & Paralympic Games Committee,136304,,11,,,,,,,,0,0,ROLL CALL
2920,2025-01-15,Ad Hoc 2028 Olympic & Paralympic Games Committee,136305,5,13,10974,2024-1119,Policy,,,,,0,0,"CONSIDER: 

A.	RECEIVING AND FILING the 2028 Mobility Concept Plan (MCP) Implementation Report Interim Update; and

B.	AUTHORIZING the Chief Executive Officer (CEO) or their designee to negotiate and execute all necessary agreements for and/or amendments for acceptance and/or sub-granting of grant funding for the Mobility Wallet expansion up to the total amounts listed in the 2028 MCP for “Universal Basic Mobility Expansion Systemwide” - $40 million, and “Metro Universal Fare and Ticketing I"
2920,2025-01-15,Ad Hoc 2028 Olympic & Paralympic Games Committee,136324,,15,11009,2024-1154,Informational Report,,,,,0,0,RECEIVE General Public Comment
2920,2025-01-15,Ad Hoc 2028 Olympic & Paralympic Games Committee,136325,,16,,,,,,,,0,0,GENERAL PUBLIC COMMENT
2920,2025-01-15,Ad Hoc 2028 Olympic & Paralympic Games Committee,136326,,17,,,,,,,,0,0,"Consideration of items not on the posted agenda, including: items to be presented and (if requested) referred to staff; items to be placed on the agenda for action at a future meeting of the Committee or Board; and/or items requiring immediate action because of an emergency situation or where the need to take immediate action came to the attention of the Committee subsequent to the posting of the agenda."
2920,2025-01-15,Ad Hoc 2028 Olympic & Paralympic Games Committee,136327,,18,,,,,,,,0,0,COMMENTS FROM THE PUBLIC ON ITEMS OF PUBLIC INTEREST WITHIN COMMITTEE’S SUBJECT MATTER JURISDICTION
2920,2025-01-15,Ad Hoc 2028 Olympic & Paralympic Games Committee,136328,,19,,,,,,,,0,0,Adjournment
2920,2025-01-15,Ad Hoc 2028 Olympic & Paralympic Games Committee,136329,,9,,,,,,,,0,0,page break
2920,2025-01-15,Ad Hoc 2028 Olympic & Paralympic Games Committee,136330,,8,,,,,,,,0,0,"Written public comments must be received by 5PM the day before the meeting.
Please include the Item # in your comment and your position of “FOR,” “AGAINST,” ""GENERAL COMMENT,"" or ""ITEM NEEDS MORE CONSIDERATION.""
Email: BoardClerk@metro.net
Post Office Mail:
Board Administration
One Gateway Plaza
MS: 99-3-1
Los Angeles, CA 90012"
2920,2025-01-15,Ad Hoc 2028 Olympic & Paralympic Games Committee,136331,,7,,,,,,,,0,0,Written Public Comment Instruction:
2920,2025-01-15,Ad Hoc 2028 Olympic & Paralympic Games Committee,136332,,6,,,,,,,,0,0,Los comentarios del público se tomaran cuando se toma cada tema. Para dar un comentario público sobre una tema ingrese # 2 (Tecla de numero y dos) cuando se le solicite. Tenga en cuenta que la transmisión de video en vivo se retrasa unos 30 segundos con respecto a la reunión real. No hay retraso en la línea de acceso telefónico para comentarios públicos.
2920,2025-01-15,Ad Hoc 2028 Olympic & Paralympic Games Committee,136333,,5,,,,,,,,0,0,"Los comentarios publicos en vivo se pueden dar por telefono o en persona.

La Reunion de la Junta comienza a las 10:00 AM, hora del Pacifico, el 15 de Enero de 2025. Puedes unirte a la llamada 5 minutos antes del comienso de la junta.

Marque: 888-978-8818 y ingrese el codigo
Codigo de acceso en ingles: 5647249#
Codigo de acceso en espanol: 7292892#"
2920,2025-01-15,Ad Hoc 2028 Olympic & Paralympic Games Committee,136334,,4,,,,,,,,0,0,Instrucciones para comentarios publicos en vivo:
2920,2025-01-15,Ad Hoc 2028 Olympic & Paralympic Games Committee,136335,,3,,,,,,,,0,0,"Public comment will be taken as the Board takes up each item. To give public comment on an item, enter #2 (pound-two) when prompted. Please note that the live video feed lags about 30 seconds behind the actual meeting. There is no lag on the public comment dial-in line."
2920,2025-01-15,Ad Hoc 2028 Olympic & Paralympic Games Committee,136336,,2,,,,,,,,0,0,"Live public comment can be given by telephone or in-person.

The Meeting begins at 10:00 AM Pacific Time on January 15, 2025; you may join the call 5 minutes prior to the start of the meeting.

Dial-in: 888-978-8818 and enter
English Access Code: 5647249#
Spanish Access Code: 7292892#"
2920,2025-01-15,Ad Hoc 2028 Olympic & Paralympic Games Committee,136337,,1,,,,,,,,0,0,Live Public Comment Instructions:
2920,2025-01-15,Ad Hoc 2028 Olympic & Paralympic Games Committee,137876,6,14,11016,2024-1161,Oral Report / Presentation,,,,,0,0,RECEIVE oral report on the Mobility Concept Plan Workstream Highlights.
2920,2025-01-15,Ad Hoc 2028 Olympic & Paralympic Games Committee,137936,50,12,11034,2025-0014,Proclamation,,,,,0,0,"AS A RESULT of the current state of emergency as proclaimed by the Governor, meeting in person would present imminent risks to the health and safety of the attendees."
2921,2025-01-15,Planning and Programming Committee,136338,,10,,,,,,,,0,0,CALL TO ORDER
2921,2025-01-15,Planning and Programming Committee,136339,,11,,,,,,,,0,0,ROLL CALL
2921,2025-01-15,Planning and Programming Committee,136340,7,13,10943,2024-1088,Program,,,,,0,0,"CONSIDER:

A.	APPROVING:

1.	programming of $9,874,631 within the capacity of Measure M Multi-Year Subregional Program (MSP) - Modal Connectivity and Complete Streets Projects and reprogramming of projects previously approved to meet the project schedules, as shown in Attachment A;

2.	programming of $11,477,370 within the capacity of Measure M MSP - Transit Projects and reprogramming of projects previously approved to meet the project schedules, as shown in Attachment B;

3.	inter-program borro"
2921,2025-01-15,Planning and Programming Committee,136638,,21,11011,2024-1156,Informational Report,,,,,0,0,RECEIVE General Public Comment
2921,2025-01-15,Planning and Programming Committee,136639,,22,,,,,,,,0,0,GENERAL PUBLIC COMMENT
2921,2025-01-15,Planning and Programming Committee,136640,,23,,,,,,,,0,0,"Consideration of items not on the posted agenda, including: items to be presented and (if requested) referred to staff; items to be placed on the agenda for action at a future meeting of the Committee or Board; and/or items requiring immediate action because of an emergency situation or where the need to take immediate action came to the attention of the Committee subsequent to the posting of the agenda."
2921,2025-01-15,Planning and Programming Committee,136641,,24,,,,,,,,0,0,COMMENTS FROM THE PUBLIC ON ITEMS OF PUBLIC INTEREST WITHIN COMMITTEE’S SUBJECT MATTER JURISDICTION
2921,2025-01-15,Planning and Programming Committee,136642,,25,,,,,,,,0,0,Adjournment
2921,2025-01-15,Planning and Programming Committee,136645,,9,,,,,,,,0,0,page break
2921,2025-01-15,Planning and Programming Committee,136646,,8,,,,,,,,0,0,"Written public comments must be received by 5PM the day before the meeting.
Please include the Item # in your comment and your position of “FOR,” “AGAINST,” ""GENERAL COMMENT,"" or ""ITEM NEEDS MORE CONSIDERATION.""
Email: BoardClerk@metro.net
Post Office Mail:
Board Administration
One Gateway Plaza
MS: 99-3-1
Los Angeles, CA 90012"
2921,2025-01-15,Planning and Programming Committee,136647,,7,,,,,,,,0,0,Written Public Comment Instruction:
2921,2025-01-15,Planning and Programming Committee,136648,,6,,,,,,,,0,0,Los comentarios del público se tomaran cuando se toma cada tema. Para dar un comentario público sobre una tema ingrese # 2 (Tecla de numero y dos) cuando se le solicite. Tenga en cuenta que la transmisión de video en vivo se retrasa unos 30 segundos con respecto a la reunión real. No hay retraso en la línea de acceso telefónico para comentarios públicos.
2921,2025-01-15,Planning and Programming Committee,136649,,5,,,,,,,,0,0,"Los comentarios publicos en vivo se pueden dar por telefono o en persona.

La Reunion de la Junta comienza a las 11:00 AM, hora del Pacifico, el 15 de Enero de 2025. Puedes unirte a la llamada 5 minutos antes del comienso de la junta.

Marque: 888-978-8818 y ingrese el codigo
Codigo de acceso en ingles: 5647249#
Codigo de acceso en espanol: 7292892#"
2921,2025-01-15,Planning and Programming Committee,136650,,4,,,,,,,,0,0,Instrucciones para comentarios publicos en vivo:
2921,2025-01-15,Planning and Programming Committee,136651,,3,,,,,,,,0,0,"Public comment will be taken as the Board takes up each item. To give public comment on an item, enter #2 (pound-two) when prompted. Please note that the live video feed lags about 30 seconds behind the actual meeting. There is no lag on the public comment dial-in line."
2921,2025-01-15,Planning and Programming Committee,136652,,2,,,,,,,,0,0,"Live public comment can be given by telephone or in-person.

The Meeting begins at 11:00 AM Pacific Time on January 15, 2025; you may join the call 5 minutes prior to the start of the meeting.

Dial-in: 888-978-8818 and enter
English Access Code: 5647249#
Spanish Access Code: 7292892#"
2921,2025-01-15,Planning and Programming Committee,136653,,1,,,,,,,,0,0,Live Public Comment Instructions:
2921,2025-01-15,Planning and Programming Committee,136655,10,16,10945,2024-1090,Oral Report / Presentation,,,,,0,0,RECEIVE AND FILE Countywide Planning & Development Major Projects Status Report.
2921,2025-01-15,Planning and Programming Committee,136656,12,20,10873,2024-1018,Agreement,,,,,0,0,"CONSIDER authorizing the Chief Executive Officer (CEO) or her designee to:

A.	EXECUTE a Cooperative Agreement (CA) with the City of Montebello for the Eastside Transit Corridor Phase 2 Project Corridor; and 

B.	NEGOTIATE and execute as-needed agreements with other responsible stakeholder agencies, including the cooperative agreements with corridor cities (cities of Commerce, Pico Rivera, Santa Fe Springs, Whittier) and railroad operators."
2921,2025-01-15,Planning and Programming Committee,136657,11,17,10391,2024-0536,Project,,,,,0,0,"CONSIDER:

A.	RECEIVING AND FILING the I-605 CIP Community Outreach Summary Report (Attachment A) that describes the community reengagement meetings that were held to present revised alternatives and findings in accordance with Board Motion 42 (Attachment B); and 

B.	REAUTHORIZING the work that is needed to re-initiate the environmental review phase of the I-605 CIP with an emphasis on safety and multimodal projects, with the understanding that all Alternatives may be subject to Vehicle Miles T"
2921,2025-01-15,Planning and Programming Committee,136658,9,15,10783,2024-0928,Agreement,,,,,0,0,"CONSIDER: 

A.	RECEIVING AND FILING the San Gabriel Valley Transit Feasibility Study (Study) by the San Gabriel Valley Council of Governments (SGVCOG); and

B.	AUTHORIZING the Chief Executive Officer (CEO) to negotiate and execute Amendment No. 2 to the existing Memorandum of Understanding (MOU) with SGVCOG for the San Gabriel Valley Transit Improvements Project for the continued refinement of project definition and alternatives, and initiation of environmental clearance for an amount not to exc"
2921,2025-01-15,Planning and Programming Committee,136659,8,14,10875,2024-1020,Program,,,,,0,0,"CONSIDER:  
 
A.	APPROVING $23,664,419 in additional programming within the capacity of Measure R Multimodal Highway Subregional Programs and funding changes via the updated project list shown in Attachment A. Projects within this Measure R Multimodal Highway Subregional Program are inclusive of traffic signal, pedestrian, bicycle, transit, and roadway improvements; 

B.	APPROVING the deobligation of $4,317,812 in previously approved Measure R Multimodal Highway Subregional Program funds to re-a"
2921,2025-01-15,Planning and Programming Committee,136660,,18,,,,,,,,0,0,(ALSO ON EXECUTIVE MANAGEMENT COMMITTEE)
2921,2025-01-15,Planning and Programming Committee,137932,,19,,,,,,,,0,0,page break
2921,2025-01-15,Planning and Programming Committee,137944,50,12,11035,2025-0015,Proclamation,,,,,0,0,"AS A RESULT of the current state of emergency as proclaimed by the Governor, meeting in person would present imminent risks to the health and safety of the attendees."
2922,2025-01-15,Construction Committee,136661,,10,,,,,,,,0,0,CALL TO ORDER
2922,2025-01-15,Construction Committee,136662,,11,,,,,,,,0,0,ROLL CALL
2922,2025-01-15,Construction Committee,136663,,19,11012,2024-1157,Informational Report,,,,,0,0,RECEIVE General Public Comment
2922,2025-01-15,Construction Committee,136917,,20,,,,,,,,0,0,GENERAL PUBLIC COMMENT
2922,2025-01-15,Construction Committee,136918,,21,,,,,,,,0,0,"Consideration of items not on the posted agenda, including: items to be presented and (if requested) referred to staff; items to be placed on the agenda for action at a future meeting of the Committee or Board; and/or items requiring immediate action because of an emergency situation or where the need to take immediate action came to the attention of the Committee subsequent to the posting of the agenda."
2922,2025-01-15,Construction Committee,136919,,22,,,,,,,,0,0,COMMENTS FROM THE PUBLIC ON ITEMS OF PUBLIC INTEREST WITHIN COMMITTEE’S SUBJECT MATTER JURISDICTION
2922,2025-01-15,Construction Committee,136920,,23,,,,,,,,0,0,Adjournment
2922,2025-01-15,Construction Committee,136921,,8,,,,,,,,0,0,"Written public comments must be received by 5PM the day before the meeting.
Please include the Item # in your comment and your position of “FOR,” “AGAINST,” ""GENERAL COMMENT,"" or ""ITEM NEEDS MORE CONSIDERATION.""
Email: BoardClerk@metro.net
Post Office Mail:
Board Administration
One Gateway Plaza
MS: 99-3-1
Los Angeles, CA 90012"
2922,2025-01-15,Construction Committee,136922,,7,,,,,,,,0,0,Written Public Comment Instruction:
2922,2025-01-15,Construction Committee,136923,,6,,,,,,,,0,0,Los comentarios del público se tomaran cuando se toma cada tema. Para dar un comentario público sobre una tema ingrese # 2 (Tecla de numero y dos) cuando se le solicite. Tenga en cuenta que la transmisión de video en vivo se retrasa unos 30 segundos con respecto a la reunión real. No hay retraso en la línea de acceso telefónico para comentarios públicos.
2922,2025-01-15,Construction Committee,136924,,5,,,,,,,,0,0,"Los comentarios publicos en vivo se pueden dar por telefono o en persona.

La Reunion de la Junta comienza a las 1:00 PM, hora del Pacifico, el 15 de Enero de 2025. Puedes unirte a la llamada 5 minutos antes del comienso de la junta.

Marque: 888-978-8818 y ingrese el codigo
Codigo de acceso en ingles: 5647249#
Codigo de acceso en espanol: 7292892#"
2922,2025-01-15,Construction Committee,136925,,4,,,,,,,,0,0,Instrucciones para comentarios publicos en vivo:
2922,2025-01-15,Construction Committee,136926,,1,,,,,,,,0,0,Live Public Comment Instructions:
2922,2025-01-15,Construction Committee,136927,,3,,,,,,,,0,0,"Public comment will be taken as the Board takes up each item. To give public comment on an item, enter #2 (pound-two) when prompted. Please note that the live video feed lags about 30 seconds behind the actual meeting. There is no lag on the public comment dial-in line."
2922,2025-01-15,Construction Committee,136928,,2,,,,,,,,0,0,"Live public comment can be given by telephone or in-person.

The Meeting begins at 1:00 PM Pacific Time on January 15, 2025; you may join the call 5 minutes prior to the start of the meeting.

Dial-in: 888-978-8818 and enter
English Access Code: 5647249#
Spanish Access Code: 7292892#"
2922,2025-01-15,Construction Committee,136929,,9,,,,,,,,0,0,page break
2922,2025-01-15,Construction Committee,136930,16,17,10973,2024-1118,Informational Report,,,,,0,0,RECEIVE AND FILE Status Report on Program Management Quarterly Change Report.
2922,2025-01-15,Construction Committee,136931,14,14,10946,2024-1091,Oral Report / Presentation,,,,,0,0,RECEIVE the quarterly oral report on the status of the Caltrans construction projects.
2922,2025-01-15,Construction Committee,136933,13,13,10376,2024-0521,Informational Report,,,,,0,0,AUTHORIZE the Chief Executive Officer to discontinue the Beverly Hills North Portal Project and initiate Project closeout.
2922,2025-01-15,Construction Committee,136935,15,15,10971,2024-1116,Oral Report / Presentation,,,,,0,0,RECEIVE AND FILE the Program Management Project Status Report.
2922,2025-01-15,Construction Committee,136936,17,18,10930,2024-1075,Informational Report,,,,,0,0,"RECEIVE AND FILE Office of the Inspector General Construction Change Order Spot Check Report for the period September 1 to November 30, 2024."
2922,2025-01-15,Construction Committee,137942,50,12,11037,2025-0017,Proclamation,,,,,0,0,"AS A RESULT of the current state of emergency as proclaimed by the Governor, meeting in person would present imminent risks to the health and safety of the attendees."
2922,2025-01-15,Construction Committee,137943,,16,,,,,,,,0,0,PAGE BREAK
2923,2025-01-16,"Finance, Budget and Audit Committee",136937,,10,,,,,,,,0,0,CALL TO ORDER
2923,2025-01-16,"Finance, Budget and Audit Committee",136938,,11,,,,,,,,0,0,ROLL CALL
2923,2025-01-16,"Finance, Budget and Audit Committee",136939,18,13,10953,2024-1098,Informational Report,,,,,0,0,"RECEIVE AND FILE the Office of the Inspector General (OIG) Final Report on the Statutorily Mandated Audit of Miscellaneous Expenses for the Period of January 1, 2024, to March 31, 2024."
2923,2025-01-16,"Finance, Budget and Audit Committee",137183,,15,11013,2024-1158,Informational Report,,,,,0,0,RECEIVE General Public Comment
2923,2025-01-16,"Finance, Budget and Audit Committee",137184,,16,,,,,,,,0,0,GENERAL PUBLIC COMMENT
2923,2025-01-16,"Finance, Budget and Audit Committee",137185,,17,,,,,,,,0,0,"Consideration of items not on the posted agenda, including: items to be presented and (if requested) referred to staff; items to be placed on the agenda for action at a future meeting of the Committee or Board; and/or items requiring immediate action because of an emergency situation or where the need to take immediate action came to the attention of the Committee subsequent to the posting of the agenda."
2923,2025-01-16,"Finance, Budget and Audit Committee",137186,,18,,,,,,,,0,0,COMMENTS FROM THE PUBLIC ON ITEMS OF PUBLIC INTEREST WITHIN COMMITTEE’S SUBJECT MATTER JURISDICTION
2923,2025-01-16,"Finance, Budget and Audit Committee",137187,,19,,,,,,,,0,0,Adjournment
2923,2025-01-16,"Finance, Budget and Audit Committee",137188,,9,,,,,,,,0,0,page break
2923,2025-01-16,"Finance, Budget and Audit Committee",137189,,8,,,,,,,,0,0,"Written public comments must be received by 5PM the day before the meeting.
Please include the Item # in your comment and your position of “FOR,” “AGAINST,” ""GENERAL COMMENT,"" or ""ITEM NEEDS MORE CONSIDERATION.""
Email: BoardClerk@metro.net
Post Office Mail:
Board Administration
One Gateway Plaza
MS: 99-3-1
Los Angeles, CA 90012"
2923,2025-01-16,"Finance, Budget and Audit Committee",137190,,7,,,,,,,,0,0,Written Public Comment Instruction:
2923,2025-01-16,"Finance, Budget and Audit Committee",137191,,6,,,,,,,,0,0,Los comentarios del público se tomaran cuando se toma cada tema. Para dar un comentario público sobre una tema ingrese # 2 (Tecla de numero y dos) cuando se le solicite. Tenga en cuenta que la transmisión de video en vivo se retrasa unos 30 segundos con respecto a la reunión real. No hay retraso en la línea de acceso telefónico para comentarios públicos.
2923,2025-01-16,"Finance, Budget and Audit Committee",137192,,5,,,,,,,,0,0,"Los comentarios publicos en vivo se pueden dar por telefono o en persona.

La Reunion de la Junta comienza a las 10:00 AM, hora del Pacifico, el 16 de Enero de 2025. Puedes unirte a la llamada 5 minutos antes del comienso de la junta.

Marque: 888-978-8818 y ingrese el codigo
Codigo de acceso en ingles: 5647249#
Codigo de acceso en espanol: 7292892#"
2923,2025-01-16,"Finance, Budget and Audit Committee",137193,,4,,,,,,,,0,0,Instrucciones para comentarios publicos en vivo:
2923,2025-01-16,"Finance, Budget and Audit Committee",137194,,3,,,,,,,,0,0,"Public comment will be taken as the Board takes up each item. To give public comment on an item, enter #2 (pound-two) when prompted. Please note that the live video feed lags about 30 seconds behind the actual meeting. There is no lag on the public comment dial-in line."
2923,2025-01-16,"Finance, Budget and Audit Committee",137195,,2,,,,,,,,0,0,"Live public comment can be given by telephone or in-person.

The Meeting begins at 10:00 AM Pacific Time on January 16, 2025; you may join the call 5 minutes prior to the start of the meeting.

Dial-in: 888-978-8818 and enter
English Access Code: 5647249#
Spanish Access Code: 7292892#"
2923,2025-01-16,"Finance, Budget and Audit Committee",137196,,1,,,,,,,,0,0,Live Public Comment Instructions:
2923,2025-01-16,"Finance, Budget and Audit Committee",137198,19,14,10894,2024-1039,Informational Report,,,,,0,0,RECEIVE AND FILE The Fiscal Year 2026 (FY26) Budget Development Process.
2923,2025-01-16,"Finance, Budget and Audit Committee",137941,50,12,11036,2025-0016,Proclamation,,,,,0,0,"AS A RESULT of the current state of emergency as proclaimed by the Governor, meeting in person would present imminent risks to the health and safety of the attendees."
2924,2025-01-16,Executive Management Committee,137199,,10,,,,,,,,0,0,CALL TO ORDER
2924,2025-01-16,Executive Management Committee,137200,,11,,,,,,,,0,0,ROLL CALL
2924,2025-01-16,Executive Management Committee,137201,20,13,10954,2024-1099,Contract,,,,,0,0,"AUTHORIZE the Chief Executive Officer to:

A.	AWARD a firm fixed unit rate Contract No. PS123964000 to GP Generate, LLC to provide advertising and communications services in the Not-to-Exceed (NTE) amount of $1,435,875 for the three-year base term, and $957,250 for the two-year option term, for a total NTE amount of $2,393,125, effective February 15, 2025, subject to resolution of any properly submitted protest(s), if any; and

B.	PASS-THROUGH the award of individual media purchases associated w"
2924,2025-01-16,Executive Management Committee,137470,,20,,,,,,,,0,0,(ALSO ON PLANNING AND PROGRAMMING COMMITTEE)  
2924,2025-01-16,Executive Management Committee,137471,,22,,,,,,,,0,0,GENERAL PUBLIC COMMENT
2924,2025-01-16,Executive Management Committee,137472,,23,,,,,,,,0,0,"Consideration of items not on the posted agenda, including: items to be presented and (if requested) referred to staff; items to be placed on the agenda for action at a future meeting of the Committee or Board; and/or items requiring immediate action because of an emergency situation or where the need to take immediate action came to the attention of the Committee subsequent to the posting of the agenda."
2924,2025-01-16,Executive Management Committee,137473,,24,,,,,,,,0,0,COMMENTS FROM THE PUBLIC ON ITEMS OF PUBLIC INTEREST WITHIN COMMITTEE’S SUBJECT MATTER JURISDICTION
2924,2025-01-16,Executive Management Committee,137474,,25,,,,,,,,0,0,Adjournment
2924,2025-01-16,Executive Management Committee,137475,,9,,,,,,,,0,0,page break
2924,2025-01-16,Executive Management Committee,137476,,8,,,,,,,,0,0,"Written public comments must be received by 5PM the day before the meeting.
Please include the Item # in your comment and your position of “FOR,” “AGAINST,” ""GENERAL COMMENT,"" or ""ITEM NEEDS MORE CONSIDERATION.""
Email: BoardClerk@metro.net
Post Office Mail:
Board Administration
One Gateway Plaza
MS: 99-3-1
Los Angeles, CA 90012"
2924,2025-01-16,Executive Management Committee,137477,,7,,,,,,,,0,0,Written Public Comment Instruction:
2924,2025-01-16,Executive Management Committee,137478,,6,,,,,,,,0,0,Los comentarios del público se tomaran cuando se toma cada tema. Para dar un comentario público sobre una tema ingrese # 2 (Tecla de numero y dos) cuando se le solicite. Tenga en cuenta que la transmisión de video en vivo se retrasa unos 30 segundos con respecto a la reunión real. No hay retraso en la línea de acceso telefónico para comentarios públicos.
2924,2025-01-16,Executive Management Committee,137479,,5,,,,,,,,0,0,"Los comentarios publicos en vivo se pueden dar por telefono o en persona.

La Reunion de la Junta comienza a las 11:00 AM, hora del Pacifico, el 16 de Enero de 2025. Puedes unirte a la llamada 5 minutos antes del comienso de la junta.

Marque: 888-978-8818 y ingrese el codigo
Codigo de acceso en ingles: 5647249#
Codigo de acceso en espanol: 7292892#"
2924,2025-01-16,Executive Management Committee,137480,,4,,,,,,,,0,0,Instrucciones para comentarios publicos en vivo:
2924,2025-01-16,Executive Management Committee,137481,,3,,,,,,,,0,0,"Public comment will be taken as the Board takes up each item. To give public comment on an item, enter #2 (pound-two) when prompted. Please note that the live video feed lags about 30 seconds behind the actual meeting. There is no lag on the public comment dial-in line."
2924,2025-01-16,Executive Management Committee,137482,,2,,,,,,,,0,0,"Live public comment can be given by telephone or in-person.

The Meeting begins at 11:00 AM Pacific Time on January 16, 2025; you may join the call 5 minutes prior to the start of the meeting.

Dial-in: 888-978-8818 and enter
English Access Code: 5647249#
Spanish Access Code: 7292892#"
2924,2025-01-16,Executive Management Committee,137483,,1,,,,,,,,0,0,Live Public Comment Instructions:
2924,2025-01-16,Executive Management Committee,137486,22,16,10980,2024-1125,Informational Report,,,,,0,0,RECEIVE AND FILE January 2025 State and Federal Legislative Report.
2924,2025-01-16,Executive Management Committee,137487,21,15,10612,2024-0757,Motion / Motion Response,,,,,0,0,RECEIVE AND FILE the Board Administration 5-Year Strategic Plan annual update (Attachment C).
2924,2025-01-16,Executive Management Committee,137488,11,19,10391,2024-0536,Project,,,,,0,0,"CONSIDER:

A.	RECEIVING AND FILING the I-605 CIP Community Outreach Summary Report (Attachment A) that describes the community reengagement meetings that were held to present revised alternatives and findings in accordance with Board Motion 42 (Attachment B); and 

B.	REAUTHORIZING the work that is needed to re-initiate the environmental review phase of the I-605 CIP with an emphasis on safety and multimodal projects, with the understanding that all Alternatives may be subject to Vehicle Miles T"
2924,2025-01-16,Executive Management Committee,137863,,21,11014,2024-1159,Informational Report,,,,,0,0,RECEIVE General Public Comment
2924,2025-01-16,Executive Management Committee,137931,23,17,11031,2025-0011,Motion / Motion Response,,,,,0,0,"APPROVE Motion by Hahn, Solis, Dutra, and Dupont-Walker that the Board direct the Chief Executive Officer to:

A.	Rename the Metro station currently known as ""Long Beach Blvd"" to ""Lynwood Station,"" better representing the city of Lynwood and the surrounding neighborhoods that the station serves and fostering a connection between the Metro system and the local community;

B.	Notify the City of Lynwood, local businesses, community organizations, and other key stakeholders about the name change in "
2924,2025-01-16,Executive Management Committee,137934,,14,,,,,,,,0,0,page break
2924,2025-01-16,Executive Management Committee,137938,50,12,11038,2025-0018,Proclamation,,,,,0,0,"AS A RESULT of the current state of emergency as proclaimed by the Governor, meeting in person would present imminent risks to the health and safety of the attendees."
2924,2025-01-16,Executive Management Committee,137940,,18,,,,,,,,0,0,page break
2925,2025-01-16,"Operations, Safety, and Customer Experience Committee",137489,,10,,,,,,,,0,0,CALL TO ORDER
2925,2025-01-16,"Operations, Safety, and Customer Experience Committee",137490,,11,,,,,,,,0,0,ROLL CALL
2925,2025-01-16,"Operations, Safety, and Customer Experience Committee",137491,35,26,10927,2024-1072,Informational Report,,,,,0,0,RECEIVE oral report on Operations.
2925,2025-01-16,"Operations, Safety, and Customer Experience Committee",137836,31,22,11003,2024-1148,Informational Report,,,,,0,0,RECEIVE AND FILE an update on the Metro Micro Software Services solicitation for the MicroTransit Pilot (MTP) Project.
2925,2025-01-16,"Operations, Safety, and Customer Experience Committee",137837,,28,,,,,,,,0,0,GENERAL PUBLIC COMMENT
2925,2025-01-16,"Operations, Safety, and Customer Experience Committee",137838,,29,,,,,,,,0,0,"Consideration of items not on the posted agenda, including: items to be presented and (if requested) referred to staff; items to be placed on the agenda for action at a future meeting of the Committee or Board; and/or items requiring immediate action because of an emergency situation or where the need to take immediate action came to the attention of the Committee subsequent to the posting of the agenda."
2925,2025-01-16,"Operations, Safety, and Customer Experience Committee",137839,,30,,,,,,,,0,0,COMMENTS FROM THE PUBLIC ON ITEMS OF PUBLIC INTEREST WITHIN COMMITTEE’S SUBJECT MATTER JURISDICTION
2925,2025-01-16,"Operations, Safety, and Customer Experience Committee",137840,,31,,,,,,,,0,0,Adjournment
2925,2025-01-16,"Operations, Safety, and Customer Experience Committee",137841,,9,,,,,,,,0,0,page break
2925,2025-01-16,"Operations, Safety, and Customer Experience Committee",137842,,8,,,,,,,,0,0,"Written public comments must be received by 5PM the day before the meeting.
Please include the Item # in your comment and your position of “FOR,” “AGAINST,” ""GENERAL COMMENT,"" or ""ITEM NEEDS MORE CONSIDERATION.""
Email: BoardClerk@metro.net
Post Office Mail:
Board Administration
One Gateway Plaza
MS: 99-3-1
Los Angeles, CA 90012"
2925,2025-01-16,"Operations, Safety, and Customer Experience Committee",137843,,7,,,,,,,,0,0,Written Public Comment Instruction:
2925,2025-01-16,"Operations, Safety, and Customer Experience Committee",137844,,6,,,,,,,,0,0,Los comentarios del público se tomaran cuando se toma cada tema. Para dar un comentario público sobre una tema ingrese # 2 (Tecla de numero y dos) cuando se le solicite. Tenga en cuenta que la transmisión de video en vivo se retrasa unos 30 segundos con respecto a la reunión real. No hay retraso en la línea de acceso telefónico para comentarios públicos.
2925,2025-01-16,"Operations, Safety, and Customer Experience Committee",137845,,5,,,,,,,,0,0,"Los comentarios publicos en vivo se pueden dar por telefono o en persona.

La Reunion de la Junta comienza a las 1:00 PM, hora del Pacifico, el 16 de Enero de 2025. Puedes unirte a la llamada 5 minutos antes del comienso de la junta.

Marque: 888-978-8818 y ingrese el codigo
Codigo de acceso en ingles: 5647249#
Codigo de acceso en espanol: 7292892#"
2925,2025-01-16,"Operations, Safety, and Customer Experience Committee",137846,,4,,,,,,,,0,0,Instrucciones para comentarios publicos en vivo:
2925,2025-01-16,"Operations, Safety, and Customer Experience Committee",137847,,3,,,,,,,,0,0,"Public comment will be taken as the Board takes up each item. To give public comment on an item, enter #2 (pound-two) when prompted. Please note that the live video feed lags about 30 seconds behind the actual meeting. There is no lag on the public comment dial-in line."
2925,2025-01-16,"Operations, Safety, and Customer Experience Committee",137848,,2,,,,,,,,0,0,"Live public comment can be given by telephone or in-person.

The Meeting begins at 1:00 PM Pacific Time on January 16, 2025; you may join the call 5 minutes prior to the start of the meeting.

Dial-in: 888-978-8818 and enter
English Access Code: 5647249#
Spanish Access Code: 7292892#"
2925,2025-01-16,"Operations, Safety, and Customer Experience Committee",137849,,1,,,,,,,,0,0,Live Public Comment Instructions:
2925,2025-01-16,"Operations, Safety, and Customer Experience Committee",137850,34,25,10830,2024-0975,Oral Report / Presentation,,,,,0,0,RECEIVE oral report on the ZEB Program.
2925,2025-01-16,"Operations, Safety, and Customer Experience Committee",137851,33,24,10893,2024-1038,Informational Report,,,,,0,0,RECEIVE AND FILE the Public Safety Report.
2925,2025-01-16,"Operations, Safety, and Customer Experience Committee",137852,24,13,10926,2024-1071,Informational Report,,,,,0,0,RECOGNIZE Operations Employees of the Month.
2925,2025-01-16,"Operations, Safety, and Customer Experience Committee",137853,32,23,10662,2024-0807,Motion / Motion Response,WITHDRAWN,,,,0,0,RECEIVE AND FILE the report back on the feasibility of providing open access leasable fiber along the A Line South public right-of-way that could be accessed by City and County agencies.
2925,2025-01-16,"Operations, Safety, and Customer Experience Committee",137855,30,21,10837,2024-0982,Plan,,,,,0,0,"APPROVE the revised Public Transportation Agency Safety Plan (PTASP), Version 1.4 (Attachment A), which incorporates new Federal Transit Administration (FTA) requirements related to Safety Management System (SMS) implementation and documents Metro’s processes and activities in compliance with Federal and State regulations."
2925,2025-01-16,"Operations, Safety, and Customer Experience Committee",137856,29,19,10710,2024-0855,Contract,,,,,0,0,"AUTHORIZE the Chief Executive Officer to award a three-year, firm-fixed unit rate Contract No. PS123774000 to Lee Andrews Group, Inc. to develop, manage, and operate a Community Intervention Specialist Program in the Not-to-Exceed (NTE) amount of $24,927,121, effective February 3, 2025, subject to resolution of any properly submitted protest(s), if any."
2925,2025-01-16,"Operations, Safety, and Customer Experience Committee",137857,28,18,10913,2024-1058,Contract,,,,,0,0,"AUTHORIZE the Chief Executive Officer (CEO) to solicit competitive negotiations Request for Proposals (RFPs), pursuant to Public Contract Code (PCC) §20217 and Metro’s procurement policies and procedures for the procurement of new P3030 Light Rail Vehicles (LRVs).

(REQUIRES TWO-THIRDS VOTE OF THE FULL BOARD)"
2925,2025-01-16,"Operations, Safety, and Customer Experience Committee",137858,27,16,10887,2024-1032,Contract,,,,,0,0,"AUTHORIZE the Chief Executive Officer to:

A.	UTILIZE the State of California Statewide Fleet Vehicles Contract for a not-to-exceed expenditure amount of $24,259,612 inclusive of sales tax, for 142 electric sedans, 5 electric trucks, 97 hybrid sport utility vehicles (SUVs), 125 pick-up trucks, and 118 cargo/passenger vans. Four suppliers will fulfill delivery of the vehicles under contract with the State of California; and

B.	NEGOTIATE options required for the vehicles purchased through the Sta"
2925,2025-01-16,"Operations, Safety, and Customer Experience Committee",137859,26,15,10825,2024-0970,Contract,,,,,0,0,"CONSIDER:

A.	AUTHORIZING the Chief Executive Officer to award a 48-month firm fixed-price Contract No RR119657000 to Wabtec Passenger Transit (Wabtec) for component overhaul services to the P2000 Light Rail Fleet (LRV) fleet operating on the A, C, E, and K Lines for a total not-to-exceed amount of $10,039,572.57 subject to the resolution of any properly submitted protest(s), if any; and

B.	AWARDING a sole source procurement, pursuant to Public Utilities Code section 130237, for component overh"
2925,2025-01-16,"Operations, Safety, and Customer Experience Committee",137860,25,14,10824,2024-0969,Contract,,,,,0,0,"CONSIDER:

A.	ESTABLISHING a Life of Project (LOP) budget of $23,734,912 for A650 Component Overhaul Phase 2;

B.	AUTHORIZING the Chief Executive Officer to award a 60-month firm fixed-price Contract No RR119569000 to Wabtec Passenger Transit (Wabtec) for the component overhaul services of the A650 Heavy Rail Vehicle (HRV) fleet friction brake and air compressor systems for a total not-to-exceed amount of $7,980,914.57 subject to the resolution of any properly submitted protest(s), if any; and

"
2925,2025-01-16,"Operations, Safety, and Customer Experience Committee",137861,,17,,,,,,,,0,0,(CARRIED OVER FROM DECEMBER'S REGULAR BOARD MEETING)
2925,2025-01-16,"Operations, Safety, and Customer Experience Committee",137862,,27,11015,2024-1160,Informational Report,,,,,0,0,RECEIVE General Public Comment
2925,2025-01-16,"Operations, Safety, and Customer Experience Committee",137935,,20,,,,,,,,0,0,page break
2925,2025-01-16,"Operations, Safety, and Customer Experience Committee",137937,50,12,11039,2025-0019,Proclamation,,,,,0,0,"AS A RESULT of the current state of emergency as proclaimed by the Governor, meeting in person would present imminent risks to the health and safety of the attendees."
2926,2025-01-23,Board of Directors - Regular Board Meeting,135662,,9,,,,,,,,0,0,page break
2926,2025-01-23,Board of Directors - Regular Board Meeting,135663,,10,,,,,,,,0,0,CALL TO ORDER
2926,2025-01-23,Board of Directors - Regular Board Meeting,135664,,11,,,,,,,,1,0,ROLL CALL
2926,2025-01-23,Board of Directors - Regular Board Meeting,135665,,12,,,,,,,,0,0,"1. APPROVE Consent Calendar Items: 2, 7, 8, 9, 11, 12, 20, 23, 25**, 26**, 28**, 29, and 30.

**Item requires 2/3 vote of the Full Board.

Consent Calendar items are approved by one motion unless held by a Director for discussion
and/or separate action.

All Consent Calendar items are listed at the end of the agenda, beginning on page 8."
2926,2025-01-23,Board of Directors - Regular Board Meeting,135666,,25,,,,,,,,0,0,"CONSENT CALENDAR - ITEMS 2, 7, 8, 9, 11, 12, 20, 23, 25, 26, 28, 29, and 30."
2926,2025-01-23,Board of Directors - Regular Board Meeting,135759,,22,,,,,,,,0,0,END OF NON-CONSENT
2926,2025-01-23,Board of Directors - Regular Board Meeting,135818,,55,11010,2024-1155,Informational Report,,,,,0,0,RECEIVE General Public Comment
2926,2025-01-23,Board of Directors - Regular Board Meeting,135819,,56,,,,,,,,0,0,"Consideration of items not on the posted agenda, including: items to be presented and (if requested) referred to staff; items to be placed on the agenda for action at a future meeting of the Committee or Board; and/or items requiring immediate action because of an emergency situation or where the need to take immediate action came to the attention of the Committee subsequent to the posting of the agenda."
2926,2025-01-23,Board of Directors - Regular Board Meeting,135820,,57,,,,,,,,0,0,COMMENTS FROM THE PUBLIC ON ITEMS OF PUBLIC INTEREST WITHIN COMMITTEE’S SUBJECT MATTER JURISDICTION
2926,2025-01-23,Board of Directors - Regular Board Meeting,135821,,58,,,,,,,,0,0,Adjournment
2926,2025-01-23,Board of Directors - Regular Board Meeting,137865,,8,,,,,,,,0,0,"Written public comments must be received by 5PM the day before the meeting.
Please include the Item # in your comment and your position of “FOR,” “AGAINST,” ""GENERAL COMMENT,"" or ""ITEM NEEDS MORE CONSIDERATION.""
Email: BoardClerk@metro.net
Post Office Mail:
Board Administration
One Gateway Plaza
MS: 99-3-1
Los Angeles, CA 90012"
2926,2025-01-23,Board of Directors - Regular Board Meeting,137866,,7,,,,,,,,0,0,Written Public Comment Instruction:
2926,2025-01-23,Board of Directors - Regular Board Meeting,137867,,6,,,,,,,,0,0,Los comentarios del público se tomaran cuando se toma cada tema. Para dar un comentario público sobre una tema ingrese # 2 (Tecla de numero y dos) cuando se le solicite. Tenga en cuenta que la transmisión de video en vivo se retrasa unos 30 segundos con respecto a la reunión real. No hay retraso en la línea de acceso telefónico para comentarios públicos.
2926,2025-01-23,Board of Directors - Regular Board Meeting,137868,,5,,,,,,,,0,0,"Los comentarios publicos en vivo se pueden dar por telefono o en persona.

La Reunion de la Junta comienza a las 10:00 AM, hora del Pacifico, el 23 de Enero de 2025. Puedes unirte a la llamada 5 minutos antes del comienso de la junta.

Marque: 888-978-8818 y ingrese el codigo
Codigo de acceso en ingles: 5647249#
Codigo de acceso en espanol: 7292892#"
2926,2025-01-23,Board of Directors - Regular Board Meeting,137869,,4,,,,,,,,0,0,Instrucciones para comentarios publicos en vivo:
2926,2025-01-23,Board of Directors - Regular Board Meeting,137870,,3,,,,,,,,0,0,"Public comment will be taken as the Board takes up each item. To give public comment on an item, enter #2 (pound-two) when prompted. Please note that the live video feed lags about 30 seconds behind the actual meeting. There is no lag on the public comment dial-in line."
2926,2025-01-23,Board of Directors - Regular Board Meeting,137871,,2,,,,,,,,0,0,"Live public comment can be given by telephone or in-person.

The Meeting begins at 10:00 AM Pacific Time on January 23, 2025; you may join the call 5 minutes prior to the start of the meeting.

Dial-in: 888-978-8818 and enter
English Access Code: 5647249#
Spanish Access Code: 7292892#"
2926,2025-01-23,Board of Directors - Regular Board Meeting,137872,,1,,,,,,,,0,0,Live Public Comment Instructions:
2926,2025-01-23,Board of Directors - Regular Board Meeting,137957,,13,,,,,,,,0,0,NON-CONSENT
2926,2025-01-23,Board of Directors - Regular Board Meeting,137958,,52,,,,,,,,0,0,"OPERATIONS, SAFETY, AND CUSTOMER EXPERIENCE COMMITTEE MADE THE FOLLOWING RECOMMENDATION (4-0):"
2926,2025-01-23,Board of Directors - Regular Board Meeting,137959,,38,,,,,,,,0,0,EXECUTIVE MANAGEMENT COMMITTEE MADE THE FOLLOWING RECOMMENDATION (3-0):
2926,2025-01-23,Board of Directors - Regular Board Meeting,137960,2,26,11052,2025-0032,Minutes,APPROVED ON CONSENT CALENDAR,Pass,Kathryn Barger,Hilda L. Solis,0,1,"APPROVE Minutes of the Regular Board Meeting held December 5, 2024."
2926,2025-01-23,Board of Directors - Regular Board Meeting,137961,12,37,10873,2024-1018,Agreement,APPROVED,Pass,Kathryn Barger,Hilda L. Solis,0,1,"CONSIDER authorizing the Chief Executive Officer (CEO) or her designee to:

A.	EXECUTE a Cooperative Agreement (CA) with the City of Montebello for the Eastside Transit Corridor Phase 2 Project Corridor; and 

B.	NEGOTIATE and execute as-needed agreements with other responsible stakeholder agencies, including the cooperative agreements with corridor cities (cities of Commerce, Pico Rivera, Santa Fe Springs, Whittier) and railroad operators."
2926,2025-01-23,Board of Directors - Regular Board Meeting,137962,,36,,,,,,,,0,0,PLANNING AND PROGRAMMING COMMITTEE MADE THE FOLLOWING RECOMMENDATION (4-0):
2926,2025-01-23,Board of Directors - Regular Board Meeting,137963,11,35,10391,2024-0536,Project,APPROVED,Pass,Kathryn Barger,Hilda L. Solis,0,1,"CONSIDER:

A.	RECEIVING AND FILING the I-605 CIP Community Outreach Summary Report (Attachment A) that describes the community reengagement meetings that were held to present revised alternatives and findings in accordance with Board Motion 42 (Attachment B); and 

B.	REAUTHORIZING the work that is needed to re-initiate the environmental review phase of the I-605 CIP with an emphasis on safety and multimodal projects, with the understanding that all Alternatives may be subject to Vehicle Miles T"
2926,2025-01-23,Board of Directors - Regular Board Meeting,137964,,34,,,,,,,,0,0,PLANNING AND PROGRAMMING COMMITTEE MADE THE FOLLOWING RECOMMENDATION (4-0) AND EXECUTIVE MANAGEMENT COMMITTEE MADE THE FOLLOWING RECOMMENDATION (3-0):
2926,2025-01-23,Board of Directors - Regular Board Meeting,137965,9,33,10783,2024-0928,Agreement,APPROVED,Pass,Tim Sandoval,Hilda L. Solis,0,0,"CONSIDER: 

A.	RECEIVING AND FILING the San Gabriel Valley Transit Feasibility Study (Study) by the San Gabriel Valley Council of Governments (SGVCOG); and

B.	AUTHORIZING the Chief Executive Officer (CEO) to negotiate and execute Amendment No. 2 to the existing Memorandum of Understanding (MOU) with SGVCOG for the San Gabriel Valley Transit Improvements Project for the continued refinement of project definition and alternatives, and initiation of environmental clearance for an amount not to exc"
2926,2025-01-23,Board of Directors - Regular Board Meeting,137966,,32,,,,,,,,0,0,PLANNING AND PROGRAMMING COMMITTEE MADE THE FOLLOWING RECOMMENDATION (4-0):
2926,2025-01-23,Board of Directors - Regular Board Meeting,137967,8,30,10875,2024-1020,Program,APPROVED,Pass,Kathryn Barger,Hilda L. Solis,0,1,"CONSIDER:  
 
A.	APPROVING $23,664,419 in additional programming within the capacity of Measure R Multimodal Highway Subregional Programs and funding changes via the updated project list shown in Attachment A. Projects within this Measure R Multimodal Highway Subregional Program are inclusive of traffic signal, pedestrian, bicycle, transit, and roadway improvements; 

B.	APPROVING the deobligation of $4,317,812 in previously approved Measure R Multimodal Highway Subregional Program funds to re-a"
2926,2025-01-23,Board of Directors - Regular Board Meeting,137968,7,28,10943,2024-1088,Program,APPROVED,Pass,Kathryn Barger,Hilda L. Solis,0,1,"CONSIDER:

A.	APPROVING:

1.	programming of $9,874,631 within the capacity of Measure M Multi-Year Subregional Program (MSP) - Modal Connectivity and Complete Streets Projects and reprogramming of projects previously approved to meet the project schedules, as shown in Attachment A;

2.	programming of $11,477,370 within the capacity of Measure M MSP - Transit Projects and reprogramming of projects previously approved to meet the project schedules, as shown in Attachment B;

3.	inter-program borro"
2926,2025-01-23,Board of Directors - Regular Board Meeting,137969,37,21,10937,2024-1082,Resolution,ADOPTED,Pass,Tim Sandoval,Hilda L. Solis,0,0,"ADOPT the Resolution of Necessity authorizing the commencement of an eminent domain action to acquire the fee simple interest and the improvements pertaining to realty (“Property Interests”) for the property identified in Attachment A and described as 14646 Raymer St., Van Nuys, CA; APN: 2210-025-007, ESFV-E-012-1 (“Parcel 12”).

(REQUIRES TWO-THIRDS VOTE OF THE FULL BOARD)"
2926,2025-01-23,Board of Directors - Regular Board Meeting,137970,13,16,10376,2024-0521,Informational Report,APPROVED,Pass,James Butts,Lindsey Horvath,0,0,AUTHORIZE the Chief Executive Officer to discontinue the Beverly Hills North Portal Project and initiate Project closeout.
2926,2025-01-23,Board of Directors - Regular Board Meeting,137971,4,15,11050,2025-0030,Oral Report / Presentation,RECEIVED,Pass,,,0,0,RECEIVE report by the Chief Executive Officer.
2926,2025-01-23,Board of Directors - Regular Board Meeting,137972,3,14,11049,2025-0029,Oral Report / Presentation,RECEIVED,Pass,,,0,0,RECEIVE remarks by the Chair.
2926,2025-01-23,Board of Directors - Regular Board Meeting,137973,,27,,,,,,,,0,0,PLANNING AND PROGRAMMING COMMITTEE MADE THE FOLLOWING RECOMMENDATION (4-0):
2926,2025-01-23,Board of Directors - Regular Board Meeting,137974,,29,,,,,,,,0,0,PLANNING AND PROGRAMMING COMMITTEE MADE THE FOLLOWING RECOMMENDATION (4-0):
2926,2025-01-23,Board of Directors - Regular Board Meeting,137975,29,50,10710,2024-0855,Contract,APPROVED,Pass,Kathryn Barger,Hilda L. Solis,0,1,"AUTHORIZE the Chief Executive Officer to award a three-year, firm-fixed unit rate Contract No. PS123774000 to Lee Andrews Group, Inc. to develop, manage, and operate a Community Intervention Specialist Program in the Not-to-Exceed (NTE) amount of $24,927,121, effective February 3, 2025, subject to resolution of any properly submitted protest(s), if any."
2926,2025-01-23,Board of Directors - Regular Board Meeting,137976,28,47,10913,2024-1058,Contract,APPROVED,Pass,Kathryn Barger,Hilda L. Solis,0,1,"AUTHORIZE the Chief Executive Officer (CEO) to solicit competitive negotiations Request for Proposals (RFPs), pursuant to Public Contract Code (PCC) §20217 and Metro’s procurement policies and procedures for the procurement of new P3030 Light Rail Vehicles (LRVs).

(REQUIRES TWO-THIRDS VOTE OF THE FULL BOARD)"
2926,2025-01-23,Board of Directors - Regular Board Meeting,137977,,46,,,,,,,,0,0,"OPERATIONS, SAFETY, AND CUSTOMER EXPERIENCE COMMITTEE MADE THE FOLLOWING RECOMMENDATION (4-0):"
2926,2025-01-23,Board of Directors - Regular Board Meeting,137978,26,45,10825,2024-0970,Contract,APPROVED,Pass,Kathryn Barger,Hilda L. Solis,0,1,"CONSIDER:

A.	AUTHORIZING the Chief Executive Officer to award a 48-month firm fixed-price Contract No RR119657000 to Wabtec Passenger Transit (Wabtec) for component overhaul services to the P2000 Light Rail Fleet (LRV) fleet operating on the A, C, E, and K Lines for a total not-to-exceed amount of $10,039,572.57 subject to the resolution of any properly submitted protest(s), if any; and

B.	AWARDING a sole source procurement, pursuant to Public Utilities Code section 130237, for component overh"
2926,2025-01-23,Board of Directors - Regular Board Meeting,137979,,44,,,,,,,,0,0,"OPERATIONS, SAFETY, AND CUSTOMER EXPERIENCE COMMITTEE MADE THE FOLLOWING RECOMMENDATION (4-0):"
2926,2025-01-23,Board of Directors - Regular Board Meeting,137980,23,41,11031,2025-0011,Motion / Motion Response,APPROVED,Pass,Kathryn Barger,Hilda L. Solis,0,1,"APPROVE Motion by Hahn, Solis, Dutra, and Dupont-Walker that the Board direct the Chief Executive Officer to:

A.	Rename the Metro station currently known as ""Long Beach Blvd"" to ""Lynwood Station,"" better representing the city of Lynwood and the surrounding neighborhoods that the station serves and fostering a connection between the Metro system and the local community;

B.	Notify the City of Lynwood, local businesses, community organizations, and other key stakeholders about the name change in "
2926,2025-01-23,Board of Directors - Regular Board Meeting,137981,,40,,,,,,,,0,0,EXECUTIVE MANAGEMENT COMMITTEE MADE THE FOLLOWING RECOMMENDATION (3-0):
2926,2025-01-23,Board of Directors - Regular Board Meeting,137982,20,39,10954,2024-1099,Contract,APPROVED,Pass,Kathryn Barger,Hilda L. Solis,0,1,"AUTHORIZE the Chief Executive Officer to:

A.	AWARD a firm fixed unit rate Contract No. PS123964000 to GP Generate, LLC to provide advertising and communications services in the Not-to-Exceed (NTE) amount of $1,435,875 for the three-year base term, and $957,250 for the two-year option term, for a total NTE amount of $2,393,125, effective February 15, 2025, subject to resolution of any properly submitted protest(s), if any; and

B.	PASS-THROUGH the award of individual media purchases associated w"
2926,2025-01-23,Board of Directors - Regular Board Meeting,137983,25,43,10824,2024-0969,Contract,APPROVED,Pass,Kathryn Barger,Hilda L. Solis,0,1,"CONSIDER:

A.	ESTABLISHING a Life of Project (LOP) budget of $23,734,912 for A650 Component Overhaul Phase 2;

B.	AUTHORIZING the Chief Executive Officer to award a 60-month firm fixed-price Contract No RR119569000 to Wabtec Passenger Transit (Wabtec) for the component overhaul services of the A650 Heavy Rail Vehicle (HRV) fleet friction brake and air compressor systems for a total not-to-exceed amount of $7,980,914.57 subject to the resolution of any properly submitted protest(s), if any; and

"
2926,2025-01-23,Board of Directors - Regular Board Meeting,137984,,42,,,,,,,,0,0,"OPERATIONS, SAFETY, AND CUSTOMER EXPERIENCE COMMITTEE MADE THE FOLLOWING RECOMMENDATION (4-0):"
2926,2025-01-23,Board of Directors - Regular Board Meeting,137986,27,18,10887,2024-1032,Contract,APPROVED AS AMENDED,Pass,James Butts,Katy Yaroslavsky,0,0,"AUTHORIZE the Chief Executive Officer to:

A.	UTILIZE the State of California Statewide Fleet Vehicles Contract for a not-to-exceed expenditure amount of $24,259,612 inclusive of sales tax, for 142 electric sedans, 5 electric trucks, 97 hybrid sport utility vehicles (SUVs), 125 pick-up trucks, and 118 cargo/passenger vans. Four suppliers will fulfill delivery of the vehicles under contract with the State of California; and

B.	NEGOTIATE options required for the vehicles purchased through the Sta"
2926,2025-01-23,Board of Directors - Regular Board Meeting,137987,,49,,,,,,,,0,0,"OPERATIONS, SAFETY, AND CUSTOMER EXPERIENCE COMMITTEE MADE THE FOLLOWING RECOMMENDATION (4-0):"
2926,2025-01-23,Board of Directors - Regular Board Meeting,137988,,54,,,,,,,,0,0,
2926,2025-01-23,Board of Directors - Regular Board Meeting,137989,30,53,10837,2024-0982,Plan,APPROVED,Pass,Kathryn Barger,Hilda L. Solis,0,1,"APPROVE the revised Public Transportation Agency Safety Plan (PTASP), Version 1.4 (Attachment A), which incorporates new Federal Transit Administration (FTA) requirements related to Safety Management System (SMS) implementation and documents Metro’s processes and activities in compliance with Federal and State regulations."
2926,2025-01-23,Board of Directors - Regular Board Meeting,137990,36,20,11059,2025-0039,Motion / Motion Response,APPROVED,Pass,Janice Hahn,Lindsey Horvath,0,0,"APPROVE Motion by Hahn, Barger, Horvath, Solis, Dutra and Bass that the Board direct the Chief Executive Officer to:

A.	Modify the eligibility criteria of all reduced fare programs to include individuals and families displaced by the wildfires for six months, with an option to extend the program as needed. The CEO shall report back to the board in June 2025 on the outcomes and impacts of this measure;

B.	Mobilize outreach teams to the Eaton and Palisades Fire evacuation centers, resource cente"
2926,2025-01-23,Board of Directors - Regular Board Meeting,137991,,17,,,,,,,,0,0,"OPERATIONS, SAFETY, AND CUSTOMER EXPERIENCE COMMITTEE FORWARDED THE FOLLOWING WITHOUT RECOMMENDATION:"
2926,2025-01-23,Board of Directors - Regular Board Meeting,137992,,19,,,,,,,,0,0,(CARRIED OVER FROM DECEMBER'S REGULAR BOARD MEETING)
2926,2025-01-23,Board of Directors - Regular Board Meeting,137993,,24,,,,,,,,0,0,page break
2926,2025-01-23,Board of Directors - Regular Board Meeting,137995,,31,,,,,,,,0,0,page break
2926,2025-01-23,Board of Directors - Regular Board Meeting,137996,,48,,,,,,,,0,0,
2926,2025-01-23,Board of Directors - Regular Board Meeting,137997,,51,,,,,,,,0,0,page break
2926,2025-01-23,Board of Directors - Regular Board Meeting,138015,,,,,,APPROVED ON CONSENT CALENDAR,Pass,Kathryn Barger,Hilda L. Solis,0,1,Approval of the Consent Agenda
2927,2025-02-19,Planning and Programming Committee,138144,,10,,,,,,,,0,0,CALL TO ORDER
2927,2025-02-19,Planning and Programming Committee,138145,,11,,,,,,,,0,0,ROLL CALL
2927,2025-02-19,Planning and Programming Committee,138146,7,12,10940,2024-1085,Contract,,,,,0,0,"AUTHORIZE the Chief Executive Officer to:

A.	EXECUTE Modification No. 1 to Project Identification No. MM500201 with the San Gabriel Valley Council of Governments (SGVCOG) for the SR-57/60 Interchange Improvement Project (Project) in the amount of $13,344,233.05, increasing the contract value from $29,525,000 to $42,869,233.05 construction management services;

B.	EXECUTE Modification No. 5 to Contract No. AE51890001 with WKE, Inc. for the Project in the amount of $3,037,366, increasing the cont"
2927,2025-02-19,Planning and Programming Committee,138447,8,13,10995,2024-1140,Program,,,,,0,0,APPROVE the amendments to the Regional Transportation Improvement Program as shown in Attachment A.
2927,2025-02-19,Planning and Programming Committee,138448,,16,11119,2025-0099,Informational Report,,,,,0,0,RECEIVE General Public Comment
2927,2025-02-19,Planning and Programming Committee,138449,,17,,,,,,,,0,0,"Consideration of items not on the posted agenda, including: items to be presented and (if requested) referred to staff; items to be placed on the agenda for action at a future meeting of the Committee or Board; and/or items requiring immediate action because of an emergency situation or where the need to take immediate action came to the attention of the Committee subsequent to the posting of the agenda."
2927,2025-02-19,Planning and Programming Committee,138450,,18,,,,,,,,0,0,COMMENTS FROM THE PUBLIC ON ITEMS OF PUBLIC INTEREST WITHIN COMMITTEE’S SUBJECT MATTER JURISDICTION
2927,2025-02-19,Planning and Programming Committee,138451,,19,,,,,,,,0,0,Adjournment
2927,2025-02-19,Planning and Programming Committee,138452,,9,,,,,,,,0,0,page break
2927,2025-02-19,Planning and Programming Committee,138453,,8,,,,,,,,0,0,"Written public comments must be received by 5PM the day before the meeting.
Please include the Item # in your comment and your position of “FOR,” “AGAINST,” ""GENERAL COMMENT,"" or ""ITEM NEEDS MORE CONSIDERATION.""
Email: BoardClerk@metro.net
Post Office Mail:
Board Administration
One Gateway Plaza
MS: 99-3-1
Los Angeles, CA 90012"
2927,2025-02-19,Planning and Programming Committee,138454,,7,,,,,,,,0,0,Written Public Comment Instruction:
2927,2025-02-19,Planning and Programming Committee,138455,,6,,,,,,,,0,0,"Los comentarios del público se tomaran cuando se toma cada tema. Para dar un comentario público sobre una tema ingrese # 2 (Tecla de numero y dos) cuando se le solicite. Tenga en cuenta que la transmisión de video en vivo se retrasa unos 30 segundos con respecto a la reunión real. No hay retraso en la línea de
acceso telefónico para comentarios públicos."
2927,2025-02-19,Planning and Programming Committee,138456,,5,,,,,,,,0,0,"Los comentarios publicos en vivo se pueden dar por telefono o en persona.

La Reunion de la Junta comienza a las 11:00 AM, hora del Pacifico, el 19 de Febrero de 2025. Puedes unirte a la llamada 5 minutos antes del comienso de la junta.

Marque: 888-978-8818 y ingrese el codigo
Codigo de acceso en ingles: 5647249#
Codigo de acceso en espanol: 7292892#"
2927,2025-02-19,Planning and Programming Committee,138457,,4,,,,,,,,0,0,Instrucciones para comentarios publicos en vivo:
2927,2025-02-19,Planning and Programming Committee,138458,,3,,,,,,,,0,0,"Public comment will be taken as the Board takes up each item. To give public comment on an item, enter #2 (pound-two) when prompted. Please note that the live video feed lags about 30 seconds behind the actual meeting. There is no lag on the public comment dial-in line."
2927,2025-02-19,Planning and Programming Committee,138459,,2,,,,,,,,0,0,"Live public comment can be given by telephone or in-person.

The Meeting begins at 11:00 AM Pacific Time on February 19, 2025; you may join the call 5 minutes prior to the start of the meeting.

Dial-in: 888-978-8818 and enter
English Access Code: 5647249#
Spanish Access Code: 7292892#"
2927,2025-02-19,Planning and Programming Committee,138460,,1,,,,,,,,0,0,Live Public Comment Instructions:
2927,2025-02-19,Planning and Programming Committee,139855,9,15,11017,2024-1162,Program,,,,,0,0,"CONSIDER:

A.	APPROVING:

1.	programming an additional $8,904,127 of Measure M Multi-Year Subregional Program (MSP) Active Transportation, Transit, and Tech Program, including inter-program borrowing of $4,531,812 from the Measure M MSP Highway Efficiency Program, shown in Attachment A;

2.	programming an additional $15,221,093 within the capacity of Measure M MSP Highway Efficiency Program, as shown in Attachment B; and

B.	AUTHORIZING the Chief Executive Officer (CEO) or their designee"
2927,2025-02-19,Planning and Programming Committee,139885,,14,,,,,,,,0,0,page break
2928,2025-02-19,Construction Committee,138461,,10,,,,,,,,0,0,CALL TO ORDER
2928,2025-02-19,Construction Committee,138462,,11,,,,,,,,0,0,ROLL CALL
2928,2025-02-19,Construction Committee,138463,10,12,10955,2024-1100,Project,,,,,0,0,"AUTHORIZE the Chief Executive Officer to:

A.	INCREASE the Board approved Preconstruction Budget for the East San Fernando Valley Light Rail Transit Project (Project) by $608,095,000 from $879,731,000 to $1,487,826,000; and

B.	NEGOTIATE and EXECUTE all project-related agreements and modifications to existing contracts within the authorized Preconstruction Budget."
2928,2025-02-19,Construction Committee,138722,11,13,11027,2025-0007,Contract,,,,,0,0,"AUTHORIZE the Chief Executive Officer to:

A.	AWARD Contract No. PS119518000 to Flatiron-Herzog, a SGL Joint Venture, for the Southeast Gateway Line Light Rail Transit (LRT) Project (Project) Advanced Works Construction Manager/General Contractor (CM/GC) Phase 1 in the amount of $10,543,240 for Preconstruction Services, subject to the resolution of  properly submitted protest(s), if any;

B.	ESTABLISH a Preconstruction Budget for the Project in an amount of $997,750,195; and

C.	NEGOTIATE "
2928,2025-02-19,Construction Committee,138723,,24,11122,2025-0102,Informational Report,,,,,0,0,RECEIVE General Public Comment
2928,2025-02-19,Construction Committee,138724,,25,,,,,,,,0,0,"Consideration of items not on the posted agenda, including: items to be presented and (if requested) referred to staff; items to be placed on the agenda for action at a future meeting of the Committee or Board; and/or items requiring immediate action because of an emergency situation or where the need to take immediate action came to the attention of the Committee subsequent to the posting of the agenda."
2928,2025-02-19,Construction Committee,138725,,26,,,,,,,,0,0,COMMENTS FROM THE PUBLIC ON ITEMS OF PUBLIC INTEREST WITHIN COMMITTEE’S SUBJECT MATTER JURISDICTION
2928,2025-02-19,Construction Committee,138726,,27,,,,,,,,0,0,Adjournment
2928,2025-02-19,Construction Committee,138727,,9,,,,,,,,0,0,page break
2928,2025-02-19,Construction Committee,138728,,8,,,,,,,,0,0,"Written public comments must be received by 5PM the day before the meeting.
Please include the Item # in your comment and your position of “FOR,” “AGAINST,” ""GENERAL COMMENT,"" or ""ITEM NEEDS MORE CONSIDERATION.""
Email: BoardClerk@metro.net
Post Office Mail:
Board Administration
One Gateway Plaza
MS: 99-3-1
Los Angeles, CA 90012"
2928,2025-02-19,Construction Committee,138729,,7,,,,,,,,0,0,Written Public Comment Instruction:
2928,2025-02-19,Construction Committee,138730,,6,,,,,,,,0,0,"Los comentarios del público se tomaran cuando se toma cada tema. Para dar un comentario público sobre una tema ingrese # 2 (Tecla de numero y dos) cuando se le solicite. Tenga en cuenta que la transmisión de video en vivo se retrasa unos 30 segundos con respecto a la reunión real. No hay retraso en la línea de
acceso telefónico para comentarios públicos."
2928,2025-02-19,Construction Committee,139828,,5,,,,,,,,0,0,"Los comentarios publicos en vivo se pueden dar por telefono o en persona.

La Reunion de la Junta comienza a las 1:00 PM, hora del Pacifico, el 19 de Febrero de 2025. Puedes unirte a la llamada 5 minutos antes del comienso de la junta.

Marque: 888-978-8818 y ingrese el codigo
Codigo de acceso en ingles: 5647249#
Codigo de acceso en espanol: 7292892#"
2928,2025-02-19,Construction Committee,139829,,4,,,,,,,,0,0,Instrucciones para comentarios publicos en vivo:
2928,2025-02-19,Construction Committee,139830,,3,,,,,,,,0,0,"Public comment will be taken as the Board takes up each item. To give public comment on an item, enter #2 (pound-two) when prompted. Please note that the live video feed lags about 30 seconds behind the actual meeting. There is no lag on the public comment dial-in line."
2928,2025-02-19,Construction Committee,139831,,2,,,,,,,,0,0,"Live public comment can be given by telephone or in-person.

The Meeting begins at 1:00 PM Pacific Time on February 19, 2025; you may join the call 5 minutes prior to the start of the meeting.

Dial-in: 888-978-8818 and enter
English Access Code: 5647249#
Spanish Access Code: 7292892#"
2928,2025-02-19,Construction Committee,139832,,1,,,,,,,,0,0,Live Public Comment Instructions:
2928,2025-02-19,Construction Committee,139856,16,22,11043,2025-0023,Informational Report,,,,,0,0,"RECEIVE AND FILE Office of the Inspector General Construction Change Order Spot Check Report for the period September 1 to November 30, 2024."
2928,2025-02-19,Construction Committee,139857,15,20,11041,2025-0021,Informational Report,,,,,0,0,RECEIVE AND FILE a Status Report on Program Management Quarterly Change Report.
2928,2025-02-19,Construction Committee,139858,14,17,11042,2025-0022,Informational Report,,,,,0,0,RECEIVE AND FILE the Program Management Project Status Report.
2928,2025-02-19,Construction Committee,139859,13,16,10947,2024-1092,Informational Report,,,,,0,0,RECEIVE AND FILE the status update on the Project Labor Agreement and Construction Careers Policy programs through the quarter ending September 2024.
2928,2025-02-19,Construction Committee,139860,12,14,11047,2025-0027,Oral Report / Presentation,,,,,0,0,RECEIVE the quarterly oral report on the status of the Caltrans construction projects.
2928,2025-02-19,Construction Committee,139879,,15,,,,,,,,0,0,(CARRIED OVER FROM JANUARY'S COMMITTEE CYCLE)
2928,2025-02-19,Construction Committee,139880,,18,,,,,,,,0,0,(CARRIED OVER FROM JANUARY'S COMMITTEE CYCLE)
2928,2025-02-19,Construction Committee,139881,,21,,,,,,,,0,0,(CARRIED OVER FROM JANUARY'S COMMITTEE CYCLE)
2928,2025-02-19,Construction Committee,139882,,23,,,,,,,,0,0,(CARRIED OVER FROM JANUARY'S COMMITTEE CYCLE)
2928,2025-02-19,Construction Committee,139889,,19,,,,,,,,0,0,page break
2929,2025-02-20,"Finance, Budget and Audit Committee",138731,,10,,,,,,,,0,0,CALL TO ORDER
2929,2025-02-20,"Finance, Budget and Audit Committee",138732,,11,,,,,,,,0,0,ROLL CALL
2929,2025-02-20,"Finance, Budget and Audit Committee",138733,17,12,10938,2024-1083,Contract,,,,,0,0,"AUTHORIZE the Chief Executive Officer to award a firm fixed price Contract No. PS126876000 to Marsh USA LLC for insurance brokerage services in the amount of $1,503,513 for the five-year base term, and $601,405 for each of the two, two-year options, for a total amount of $2,706,323, effective March 1, 2025, subject to the resolution of any properly submitted protest(s), if any."
2929,2025-02-20,"Finance, Budget and Audit Committee",138981,22,20,11051,2025-0031,Informational Report,,,,,0,0,RECEIVE AND FILE the Management Audit Services FY 2025 Second Quarter Report.
2929,2025-02-20,"Finance, Budget and Audit Committee",138982,,21,11123,2025-0103,Informational Report,,,,,0,0,RECEIVE General Public Comment
2929,2025-02-20,"Finance, Budget and Audit Committee",138983,,22,,,,,,,,0,0,"Consideration of items not on the posted agenda, including: items to be presented and (if requested) referred to staff; items to be placed on the agenda for action at a future meeting of the Committee or Board; and/or items requiring immediate action because of an emergency situation or where the need to take immediate action came to the attention of the Committee subsequent to the posting of the agenda."
2929,2025-02-20,"Finance, Budget and Audit Committee",138984,,23,,,,,,,,0,0,COMMENTS FROM THE PUBLIC ON ITEMS OF PUBLIC INTEREST WITHIN COMMITTEE’S SUBJECT MATTER JURISDICTION
2929,2025-02-20,"Finance, Budget and Audit Committee",138985,,24,,,,,,,,0,0,Adjournment
2929,2025-02-20,"Finance, Budget and Audit Committee",139833,,9,,,,,,,,0,0,page break
2929,2025-02-20,"Finance, Budget and Audit Committee",139834,,8,,,,,,,,0,0,"Written public comments must be received by 5PM the day before the meeting.
Please include the Item # in your comment and your position of “FOR,” “AGAINST,” ""GENERAL COMMENT,"" or ""ITEM NEEDS MORE CONSIDERATION.""
Email: BoardClerk@metro.net
Post Office Mail:
Board Administration
One Gateway Plaza
MS: 99-3-1
Los Angeles, CA 90012"
2929,2025-02-20,"Finance, Budget and Audit Committee",139835,,7,,,,,,,,0,0,Written Public Comment Instruction:
2929,2025-02-20,"Finance, Budget and Audit Committee",139836,,6,,,,,,,,0,0,"Los comentarios del público se tomaran cuando se toma cada tema. Para dar un comentario público sobre una tema ingrese # 2 (Tecla de numero y dos) cuando se le solicite. Tenga en cuenta que la transmisión de video en vivo se retrasa unos 30 segundos con respecto a la reunión real. No hay retraso en la línea de
acceso telefónico para comentarios públicos."
2929,2025-02-20,"Finance, Budget and Audit Committee",139837,,5,,,,,,,,0,0,"Los comentarios publicos en vivo se pueden dar por telefono o en persona.

La Reunion de la Junta comienza a las 10:00 AM, hora del Pacifico, el 20 de Febrero de 2025. Puedes unirte a la llamada 5 minutos antes del comienso de la junta.

Marque: 888-978-8818 y ingrese el codigo
Codigo de acceso en ingles: 5647249#
Codigo de acceso en espanol: 7292892#"
2929,2025-02-20,"Finance, Budget and Audit Committee",139838,,4,,,,,,,,0,0,Instrucciones para comentarios publicos en vivo:
2929,2025-02-20,"Finance, Budget and Audit Committee",139839,,3,,,,,,,,0,0,"Public comment will be taken as the Board takes up each item. To give public comment on an item, enter #2 (pound-two) when prompted. Please note that the live video feed lags about 30 seconds behind the actual meeting. There is no lag on the public comment dial-in line."
2929,2025-02-20,"Finance, Budget and Audit Committee",139840,,2,,,,,,,,0,0,"Live public comment can be given by telephone or in-person.

The Meeting begins at 10:00 AM Pacific Time on February 20, 2025; you may join the call 5 minutes prior to the start of the meeting.

Dial-in: 888-978-8818 and enter
English Access Code: 5647249#
Spanish Access Code: 7292892#"
2929,2025-02-20,"Finance, Budget and Audit Committee",139841,,1,,,,,,,,0,0,Live Public Comment Instructions:
2929,2025-02-20,"Finance, Budget and Audit Committee",139861,21,18,11055,2025-0035,Informational Report,,,,,0,0,"RECEIVE AND FILE the Office of the Inspector General (OIG) Final Report on the Statutorily Mandated Audit of Miscellaneous Expenses for the Period of January 1, 2024, to March 31, 2024."
2929,2025-02-20,"Finance, Budget and Audit Committee",139862,20,17,11040,2025-0020,Informational Report,,,,,0,0,RECEIVE AND FILE the Fiscal Year 2026 (FY26) Budget Development Process: Resources & Parameters.
2929,2025-02-20,"Finance, Budget and Audit Committee",139864,18,13,10968,2024-1113,Informational Report,,,,,0,0,RECEIVE AND FILE status report on Access Services - ADA Paratransit.
2929,2025-02-20,"Finance, Budget and Audit Committee",139883,,15,,,,,,,,0,0,(CARRIED OVER FROM JANUARY'S COMMITTEE CYCLE)
2929,2025-02-20,"Finance, Budget and Audit Committee",139884,,19,,,,,,,,0,0,(CARRIED OVER FROM JANUARY'S COMMITTEE CYCLE)
2929,2025-02-20,"Finance, Budget and Audit Committee",139891,19,14,11046,2025-0026,Informational Report,,,,,0,0,RECEIVE AND FILE The Fiscal Year 2026 (FY26) Budget Development Process: Near-Term Outlook and Anticipated Challenges.
2929,2025-02-20,"Finance, Budget and Audit Committee",139892,,16,,,,,,,,0,0,page break
2930,2025-02-20,Executive Management Committee,138986,,10,,,,,,,,0,0,CALL TO ORDER
2930,2025-02-20,Executive Management Committee,138987,,11,,,,,,,,0,0,ROLL CALL
2930,2025-02-20,Executive Management Committee,138988,23,12,10929,2024-1074,Contract,,,,,0,0,"AUTHORIZE the Chief Executive Officer (CEO) to solicit competitive negotiations Request for Proposals (RFPs), pursuant to Public Utilities Code (PUC) §130242 and Metro’s procurement policies and procedures for operations and maintenance of Electric Vehicle Charging Stations. 

(REQUIRES TWO-THIRDS VOTE OF THE FULL BOARD)"
2930,2025-02-20,Executive Management Committee,139261,27,16,11029,2025-0009,Informational Report,,,,,0,0,RECEIVE AND FILE February 2025 Federal and State Legislative Report.
2930,2025-02-20,Executive Management Committee,139262,,17,11124,2025-0104,Informational Report,,,,,0,0,RECEIVE General Public Comment
2930,2025-02-20,Executive Management Committee,139263,,18,,,,,,,,0,0,"Consideration of items not on the posted agenda, including: items to be presented and (if requested) referred to staff; items to be placed on the agenda for action at a future meeting of the Committee or Board; and/or items requiring immediate action because of an emergency situation or where the need to take immediate action came to the attention of the Committee subsequent to the posting of the agenda."
2930,2025-02-20,Executive Management Committee,139264,,19,,,,,,,,0,0,COMMENTS FROM THE PUBLIC ON ITEMS OF PUBLIC INTEREST WITHIN COMMITTEE’S SUBJECT MATTER JURISDICTION
2930,2025-02-20,Executive Management Committee,139265,,20,,,,,,,,0,0,Adjournment
2930,2025-02-20,Executive Management Committee,139266,,9,,,,,,,,0,0,page break
2930,2025-02-20,Executive Management Committee,139267,,8,,,,,,,,0,0,"Written public comments must be received by 5PM the day before the meeting.
Please include the Item # in your comment and your position of “FOR,” “AGAINST,” ""GENERAL COMMENT,"" or ""ITEM NEEDS MORE CONSIDERATION.""
Email: BoardClerk@metro.net
Post Office Mail:
Board Administration
One Gateway Plaza
MS: 99-3-1
Los Angeles, CA 90012
Metro"
2930,2025-02-20,Executive Management Committee,139268,,7,,,,,,,,0,0,Written Public Comment Instruction:
2930,2025-02-20,Executive Management Committee,139269,,6,,,,,,,,0,0,"Los comentarios del público se tomaran cuando se toma cada tema. Para dar un comentario público sobre una tema ingrese # 2 (Tecla de numero y dos) cuando se le solicite. Tenga en cuenta que la transmisión de video en vivo se retrasa unos 30 segundos con respecto a la reunión real. No hay retraso en la línea de
acceso telefónico para comentarios públicos."
2930,2025-02-20,Executive Management Committee,139270,,5,,,,,,,,0,0,"Los comentarios publicos en vivo se pueden dar por telefono o en persona.

La Reunion de la Junta comienza a las 11:00 AM, hora del Pacifico, el 20 de Febrero de 2025. Puedes unirte a la llamada 5 minutos antes del comienso de la junta.

Marque: 888-978-8818 y ingrese el codigo
Codigo de acceso en ingles: 5647249#
Codigo de acceso en espanol: 7292892#"
2930,2025-02-20,Executive Management Committee,139271,,4,,,,,,,,0,0,Instrucciones para comentarios publicos en vivo:
2930,2025-02-20,Executive Management Committee,139272,,3,,,,,,,,0,0,"Public comment will be taken as the Board takes up each item. To give public comment on an item, enter #2 (pound-two) when prompted. Please note that the live video feed lags about 30 seconds behind the actual meeting. There is no lag on the public comment dial-in line."
2930,2025-02-20,Executive Management Committee,139273,,2,,,,,,,,0,0,"Live public comment can be given by telephone or in-person.

The Meeting begins at 11:00 AM Pacific Time on February 20, 2025; you may join the call 5 minutes prior to the start of the meeting.

Dial-in: 888-978-8818 and enter
English Access Code: 5647249#
Spanish Access Code: 7292892#"
2930,2025-02-20,Executive Management Committee,139274,,1,,,,,,,,0,0,Live Public Comment Instructions:
2930,2025-02-20,Executive Management Committee,139854,24,13,11025,2025-0005,Policy,,,,,0,0,ADOPT Metro Electric Vehicle (EV) Charging Policy (Attachment A).
2930,2025-02-20,Executive Management Committee,139865,26,15,10965,2024-1110,Informational Report,,,,,0,0,RECEIVE AND FILE the HOME Quarterly Report.
2930,2025-02-20,Executive Management Committee,139907,25,14,11152,2025-0132,Motion / Motion Response,,,,,0,0,"APPROVE Motion by Hahn, Sandoval and Dupont-Walker that the Board direct the Chief Executive Officer to report back in 90 days on how Metro is addressing, promoting and/or improving the following initiatives which were received as community feedback at the telephone town hall:

A.	Increased lighting throughout the system;

B.	Cleanliness on buses and trains;

C.	Timely elevator maintenance;

D.	Expansion of and interaction with small businesses and disadvantaged enterprises, including outreach t"
2931,2025-02-20,"Operations, Safety, and Customer Experience Committee",139275,,10,,,,,,,,0,0,CALL TO ORDER
2931,2025-02-20,"Operations, Safety, and Customer Experience Committee",139276,,11,,,,,,,,0,0,ROLL CALL
2931,2025-02-20,"Operations, Safety, and Customer Experience Committee",139277,28,12,10992,2024-1137,Informational Report,,,,,0,0,RECOGNIZE Operations Employees of the Month.
2931,2025-02-20,"Operations, Safety, and Customer Experience Committee",139629,,24,,,,,,,,0,0,(CARRIED OVER FROM JANUARY'S COMMITTEE CYCLE) 
2931,2025-02-20,"Operations, Safety, and Customer Experience Committee",139630,,25,11125,2025-0105,Informational Report,,,,,0,0,RECEIVE General Public Comment
2931,2025-02-20,"Operations, Safety, and Customer Experience Committee",139631,,26,,,,,,,,0,0,"Consideration of items not on the posted agenda, including: items to be presented and (if requested) referred to staff; items to be placed on the agenda for action at a future meeting of the Committee or Board; and/or items requiring immediate action because of an emergency situation or where the need to take immediate action came to the attention of the Committee subsequent to the posting of the agenda."
2931,2025-02-20,"Operations, Safety, and Customer Experience Committee",139632,,27,,,,,,,,0,0,COMMENTS FROM THE PUBLIC ON ITEMS OF PUBLIC INTEREST WITHIN COMMITTEE’S SUBJECT MATTER JURISDICTION
2931,2025-02-20,"Operations, Safety, and Customer Experience Committee",139633,,28,,,,,,,,0,0,Adjournment
2931,2025-02-20,"Operations, Safety, and Customer Experience Committee",139634,,9,,,,,,,,0,0,page break
2931,2025-02-20,"Operations, Safety, and Customer Experience Committee",139635,,8,,,,,,,,0,0,"Written public comments must be received by 5PM the day before the meeting.
Please include the Item # in your comment and your position of “FOR,” “AGAINST,” ""GENERAL COMMENT,"" or ""ITEM NEEDS MORE CONSIDERATION.""
Email: BoardClerk@metro.net
Post Office Mail:
Board Administration
One Gateway Plaza
MS: 99-3-1
Los Angeles, CA 90012"
2931,2025-02-20,"Operations, Safety, and Customer Experience Committee",139636,,7,,,,,,,,0,0,Written Public Comment Instruction:
2931,2025-02-20,"Operations, Safety, and Customer Experience Committee",139637,,6,,,,,,,,0,0,"Los comentarios del público se tomaran cuando se toma cada tema. Para dar un comentario público sobre una tema ingrese # 2 (Tecla de numero y dos) cuando se le solicite. Tenga en cuenta que la transmisión de video en vivo se retrasa unos 30 segundos con respecto a la reunión real. No hay retraso en la línea de
acceso telefónico para comentarios públicos."
2931,2025-02-20,"Operations, Safety, and Customer Experience Committee",139638,,5,,,,,,,,0,0,"Los comentarios publicos en vivo se pueden dar por telefono o en persona.

La Reunion de la Junta comienza a las 1:00 PM, hora del Pacifico, el 20 de Febrero de 2025. Puedes unirte a la llamada 5 minutos antes del comienso de la junta.

Marque: 888-978-8818 y ingrese el codigo
Codigo de acceso en ingles: 5647249#
Codigo de acceso en espanol: 7292892#"
2931,2025-02-20,"Operations, Safety, and Customer Experience Committee",139639,,4,,,,,,,,0,0,Instrucciones para comentarios publicos en vivo:
2931,2025-02-20,"Operations, Safety, and Customer Experience Committee",139640,,3,,,,,,,,0,0,"Public comment will be taken as the Board takes up each item. To give public comment on an item, enter #2 (pound-two) when prompted. Please note that the live video feed lags about 30 seconds behind the actual meeting. There is no lag on the public comment dial-in line."
2931,2025-02-20,"Operations, Safety, and Customer Experience Committee",139641,,2,,,,,,,,0,0,"Live public comment can be given by telephone or in-person.

The Meeting begins at 1:00 PM Pacific Time on February 20, 2025; you may join the call 5 minutes prior to the start of the meeting.

Dial-in: 888-978-8818 and enter
English Access Code: 5647249#
Spanish Access Code: 7292892#"
2931,2025-02-20,"Operations, Safety, and Customer Experience Committee",139642,,1,,,,,,,,0,0,Live Public Comment Instructions:
2931,2025-02-20,"Operations, Safety, and Customer Experience Committee",139866,37,23,11058,2025-0038,Motion / Motion Response,,,,,0,0,RECEIVE AND FILE the report on the feasibility of providing open-access leasable fiber along the A Line South public right-of-way that could be accessed by City and County agencies.
2931,2025-02-20,"Operations, Safety, and Customer Experience Committee",139869,36,21,11020,2024-1165,Informational Report,,,,,0,0,RECEIVE AND FILE the Public Safety Report.
2931,2025-02-20,"Operations, Safety, and Customer Experience Committee",139870,35,20,10920,2024-1065,Informational Report,,,,,0,0,RECEIVE AND FILE status update on NextGen Bus Ridership.
2931,2025-02-20,"Operations, Safety, and Customer Experience Committee",139871,34,19,10993,2024-1138,Informational Report,,,,,0,0,RECEIVE oral report on Metro Operations.
2931,2025-02-20,"Operations, Safety, and Customer Experience Committee",139872,33,18,10981,2024-1126,Budget,,,,,0,0,"AUTHORIZE the Chief Executive Officer to:

A.	ESTABLISH a Life-of-Project (LOP) budget for an amount not-to-exceed $15.3 million for the implementation of taller faregates at 11 additional stations to provide safety, and security, and enhance access control;

B.	AMEND the FY25 budget to add three (3) Non-Contract Full-Time Equivalent (FTE) positions to manage the gating analyses and implementation of taller gates across the 11 additional stations and expansion of taller gates across the Metr"
2931,2025-02-20,"Operations, Safety, and Customer Experience Committee",139873,32,17,10984,2024-1129,Contract,,,,,0,0,"AUTHORIZE the Chief Executive Officer to award a 48-month, firm-fixed-price Contract No. AE52227000 to Jacobs Project Management Co. for Construction Management Support Services (CMSS) for the Interstate 710 Integrated Corridor Management (I-710 ICM) Project in the amount of $5,521,039, subject to the resolution of any properly submitted protest(s), if any."
2931,2025-02-20,"Operations, Safety, and Customer Experience Committee",139874,31,16,10998,2024-1143,Contract,,,,,0,0,"AUTHORIZE the Chief Executive Officer to award a 48-month firm fixed price Contract No. OP125304000 to Jamaica Bearings, the lowest responsive and responsible bidder, in the amount of $1,691,769.20 for the purchase of Ball Bearing Slewing Ring Assemblies in support of the P3010 Light Rail Vehicle (LRV) fleet, subject to the resolution of any properly submitted protest(s), if any."
2931,2025-02-20,"Operations, Safety, and Customer Experience Committee",139875,30,14,10922,2024-1067,Contract,,,,,0,0,"AUTHORIZE the Chief Executive Officer (CEO) to award a firm fixed unit rate Contract No. OP48505(2)0008370 to CDS Services, Inc. DBA Legion Pest Management, for pest and bird control services throughout Metro’s bus and rail facilities, rail cars, and non-revenue vehicles, in the Not-To-Exceed (NTE) amount of $2,887,332 for the three-year base period and $1,925,728 for the two-year option, for a combined NTE amount of $4,813,060, effective April 5, 2025; subject to the resolution of any properly "
2931,2025-02-20,"Operations, Safety, and Customer Experience Committee",139876,29,13,10048,2024-0193,Contract,,,,,0,0,"AUTHORIZE the Chief Executive Officer to award a firm fixed unit rate, Contract No. OP125246000 to Clean Energy, for the Operation and Maintenance (O&M) services of Compressed Natural Gas (CNG) fueling stations at Divisions 2, 8, 9, and 15, for a Not-To-Exceed (NTE) amount of $6,150,097 for the three-year base period, and $2,036,432 for the first one-year option term and $2,036,432 for the second one-year option term, for a combined  NTE amount of $10,222,962, effective March 1, 2025, subject to"
2931,2025-02-20,"Operations, Safety, and Customer Experience Committee",139890,,15,,,,,,,,0,0,page break
2931,2025-02-20,"Operations, Safety, and Customer Experience Committee",139893,,22,,,,,,,,0,0,page break
2932,2025-02-27,Board of Directors - Regular Board Meeting,139643,,9,,,,,,,,0,0,page break
2932,2025-02-27,Board of Directors - Regular Board Meeting,139644,,10,,,,,,,,0,0,CALL TO ORDER
2932,2025-02-27,Board of Directors - Regular Board Meeting,139645,,11,,,,,,,,1,0,ROLL CALL
2932,2025-02-27,Board of Directors - Regular Board Meeting,139646,,12,,,,,,,,0,0,"1. APPROVE Consent Calendar Items: 2, 7, 8, 9, 10, 11, 17, 23**, 24, and 25.

**Item requires 2/3 vote of the Full Board.

Consent Calendar items are approved by one motion unless held by a Director for discussion
and/or separate action.

All Consent Calendar items are listed at the end of the agenda, beginning on page 9."
2932,2025-02-27,Board of Directors - Regular Board Meeting,139647,,30,,,,,,,,0,0,"CONSENT CALENDAR - ITEMS 2, 7, 8, 9, 10, 11, 17, 23, 24, and 25."
2932,2025-02-27,Board of Directors - Regular Board Meeting,139740,,27,,,,,,,,0,0,END OF NON-CONSENT
2932,2025-02-27,Board of Directors - Regular Board Meeting,139801,,50,11167,2025-0147,Informational Report,,,,,0,0,RECEIVE General Public Comment
2932,2025-02-27,Board of Directors - Regular Board Meeting,139802,,51,,,,,,,,0,0,"Consideration of items not on the posted agenda, including: items to be presented and (if requested) referred to staff; items to be placed on the agenda for action at a future meeting of the Committee or Board; and/or items requiring immediate action because of an emergency situation or where the need to take immediate action came to the attention of the Committee subsequent to the posting of the agenda."
2932,2025-02-27,Board of Directors - Regular Board Meeting,139803,,52,,,,,,,,0,0,COMMENTS FROM THE PUBLIC ON ITEMS OF PUBLIC INTEREST WITHIN COMMITTEE’S SUBJECT MATTER JURISDICTION
2932,2025-02-27,Board of Directors - Regular Board Meeting,139804,,53,,,,,,,,0,0,Adjournment
2932,2025-02-27,Board of Directors - Regular Board Meeting,139805,,5,,,,,,,,0,0,"Los comentarios publicos en vivo se pueden dar por telefono o en persona.

La Reunion de la Junta comienza a las 10:00 AM, hora del Pacifico, el 27 de Febrero de 2025. Puedes unirte a la llamada 5 minutos antes del comienso de la junta.

Marque: 888-978-8818 y ingrese el codigo
Codigo de acceso en ingles: 5647249#
Codigo de acceso en espanol: 7292892#"
2932,2025-02-27,Board of Directors - Regular Board Meeting,139806,,4,,,,,,,,0,0,Instrucciones para comentarios publicos en vivo:
2932,2025-02-27,Board of Directors - Regular Board Meeting,139807,,3,,,,,,,,0,0,"Public comment will be taken as the Board takes up each item. To give public comment on an item, enter #2 (pound-two) when prompted. Please note that the live video feed lags about 30 seconds behind the actual meeting. There is no lag on the public comment dial-in line."
2932,2025-02-27,Board of Directors - Regular Board Meeting,139808,,2,,,,,,,,0,0,"Live public comment can be given by telephone or in-person.

The Meeting begins at 10:00 AM Pacific Time on February 27, 2025; you may join the call 5 minutes prior to the start of the meeting.

Dial-in: 888-978-8818 and enter
English Access Code: 5647249#
Spanish Access Code: 7292892#"
2932,2025-02-27,Board of Directors - Regular Board Meeting,139809,,1,,,,,,,,0,0,Live Public Comment Instructions:
2932,2025-02-27,Board of Directors - Regular Board Meeting,139810,,8,,,,,,,,0,0,"Written public comments must be received by 5PM the day before the meeting.
Please include the Item # in your comment and your position of “FOR,” “AGAINST,” ""GENERAL COMMENT,"" or ""ITEM NEEDS MORE CONSIDERATION.""
Email: BoardClerk@metro.net
Post Office Mail:
Board Administration
One Gateway Plaza
MS: 99-3-1
Los Angeles, CA 90012"
2932,2025-02-27,Board of Directors - Regular Board Meeting,139811,,7,,,,,,,,0,0,Written Public Comment Instruction:
2932,2025-02-27,Board of Directors - Regular Board Meeting,139812,,6,,,,,,,,0,0,Los comentarios del público se tomaran cuando se toma cada tema. Para dar un comentario público sobre una tema ingrese # 2 (Tecla de numero y dos) cuando se le solicite. Tenga en cuenta que la transmisión de video en vivo se retrasa unos 30 segundos con respecto a la reunión real. No hay retraso en la línea de acceso telefónico para comentarios públicos.
2932,2025-02-27,Board of Directors - Regular Board Meeting,139844,7,33,10940,2024-1085,Contract,APPROVED ON CONSENT CALENDAR,Pass,Ara J. Najarian,Jacquelyn Dupont-Walker,0,0,"AUTHORIZE the Chief Executive Officer to:

A.	EXECUTE Modification No. 1 to Project Identification No. MM500201 with the San Gabriel Valley Council of Governments (SGVCOG) for the SR-57/60 Interchange Improvement Project (Project) in the amount of $13,344,233.05, increasing the contract value from $29,525,000 to $42,869,233.05 construction management services;

B.	EXECUTE Modification No. 5 to Contract No. AE51890001 with WKE, Inc. for the Project in the amount of $3,037,366, increasing the cont"
2932,2025-02-27,Board of Directors - Regular Board Meeting,139845,14,17,11169,2025-0149,Motion / Motion Response,APPROVED AS AMENDED,Pass,Fernando Dutra,Kathryn Barger,0,0,"APPROVE Motion by Directors Dutra, Najarian, Barger, Butts and Solis to direct the CEO to incorporate develop a standardized cost-benefit analysis framework, using USDOT analysis or a comparable methodology, for all Metro capital projects to help inform the agency’s a more data-driven and transparent decision-making process for projects Metro advances. This cost-benefit analysis framework should also include national economic impact data and a comparison to the cost-benefit analysis methodology "
2932,2025-02-27,Board of Directors - Regular Board Meeting,139846,4,15,11165,2025-0145,Oral Report / Presentation,RECEIVED AND FILED,,,,0,0,RECEIVE report by the Chief Executive Officer.
2932,2025-02-27,Board of Directors - Regular Board Meeting,139847,3,14,11163,2025-0143,Oral Report / Presentation,RECEIVED AND FILED,,,,0,0,RECEIVE remarks by the Chair.
2932,2025-02-27,Board of Directors - Regular Board Meeting,139848,,13,,,,,,,,0,0,NON-CONSENT
2932,2025-02-27,Board of Directors - Regular Board Meeting,139849,25,49,11152,2025-0132,Motion / Motion Response,APPROVED,Pass,Ara J. Najarian,Fernando Dutra,0,1,"APPROVE Motion by Hahn, Sandoval and Dupont-Walker that the Board direct the Chief Executive Officer to report back in 90 days on how Metro is addressing, promoting and/or improving the following initiatives which were received as community feedback at the telephone town hall:

A.	Increased lighting throughout the system;

B.	Cleanliness on buses and trains;

C.	Timely elevator maintenance;

D.	Expansion of and interaction with small businesses and disadvantaged enterprises, including outreach t"
2932,2025-02-27,Board of Directors - Regular Board Meeting,139851,2,31,11166,2025-0146,Minutes,,,,,0,1,"APPROVE Minutes of the Regular Board Meeting held January 23, 2025."
2932,2025-02-27,Board of Directors - Regular Board Meeting,139929,,32,,,,,,,,0,0,PLANNING AND PROGRAMMING COMMITTEE MADE THE FOLLOWING RECOMMENDATION (4-1):
2932,2025-02-27,Board of Directors - Regular Board Meeting,139930,40,26,11079,2025-0059,Program,APPROVED,Pass,Tim Sandoval,Jacquelyn Dupont-Walker,0,0,AUTHORIZE the Board of Directors for the Public Transportation Services Corporation to amend the contract with the California Public Employee’s Retirement System (CalPERS) to implement a Safety Police Pension Plan for sworn officers hired for the new Transit Community Public Safety Department (TCPSD) (Attachment A).
2932,2025-02-27,Board of Directors - Regular Board Meeting,139931,38,23,10979,2024-1124,Motion / Motion Response,NO ACTION TAKEN,,,,0,0,RECEIVE AND FILE the Weapons Detection System Proof-of-Concept Pilot Findings.
2932,2025-02-27,Board of Directors - Regular Board Meeting,139932,,48,,,,,,,,0,0,EXECUTIVE MANAGEMENT COMMITTEE MADE THE FOLLOWING RECOMMENDATION (3-0):
2932,2025-02-27,Board of Directors - Regular Board Meeting,139933,24,47,11025,2025-0005,Policy,APPROVED ON CONSENT CALENDAR,Pass,Ara J. Najarian,Fernando Dutra,0,1,ADOPT Metro Electric Vehicle (EV) Charging Policy (Attachment A).
2932,2025-02-27,Board of Directors - Regular Board Meeting,139934,,46,,,,,,,,0,0,EXECUTIVE MANAGEMENT COMMITTEE MADE THE FOLLOWING RECOMMENDATION (3-0):
2932,2025-02-27,Board of Directors - Regular Board Meeting,139935,23,45,10929,2024-1074,Contract,APPROVED ON CONSENT CALENDAR,Pass,Ara J. Najarian,Fernando Dutra,0,1,"AUTHORIZE the Chief Executive Officer (CEO) to solicit competitive negotiations Request for Proposals (RFPs), pursuant to Public Utilities Code (PUC) §130242 and Metro’s procurement policies and procedures for operations and maintenance of Electric Vehicle Charging Stations. 

(REQUIRES TWO-THIRDS VOTE OF THE FULL BOARD)"
2932,2025-02-27,Board of Directors - Regular Board Meeting,139936,,44,,,,,,,,0,0,EXECUTIVE MANAGEMENT COMMITTEE MADE THE FOLLOWING RECOMMENDATION (3-0):
2932,2025-02-27,Board of Directors - Regular Board Meeting,139937,17,43,10938,2024-1083,Contract,APPROVED ON CONSENT CALENDAR,Pass,Ara J. Najarian,Fernando Dutra,0,0,"AUTHORIZE the Chief Executive Officer to award a firm fixed price Contract No. PS126876000 to Marsh USA LLC for insurance brokerage services in the amount of $1,503,513 for the five-year base term, and $601,405 for each of the two, two-year options, for a total amount of $2,706,323, effective March 1, 2025, subject to the resolution of any properly submitted protest(s), if any."
2932,2025-02-27,Board of Directors - Regular Board Meeting,139938,,42,,,,,,,,0,0,"FINANCE, BUDGET, AND AUDIT COMMITTEE MADE THE FOLLOWING RECOMMENDATION (4-0):"
2932,2025-02-27,Board of Directors - Regular Board Meeting,139939,11,41,11027,2025-0007,Contract,APPROVED ON CONSENT CALENDAR,Pass,Ara J. Najarian,Fernando Dutra,0,0,"AUTHORIZE the Chief Executive Officer to:

A.	AWARD Contract No. PS119518000 to Flatiron-Herzog, a SGL Joint Venture, for the Southeast Gateway Line Light Rail Transit (LRT) Project (Project) Advanced Works Construction Manager/General Contractor (CM/GC) Phase 1 in the amount of $10,543,240 for Preconstruction Services, subject to the resolution of  properly submitted protest(s), if any;

B.	ESTABLISH a Preconstruction Budget for the Project in an amount of $997,750,195; and

C.	NEGOTIATE "
2932,2025-02-27,Board of Directors - Regular Board Meeting,139940,,40,,,,,,,,0,0,CONSTRUCTION COMMITTEE MADE THE FOLLOWING RECOMMENDATION (4-0):
2932,2025-02-27,Board of Directors - Regular Board Meeting,139941,10,39,10955,2024-1100,Project,APPROVED,Pass,Ara J. Najarian,Fernando Dutra,0,1,"AUTHORIZE the Chief Executive Officer to:

A.	INCREASE the Board approved Preconstruction Budget for the East San Fernando Valley Light Rail Transit Project (Project) by $608,095,000 from $879,731,000 to $1,487,826,000; and

B.	NEGOTIATE and EXECUTE all project-related agreements and modifications to existing contracts within the authorized Preconstruction Budget."
2932,2025-02-27,Board of Directors - Regular Board Meeting,139942,,38,,,,,,,,0,0,CONSTRUCTION COMMITTEE MADE THE FOLLOWING RECOMMENDATION (4-0):
2932,2025-02-27,Board of Directors - Regular Board Meeting,139943,9,37,11017,2024-1162,Program,APPROVED,Pass,Ara J. Najarian,Fernando Dutra,0,1,"CONSIDER:

A.	APPROVING:

1.	programming an additional $8,904,127 of Measure M Multi-Year Subregional Program (MSP) Active Transportation, Transit, and Tech Program, including inter-program borrowing of $4,531,812 from the Measure M MSP Highway Efficiency Program, shown in Attachment A;

2.	programming an additional $15,221,093 within the capacity of Measure M MSP Highway Efficiency Program, as shown in Attachment B; and

B.	AUTHORIZING the Chief Executive Officer (CEO) or their designee"
2932,2025-02-27,Board of Directors - Regular Board Meeting,139944,,36,,,,,,,,0,0,PLANNING AND PROGRAMMING COMMITTEE MADE THE FOLLOWING RECOMMENDATION (5-0):
2932,2025-02-27,Board of Directors - Regular Board Meeting,139945,8,35,10995,2024-1140,Program,APPROVED,Pass,Ara J. Najarian,Fernando Dutra,0,1,APPROVE the amendments to the Regional Transportation Improvement Program as shown in Attachment A.
2932,2025-02-27,Board of Directors - Regular Board Meeting,139946,,34,,,,,,,,0,0,PLANNING AND PROGRAMMING COMMITTEE MADE THE FOLLOWING RECOMMENDATION (5-0):
2932,2025-02-27,Board of Directors - Regular Board Meeting,139947,33,22,10981,2024-1126,Budget,ADOPTED,Pass,Fernando Dutra,Jacquelyn Dupont-Walker,0,0,"AUTHORIZE the Chief Executive Officer to:

A.	ESTABLISH a Life-of-Project (LOP) budget for an amount not-to-exceed $15.3 million for the implementation of taller faregates at 11 additional stations to provide safety, and security, and enhance access control;

B.	AMEND the FY25 budget to add three (3) Non-Contract Full-Time Equivalent (FTE) positions to manage the gating analyses and implementation of taller gates across the 11 additional stations and expansion of taller gates across the Metr"
2932,2025-02-27,Board of Directors - Regular Board Meeting,139948,32,21,10984,2024-1129,Contract,APPROVED,Pass,Holly J. Mitchell,Kathryn Barger,0,0,"AUTHORIZE the Chief Executive Officer to award a 48-month, firm-fixed-price Contract No. AE52227000 to Jacobs Project Management Co. for Construction Management Support Services (CMSS) for the Interstate 710 Integrated Corridor Management (I-710 ICM) Project in the amount of $5,521,039, subject to the resolution of any properly submitted protest(s), if any."
2932,2025-02-27,Board of Directors - Regular Board Meeting,139949,29,19,10048,2024-0193,Contract,APPROVED,Pass,Tim Sandoval,Jacquelyn Dupont-Walker,0,0,"AUTHORIZE the Chief Executive Officer to award a firm fixed unit rate, Contract No. OP125246000 to Clean Energy, for the Operation and Maintenance (O&M) services of Compressed Natural Gas (CNG) fueling stations at Divisions 2, 8, 9, and 15, for a Not-To-Exceed (NTE) amount of $6,150,097 for the three-year base period, and $2,036,432 for the first one-year option term and $2,036,432 for the second one-year option term, for a combined  NTE amount of $10,222,962, effective March 1, 2025, subject to"
2932,2025-02-27,Board of Directors - Regular Board Meeting,139950,31,20,10998,2024-1143,Contract,APPROVED,Pass,Tim Sandoval,Fernando Dutra,0,0,"AUTHORIZE the Chief Executive Officer to award a 48-month firm fixed price Contract No. OP125304000 to Jamaica Bearings, the lowest responsive and responsible bidder, in the amount of $1,691,769.20 for the purchase of Ball Bearing Slewing Ring Assemblies in support of the P3010 Light Rail Vehicle (LRV) fleet, subject to the resolution of any properly submitted protest(s), if any."
2932,2025-02-27,Board of Directors - Regular Board Meeting,140338,,16,,,,,,,,0,0,CONSTRUCTION COMMITTEE MADE THE FOLLOWING RECOMMENDATION (4-0):
2932,2025-02-27,Board of Directors - Regular Board Meeting,140508,,18,,,,,,,,0,0,page break
2932,2025-02-27,Board of Directors - Regular Board Meeting,140509,39,25,11184,2025-0164,Motion / Motion Response,APPROVED,Pass,Kathryn Barger,Fernando Dutra,0,0,"APPROVE Motion by Directors Hahn, Barger, Solis, Bass, Dutra and Butts to direct the Chief Executive Officer to: 

A.	Extend and expand the deployment of the “pillar-type” weapons detection system pilot for 12 months to additional key high-traffic transit stations to gather additional data on effectiveness, false positives, staffing needs, and any impacts to passenger experience;

B.	Conduct a 12-month pilot of weapons detection technology aboard a minimum of (2) Metro buses;

C.	Provide a quart"
2932,2025-02-27,Board of Directors - Regular Board Meeting,140510,,24,,,,,,,,0,0,page break
2932,2025-02-27,Board of Directors - Regular Board Meeting,140511,,28,,,,,,,,0,0,page break
2932,2025-02-27,Board of Directors - Regular Board Meeting,140602,,,,,,APPROVED ON CONSENT CALENDAR,Pass,Ara J. Najarian,Fernando Dutra,0,1,Approval of the Consent Agenda
2933,2025-03-19,Planning and Programming Committee,140603,,10,,,,,,,,0,0,CALL TO ORDER
2933,2025-03-19,Planning and Programming Committee,140604,,11,,,,,,,,0,0,ROLL CALL
2933,2025-03-19,Planning and Programming Committee,140605,5,12,11084,2025-0064,Project,,,,,0,0,"CONSIDER: 
 
A.	APPROVING $1,500,000 in additional programming within the capacity of Measure R Multimodal Highway Subregional Programs for improvements at the intersection of Aviation Blvd at Artesia Blvd in the City of Redondo Beach within the South Bay Subregion as shown in Attachment A; and 
 
B.	AUTHORIZING the Chief Executive Officer or their designee to negotiate and execute all necessary agreements for the Board-approved projects."
2933,2025-03-19,Planning and Programming Committee,140908,8,15,11060,2025-0040,Plan,,,,,0,0,AUTHORIZE the CEO or their designee to submit to SCAG the Project Prioritization Framework Metro will use to evaluate and rank projects for Los Angeles County as part of the 2025 SCAG CMAQ/STBG Call for Projects.
2933,2025-03-19,Planning and Programming Committee,140909,,20,11216,2025-0196,Informational Report,,,,,0,0,RECEIVE General Public Comment
2933,2025-03-19,Planning and Programming Committee,140910,,21,,,,,,,,0,0,"Consideration of items not on the posted agenda, including: items to be presented and (if requested) referred to staff; items to be placed on the agenda for action at a future meeting of the Committee or Board; and/or items requiring immediate action because of an emergency situation or where the need to take immediate action came to the attention of the Committee subsequent to the posting of the agenda."
2933,2025-03-19,Planning and Programming Committee,140911,,22,,,,,,,,0,0,COMMENTS FROM THE PUBLIC ON ITEMS OF PUBLIC INTEREST WITHIN COMMITTEE’S SUBJECT MATTER JURISDICTION
2933,2025-03-19,Planning and Programming Committee,140912,,23,,,,,,,,0,0,Adjournment
2933,2025-03-19,Planning and Programming Committee,140913,,9,,,,,,,,0,0,page break
2933,2025-03-19,Planning and Programming Committee,140914,,8,,,,,,,,0,0,"Written public comments must be received by 5PM the day before the meeting.
Please include the Item # in your comment and your position of “FOR,” “AGAINST,” ""GENERAL COMMENT,"" or ""ITEM NEEDS MORE CONSIDERATION.""
Email: BoardClerk@metro.net
Post Office Mail:
Board Administration
One Gateway Plaza
MS: 99-3-1
Los Angeles, CA 90012"
2933,2025-03-19,Planning and Programming Committee,140915,,7,,,,,,,,0,0,Written Public Comment Instruction:
2933,2025-03-19,Planning and Programming Committee,140916,,6,,,,,,,,0,0,Los comentarios del público se tomaran cuando se toma cada tema. Para dar un comentario público sobre una tema ingrese # 2 (Tecla de numero y dos) cuando se le solicite. Tenga en cuenta que la transmisión de video en vivo se retrasa unos 30 segundos con respecto a la reunión real. No hay retraso en la línea de acceso telefónico para comentarios públicos.
2933,2025-03-19,Planning and Programming Committee,140917,,5,,,,,,,,0,0,"Los comentarios publicos en vivo se pueden dar por telefono o en persona.

La Reunion de la Junta comienza a las 11:00 AM, hora del Pacifico, el 19 de Marzo de 2025. Puedes unirte a la llamada 5 minutos antes del comienso de la junta.

Marque: 888-978-8818 y ingrese el codigo
Codigo de acceso en ingles: 5647249#
Codigo de acceso en espanol: 7292892#"
2933,2025-03-19,Planning and Programming Committee,140918,,4,,,,,,,,0,0,Instrucciones para comentarios publicos en vivo:
2933,2025-03-19,Planning and Programming Committee,140919,,3,,,,,,,,0,0,"Public comment will be taken as the Board takes up each item. To give public comment on an item, enter #2 (pound-two) when prompted. Please note that the live video feed lags about 30 seconds behind the actual meeting. There is no lag on the public comment dial-in line."
2933,2025-03-19,Planning and Programming Committee,140920,,2,,,,,,,,0,0,"Live public comment can be given by telephone or in-person.

The Meeting begins at 11:00 AM Pacific Time on March 19, 2025; you may join the call 5 minutes prior to the start of the meeting.

Dial-in: 888-978-8818 and enter
English Access Code: 5647249#
Spanish Access Code: 7292892#"
2933,2025-03-19,Planning and Programming Committee,140921,,1,,,,,,,,0,0,Live Public Comment Instructions:
2933,2025-03-19,Planning and Programming Committee,142158,7,14,10996,2024-1141,Project,,,,,0,0,"AUTHORIZE:

A.	the reallocation of $25.74 million of Proposition C discretionary funds from the Access Services (Access) budget to fulfill unprogrammed STP-L funding program balances and;

B.	the Chief Executive Officer (CEO) or their designee to execute STP-L balance fulfillment agreements with local agencies, allowing them to receive their unprogrammed STP-L balances using available non-federal Metro funds."
2933,2025-03-19,Planning and Programming Committee,142159,6,13,10948,2024-1093,Project,,,,,0,0,"CONSIDER:

A.	AUTHORIZING the Chief Executive Officer (CEO), or designee, to execute and enter into a joint development agreement (JDA), ground lease, and other related documents with Expo Crenshaw Apartments, LP (Developer), for the construction and operation of a mixed-use affordable housing project (Project) on 1.77 acres of Metro-owned property located at the southeast corner of W. Exposition Blvd. and Crenshaw Blvd. (Metro Site), adjacent to the K Line Expo/Crenshaw Station in the City of L"
2933,2025-03-19,Planning and Programming Committee,142160,10,18,11072,2025-0052,Contract,,,,,0,0,"AUTHORIZE the Chief Executive Officer to award a firm fixed unit rate Contract No. PS125381000 to Capitol Government Contract Specialists for Major Capital Project grantwriting services to support Board priorities, in an amount Not-to-Exceed (NTE) $6,332,734 for a two-year base period, with one, two-year option in the amount of $6,287,602, for a total NTE amount of $12,620,336, effective April 7, 2025, subject to resolution of any properly submitted protest(s), if any."
2933,2025-03-19,Planning and Programming Committee,142161,9,17,11064,2025-0044,Project,,,,,0,0,"CONSIDER:

A.	RECEIVING AND FILING the Vermont Transit Corridor environmental study findings as per Senate Bill 922 Statutory Exemption requirements; 
 
B.	APPROVING the proposed Vermont Transit Corridor Project, a new 12.4-mile at-grade, side-running bus rapid transit (BRT) line with 26 stations at 13 intersection locations (Attachment A), as the Locally Preferred Alternative (LPA); 

C.	APPROVING the finding that the Project is statutorily exempt from CEQA under Section 21080.25(b); and "
2933,2025-03-19,Planning and Programming Committee,142185,,16,,,,,,,,0,0,page break
2933,2025-03-19,Planning and Programming Committee,142186,,19,,,,,,,,0,0,page break
2934,2025-03-19,Construction Committee,140922,,10,,,,,,,,0,0,CALL TO ORDER
2934,2025-03-19,Construction Committee,140923,,11,,,,,,,,0,0,ROLL CALL
2934,2025-03-19,Construction Committee,140924,11,12,11019,2024-1164,Project,,,,,0,0,"AUTHORIZE an increase to the Life of Project budget in the amount of $13,000,000 from $143,688,310 to $156,688,310 for the Metro Center Project to fully resolve all claims and complete the close-out of the Project."
2934,2025-03-19,Construction Committee,141190,13,15,11056,2025-0036,Informational Report,,,,,0,0,RECEIVE AND FILE the Construction Workforce Disparity Study report and response to Board Motion 29 (Attachment A).
2934,2025-03-19,Construction Committee,141191,,16,11217,2025-0197,Informational Report,,,,,0,0,RECEIVE General Public Comment
2934,2025-03-19,Construction Committee,141192,,17,,,,,,,,0,0,"Consideration of items not on the posted agenda, including: items to be presented and (if requested) referred to staff; items to be placed on the agenda for action at a future meeting of the Committee or Board; and/or items requiring immediate action because of an emergency situation or where the need to take immediate action came to the attention of the Committee subsequent to the posting of the agenda."
2934,2025-03-19,Construction Committee,141193,,18,,,,,,,,0,0,COMMENTS FROM THE PUBLIC ON ITEMS OF PUBLIC INTEREST WITHIN COMMITTEE’S SUBJECT MATTER JURISDICTION
2934,2025-03-19,Construction Committee,141194,,19,,,,,,,,0,0,Adjournment
2934,2025-03-19,Construction Committee,141195,,9,,,,,,,,0,0,page break
2934,2025-03-19,Construction Committee,141196,,8,,,,,,,,0,0,"Written public comments must be received by 5PM the day before the meeting.
Please include the Item # in your comment and your position of “FOR,” “AGAINST,” ""GENERAL COMMENT,"" or ""ITEM NEEDS MORE CONSIDERATION.""
Email: BoardClerk@metro.net
Post Office Mail:
Board Administration
One Gateway Plaza
MS: 99-3-1
Los Angeles, CA 90012"
2934,2025-03-19,Construction Committee,141197,,7,,,,,,,,0,0,Written Public Comment Instruction:
2934,2025-03-19,Construction Committee,141198,,6,,,,,,,,0,0,Los comentarios del público se tomaran cuando se toma cada tema. Para dar un comentario público sobre una tema ingrese # 2 (Tecla de numero y dos) cuando se le solicite. Tenga en cuenta que la transmisión de video en vivo se retrasa unos 30 segundos con respecto a la reunión real. No hay retraso en la línea de acceso telefónico para comentarios públicos.
2934,2025-03-19,Construction Committee,141199,,5,,,,,,,,0,0,"Los comentarios publicos en vivo se pueden dar por telefono o en persona.

La Reunion de la Junta comienza a las 1:00 PM, hora del Pacifico, el 19 de March de 2025. Puedes unirte a la llamada 5 minutos antes del comienso de la junta.

Marque: 888-978-8818 y ingrese el codigo
Codigo de acceso en ingles: 5647249#
Codigo de acceso en espanol: 7292892#"
2934,2025-03-19,Construction Committee,141200,,4,,,,,,,,0,0,Instrucciones para comentarios publicos en vivo:
2934,2025-03-19,Construction Committee,141201,,3,,,,,,,,0,0,"Public comment will be taken as the Board takes up each item. To give public comment on an item, enter #2 (pound-two) when prompted. Please note that the live video feed lags about 30 seconds behind the actual meeting. There is no lag on the public comment dial-in line."
2934,2025-03-19,Construction Committee,141202,,2,,,,,,,,0,0,"Live public comment can be given by telephone or in-person.

The Meeting begins at 1:00 PM Pacific Time on March 19, 2025; you may join the call 5 minutes prior to the start of the meeting.

Dial-in: 888-978-8818 and enter
English Access Code: 5647249#
Spanish Access Code: 7292892#"
2934,2025-03-19,Construction Committee,141203,,1,,,,,,,,0,0,Live Public Comment Instructions:
2934,2025-03-19,Construction Committee,142162,12,13,10928,2024-1073,Contract,,,,,0,0,"CONSIDER: 

A.	FINDING that authorization of the use of alternative delivery methods, including Progressive Design Build Operate Maintain (PDBOM), pursuant to Public Utilities Code Section 130242 (b), will achieve integration of design, project works, and operations and maintenance of charging equipment in an efficient manner for ZEB Charging Infrastructure Projects at Divisions 18 & 7; and

B.	APPROVING a competitive solicitation of a PDBOM contract to achieve the proposed design approach, spec"
2934,2025-03-19,Construction Committee,142214,,14,,,,,,,,0,0,page break
2935,2025-03-20,"Finance, Budget and Audit Committee",141204,,10,,,,,,,,0,0,CALL TO ORDER
2935,2025-03-20,"Finance, Budget and Audit Committee",141205,,11,,,,,,,,0,0,ROLL CALL
2935,2025-03-20,"Finance, Budget and Audit Committee",141206,14,12,11063,2025-0043,Policy,,,,,0,0,"CONSIDER:

A.	ADOPTING the Investment Policy in Attachment A; 

B.	APPROVING the Financial Institutions Resolution authorizing financial institutions to honor signatures of LACMTA’s Officials in Attachment B; and

C.	DELEGATING to the Treasurer or their designees, the authority to invest funds for a one-year period, pursuant to California Government Code (“Code”) Section 53607."
2935,2025-03-20,"Finance, Budget and Audit Committee",141461,17,16,11153,2025-0133,Informational Report,,,,,0,0,"RECEIVE AND FILE the Los Angeles County Metropolitan Transportation Authority’s (Metro) basic financial statements and component financial statement audits completed by Crowe LLP (Crowe) as of and for the fiscal year ended June 30, 2024."
2935,2025-03-20,"Finance, Budget and Audit Committee",141462,,17,11219,2025-0199,Informational Report,,,,,0,0,RECEIVE General Public Comment
2935,2025-03-20,"Finance, Budget and Audit Committee",141463,,18,,,,,,,,0,0,"Consideration of items not on the posted agenda, including: items to be presented and (if requested) referred to staff; items to be placed on the agenda for action at a future meeting of the Committee or Board; and/or items requiring immediate action because of an emergency situation or where the need to take immediate action came to the attention of the Committee subsequent to the posting of the agenda."
2935,2025-03-20,"Finance, Budget and Audit Committee",141464,,19,,,,,,,,0,0,COMMENTS FROM THE PUBLIC ON ITEMS OF PUBLIC INTEREST WITHIN COMMITTEE’S SUBJECT MATTER JURISDICTION
2935,2025-03-20,"Finance, Budget and Audit Committee",141465,,20,,,,,,,,0,0,Adjournment
2935,2025-03-20,"Finance, Budget and Audit Committee",141466,,9,,,,,,,,0,0,page break
2935,2025-03-20,"Finance, Budget and Audit Committee",141467,,8,,,,,,,,0,0,"Written public comments must be received by 5PM the day before the meeting.
Please include the Item # in your comment and your position of “FOR,” “AGAINST,” ""GENERAL
COMMENT,"" or ""ITEM NEEDS MORE CONSIDERATION.""
Email: BoardClerk@metro.net
Post Office Mail:
Board Administration
One Gateway Plaza
MS: 99-3-1
Los Angeles, CA 90012"
2935,2025-03-20,"Finance, Budget and Audit Committee",141468,,7,,,,,,,,0,0,Written Public Comment Instruction:
2935,2025-03-20,"Finance, Budget and Audit Committee",141469,,6,,,,,,,,0,0,Los comentarios del público se tomaran cuando se toma cada tema. Para dar un comentario público sobre una tema ingrese # 2 (Tecla de numero y dos) cuando se le solicite. Tenga en cuenta que la transmisión de video en vivo se retrasa unos 30 segundos con respecto a la reunión real. No hay retraso en la línea de acceso telefónico para comentarios públicos.
2935,2025-03-20,"Finance, Budget and Audit Committee",141470,,5,,,,,,,,0,0,"Los comentarios publicos en vivo se pueden dar por telefono o en persona.

La Reunion de la Junta comienza a las 10:00 AM, hora del Pacifico, el 20 de Marzo de 2025. Puedes unirte a la llamada 5 minutos antes del comienso de la junta.

Marque: 888-978-8818 y ingrese el codigo
Codigo de acceso en ingles: 5647249#
Codigo de acceso en espanol: 7292892#"
2935,2025-03-20,"Finance, Budget and Audit Committee",141471,,4,,,,,,,,0,0,Instrucciones para comentarios publicos en vivo:
2935,2025-03-20,"Finance, Budget and Audit Committee",141472,,3,,,,,,,,0,0,"Public comment will be taken as the Board takes up each item. To give public comment on an item, enter #2 (pound-two) when prompted. Please note that the live video feed lags about 30 seconds behind the actual meeting. There is no lag on the public comment dial-in line."
2935,2025-03-20,"Finance, Budget and Audit Committee",141473,,2,,,,,,,,0,0,"Live public comment can be given by telephone or in-person.

The Meeting begins at 10:00 AM Pacific Time on March 20, 2025; you may join the call 5 minutes prior to the start of the meeting.

Dial-in: 888-978-8818 and enter
English Access Code: 5647249#
Spanish Access Code: 7292892#"
2935,2025-03-20,"Finance, Budget and Audit Committee",141474,,1,,,,,,,,0,0,Live Public Comment Instructions:
2935,2025-03-20,"Finance, Budget and Audit Committee",142165,16,15,11128,2025-0108,Informational Report,,,,,0,0,RECEIVE AND FILE the Fiscal Year 2026 (FY26) Budget Development Status Update.
2935,2025-03-20,"Finance, Budget and Audit Committee",142210,15,13,11018,2024-1163,Contract,,,,,0,0,"AUTHORIZING the Chief Executive Officer to execute Modification No. 2 to Contract No. PS87947000 with Exemplifi, LLC in the amount of $400,000 increasing the Not-to-Exceed (NTE) contract value from $550,000 to $950,000, and extend the period of performance from August 31, 2025 to June 30, 2026 to continue providing essential digital maintenance and development support for Metro.net and standalone websites (The Source, El Pasajero, and art.metro.net)."
2935,2025-03-20,"Finance, Budget and Audit Committee",142217,,14,,,,,,,,0,0,page break
2936,2025-03-20,Executive Management Committee,141475,,10,,,,,,,,0,0,CALL TO ORDER
2936,2025-03-20,Executive Management Committee,141476,,11,,,,,,,,0,0,ROLL CALL
2936,2025-03-20,Executive Management Committee,141477,17,12,11018,2024-1163,Contract,,,,,0,0,"AUTHORIZING the Chief Executive Officer to execute Modification No. 2 to Contract No. PS87947000 with Exemplifi, LLC in the amount of $400,000 increasing the Not-to-Exceed (NTE) contract value from $550,000 to $950,000, and extend the period of performance from August 31, 2025 to June 30, 2026 to continue providing essential digital maintenance and development support for Metro.net and standalone websites (The Source, El Pasajero, and art.metro.net)."
2936,2025-03-20,Executive Management Committee,141753,19,14,11000,2024-1145,Informational Report,,,,,0,0,RECEIVE AND FILE quarterly status report on the Community Advisory Council (CAC).
2936,2025-03-20,Executive Management Committee,141755,,16,,,,,,,,0,0,"Consideration of items not on the posted agenda, including: items to be presented and (if requested) referred to staff; items to be placed on the agenda for action at a future meeting of the Committee or Board; and/or items requiring immediate action because of an emergency situation or where the need to take immediate action came to the attention of the Committee subsequent to the posting of the agenda."
2936,2025-03-20,Executive Management Committee,141756,,17,,,,,,,,0,0,COMMENTS FROM THE PUBLIC ON ITEMS OF PUBLIC INTEREST WITHIN COMMITTEE’S SUBJECT MATTER JURISDICTION
2936,2025-03-20,Executive Management Committee,141757,,18,,,,,,,,0,0,Adjournment
2936,2025-03-20,Executive Management Committee,141758,,8,,,,,,,,0,0,"Written public comments must be received by 5PM the day before the meeting.
Please include the Item # in your comment and your position of “FOR,” “AGAINST,” ""GENERAL COMMENT,"" or ""ITEM NEEDS MORE CONSIDERATION.""
Email: BoardClerk@metro.net
Post Office Mail:
Board Administration
One Gateway Plaza
MS: 99-3-1
Los Angeles, CA 90012"
2936,2025-03-20,Executive Management Committee,141759,,7,,,,,,,,0,0,Written Public Comment Instruction:
2936,2025-03-20,Executive Management Committee,141760,,6,,,,,,,,0,0,Los comentarios del público se tomaran cuando se toma cada tema. Para dar un comentario público sobre una tema ingrese # 2 (Tecla de numero y dos) cuando se le solicite. Tenga en cuenta que la transmisión de video en vivo se retrasa unos 30 segundos con respecto a la reunión real. No hay retraso en la línea de acceso telefónico para comentarios públicos.
2936,2025-03-20,Executive Management Committee,141761,,5,,,,,,,,0,0,"Los comentarios publicos en vivo se pueden dar por telefono o en persona.

La Reunion de la Junta comienza a las 11:00 AM, hora del Pacifico, el 20 de Marzo de 2025. Puedes unirte a la llamada 5 minutos antes del comienso de la junta.

Marque: 888-978-8818 y ingrese el codigo
Codigo de acceso en ingles: 5647249#
Codigo de acceso en espanol: 7292892#"
2936,2025-03-20,Executive Management Committee,141762,,4,,,,,,,,0,0,Instrucciones para comentarios publicos en vivo:
2936,2025-03-20,Executive Management Committee,141763,,3,,,,,,,,0,0,"Public comment will be taken as the Board takes up each item. To give public comment on an item, enter #2 (pound-two) when prompted. Please note that the live video feed lags about 30 seconds behind the actual meeting. There is no lag on the public comment dial-in line."
2936,2025-03-20,Executive Management Committee,141764,,2,,,,,,,,0,0,"Live public comment can be given by telephone or in-person.

The Meeting begins at 11:00 AM Pacific Time on March 20, 2025; you may join the call 5 minutes prior to the start of the meeting.

Dial-in: 888-978-8818 and enter
English Access Code: 5647249#
Spanish Access Code: 7292892#"
2936,2025-03-20,Executive Management Committee,141765,,1,,,,,,,,0,0,Live Public Comment Instructions:
2936,2025-03-20,Executive Management Committee,142157,,9,,,,,,,,0,0,page break
2936,2025-03-20,Executive Management Committee,142167,18,13,11182,2025-0162,Policy,,,,,0,0,"CONSIDER:

A.	RECEIVING AND FILING the March 2025 Federal and State Legislative Report; and 

B.	ADOPTING Staff Recommended Position:
·	AB 1237 (McKinnor). County of Los Angeles: sporting events: ticket charge: public transit. - SUPPORT-WORK WITH AUTHOR/SPONSOR (Attachment A)."
2937,2025-03-20,"Operations, Safety, and Customer Experience Committee",141767,,10,,,,,,,,0,0,CALL TO ORDER
2937,2025-03-20,"Operations, Safety, and Customer Experience Committee",141768,,11,,,,,,,,0,0,ROLL CALL
2937,2025-03-20,"Operations, Safety, and Customer Experience Committee",141769,25,21,11200,2025-0180,Motion / Motion Response,,,,,0,0,RECEIVE AND FILE the quarterly update on the Transit Community Public Safety Department (TCPSD) Implementation Plan.
2937,2025-03-20,"Operations, Safety, and Customer Experience Committee",142129,26,22,11117,2025-0097,Informational Report,,,,,0,0,RECEIVE AND FILE the Public Safety Report.
2937,2025-03-20,"Operations, Safety, and Customer Experience Committee",142130,,27,11220,2025-0200,Informational Report,,,,,0,0,RECEIVE General Public Comment
2937,2025-03-20,"Operations, Safety, and Customer Experience Committee",142131,,28,,,,,,,,0,0,"Consideration of items not on the posted agenda, including: items to be presented and (if requested) referred to staff; items to be placed on the agenda for action at a future meeting of the Committee or Board; and/or items requiring immediate action because of an emergency situation or where the need to take immediate action came to the attention of the Committee subsequent to the posting of the agenda."
2937,2025-03-20,"Operations, Safety, and Customer Experience Committee",142132,,29,,,,,,,,0,0,COMMENTS FROM THE PUBLIC ON ITEMS OF PUBLIC INTEREST WITHIN COMMITTEE’S SUBJECT MATTER JURISDICTION
2937,2025-03-20,"Operations, Safety, and Customer Experience Committee",142133,,30,,,,,,,,0,0,Adjournment
2937,2025-03-20,"Operations, Safety, and Customer Experience Committee",142134,,9,,,,,,,,0,0,page break
2937,2025-03-20,"Operations, Safety, and Customer Experience Committee",142135,,1,,,,,,,,0,0,Live Public Comment Instructions:
2937,2025-03-20,"Operations, Safety, and Customer Experience Committee",142136,,8,,,,,,,,0,0,"Written public comments must be received by 5PM the day before the meeting.
Please include the Item # in your comment and your position of “FOR,” “AGAINST,” ""GENERAL COMMENT,"" or ""ITEM NEEDS MORE CONSIDERATION.""
Email: BoardClerk@metro.net
Post Office Mail:
Board Administration
One Gateway Plaza
MS: 99-3-1
Los Angeles, CA 90012"
2937,2025-03-20,"Operations, Safety, and Customer Experience Committee",142137,,7,,,,,,,,0,0,Written Public Comment Instruction:
2937,2025-03-20,"Operations, Safety, and Customer Experience Committee",142138,,6,,,,,,,,0,0,Los comentarios del público se tomaran cuando se toma cada tema. Para dar un comentario público sobre una tema ingrese # 2 (Tecla de numero y dos) cuando se le solicite. Tenga en cuenta que la transmisión de video en vivo se retrasa unos 30 segundos con respecto a la reunión real. No hay retraso en la línea de acceso telefónico para comentarios públicos.
2937,2025-03-20,"Operations, Safety, and Customer Experience Committee",142139,,5,,,,,,,,0,0,"Los comentarios publicos en vivo se pueden dar por telefono o en persona.

La Reunion de la Junta comienza a las 1:00 PM, hora del Pacifico, el 20 de Marzo de 2025. Puedes unirte a la llamada 5 minutos antes del comienso de la junta.

Marque: 888-978-8818 y ingrese el codigo
Codigo de acceso en ingles: 5647249#
Codigo de acceso en espanol: 7292892#"
2937,2025-03-20,"Operations, Safety, and Customer Experience Committee",142140,,4,,,,,,,,0,0,Instrucciones para comentarios publicos en vivo:
2937,2025-03-20,"Operations, Safety, and Customer Experience Committee",142141,,3,,,,,,,,0,0,"Public comment will be taken as the Board takes up each item. To give public comment on an item, enter #2 (pound-two) when prompted. Please note that the live video feed lags about 30 seconds behind the actual meeting. There is no lag on the public comment dial-in line."
2937,2025-03-20,"Operations, Safety, and Customer Experience Committee",142142,,2,,,,,,,,0,0,"Live public comment can be given by telephone or in-person.

The Meeting begins at 1:00 PM Pacific Time on March 20, 2025; you may join the call 5 minutes prior to the start of the meeting.

Dial-in: 888-978-8818 and enter
English Access Code: 5647249#
Spanish Access Code: 7292892#"
2937,2025-03-20,"Operations, Safety, and Customer Experience Committee",142169,24,20,11116,2025-0096,Contract,,,,,0,0,"AUTHORIZE the Chief Executive Officer (CEO) to:

A.	EXECUTE Modification No. 18 to Contract No. PS272680011357 with Bicycle Transit Systems, Inc. (BTS) in the amount of $8,357,384 to continue Metro Bike Share (MBS) program services increasing the total contract value from $116,292,084 to $124,649,468 and extend the period of performance by a total of 7 months from April 30, 2025 through November 30, 2025, inclusive of a base period of four months and three, one-month options; and 

B.	EXECUTE in"
2937,2025-03-20,"Operations, Safety, and Customer Experience Committee",142170,23,19,11091,2025-0071,Contract,,,,,0,0,"AUTHORIZE the Chief Executive Officer to award a five-year, Indefinite Delivery/Indefinite Quantity (IDIQ) Contract No. PS125302000, for furniture, space planning, and installation services, to M3 Office, Inc., for a Not-to-Exceed (NTE) amount of $3,475,000.00 for the three-year base period and $1,075,000.00 for each of the two, one-year options, for a combined total of $5,625,000.00 effective April 1, 2025, subject to the resolution of any properly submitted protest(s), if any."
2937,2025-03-20,"Operations, Safety, and Customer Experience Committee",142171,21,15,11065,2025-0045,Contract,,,,,0,0,"AUTHORIZE the Chief Executive Officer to award a 30-month, firm-fixed-price Contract No. PS125493000 to JMDiaz, Inc., for the design, development, and implementation of a cloud-based Transit Signal Priority (TSP) system on portions of the NextGen Tier One network in the County of Los Angeles in the amount of $2,443,389, subject to the resolution of any properly submitted protest(s), if any."
2937,2025-03-20,"Operations, Safety, and Customer Experience Committee",142172,,18,,,,,,,,0,0,(CARRIED OVER FROM FEBRUARY'S COMMITTEE CYCLE)
2937,2025-03-20,"Operations, Safety, and Customer Experience Committee",142173,20,14,10983,2024-1128,Contract,,,,,0,0,"AUTHORIZE the Chief Executive Officer to amend Contract No. OP44570-2000B with Skyler Electric Company, Inc., in the amount of $1,403,491 for Task Order No. 9, to provide Uninterruptible Power Supply (UPS) Batteries for Metro B and D Lines, increasing the cumulative Not-to-Exceed (NTE) contract amount from $3,468,400 to $4,871,891."
2937,2025-03-20,"Operations, Safety, and Customer Experience Committee",142174,19,13,11090,2025-0070,Informational Report,,,,,0,0,RECEIVE oral report on Metro Operations.
2937,2025-03-20,"Operations, Safety, and Customer Experience Committee",142175,18,12,11089,2025-0069,Informational Report,,,,,0,0,RECOGNIZE Operations Employees of the Month.
2937,2025-03-20,"Operations, Safety, and Customer Experience Committee",142176,22,17,11180,2025-0160,Contract,,,,,0,0,"AUTHORIZE the Chief Executive Officer (CEO) to award a firm fixed unit rate Contract No. OP48505(2)0008370 to CDS Services, Inc. DBA Legion Pest Management, for pest and bird control services throughout Metro’s bus and rail facilities, rail cars, and non-revenue vehicles, in the Not-To-Exceed (NTE) amount of $2,887,332 for the three-year base period and $1,925,728 for the two-year option, for a combined NTE amount of $4,813,060, effective May 5, 2025; subject to the resolution of any properly su"
2937,2025-03-20,"Operations, Safety, and Customer Experience Committee",142177,27,23,11001,2024-1146,Informational Report,,,,,0,0,RECEIVE AND FILE a quarterly status report on Metro’s Public Safety Advisory Committee (PSAC).
2937,2025-03-20,"Operations, Safety, and Customer Experience Committee",142211,29,26,11237,2025-0217,Motion / Motion Response,,,,,0,0,"APPROVE Motion by Yaroslavsky, Bass, Dupont-Walker, Sandoval and Mitchell that the Board direct the Chief Executive Officer to: 

A.	Create a pilot station activation program to help Metro reimagine and determine how to elevate the experience of our transit riders and the surrounding communities, using tools like farmers markets, cultural programming, vending, and community events and report back in 3 months on the progress. The plan should also identify a rapid deployment that can support Purpl"
2937,2025-03-20,"Operations, Safety, and Customer Experience Committee",142212,28,25,11000,2024-1145,Informational Report,,,,,0,0,RECEIVE AND FILE quarterly status report on the Community Advisory Council (CAC).
2937,2025-03-20,"Operations, Safety, and Customer Experience Committee",142213,,16,,,,,,,,0,0,
2937,2025-03-20,"Operations, Safety, and Customer Experience Committee",142216,,24,,,,,,,,0,0,page break
2938,2025-03-27,Board of Directors - Regular Board Meeting,142219,,9,,,,,,,,0,0,page break
2938,2025-03-27,Board of Directors - Regular Board Meeting,142220,,10,,,,,,,,0,0,CALL TO ORDER
2938,2025-03-27,Board of Directors - Regular Board Meeting,142221,,11,,,,,,,,1,0,ROLL CALL
2938,2025-03-27,Board of Directors - Regular Board Meeting,142222,,12,,,,,,,,0,0,"1. APPROVE Consent Calendar Items: 2, 5, 6, 8, 9, 10, 11, 12**, 14, 15, 20, 21, 22, 23, 24, and 29. 

**Item requires 2/3 vote of the Full Board.

Consent Calendar items are approved by one motion unless held by a Director for discussion and/or separate action.

All Consent Calendar items are listed at the end of the agenda, beginning on page 8."
2938,2025-03-27,Board of Directors - Regular Board Meeting,142223,,26,,,,,,,,0,0,"CONSENT CALENDAR - ITEMS 2, 5, 6, 8, 9, 10, 11, 12, 14, 15, 20, 21, 22, 23, 24, and 29. "
2938,2025-03-27,Board of Directors - Regular Board Meeting,142378,,62,11245,2025-0225,Informational Report,,,,,0,0,RECEIVE General Public Comment
2938,2025-03-27,Board of Directors - Regular Board Meeting,142379,,63,,,,,,,,0,0,"Consideration of items not on the posted agenda, including: items to be presented and (if requested) referred to staff; items to be placed on the agenda for action at a future meeting of the Committee or Board; and/or items requiring immediate action because of an emergency situation or where the need to take immediate action came to the attention of the Committee subsequent to the posting of the agenda."
2938,2025-03-27,Board of Directors - Regular Board Meeting,142380,,64,,,,,,,,0,0,COMMENTS FROM THE PUBLIC ON ITEMS OF PUBLIC INTEREST WITHIN COMMITTEE’S SUBJECT MATTER JURISDICTION
2938,2025-03-27,Board of Directors - Regular Board Meeting,142381,,65,,,,,,,,0,0,Adjournment
2938,2025-03-27,Board of Directors - Regular Board Meeting,142382,,8,,,,,,,,0,0,"Written public comments must be received by 5PM the day before the meeting.
Please include the Item # in your comment and your position of “FOR,” “AGAINST,” ""GENERAL COMMENT,"" or ""ITEM NEEDS MORE CONSIDERATION.""
Email: BoardClerk@metro.net
Post Office Mail:
Board Administration
One Gateway Plaza
MS: 99-3-1
Los Angeles, CA 90012"
2938,2025-03-27,Board of Directors - Regular Board Meeting,142383,,7,,,,,,,,0,0,Written Public Comment Instruction:
2938,2025-03-27,Board of Directors - Regular Board Meeting,142384,,6,,,,,,,,0,0,Los comentarios del público se tomaran cuando se toma cada tema. Para dar un comentario público sobre una tema ingrese # 2 (Tecla de numero y dos) cuando se le solicite. Tenga en cuenta que la transmisión de video en vivo se retrasa unos 30 segundos con respecto a la reunión real. No hay retraso en la línea de acceso telefónico para comentarios públicos.
2938,2025-03-27,Board of Directors - Regular Board Meeting,142385,,5,,,,,,,,0,0,"Los comentarios publicos en vivo se pueden dar por telefono o en persona.

La Reunion de la Junta comienza a las 10:00 AM, hora del Pacifico, el 27 de Marzo de 2025. Puedes unirte a la llamada 5 minutos antes del comienso de la junta.

Marque: 888-978-8818 y ingrese el codigo
Codigo de acceso en ingles: 5647249#
Codigo de acceso en espanol: 7292892#"
2938,2025-03-27,Board of Directors - Regular Board Meeting,142386,,4,,,,,,,,0,0,Instrucciones para comentarios publicos en vivo:
2938,2025-03-27,Board of Directors - Regular Board Meeting,142387,,3,,,,,,,,0,0,"Public comment will be taken as the Board takes up each item. To give public comment on an item, enter #2 (pound-two) when prompted. Please note that the live video feed lags about 30 seconds behind the actual meeting. There is no lag on the public comment dial-in line."
2938,2025-03-27,Board of Directors - Regular Board Meeting,142388,,2,,,,,,,,0,0,"Live public comment can be given by telephone or in-person.

The Meeting begins at 10:00 AM Pacific Time on March 27, 2025; you may join the call 5 minutes prior to the start of the meeting.

Dial-in: 888-978-8818 and enter
English Access Code: 5647249#
Spanish Access Code: 7292892#"
2938,2025-03-27,Board of Directors - Regular Board Meeting,142389,,1,,,,,,,,0,0,Live Public Comment Instructions:
2938,2025-03-27,Board of Directors - Regular Board Meeting,142391,,13,,,,,,,,0,0,NON-CONSENT
2938,2025-03-27,Board of Directors - Regular Board Meeting,142392,,23,,,,,,,,0,0,END OF NON-CONSENT
2938,2025-03-27,Board of Directors - Regular Board Meeting,142393,4,15,11243,2025-0223,Oral Report / Presentation,RECEIVED,,,,0,0,RECEIVE report by the Chief Executive Officer.
2938,2025-03-27,Board of Directors - Regular Board Meeting,142394,3,14,11242,2025-0222,Oral Report / Presentation,RECEIVED,,,,0,0,RECEIVE remarks by the Chair.
2938,2025-03-27,Board of Directors - Regular Board Meeting,142396,24,59,11116,2025-0096,Contract,APPROVED,Pass,Ara J. Najarian,Fernando Dutra,,1,"AUTHORIZE the Chief Executive Officer (CEO) to:

A.	EXECUTE Modification No. 18 to Contract No. PS272680011357 with Bicycle Transit Systems, Inc. (BTS) in the amount of $8,357,384 to continue Metro Bike Share (MBS) program services increasing the total contract value from $116,292,084 to $124,649,468 and extend the period of performance by a total of 7 months from April 30, 2025 through November 30, 2025, inclusive of a base period of four months and three, one-month options; and 

B.	EXECUTE in"
2938,2025-03-27,Board of Directors - Regular Board Meeting,142397,,28,,,,,,,,0,0,PLANNING AND PROGRAMMING COMMITTEE MADE THE FOLLOWING RECOMMENDATION (3-0):
2938,2025-03-27,Board of Directors - Regular Board Meeting,142398,2,27,11244,2025-0224,Minutes,APPROVED ON CONSENT CALENDAR,Pass,,,,1,"APPROVE Minutes of the Regular Board Meeting held February 27, 2025."
2938,2025-03-27,Board of Directors - Regular Board Meeting,142400,13,17,11056,2025-0036,Informational Report,RECEIVED AND FILED,,,,0,0,RECEIVE AND FILE the Construction Workforce Disparity Study report and response to Board Motion 29 (Attachment A).
2938,2025-03-27,Board of Directors - Regular Board Meeting,142401,,16,,,,,,,,0,0,CONSTRUCTION COMMITTEE RECEIVED AND FILED THE FOLLOWING: 
2938,2025-03-27,Board of Directors - Regular Board Meeting,142405,,48,,,,,,,,0,0,"OPERATIONS, SAFETY, AND CUSTOMER EXPERIENCE COMMITTEE MADE THE FOLLOWING RECOMMENDATION (4-0):"
2938,2025-03-27,Board of Directors - Regular Board Meeting,142406,,30,,,,,,,,0,0,PLANNING AND PROGRAMMING COMMITTEE MADE THE FOLLOWING RECOMMENDATION (3-0):
2938,2025-03-27,Board of Directors - Regular Board Meeting,142407,5,29,11084,2025-0064,Project,APPROVED ON CONSENT CALENDAR,Pass,Ara J. Najarian,Fernando Dutra,0,0,"CONSIDER: 
 
A.	APPROVING $1,500,000 in additional programming within the capacity of Measure R Multimodal Highway Subregional Programs for improvements at the intersection of Aviation Blvd at Artesia Blvd in the City of Redondo Beach within the South Bay Subregion as shown in Attachment A; and 
 
B.	AUTHORIZING the Chief Executive Officer or their designee to negotiate and execute all necessary agreements for the Board-approved projects."
2938,2025-03-27,Board of Directors - Regular Board Meeting,142408,15,47,11018,2024-1163,Contract,APPROVED,Pass,Ara J. Najarian,Fernando Dutra,,1,"AUTHORIZING the Chief Executive Officer to execute Modification No. 2 to Contract No. PS87947000 with Exemplifi, LLC in the amount of $400,000 increasing the Not-to-Exceed (NTE) contract value from $550,000 to $950,000, and extend the period of performance from August 31, 2025 to June 30, 2026 to continue providing essential digital maintenance and development support for Metro.net and standalone websites (The Source, El Pasajero, and art.metro.net)."
2938,2025-03-27,Board of Directors - Regular Board Meeting,142409,,46,,,,,,,,0,0,"FINANCE, BUDGET, AND AUDIT COMMITTEE MADE THE FOLLOWING RECOMMENDATION (4-0):"
2938,2025-03-27,Board of Directors - Regular Board Meeting,142410,14,45,11063,2025-0043,Policy,ADOPTED,Pass,Ara J. Najarian,Fernando Dutra,,1,"CONSIDER:

A.	ADOPTING the Investment Policy in Attachment A; 

B.	APPROVING the Financial Institutions Resolution authorizing financial institutions to honor signatures of LACMTA’s Officials in Attachment B; and

C.	DELEGATING to the Treasurer or their designees, the authority to invest funds for a one-year period, pursuant to California Government Code (“Code”) Section 53607."
2938,2025-03-27,Board of Directors - Regular Board Meeting,142411,,44,,,,,,,,0,0,"FINANCE, BUDGET, AND AUDIT COMMITTEE MADE THE FOLLOWING RECOMMENDATION (4-0):"
2938,2025-03-27,Board of Directors - Regular Board Meeting,142412,,42,,,,,,,,0,0,CONSTRUCTION COMMITTEE MADE THE FOLLOWING RECOMMENDATION (4-0):
2938,2025-03-27,Board of Directors - Regular Board Meeting,142413,,37,,,,,,,,0,0,PLANNING AND PROGRAMMING COMMITTEE MADE THE FOLLOWING RECOMMENDATION (3-0):
2938,2025-03-27,Board of Directors - Regular Board Meeting,142414,9,36,11064,2025-0044,Project,APPROVED,Pass,Ara J. Najarian,Fernando Dutra,,1,"CONSIDER:

A.	RECEIVING AND FILING the Vermont Transit Corridor environmental study findings as per Senate Bill 922 Statutory Exemption requirements; 
 
B.	APPROVING the proposed Vermont Transit Corridor Project, a new 12.4-mile at-grade, side-running bus rapid transit (BRT) line with 26 stations at 13 intersection locations (Attachment A), as the Locally Preferred Alternative (LPA); 

C.	APPROVING the finding that the Project is statutorily exempt from CEQA under Section 21080.25(b); and "
2938,2025-03-27,Board of Directors - Regular Board Meeting,142415,,35,,,,,,,,0,0,PLANNING AND PROGRAMMING COMMITTEE MADE THE FOLLOWING RECOMMENDATION (3-0):
2938,2025-03-27,Board of Directors - Regular Board Meeting,142416,8,34,11060,2025-0040,Plan,APPROVED ON CONSENT CALENDAR,Pass,Ara J. Najarian,Fernando Dutra,0,0,AUTHORIZE the CEO or their designee to submit to SCAG the Project Prioritization Framework Metro will use to evaluate and rank projects for Los Angeles County as part of the 2025 SCAG CMAQ/STBG Call for Projects.
2938,2025-03-27,Board of Directors - Regular Board Meeting,142417,,33,,,,,,,,0,0,PLANNING AND PROGRAMMING COMMITTEE MADE THE FOLLOWING RECOMMENDATION (3-0):
2938,2025-03-27,Board of Directors - Regular Board Meeting,142418,6,31,10948,2024-1093,Project,APPROVED ON CONSENT CALENDAR,Pass,Ara J. Najarian,Fernando Dutra,0,0,"CONSIDER:

A.	AUTHORIZING the Chief Executive Officer (CEO), or designee, to execute and enter into a joint development agreement (JDA), ground lease, and other related documents with Expo Crenshaw Apartments, LP (Developer), for the construction and operation of a mixed-use affordable housing project (Project) on 1.77 acres of Metro-owned property located at the southeast corner of W. Exposition Blvd. and Crenshaw Blvd. (Metro Site), adjacent to the K Line Expo/Crenshaw Station in the City of L"
2938,2025-03-27,Board of Directors - Regular Board Meeting,142419,12,43,10928,2024-1073,Contract,APPROVED,Pass,James Butts,Fernando Dutra,0,0,"CONSIDER: 

A.	FINDING that authorization of the use of alternative delivery methods, including Progressive Design Build Operate Maintain (PDBOM), pursuant to Public Utilities Code Section 130242 (b), will achieve integration of design, project works, and operations and maintenance of charging equipment in an efficient manner for ZEB Charging Infrastructure Projects at Divisions 18 & 7; and

B.	APPROVING a competitive solicitation of a PDBOM contract to achieve the proposed design approach, spec"
2938,2025-03-27,Board of Directors - Regular Board Meeting,142420,,39,,,,,,,,0,0,CONSTRUCTION COMMITTEE MADE THE FOLLOWING RECOMMENDATION (4-0):
2938,2025-03-27,Board of Directors - Regular Board Meeting,142421,10,38,11072,2025-0052,Contract,APPROVED,Pass,Ara J. Najarian,Fernando Dutra,,1,"AUTHORIZE the Chief Executive Officer to award a firm fixed unit rate Contract No. PS125381000 to Capitol Government Contract Specialists for Major Capital Project grantwriting services to support Board priorities, in an amount Not-to-Exceed (NTE) $6,332,734 for a two-year base period, with one, two-year option in the amount of $6,287,602, for a total NTE amount of $12,620,336, effective April 7, 2025, subject to resolution of any properly submitted protest(s), if any."
2938,2025-03-27,Board of Directors - Regular Board Meeting,142422,11,40,11019,2024-1164,Project,APPROVED ON CONSENT CALENDAR,Pass,Ara J. Najarian,Fernando Dutra,,1,"AUTHORIZE an increase to the Life of Project budget in the amount of $13,000,000 from $143,688,310 to $156,688,310 for the Metro Center Project to fully resolve all claims and complete the close-out of the Project."
2938,2025-03-27,Board of Directors - Regular Board Meeting,142424,23,57,11091,2025-0071,Contract,APPROVED,Pass,Ara J. Najarian,Fernando Dutra,,1,"AUTHORIZE the Chief Executive Officer to award a five-year, Indefinite Delivery/Indefinite Quantity (IDIQ) Contract No. PS125302000, for furniture, space planning, and installation services, to M3 Office, Inc., for a Not-to-Exceed (NTE) amount of $3,475,000.00 for the three-year base period and $1,075,000.00 for each of the two, one-year options, for a combined total of $5,625,000.00 effective April 1, 2025, subject to the resolution of any properly submitted protest(s), if any."
2938,2025-03-27,Board of Directors - Regular Board Meeting,142425,,56,,,,,,,,0,0,"OPERATIONS, SAFETY, AND CUSTOMER EXPERIENCE COMMITTEE MADE THE FOLLOWING RECOMMENDATION (4-0):"
2938,2025-03-27,Board of Directors - Regular Board Meeting,142426,22,54,11180,2025-0160,Contract,APPROVED,Pass,Ara J. Najarian,Fernando Dutra,,1,"AUTHORIZE the Chief Executive Officer (CEO) to award a firm fixed unit rate Contract No. OP48505(2)0008370 to CDS Services, Inc. DBA Legion Pest Management, for pest and bird control services throughout Metro’s bus and rail facilities, rail cars, and non-revenue vehicles, in the Not-To-Exceed (NTE) amount of $2,887,332 for the three-year base period and $1,925,728 for the two-year option, for a combined NTE amount of $4,813,060, effective May 5, 2025; subject to the resolution of any properly su"
2938,2025-03-27,Board of Directors - Regular Board Meeting,142427,,53,,,,,,,,0,0,"OPERATIONS, SAFETY, AND CUSTOMER EXPERIENCE COMMITTEE MADE THE FOLLOWING RECOMMENDATION (3-1):"
2938,2025-03-27,Board of Directors - Regular Board Meeting,142428,21,52,11065,2025-0045,Contract,APPROVED,Pass,Ara J. Najarian,Fernando Dutra,,1,"AUTHORIZE the Chief Executive Officer to award a 30-month, firm-fixed-price Contract No. PS125493000 to JMDiaz, Inc., for the design, development, and implementation of a cloud-based Transit Signal Priority (TSP) system on portions of the NextGen Tier One network in the County of Los Angeles in the amount of $2,443,389, subject to the resolution of any properly submitted protest(s), if any."
2938,2025-03-27,Board of Directors - Regular Board Meeting,142429,,51,,,,,,,,0,0,"OPERATIONS, SAFETY, AND CUSTOMER EXPERIENCE COMMITTEE MADE THE FOLLOWING RECOMMENDATION (4-0):"
2938,2025-03-27,Board of Directors - Regular Board Meeting,142430,20,49,10983,2024-1128,Contract,APPROVED,Pass,Ara J. Najarian,Fernando Dutra,,1,"AUTHORIZE the Chief Executive Officer to amend Contract No. OP44570-2000B with Skyler Electric Company, Inc., in the amount of $1,403,491 for Task Order No. 9, to provide Uninterruptible Power Supply (UPS) Batteries for Metro B and D Lines, increasing the cumulative Not-to-Exceed (NTE) contract amount from $3,468,400 to $4,871,891."
2938,2025-03-27,Board of Directors - Regular Board Meeting,142431,,58,,,,,,,,0,0,"OPERATIONS, SAFETY, AND CUSTOMER EXPERIENCE COMMITTEE MADE THE FOLLOWING RECOMMENDATION (4-0):"
2938,2025-03-27,Board of Directors - Regular Board Meeting,142432,29,61,11237,2025-0217,Motion / Motion Response,APPROVED,Pass,Ara J. Najarian,Fernando Dutra,,1,"APPROVE Motion by Yaroslavsky, Bass, Dupont-Walker, Sandoval and Mitchell that the Board direct the Chief Executive Officer to: 

A.	Create a pilot station activation program to help Metro reimagine and determine how to elevate the experience of our transit riders and the surrounding communities, using tools like farmers markets, cultural programming, vending, and community events and report back in 3 months on the progress. The plan should also identify a rapid deployment that can support Purpl"
2938,2025-03-27,Board of Directors - Regular Board Meeting,142433,,60,,,,,,,,0,0,"OPERATIONS, SAFETY, AND CUSTOMER EXPERIENCE COMMITTEE MADE THE FOLLOWING RECOMMENDATION AS AMENDED (4-0):"
2938,2025-03-27,Board of Directors - Regular Board Meeting,142434,,18,,,,,,,,0,0,page break
2938,2025-03-27,Board of Directors - Regular Board Meeting,142435,13.1,19,11257,2025-0237,Motion / Motion Response,APPROVED AS AMENDED,Pass,James Butts,Fernando Dutra,0,0,"APPROVE Motion by Horvath, Hahn, Dutra, Solis and Yaroslavsky that the Board direct the Chief Executive Officer to: 

A.	expand the Cultural Competency Plan requirement to integrate Community Benefits and Workforce Equity components into RFP procurements, and identify mechanisms to embed workforce commitments, such as childcare accessibility, reliable transportation, supportive work environments and an inclusive workplace culture, ensuring alignment with Metro’s broader workforce initiatives;

B"
2938,2025-03-27,Board of Directors - Regular Board Meeting,142437,30,22,11182,2025-0162,Policy,ADOPTED,Pass,Tim Sandoval,Holly J. Mitchell,0,0,"CONSIDER:

A.	RECEIVING AND FILING the March 2025 Federal and State Legislative Report; and 

B.	ADOPTING Staff Recommended Position:
·	AB 1237 (McKinnor). County of Los Angeles: sporting events: ticket charge: public transit. - SUPPORT-WORK WITH AUTHOR/SPONSOR (Attachment A)."
2938,2025-03-27,Board of Directors - Regular Board Meeting,142438,28,21,11000,2024-1145,Informational Report,,,,,0,0,RECEIVE AND FILE quarterly status report on the Community Advisory Council (CAC).
2938,2025-03-27,Board of Directors - Regular Board Meeting,142439,,20,,,,,,,,0,0,"OPERATIONS, SAFETY, AND CUSTOMER EXPERIENCE COMMITTEE RECEIVED AND FILED THE FOLLOWING:"
2938,2025-03-27,Board of Directors - Regular Board Meeting,142440,,24,,,,,,,,0,0,page break
2938,2025-03-27,Board of Directors - Regular Board Meeting,142441,,32,,,,,,,,0,0,page break
2938,2025-03-27,Board of Directors - Regular Board Meeting,142442,,41,,,,,,,,0,0,page break
2938,2025-03-27,Board of Directors - Regular Board Meeting,142443,,50,,,,,,,,0,0,page break
2938,2025-03-27,Board of Directors - Regular Board Meeting,142444,,55,,,,,,,,0,0,page break
2938,2025-03-27,Board of Directors - Regular Board Meeting,142473,,,,,,APPROVED ON CONSENT CALENDAR,Pass,Ara J. Najarian,Fernando Dutra,0,1,Approval of the Consent Agenda
2939,2025-05-14,Ad Hoc 2028 Olympic & Paralympic Games Committee,145171,,10,,,,,,,,0,0,CALL TO ORDER
2939,2025-05-14,Ad Hoc 2028 Olympic & Paralympic Games Committee,145172,,11,,,,,,,,1,0,ROLL CALL
2939,2025-05-14,Ad Hoc 2028 Olympic & Paralympic Games Committee,145200,,18,11377,2025-0357,Informational Report,,,,,0,0,RECEIVE General Public Comment
2939,2025-05-14,Ad Hoc 2028 Olympic & Paralympic Games Committee,145201,,19,,,,,,,,0,0,"Consideration of items not on the posted agenda, including: items to be presented and (if requested) referred to staff; items to be placed on the agenda for action at a future meeting of the Committee or Board; and/or items requiring immediate action because of an emergency situation or where the need to take immediate action came to the attention of the Committee subsequent to the posting of the agenda."
2939,2025-05-14,Ad Hoc 2028 Olympic & Paralympic Games Committee,145202,,20,,,,,,,,0,0,COMMENTS FROM THE PUBLIC ON ITEMS OF PUBLIC INTEREST WITHIN COMMITTEE’S SUBJECT MATTER JURISDICTION
2939,2025-05-14,Ad Hoc 2028 Olympic & Paralympic Games Committee,145203,,21,,,,,,,,0,0,Adjournment
2939,2025-05-14,Ad Hoc 2028 Olympic & Paralympic Games Committee,145830,,8,,,,,,,,0,0,"Written public comments must be received by 5PM the day before the meeting.
Please include the Item # in your comment and your position of “FOR,” “AGAINST,” ""GENERAL COMMENT,"" or ""ITEM NEEDS MORE CONSIDERATION.""
Email: BoardClerk@metro.net
Post Office Mail:
Board Administration
One Gateway Plaza
MS: 99-3-1
Los Angeles, CA 90012"
2939,2025-05-14,Ad Hoc 2028 Olympic & Paralympic Games Committee,145831,,7,,,,,,,,0,0,Written Public Comment Instruction:
2939,2025-05-14,Ad Hoc 2028 Olympic & Paralympic Games Committee,145832,,6,,,,,,,,0,0,Los comentarios del público se tomaran cuando se toma cada tema. Para dar un comentario público sobre una tema ingrese # 2 (Tecla de numero y dos) cuando se le solicite. Tenga en cuenta que la transmisión de video en vivo se retrasa unos 30 segundos con respecto a la reunión real. No hay retraso en la línea de acceso telefónico para comentarios públicos.
2939,2025-05-14,Ad Hoc 2028 Olympic & Paralympic Games Committee,145833,,5,,,,,,,,0,0,"Los comentarios publicos en vivo se pueden dar por telefono o en persona.

La Reunion de la Junta comienza a las 10:00 AM, hora del Pacifico, el 14 de Mayo de 2025. Puedes unirte a la llamada 5 minutos antes del comienso de la junta.

Marque: 888-978-8818 y ingrese el codigo
Codigo de acceso en ingles: 5647249#
Codigo de acceso en espanol: 7292892#"
2939,2025-05-14,Ad Hoc 2028 Olympic & Paralympic Games Committee,145834,,4,,,,,,,,0,0,Instrucciones para comentarios publicos en vivo:
2939,2025-05-14,Ad Hoc 2028 Olympic & Paralympic Games Committee,145835,,3,,,,,,,,0,0,"Public comment will be taken as the Board takes up each item. To give public comment on an item, enter #2 (pound-two) when prompted. Please note that the live video feed lags about 30 seconds behind the actual meeting. There is no lag on the public comment dial-in line."
2939,2025-05-14,Ad Hoc 2028 Olympic & Paralympic Games Committee,145836,,2,,,,,,,,0,0,"Live public comment can be given by telephone or in-person.

The Meeting begins at 10:00 AM Pacific Time on May 14, 2025; you may join the call 5 minutes prior to the start of the meeting.

Dial-in: 888-978-8818 and enter
English Access Code: 5647249#
Spanish Access Code: 7292892#"
2939,2025-05-14,Ad Hoc 2028 Olympic & Paralympic Games Committee,145837,,1,,,,,,,,0,0,Live Public Comment Instructions:
2939,2025-05-14,Ad Hoc 2028 Olympic & Paralympic Games Committee,145838,,9,,,,,,,,0,0,page break
2939,2025-05-14,Ad Hoc 2028 Olympic & Paralympic Games Committee,146585,5,12,11283,2025-0263,Motion / Motion Response,RECEIVED AND FILED,Pass,,,0,0,RECEIVE AND FILE the 2028 Mobility Concept Plan (MCP) Motion #8 Response.
2939,2025-05-14,Ad Hoc 2028 Olympic & Paralympic Games Committee,146623,6,13,11285,2025-0265,Plan,APPROVED,Pass,,,0,0,"CONSIDER:

A.	RECEIVING AND FILING the 2028 Mobility Concept Plan (MCP) Progress Report; and 

B.	AMENDING the 2022 Prioritized Mobility Concept Plan (MCP) project list to include the Pomona Fairplex Metrolink Station Improvements Project as part of the Rail project mode/type."
2939,2025-05-14,Ad Hoc 2028 Olympic & Paralympic Games Committee,147092,7,14,11267,2025-0247,Contract,APPROVED,Pass,,,0,0,"WITHDRAWN: AUTHORIZE the Chief Executive Officer to award a firm fixed unit rate, task order based Contract No. PS127282000 with Mott MacDonald Group, Inc. to provide Games Support Services to support Metro’s planning for the 2028 Games for a period of four years in an amount not to exceed (NTE) $42,043,610, subject to resolution of any properly submitted protest(s), if any."
2939,2025-05-14,Ad Hoc 2028 Olympic & Paralympic Games Committee,147103,8,15,11436,2025-0417,Motion / Motion Response,APPROVED,Pass,,,0,0,"APPROVE Motion by Solis, Dupont-Walker, and Hahn that the Board direct the Chief Executive Officer to:

A.	Work with the Los Angeles County Chief Executive Office, Los Angeles County Department of Parks and Recreation, Los Angeles County Department of Economic Opportunity, Los Angeles County Department of Arts and Culture, the City of Los Angeles and other local jurisdictions, and community-based organizations and groups to identify potential fan zones for the 2028 Games that are:

1.	Geographic"
2939,2025-05-14,Ad Hoc 2028 Olympic & Paralympic Games Committee,147106,,16,,,,,,,,0,0,page break
2939,2025-05-14,Ad Hoc 2028 Olympic & Paralympic Games Committee,147107,9,17,11437,2025-0418,Motion / Motion Response,APPROVED,Pass,,,0,0,"APPROVE Motion by Hahn, Bass, Dutra, Dupont-Walker, and Butts that the Board direct the Chief Executive Officer to:

A.	Initiate conversation and coordination with Long Beach Transit and the Port of LA to assess existing services and explore the feasibility of establishing a water taxi service to connect San Pedro and Long Beach in preparation for the 2028 Summer Olympic and Paralympic Games. This study shall include:

1.	Route Identification: Evaluate optimal and safe routes for operation betwe"
2940,2025-04-16,Planning and Programming Committee,142474,,10,,,,,,,,0,0,CALL TO ORDER
2940,2025-04-16,Planning and Programming Committee,142475,,11,,,,,,,,1,0,ROLL CALL
2940,2025-04-16,Planning and Programming Committee,142783,,26,11269,2025-0249,Informational Report,,,,,0,0,RECEIVE General Public Comment
2940,2025-04-16,Planning and Programming Committee,142784,,27,,,,,,,,0,0,"Consideration of items not on the posted agenda, including: items to be presented and (if requested) referred to staff; items to be placed on the agenda for action at a future meeting of the Committee or Board; and/or items requiring immediate action because of an emergency situation or where the need to take immediate action came to the attention of the Committee subsequent to the posting of the agenda."
2940,2025-04-16,Planning and Programming Committee,142785,,28,,,,,,,,0,0,COMMENTS FROM THE PUBLIC ON ITEMS OF PUBLIC INTEREST WITHIN COMMITTEE’S SUBJECT MATTER JURISDICTION
2940,2025-04-16,Planning and Programming Committee,142786,,29,,,,,,,,0,0,Adjournment
2940,2025-04-16,Planning and Programming Committee,142787,,25,,,,,,,,0,0,
2940,2025-04-16,Planning and Programming Committee,142788,,22,,,,,,,,0,0,(CARRIED OVER FROM MARCH'S COMMITTEE CYCLE)
2940,2025-04-16,Planning and Programming Committee,142789,9,21,11255,2025-0235,Program,,,,,0,0,"AUTHORIZE:

A.	the reallocation of $25.74 million of Proposition C discretionary funds from the Access Services (Access) budget to fulfill unprogrammed STP-L funding program balances; and

B.	the Chief Executive Officer (CEO) or their designee to execute STP-L balance fulfillment agreements with local agencies, allowing them to receive their unprogrammed STP-L balances using available non-federal Metro funds."
2940,2025-04-16,Planning and Programming Committee,142790,5,13,10939,2024-1084,Contract,CARRIED OVER,,,,0,0,"AUTHORIZE the Chief Executive Officer (CEO) to award a firm fixed price Contract No. PS122552000 to Vermont Slauson - LDC, Inc. for the administration of the Transit Oriented Communities Economic Development Program (EDP) Pilot Investment Fund (Fund) in the amount of $1,370,495 for the three-year base term, $310,740 for the first option year, and $253,745 for the second option year, for a total combined contract amount of $1,934,980, effective May 1, 2025, subject to the resolution of any proper"
2940,2025-04-16,Planning and Programming Committee,142791,,8,,,,,,,,0,0,"Written public comments must be received by 5PM the day before the meeting.
Please include the Item # in your comment and your position of “FOR,” “AGAINST,” ""GENERAL
COMMENT,"" or ""ITEM NEEDS MORE CONSIDERATION.""
Email: BoardClerk@metro.net
Post Office Mail:
Board Administration
One Gateway Plaza
MS: 99-3-1
Los Angeles, CA 90012"
2940,2025-04-16,Planning and Programming Committee,142792,,7,,,,,,,,0,0,Written Public Comment Instruction:
2940,2025-04-16,Planning and Programming Committee,142793,,6,,,,,,,,0,0,Los comentarios del público se tomaran cuando se toma cada tema. Para dar un comentario público sobre una tema ingrese # 2 (Tecla de numero y dos) cuando se le solicite. Tenga en cuenta que la transmisión de video en vivo se retrasa unos 30 segundos con respecto a la reunión real. No hay retraso en la línea de acceso telefónico para comentarios públicos.
2940,2025-04-16,Planning and Programming Committee,142794,,5,,,,,,,,0,0,"Los comentarios publicos en vivo se pueden dar por telefono o en persona.

La Reunion de la Junta comienza a las 11:00 AM, hora del Pacifico, el 16 de Abril de 2025.
Puedes unirte a la llamada 5 minutos antes del comienso de la junta.

Marque: 888-978-8818 y ingrese el codigo
Codigo de acceso en ingles: 5647249#
Codigo de acceso en espanol: 7292892#"
2940,2025-04-16,Planning and Programming Committee,142795,,4,,,,,,,,0,0,Instrucciones para comentarios publicos en vivo:
2940,2025-04-16,Planning and Programming Committee,142796,,3,,,,,,,,0,0,"Public comment will be taken as the Board takes up each item. To give public comment on an item, enter #2 (pound-two) when prompted. Please note that the live video feed lags about 30 seconds behind the actual meeting. There is no lag on the public comment dial-in line."
2940,2025-04-16,Planning and Programming Committee,142797,,2,,,,,,,,0,0,"Live public comment can be given by telephone or in-person.

The Meeting begins at 11:00 AM Pacific Time on April 16, 2025; you may join the call 5 minutes prior to the start of the meeting.

Dial-in: 888-978-8818 and enter
English Access Code: 5647249#
Spanish Access Code: 7292892#"
2940,2025-04-16,Planning and Programming Committee,142798,,1,,,,,,,,0,0,Live Public Comment Instructions:
2940,2025-04-16,Planning and Programming Committee,144783,8,20,11048,2025-0028,Program,,,,,0,0,"CONSIDER approving the Resolution in Attachment A that:

A.	AUTHORIZES the Chief Executive Officer (CEO) or their designee to claim a total of $53,221,812 in California Cap-and-Trade proceeds accumulated in State Fiscal Year (FY) 2024-25 disbursed through LCTOP, and to use $48,761,092 for A Line operations, as enhanced by the opening of the Regional Connector, and $4,460,720 for Special Event Supplementary Bus Service; 

B.	CERTIFIES that Metro will comply with LCTOP certification, assurance"
2940,2025-04-16,Planning and Programming Committee,144784,7,17,10963,2024-1108,Project,,,,,0,0,"CONSIDER:

A.	APPROVING:

1.	AMENDING the 2020 Long Range Transportation Plan (LRTP) to reflect the Board selection of “No Build” for the I-710 South Environmental Impact Statement/Environmental Impact Report (EIS/EIR), the project’s new name of the Long Beach-East Los Angeles Corridor Mobility Investment Plan (LB-ELA CMIP), and its transition to a comprehensive multimodal program of infrastructure projects and services;

2.	PROGRAMMING up to $3,000,000 in Measure R Highway Capital Funds t"
2940,2025-04-16,Planning and Programming Committee,144785,,15,,,,,,,,0,0,(ALSO ON EXECUTIVE MANAGEMENT COMMITTEE)
2940,2025-04-16,Planning and Programming Committee,144786,6,14,10956,2024-1101,Program,,,,,0,0,"CONSIDER:

A.	APPROVING the programming of additional funding capacity in the amount of $6,400,000 from the Measure M Metro Active Transport, Transit and First/Last Mile program (MAT Program) to add funds to seven projects previously funded in MAT Cycle 1; and
 
B.	AUTHORIZING the Chief Executive Officer (CEO) or their designee to negotiate and execute all necessary agreements and/or amendments for approved projects."
2940,2025-04-16,Planning and Programming Committee,144789,,18,,,,,,,,0,0,(ALSO ON EXECUTIVE MANAGEMENT COMMITTEE)
2940,2025-04-16,Planning and Programming Committee,144827,,16,,,,,,,,0,0,page break
2940,2025-04-16,Planning and Programming Committee,144828,,19,,,,,,,,0,0,page break
2940,2025-04-16,Planning and Programming Committee,144830,10,24,11160,2025-0140,Informational Report,RECEIVED AND FILED,,,,0,0,RECEIVE AND FILE Countywide Planning & Development Major Project Status Report.
2940,2025-04-16,Planning and Programming Committee,144839,,9,,,,,,,,0,0,
2940,2025-04-16,Planning and Programming Committee,144840,,12,,,,,,,,0,0,
2940,2025-04-16,Planning and Programming Committee,144867,,23,,,,,,,,0,0,page break
2941,2025-04-16,Construction Committee,142799,,9,,,,,,,,0,0,CALL TO ORDER
2941,2025-04-16,Construction Committee,142800,,10,,,,,,,,1,0,ROLL CALL
2941,2025-04-16,Construction Committee,143069,,18,11269,2025-0249,Informational Report,,,,,0,0,RECEIVE General Public Comment
2941,2025-04-16,Construction Committee,143070,,19,,,,,,,,0,0,"Consideration of items not on the posted agenda, including: items to be presented and (if requested) referred to staff; items to be placed on the agenda for action at a future meeting of the Committee or Board; and/or items requiring immediate action because of an emergency situation or where the need to take immediate action came to the attention of the Committee subsequent to the posting of the agenda."
2941,2025-04-16,Construction Committee,143071,,20,,,,,,,,0,0,COMMENTS FROM THE PUBLIC ON ITEMS OF PUBLIC INTEREST WITHIN COMMITTEE’S SUBJECT MATTER JURISDICTION
2941,2025-04-16,Construction Committee,143072,,21,,,,,,,,0,0,Adjournment
2941,2025-04-16,Construction Committee,143075,15,16,11275,2025-0255,Informational Report,RECEIVED AND FILED,,,,0,0,"RECEIVE AND FILE Office of the Inspector General Construction Change Order Spot Check Report for the period December 1, 2024, to February 28, 2025."
2941,2025-04-16,Construction Committee,143076,14,14,11207,2025-0187,Informational Report,RECEIVED AND FILED,,,,0,0,RECEIVE AND FILE Status Report on Program Management Quarterly Change Report.
2941,2025-04-16,Construction Committee,143078,,8,,,,,,,,0,0,"Written public comments must be received by 5PM the day before the meeting.
Please include the Item # in your comment and your position of “FOR,” “AGAINST,” ""GENERAL
COMMENT,"" or ""ITEM NEEDS MORE CONSIDERATION.""
Email: BoardClerk@metro.net
Post Office Mail:
Board Administration
One Gateway Plaza
MS: 99-3-1
Los Angeles, CA 90012"
2941,2025-04-16,Construction Committee,143079,,7,,,,,,,,0,0,Written Public Comment Instruction:
2941,2025-04-16,Construction Committee,143080,,5,,,,,,,,0,0,"Los comentarios publicos en vivo se pueden dar por telefono o en persona.

La Reunion de la Junta comienza a las 1:00 PM, hora del Pacifico, el 16 de Abril de 2025.
Puedes unirte a la llamada 5 minutos antes del comienso de la junta.

Marque: 888-978-8818 y ingrese el codigo
Codigo de acceso en ingles: 5647249#
Codigo de acceso en espanol: 7292892#"
2941,2025-04-16,Construction Committee,143081,,4,,,,,,,,0,0,Instrucciones para comentarios publicos en vivo:
2941,2025-04-16,Construction Committee,143082,,3,,,,,,,,0,0,"Public comment will be taken as the Board takes up each item. To give public comment on an item, enter #2 (pound-two) when prompted. Please note that the live video feed lags about 30 seconds behind the actual meeting. There is no lag on the public comment dial-in line."
2941,2025-04-16,Construction Committee,143083,,2,,,,,,,,0,0,"Live public comment can be given by telephone or in-person.

The Meeting begins at 1:00 PM Pacific Time on April 16, 2025; you may join the call 5 minutes
prior to the start of the meeting.

Dial-in: 888-978-8818 and enter
English Access Code: 5647249#
Spanish Access Code: 7292892#"
2941,2025-04-16,Construction Committee,143084,,1,,,,,,,,0,0,Live Public Comment Instructions:
2941,2025-04-16,Construction Committee,143085,,6,,,,,,,,0,0,Los comentarios del público se tomaran cuando se toma cada tema. Para dar un comentario público sobre una tema ingrese # 2 (Tecla de numero y dos) cuando se le solicite. Tenga en cuenta que la transmisión de video en vivo se retrasa unos 30 segundos con respecto a la reunión real. No hay retraso en la línea de acceso telefónico para comentarios públicos.
2941,2025-04-16,Construction Committee,144790,13,13,11194,2025-0174,Informational Report,RECEIVED AND FILED,,,,0,0,RECEIVE AND FILE this report summarizing the FY26 Program Management Annual Program Evaluation (Attachment A).
2941,2025-04-16,Construction Committee,144791,12,12,11159,2025-0139,Oral Report / Presentation,RECEIVED AND FILED,,,,0,0,RECEIVE the quarterly oral report on the status of the Caltrans construction projects.
2941,2025-04-16,Construction Committee,144793,11,11,11114,2025-0094,Contract,,,,,0,0,"AUTHORIZE the Chief Executive Officer to award a firm fixed price Contract No. PS120069000 to Flatiron West, Inc., for Phase 1 Preconstruction Services for the Link Union Station Phase A Construction Manager/General Contractor (CM/GC) Project, in the amount of $7,000,000, subject to the resolution of any properly submitted protest(s) if any."
2941,2025-04-16,Construction Committee,144824,,17,,,,,,,,0,0,
2941,2025-04-16,Construction Committee,144841,,15,,,,,,,,0,0,page break
2942,2025-04-17,"Finance, Budget and Audit Committee",143086,,10,,,,,,,,0,0,CALL TO ORDER
2942,2025-04-17,"Finance, Budget and Audit Committee",143087,,11,,,,,,,,1,0,ROLL CALL
2942,2025-04-17,"Finance, Budget and Audit Committee",143346,,19,,,,,,,,0,0, 
2942,2025-04-17,"Finance, Budget and Audit Committee",143347,,20,11271,2025-0251,Informational Report,,,,,0,0,RECEIVE General Public Comment
2942,2025-04-17,"Finance, Budget and Audit Committee",143348,,21,,,,,,,,0,0,"Consideration of items not on the posted agenda, including: items to be presented and (if requested) referred to staff; items to be placed on the agenda for action at a future meeting of the Committee or Board; and/or items requiring immediate action because of an emergency situation or where the need to take immediate action came to the attention of the Committee subsequent to the posting of the agenda."
2942,2025-04-17,"Finance, Budget and Audit Committee",143349,,22,,,,,,,,0,0,COMMENTS FROM THE PUBLIC ON ITEMS OF PUBLIC INTEREST WITHIN COMMITTEE’S SUBJECT MATTER JURISDICTION
2942,2025-04-17,"Finance, Budget and Audit Committee",143350,,23,,,,,,,,0,0,Adjournment
2942,2025-04-17,"Finance, Budget and Audit Committee",143353,,9,,,,,,,,0,0,
2942,2025-04-17,"Finance, Budget and Audit Committee",143354,,8,,,,,,,,0,0,"Written public comments must be received by 5PM the day before the meeting.
Please include the Item # in your comment and your position of “FOR,” “AGAINST,” ""GENERAL
COMMENT,"" or ""ITEM NEEDS MORE CONSIDERATION.""
Email: BoardClerk@metro.net
Post Office Mail:
Board Administration
One Gateway Plaza
MS: 99-3-1
Los Angeles, CA 90012"
2942,2025-04-17,"Finance, Budget and Audit Committee",143355,,7,,,,,,,,0,0,Written Public Comment Instruction:
2942,2025-04-17,"Finance, Budget and Audit Committee",143356,,6,,,,,,,,0,0,"Los comentarios del público se tomaran cuando se toma cada tema. Para dar un
comentario público sobre una tema ingrese # 2 (Tecla de numero y dos) cuando se le
solicite. Tenga en cuenta que la transmisión de video en vivo se retrasa unos 30
segundos con respecto a la reunión real. No hay retraso en la línea de acceso
telefónico para comentarios públicos."
2942,2025-04-17,"Finance, Budget and Audit Committee",143357,,5,,,,,,,,0,0,"Los comentarios publicos en vivo se pueden dar por telefono o en persona.

La Reunion de la Junta comienza a las 10:00 AM, hora del Pacifico, el 17 de Abril de 2025.
Puedes unirte a la llamada 5 minutos antes del comienso de la junta.

Marque: 888-978-8818 y ingrese el codigo
Codigo de acceso en ingles: 5647249#
Codigo de acceso en espanol: 7292892#"
2942,2025-04-17,"Finance, Budget and Audit Committee",143358,,4,,,,,,,,0,0,Instrucciones para comentarios publicos en vivo:
2942,2025-04-17,"Finance, Budget and Audit Committee",143359,,3,,,,,,,,0,0,"Public comment will be taken as the Board takes up each item. To give public
comment on an item, enter #2 (pound-two) when prompted. Please note that the live
video feed lags about 30 seconds behind the actual meeting. There is no lag on the
public comment dial-in line."
2942,2025-04-17,"Finance, Budget and Audit Committee",143360,,2,,,,,,,,0,0,"Live public comment can be given by telephone or in-person.

The Meeting begins at 10:00 AM Pacific Time on April 17, 2025; you may join the call 5 minutes
prior to the start of the meeting.

Dial-in: 888-978-8818 and enter
English Access Code: 5647249#
Spanish Access Code: 7292892#"
2942,2025-04-17,"Finance, Budget and Audit Committee",143361,,1,,,,,,,,0,0,Live Public Comment Instructions:
2942,2025-04-17,"Finance, Budget and Audit Committee",144795,,18,,,,,,,,0,0,
2942,2025-04-17,"Finance, Budget and Audit Committee",144797,20,17,11197,2025-0177,Informational Report,RECEIVED AND FILED,,,,0,0,RECEIVE AND FILE the Fiscal Year 2026 (FY26) Budget Development Status Update.
2942,2025-04-17,"Finance, Budget and Audit Committee",144798,19,16,11138,2025-0118,Informational Report,RECEIVED AND FILED,,,,0,0,RECEIVE AND FILE Office of the Inspector General (OIG) Final Report on Review of Metro Bus Stops Cleanliness and Safety.
2942,2025-04-17,"Finance, Budget and Audit Committee",144799,18,15,11210,2025-0190,Program,,,,,0,0,"AUTHORIZE the Chief Executive Officer to negotiate and purchase All Risk Property and Boiler and Machinery insurance policies for all Metro properties at a not-to-exceed premium of $11 million for the 12-month period of May 10, 2025, through May 10, 2026."
2942,2025-04-17,"Finance, Budget and Audit Committee",144800,17,13,11132,2025-0112,Agreement,,,,,0,0,"AUTHORIZE the Chief Executive Officer (CEO) or their designee, to execute a 45 year license agreement commencing May 1, 2025, with the City of Santa Clarita (“City”) for a portion of real property located on parcel numbered (APN) 2864-003-901 (“Property”) depicted in Attachment A, for a one-time administrative fee of $1,500 (“License”)."
2942,2025-04-17,"Finance, Budget and Audit Committee",144801,16,12,11129,2025-0109,Resolution,,,,,0,0,"ADOPT:

A.	a resolution that authorizes the Chief Executive Officer and/or other Designated Officers to renew and/or replace the existing direct-pay letter of credit (“LOC”) with respect to the Proposition A (“Prop A”) short-term borrowing program (Attachment A); and

B.	a resolution that authorizes the Chief Executive Officer and/or other Designated Officers to renew and/or replace the existing direct purchase revolving credit facility with respect to the Proposition C (“Prop C”) short-term bor"
2942,2025-04-17,"Finance, Budget and Audit Committee",144833,,14,,,,,,,,0,0,page break
2943,2025-04-17,Executive Management Committee,143654,,10,,,,,,,,0,0,CALL TO ORDER
2943,2025-04-17,Executive Management Committee,143655,,11,,,,,,,,1,0,ROLL CALL
2943,2025-04-17,Executive Management Committee,143934,,20,11272,2025-0252,Informational Report,,,,,0,0,RECEIVE General Public Comment
2943,2025-04-17,Executive Management Committee,143935,,21,,,,,,,,0,0,"Consideration of items not on the posted agenda, including: items to be presented and (if requested) referred to staff; items to be placed on the agenda for action at a future meeting of the Committee or Board; and/or items requiring immediate action because of an emergency situation or where the need to take immediate action came to the attention of the Committee subsequent to the posting of the agenda."
2943,2025-04-17,Executive Management Committee,143936,,22,,,,,,,,0,0,COMMENTS FROM THE PUBLIC ON ITEMS OF PUBLIC INTEREST WITHIN COMMITTEE’S SUBJECT MATTER JURISDICTION
2943,2025-04-17,Executive Management Committee,143937,,23,,,,,,,,0,0,Adjournment
2943,2025-04-17,Executive Management Committee,143938,,19,,,,,,,,0,0,
2943,2025-04-17,Executive Management Committee,143942,,8,,,,,,,,0,0,"Written public comments must be received by 5PM the day before the meeting.
Please include the Item # in your comment and your position of “FOR,” “AGAINST,” ""GENERAL
COMMENT,"" or ""ITEM NEEDS MORE CONSIDERATION.""
Email: BoardClerk@metro.net
Post Office Mail:
Board Administration
One Gateway Plaza
MS: 99-3-1
Los Angeles, CA 90012"
2943,2025-04-17,Executive Management Committee,143943,,7,,,,,,,,0,0,Written Public Comment Instruction:
2943,2025-04-17,Executive Management Committee,143944,,6,,,,,,,,0,0,Los comentarios del público se tomaran cuando se toma cada tema. Para dar un comentario público sobre una tema ingrese # 2 (Tecla de numero y dos) cuando se le solicite. Tenga en cuenta que la transmisión de video en vivo se retrasa unos 30 segundos con respecto a la reunión real. No hay retraso en la línea de acceso telefónico para comentarios públicos.
2943,2025-04-17,Executive Management Committee,143945,,5,,,,,,,,0,0,"Los comentarios publicos en vivo se pueden dar por telefono o en persona.

La Reunion de la Junta comienza a las 11:00 AM, hora del Pacifico, el 17 de Abril de 2025.
Puedes unirte a la llamada 5 minutos antes del comienso de la junta.

Marque: 888-978-8818 y ingrese el codigo
Codigo de acceso en ingles: 5647249#
Codigo de acceso en espanol: 7292892#"
2943,2025-04-17,Executive Management Committee,143946,,4,,,,,,,,0,0,Instrucciones para comentarios publicos en vivo:
2943,2025-04-17,Executive Management Committee,143947,,3,,,,,,,,0,0,"Public comment will be taken as the Board takes up each item. To give public comment on an item, enter #2 (pound-two) when prompted. Please note that the live video feed lags about 30 seconds behind the actual meeting. There is no lag on the public comment dial-in line."
2943,2025-04-17,Executive Management Committee,143948,,2,,,,,,,,0,0,"Live public comment can be given by telephone or in-person.

The Meeting begins at 11:00 AM Pacific Time on April 17, 2025; you may join the call 5 minutes prior to the start of the meeting.

Dial-in: 888-978-8818 and enter
English Access Code: 5647249#
Spanish Access Code: 7292892#"
2943,2025-04-17,Executive Management Committee,143949,,1,,,,,,,,0,0,Live Public Comment Instructions:
2943,2025-04-17,Executive Management Committee,144805,22,18,11248,2025-0228,Informational Report,RECEIVED AND FILED,,,,0,0,RECEIVE AND FILE April 2025 Federal and State Legislative Report.
2943,2025-04-17,Executive Management Committee,144806,21,17,11083,2025-0063,Plan,,,,,0,0,RECEIVE AND FILE the FY2026 Committee and Board Meeting Calendar (Attachment A).
2943,2025-04-17,Executive Management Committee,144808,6,13,10956,2024-1101,Program,,,,,0,0,"CONSIDER:

A.	APPROVING the programming of additional funding capacity in the amount of $6,400,000 from the Measure M Metro Active Transport, Transit and First/Last Mile program (MAT Program) to add funds to seven projects previously funded in MAT Cycle 1; and
 
B.	AUTHORIZING the Chief Executive Officer (CEO) or their designee to negotiate and execute all necessary agreements and/or amendments for approved projects."
2943,2025-04-17,Executive Management Committee,144809,7,15,10963,2024-1108,Project,,,,,0,0,"CONSIDER:

A.	APPROVING:

1.	AMENDING the 2020 Long Range Transportation Plan (LRTP) to reflect the Board selection of “No Build” for the I-710 South Environmental Impact Statement/Environmental Impact Report (EIS/EIR), the project’s new name of the Long Beach-East Los Angeles Corridor Mobility Investment Plan (LB-ELA CMIP), and its transition to a comprehensive multimodal program of infrastructure projects and services;

2.	PROGRAMMING up to $3,000,000 in Measure R Highway Capital Funds t"
2943,2025-04-17,Executive Management Committee,144821,,14,,,,,,,,0,0,(ALSO ON PLANNING AND PROGRAMMING COMMITTEE)
2943,2025-04-17,Executive Management Committee,144822,,16,,,,,,,,0,0,(ALSO ON PLANNING AND PROGRAMMING COMMITTEE)
2943,2025-04-17,Executive Management Committee,144825,,9,,,,,,,,0,0,
2943,2025-04-17,Executive Management Committee,144826,,12,,,,,,,,0,0,
2944,2025-04-17,"Operations, Safety, and Customer Experience Committee",144339,,10,,,,,,,,0,0,CALL TO ORDER
2944,2025-04-17,"Operations, Safety, and Customer Experience Committee",144340,,11,,,,,,,,1,0,ROLL CALL
2944,2025-04-17,"Operations, Safety, and Customer Experience Committee",144709,,26,11273,2025-0253,Informational Report,,,,,0,0,RECEIVE General Public Comment
2944,2025-04-17,"Operations, Safety, and Customer Experience Committee",144710,,27,,,,,,,,0,0,"Consideration of items not on the posted agenda, including: items to be presented and (if requested) referred to staff; items to be placed on the agenda for action at a future meeting of the Committee or Board; and/or items requiring immediate action because of an emergency situation or where the need to take immediate action came to the attention of the Committee subsequent to the posting of the agenda."
2944,2025-04-17,"Operations, Safety, and Customer Experience Committee",144711,,28,,,,,,,,0,0,COMMENTS FROM THE PUBLIC ON ITEMS OF PUBLIC INTEREST WITHIN COMMITTEE’S SUBJECT MATTER JURISDICTION
2944,2025-04-17,"Operations, Safety, and Customer Experience Committee",144712,,29,,,,,,,,0,0,Adjournment
2944,2025-04-17,"Operations, Safety, and Customer Experience Committee",144714,,5,,,,,,,,0,0,"Los comentarios publicos en vivo se pueden dar por telefono o en persona.

La Reunion de la Junta comienza a las 1:00 PM, hora del Pacifico, el 17 de Abril de 2025.
Puedes unirte a la llamada 5 minutos antes del comienso de la junta.

Marque: 888-978-8818 y ingrese el codigo
Codigo de acceso en ingles: 5647249#
Codigo de acceso en espanol: 7292892#"
2944,2025-04-17,"Operations, Safety, and Customer Experience Committee",144715,,4,,,,,,,,0,0,Instrucciones para comentarios publicos en vivo:
2944,2025-04-17,"Operations, Safety, and Customer Experience Committee",144716,,3,,,,,,,,0,0,"Public comment will be taken as the Board takes up each item. To give public comment on an item, enter #2 (pound-two) when prompted. Please note that the live video feed lags about 30 seconds behind the actual meeting. There is no lag on the public comment dial-in line."
2944,2025-04-17,"Operations, Safety, and Customer Experience Committee",144717,,2,,,,,,,,0,0,"Live public comment can be given by telephone or in-person.

The Meeting begins at 1:00 PM Pacific Time on April 17, 2025; you may join the call 5 minutes prior to the start of the meeting.

Dial-in: 888-978-8818 and enter
English Access Code: 5647249#
Spanish Access Code: 7292892#"
2944,2025-04-17,"Operations, Safety, and Customer Experience Committee",144718,,1,,,,,,,,0,0,Live Public Comment Instructions:
2944,2025-04-17,"Operations, Safety, and Customer Experience Committee",144722,,8,,,,,,,,0,0,"Written public comments must be received by 5PM the day before the meeting.
Please include the Item # in your comment and your position of “FOR,” “AGAINST,” ""GENERAL
COMMENT,"" or ""ITEM NEEDS MORE CONSIDERATION.""
Email: BoardClerk@metro.net
Post Office Mail:
Board Administration
One Gateway Plaza
MS: 99-3-1
Los Angeles, CA 90012"
2944,2025-04-17,"Operations, Safety, and Customer Experience Committee",144723,,7,,,,,,,,0,0,Written Public Comment Instruction:
2944,2025-04-17,"Operations, Safety, and Customer Experience Committee",144724,,6,,,,,,,,0,0,Los comentarios del público se tomaran cuando se toma cada tema. Para dar un comentario público sobre una tema ingrese # 2 (Tecla de numero y dos) cuando se le solicite. Tenga en cuenta que la transmisión de video en vivo se retrasa unos 30 segundos con respecto a la reunión real. No hay retraso en la línea de acceso telefónico para comentarios públicos.
2944,2025-04-17,"Operations, Safety, and Customer Experience Committee",144810,32,25,11198,2025-0178,Informational Report,RECEIVED AND FILED,,,,0,0,RECEIVE AND FILE the Public Safety Report.
2944,2025-04-17,"Operations, Safety, and Customer Experience Committee",144811,31,23,10831,2024-0976,Oral Report / Presentation,RECEIVED,,,,0,0,RECEIVE oral report on the ZEB Program.
2944,2025-04-17,"Operations, Safety, and Customer Experience Committee",144812,27,18,11053,2025-0033,Contract,,,,,0,0,"AUTHORIZE the Chief Executive Officer to execute Contract Modification No. 3 to increase the total authorized funding for Contract No. PS81062000, to Williams Sale Partnership (WSP) USA, Inc. for as-needed professional consultant support services that will be utilized for Zero Emission Bus (ZEB) and charger engineering/acquisition, program management, as well as technical support services, in the Not-to-Exceed (NTE) amount of $8,897,431.55, increasing the Contract total NTE amount from $10,930,9"
2944,2025-04-17,"Operations, Safety, and Customer Experience Committee",144813,26,17,10975,2024-1120,Program,,,,,0,0,"CONSIDER:

A.	RECEIVING AND FILING an update on the Low Income Fare is Easy (LIFE) Program in response to Board Motion 49, Expanding the LIFE Program Through Technology Motion; and

B.	AUTHORIZING the Chief Executive Officer to negotiate and execute all agreements, contract awards, including contract modifications, in an amount not to exceed $600,000 for software development and/or integration to expand the LIFE Program Through Technology."
2944,2025-04-17,"Operations, Safety, and Customer Experience Committee",144814,25,15,11162,2025-0142,Contract,,,,,0,0,"CONSIDER:

A.	AUTHORIZING the Chief Executive Officer to award firm-fixed unit price Vanpool Vehicle Supplier Bench Contract Nos. PS125899000 to Airport Van Rental, Inc. (AVR) and PS125899001 to Enterprise Rent-a-Car Company of Los Angeles (Enterprise), in the Not-to-Exceed (NTE) amount of $57,188,760 for the six-year base period and $27,234,168 for the first, two-year option, and $30,741,000 for the second, two-year option, for a combined NTE amount of $115,163,928, effective July 1, 2025, subj"
2944,2025-04-17,"Operations, Safety, and Customer Experience Committee",144815,24,14,11151,2025-0131,Budget,,,,,0,0,"ESTABLISH a Life-of-Project (LOP) budget of $102.0 million for the Metro Transit Operations Downtown Hub, a coordinated relocation and expansion of several existing Metro offices and training locations to one or more new locations in the downtown Los Angeles area."
2944,2025-04-17,"Operations, Safety, and Customer Experience Committee",144816,23,13,11191,2025-0171,Informational Report,RECEIVED,,,,0,0,RECOGNIZE Operations Employees of the Month.
2944,2025-04-17,"Operations, Safety, and Customer Experience Committee",144817,30,22,11136,2025-0116,Informational Report,RECEIVED AND FILED,,,,0,0,RECEIVE AND FILE status update on NextGen Bus Ridership.
2944,2025-04-17,"Operations, Safety, and Customer Experience Committee",144818,29,21,11192,2025-0172,Oral Report / Presentation,RECEIVED,,,,0,0,RECEIVE oral report on Metro Operations.
2944,2025-04-17,"Operations, Safety, and Customer Experience Committee",144819,28,20,11224,2025-0204,Appointment,,,,,0,0,APPROVE nominee for membership on Metro’s San Gabriel Valley Service Council (Attachment A).
2944,2025-04-17,"Operations, Safety, and Customer Experience Committee",144836,,9,,,,,,,,0,0,
2944,2025-04-17,"Operations, Safety, and Customer Experience Committee",144837,,12,,,,,,,,0,0,
2944,2025-04-17,"Operations, Safety, and Customer Experience Committee",144838,,16,,,,,,,,0,0,page break
2944,2025-04-17,"Operations, Safety, and Customer Experience Committee",144873,,19,,,,,,,,0,0,page break
2944,2025-04-17,"Operations, Safety, and Customer Experience Committee",144874,,24,,,,,,,,0,0,page break
2945,2025-04-24,Board of Directors - Regular Board Meeting,144891,,9,,,,,,,,0,0,page break
2945,2025-04-24,Board of Directors - Regular Board Meeting,144892,,10,,,,,,,,0,0,CALL TO ORDER
2945,2025-04-24,Board of Directors - Regular Board Meeting,144893,,11,,,,,,,,1,0,ROLL CALL
2945,2025-04-24,Board of Directors - Regular Board Meeting,144894,1,12,,,,,,,,0,0,"APPROVE Consent Calendar Items: 2, 6, 7, 8, 9, 11, 17, 18, 21, 24, 25, 26, 27, and 28.

Consent Calendar items are approved by one motion unless held by a Director for discussion and/or separate action.

All Consent Calendar items are listed at the end of the agenda, beginning on page 8."
2945,2025-04-24,Board of Directors - Regular Board Meeting,144895,,25,,,,,,,,0,0,"CONSENT CALENDAR - ITEMS 2, 6, 7, 8, 9, 11, 17, 18, 21, 24, 25, 26, 27, and 28."
2945,2025-04-24,Board of Directors - Regular Board Meeting,145051,,57,11340,2025-0320,Informational Report,,,,,0,0,RECEIVE General Public Comment
2945,2025-04-24,Board of Directors - Regular Board Meeting,145052,,58,,,,,,,,0,0,"Consideration of items not on the posted agenda, including: items to be presented and (if requested) referred to staff; items to be placed on the agenda for action at a future meeting of the Committee or Board; and/or items requiring immediate action because of an emergency situation or where the need to take immediate action came to the attention of the Committee subsequent to the posting of the agenda."
2945,2025-04-24,Board of Directors - Regular Board Meeting,145053,,59,,,,,,,,0,0,COMMENTS FROM THE PUBLIC ON ITEMS OF PUBLIC INTEREST WITHIN COMMITTEE’S SUBJECT MATTER JURISDICTION
2945,2025-04-24,Board of Directors - Regular Board Meeting,145054,,60,,,,,,,,0,0,Adjournment
2945,2025-04-24,Board of Directors - Regular Board Meeting,145055,,14,,,,,,,,0,0,NON-CONSENT
2945,2025-04-24,Board of Directors - Regular Board Meeting,145056,4,16,11337,2025-0317,Oral Report / Presentation,RECEIVED,Pass,,,0,0,RECEIVE report by the Chief Executive Officer.
2945,2025-04-24,Board of Directors - Regular Board Meeting,145057,3,15,11336,2025-0316,Oral Report / Presentation,RECEIVED,Pass,,,0,0,RECEIVE remarks by the Chair.
2945,2025-04-24,Board of Directors - Regular Board Meeting,145058,32.1,20,11348,2025-0328,Motion / Motion Response,APPROVED,Pass,Janice Hahn,Jacquelyn Dupont-Walker,0,0,"APPROVE Motion by Mitchell, Yaroslavsky, Dupont-Walker, Butts, Sandoval, and Padilla that the Board direct the Chief Executive Officer to:

A.	Develop and administer a survey no later than September 2025 that solicits feedback from individuals with autism and other developmental disabilities, including their families and caregivers, on how they ride public transit and ways to improve their transit experience. The survey should also solicit feedback from those who do not use public transit to u"
2945,2025-04-24,Board of Directors - Regular Board Meeting,145059,,56,,,,,,,,0,0,
2945,2025-04-24,Board of Directors - Regular Board Meeting,145060,2,26,11339,2025-0319,Minutes,APPROVED,Pass,,,0,1,"APPROVE Minutes of the Regular Board Meeting held March 27, 2025."
2945,2025-04-24,Board of Directors - Regular Board Meeting,145061,,8,,,,,,,,0,0,"Written public comments must be received by 5PM the day before the meeting.
Please include the Item # in your comment and your position of “FOR,” “AGAINST,” ""GENERAL COMMENT,"" or ""ITEM NEEDS MORE CONSIDERATION.""
Email: BoardClerk@metro.net
Post Office Mail:
Board Administration
One Gateway Plaza
MS: 99-3-1
Los Angeles, CA 90012"
2945,2025-04-24,Board of Directors - Regular Board Meeting,145062,,7,,,,,,,,0,0,Written Public Comment Instruction:
2945,2025-04-24,Board of Directors - Regular Board Meeting,145063,,6,,,,,,,,0,0,Los comentarios del público se tomaran cuando se toma cada tema. Para dar un comentario público sobre una tema ingrese # 2 (Tecla de numero y dos) cuando se le solicite. Tenga en cuenta que la transmisión de video en vivo se retrasa unos 30 segundos con respecto a la reunión real. No hay retraso en la línea de acceso telefónico para comentarios públicos.
2945,2025-04-24,Board of Directors - Regular Board Meeting,145064,,5,,,,,,,,0,0,"Los comentarios publicos en vivo se pueden dar por telefono o en persona.

La Reunion de la Junta comienza a las 10:00 AM, hora del Pacifico, el 24 de Abril de 2025. Puedes unirte a la llamada 5 minutos antes del comienso de la junta.

Marque: 888-978-8818 y ingrese el codigo
Codigo de acceso en ingles: 5647249#
Codigo de acceso en espanol: 7292892#"
2945,2025-04-24,Board of Directors - Regular Board Meeting,145065,,4,,,,,,,,0,0,Instrucciones para comentarios publicos en vivo:
2945,2025-04-24,Board of Directors - Regular Board Meeting,145066,,3,,,,,,,,0,0,"Public comment will be taken as the Board takes up each item. To give public comment on an item, enter #2 (pound-two) when prompted. Please note that the live video feed lags about 30 seconds behind the actual meeting. There is no lag on the public comment dial-in line."
2945,2025-04-24,Board of Directors - Regular Board Meeting,145067,,2,,,,,,,,0,0,"Live public comment can be given by telephone or in-person.

The Meeting begins at 10:00 AM Pacific Time on April 24, 2025; you may join the call 5 minutes prior to the start of the meeting.

Dial-in: 888-978-8818 and enter
English Access Code: 5647249#
Spanish Access Code: 7292892#"
2945,2025-04-24,Board of Directors - Regular Board Meeting,145068,,1,,,,,,,,0,0,Live Public Comment Instructions:
2945,2025-04-24,Board of Directors - Regular Board Meeting,145125,16,18,11129,2025-0109,Resolution,APPROVED,Pass,Kathryn Barger,Hilda L. Solis,0,0,"ADOPT:

A.	a resolution that authorizes the Chief Executive Officer and/or other Designated Officers to renew and/or replace the existing direct-pay letter of credit (“LOC”) with respect to the Proposition A (“Prop A”) short-term borrowing program (Attachment A); and

B.	a resolution that authorizes the Chief Executive Officer and/or other Designated Officers to renew and/or replace the existing direct purchase revolving credit facility with respect to the Proposition C (“Prop C”) short-term bor"
2945,2025-04-24,Board of Directors - Regular Board Meeting,145126,,17,,,,,,,,0,0,"FINANCE, BUDGET, AND AUDIT COMMITTEE MADE THE FOLLOWING RECOMMENDATION (3-0):"
2945,2025-04-24,Board of Directors - Regular Board Meeting,145127,,22,,,,,,,,0,0,END OF NON-CONSENT
2945,2025-04-24,Board of Directors - Regular Board Meeting,145130,,46,,,,,,,,0,0,"OPERATIONS, SAFETY, AND CUSTOMER EXPERIENCE COMMITTEE MADE THE FOLLOWING RECOMMENDATION (4-0):"
2945,2025-04-24,Board of Directors - Regular Board Meeting,145131,24,45,11151,2025-0131,Budget,ADOPTED,Pass,,,0,1,"ESTABLISH a Life-of-Project (LOP) budget of $102.0 million for the Metro Transit Operations Downtown Hub, a coordinated relocation and expansion of several existing Metro offices and training locations to one or more new locations in the downtown Los Angeles area."
2945,2025-04-24,Board of Directors - Regular Board Meeting,145132,21,42,11083,2025-0063,Plan,APPROVED,Pass,,,0,1,RECEIVE AND FILE the FY2026 Committee and Board Meeting Calendar (Attachment A).
2945,2025-04-24,Board of Directors - Regular Board Meeting,145133,6,28,10956,2024-1101,Program,APPROVED,Pass,,,0,1,"CONSIDER:

A.	APPROVING the programming of additional funding capacity in the amount of $6,400,000 from the Measure M Metro Active Transport, Transit and First/Last Mile program (MAT Program) to add funds to seven projects previously funded in MAT Cycle 1; and
 
B.	AUTHORIZING the Chief Executive Officer (CEO) or their designee to negotiate and execute all necessary agreements and/or amendments for approved projects."
2945,2025-04-24,Board of Directors - Regular Board Meeting,145134,,27,,,,,,,,0,0,PLANNING AND PROGRAMMING COMMITTEE (5-0) AND EXECUTIVE MANAGEMENT COMMITTEE (4-0) MADE THE FOLLOWING RECOMMENDATION:
2945,2025-04-24,Board of Directors - Regular Board Meeting,145135,,41,,,,,,,,0,0,EXECUTIVE MANAGEMENT COMMITTEE RECEIVED AND FILED THE FOLLOWING:
2945,2025-04-24,Board of Directors - Regular Board Meeting,145136,18,40,11210,2025-0190,Program,APPROVED,Pass,,,0,1,"AUTHORIZE the Chief Executive Officer to negotiate and purchase All Risk Property and Boiler and Machinery insurance policies for all Metro properties at a not-to-exceed premium of $11 million for the 12-month period of May 10, 2025, through May 10, 2026."
2945,2025-04-24,Board of Directors - Regular Board Meeting,145137,,39,,,,,,,,0,0,"FINANCE, BUDGET, AND AUDIT COMMITTEE MADE THE FOLLOWING RECOMMENDATION (3-0):"
2945,2025-04-24,Board of Directors - Regular Board Meeting,145138,17,38,11132,2025-0112,Agreement,APPROVED,Pass,,,0,1,"AUTHORIZE the Chief Executive Officer (CEO) or their designee, to execute a 45 year license agreement commencing May 1, 2025, with the City of Santa Clarita (“City”) for a portion of real property located on parcel numbered (APN) 2864-003-901 (“Property”) depicted in Attachment A, for a one-time administrative fee of $1,500 (“License”)."
2945,2025-04-24,Board of Directors - Regular Board Meeting,145139,,37,,,,,,,,0,0,"FINANCE, BUDGET, AND AUDIT COMMITTEE MADE THE FOLLOWING RECOMMENDATION (3-0):"
2945,2025-04-24,Board of Directors - Regular Board Meeting,145140,11,36,11114,2025-0094,Contract,APPROVED,Pass,,,0,1,"AUTHORIZE the Chief Executive Officer to award a firm fixed price Contract No. PS120069000 to Flatiron West, Inc., for Phase 1 Preconstruction Services for the Link Union Station Phase A Construction Manager/General Contractor (CM/GC) Project, in the amount of $7,000,000, subject to the resolution of any properly submitted protest(s) if any."
2945,2025-04-24,Board of Directors - Regular Board Meeting,145141,,35,,,,,,,,0,0,CONSTRUCTION COMMITTEE MADE THE FOLLOWING RECOMMENDATION (4-0):
2945,2025-04-24,Board of Directors - Regular Board Meeting,145142,9,34,11255,2025-0235,Program,APPROVED,Pass,,,0,1,"AUTHORIZE:

A.	the reallocation of $25.74 million of Proposition C discretionary funds from the Access Services (Access) budget to fulfill unprogrammed STP-L funding program balances; and

B.	the Chief Executive Officer (CEO) or their designee to execute STP-L balance fulfillment agreements with local agencies, allowing them to receive their unprogrammed STP-L balances using available non-federal Metro funds."
2945,2025-04-24,Board of Directors - Regular Board Meeting,145143,8,32,11048,2025-0028,Program,APPROVED,Pass,,,0,1,"CONSIDER approving the Resolution in Attachment A that:

A.	AUTHORIZES the Chief Executive Officer (CEO) or their designee to claim a total of $53,221,812 in California Cap-and-Trade proceeds accumulated in State Fiscal Year (FY) 2024-25 disbursed through LCTOP, and to use $48,761,092 for A Line operations, as enhanced by the opening of the Regional Connector, and $4,460,720 for Special Event Supplementary Bus Service; 

B.	CERTIFIES that Metro will comply with LCTOP certification, assurance"
2945,2025-04-24,Board of Directors - Regular Board Meeting,145144,,31,,,,,,,,0,0,PLANNING AND PROGRAMMING COMMITTEE MADE THE FOLLOWING RECOMMENDATION (5-0):
2945,2025-04-24,Board of Directors - Regular Board Meeting,145145,7,30,10963,2024-1108,Project,APPROVED,Pass,,,0,1,"CONSIDER:

A.	APPROVING:

1.	AMENDING the 2020 Long Range Transportation Plan (LRTP) to reflect the Board selection of “No Build” for the I-710 South Environmental Impact Statement/Environmental Impact Report (EIS/EIR), the project’s new name of the Long Beach-East Los Angeles Corridor Mobility Investment Plan (LB-ELA CMIP), and its transition to a comprehensive multimodal program of infrastructure projects and services;

2.	PROGRAMMING up to $3,000,000 in Measure R Highway Capital Funds t"
2945,2025-04-24,Board of Directors - Regular Board Meeting,145146,,29,,,,,,,,0,0,PLANNING AND PROGRAMMING COMMITTEE (5-0) AND EXECUTIVE MANAGEMENT COMMITTEE (4-0) MADE THE FOLLOWING RECOMMENDATION:
2945,2025-04-24,Board of Directors - Regular Board Meeting,145147,,33,,,,,,,,0,0,PLANNING AND PROGRAMMING COMMITTEE MADE THE FOLLOWING RECOMMENDATION (5-0):
2945,2025-04-24,Board of Directors - Regular Board Meeting,145151,,13,,,,,,,,0,0,
2945,2025-04-24,Board of Directors - Regular Board Meeting,145152,,44,,,,,,,,0,0,"OPERATIONS, SAFETY, AND CUSTOMER EXPERIENCE COMMITTEE MADE THE FOLLOWING RECOMMENDATION (4-0):"
2945,2025-04-24,Board of Directors - Regular Board Meeting,145153,28,55,11224,2025-0204,Appointment,APPROVED,Pass,,,0,1,APPROVE nominee for membership on Metro’s San Gabriel Valley Service Council (Attachment A).
2945,2025-04-24,Board of Directors - Regular Board Meeting,145154,27,52,11053,2025-0033,Contract,APPROVED,Pass,,,0,1,"AUTHORIZE the Chief Executive Officer to execute Contract Modification No. 3 to increase the total authorized funding for Contract No. PS81062000, to Williams Sale Partnership (WSP) USA, Inc. for as-needed professional consultant support services that will be utilized for Zero Emission Bus (ZEB) and charger engineering/acquisition, program management, as well as technical support services, in the Not-to-Exceed (NTE) amount of $8,897,431.55, increasing the Contract total NTE amount from $10,930,9"
2945,2025-04-24,Board of Directors - Regular Board Meeting,145155,,51,,,,,,,,0,0,"OPERATIONS, SAFETY, AND CUSTOMER EXPERIENCE COMMITTEE MADE THE FOLLOWING RECOMMENDATION (4-0):"
2945,2025-04-24,Board of Directors - Regular Board Meeting,145156,26,50,10975,2024-1120,Program,APPROVED,Pass,,,0,0,"CONSIDER:

A.	RECEIVING AND FILING an update on the Low Income Fare is Easy (LIFE) Program in response to Board Motion 49, Expanding the LIFE Program Through Technology Motion; and

B.	AUTHORIZING the Chief Executive Officer to negotiate and execute all agreements, contract awards, including contract modifications, in an amount not to exceed $600,000 for software development and/or integration to expand the LIFE Program Through Technology."
2945,2025-04-24,Board of Directors - Regular Board Meeting,145157,,49,,,,,,,,0,0,"OPERATIONS, SAFETY, AND CUSTOMER EXPERIENCE COMMITTEE MADE THE FOLLOWING RECOMMENDATION (4-0):"
2945,2025-04-24,Board of Directors - Regular Board Meeting,145158,25,47,11162,2025-0142,Contract,APPROVED,Pass,,,0,1,"CONSIDER:

A.	AUTHORIZING the Chief Executive Officer to award firm-fixed unit price Vanpool Vehicle Supplier Bench Contract Nos. PS125899000 to Airport Van Rental, Inc. (AVR) and PS125899001 to Enterprise Rent-a-Car Company of Los Angeles (Enterprise), in the Not-to-Exceed (NTE) amount of $57,188,760 for the six-year base period and $27,234,168 for the first, two-year option, and $30,741,000 for the second, two-year option, for a combined NTE amount of $115,163,928, effective July 1, 2025, subj"
2945,2025-04-24,Board of Directors - Regular Board Meeting,145159,,54,,,,,,,,0,0,"OPERATIONS, SAFETY, AND CUSTOMER EXPERIENCE COMMITTEE MADE THE FOLLOWING RECOMMENDATION (4-0):"
2945,2025-04-24,Board of Directors - Regular Board Meeting,145163,33,21,11349,2025-0329,Appointment,APPROVED,Pass,Hilda L. Solis,Jacquelyn Dupont-Walker,0,0,"EXTEND the appointment of Stephanie Wiggins as the Chief Executive Officer of the Los Angeles County Metropolitan Transportation Authority at an annual starting salary of $510,806.94, for an additional four-year term, with an effective date of June 1, 2025, plus one, one-year option exercisable at the discretion of the Board."
2945,2025-04-24,Board of Directors - Regular Board Meeting,145164,,19,,,,,,,,0,0,"OPERATIONS, SAFETY, AND CUSTOMER EXPERIENCE COMMITTEE MADE THE FOLLOWING RECOMMENDATION (4-0):"
2945,2025-04-24,Board of Directors - Regular Board Meeting,145165,,24,,,,,,,,0,0,page break
2945,2025-04-24,Board of Directors - Regular Board Meeting,145168,,43,,,,,,,,0,0,page break
2945,2025-04-24,Board of Directors - Regular Board Meeting,145169,,48,,,,,,,,0,0,page break
2945,2025-04-24,Board of Directors - Regular Board Meeting,145170,,53,,,,,,,,0,0,page break
2945,2025-04-24,Board of Directors - Regular Board Meeting,146359,,,,,,APPROVED ON CONSENT CALENDAR,Pass,,,0,1,Approval of the Consent Agenda
2946,2025-05-14,Planning and Programming Committee,145204,,10,,,,,,,,0,0,CALL TO ORDER
2946,2025-05-14,Planning and Programming Committee,145205,,11,,,,,,,,1,0,ROLL CALL
2946,2025-05-14,Planning and Programming Committee,145206,10,12,11161,2025-0141,Project,CARRIED OVER,,,,0,0,"CONSIDER:

A.	APPROVING the proposed Metro Rail to River Active Transportation Corridor Segment B Project (Segment B) to be implemented in coordination with the Randolph Corridor Active Transportation (AT) Project being led by the City of Commerce;

B.	APPROVING the programming of $3.15 million from the Measure R Program for Segment B as an Initial Investment Priority identified in the Long Beach-East Los Angeles Corridor Mobility Investment Plan (LB-ELA CMIP) to local jurisdiction(s), including"
2946,2025-05-14,Planning and Programming Committee,145519,,25,11378,2025-0358,Informational Report,,,,,0,0,RECEIVE General Public Comment
2946,2025-05-14,Planning and Programming Committee,145520,,26,,,,,,,,0,0,"Consideration of items not on the posted agenda, including: items to be presented and (if requested) referred to staff; items to be placed on the agenda for action at a future meeting of the Committee or Board; and/or items requiring immediate action because of an emergency situation or where the need to take immediate action came to the attention of the Committee subsequent to the posting of the agenda."
2946,2025-05-14,Planning and Programming Committee,145521,,27,,,,,,,,0,0,COMMENTS FROM THE PUBLIC ON ITEMS OF PUBLIC INTEREST WITHIN COMMITTEE’S SUBJECT MATTER JURISDICTION
2946,2025-05-14,Planning and Programming Committee,145522,,28,,,,,,,,0,0,Adjournment
2946,2025-05-14,Planning and Programming Committee,145523,,9,,,,,,,,0,0,page break
2946,2025-05-14,Planning and Programming Committee,145524,,8,,,,,,,,0,0,"Written public comments must be received by 5PM the day before the meeting.
Please include the Item # in your comment and your position of “FOR,” “AGAINST,” ""GENERAL COMMENT,"" or ""ITEM NEEDS MORE CONSIDERATION.""
Email: BoardClerk@metro.net
Post Office Mail:
Board Administration
One Gateway Plaza
MS: 99-3-1
Los Angeles, CA 90012"
2946,2025-05-14,Planning and Programming Committee,145525,,7,,,,,,,,0,0,Written Public Comment Instruction:
2946,2025-05-14,Planning and Programming Committee,145526,,2,,,,,,,,0,0,"Live public comment can be given by telephone or in-person.

The Meeting begins at 11:00 AM Pacific Time on May 14, 2025; you may join the call 5 minutes prior to the start of the meeting.

Dial-in: 888-978-8818 and enter
English Access Code: 5647249#
Spanish Access Code: 7292892#"
2946,2025-05-14,Planning and Programming Committee,145527,,1,,,,,,,,0,0,Live Public Comment Instructions:
2946,2025-05-14,Planning and Programming Committee,145528,,6,,,,,,,,0,0,Los comentarios del público se tomaran cuando se toma cada tema. Para dar un comentario público sobre una tema ingrese # 2 (Tecla de numero y dos) cuando se le solicite. Tenga en cuenta que la transmisión de video en vivo se retrasa unos 30 segundos con respecto a la reunión real. No hay retraso en la línea de acceso telefónico para comentarios públicos.
2946,2025-05-14,Planning and Programming Committee,145529,,5,,,,,,,,0,0,"Los comentarios publicos en vivo se pueden dar por telefono o en persona.

La Reunion de la Junta comienza a las 11:00 AM, hora del Pacifico, el 14 de Mayo de 2025. Puedes unirte a la llamada 5 minutos antes del comienso de la junta.

Marque: 888-978-8818 y ingrese el codigo
Codigo de acceso en ingles: 5647249#
Codigo de acceso en espanol: 7292892#"
2946,2025-05-14,Planning and Programming Committee,145530,,4,,,,,,,,0,0,Instrucciones para comentarios publicos en vivo:
2946,2025-05-14,Planning and Programming Committee,145531,,3,,,,,,,,0,0,"Public comment will be taken as the Board takes up each item. To give public comment on an item, enter #2 (pound-two) when prompted. Please note that the live video feed lags about 30 seconds behind the actual meeting. There is no lag on the public comment dial-in line."
2946,2025-05-14,Planning and Programming Committee,146587,16,22,11126,2025-0106,Informational Report,RECEIVED AND FILED,Pass,,,0,0,RECEIVE AND FILE status report on the Southeast Gateway Line Slauson/A Line to Los Angeles Union Station (LAUS) Study.
2946,2025-05-14,Planning and Programming Committee,146588,14,18,11344,2025-0324,Contract,APPROVED,Pass,,,0,0,"AUTHORIZE the Chief Executive Officer (CEO) to award a firm fixed price Contract No. PS122552000 to Vermont Slauson - LDC, Inc. for the administration of the Transit Oriented Communities Economic Development Program (EDP) Pilot Investment Fund (Fund) in the amount of $1,370,495 for the three-year base term, $310,740 for the first option year, and $253,745 for the second option year, for a total combined contract amount of $1,934,980, effective June 1, 2025, subject to the resolution of any prope"
2946,2025-05-14,Planning and Programming Committee,146589,13,16,11264,2025-0244,Program,APPROVED,Pass,,,0,0,"CONSIDER:

A.	APPROVING programming of $2,709,031 within the capacity of Measure M Multi-Year Subregional Program (MSP) - Subregional Equity Program (Expenditure Line 68), as shown in Attachment A; and

B.	AUTHORIZING the CEO or their designee to negotiate and execute all necessary agreements and/or amendments for approved projects."
2946,2025-05-14,Planning and Programming Committee,146590,12,15,11187,2025-0167,Plan,ADOPTED,Pass,,,0,0,ADOPT the First/Last Mile Plan for the North Hollywood to Pasadena Bus Rapid Transit Corridor Project (Attachment A).
2946,2025-05-14,Planning and Programming Committee,146591,11,14,11186,2025-0166,Budget,APPROVED,Pass,,,0,0,"CONSIDER:

A.	APPROVING $11,937,350 in Measure M High Desert Multipurpose Corridor (HDMC) funds identified in the Expenditure Plan for Right-Of-Way (ROW) acquisition to be repurposed to the High Desert Corridor (HDC) Joint Powers Agency (JPA) for the Fiscal Year 2026 (FY26) work program; and 

B.	AUTHORIZING the Chief Executive Officer (CEO) or their designee to negotiate and execute all necessary funding agreements with the HDC JPA."
2946,2025-05-14,Planning and Programming Committee,146592,,13,,,,,,,,0,0,(ALSO ON EXECUTIVE MANAGEMENT COMMITTEE)
2946,2025-05-14,Planning and Programming Committee,146593,,19,,,,,,,,0,0,(CARRIED OVER FROM APRIL'S COMMITTEE CYCLE)
2946,2025-05-14,Planning and Programming Committee,146627,,17,,,,,,,,0,0,page break
2946,2025-05-14,Planning and Programming Committee,147093,15,20,11395,2025-0376,Program,APPROVED,Pass,,,0,0,"CONSIDER:

A.	REALLOCATING a Measure M Metro Active Transport, Transit and First/Last Mile (MAT) project funding award for the Western/Slauson project to a new project, Crenshaw Boulevard First/Last Mile Improvements, in the amount of $3,379,169.89;

B.	WAIVING program eligibility and competitive selection procedures specific to awarding funding to Crenshaw Boulevard First/Last Mile Improvements; and

C.	AUTHORIZING the Chief Executive Officer (CEO), or their designee, to negotiate and execute a"
2946,2025-05-14,Planning and Programming Committee,147094,,23,,,,,,,,0,0,(ALSO ON EXECUTIVE MANAGEMENT COMMITTEE)
2946,2025-05-14,Planning and Programming Committee,147104,17,24,11438,2025-0419,Motion / Motion Response,APPROVED,Pass,,,0,0,"APPROVE Motion By Solis, Bass, Hahn and Yaroslavsky that the Board adopts a position supporting the City of Los Angeles and the County of Los Angeles in their efforts to establish an Enhanced Infrastructure Financing District (EIFD) along portions of the project’s alignment.   

WE FURTHER MOVE that the Board directs the CEO to:

A.	At the commencement of the environmental review for the project direct staff to:

1.	Prioritize investigations for the LAUS segment that includes an underground alig"
2946,2025-05-14,Planning and Programming Committee,147108,,21,,,,,,,,0,0,page break
2947,2025-05-14,Construction Committee,145532,,10,,,,,,,,0,0,CALL TO ORDER
2947,2025-05-14,Construction Committee,145533,,11,,,,,,,,0,0,ROLL CALL
2947,2025-05-14,Construction Committee,145804,13,12,11288,2025-0268,Motion / Motion Response,,,,,0,0,RECEIVE AND FILE the status update on the Project Labor Agreement and Construction Careers Policy programs through the quarter ending March 2025.
2947,2025-05-14,Construction Committee,145806,,14,,,,,,,,0,0,"Consideration of items not on the posted agenda, including: items to be presented and (if requested) referred to staff; items to be placed on the agenda for action at a future meeting of the Committee or Board; and/or items requiring immediate action because of an emergency situation or where the need to take immediate action came to the attention of the Committee subsequent to the posting of the agenda."
2947,2025-05-14,Construction Committee,145807,,15,,,,,,,,0,0,COMMENTS FROM THE PUBLIC ON ITEMS OF PUBLIC INTEREST WITHIN COMMITTEE’S SUBJECT MATTER JURISDICTION
2947,2025-05-14,Construction Committee,145808,,16,,,,,,,,0,0,Adjournment
2947,2025-05-14,Construction Committee,145809,,9,,,,,,,,0,0,page break
2947,2025-05-14,Construction Committee,145810,,8,,,,,,,,0,0,"Written public comments must be received by 5PM the day before the meeting.
Please include the Item # in your comment and your position of “FOR,” “AGAINST,” ""GENERAL COMMENT,"" or ""ITEM NEEDS MORE CONSIDERATION.""
Email: BoardClerk@metro.net
Post Office Mail:
Board Administration
One Gateway Plaza
MS: 99-3-1
Los Angeles, CA 90012"
2947,2025-05-14,Construction Committee,145811,,7,,,,,,,,0,0,Written Public Comment Instruction:
2947,2025-05-14,Construction Committee,145812,,6,,,,,,,,0,0,"Los comentarios del público se tomaran cuando se toma cada tema. Para dar un comentario público sobre una tema ingrese # 2 (Tecla de numero y dos) cuando se le solicite. Tenga en cuenta que la transmisión de video en vivo se retrasa unos 30 segundos con respecto a la reunión real. No hay retraso en la línea de
acceso telefónico para comentarios públicos."
2947,2025-05-14,Construction Committee,145813,,5,,,,,,,,0,0,"Los comentarios publicos en vivo se pueden dar por telefono o en persona.

La Reunion de la Junta comienza a las 1:00 PM, hora del Pacifico, el 14 de Mayo de 2025. Puedes unirte a la llamada 5 minutos antes del comienso de la junta.

Marque: 888-978-8818 y ingrese el codigo
Codigo de acceso en ingles: 5647249#
Codigo de acceso en espanol: 7292892#"
2947,2025-05-14,Construction Committee,145814,,4,,,,,,,,0,0,Instrucciones para comentarios publicos en vivo:
2947,2025-05-14,Construction Committee,145815,,3,,,,,,,,0,0,"Public comment will be taken as the Board takes up each item. To give public comment on an item, enter #2 (pound-two) when prompted. Please note that the live video feed lags about 30 seconds behind the actual meeting. There is no lag on the public comment dial-in line."
2947,2025-05-14,Construction Committee,145816,,2,,,,,,,,0,0,"Live public comment can be given by telephone or in-person.

The Meeting begins at 1:00 PM Pacific Time on May 14, 2025; you may join the call 5 minutes prior to the start of the meeting.

Dial-in: 888-978-8818 and enter
English Access Code: 5647249#
Spanish Access Code: 7292892#"
2947,2025-05-14,Construction Committee,145817,,1,,,,,,,,0,0,Live Public Comment Instructions:
2948,2025-05-15,"Finance, Budget and Audit Committee",145863,,10,,,,,,,,0,0,CALL TO ORDER
2948,2025-05-15,"Finance, Budget and Audit Committee",145864,,11,,,,,,,,1,0,ROLL CALL
2948,2025-05-15,"Finance, Budget and Audit Committee",145865,18,12,11203,2025-0183,Public Hearing,APPROVED,Pass,,,0,0,"CONSIDER:

A.	ADOPTING the proposed FY26 Budget as presented in the budget document (provided in a separate transmittal and posted on metro.net <https://www.metro.net/about/financebudget/>); 

1.	AUTHORIZING $9.4 billion annual consolidated expenditures to achieve goals and objectives set forth by the Board adopted mission and goals; 

2.	AUTHORIZING a total of 11,821 FTEs, of which 9,616 are Represented FTEs and 2,205 are Non-Represented FTEs;

3.	AUTHORIZING an average 4% performance-b"
2948,2025-05-15,"Finance, Budget and Audit Committee",146127,20,14,11290,2025-0270,Informational Report,RECEIVED AND FILED,Pass,,,0,0,RECEIVE AND FILE the Management Audit Services FY 2025 Third Quarter Report.
2948,2025-05-15,"Finance, Budget and Audit Committee",146128,,15,11380,2025-0360,Informational Report,,,,,0,0,RECEIVE General Public Comment
2948,2025-05-15,"Finance, Budget and Audit Committee",146129,,16,,,,,,,,0,0,"Consideration of items not on the posted agenda, including: items to be presented and (if requested) referred to staff; items to be placed on the agenda for action at a future meeting of the Committee or Board; and/or items requiring immediate action because of an emergency situation or where the need to take immediate action came to the attention of the Committee subsequent to the posting of the agenda."
2948,2025-05-15,"Finance, Budget and Audit Committee",146130,,17,,,,,,,,0,0,COMMENTS FROM THE PUBLIC ON ITEMS OF PUBLIC INTEREST WITHIN COMMITTEE’S SUBJECT MATTER JURISDICTION
2948,2025-05-15,"Finance, Budget and Audit Committee",146131,,18,,,,,,,,0,0,Adjournment
2948,2025-05-15,"Finance, Budget and Audit Committee",146132,,9,,,,,,,,0,0,page break
2948,2025-05-15,"Finance, Budget and Audit Committee",146133,,8,,,,,,,,0,0,"Written public comments must be received by 5PM the day before the meeting.
Please include the Item # in your comment and your position of “FOR,” “AGAINST,” ""GENERAL COMMENT,"" or ""ITEM NEEDS MORE CONSIDERATION.""
Email: BoardClerk@metro.net
Post Office Mail:
Board Administration
One Gateway Plaza
MS: 99-3-1
Los Angeles, CA 90012"
2948,2025-05-15,"Finance, Budget and Audit Committee",146134,,7,,,,,,,,0,0,Written Public Comment Instruction:
2948,2025-05-15,"Finance, Budget and Audit Committee",146135,,6,,,,,,,,0,0,Los comentarios del público se tomaran cuando se toma cada tema. Para dar un comentario público sobre una tema ingrese # 2 (Tecla de numero y dos) cuando se le solicite. Tenga en cuenta que la transmisión de video en vivo se retrasa unos 30 segundos con respecto a la reunión real. No hay retraso en la línea de acceso telefónico para comentarios públicos.
2948,2025-05-15,"Finance, Budget and Audit Committee",146136,,5,,,,,,,,0,0,"Los comentarios publicos en vivo se pueden dar por telefono o en persona.

La Reunion de la Junta comienza a las 10:00 AM, hora del Pacifico, el 15 de Mayo de 2025. Puedes unirte a la llamada 5 minutos antes del comienso de la junta.

Marque: 888-978-8818 y ingrese el codigo
Codigo de acceso en ingles: 5647249#
Codigo de acceso en espanol: 7292892#"
2948,2025-05-15,"Finance, Budget and Audit Committee",146137,,4,,,,,,,,0,0,Instrucciones para comentarios publicos en vivo:
2948,2025-05-15,"Finance, Budget and Audit Committee",146138,,3,,,,,,,,0,0,"Public comment will be taken as the Board takes up each item. To give public comment on an item, enter #2 (pound-two) when prompted. Please note that the live video feed lags about 30 seconds behind the actual meeting. There is no lag on the public comment dial-in line."
2948,2025-05-15,"Finance, Budget and Audit Committee",146139,,2,,,,,,,,0,0,"Live public comment can be given by telephone or in-person.

The Meeting begins at 10:00 AM Pacific Time on May 15, 2025; you may join the call 5 minutes prior to the start of the meeting.

Dial-in: 888-978-8818 and enter
English Access Code: 5647249#
Spanish Access Code: 7292892#"
2948,2025-05-15,"Finance, Budget and Audit Committee",146140,,1,,,,,,,,0,0,Live Public Comment Instructions:
2948,2025-05-15,"Finance, Budget and Audit Committee",146597,19,13,10967,2024-1112,Appointment,APPROVED,Pass,,,0,0,"APPROVE the following nominees for the Measure M Independent Taxpayer Oversight Committee (MMITOC):

A.	Jesse Soto, the recommended nominee for area of expertise B, municipal/public finance and/or budgeting professional; and

B.	Michael Moore, the recommended nominee for area of expertise C, transit professional with experience in senior-level decision-making in transit operations and labor practices."
2949,2025-05-15,Executive Management Committee,143362,,10,,,,,,,,0,0,CALL TO ORDER
2949,2025-05-15,Executive Management Committee,143363,,11,,,,,,,,1,0,ROLL CALL
2949,2025-05-15,Executive Management Committee,143642,,23,11381,2025-0361,Informational Report,,,,,0,0,RECEIVE General Public Comment
2949,2025-05-15,Executive Management Committee,143643,,24,,,,,,,,0,0,"Consideration of items not on the posted agenda, including: items to be presented and (if requested) referred to staff; items to be placed on the agenda for action at a future meeting of the Committee or Board; and/or items requiring immediate action because of an emergency situation or where the need to take immediate action came to the attention of the Committee subsequent to the posting of the agenda."
2949,2025-05-15,Executive Management Committee,143644,,25,,,,,,,,0,0,COMMENTS FROM THE PUBLIC ON ITEMS OF PUBLIC INTEREST WITHIN COMMITTEE’S SUBJECT MATTER JURISDICTION
2949,2025-05-15,Executive Management Committee,143645,,26,,,,,,,,0,0,Adjournment
2949,2025-05-15,Executive Management Committee,143646,,8,,,,,,,,0,0,"Written public comments must be received by 5PM the day before the meeting.
Please include the Item # in your comment and your position of “FOR,” “AGAINST,” ""GENERAL COMMENT,"" or ""ITEM NEEDS MORE CONSIDERATION.""
Email: BoardClerk@metro.net
Post Office Mail:
Board Administration
One Gateway Plaza
MS: 99-3-1
Los Angeles, CA 90012"
2949,2025-05-15,Executive Management Committee,143647,,7,,,,,,,,0,0,Written Public Comment Instruction:
2949,2025-05-15,Executive Management Committee,143648,,6,,,,,,,,0,0,"Los comentarios del público se tomaran cuando se toma cada tema. Para dar un comentario público sobre una tema ingrese # 2 (Tecla de numero y dos) cuando se le solicite. Tenga en cuenta que la transmisión de video en vivo se retrasa unos 30 segundos con respecto a la reunión real. No hay retraso en la línea de
acceso telefónico para comentarios públicos."
2949,2025-05-15,Executive Management Committee,143649,,5,,,,,,,,0,0,"Los comentarios publicos en vivo se pueden dar por telefono o en persona.

La Reunion de la Junta comienza a las 11:30 AM, hora del Pacifico, el 15 de Mayo de 2025. Puedes unirte a la llamada 5 minutos antes del comienso de la junta.

Marque: 888-978-8818 y ingrese el codigo
Codigo de acceso en ingles: 5647249#
Codigo de acceso en espanol: 7292892#"
2949,2025-05-15,Executive Management Committee,143650,,4,,,,,,,,0,0,Instrucciones para comentarios publicos en vivo:
2949,2025-05-15,Executive Management Committee,143651,,3,,,,,,,,0,0,"Public comment will be taken as the Board takes up each item. To give public comment on an item, enter #2 (pound-two) when prompted. Please note that the live video feed lags about 30 seconds behind the actual meeting. There is no lag on the public comment dial-in line."
2949,2025-05-15,Executive Management Committee,143652,,2,,,,,,,,0,0,"Live public comment can be given by telephone or in-person.

The Meeting begins at 11:30 AM Pacific Time on May 15, 2025; you may join the call 5 minutes prior to the start of the meeting.

Dial-in: 888-978-8818 and enter
English Access Code: 5647249#
Spanish Access Code: 7292892#"
2949,2025-05-15,Executive Management Committee,143653,,1,,,,,,,,0,0,Live Public Comment Instructions:
2949,2025-05-15,Executive Management Committee,146141,,9,,,,,,,,0,0,page break
2949,2025-05-15,Executive Management Committee,146361,25,18,11321,2025-0301,Informational Report,RECEIVED AND FILED,Pass,,,0,0,RECEIVE AND FILE May 2025 Federal and State Legislative Report.
2949,2025-05-15,Executive Management Committee,146362,24,17,11239,2025-0219,Informational Report,RECEIVED AND FILED,Pass,,,0,0,RECEIVE AND FILE the HOME Quarterly Report.
2949,2025-05-15,Executive Management Committee,146363,21,12,11195,2025-0175,Plan,ADOPTED,Pass,,,0,0,"ADOPT the staff recommendation for the official and operational station name for the City of Beverly Hills station on Metro Rail’s Purple (D Line) Extension Section 2:
·	Official Station Name - Beverly Dr
·	Operational Station Name - Beverly Dr"
2949,2025-05-15,Executive Management Committee,146598,23,16,11097,2025-0077,Motion / Motion Response,RECEIVED AND FILED,Pass,,,0,0,RECEIVE AND FILE annual status report on the 48 by ’28 Plan.
2949,2025-05-15,Executive Management Committee,146599,,15,,,,,,,,0,0,(ALSO ON PLANNING AND PROGRAMMING COMMITTEE)
2949,2025-05-15,Executive Management Committee,146600,10,14,11161,2025-0141,Project,CARRIED OVER,,,,0,0,"CONSIDER:

A.	APPROVING the proposed Metro Rail to River Active Transportation Corridor Segment B Project (Segment B) to be implemented in coordination with the Randolph Corridor Active Transportation (AT) Project being led by the City of Commerce;

B.	APPROVING the programming of $3.15 million from the Measure R Program for Segment B as an Initial Investment Priority identified in the Long Beach-East Los Angeles Corridor Mobility Investment Plan (LB-ELA CMIP) to local jurisdiction(s), including"
2949,2025-05-15,Executive Management Committee,146601,22,13,11296,2025-0276,Agreement,APPROVED,Pass,,,0,0,AUTHORIZE the resolution with the Department of Justice (DOJ) required for Metro to receive federal criminal history and subsequent arrest reports for designated personnel hired for the Transit Community Public Safety Department (TCPSD).
2949,2025-05-15,Executive Management Committee,146661,26,19,11288,2025-0268,Motion / Motion Response,RECEIVED AND FILED,Pass,,,0,0,RECEIVE AND FILE the status update on the Project Labor Agreement and Construction Careers Policy programs through the quarter ending March 2025.
2949,2025-05-15,Executive Management Committee,146662,16,21,11126,2025-0106,Informational Report,RECEIVED AND FILED,Pass,,,0,0,RECEIVE AND FILE status report on the Southeast Gateway Line Slauson/A Line to Los Angeles Union Station (LAUS) Study.
2949,2025-05-15,Executive Management Committee,146663,,22,,,,,,,,0,0,(ALSO ON PLANNING AND PROGRAMMING COMMITTEE)
2949,2025-05-15,Executive Management Committee,147105,,20,,,,,,,,0,0,page break
2950,2025-05-15,"Operations, Safety, and Customer Experience Committee",143960,,10,,,,,,,,0,0,CALL TO ORDER
2950,2025-05-15,"Operations, Safety, and Customer Experience Committee",143961,,11,,,,,,,,1,0,ROLL CALL
2950,2025-05-15,"Operations, Safety, and Customer Experience Committee",144330,,20,11382,2025-0362,Informational Report,,,,,0,0,RECEIVE General Public Comment
2950,2025-05-15,"Operations, Safety, and Customer Experience Committee",144331,,21,,,,,,,,0,0,"Consideration of items not on the posted agenda, including: items to be presented and (if requested) referred to staff; items to be placed on the agenda for action at a future meeting of the Committee or Board; and/or items requiring immediate action because of an emergency situation or where the need to take immediate action came to the attention of the Committee subsequent to the posting of the agenda."
2950,2025-05-15,"Operations, Safety, and Customer Experience Committee",144332,,22,,,,,,,,0,0,COMMENTS FROM THE PUBLIC ON ITEMS OF PUBLIC INTEREST WITHIN COMMITTEE’S SUBJECT MATTER JURISDICTION
2950,2025-05-15,"Operations, Safety, and Customer Experience Committee",144333,,23,,,,,,,,0,0,Adjournment
2950,2025-05-15,"Operations, Safety, and Customer Experience Committee",144334,,8,,,,,,,,0,0,"Written public comments must be received by 5PM the day before the meeting.
Please include the Item # in your comment and your position of “FOR,” “AGAINST,” ""GENERAL COMMENT,"" or ""ITEM NEEDS MORE CONSIDERATION.""
Email: BoardClerk@metro.net
Post Office Mail:
Board Administration
One Gateway Plaza
MS: 99-3-1
Los Angeles, CA 90012"
2950,2025-05-15,"Operations, Safety, and Customer Experience Committee",144335,,7,,,,,,,,0,0,Written Public Comment Instruction:
2950,2025-05-15,"Operations, Safety, and Customer Experience Committee",144336,,6,,,,,,,,0,0,Los comentarios del público se tomaran cuando se toma cada tema. Para dar un comentario público sobre una tema ingrese # 2 (Tecla de numero y dos) cuando se le solicite. Tenga en cuenta que la transmisión de video en vivo se retrasa unos 30 segundos con respecto a la reunión real. No hay retraso en la línea de acceso telefónico para comentarios públicos.
2950,2025-05-15,"Operations, Safety, and Customer Experience Committee",144337,,5,,,,,,,,0,0,"Los comentarios publicos en vivo se pueden dar por telefono o en persona.

La Reunion de la Junta comienza a las 1:30 PM, hora del Pacifico, el 15 de Mayo de 2025. Puedes unirte a la llamada 5 minutos antes del comienso de la junta.

Marque: 888-978-8818 y ingrese el codigo
Codigo de acceso en ingles: 5647249#
Codigo de acceso en espanol: 7292892#"
2950,2025-05-15,"Operations, Safety, and Customer Experience Committee",144338,,4,,,,,,,,0,0,Instrucciones para comentarios publicos en vivo:
2950,2025-05-15,"Operations, Safety, and Customer Experience Committee",146142,,3,,,,,,,,0,0,"Public comment will be taken as the Board takes up each item. To give public comment on an item, enter #2 (pound-two) when prompted. Please note that the live video feed lags about 30 seconds behind the actual meeting. There is no lag on the public comment dial-in line."
2950,2025-05-15,"Operations, Safety, and Customer Experience Committee",146143,,2,,,,,,,,0,0,"Live public comment can be given by telephone or in-person.

The Meeting begins at 1:30 PM Pacific Time on May 15, 2025; you may join the call 5 minutes prior to the start of the meeting.

Dial-in: 888-978-8818 and enter
English Access Code: 5647249#
Spanish Access Code: 7292892#"
2950,2025-05-15,"Operations, Safety, and Customer Experience Committee",146144,,1,,,,,,,,0,0,Live Public Comment Instructions:
2950,2025-05-15,"Operations, Safety, and Customer Experience Committee",146145,,9,,,,,,,,0,0,page break
2950,2025-05-15,"Operations, Safety, and Customer Experience Committee",146603,33,19,11278,2025-0258,Informational Report,RECEIVED AND FILED,Pass,,,0,0,RECEIVE AND FILE the Public Safety Report.
2950,2025-05-15,"Operations, Safety, and Customer Experience Committee",146606,32,17,10988,2024-1133,Contract,APPROVED AS AMENDED,Pass,,,0,0,"WITHDRAWN: AUTHORIZE the Chief Executive Officer to:

A.	AWARD a firm fixed unit rate Contract No. PS124715000 to Lyft Bikes and Scooters, LLC to provide the Metro Bike Share (MBS) program services in the Not-To-Exceed (NTE) amount of $86,845,569 for the five-year and six month base term, $42,119,497 for the first three-year option term, $46,403,975 for the second three-year option term, and $22,879,834 for optional expansions to other jurisdictions for a total NTE contract amount of $198,248,"
2950,2025-05-15,"Operations, Safety, and Customer Experience Committee",146607,31,16,11246,2025-0226,Contract,APPROVED,Pass,,,0,0,"AUTHORIZE the Chief Executive Officer to award a firm fixed price Contract No. OP123944000 to Toyo Denki Railway Services, LLC., in the amount of $2,721,997.50 to transport, inspect, overhaul, and test Metro’s P3010 High Speed Circuit Breaker (HSCB) assembly, subject to the resolution of any properly submitted protest(s), if any."
2950,2025-05-15,"Operations, Safety, and Customer Experience Committee",146608,30,15,11236,2025-0216,Contract,APPROVED,Pass,,,0,0,"AUTHORIZE the Chief Executive Officer to award the firm fixed-price Contract No. DR127482000 to Los Angeles Truck Center (DBA Velocity Truck Centers), the lowest responsive and responsible bidder for four Hi-Rail Bucket Trucks in the amount of $1,868,474.94, inclusive of sales tax, and subject to the resolution of any properly submitted protest(s), if any."
2950,2025-05-15,"Operations, Safety, and Customer Experience Committee",146609,29,14,11211,2025-0191,Contract,APPROVED,Pass,,,0,0,"CONSIDER:

A.	FINDING that after rejecting all bids for a High-Density Storage System solicited under Public Utilities Code (PUC) section §130232 the equipment may be purchased at a lower price on the open market; and

B.	AUTHORIZING the Chief Executive Officer to award a firm fixed price Contract No. OP119312(3)000 to Southwest Material Handling, Inc., pursuant to PUC §130233, for the High-Density Storage System in the amount of $889,636.50 inclusive of sales tax, subject to the resolution "
2950,2025-05-15,"Operations, Safety, and Customer Experience Committee",146610,28,13,11222,2025-0202,Oral Report / Presentation,RECEIVED,Pass,,,0,0,RECEIVE oral report on Metro Operations.
2950,2025-05-15,"Operations, Safety, and Customer Experience Committee",146611,27,12,11221,2025-0201,Oral Report / Presentation,RECEIVED,Pass,,,0,0,RECOGNIZE Operations Employees of the Month.
2950,2025-05-15,"Operations, Safety, and Customer Experience Committee",146625,,18,,,,,,,,0,0,page break
2951,2025-05-22,Board of Directors - Regular Board Meeting,146146,,9,,,,,,,,0,0,page break
2951,2025-05-22,Board of Directors - Regular Board Meeting,146147,,10,,,,,,,,0,0,CALL TO ORDER
2951,2025-05-22,Board of Directors - Regular Board Meeting,146148,,11,,,,,,,,1,0,ROLL CALL
2951,2025-05-22,Board of Directors - Regular Board Meeting,146149,,12,,,,,,,,0,0,"1. APPROVE Consent Calendar Items: 2, 6, 7, 8, 9, 11, 12, 13, 14, 15, 17, 19, 21, 22, 29**, 30 and 31. 

**Item requires 2/3 vote of the Full Board.

Consent Calendar items are approved by one motion unless held by a Director for discussion and/or separate action.

All Consent Calendar items are listed at the end of the agenda, beginning on page 11."
2951,2025-05-22,Board of Directors - Regular Board Meeting,146150,,28,,,,,,,,0,0,"CONSENT CALENDAR - ITEMS 2, 6, 7, 8, 9, 11, 12, 13, 14, 15, 17, 19, 21, 22, 29, 30 and 31. "
2951,2025-05-22,Board of Directors - Regular Board Meeting,146308,,69,,,,,,,,0,0,"Consideration of items not on the posted agenda, including: items to be presented and (if requested) referred to staff; items to be placed on the agenda for action at a future meeting of the Committee or Board; and/or items requiring immediate action because of an emergency situation or where the need to take immediate action came to the attention of the Committee subsequent to the posting of the agenda."
2951,2025-05-22,Board of Directors - Regular Board Meeting,146309,,70,,,,,,,,0,0,COMMENTS FROM THE PUBLIC ON ITEMS OF PUBLIC INTEREST WITHIN COMMITTEE’S SUBJECT MATTER JURISDICTION
2951,2025-05-22,Board of Directors - Regular Board Meeting,146310,,71,,,,,,,,0,0,Adjournment
2951,2025-05-22,Board of Directors - Regular Board Meeting,146311,,8,,,,,,,,0,0,"Written public comments must be received by 5PM the day before the meeting.
Please include the Item # in your comment and your position of “FOR,” “AGAINST,” ""GENERAL COMMENT,"" or ""ITEM NEEDS MORE CONSIDERATION.""
Email: BoardClerk@metro.net
Post Office Mail:
Board Administration
One Gateway Plaza
MS: 99-3-1
Los Angeles, CA 90012"
2951,2025-05-22,Board of Directors - Regular Board Meeting,146312,,7,,,,,,,,0,0,Written Public Comment Instruction:
2951,2025-05-22,Board of Directors - Regular Board Meeting,146313,,6,,,,,,,,0,0,Los comentarios del público se tomaran cuando se toma cada tema. Para dar un comentario público sobre una tema ingrese # 2 (Tecla de numero y dos) cuando se le solicite. Tenga en cuenta que la transmisión de video en vivo se retrasa unos 30 segundos con respecto a la reunión real. No hay retraso en la línea de acceso telefónico para comentarios públicos.
2951,2025-05-22,Board of Directors - Regular Board Meeting,146314,,5,,,,,,,,0,0,"Los comentarios publicos en vivo se pueden dar por telefono o en persona.

La Reunion de la Junta comienza a las 10:00 AM, hora del Pacifico, el 22 de Mayo de 2025. Puedes unirte a la llamada 5 minutos antes del comienso de la junta.

Marque: 888-978-8818 y ingrese el codigo
Codigo de acceso en ingles: 5647249#
Codigo de acceso en espanol: 7292892#"
2951,2025-05-22,Board of Directors - Regular Board Meeting,146315,,4,,,,,,,,0,0,Instrucciones para comentarios publicos en vivo:
2951,2025-05-22,Board of Directors - Regular Board Meeting,146316,,3,,,,,,,,0,0,"Public comment will be taken as the Board takes up each item. To give public comment on an item, enter #2 (pound-two) when prompted. Please note that the live video feed lags about 30 seconds behind the actual meeting. There is no lag on the public comment dial-in line."
2951,2025-05-22,Board of Directors - Regular Board Meeting,146317,,2,,,,,,,,0,0,"Live public comment can be given by telephone or in-person.

The Meeting begins at 10:00 AM Pacific Time on May 22, 2025; you may join the call 5 minutes prior to the start of the meeting.

Dial-in: 888-978-8818 and enter
English Access Code: 5647249#
Spanish Access Code: 7292892#"
2951,2025-05-22,Board of Directors - Regular Board Meeting,146318,,1,,,,,,,,0,0,Live Public Comment Instructions:
2951,2025-05-22,Board of Directors - Regular Board Meeting,146615,34,22,11133,2025-0113,Policy,APPROVED,Pass,,,0,0,"ADOPT the proposed Resolutions of Necessity authorizing the commencement of eminent domain actions to acquire the Fee Simple Interest and/or the Improvements Pertaining to Realty (“IPR”) for the properties identified in Attachment A and described as follows: 

1.	14523-14533 Keswick Street, Van Nuys, CA, APN: 2210-030-007, 2210-030-008, 2210-030-030, and 2210-030-031; (E-001)

2.	14603-14605 Keswick Street, Van Nuys, CA, APN: 2210-030-009, 2210-030-010, 2210-030-014, and 2210-030-016; (E-003"
2951,2025-05-22,Board of Directors - Regular Board Meeting,146617,,13,,,,,,,,0,0,NON-CONSENT
2951,2025-05-22,Board of Directors - Regular Board Meeting,146636,,68,11454,2025-0435,Informational Report,,,,,0,0,RECEIVE General Public Comment
2951,2025-05-22,Board of Directors - Regular Board Meeting,146637,17,51,11438,2025-0419,Motion / Motion Response,APPROVED,Pass,Hilda L. Solis,Jacquelyn Dupont-Walker,0,1,"APPROVE Motion By Solis, Bass, Hahn and Yaroslavsky that the Board adopts a position supporting the City of Los Angeles and the County of Los Angeles in their efforts to establish an Enhanced Infrastructure Financing District (EIFD) along portions of the project’s alignment.   

WE FURTHER MOVE that the Board directs the CEO to:

A.	At the commencement of the environmental review for the project direct staff to:

1.	Prioritize investigations for the LAUS segment that includes an underground alig"
2951,2025-05-22,Board of Directors - Regular Board Meeting,146638,,50,,,,,,,,0,0,PLANNING AND PROGRAMMING COMMITTEE MADE THE FOLLOWING RECOMMENDATION (5-0):
2951,2025-05-22,Board of Directors - Regular Board Meeting,146641,15,49,11395,2025-0376,Program,APPROVED,Pass,Hilda L. Solis,Jacquelyn Dupont-Walker,0,1,"CONSIDER:

A.	REALLOCATING a Measure M Metro Active Transport, Transit and First/Last Mile (MAT) project funding award for the Western/Slauson project to a new project, Crenshaw Boulevard First/Last Mile Improvements, in the amount of $3,379,169.89;

B.	WAIVING program eligibility and competitive selection procedures specific to awarding funding to Crenshaw Boulevard First/Last Mile Improvements; and

C.	AUTHORIZING the Chief Executive Officer (CEO), or their designee, to negotiate and execute a"
2951,2025-05-22,Board of Directors - Regular Board Meeting,146642,,48,,,,,,,,0,0,PLANNING AND PROGRAMMING COMMITTEE MADE THE FOLLOWING RECOMMENDATION (5-0):
2951,2025-05-22,Board of Directors - Regular Board Meeting,146643,14,47,11344,2025-0324,Contract,APPROVED ON CONSENT CALENDAR,Pass,Hilda L. Solis,Jacquelyn Dupont-Walker,0,0,"AUTHORIZE the Chief Executive Officer (CEO) to award a firm fixed price Contract No. PS122552000 to Vermont Slauson - LDC, Inc. for the administration of the Transit Oriented Communities Economic Development Program (EDP) Pilot Investment Fund (Fund) in the amount of $1,370,495 for the three-year base term, $310,740 for the first option year, and $253,745 for the second option year, for a total combined contract amount of $1,934,980, effective June 1, 2025, subject to the resolution of any prope"
2951,2025-05-22,Board of Directors - Regular Board Meeting,146644,,46,,,,,,,,0,0,PLANNING AND PROGRAMMING COMMITTEE MADE THE FOLLOWING RECOMMENDATION (4-0):
2951,2025-05-22,Board of Directors - Regular Board Meeting,146645,13,44,11264,2025-0244,Program,APPROVED,Pass,Hilda L. Solis,Jacquelyn Dupont-Walker,0,1,"CONSIDER:

A.	APPROVING programming of $2,709,031 within the capacity of Measure M Multi-Year Subregional Program (MSP) - Subregional Equity Program (Expenditure Line 68), as shown in Attachment A; and

B.	AUTHORIZING the CEO or their designee to negotiate and execute all necessary agreements and/or amendments for approved projects."
2951,2025-05-22,Board of Directors - Regular Board Meeting,146646,,43,,,,,,,,0,0,PLANNING AND PROGRAMMING COMMITTEE MADE THE FOLLOWING RECOMMENDATION (5-0):
2951,2025-05-22,Board of Directors - Regular Board Meeting,146647,12,42,11187,2025-0167,Plan,APPROVED,Pass,Hilda L. Solis,Jacquelyn Dupont-Walker,0,1,ADOPT the First/Last Mile Plan for the North Hollywood to Pasadena Bus Rapid Transit Corridor Project (Attachment A).
2951,2025-05-22,Board of Directors - Regular Board Meeting,146648,,41,,,,,,,,0,0,PLANNING AND PROGRAMMING COMMITTEE MADE THE FOLLOWING RECOMMENDATION (5-0):
2951,2025-05-22,Board of Directors - Regular Board Meeting,146649,11,39,11186,2025-0166,Budget,ADOPTED,Pass,Hilda L. Solis,Jacquelyn Dupont-Walker,0,1,"CONSIDER:

A.	APPROVING $11,937,350 in Measure M High Desert Multipurpose Corridor (HDMC) funds identified in the Expenditure Plan for Right-Of-Way (ROW) acquisition to be repurposed to the High Desert Corridor (HDC) Joint Powers Agency (JPA) for the Fiscal Year 2026 (FY26) work program; and 

B.	AUTHORIZING the Chief Executive Officer (CEO) or their designee to negotiate and execute all necessary funding agreements with the HDC JPA."
2951,2025-05-22,Board of Directors - Regular Board Meeting,146650,,38,,,,,,,,0,0,PLANNING AND PROGRAMMING COMMITTEE MADE THE FOLLOWING RECOMMENDATION (5-0):
2951,2025-05-22,Board of Directors - Regular Board Meeting,146651,9,37,11437,2025-0418,Motion / Motion Response,APPROVED,Pass,Hilda L. Solis,Jacquelyn Dupont-Walker,0,1,"APPROVE Motion by Hahn, Bass, Dutra, Dupont-Walker, and Butts that the Board direct the Chief Executive Officer to:

A.	Initiate conversation and coordination with Long Beach Transit and the Port of LA to assess existing services and explore the feasibility of establishing a water taxi service to connect San Pedro and Long Beach in preparation for the 2028 Summer Olympic and Paralympic Games. This study shall include:

1.	Route Identification: Evaluate optimal and safe routes for operation betwe"
2951,2025-05-22,Board of Directors - Regular Board Meeting,146652,,36,,,,,,,,0,0,AD HOC 2028 OLYMPIC & PARALYMPIC GAMES COMMITTEE MADE THE FOLLOWING RECOMMENDATION (6-0):
2951,2025-05-22,Board of Directors - Regular Board Meeting,146653,8,35,11436,2025-0417,Motion / Motion Response,APPROVED,Pass,Hilda L. Solis,Jacquelyn Dupont-Walker,0,1,"APPROVE Motion by Solis, Dupont-Walker, and Hahn that the Board direct the Chief Executive Officer to:

A.	Work with the Los Angeles County Chief Executive Office, Los Angeles County Department of Parks and Recreation, Los Angeles County Department of Economic Opportunity, Los Angeles County Department of Arts and Culture, the City of Los Angeles and other local jurisdictions, and community-based organizations and groups to identify potential fan zones for the 2028 Games that are:

1.	Geographic"
2951,2025-05-22,Board of Directors - Regular Board Meeting,146654,,34,,,,,,,,0,0,AD HOC 2028 OLYMPIC & PARALYMPIC GAMES COMMITTEE MADE THE FOLLOWING RECOMMENDATION (6-0):
2951,2025-05-22,Board of Directors - Regular Board Meeting,146655,7,33,11267,2025-0247,Contract,WITHDRAWN,,,,0,0,"WITHDRAWN: AUTHORIZE the Chief Executive Officer to award a firm fixed unit rate, task order based Contract No. PS127282000 with Mott MacDonald Group, Inc. to provide Games Support Services to support Metro’s planning for the 2028 Games for a period of four years in an amount not to exceed (NTE) $42,043,610, subject to resolution of any properly submitted protest(s), if any."
2951,2025-05-22,Board of Directors - Regular Board Meeting,146656,,32,,,,,,,,0,0,AD HOC 2028 OLYMPIC & PARALYMPIC GAMES COMMITTEE MADE THE FOLLOWING RECOMMENDATION (5-0):
2951,2025-05-22,Board of Directors - Regular Board Meeting,146657,6,31,11285,2025-0265,Plan,APPROVED,Pass,Hilda L. Solis,Jacquelyn Dupont-Walker,0,1,"CONSIDER:

A.	RECEIVING AND FILING the 2028 Mobility Concept Plan (MCP) Progress Report; and 

B.	AMENDING the 2022 Prioritized Mobility Concept Plan (MCP) project list to include the Pomona Fairplex Metrolink Station Improvements Project as part of the Rail project mode/type."
2951,2025-05-22,Board of Directors - Regular Board Meeting,146658,,30,,,,,,,,0,0,AD HOC 2028 OLYMPIC & PARALYMPIC GAMES COMMITTEE MADE THE FOLLOWING RECOMMENDATION (5-0):
2951,2025-05-22,Board of Directors - Regular Board Meeting,146659,4,15,11458,2025-0439,Oral Report / Presentation,CARRIED OVER,,,,0,0,RECEIVE report by the Chief Executive Officer.
2951,2025-05-22,Board of Directors - Regular Board Meeting,146660,3,14,11457,2025-0438,Oral Report / Presentation,RECEIVED,,,,0,0,RECEIVE remarks by the Chair.
2951,2025-05-22,Board of Directors - Regular Board Meeting,147206,2,29,11459,2025-0440,Minutes,APPROVED,Pass,Hilda L. Solis,Jacquelyn Dupont-Walker,0,1,"APPROVE Minutes of the Regular Board Meeting held April 24, 2025."
2951,2025-05-22,Board of Directors - Regular Board Meeting,147214,,16,,,,,,,,0,0,PLANNING AND PROGRAMMING COMMITTEE AND EXECUTIVE MANAGEMENT COMMITTEE FORWARDED THE FOLLOWING WITHOUT RECOMMENDATION: 
2951,2025-05-22,Board of Directors - Regular Board Meeting,147215,10,17,11161,2025-0141,Project,APPROVED AS AMENDED,Pass,Fernando Dutra,Hilda L. Solis,0,0,"CONSIDER:

A.	APPROVING the proposed Metro Rail to River Active Transportation Corridor Segment B Project (Segment B) to be implemented in coordination with the Randolph Corridor Active Transportation (AT) Project being led by the City of Commerce;

B.	APPROVING the programming of $3.15 million from the Measure R Program for Segment B as an Initial Investment Priority identified in the Long Beach-East Los Angeles Corridor Mobility Investment Plan (LB-ELA CMIP) to local jurisdiction(s), including"
2951,2025-05-22,Board of Directors - Regular Board Meeting,147221,,53,,,,,,,,0,0,"FINANCE, BUDGET, AND AUDIT COMMITTEE MADE THE FOLLOWING RECOMMENDATION (3-0):"
2951,2025-05-22,Board of Directors - Regular Board Meeting,147222,30,64,11236,2025-0216,Contract,APPROVED,Pass,Hilda L. Solis,Jacquelyn Dupont-Walker,0,1,"AUTHORIZE the Chief Executive Officer to award the firm fixed-price Contract No. DR127482000 to Los Angeles Truck Center (DBA Velocity Truck Centers), the lowest responsive and responsible bidder for four Hi-Rail Bucket Trucks in the amount of $1,868,474.94, inclusive of sales tax, and subject to the resolution of any properly submitted protest(s), if any."
2951,2025-05-22,Board of Directors - Regular Board Meeting,147223,31,67,11246,2025-0226,Contract,APPROVED,Pass,Hilda L. Solis,Jacquelyn Dupont-Walker,0,1,"AUTHORIZE the Chief Executive Officer to award a firm fixed price Contract No. OP123944000 to Toyo Denki Railway Services, LLC., in the amount of $2,721,997.50 to transport, inspect, overhaul, and test Metro’s P3010 High Speed Circuit Breaker (HSCB) assembly, subject to the resolution of any properly submitted protest(s), if any."
2951,2025-05-22,Board of Directors - Regular Board Meeting,147224,,66,,,,,,,,0,0,"OPERATIONS, SAFETY, AND CUSTOMER EXPERIENCE COMMITTEE MADE THE FOLLOWING RECOMMENDATION (3-0):"
2951,2025-05-22,Board of Directors - Regular Board Meeting,147225,29,61,11211,2025-0191,Contract,APPROVED UNDER RECONSIDERATION,Pass,,,0,0,"CONSIDER:

A.	FINDING that after rejecting all bids for a High-Density Storage System solicited under Public Utilities Code (PUC) section §130232 the equipment may be purchased at a lower price on the open market; and

B.	AUTHORIZING the Chief Executive Officer to award a firm fixed price Contract No. OP119312(3)000 to Southwest Material Handling, Inc., pursuant to PUC §130233, for the High-Density Storage System in the amount of $889,636.50 inclusive of sales tax, subject to the resolution "
2951,2025-05-22,Board of Directors - Regular Board Meeting,147226,,55,,,,,,,,0,0,EXECUTIVE MANAGEMENT COMMITTEE MADE THE FOLLOWING RECOMMENDATION (3-0):
2951,2025-05-22,Board of Directors - Regular Board Meeting,147227,19,54,10967,2024-1112,Appointment,APPROVED,Pass,Hilda L. Solis,Jacquelyn Dupont-Walker,0,1,"APPROVE the following nominees for the Measure M Independent Taxpayer Oversight Committee (MMITOC):

A.	Jesse Soto, the recommended nominee for area of expertise B, municipal/public finance and/or budgeting professional; and

B.	Michael Moore, the recommended nominee for area of expertise C, transit professional with experience in senior-level decision-making in transit operations and labor practices."
2951,2025-05-22,Board of Directors - Regular Board Meeting,147228,,58,,,,,,,,0,0,EXECUTIVE MANAGEMENT COMMITTEE MADE THE FOLLOWING RECOMMENDATION (3-0):
2951,2025-05-22,Board of Directors - Regular Board Meeting,147229,,63,,,,,,,,0,0,"OPERATIONS, SAFETY, AND CUSTOMER EXPERIENCE COMMITTEE MADE THE FOLLOWING RECOMMENDATION (3-0):"
2951,2025-05-22,Board of Directors - Regular Board Meeting,147230,21,56,11195,2025-0175,Plan,APPROVED,Pass,Hilda L. Solis,Jacquelyn Dupont-Walker,0,1,"ADOPT the staff recommendation for the official and operational station name for the City of Beverly Hills station on Metro Rail’s Purple (D Line) Extension Section 2:
·	Official Station Name - Beverly Dr
·	Operational Station Name - Beverly Dr"
2951,2025-05-22,Board of Directors - Regular Board Meeting,147231,,60,,,,,,,,0,0,"OPERATIONS, SAFETY, AND CUSTOMER EXPERIENCE COMMITTEE MADE THE FOLLOWING RECOMMENDATION (4-0):"
2951,2025-05-22,Board of Directors - Regular Board Meeting,147232,22,59,11296,2025-0276,Agreement,APPROVED,Pass,Hilda L. Solis,Jacquelyn Dupont-Walker,0,1,AUTHORIZE the resolution with the Department of Justice (DOJ) required for Metro to receive federal criminal history and subsequent arrest reports for designated personnel hired for the Transit Community Public Safety Department (TCPSD).
2951,2025-05-22,Board of Directors - Regular Board Meeting,147233,18,19,11203,2025-0183,Public Hearing,APPROVED,Pass,Tim Sandoval,Jacquelyn Dupont-Walker,0,0,"CONSIDER:

A.	ADOPTING the proposed FY26 Budget as presented in the budget document (provided in a separate transmittal and posted on metro.net <https://www.metro.net/about/financebudget/>); 

1.	AUTHORIZING $9.4 billion annual consolidated expenditures to achieve goals and objectives set forth by the Board adopted mission and goals; 

2.	AUTHORIZING a total of 11,821 FTEs, of which 9,616 are Represented FTEs and 2,205 are Non-Represented FTEs;

3.	AUTHORIZING an average 4% performance-b"
2951,2025-05-22,Board of Directors - Regular Board Meeting,147234,,18,,,,,,,,0,0,"FINANCE, BUDGET, AND AUDIT COMMITTEE MADE THE FOLLOWING  RECOMMENDATION (3-0):"
2951,2025-05-22,Board of Directors - Regular Board Meeting,147237,32,21,10988,2024-1133,Contract,WITHDRAWN,,,,0,0,"WITHDRAWN: AUTHORIZE the Chief Executive Officer to:

A.	AWARD a firm fixed unit rate Contract No. PS124715000 to Lyft Bikes and Scooters, LLC to provide the Metro Bike Share (MBS) program services in the Not-To-Exceed (NTE) amount of $86,845,569 for the five-year and six month base term, $42,119,497 for the first three-year option term, $46,403,975 for the second three-year option term, and $22,879,834 for optional expansions to other jurisdictions for a total NTE contract amount of $198,248,"
2951,2025-05-22,Board of Directors - Regular Board Meeting,147238,,20,,,,,,,,0,0,"OPERATIONS, SAFETY, AND CUSTOMER EXPERIENCE COMMITTEE MADE THE FOLLOWING RECOMMENDATION AS AMENDED (4-0):"
2951,2025-05-22,Board of Directors - Regular Board Meeting,147244,,24,,,,,,,,0,0,END OF NON-CONSENT
2951,2025-05-22,Board of Directors - Regular Board Meeting,147246,,25,,,,,,,,0,0,
2951,2025-05-22,Board of Directors - Regular Board Meeting,147248,,27,,,,,,,,0,0,page break
2951,2025-05-22,Board of Directors - Regular Board Meeting,147250,,40,,,,,,,,0,0,page break
2951,2025-05-22,Board of Directors - Regular Board Meeting,147251,,45,,,,,,,,0,0,page break
2951,2025-05-22,Board of Directors - Regular Board Meeting,147252,,52,,,,,,,,0,0,page break
2951,2025-05-22,Board of Directors - Regular Board Meeting,147253,,65,,,,,,,,0,0,
2951,2025-05-22,Board of Directors - Regular Board Meeting,147254,,57,,,,,,,,0,0,page break
2951,2025-05-22,Board of Directors - Regular Board Meeting,147255,,62,,,,,,,,0,0,page break
2951,2025-05-22,Board of Directors - Regular Board Meeting,147256,35,23,11474,2025-0455,Contract,APPROVED,Pass,Jacquelyn Dupont-Walker,Ara J. Najarian,0,0,"CONSIDER:

A.	RATIFYING the procurement and award of Contract No. OP239906000HR5000 (HR5000 Contract) to the Hyundai Rotem USA Corporation (Hyundai Rotem), and the HR5000 Contract as amended by Modifications 1-3 for the manufacturing and delivery of 182 new heavy rail vehicles (HRVs), in the amount of $663,688,303 for the base contract buy, exclusive of one contract option for an additional 50 HRVs, totaling 232 HRVs for a total of $730,057,133; 

B.	RATIFYING the procurement and award of Co"
2951,2025-05-22,Board of Directors - Regular Board Meeting,148871,,,,,,APPROVED ON CONSENT CALENDAR,Pass,Hilda L. Solis,Jacquelyn Dupont-Walker,0,1,Approval of the Consent Agenda
2952,2025-06-26,Board of Directors - Regular Board Meeting,148894,,1,,,,,,,,0,0,page break
2952,2025-06-26,Board of Directors - Regular Board Meeting,148895,,2,,,,,,,,0,0,Live Public Comment Instructions:
2952,2025-06-26,Board of Directors - Regular Board Meeting,148896,,3,,,,,,,,0,0,"Live public comment can be given by telephone or in-person.

The Meeting begins at 10:00 AM Pacific Time on June 26, 2025; you may join the call 5 minutes prior to the start of the meeting.

Dial-in: 888-978-8818 and enter
English Access Code: 5647249#
Spanish Access Code: 7292892#"
2952,2025-06-26,Board of Directors - Regular Board Meeting,148897,,4,,,,,,,,0,0,"Public comment will be taken as the Board takes up each item. To give public  comment on an item, enter #2 (pound-two) when prompted. Please note that the live  video feed lags about 30 seconds behind the actual meeting. There is no lag on the  public comment dial-in line."
2952,2025-06-26,Board of Directors - Regular Board Meeting,148898,,5,,,,,,,,0,0,Instrucciones para comentarios publicos en vivo:
2952,2025-06-26,Board of Directors - Regular Board Meeting,148899,,6,,,,,,,,0,0,"Los comentarios publicos en vivo se pueden dar por telefono o en persona.

La Reunion de la Junta comienza a las 10:00 AM, hora del Pacifico, el 26 de Junio. Puedes unirte a la llamada 5 minutos antes del comienso de la junta.

Marque: 888-978-8818 y ingrese el codigo
Codigo de acceso en ingles: 5647249#
Codigo de acceso en espanol: 7292892#"
2952,2025-06-26,Board of Directors - Regular Board Meeting,148900,,7,,,,,,,,0,0,Los comentarios del público se tomaran cuando se toma cada tema. Para dar un  comentario público sobre una tema ingrese # 2 (Tecla de numero y dos) cuando se le  solicite. Tenga en cuenta que la transmisión de video en vivo se retrasa unos 30  segundos con respecto a la reunión real. No hay retraso en la línea de acceso telefónico para comentarios públicos.
2952,2025-06-26,Board of Directors - Regular Board Meeting,148901,,8,,,,,,,,0,0,Written Public Comment Instruction:
2952,2025-06-26,Board of Directors - Regular Board Meeting,148902,,9,,,,,,,,0,0,"Written public comments must be received by 5PM the day before the meeting.
Please include the Item # in your comment and your position of “FOR,” “AGAINST,” ""GENERAL COMMENT,"" or ""ITEM NEEDS MORE CONSIDERATION.""
Email: BoardClerk@metro.net
Post Office Mail:
Board Administration
One Gateway Plaza
MS: 99-3-1
Los Angeles, CA 90012"
2952,2025-06-26,Board of Directors - Regular Board Meeting,148903,,10,,,,,,,,0,0,page break
2952,2025-06-26,Board of Directors - Regular Board Meeting,148904,,11,,,,,,,,0,0,CALL TO ORDER
2952,2025-06-26,Board of Directors - Regular Board Meeting,148905,,12,,,,,,,,1,0,ROLL CALL
2952,2025-06-26,Board of Directors - Regular Board Meeting,148906,,13,,,,,,,,0,0,"APPROVE Consent Calendar Items: 2, 6, 7, 8, 9, 10, 11, 12, 13, 14, 15, 17, 22, 23, 24, 25, 26, 27, 28, 29, 30, 31, and 32.

Consent Calendar items are approved by one motion unless held by a Director for discussion and/or separate action.

All Consent Calendar items are listed at the end of the agenda, beginning on page 10."
2952,2025-06-26,Board of Directors - Regular Board Meeting,148907,,31,,,,,,,,0,0,"CONSENT CALENDAR - ITEMS 2, 6, 7, 8, 9, 10, 11, 12, 13, 14, 15, 17, 22, 23, 24, 25, 26, 27, 28, 29, 30, 31, AND 32."
2952,2025-06-26,Board of Directors - Regular Board Meeting,149065,,82,11560,2025-0541,Informational Report,,,,,0,0,RECEIVE General Public Comment
2952,2025-06-26,Board of Directors - Regular Board Meeting,149066,,83,,,,,,,,0,0,"Consideration of items not on the posted agenda, including: items to be presented and (if requested) referred to staff; items to be placed on the agenda for action at a future meeting of the Committee or Board; and/or items requiring immediate action because of an emergency situation or where the need to take immediate action came to the attention of the Committee subsequent to the posting of the agenda."
2952,2025-06-26,Board of Directors - Regular Board Meeting,149067,,84,,,,,,,,0,0,COMMENTS FROM THE PUBLIC ON ITEMS OF PUBLIC INTEREST WITHIN COMMITTEE’S SUBJECT MATTER JURISDICTION
2952,2025-06-26,Board of Directors - Regular Board Meeting,149068,,85,,,,,,,,0,0,Adjournment
2952,2025-06-26,Board of Directors - Regular Board Meeting,149075,5,18,11518,2025-0499,Oral Report / Presentation,,,,,0,0,ELECTION of 2nd Vice Chair.
2952,2025-06-26,Board of Directors - Regular Board Meeting,149237,,15,,,,,,,,0,0,NON-CONSENT
2952,2025-06-26,Board of Directors - Regular Board Meeting,149238,,14,,,,,,,,0,0,
2952,2025-06-26,Board of Directors - Regular Board Meeting,149242,45,23,11155,2025-0135,Resolution,APPROVED,Pass,,,0,0,"ADOPT the proposed Resolutions of Necessity (“Resolutions”) authorizing the commencement of eminent domain actions to acquire the Property Interests (“Property Interests”) as identified in Attachment A and summarized below: 

1)	10060 Remmet Avenue, Chatsworth, CA 91311 (APN: 2747-025-030) - a 36-month Non-Exclusive Temporary Access Easement (“TAE” or “EST”) - Project Parcel CH-EST-003 

2)	Eastside of Remmet Avenue, Chatsworth, CA 91311 (APN: 2747-025-031); a Partial Fee (“Fee” or “PART”) -"
2952,2025-06-26,Board of Directors - Regular Board Meeting,149297,13,50,11400,2025-0381,Program,APPROVED,Pass,,,0,1,"CONSIDER:

A.	RECEIVING AND FILING status report on the Workplan to Address the Fiscal Cliff; and

B.	ADOPTING the Principles for Addressing the Fiscal Cliff (Attachment A)."
2952,2025-06-26,Board of Directors - Regular Board Meeting,149298,,49,,,,,,,,0,0,"FINANCE, BUDGET, AND AUDIT COMMITTEE MADE THE FOLLOWING RECOMMENDATION (4-0):"
2952,2025-06-26,Board of Directors - Regular Board Meeting,149299,2,32,11556,2025-0537,Minutes,APPROVED,Pass,,,0,1,"APPROVE Minutes of the Regular Board Meeting held May 22, 2025."
2952,2025-06-26,Board of Directors - Regular Board Meeting,149301,4,17,11558,2025-0539,Oral Report / Presentation,RECEIVED,Pass,,,0,0,RECEIVE report by the Chief Executive Officer.
2952,2025-06-26,Board of Directors - Regular Board Meeting,149302,3,16,11557,2025-0538,Oral Report / Presentation,RECEIVED,Pass,,,0,0,RECEIVE remarks by the Chair.
2952,2025-06-26,Board of Directors - Regular Board Meeting,149303,,27,,,,,,,,0,0,END OF NON-CONSENT
2952,2025-06-26,Board of Directors - Regular Board Meeting,149315,,33,,,,,,,,0,0,"FINANCE, BUDGET, AND AUDIT COMMITTEE MADE THE FOLLOWING RECOMMENDATION (4-0):"
2952,2025-06-26,Board of Directors - Regular Board Meeting,149320,12,48,11423,2025-0404,Budget,ADOPTED,Pass,,,0,1,"CONSIDER:

A.	APPROVING $2.9 billion in Fiscal Year 2025-26 (FY26) Transit Fund Allocations for Los Angeles County jurisdictions, transit operators, and Metro Operations as shown in Attachment A. These allocations comply with federal, state, and local regulations and Metro Board approved policies and guidelines. Federal and state fund allocations are subject to actual fund apportionments;

B.	APPROVING fund exchanges in the estimated amount of $3,140,305 of Metro’s Transportation Development"
2952,2025-06-26,Board of Directors - Regular Board Meeting,149321,,47,,,,,,,,0,0,"FINANCE, BUDGET, AND AUDIT COMMITTEE MADE THE FOLLOWING RECOMMENDATION (4-0):"
2952,2025-06-26,Board of Directors - Regular Board Meeting,149322,11,46,11417,2025-0398,Budget,ADOPTED,Pass,,,0,1,"CONSIDER:

A.  APPROVING local funding request for Access Services (Access) in an amount not to exceed $203,170,329 for FY26. This amount includes:

·	Local funds for operating and capital expenses in the amount of $200,482,112

·	Local funds paid directly to Metrolink for its participation in Access’ Free Fare Program in the amount of $2,688,217; and

B.  AUTHORIZING the Chief Executive Officer (CEO) to negotiate and execute all necessary agreements to implement the above funding program."
2952,2025-06-26,Board of Directors - Regular Board Meeting,149323,,45,,,,,,,,0,0,"FINANCE, BUDGET, AND AUDIT COMMITTEE MADE THE FOLLOWING RECOMMENDATION (5-0):"
2952,2025-06-26,Board of Directors - Regular Board Meeting,149324,10,44,11231,2025-0211,Program,APPROVED,Pass,,,0,1,"CONSIDER:

A.	APPROVING programming the Los Angeles County Metropolitan Transportation Authority’s (“Metro”) share of the Southern California Regional Rail Authority’s (SCRRA) Fiscal Year (FY) 2025-26 Operating, Rehabilitation, and Capital Budget in the amount of $216,565,092 as described in Attachment A;

B.	EXTENDING the lapsing dates for funds previously allocated to SCRRA for State of Good Repair (SGR) and capital project Memoranda of Understanding (MOUs) as follows:

·	Ticket Vending "
2952,2025-06-26,Board of Directors - Regular Board Meeting,149325,,43,,,,,,,,0,0,"FINANCE, BUDGET, AND AUDIT COMMITTEE MADE THE FOLLOWING RECOMMENDATION (5-0):"
2952,2025-06-26,Board of Directors - Regular Board Meeting,149326,9,42,11422,2025-0403,Resolution,ADOPTED,Pass,,,0,1,"ADOPT:

A.	Findings and Recommendations (Attachment A) for allocating fiscal year 2026 (FY26), Transportation Development Act (TDA) Article 8 funds estimated (Attachment B) at $33,368,313 as follows:

1.	In the City of Avalon, there are no unmet transit needs that are reasonable to meet. Therefore, TDA Article 8 funds in the amount of $156,044 may be used for street and road projects or transit projects;

2.	In the Cities of Lancaster and Palmdale, there are no unmet transit needs that are"
2952,2025-06-26,Board of Directors - Regular Board Meeting,149327,,41,,,,,,,,0,0,"FINANCE, BUDGET, AND AUDIT COMMITTEE MADE THE FOLLOWING RECOMMENDATION (4-0):"
2952,2025-06-26,Board of Directors - Regular Board Meeting,149328,8,39,11312,2025-0292,Formula Allocation / Local Return,APPROVED,Pass,,,0,1,"CONSIDER:

A.	ESTABLISHING new Local Return funded Capital Reserve Accounts for the Cities of Hidden Hills (Measure M), Lakewood (Proposition C and Measure M), Long Beach (Proposition C), and amend the existing accounts for the Cities of Industry (Proposition A), Lynwood (Proposition A), South Pasadena (Proposition C, Measure R and Measure M), and Whittier (Proposition C) (Attachment A); and

B.	AUTHORIZING the Chief Executive Officer to negotiate and execute all necessary agreements between"
2952,2025-06-26,Board of Directors - Regular Board Meeting,149329,,38,,,,,,,,0,0,"FINANCE, BUDGET, AND AUDIT COMMITTEE MADE THE FOLLOWING RECOMMENDATION (4-0):"
2952,2025-06-26,Board of Directors - Regular Board Meeting,149330,7,37,11262,2025-0242,Program,APPROVED,Pass,,,0,1,"AUTHORIZE the Chief Executive Officer to negotiate and purchase Public Entity excess liability policies with up to $300 million in limits at a not-to-exceed premium of $29.8 million for the 12-month period effective August 1, 2025, to August 1, 2026."
2952,2025-06-26,Board of Directors - Regular Board Meeting,149331,,36,,,,,,,,0,0,"FINANCE, BUDGET, AND AUDIT COMMITTEE MADE THE FOLLOWING RECOMMENDATION (4-0):"
2952,2025-06-26,Board of Directors - Regular Board Meeting,149332,6,34,11346,2025-0326,Agreement,APPROVED,Pass,,,0,1,"AUTHORIZE the Chief Executive Officer (CEO), or their designee, to execute three 5-year license agreements commencing August 1, 2025, with American Tower Corporation dba SpectraSite Communications, LLC; with up to three additional five-year options for each site for microwave radio stations located at the following sites: 

·	5 Mt. Lukens Road, Tujunga - at an initial rate of approximately $7,617.47 per month with 3.5% annual escalations, plus utilities, for a total estimated amount of $2,678,"
2952,2025-06-26,Board of Directors - Regular Board Meeting,149333,,81,,,,,,,,0,0,
2952,2025-06-26,Board of Directors - Regular Board Meeting,149336,26,67,11139,2025-0119,Contract,APPROVED,Pass,,,0,1,"AUTHORIZE the Chief Executive Officer to award a 24-month, firm-fixed-price contract, Contract OP125440000 to Crosstown Electrical & Data, Inc. for General Contractor (GC) Services for the Interstate 710 (I-710) Integrated Corridor Management (ICM) Project in the amount of $22,561,793.53, subject to the resolution of any properly submitted protest(s), if any."
2952,2025-06-26,Board of Directors - Regular Board Meeting,149337,15,54,11343,2025-0323,Program,APPROVED,Pass,,,0,1,"CONSIDER: 

A.	APPROVING:

1.	Programming an additional $12,321,943 within the capacity of Measure M Multi-Year Subregional Program (MSP) - Active Transportation Program (expenditure line 54), as shown in Attachment A;

2.	Programming an additional $24,181,572 of Measure M MSP - First/Last Mile and Complete Streets Program (expenditure line 59), including inter-program borrowing of $6,579,127 from the Measure M MSP - Active Transportation Program, as shown in Attachment B; 

3.	Deobligating $50,"
2952,2025-06-26,Board of Directors - Regular Board Meeting,149338,,53,,,,,,,,0,0,PLANNING AND PROGRAMMING COMMITTEE MADE THE FOLLOWING RECOMMENDATION (4-0):
2952,2025-06-26,Board of Directors - Regular Board Meeting,149339,14,52,11341,2025-0321,Program,APPROVED,Pass,,,0,1,"CONSIDER:  
  
A.	APPROVING $12,519,439 in additional programming within the capacity of Measure R Multimodal Highway Subregional Programs and funding changes via the updated project list shown in Attachment A. Projects within this Measure R Multimodal Highway Subregional Program include traffic signal, pedestrian, bicycle, transit, and roadway improvements; 
  
B.	APPROVING the deobligation of $4,140,439 in previously approved Measure R Multimodal Highway Subregional Program funds to re-all"
2952,2025-06-26,Board of Directors - Regular Board Meeting,149340,,51,,,,,,,,0,0,PLANNING AND PROGRAMMING COMMITTEE MADE THE FOLLOWING RECOMMENDATION (4-0):
2952,2025-06-26,Board of Directors - Regular Board Meeting,149341,,66,,,,,,,,0,0,"OPERATIONS, SAFETY, AND CUSTOMER EXPERIENCE COMMITTEE MADE THE FOLLOWING RECOMMENDATION (4-0):"
2952,2025-06-26,Board of Directors - Regular Board Meeting,149343,25,65,11394,2025-0374,Contract,APPROVED,Pass,,,0,0,"CONSIDER:

A.	AUTHORIZING the Chief Executive Officer to increase authorized funding for Contract No. PS89856000 with Kal Krishnan Consulting Services/Triunity Engineering and Management Joint Venture (KTJV), for pending and future Contract Work Orders to continue to provide Program Control Support Services (PCSS) in an amount Not-To-Exceed (NTE) $35,000,000, increasing the current authorized funding limit for the base contract from $50,000,000 to $85,000,000 through FY28; and 

B.	EXECUTING"
2952,2025-06-26,Board of Directors - Regular Board Meeting,149344,,57,,,,,,,,0,0,CONSTRUCTION COMMITTEE MADE THE FOLLOWING RECOMMENDATION (3-0):
2952,2025-06-26,Board of Directors - Regular Board Meeting,149346,17,56,11276,2025-0256,Contract,APPROVED,Pass,,,0,1,"AUTHORIZE the Chief Executive Officer (CEO) to execute Modification No. 2 to Contract No. PS108564000 with McKinsey & Company, Inc. (McKinsey) to continue to provide consultant support services for hiring process improvements, continuous job classification analysis, planning and recruitment, employee retention enhancements and internal customer-centric training and development, in an amount Not-To-Exceed (NTE) $5,410,000, increasing the contract value from $3,975,000 to $9,385,000 and extending "
2952,2025-06-26,Board of Directors - Regular Board Meeting,149347,,55,,,,,,,,0,0,EXECUTIVE MANAGEMENT COMMITTEE MADE THE FOLLOWING RECOMMENDATION (4-0):
2952,2025-06-26,Board of Directors - Regular Board Meeting,149348,,64,,,,,,,,0,0,CONSTRUCTION COMMITTEE MADE THE FOLLOWING RECOMMENDATION (3-0):
2952,2025-06-26,Board of Directors - Regular Board Meeting,149349,24,63,11426,2025-0407,Informational Report,RECEIVED AND FILED,Pass,,,0,1,"AUTHORIZE the Chief Executive Officer (CEO) or her designee to:

A.	EXECUTE Utility Reimbursement Agreements with Level 3 Communications and Centurylink Communications to accommodate Metro’s ongoing Projects; and 

B.	NEGOTIATE and execute similar as-needed Utility Agreements with other communication company owners to accommodate Metro’s ongoing Projects."
2952,2025-06-26,Board of Directors - Regular Board Meeting,149350,,62,,,,,,,,0,0,CONSTRUCTION COMMITTEE MADE THE FOLLOWING RECOMMENDATION (3-0):
2952,2025-06-26,Board of Directors - Regular Board Meeting,149351,23,61,11265,2025-0245,Contract,APPROVED,Pass,,,0,0,"AUTHORIZE the Chief Executive Officer (CEO) to:  

A.	EXECUTE Modification No. 00003 to Contract No. PS77530000 with ICF Jones & Stokes Inc. to exercise the two, one-year options, for a Not-To-Exceed (NTE) amount of $1,924,174.53 and $1,760,892.27 respectively, for a total NTE amount for the options of $3,685,066.80, increasing the total contract value from the initial NTE amount of $14,166,384.73 to a total NTE amount of $17,851,451.53, and extend the term of the contract from December 1, 2025 "
2952,2025-06-26,Board of Directors - Regular Board Meeting,149352,,60,,,,,,,,0,0,CONSTRUCTION COMMITTEE MADE THE FOLLOWING RECOMMENDATION (3-0):
2952,2025-06-26,Board of Directors - Regular Board Meeting,149354,22,58,11259,2025-0239,Contract,APPROVED,Pass,,,0,0,"AUTHORIZE the Chief Executive Officer to:

A.	AWARD a cost plus fixed fee Indefinite Delivery/Indefinite Quantity Contract No. AE128314E0132 to HNTB Corporation for Supplemental Engineering Services (SES) for Capital Improvement Projects for a term of five years for a Not To Exceed (NTE) amount of $70,000,000, subject to the resolution of any properly submitted protest(s), if any; and

B.	EXECUTE Task Orders and modifications within the Board approved contract amount."
2952,2025-06-26,Board of Directors - Regular Board Meeting,149356,32,80,11183,2025-0163,Appointment,APPROVED,Pass,,,0,1,"APPROVE nominees for membership on Metro’s San Fernando Valley, San Gabriel Valley, South Bay Cities, and Westside Central Service Councils (Attachment A)."
2952,2025-06-26,Board of Directors - Regular Board Meeting,149359,,79,,,,,,,,0,0,"OPERATIONS, SAFETY, AND CUSTOMER EXPERIENCE COMMITTEE MADE THE FOLLOWING RECOMMENDATION (4-0):"
2952,2025-06-26,Board of Directors - Regular Board Meeting,149360,31,78,11360,2025-0340,Contract,APPROVED,Pass,,,0,1,"AUTHORIZE the Chief Executive Officer to award a firm fixed unit price contract, Contract No. TS127584000 to Dellner, Inc. for the P3010 Light Rail Vehicle (LRV) Coupler Overhaul, in an amount Not-To-Exceed (NTE) $8,792,530.00, for a period of 60 months from issuance of a Notice to Proceed, subject to the resolution of any properly submitted protest(s), if any."
2952,2025-06-26,Board of Directors - Regular Board Meeting,149361,,77,,,,,,,,0,0,"OPERATIONS, SAFETY, AND CUSTOMER EXPERIENCE COMMITTEE MADE THE FOLLOWING RECOMMENDATION (4-0):"
2952,2025-06-26,Board of Directors - Regular Board Meeting,149362,30,76,11355,2025-0335,Contract,APPROVED,Pass,,,0,1,"AUTHORIZE the Chief Executive Officer to execute contract modifications for five Freeway Service Patrol (FSP) contracts in an aggregate amount of $29,812,000, thereby increasing the contract amounts from $65,587,148.98 to $95,399,148.98, and extending the current period of performance with individual amounts as follows: 
 
·	Beat 9: Sonic Towing, Inc. Contract No. FS66316003-9, for $373,000 for up to 7 months, increasing the total contract amount from $4,141,753 to $4,514,753;  

·	Beat 60: Free"
2952,2025-06-26,Board of Directors - Regular Board Meeting,149363,,75,,,,,,,,0,0,"OPERATIONS, SAFETY, AND CUSTOMER EXPERIENCE COMMITTEE MADE THE FOLLOWING RECOMMENDATION (4-0):"
2952,2025-06-26,Board of Directors - Regular Board Meeting,149364,29,74,11351,2025-0331,Contract,APPROVED,Pass,,,0,1,"AUTHORIZE the Chief Executive Officer to award a sole-source firm fixed price contract, Contract No. PS128578000 to AGP Technologies, Inc. for the purchase of a centralized real-time monitoring system for the Track and Tunnel Intrusion Detection System (TTIDS)  in the amount of $1,825,000, subject to the resolution of any properly submitted protest(s), if any."
2952,2025-06-26,Board of Directors - Regular Board Meeting,149365,,73,,,,,,,,0,0,"OPERATIONS, SAFETY, AND CUSTOMER EXPERIENCE COMMITTEE MADE THE FOLLOWING RECOMMENDATION (4-0):"
2952,2025-06-26,Board of Directors - Regular Board Meeting,149366,28,71,11295,2025-0275,Contract,APPROVED,Pass,,,0,1,"AUTHORIZE the Chief Executive Officer (CEO) to: 

A.	AWARD a four-year Contract No. PS122845000 to Clever Devices Ltd. to upgrade the ATMS II Computer Aided Dispatch / Automated Vehicle Location (CAD/AVL) System in the amount of $129,760,941, subject to the resolution of any properly submitted protest(s), if any; and

B.	EXECUTE individual contract modifications within the Board-approved contract modification authority."
2952,2025-06-26,Board of Directors - Regular Board Meeting,149367,,70,,,,,,,,0,0,"OPERATIONS, SAFETY, AND CUSTOMER EXPERIENCE COMMITTEE MADE THE FOLLOWING RECOMMENDATION (4-0):"
2952,2025-06-26,Board of Directors - Regular Board Meeting,149368,27,69,11287,2025-0267,Informational Report,RECEIVED AND FILED,Pass,,,0,1,APPROVE the Foothill Extension to Pomona Operating Plan Title VI Service and Fare Equity Analysis (Attachment A).
2952,2025-06-26,Board of Directors - Regular Board Meeting,149369,,68,,,,,,,,0,0,"OPERATIONS, SAFETY, AND CUSTOMER EXPERIENCE COMMITTEE MADE THE FOLLOWING RECOMMENDATION (4-0):"
2952,2025-06-26,Board of Directors - Regular Board Meeting,149370,,28,,,,,,,,0,0,page break
2952,2025-06-26,Board of Directors - Regular Board Meeting,149372,44,21,11563,2025-0544,Motion / Motion Response,WITHDRAWN,,,,0,0,"WITHDRAWN: APPROVE Motion by Horvath and Butts that the Board direct the Chief Executive Officer to:

Prepare an analysis of market demand for a Public-Private Partnership delivery model for the K Line Northern Extension. The analysis shall include, but not be limited to, comprehensive market, commercial, and financial analyses, as well as evaluations of cost, technical achievability, procurement, risk management, capital delivery / schedule factors, and operations of the alignment for a set p"
2952,2025-06-26,Board of Directors - Regular Board Meeting,149373,,30,,,,,,,,0,0,page break
2952,2025-06-26,Board of Directors - Regular Board Meeting,149374,,35,,,,,,,,0,0,page break
2952,2025-06-26,Board of Directors - Regular Board Meeting,149375,,40,,,,,,,,0,0,page break
2952,2025-06-26,Board of Directors - Regular Board Meeting,149377,,72,,,,,,,,0,0,page break
2952,2025-06-26,Board of Directors - Regular Board Meeting,149380,,59,,,,,,,,0,0,page break
2952,2025-06-26,Board of Directors - Regular Board Meeting,149381,,26,,,,,,,,0,0,
2952,2025-06-26,Board of Directors - Regular Board Meeting,149382,42,19,11565,2025-0546,Motion / Motion Response,APPROVED,Pass,,,0,0,"APPROVE Motion by Hahn, Solis, Mitchell, Dupont-Walker, Sandoval, and Bass that the Board direct the Chief Executive Officer to:

A.	Develop a proposal to partner with the Los Angeles Dodgers on opportunities for the organization to better support the Dodger Stadium Express, which may include, but is not limited to:  

1.	A per-ticket transit fee or contribution to help offset service costs; 

2.	A dedicated bus lane or operational improvements to expedite bus service by: 

·	Collaborating with "
2952,2025-06-26,Board of Directors - Regular Board Meeting,149383,43,20,11564,2025-0545,Oral Report / Presentation,RECEIVED,Pass,,,0,0,RECEIVE oral report on demonstration response procedures and legal protocols for Immigration Customs Enforcement Agents.
2952,2025-06-26,Board of Directors - Regular Board Meeting,149387,,25,11575,2025-0556,Motion / Motion Response,APPROVED,Pass,,,0,0,"APPROVE Motion by Hahn, Solis, Mitchell, Horvath, Sandoval, and Dutra that the Board direct the Chief Executive Officer to:

A.	Develop an updated protocol for station closures  ensures that service interruptions  are implemented only when necessary, with clear, timely, and multilingual communication to minimize rider disruption and ensures safety.

B.	Promote Metro’s real-time alerts and encourage riders to subscribe to real-time Metro alerts, helping them stay informed and better navigate serv"
2952,2025-06-26,Board of Directors - Regular Board Meeting,149388,46,24,11327,2025-0307,Contract,APPROVED,Pass,,,0,0,"AUTHORIZE the Chief Executive Officer to:

A.	EXECUTE a new collective bargaining agreement with the International Brotherhood of Teamsters Union (Teamsters) for the Transit Ambassador job classification effective July 1, 2025;

B.	AMEND the FY26 Budget in the amount of $11.8 million for the implementation of the new wages and benefits for the approval of the final collective bargaining agreement; 

C.	ADD 388 contract positions (Teamsters) comprised of 309 Transit Ambassador Program staff"
2952,2025-06-26,Board of Directors - Regular Board Meeting,149389,,22,,,,,,,,0,0,page break
2952,2025-06-26,Board of Directors - Regular Board Meeting,151292,,,,,,APPROVED ON CONSENT CALENDAR,Pass,,,0,1,Approval of the Consent Agenda
3099,2025-02-19,Ad Hoc 2028 Olympic & Paralympic Games Committee,138106,,10,,,,,,,,0,0,CALL TO ORDER
3099,2025-02-19,Ad Hoc 2028 Olympic & Paralympic Games Committee,138107,,11,,,,,,,,0,0,ROLL CALL
3099,2025-02-19,Ad Hoc 2028 Olympic & Paralympic Games Committee,138108,5,12,11068,2025-0048,Policy,,,,,0,0,RECEIVE AND FILE the 2028 Mobility Concept Plan (MCP) Implementation Report Update.
3099,2025-02-19,Ad Hoc 2028 Olympic & Paralympic Games Committee,138131,6,14,11069,2025-0049,Oral Report / Presentation,,,,,0,0,RECEIVE oral report on the Mobility Concept Plan Workstream Highlights.
3099,2025-02-19,Ad Hoc 2028 Olympic & Paralympic Games Committee,138132,,16,11118,2025-0098,Informational Report,,,,,0,0,RECEIVE General Public Comment
3099,2025-02-19,Ad Hoc 2028 Olympic & Paralympic Games Committee,138133,,17,,,,,,,,0,0,"Consideration of items not on the posted agenda, including: items to be presented and (if requested) referred to staff; items to be placed on the agenda for action at a future meeting of the Committee or Board; and/or items requiring immediate action because of an emergency situation or where the need to take immediate action came to the attention of the Committee subsequent to the posting of the agenda."
3099,2025-02-19,Ad Hoc 2028 Olympic & Paralympic Games Committee,138134,,18,,,,,,,,0,0,COMMENTS FROM THE PUBLIC ON ITEMS OF PUBLIC INTEREST WITHIN COMMITTEE’S SUBJECT MATTER JURISDICTION
3099,2025-02-19,Ad Hoc 2028 Olympic & Paralympic Games Committee,138135,,19,,,,,,,,0,0,Adjournment
3099,2025-02-19,Ad Hoc 2028 Olympic & Paralympic Games Committee,138136,,8,,,,,,,,0,0,"Written public comments must be received by 5PM the day before the meeting.
Please include the Item # in your comment and your position of “FOR,” “AGAINST,” ""GENERAL COMMENT,"" or ""ITEM NEEDS MORE CONSIDERATION.""
Email: BoardClerk@metro.net
Post Office Mail:
Board Administration
One Gateway Plaza
MS: 99-3-1
Los Angeles, CA 90012"
3099,2025-02-19,Ad Hoc 2028 Olympic & Paralympic Games Committee,138137,,7,,,,,,,,0,0,Written Public Comment Instruction:
3099,2025-02-19,Ad Hoc 2028 Olympic & Paralympic Games Committee,138138,,6,,,,,,,,0,0,Los comentarios del público se tomaran cuando se toma cada tema. Para dar un comentario público sobre una tema ingrese # 2 (Tecla de numero y dos) cuando se le solicite. Tenga en cuenta que la transmisión de video en vivo se retrasa unos 30 segundos con respecto a la reunión real. No hay retraso en la línea de acceso telefónico para comentarios públicos.
3099,2025-02-19,Ad Hoc 2028 Olympic & Paralympic Games Committee,138139,,5,,,,,,,,0,0,"Los comentarios publicos en vivo se pueden dar por telefono o en persona.

La Reunion de la Junta comienza a las 10:00 AM, hora del Pacifico, el 19 de Febrero de 2025. Puedes unirte a la llamada 5 minutos antes del comienso de la junta.

Marque: 888-978-8818 y ingrese el codigo
Codigo de acceso en ingles: 5647249#
Codigo de acceso en espanol: 7292892#"
3099,2025-02-19,Ad Hoc 2028 Olympic & Paralympic Games Committee,138140,,4,,,,,,,,0,0,Instrucciones para comentarios publicos en vivo:
3099,2025-02-19,Ad Hoc 2028 Olympic & Paralympic Games Committee,138141,,3,,,,,,,,0,0,"Public comment will be taken as the Board takes up each item. To give public comment on an item, enter #2 (pound-two) when prompted. Please note that the live video feed lags about 30 seconds behind the actual meeting. There is no lag on the public comment dial-in line."
3099,2025-02-19,Ad Hoc 2028 Olympic & Paralympic Games Committee,138142,,2,,,,,,,,0,0,"Live public comment can be given by telephone or in-person.

The Meeting begins at 10:00 AM Pacific Time on February 19, 2025; you may join the call 5 minutes prior to the start of the meeting.

Dial-in: 888-978-8818 and enter
English Access Code: 5647249#
Spanish Access Code: 7292892#"
3099,2025-02-19,Ad Hoc 2028 Olympic & Paralympic Games Committee,138143,,1,,,,,,,,0,0,Live Public Comment Instructions:
3099,2025-02-19,Ad Hoc 2028 Olympic & Paralympic Games Committee,139813,,9,,,,,,,,0,0,page break
3099,2025-02-19,Ad Hoc 2028 Olympic & Paralympic Games Committee,139877,,15,,,,,,,,0,0,(CARRIED OVER FROM JANUARY'S COMMITTEE CYCLE)
3099,2025-02-19,Ad Hoc 2028 Olympic & Paralympic Games Committee,139878,,13,,,,,,,,0,0,(CARRIED OVER FROM JANUARY'S COMMITTEE CYCLE)
3102,2025-03-05,Measure M Independent Taxpayer Oversight Committee,139952,,10,,,,,,,,0,0,CALL TO ORDER
3102,2025-03-05,Measure M Independent Taxpayer Oversight Committee,139953,,11,,,,,,,,0,0,ROLL CALL
3102,2025-03-05,Measure M Independent Taxpayer Oversight Committee,139954,9,21,11071,2025-0051,Oral Report / Presentation,,,,,0,0,"RECEIVE oral report on Measure M Active Transportation, programmed revenues, and uses to support discussion on the effective and efficient use of funds."
3102,2025-03-05,Measure M Independent Taxpayer Oversight Committee,140334,,22,11173,2025-0153,Informational Report,,,,,0,0,RECEIVE General Public Comment
3102,2025-03-05,Measure M Independent Taxpayer Oversight Committee,140335,,23,,,,,,,,0,0,"Consideration of items not on the posted agenda, including: items to be presented and (if requested) referred to staff; items to be placed on the agenda for action at a future meeting of the Committee or Board; and/or items requiring immediate action because of an emergency situation or where the need to take immediate action came to the attention of the Committee subsequent to the posting of the agenda."
3102,2025-03-05,Measure M Independent Taxpayer Oversight Committee,140336,,24,,,,,,,,0,0,COMMENTS FROM THE PUBLIC ON ITEMS OF PUBLIC INTEREST WITHIN COMMITTEE’S SUBJECT MATTER JURISDICTION
3102,2025-03-05,Measure M Independent Taxpayer Oversight Committee,140337,,25,,,,,,,,0,0,Adjournment
3102,2025-03-05,Measure M Independent Taxpayer Oversight Committee,140339,,9,,,,,,,,0,0,page break
3102,2025-03-05,Measure M Independent Taxpayer Oversight Committee,140340,,8,,,,,,,,0,0,"Written public comments must be received by 5PM the day before the meeting.
Please include the Item # in your comment and your position of “FOR,” “AGAINST,” ""GENERAL COMMENT,"" or ""ITEM NEEDS MORE CONSIDERATION.""
Email: BoardClerk@metro.net
Post Office Mail:
Board Administration
One Gateway Plaza
MS: 99-3-1
Los Angeles, CA 90012"
3102,2025-03-05,Measure M Independent Taxpayer Oversight Committee,140341,,7,,,,,,,,0,0,Written Public Comment Instruction:
3102,2025-03-05,Measure M Independent Taxpayer Oversight Committee,140342,,6,,,,,,,,0,0,"Los comentarios del público se tomaran cuando se toma cada tema. Para dar un comentario público sobre una tema ingrese # 2 (Tecla de numero y dos) cuando se le solicite. Tenga en cuenta que la transmisión de video en vivo se retrasa unos 30 segundos con respecto a la reunión real. No hay retraso en la línea de
acceso telefónico para comentarios públicos."
3102,2025-03-05,Measure M Independent Taxpayer Oversight Committee,140343,,5,,,,,,,,0,0,"Los comentarios publicos en vivo se pueden dar por telefono o en persona.

La Reunion de la Junta comienza a las 10:00 AM, hora del Pacifico, el 5 de Marzo de 2025. Puedes unirte a la llamada 5 minutos antes del comienso de la junta.

Marque: 888-978-8818 y ingrese el codigo
Codigo de acceso en ingles: 5647249#
Codigo de acceso en espanol: 7292892#"
3102,2025-03-05,Measure M Independent Taxpayer Oversight Committee,140344,,4,,,,,,,,0,0,Instrucciones para comentarios publicos en vivo:
3102,2025-03-05,Measure M Independent Taxpayer Oversight Committee,140345,,3,,,,,,,,0,0,"Public comment will be taken as the Board takes up each item. To give public comment on an item, enter #2 (pound-two) when prompted. Please note that the live video feed lags about 30 seconds behind the actual meeting. There is no lag on the public comment dial-in line."
3102,2025-03-05,Measure M Independent Taxpayer Oversight Committee,140346,,2,,,,,,,,0,0,"Live public comment can be given by telephone or in-person.

The Meeting begins at 10:00 AM Pacific Time on March 5, 2025; you may join the call 5 minutes prior to the start of the meeting.

Dial-in: 888-978-8818 and enter
English Access Code: 5647249#
Spanish Access Code: 7292892#"
3102,2025-03-05,Measure M Independent Taxpayer Oversight Committee,140347,,1,,,,,,,,0,0,Live Public Comment Instructions:
3102,2025-03-05,Measure M Independent Taxpayer Oversight Committee,140349,6,17,11081,2025-0061,Oral Report / Presentation,,,,,0,0,RECEIVE oral report on Local Return programmed revenues and uses for Los Angeles County jurisdictions to support discussion on the effective and efficient use of funds.
3102,2025-03-05,Measure M Independent Taxpayer Oversight Committee,140350,5,16,11082,2025-0062,Informational Report,,,,,0,0,RECEIVE oral report on review of the Measure M transit operations budget and countywide bus service metrics to support discussion on the effective and efficient use of funds.
3102,2025-03-05,Measure M Independent Taxpayer Oversight Committee,140351,4,15,11077,2025-0057,Informational Report,,,,,0,0,"RECEIVE AND FILE the Independent Auditor’s Report on:
 
A.	Schedule of Revenues and Expenditures for Measure M Special Revenue Fund for the Fiscal Year ended June 30, 2024, completed by BCA Watson Rice, LLP (BCA);

B.	Compliance with Requirements Applicable to Measure M Ordinance and Measure M Local Return Guidelines for the Fiscal Year ended June 30, 2024, completed by Vasquez & Company, LLP (Vasquez); and

C.	Compliance with Requirements Applicable to Measure M Ordinance and Measure M Lo"
3102,2025-03-05,Measure M Independent Taxpayer Oversight Committee,140352,2,13,11172,2025-0152,Minutes,,,,,0,0,"APPROVE Minutes of the Measure M Independent Taxpayer Oversight Committee Meeting held December 11, 2024."
3102,2025-03-05,Measure M Independent Taxpayer Oversight Committee,140353,1,12,11094,2025-0074,Oral Report / Presentation,,,,,0,0,RECEIVE remarks by the Chair.
3102,2025-03-05,Measure M Independent Taxpayer Oversight Committee,140354,7,18,10874,2024-1019,Oral Report / Presentation,,,,,0,0,RECEIVE oral report on State of Good Repair budget and expenses.
3102,2025-03-05,Measure M Independent Taxpayer Oversight Committee,140355,8,19,11080,2025-0060,Oral Report / Presentation,,,,,0,0,RECEIVE oral report on Transit and Highway Capital Projects to support discussion on the effective and efficient use of funds.
3102,2025-03-05,Measure M Independent Taxpayer Oversight Committee,140590,3,14,11196,2025-0176,Oral Report / Presentation,,,,,0,0,RECEIVE oral report on cost-benefit analysis for Metro capital projects.
3102,2025-03-05,Measure M Independent Taxpayer Oversight Committee,140591,,20,,,,,,,,0,0,page break
3103,2025-03-05,Independent Citizen's Advisory and Oversight Committee,140423,,10,,,,,,,,0,0,CALL TO ORDER
3103,2025-03-05,Independent Citizen's Advisory and Oversight Committee,140424,,11,,,,,,,,0,0,ROLL CALL
3103,2025-03-05,Independent Citizen's Advisory and Oversight Committee,140425,5,17,11121,2025-0101,Oral Report / Presentation,,,,,0,0,RECEIVE oral report on Local Return programmed revenues and uses for Los Angeles County jurisdictions to support discussion on the effective and efficient use of funds.
3103,2025-03-05,Independent Citizen's Advisory and Oversight Committee,140489,,19,11201,2025-0181,Informational Report,,,,,0,0,RECEIVE General Public Comment
3103,2025-03-05,Independent Citizen's Advisory and Oversight Committee,140490,,20,,,,,,,,0,0,"Consideration of items not on the posted agenda, including: items to be presented and (if requested) referred to staff; items to be placed on the agenda for action at a future meeting of the Committee or Board; and/or items requiring immediate action because of an emergency situation or where the need to take immediate action came to the attention of the Committee subsequent to the posting of the agenda."
3103,2025-03-05,Independent Citizen's Advisory and Oversight Committee,140491,,21,,,,,,,,0,0,COMMENTS FROM THE PUBLIC ON ITEMS OF PUBLIC INTEREST WITHIN COMMITTEE’S SUBJECT MATTER JURISDICTION
3103,2025-03-05,Independent Citizen's Advisory and Oversight Committee,140492,,22,,,,,,,,0,0,Adjournment
3103,2025-03-05,Independent Citizen's Advisory and Oversight Committee,140493,4,15,11088,2025-0068,Informational Report,,,,,0,0,"RECEIVE AND FILE the Independent Auditor’s Report on:
 
A.	Schedules of Revenues and Expenditures for Proposition A and Proposition C Special Revenue Funds for the Fiscal Year ended June 30, 2024, completed by BCA Watson Rice, LLP (BCA);

B.	Compliance with Requirements Applicable to Proposition A and Proposition C Ordinances and Local Return Guidelines for the Fiscal Year ended June 30, 2024, completed by Vasquez & Company, LLP (Vasquez); and

C.	Compliance with Requirements Applicable to"
3103,2025-03-05,Independent Citizen's Advisory and Oversight Committee,140494,,9,,,,,,,,0,0,page break
3103,2025-03-05,Independent Citizen's Advisory and Oversight Committee,140495,,8,,,,,,,,0,0,"Written public comments must be received by 5PM the day before the meeting.
Please include the Item # in your comment and your position of “FOR,” “AGAINST,” ""GENERAL COMMENT,"" or ""ITEM NEEDS MORE CONSIDERATION.""
Email: BoardClerk@metro.net
Post Office Mail:
Board Administration
One Gateway Plaza
MS: 99-3-1
Los Angeles, CA 90012"
3103,2025-03-05,Independent Citizen's Advisory and Oversight Committee,140496,,7,,,,,,,,0,0,Written Public Comment Instruction:
3103,2025-03-05,Independent Citizen's Advisory and Oversight Committee,140497,,6,,,,,,,,0,0,"Los comentarios del público se tomaran cuando se toma cada tema. Para dar un comentario público sobre una tema ingrese # 2 (Tecla de numero y dos) cuando se le solicite. Tenga en cuenta que la transmisión de video en vivo se retrasa unos 30 segundos con respecto a la reunión real. No hay retraso en la línea de
acceso telefónico para comentarios públicos."
3103,2025-03-05,Independent Citizen's Advisory and Oversight Committee,140498,,5,,,,,,,,0,0,"Los comentarios publicos en vivo se pueden dar por telefono o en persona.

La Reunion de la Junta comienza a las 2:00 PM, hora del Pacifico, el 5 de Marzo de 2025. Puedes unirte a la llamada 5 minutos antes del comienso de la junta.

Marque: 888-978-8818 y ingrese el codigo
Codigo de acceso en ingles: 5647249#
Codigo de acceso en espanol: 7292892#"
3103,2025-03-05,Independent Citizen's Advisory and Oversight Committee,140499,,4,,,,,,,,0,0,Instrucciones para comentarios publicos en vivo:
3103,2025-03-05,Independent Citizen's Advisory and Oversight Committee,140500,,3,,,,,,,,0,0,"Public comment will be taken as the Board takes up each item. To give public comment on an item, enter #2 (pound-two) when prompted. Please note that the live video feed lags about 30 seconds behind the actual meeting. There is no lag on the public comment dial-in line."
3103,2025-03-05,Independent Citizen's Advisory and Oversight Committee,140501,,2,,,,,,,,0,0,"Live public comment can be given by telephone and in-person.

The Committee Meeting begins at 2:00 PM Pacific Time on March 5, 2025; you may join the call 5 minutes prior to the start of the meeting.

Dial-in: 888-978-8818 and enter
English Access Code: 5647249#
Spanish Access Code: 7292892#"
3103,2025-03-05,Independent Citizen's Advisory and Oversight Committee,140502,,1,,,,,,,,0,0,Live Public Comment Instructions:
3103,2025-03-05,Independent Citizen's Advisory and Oversight Committee,140503,2,13,11179,2025-0159,Minutes,,,,,0,0,"APPROVE Minutes of Meeting held March 6, 2024."
3103,2025-03-05,Independent Citizen's Advisory and Oversight Committee,140504,1,12,11096,2025-0076,Oral Report / Presentation,,,,,0,0,RECEIVE remarks by the Chair.
3103,2025-03-05,Independent Citizen's Advisory and Oversight Committee,140505,6,18,11135,2025-0115,Oral Report / Presentation,,,,,0,0,RECEIVE an oral report and live demonstration of the My Metro Budget Activity.
3103,2025-03-05,Independent Citizen's Advisory and Oversight Committee,140506,,16,,,,,,,,0,0,
3103,2025-03-05,Independent Citizen's Advisory and Oversight Committee,140593,3,14,11196,2025-0176,Oral Report / Presentation,,,,,0,0,RECEIVE oral report on cost-benefit analysis for Metro capital projects.
3104,2025-03-05,Measure R Independent Taxpayer Oversight Committee,140358,,10,,,,,,,,0,0,CALL TO ORDER
3104,2025-03-05,Measure R Independent Taxpayer Oversight Committee,140359,,11,,,,,,,,0,0,ROLL CALL
3104,2025-03-05,Measure R Independent Taxpayer Oversight Committee,140360,6,18,11134,2025-0114,Oral Report / Presentation,,,,,0,0,RECEIVE an oral report and provide a live demonstration of the My Metro Budget Activity.
3104,2025-03-05,Measure R Independent Taxpayer Oversight Committee,140406,,19,11176,2025-0156,Informational Report,,,,,0,0,RECEIVE General Public Comment
3104,2025-03-05,Measure R Independent Taxpayer Oversight Committee,140407,,20,,,,,,,,0,0,"Consideration of items not on the posted agenda, including: items to be presented and (if requested) referred to staff; items to be placed on the agenda for action at a future meeting of the Committee or Board; and/or items requiring immediate action because of an emergency situation or where the need to take immediate action came to the attention of the Committee subsequent to the posting of the agenda."
3104,2025-03-05,Measure R Independent Taxpayer Oversight Committee,140408,,21,,,,,,,,0,0,COMMENTS FROM THE PUBLIC ON ITEMS OF PUBLIC INTEREST WITHIN COMMITTEE’S SUBJECT MATTER JURISDICTION
3104,2025-03-05,Measure R Independent Taxpayer Oversight Committee,140409,,22,,,,,,,,0,0,Adjournment
3104,2025-03-05,Measure R Independent Taxpayer Oversight Committee,140410,,8,,,,,,,,0,0,"Written public comments must be received by 5PM the day before the meeting.
Please include the Item # in your comment and your position of “FOR,” “AGAINST,” ""GENERAL COMMENT,"" or ""ITEM NEEDS MORE CONSIDERATION.""
Email: BoardClerk@metro.net
Post Office Mail:
Board Administration
One Gateway Plaza
MS: 99-3-1
Los Angeles, CA 90012"
3104,2025-03-05,Measure R Independent Taxpayer Oversight Committee,140411,,7,,,,,,,,0,0,Written Public Comment Instruction:
3104,2025-03-05,Measure R Independent Taxpayer Oversight Committee,140412,,6,,,,,,,,0,0,Los comentarios del público se tomaran cuando se toma cada tema. Para dar un comentario público sobre una tema ingrese # 2 (Tecla de numero y dos) cuando se le solicite. Tenga en cuenta que la transmisión de video en vivo se retrasa unos 30 segundos con respecto a la reunión real. No hay retraso en la línea de acceso telefónico para comentarios públicos.
3104,2025-03-05,Measure R Independent Taxpayer Oversight Committee,140413,,5,,,,,,,,0,0,"Los comentarios publicos en vivo se pueden dar por telefono o en persona.

La Reunion de la Junta comienza a las 1:00 PM, hora del Pacifico, el 5 de Marzo de 2025. Puedes unirte a la llamada 5 minutos antes del comienso de la junta.

Marque: 888-978-8818 y ingrese el codigo
Codigo de acceso en ingles: 5647249#
Codigo de acceso en espanol: 7292892#"
3104,2025-03-05,Measure R Independent Taxpayer Oversight Committee,140414,,4,,,,,,,,0,0,Instrucciones para comentarios publicos en vivo:
3104,2025-03-05,Measure R Independent Taxpayer Oversight Committee,140415,,3,,,,,,,,0,0,"Public comment will be taken as the Board takes up each item. To give public comment on an item, enter #2 (pound-two) when prompted. Please note that the live video feed lags about 30 seconds behind the actual meeting. There is no lag on the public comment dial-in line."
3104,2025-03-05,Measure R Independent Taxpayer Oversight Committee,140416,,2,,,,,,,,0,0,"Live public comment can be given by telephone or in-person.

The Meeting begins at 1:00 PM Pacific Time on March 5, 2025; you may join the call 5 minutes prior to the start of the meeting.

Dial-in: 888-978-8818 and enter
English Access Code: 5647249#
Spanish Access Code: 7292892#"
3104,2025-03-05,Measure R Independent Taxpayer Oversight Committee,140417,,1,,,,,,,,0,0,Live Public Comment Instructions:
3104,2025-03-05,Measure R Independent Taxpayer Oversight Committee,140418,2,13,11175,2025-0155,Minutes,,,,,0,0,"APPROVE Minutes of the Measure R Independent Taxpayer Oversight Committee Meeting held March 7, 2024."
3104,2025-03-05,Measure R Independent Taxpayer Oversight Committee,140419,,9,,,,,,,,0,0,page break
3104,2025-03-05,Measure R Independent Taxpayer Oversight Committee,140420,1,12,11095,2025-0075,Oral Report / Presentation,,,,,0,0,RECEIVE remarks by the Chair.
3104,2025-03-05,Measure R Independent Taxpayer Oversight Committee,140421,5,17,11120,2025-0100,Oral Report / Presentation,,,,,0,0,RECEIVE oral report on Local Return programmed revenues and uses for Los Angeles County jurisdictions to support discussion on the effective and efficient use of funds.
3104,2025-03-05,Measure R Independent Taxpayer Oversight Committee,140422,4,15,11078,2025-0058,Informational Report,,,,,0,0,"RECEIVE AND FILE the Independent Auditor’s Report on:

A.	Schedule of Revenues and Expenditures for Measure R Special Revenue Fund for the Fiscal Year ended June 30, 2024 (Attachment A) completed by BCA Watson Rice, LLP (BCA);

B.	Compliance with Requirements Applicable to Measure R Ordinance and Measure R Local Return Guidelines for the Fiscal Year ended June 30, 2024 (Attachment B) completed by Vasquez & Company, LLP (Vasquez); and

C.	Compliance with Requirements Applicable to Measure R"
3104,2025-03-05,Measure R Independent Taxpayer Oversight Committee,140507,,16,,,,,,,,0,0,
3104,2025-03-05,Measure R Independent Taxpayer Oversight Committee,140592,3,14,11196,2025-0176,Oral Report / Presentation,,,,,0,0,RECEIVE oral report on cost-benefit analysis for Metro capital projects.
3156,2025-06-18,"Finance, Budget and Audit Committee",147260,,1,,,,,,,,0,0,Live Public Comment Instructions:
3156,2025-06-18,"Finance, Budget and Audit Committee",147261,,2,,,,,,,,0,0,"Live public comment can be given by telephone or in-person.

The Meeting begins at 9:00 AM Pacific Time on June 18, 2025; you may join the call 5 minutes prior to the start of the meeting.

Dial-in: 888-978-8818 and enter
English Access Code: 5647249#
Spanish Access Code: 7292892#"
3156,2025-06-18,"Finance, Budget and Audit Committee",147262,,3,,,,,,,,0,0,"Public comment will be taken as the Board takes up each item. To give public  comment on an item, enter #2 (pound-two) when prompted. Please note that the live video feed lags about 30 seconds behind the actual meeting. There is no lag on the  public comment dial-in line."
3156,2025-06-18,"Finance, Budget and Audit Committee",147263,,4,,,,,,,,0,0,Instrucciones para comentarios publicos en vivo:
3156,2025-06-18,"Finance, Budget and Audit Committee",147264,,5,,,,,,,,0,0,"Los comentarios publicos en vivo se pueden dar por telefono o en persona.

La Reunion de la Junta comienza a las 9:00 AM, hora del Pacifico, el 18 de Junio de 2025.
Puedes unirte a la llamada 5 minutos antes del comienso de la junta.

Marque: 888-978-8818 y ingrese el codigo
Codigo de acceso en ingles: 5647249#
Codigo de acceso en espanol: 7292892#"
3156,2025-06-18,"Finance, Budget and Audit Committee",147265,,6,,,,,,,,0,0,Los comentarios del público se tomaran cuando se toma cada tema. Para dar un  comentario público sobre una tema ingrese # 2 (Tecla de numero y dos) cuando se le  solicite. Tenga en cuenta que la transmisión de video en vivo se retrasa unos 30  segundos con respecto a la reunión real. No hay retraso en la línea de acceso telefónico para comentarios públicos.
3156,2025-06-18,"Finance, Budget and Audit Committee",147266,,7,,,,,,,,0,0,Written Public Comment Instruction:
3156,2025-06-18,"Finance, Budget and Audit Committee",147267,,8,,,,,,,,0,0,"Written public comments must be received by 5PM the day before the meeting.
Please include the Item # in your comment and your position of “FOR,” “AGAINST,” ""GENERAL COMMENT,"" or ""ITEM NEEDS MORE CONSIDERATION.""
Email: BoardClerk@metro.net
Post Office Mail:
Board Administration
One Gateway Plaza
MS: 99-3-1
Los Angeles, CA 90012"
3156,2025-06-18,"Finance, Budget and Audit Committee",147268,,9,,,,,,,,0,0,page break
3156,2025-06-18,"Finance, Budget and Audit Committee",147269,,10,,,,,,,,0,0,CALL TO ORDER
3156,2025-06-18,"Finance, Budget and Audit Committee",147270,,11,,,,,,,,0,0,ROLL CALL
3156,2025-06-18,"Finance, Budget and Audit Committee",147535,,30,11520,2025-0501,Informational Report,,,,,0,0,RECEIVE General Public Comment
3156,2025-06-18,"Finance, Budget and Audit Committee",147536,,31,,,,,,,,0,0,"Consideration of items not on the posted agenda, including: items to be presented and (if requested) referred to staff; items to be placed on the agenda for action at a future meeting of the Committee or Board; and/or items requiring immediate action because of an emergency situation or where the need to take immediate action came to the attention of the Committee subsequent to the posting of the agenda."
3156,2025-06-18,"Finance, Budget and Audit Committee",147537,,32,,,,,,,,0,0,COMMENTS FROM THE PUBLIC ON ITEMS OF PUBLIC INTEREST WITHIN COMMITTEE’S SUBJECT MATTER JURISDICTION
3156,2025-06-18,"Finance, Budget and Audit Committee",147538,,33,,,,,,,,0,0,Adjournment
3156,2025-06-18,"Finance, Budget and Audit Committee",149156,,13,,,,,,,,0,0,CONSENT CALENDAR
3156,2025-06-18,"Finance, Budget and Audit Committee",149157,,12,,,,,,,,0,0,"APPROVE Consent Calendar Items: 6, 7, 8, and 9.

Consent Calendar items are approved by one motion unless held by a Director for discussion and/or separate action."
3156,2025-06-18,"Finance, Budget and Audit Committee",149158,,29,,,,,,,,0,0,
3156,2025-06-18,"Finance, Budget and Audit Committee",149159,,28,,,,,,,,0,0,
3156,2025-06-18,"Finance, Budget and Audit Committee",149160,,20,,,,,,,,0,0,NON-CONSENT
3156,2025-06-18,"Finance, Budget and Audit Committee",149161,9,18,11422,2025-0403,Resolution,,,,,0,0,"ADOPT:

A.	Findings and Recommendations (Attachment A) for allocating fiscal year 2026 (FY26), Transportation Development Act (TDA) Article 8 funds estimated (Attachment B) at $33,368,313 as follows:

1.	In the City of Avalon, there are no unmet transit needs that are reasonable to meet. Therefore, TDA Article 8 funds in the amount of $156,044 may be used for street and road projects or transit projects;

2.	In the Cities of Lancaster and Palmdale, there are no unmet transit needs that are"
3156,2025-06-18,"Finance, Budget and Audit Committee",149174,8,17,11312,2025-0292,Formula Allocation / Local Return,,,,,0,0,"CONSIDER:

A.	ESTABLISHING new Local Return funded Capital Reserve Accounts for the Cities of Hidden Hills (Measure M), Lakewood (Proposition C and Measure M), Long Beach (Proposition C), and amend the existing accounts for the Cities of Industry (Proposition A), Lynwood (Proposition A), South Pasadena (Proposition C, Measure R and Measure M), and Whittier (Proposition C) (Attachment A); and

B.	AUTHORIZING the Chief Executive Officer to negotiate and execute all necessary agreements between"
3156,2025-06-18,"Finance, Budget and Audit Committee",149175,7,16,11262,2025-0242,Program,,,,,0,0,"AUTHORIZE the Chief Executive Officer to negotiate and purchase Public Entity excess liability policies with up to $300 million in limits at a not-to-exceed premium of $29.8 million for the 12-month period effective August 1, 2025, to August 1, 2026."
3156,2025-06-18,"Finance, Budget and Audit Committee",149176,6,14,11346,2025-0326,Agreement,,,,,0,0,"AUTHORIZE the Chief Executive Officer (CEO), or their designee, to execute three 5-year license agreements commencing August 1, 2025, with American Tower Corporation dba SpectraSite Communications, LLC; with up to three additional five-year options for each site for microwave radio stations located at the following sites: 

·	5 Mt. Lukens Road, Tujunga - at an initial rate of approximately $7,617.47 per month with 3.5% annual escalations, plus utilities, for a total estimated amount of $2,678,"
3156,2025-06-18,"Finance, Budget and Audit Committee",149177,,27,,,,,,,,0,0,
3156,2025-06-18,"Finance, Budget and Audit Committee",149179,12,24,11423,2025-0404,Budget,,,,,0,0,"CONSIDER:

A.	APPROVING $2.9 billion in Fiscal Year 2025-26 (FY26) Transit Fund Allocations for Los Angeles County jurisdictions, transit operators, and Metro Operations as shown in Attachment A. These allocations comply with federal, state, and local regulations and Metro Board approved policies and guidelines. Federal and state fund allocations are subject to actual fund apportionments;

B.	APPROVING fund exchanges in the estimated amount of $3,140,305 of Metro’s Transportation Development"
3156,2025-06-18,"Finance, Budget and Audit Committee",149180,11,23,11417,2025-0398,Budget,,,,,0,0,"CONSIDER:

A.  APPROVING local funding request for Access Services (Access) in an amount not to exceed $203,170,329 for FY26. This amount includes:

·	Local funds for operating and capital expenses in the amount of $200,482,112

·	Local funds paid directly to Metrolink for its participation in Access’ Free Fare Program in the amount of $2,688,217; and

B.  AUTHORIZING the Chief Executive Officer (CEO) to negotiate and execute all necessary agreements to implement the above funding program."
3156,2025-06-18,"Finance, Budget and Audit Committee",149181,10,21,11231,2025-0211,Program,,,,,0,0,"CONSIDER:

A.	APPROVING programming the Los Angeles County Metropolitan Transportation Authority’s (“Metro”) share of the Southern California Regional Rail Authority’s (SCRRA) Fiscal Year (FY) 2025-26 Operating, Rehabilitation, and Capital Budget in the amount of $216,565,092 as described in Attachment A;

B.	EXTENDING the lapsing dates for funds previously allocated to SCRRA for State of Good Repair (SGR) and capital project Memoranda of Understanding (MOUs) as follows:

·	Ticket Vending "
3156,2025-06-18,"Finance, Budget and Audit Committee",149252,13,26,11400,2025-0381,Program,,,,,0,0,"CONSIDER:

A.	RECEIVING AND FILING status report on the Workplan to Address the Fiscal Cliff; and

B.	ADOPTING the Principles for Addressing the Fiscal Cliff (Attachment A)."
3156,2025-06-18,"Finance, Budget and Audit Committee",149288,,15,,,,,,,,0,0,page break
3156,2025-06-18,"Finance, Budget and Audit Committee",149289,,19,,,,,,,,0,0,page break
3156,2025-06-18,"Finance, Budget and Audit Committee",149290,,22,,,,,,,,0,0,page break
3156,2025-06-18,"Finance, Budget and Audit Committee",149291,,25,,,,,,,,0,0,page break
3157,2025-06-18,Planning and Programming Committee,147540,,1,,,,,,,,0,0,Live Public Comment Instructions:
3157,2025-06-18,Planning and Programming Committee,147541,,2,,,,,,,,0,0,"Live public comment can be given by telephone or in-person.

The Meeting begins at 10:00 AM Pacific Time on June 18, 2025; you may join the call 5 minutes prior to the start of the meeting.

Dial-in: 888-978-8818 and enter
English Access Code: 5647249#
Spanish Access Code: 7292892#"
3157,2025-06-18,Planning and Programming Committee,147542,,3,,,,,,,,0,0,"Public comment will be taken as the Board takes up each item. To give public  comment on an item, enter #2 (pound-two) when prompted. Please note that the live  video feed lags about 30 seconds behind the actual meeting. There is no lag on the  public comment dial-in line."
3157,2025-06-18,Planning and Programming Committee,147543,,4,,,,,,,,0,0,Instrucciones para comentarios publicos en vivo:
3157,2025-06-18,Planning and Programming Committee,147544,,5,,,,,,,,0,0,"Los comentarios publicos en vivo se pueden dar por telefono o en persona.

La Reunion de la Junta comienza a las 10:00 AM, hora del Pacifico, el 18 de Junio de 2025.
Puedes unirte a la llamada 5 minutos antes del comienso de la junta.

Marque: 888-978-8818 y ingrese el codigo
Codigo de acceso en ingles: 5647249#
Codigo de acceso en espanol: 7292892#"
3157,2025-06-18,Planning and Programming Committee,147545,,6,,,,,,,,0,0,Los comentarios del público se tomaran cuando se toma cada tema. Para dar un  comentario público sobre una tema ingrese # 2 (Tecla de numero y dos) cuando se le  solicite. Tenga en cuenta que la transmisión de video en vivo se retrasa unos 30  segundos con respecto a la reunión real. No hay retraso en la línea de acceso telefónico para comentarios públicos.
3157,2025-06-18,Planning and Programming Committee,147546,,7,,,,,,,,0,0,Written Public Comment Instruction:
3157,2025-06-18,Planning and Programming Committee,147547,,8,,,,,,,,0,0,"Written public comments must be received by 5PM the day before the meeting.
Please include the Item # in your comment and your position of “FOR,” “AGAINST,” ""GENERAL COMMENT,"" or ""ITEM NEEDS MORE CONSIDERATION.""
Email: BoardClerk@metro.net
Post Office Mail:
Board Administration
One Gateway Plaza
MS: 99-3-1
Los Angeles, CA 90012"
3157,2025-06-18,Planning and Programming Committee,147548,,9,,,,,,,,0,0,page break
3157,2025-06-18,Planning and Programming Committee,147549,,10,,,,,,,,0,0,CALL TO ORDER
3157,2025-06-18,Planning and Programming Committee,147550,,11,,,,,,,,1,0,ROLL CALL
3157,2025-06-18,Planning and Programming Committee,147869,,17,11519,2025-0500,Informational Report,,,,,0,0,RECEIVE General Public Comment
3157,2025-06-18,Planning and Programming Committee,147870,,18,,,,,,,,0,0,"Consideration of items not on the posted agenda, including: items to be presented and (if requested) referred to staff; items to be placed on the agenda for action at a future meeting of the Committee or Board; and/or items requiring immediate action because of an emergency situation or where the need to take immediate action came to the attention of the Committee subsequent to the posting of the agenda."
3157,2025-06-18,Planning and Programming Committee,147871,,19,,,,,,,,0,0,COMMENTS FROM THE PUBLIC ON ITEMS OF PUBLIC INTEREST WITHIN COMMITTEE’S SUBJECT MATTER JURISDICTION
3157,2025-06-18,Planning and Programming Committee,147872,,20,,,,,,,,0,0,Adjournment
3157,2025-06-18,Planning and Programming Committee,149182,,12,,,,,,,,0,0,
3157,2025-06-18,Planning and Programming Committee,149186,,16,,,,,,,,0,0,(ALSO ON CONSTRUCTION COMMITTEE)
3157,2025-06-18,Planning and Programming Committee,149188,15,14,11343,2025-0323,Program,,,,,0,0,"CONSIDER: 

A.	APPROVING:

1.	Programming an additional $12,321,943 within the capacity of Measure M Multi-Year Subregional Program (MSP) - Active Transportation Program (expenditure line 54), as shown in Attachment A;

2.	Programming an additional $24,181,572 of Measure M MSP - First/Last Mile and Complete Streets Program (expenditure line 59), including inter-program borrowing of $6,579,127 from the Measure M MSP - Active Transportation Program, as shown in Attachment B; 

3.	Deobligating $50,"
3157,2025-06-18,Planning and Programming Committee,149189,14,13,11341,2025-0321,Program,,,,,0,0,"CONSIDER:  
  
A.	APPROVING $12,519,439 in additional programming within the capacity of Measure R Multimodal Highway Subregional Programs and funding changes via the updated project list shown in Attachment A. Projects within this Measure R Multimodal Highway Subregional Program include traffic signal, pedestrian, bicycle, transit, and roadway improvements; 
  
B.	APPROVING the deobligation of $4,140,439 in previously approved Measure R Multimodal Highway Subregional Program funds to re-all"
3157,2025-06-18,Planning and Programming Committee,149251,16,15,11498,2025-0479,Informational Report,RECEIVED AND FILED,,,,0,0,RECEIVE AND FILE the status report on Metro’s Draft Cost Benefit Analysis and Methodology.
3158,2025-06-18,Executive Management Committee,147874,,1,,,,,,,,0,0,Live Public Comment Instructions:
3158,2025-06-18,Executive Management Committee,147875,,2,,,,,,,,0,0,"Live public comment can be given by telephone or in-person.

The Meeting begins at 11:00 AM Pacific Time on June 18, 2025; you may join the call 5 minutes prior to the start of the meeting.

Dial-in: 888-978-8818 and enter
English Access Code: 5647249#
Spanish Access Code: 7292892#"
3158,2025-06-18,Executive Management Committee,147876,,3,,,,,,,,0,0,"Public comment will be taken as the Board takes up each item. To give public  comment on an item, enter #2 (pound-two) when prompted. Please note that the live  video feed lags about 30 seconds behind the actual meeting. There is no lag on the  public comment dial-in line."
3158,2025-06-18,Executive Management Committee,147877,,4,,,,,,,,0,0,Instrucciones para comentarios publicos en vivo:
3158,2025-06-18,Executive Management Committee,147878,,5,,,,,,,,0,0,"Los comentarios publicos en vivo se pueden dar por telefono o en persona.

La Reunion de la Junta comienza a las 11:00 AM, hora del Pacifico, el 18 de Junio de 2025.
Puedes unirte a la llamada 5 minutos antes del comienso de la junta.

Marque: 888-978-8818 y ingrese el codigo
Codigo de acceso en ingles: 5647249#
Codigo de acceso en espanol: 7292892#"
3158,2025-06-18,Executive Management Committee,147879,,6,,,,,,,,0,0,Los comentarios del público se tomaran cuando se toma cada tema. Para dar un  comentario público sobre una tema ingrese # 2 (Tecla de numero y dos) cuando se le  solicite. Tenga en cuenta que la transmisión de video en vivo se retrasa unos 30  segundos con respecto a la reunión real. No hay retraso en la línea de acceso telefónico para comentarios públicos.
3158,2025-06-18,Executive Management Committee,147880,,7,,,,,,,,0,0,Written Public Comment Instruction:
3158,2025-06-18,Executive Management Committee,147881,,8,,,,,,,,0,0,"Written public comments must be received by 5PM the day before the meeting.
Please include the Item # in your comment and your position of “FOR,” “AGAINST,” ""GENERAL COMMENT,"" or ""ITEM NEEDS MORE CONSIDERATION.""
Email: BoardClerk@metro.net
Post Office Mail:
Board Administration
One Gateway Plaza
MS: 99-3-1
Los Angeles, CA 90012"
3158,2025-06-18,Executive Management Committee,147882,,9,,,,,,,,0,0,page break
3158,2025-06-18,Executive Management Committee,147883,,10,,,,,,,,0,0,CALL TO ORDER
3158,2025-06-18,Executive Management Committee,147884,,11,,,,,,,,1,0,ROLL CALL
3158,2025-06-18,Executive Management Committee,148169,,12,,,,,,,,0,0,"APPROVE Consent Calendar Item: 17.

Consent Calendar items are approved by one motion unless held by a Director for discussion and/or separate action."
3158,2025-06-18,Executive Management Committee,148170,,25,11521,2025-0502,Informational Report,,,,,0,0,RECEIVE General Public Comment
3158,2025-06-18,Executive Management Committee,148171,,26,,,,,,,,0,0,"Consideration of items not on the posted agenda, including: items to be presented and (if requested) referred to staff; items to be placed on the agenda for action at a future meeting of the Committee or Board; and/or items requiring immediate action because of an emergency situation or where the need to take immediate action came to the attention of the Committee subsequent to the posting of the agenda."
3158,2025-06-18,Executive Management Committee,148172,,27,,,,,,,,0,0,COMMENTS FROM THE PUBLIC ON ITEMS OF PUBLIC INTEREST WITHIN COMMITTEE’S SUBJECT MATTER JURISDICTION
3158,2025-06-18,Executive Management Committee,148173,,28,,,,,,,,0,0,Adjournment
3158,2025-06-18,Executive Management Committee,149165,,16,,,,,,,,0,0,NON-CONSENT
3158,2025-06-18,Executive Management Committee,149166,,13,,,,,,,,0,0,CONSENT CALENDAR
3158,2025-06-18,Executive Management Committee,149167,,24,,,,,,,,0,0,
3158,2025-06-18,Executive Management Committee,149190,,15,,,,,,,,0,0,
3158,2025-06-18,Executive Management Committee,149191,17,14,11276,2025-0256,Contract,,,,,0,0,"AUTHORIZE the Chief Executive Officer (CEO) to execute Modification No. 2 to Contract No. PS108564000 with McKinsey & Company, Inc. (McKinsey) to continue to provide consultant support services for hiring process improvements, continuous job classification analysis, planning and recruitment, employee retention enhancements and internal customer-centric training and development, in an amount Not-To-Exceed (NTE) $5,410,000, increasing the contract value from $3,975,000 to $9,385,000 and extending "
3158,2025-06-18,Executive Management Committee,149192,,23,,,,,,,,0,0,
3158,2025-06-18,Executive Management Committee,149193,21,22,11368,2025-0348,Informational Report,RECEIVED AND FILED,,,,0,0,RECEIVE AND FILE quarterly status report on the Community Advisory Council (CAC).
3158,2025-06-18,Executive Management Committee,149194,20,21,11402,2025-0383,Informational Report,RECEIVED AND FILED,,,,0,0,RECEIVE AND FILE a status report on the Gender Action Plan (GAP) strategies.
3158,2025-06-18,Executive Management Committee,149196,18,17,11475,2025-0456,Informational Report,RECEIVED AND FILED,,,,0,0,RECEIVE AND FILE June 2025 Federal and State Legislative Report.
3158,2025-06-18,Executive Management Committee,149244,19,19,11308,2025-0288,Motion / Motion Response,RECEIVED AND FILED,,,,0,0,RECEIVE AND FILE the quarterly update on the weapons detection pilot.
3158,2025-06-18,Executive Management Committee,149245,,20,,,,,,,,0,0,"(ALSO ON OPERATIONS, SAFETY, AND CUSTOMER EXPERIENCE COMMITTEE)"
3158,2025-06-18,Executive Management Committee,149292,,18,,,,,,,,0,0,page break
3159,2025-06-18,Construction Committee,148177,,1,,,,,,,,0,0,Live Public Comment Instructions:
3159,2025-06-18,Construction Committee,148178,,2,,,,,,,,0,0,"Live public comment can be given by telephone or in-person.

The Meeting begins at 1:00 PM Pacific Time on June 18, 2025; you may join the call 5 minutes prior to the start of the meeting.

Dial-in: 888-978-8818 and enter
English Access Code: 5647249#
Spanish Access Code: 7292892#"
3159,2025-06-18,Construction Committee,148179,,3,,,,,,,,0,0,"Public comment will be taken as the Board takes up each item. To give public  comment on an item, enter #2 (pound-two) when prompted. Please note that the live  video feed lags about 30 seconds behind the actual meeting. There is no lag on the  public comment dial-in line."
3159,2025-06-18,Construction Committee,148180,,4,,,,,,,,0,0,Instrucciones para comentarios publicos en vivo:
3159,2025-06-18,Construction Committee,148181,,5,,,,,,,,0,0,"Los comentarios publicos en vivo se pueden dar por telefono o en persona.

La Reunion de la Junta comienza a las 1:00 PM, hora del Pacifico, el 18 de Junio de 2025.
Puedes unirte a la llamada 5 minutos antes del comienso de la junta.

Marque: 888-978-8818 y ingrese el codigo
Codigo de acceso en ingles: 5647249#
Codigo de acceso en espanol: 7292892#"
3159,2025-06-18,Construction Committee,148182,,6,,,,,,,,0,0,Los comentarios del público se tomaran cuando se toma cada tema. Para dar un  comentario público sobre una tema ingrese # 2 (Tecla de numero y dos) cuando se le  solicite. Tenga en cuenta que la transmisión de video en vivo se retrasa unos 30  segundos con respecto a la reunión real. No hay retraso en la línea de acceso telefónico para comentarios públicos.
3159,2025-06-18,Construction Committee,148183,,7,,,,,,,,0,0,Written Public Comment Instruction:
3159,2025-06-18,Construction Committee,148184,,8,,,,,,,,0,0,"Written public comments must be received by 5PM the day before the meeting.
Please include the Item # in your comment and your position of “FOR,” “AGAINST,” ""GENERAL COMMENT,"" or ""ITEM NEEDS MORE CONSIDERATION.""
Email: BoardClerk@metro.net
Post Office Mail:
Board Administration
One Gateway Plaza
MS: 99-3-1
Los Angeles, CA 90012"
3159,2025-06-18,Construction Committee,148185,,9,,,,,,,,0,0,page break
3159,2025-06-18,Construction Committee,148186,,10,,,,,,,,0,0,CALL TO ORDER
3159,2025-06-18,Construction Committee,148187,,11,,,,,,,,1,0,ROLL CALL
3159,2025-06-18,Construction Committee,148460,,22,11523,2025-0504,Informational Report,,,,,0,0,RECEIVE General Public Comment
3159,2025-06-18,Construction Committee,148461,,23,,,,,,,,0,0,"Consideration of items not on the posted agenda, including: items to be presented and (if requested) referred to staff; items to be placed on the agenda for action at a future meeting of the Committee or Board; and/or items requiring immediate action because of an emergency situation or where the need to take immediate action came to the attention of the Committee subsequent to the posting of the agenda."
3159,2025-06-18,Construction Committee,148462,,24,,,,,,,,0,0,COMMENTS FROM THE PUBLIC ON ITEMS OF PUBLIC INTEREST WITHIN COMMITTEE’S SUBJECT MATTER JURISDICTION
3159,2025-06-18,Construction Committee,148463,,25,,,,,,,,0,0,Adjournment
3159,2025-06-18,Construction Committee,149197,,21,,,,,,,,0,0,
3159,2025-06-18,Construction Committee,149198,,18,,,,,,,,0,0,NON-CONSENT
3159,2025-06-18,Construction Committee,149199,,12,,,,,,,,0,0,"APPROVE Consent Calendar Items: 22, 23, 24, and 25.

Consent Calendar items are approved by one motion unless held by a Director for discussion and/or separate action."
3159,2025-06-18,Construction Committee,149200,25,17,11394,2025-0374,Contract,,,,,0,0,"CONSIDER:

A.	AUTHORIZING the Chief Executive Officer to increase authorized funding for Contract No. PS89856000 with Kal Krishnan Consulting Services/Triunity Engineering and Management Joint Venture (KTJV), for pending and future Contract Work Orders to continue to provide Program Control Support Services (PCSS) in an amount Not-To-Exceed (NTE) $35,000,000, increasing the current authorized funding limit for the base contract from $50,000,000 to $85,000,000 through FY28; and 

B.	EXECUTING"
3159,2025-06-18,Construction Committee,149201,,13,,,,,,,,0,0,CONSENT CALENDAR
3159,2025-06-18,Construction Committee,149202,,20,,,,,,,,0,0,(ALSO ON PLANNING AND PROGRAMMING COMMITTEE)
3159,2025-06-18,Construction Committee,149206,24,16,11426,2025-0407,Informational Report,,,,,0,0,"AUTHORIZE the Chief Executive Officer (CEO) or her designee to:

A.	EXECUTE Utility Reimbursement Agreements with Level 3 Communications and Centurylink Communications to accommodate Metro’s ongoing Projects; and 

B.	NEGOTIATE and execute similar as-needed Utility Agreements with other communication company owners to accommodate Metro’s ongoing Projects."
3159,2025-06-18,Construction Committee,149207,23,15,11265,2025-0245,Contract,,,,,0,0,"AUTHORIZE the Chief Executive Officer (CEO) to:  

A.	EXECUTE Modification No. 00003 to Contract No. PS77530000 with ICF Jones & Stokes Inc. to exercise the two, one-year options, for a Not-To-Exceed (NTE) amount of $1,924,174.53 and $1,760,892.27 respectively, for a total NTE amount for the options of $3,685,066.80, increasing the total contract value from the initial NTE amount of $14,166,384.73 to a total NTE amount of $17,851,451.53, and extend the term of the contract from December 1, 2025 "
3159,2025-06-18,Construction Committee,149208,22,14,11259,2025-0239,Contract,,,,,0,0,"AUTHORIZE the Chief Executive Officer to:

A.	AWARD a cost plus fixed fee Indefinite Delivery/Indefinite Quantity Contract No. AE128314E0132 to HNTB Corporation for Supplemental Engineering Services (SES) for Capital Improvement Projects for a term of five years for a Not To Exceed (NTE) amount of $70,000,000, subject to the resolution of any properly submitted protest(s), if any; and

B.	EXECUTE Task Orders and modifications within the Board approved contract amount."
3159,2025-06-18,Construction Committee,149253,16,19,11498,2025-0479,Informational Report,RECEIVED AND FILED,,,,0,0,RECEIVE AND FILE the status report on Metro’s Draft Cost Benefit Analysis and Methodology.
3160,2025-06-18,"Operations, Safety, and Customer Experience Committee",148465,,1,,,,,,,,0,0,Live Public Comment Instructions:
3160,2025-06-18,"Operations, Safety, and Customer Experience Committee",148466,,2,,,,,,,,0,0,"Live public comment can be given by telephone or in-person.

The Meeting begins at 2:00 PM Pacific Time on June 18, 2025; you may join the call 5 minutes prior to the start of the meeting.

Dial-in: 888-978-8818 and enter
English Access Code: 5647249#
Spanish Access Code: 7292892#"
3160,2025-06-18,"Operations, Safety, and Customer Experience Committee",148467,,3,,,,,,,,0,0,"Public comment will be taken as the Board takes up each item. To give public  comment on an item, enter #2 (pound-two) when prompted. Please note that the live  video feed lags about 30 seconds behind the actual meeting. There is no lag on the  public comment dial-in line."
3160,2025-06-18,"Operations, Safety, and Customer Experience Committee",148468,,4,,,,,,,,0,0,Instrucciones para comentarios publicos en vivo:
3160,2025-06-18,"Operations, Safety, and Customer Experience Committee",148469,,5,,,,,,,,0,0,"Los comentarios publicos en vivo se pueden dar por telefono o en persona.

La Reunion de la Junta comienza a las 2:00 PM, hora del Pacifico, el 18 de Junio de 2025.
Puedes unirte a la llamada 5 minutos antes del comienso de la junta.

Marque: 888-978-8818 y ingrese el codigo
Codigo de acceso en ingles: 5647249#
Codigo de acceso en espanol: 7292892#"
3160,2025-06-18,"Operations, Safety, and Customer Experience Committee",148470,,6,,,,,,,,0,0,Los comentarios del público se tomaran cuando se toma cada tema. Para dar un  comentario público sobre una tema ingrese # 2 (Tecla de numero y dos) cuando se le  solicite. Tenga en cuenta que la transmisión de video en vivo se retrasa unos 30  segundos con respecto a la reunión real. No hay retraso en la línea de acceso telefónico para comentarios públicos.
3160,2025-06-18,"Operations, Safety, and Customer Experience Committee",148471,,7,,,,,,,,0,0,Written Public Comment Instruction:
3160,2025-06-18,"Operations, Safety, and Customer Experience Committee",148472,,8,,,,,,,,0,0,"Written public comments must be received by 5PM the day before the meeting.
Please include the Item # in your comment and your position of “FOR,” “AGAINST,” ""GENERAL COMMENT,"" or ""ITEM NEEDS MORE CONSIDERATION.""
Email: BoardClerk@metro.net
Post Office Mail:
Board Administration
One Gateway Plaza
MS: 99-3-1
Los Angeles, CA 90012"
3160,2025-06-18,"Operations, Safety, and Customer Experience Committee",148473,,9,,,,,,,,0,0,page break
3160,2025-06-18,"Operations, Safety, and Customer Experience Committee",148474,,10,,,,,,,,0,0,CALL TO ORDER
3160,2025-06-18,"Operations, Safety, and Customer Experience Committee",148475,,11,,,,,,,,1,0,ROLL CALL
3160,2025-06-18,"Operations, Safety, and Customer Experience Committee",148852,,37,11522,2025-0503,Informational Report,,,,,0,0,RECEIVE General Public Comment
3160,2025-06-18,"Operations, Safety, and Customer Experience Committee",148853,,38,,,,,,,,0,0,"Consideration of items not on the posted agenda, including: items to be presented and (if requested) referred to staff; items to be placed on the agenda for action at a future meeting of the Committee or Board; and/or items requiring immediate action because of an emergency situation or where the need to take immediate action came to the attention of the Committee subsequent to the posting of the agenda."
3160,2025-06-18,"Operations, Safety, and Customer Experience Committee",148854,,39,,,,,,,,0,0,COMMENTS FROM THE PUBLIC ON ITEMS OF PUBLIC INTEREST WITHIN COMMITTEE’S SUBJECT MATTER JURISDICTION
3160,2025-06-18,"Operations, Safety, and Customer Experience Committee",148855,,40,,,,,,,,0,0,Adjournment
3160,2025-06-18,"Operations, Safety, and Customer Experience Committee",149209,,36,,,,,,,,0,0,
3160,2025-06-18,"Operations, Safety, and Customer Experience Committee",149210,39,30,11366,2025-0346,Informational Report,RECEIVED AND FILED,,,,0,0,RECEIVE AND FILE the Public Safety Report.
3160,2025-06-18,"Operations, Safety, and Customer Experience Committee",149211,37,28,11294,2025-0274,Oral Report / Presentation,RECEIVED,,,,0,0,RECEIVE oral report on Metro Operations on preparations for transit services and other agency preparations for the 2026 FIFA World Cup.
3160,2025-06-18,"Operations, Safety, and Customer Experience Committee",149212,19,25,11308,2025-0288,Motion / Motion Response,RECEIVED AND FILED,,,,0,0,RECEIVE AND FILE the quarterly update on the weapons detection pilot.
3160,2025-06-18,"Operations, Safety, and Customer Experience Committee",149213,27,15,11287,2025-0267,Informational Report,,,,,0,0,APPROVE the Foothill Extension to Pomona Operating Plan Title VI Service and Fare Equity Analysis (Attachment A).
3160,2025-06-18,"Operations, Safety, and Customer Experience Committee",149214,26,14,11139,2025-0119,Contract,,,,,0,0,"AUTHORIZE the Chief Executive Officer to award a 24-month, firm-fixed-price contract, Contract OP125440000 to Crosstown Electrical & Data, Inc. for General Contractor (GC) Services for the Interstate 710 (I-710) Integrated Corridor Management (ICM) Project in the amount of $22,561,793.53, subject to the resolution of any properly submitted protest(s), if any."
3160,2025-06-18,"Operations, Safety, and Customer Experience Committee",149215,36,27,11359,2025-0339,Oral Report / Presentation,RECEIVED,,,,0,0,RECEIVE oral report on Metro Operations.
3160,2025-06-18,"Operations, Safety, and Customer Experience Committee",149216,38,29,11367,2025-0347,Informational Report,RECEIVED AND FILED,,,,0,0,"RECEIVE AND FILE status report on the bus and rail service changes effective Sunday, June 22, 2025."
3160,2025-06-18,"Operations, Safety, and Customer Experience Committee",149217,,13,,,,,,,,0,0,CONSENT CALENDAR
3160,2025-06-18,"Operations, Safety, and Customer Experience Committee",149218,,12,,,,,,,,0,0,"APPROVE Consent Calendar Items: 26, 27, 28, 29, 30, 31, 32, 33, and 34.

Consent Calendar items are approved by one motion unless held by a Director for discussion and/or separate action."
3160,2025-06-18,"Operations, Safety, and Customer Experience Committee",149220,35,24,11358,2025-0338,Oral Report / Presentation,RECEIVED,,,,0,0,RECOGNIZE Operations Employees of the Month.
3160,2025-06-18,"Operations, Safety, and Customer Experience Committee",149221,,23,,,,,,,,0,0,NON-CONSENT
3160,2025-06-18,"Operations, Safety, and Customer Experience Committee",149222,30,18,11355,2025-0335,Contract,,,,,0,0,"AUTHORIZE the Chief Executive Officer to execute contract modifications for five Freeway Service Patrol (FSP) contracts in an aggregate amount of $29,812,000, thereby increasing the contract amounts from $65,587,148.98 to $95,399,148.98, and extending the current period of performance with individual amounts as follows: 
 
·	Beat 9: Sonic Towing, Inc. Contract No. FS66316003-9, for $373,000 for up to 7 months, increasing the total contract amount from $4,141,753 to $4,514,753;  

·	Beat 60: Free"
3160,2025-06-18,"Operations, Safety, and Customer Experience Committee",149223,29,17,11351,2025-0331,Contract,,,,,0,0,"AUTHORIZE the Chief Executive Officer to award a sole-source firm fixed price contract, Contract No. PS128578000 to AGP Technologies, Inc. for the purchase of a centralized real-time monitoring system for the Track and Tunnel Intrusion Detection System (TTIDS)  in the amount of $1,825,000, subject to the resolution of any properly submitted protest(s), if any."
3160,2025-06-18,"Operations, Safety, and Customer Experience Committee",149224,28,16,11295,2025-0275,Contract,,,,,0,0,"AUTHORIZE the Chief Executive Officer (CEO) to: 

A.	AWARD a four-year Contract No. PS122845000 to Clever Devices Ltd. to upgrade the ATMS II Computer Aided Dispatch / Automated Vehicle Location (CAD/AVL) System in the amount of $129,760,941, subject to the resolution of any properly submitted protest(s), if any; and

B.	EXECUTE individual contract modifications within the Board-approved contract modification authority."
3160,2025-06-18,"Operations, Safety, and Customer Experience Committee",149225,34,22,11466,2025-0447,Oral Report / Presentation,RECEIVED,,,,0,0,RECEIVE oral report on the status of the Metro Response to Eaton and Pacific Palisades Wildfires.
3160,2025-06-18,"Operations, Safety, and Customer Experience Committee",149226,33,21,11369,2025-0349,Informational Report,RECEIVED AND FILED,,,,0,0,RECEIVE AND FILE the quarterly status report on Metro’s Public Safety Advisory Committee (PSAC).
3160,2025-06-18,"Operations, Safety, and Customer Experience Committee",149228,32,20,11183,2025-0163,Appointment,,,,,0,0,"APPROVE nominees for membership on Metro’s San Fernando Valley, San Gabriel Valley, South Bay Cities, and Westside Central Service Councils (Attachment A)."
3160,2025-06-18,"Operations, Safety, and Customer Experience Committee",149229,31,19,11360,2025-0340,Contract,,,,,0,0,"AUTHORIZE the Chief Executive Officer to award a firm fixed unit price contract, Contract No. TS127584000 to Dellner, Inc. for the P3010 Light Rail Vehicle (LRV) Coupler Overhaul, in an amount Not-To-Exceed (NTE) $8,792,530.00, for a period of 60 months from issuance of a Notice to Proceed, subject to the resolution of any properly submitted protest(s), if any."
3160,2025-06-18,"Operations, Safety, and Customer Experience Committee",149230,,35,,,,,,,,0,0,
3160,2025-06-18,"Operations, Safety, and Customer Experience Committee",149231,,34,,,,,,,,0,0,
3160,2025-06-18,"Operations, Safety, and Customer Experience Committee",149232,41,32,11440,2025-0421,Informational Report,RECEIVED AND FILED,,,,0,0,RECEIVE AND FILE Office of the Inspector General (OIG) Report on Audit of Metro Transit Security Services Performance for the Fiscal Years 2023 and 2024.
3160,2025-06-18,"Operations, Safety, and Customer Experience Committee",149233,40,31,11228,2025-0208,Informational Report,RECEIVED AND FILED,,,,0,0,"RECEIVE AND FILE an update on the Low-Income Fare is Easy (LIFE) Program in response to Board Motion 48, Enhancing the Effectiveness of the LIFE Program."
3160,2025-06-18,"Operations, Safety, and Customer Experience Committee",149246,,26,,,,,,,,0,0,(ALSO ON EXECUTIVE MANAGEMENT COMMITTEE)
3160,2025-06-18,"Operations, Safety, and Customer Experience Committee",149249,,33,,,,,,,,0,0,
3162,2025-04-04,Special Board Member Workshop,142193,,9,,,,,,,,0,0,page break
3162,2025-04-04,Special Board Member Workshop,142194,,10,,,,,,,,0,0,CALL TO ORDER
3162,2025-04-04,Special Board Member Workshop,142195,,11,,,,,,,,1,0,ROLL CALL
3162,2025-04-04,Special Board Member Workshop,142201,,13,,,,,,,,0,0,
3162,2025-04-04,Special Board Member Workshop,142202,,14,,,,,,,,0,0,
3162,2025-04-04,Special Board Member Workshop,142203,,15,,,,,,,,0,0,Adjournment
3162,2025-04-04,Special Board Member Workshop,142204,,8,,,,,,,,0,0,"Puede enviar su comentario por correo electrónico a: BoardClerk@metro.net
O envíelo por correo a:
Board Administration
1 Gateway Plaza, 99-3-1
Mail Stop: 99-3-1
Los Angeles, CA 90012"
3162,2025-04-04,Special Board Member Workshop,142205,,6,,,,,,,,0,0,Estos son algunos recordatorios para registrarse para presentar comentarios públicos:
3162,2025-04-04,Special Board Member Workshop,142206,,5,,,,,,,,0,0,INSTRUCCIONES PARA PRESENTAR COMENTARIOS PÚBLICOS
3162,2025-04-04,Special Board Member Workshop,142207,,4,,,,,,,,0,0,"You may email your comment to: BoardClerk@metro.net
Or mail it to:
Board Administration
One Gateway Plaza
Mail Stop: 99-3-1
Los Angeles, CA 90012"
3162,2025-04-04,Special Board Member Workshop,142208,,3,,,,,,,,0,0,"We have an area dedicated to sign up for public comment. If you need translation, please make sure to indicate that on your speaker sign-up card so we can have our translators ready to provide assistance.

Consistent with the Board Rules posted on the agenda, individuals requesting to speak will be allowed to speak for a total of one minute for the item on the agenda. We will not be taking up general public comment for this meeting.

Written public comments must be received by 5pm the day be"
3162,2025-04-04,Special Board Member Workshop,142209,,2,,,,,,,,0,0,Just a few reminders for signing up for public comment:
3162,2025-04-04,Special Board Member Workshop,144728,,1,,,,,,,,0,0,PUBLIC COMMENT INSTRUCTIONS
3162,2025-04-04,Special Board Member Workshop,144729,,7,,,,,,,,0,0,"Tenemos un área dedicada para el registro para presentar comentarios públicos. Si necesita servicios de traducción, asegúrese de indicarlo en su tarjeta de registro de orador para que podamos tener a nuestros traductores listos para brindarle asistencia.

De acuerdo con las reglas de la Junta Directiva publicadas en la agenda, las personas que soliciten hablar podrán hablar por un total de un minuto para el tema en la agenda. No aceptaremos comentarios del público en general para esta reunión."
3162,2025-04-04,Special Board Member Workshop,144780,1,12,11277,2025-0257,Oral Report / Presentation,RECEIVED,,,,0,0,"RECEIVE an oral report on the capital budget drivers shaping Metro’s near-term financial outlook. The workshop will provide the Board with an in-depth look at the operational impacts, anticipated risks, and strategic options to address emerging challenges."
3165,2025-05-15,Budget Public Hearing,145839,,10,,,,,,,,0,0,CALL TO ORDER
3165,2025-05-15,Budget Public Hearing,145840,,11,,,,,,,,0,0,ROLL CALL
3165,2025-05-15,Budget Public Hearing,145841,,12,,,,,,,,0,0,Open Public Hearing.  
3165,2025-05-15,Budget Public Hearing,145852,,19,,,,,,,,0,0,Adjournment
3165,2025-05-15,Budget Public Hearing,145853,,20,,,,,,,,0,0,"Consideration of items not on the posted agenda, including: items to be presented and (if requested) referred to staff; items to be placed on the agenda for action at a future meeting of the Committee or Board; and/or items requiring immediate action because of an emergency situation or where the need to take immediate action came to the attention of the Committee subsequent to the posting of the agenda."
3165,2025-05-15,Budget Public Hearing,145854,,9,,,,,,,,0,0,page break
3165,2025-05-15,Budget Public Hearing,145855,,8,,,,,,,,0,0,"Written public comments must be received by 5PM the day before the meeting.
Please include the Item # in your comment and your position of “FOR,” “AGAINST,” ""GENERAL COMMENT,"" or ""ITEM NEEDS MORE CONSIDERATION.""
Email: BoardClerk@metro.net
Post Office Mail:
Board Administration
One Gateway Plaza
MS: 99-3-1
Los Angeles, CA 90012"
3165,2025-05-15,Budget Public Hearing,145856,,7,,,,,,,,0,0,Written Public Comment Instruction:
3165,2025-05-15,Budget Public Hearing,145857,,6,,,,,,,,0,0,Los comentarios del público se tomaran cuando se toma cada tema. Para dar un comentario público sobre una tema ingrese # 2 (Tecla de numero y dos) cuando se le solicite. Tenga en cuenta que la transmisión de video en vivo se retrasa unos 30 segundos con respecto a la reunión real. No hay retraso en la línea de acceso telefónico para comentarios públicos.
3165,2025-05-15,Budget Public Hearing,145858,,5,,,,,,,,0,0,"Los comentarios publicos en vivo se pueden dar por telefono o en persona.

La Reunion de la Junta comienza a las 10:00 AM, hora del Pacifico, el 15 de Mayo de 2025. Puedes unirte a la llamada 5 minutos antes del comienso de la junta.

Marque: 888-978-8818 y ingrese el codigo
Codigo de acceso en ingles: 5647249#
Codigo de acceso en espanol: 7292892#"
3165,2025-05-15,Budget Public Hearing,145859,,4,,,,,,,,0,0,Instrucciones para comentarios publicos en vivo:
3165,2025-05-15,Budget Public Hearing,145860,,3,,,,,,,,0,0,"Public comment will be taken as the Board takes up each item. To give public comment on an item, enter #2 (pound-two) when prompted. Please note that the live video feed lags about 30 seconds behind the actual meeting. There is no lag on the public comment dial-in line."
3165,2025-05-15,Budget Public Hearing,145861,,2,,,,,,,,0,0,"Live public comment can be given by telephone or in-person.

The Meeting begins at 10:00 AM Pacific Time on May 15, 2025; you may join the call 5 minutes prior to the start of the meeting.

Dial-in: 888-978-8818 and enter
English Access Code: 5647249#
Spanish Access Code: 7292892#"
3165,2025-05-15,Budget Public Hearing,145862,,1,,,,,,,,0,0,Live Public Comment Instructions:
3165,2025-05-15,Budget Public Hearing,146364,,14,,,,,,,,0,0,FY2026 Proposed Budget: 
3165,2025-05-15,Budget Public Hearing,146365,,13,11383,2025-0363,Oral Report / Presentation,,,,,0,0,STATEMENT by the Board Clerk’s Office concerning publication of notices and dissemination of public information.
3165,2025-05-15,Budget Public Hearing,146366,18,16,11203,2025-0183,Public Hearing,,,,,0,0,"CONSIDER:

A.	ADOPTING the proposed FY26 Budget as presented in the budget document (provided in a separate transmittal and posted on metro.net <https://www.metro.net/about/financebudget/>); 

1.	AUTHORIZING $9.4 billion annual consolidated expenditures to achieve goals and objectives set forth by the Board adopted mission and goals; 

2.	AUTHORIZING a total of 11,821 FTEs, of which 9,616 are Represented FTEs and 2,205 are Non-Represented FTEs;

3.	AUTHORIZING an average 4% performance-b"
3165,2025-05-15,Budget Public Hearing,146367,,15,,,,,,,,0,0,"(Recommendation for Budget approval will take place during the Finance, Budget, and Audit Committee immediately following the hearing)"
3165,2025-05-15,Budget Public Hearing,146368,,18,11385,2025-0365,Informational Report,,,,,0,0,APPROVE Motion to Close Hearing.
3165,2025-05-15,Budget Public Hearing,146369,,17,11384,2025-0364,Informational Report,,,,,0,0,RECEIVE comments from the public on Metro’s Fiscal Year 2026 Budget.
3172,2025-05-22,LA SAFE,146319,,10,,,,,,,,0,0,CALL TO ORDER
3172,2025-05-22,LA SAFE,146320,,11,,,,,,,,1,0,ROLL CALL
3172,2025-05-22,LA SAFE,146334,,14,11461,2025-0442,Informational Report,,,,,0,0,RECEIVE General Public Comment
3172,2025-05-22,LA SAFE,146335,,17,,,,,,,,0,0,Adjournment
3172,2025-05-22,LA SAFE,146336,,15,,,,,,,,0,0,"Consideration of items not on the posted agenda, including: items to be presented and (if requested) referred to staff; items to be placed on the agenda for action at a future meeting of the Committee or Board; and/or items requiring immediate action because of an emergency situation or where the need to take immediate action came to the attention of the Committee subsequent to the posting of the agenda."
3172,2025-05-22,LA SAFE,146337,,9,,,,,,,,0,0,page break
3172,2025-05-22,LA SAFE,146338,,8,,,,,,,,0,0,"Written public comments must be received by 5PM the day before the meeting.
Please include the Item # in your comment and your position of “FOR,” “AGAINST,” ""GENERAL COMMENT,"" or ""ITEM NEEDS MORE CONSIDERATION.""
Email: BoardClerk@metro.net
Post Office Mail:
Board Administration
One Gateway Plaza
MS: 99-3-1
Los Angeles, CA 90012"
3172,2025-05-22,LA SAFE,146339,,7,,,,,,,,0,0,Written Public Comment Instruction:
3172,2025-05-22,LA SAFE,146340,,6,,,,,,,,0,0,Los comentarios del público se tomaran cuando se toma cada tema. Para dar un comentario público sobre una tema ingrese # 2 (Tecla de numero y dos) cuando se le solicite. Tenga en cuenta que la transmisión de video en vivo se retrasa unos 30 segundos con respecto a la reunión real. No hay retraso en la línea de acceso telefónico para comentarios públicos.
3172,2025-05-22,LA SAFE,146341,,5,,,,,,,,0,0,"Los comentarios publicos en vivo se pueden dar por telefono o en persona.

La Reunion de la Junta comienza a las 10:00 AM, hora del Pacifico, el 22 de Mayo de 2025. Puedes unirte a la llamada 5 minutos antes del comienso de la junta.

Marque: 888-978-8818 y ingrese el codigo
Codigo de acceso en ingles: 5647249#
Codigo de acceso en espanol: 7292892#"
3172,2025-05-22,LA SAFE,146342,,4,,,,,,,,0,0,Instrucciones para comentarios publicos en vivo:
3172,2025-05-22,LA SAFE,146343,,3,,,,,,,,0,0,"Public comment will be taken as the Board takes up each item. To give public comment on an item, enter #2 (pound-two) when prompted. Please note that the live video feed lags about 30 seconds behind the actual meeting. There is no lag on the public comment dial-in line."
3172,2025-05-22,LA SAFE,146344,,2,,,,,,,,0,0,"Live public comment can be given by telephone or in-person.

The Meeting begins at 10:00 AM Pacific Time on May 22, 2025; you may join the call 5 minutes prior to the start of the meeting.

Dial-in: 888-978-8818 and enter
English Access Code: 5647249#
Spanish Access Code: 7292892#"
3172,2025-05-22,LA SAFE,146345,,1,,,,,,,,0,0,Live Public Comment Instructions:
3172,2025-05-22,LA SAFE,146612,1,12,11460,2025-0441,Minutes,APPROVED,Pass,,,0,0,"APPROVE Minutes of the LA SAFE Board Meeting held May 23, 2024."
3172,2025-05-22,LA SAFE,146613,2,13,11247,2025-0227,Budget,ADOPTED,Pass,,,0,0,"ADOPT the Fiscal Year 2025-2026 (FY26) budget in the amount of $8,541,032 for the operation and administration of the Los Angeles County Service Authority for Freeway Emergencies (LA SAFE).  This budget amount includes the annual funding allocation for the agreement with the Public Transportation Services Corporation (PTSC) for direct labor and support services in the amount of $2,314,218."
3172,2025-05-22,LA SAFE,147207,,18,,,,,,,,0,0,
3172,2025-05-22,LA SAFE,147208,,16,,,,,,,,0,0,COMMENTS FROM THE PUBLIC ON ITEMS OF PUBLIC INTEREST WITHIN COMMITTEE’S SUBJECT MATTER JURISDICTION
3174,2025-04-29,PTSC-MTA Risk Management Authority,145078,,10,,,,,,,,0,0,CALL TO ORDER
3174,2025-04-29,PTSC-MTA Risk Management Authority,145079,,11,,,,,,,,0,0,ROLL CALL
3174,2025-04-29,PTSC-MTA Risk Management Authority,145099,,23,,,,,,,,0,0,Adjournment
3174,2025-04-29,PTSC-MTA Risk Management Authority,145100,,21,,,,,,,,0,0,"Consideration of items not on the posted agenda, including: items to be presented and (if requested) referred to staff; items to be placed on the agenda for action at a future meeting of the Committee or Board; and/or items requiring immediate action because of an emergency situation or where the need to take immediate action came to the attention of the Committee subsequent to the posting of the agenda."
3174,2025-04-29,PTSC-MTA Risk Management Authority,145102,4,15,11331,2025-0311,Oral Report / Presentation,,,,,0,0,RECEIVE oral report on discussion of the 2023-2024 audited annual financial activities.
3174,2025-04-29,PTSC-MTA Risk Management Authority,145103,3,14,11330,2025-0310,Informational Report,,,,,0,0,"RECEIVE and FILE the audited PTSC-MTA Risk Management Authority (PRMA) financial activities for the fiscal year ending June 30, 2024."
3174,2025-04-29,PTSC-MTA Risk Management Authority,145104,2,13,11328,2025-0308,Oral Report / Presentation,,,,,0,0,"Election of Officers (President, Vice President, Clerk/Treasurer-Auditor)."
3174,2025-04-29,PTSC-MTA Risk Management Authority,145105,1,12,11323,2025-0303,Minutes,,,,,0,0,"APPROVE Minutes of the Regular Board Meeting held May 30, 2024."
3174,2025-04-29,PTSC-MTA Risk Management Authority,145108,6,17,11333,2025-0313,Oral Report / Presentation,,,,,0,0,"RECEIVE oral report on discussion of the June 30, 2024 actuarial study."
3174,2025-04-29,PTSC-MTA Risk Management Authority,145109,5,16,11332,2025-0312,Informational Report,,,,,0,0,RECEIVE and FILE the Public Self Insurers Annual Report for fiscal year 2024.
3174,2025-04-29,PTSC-MTA Risk Management Authority,145110,8,19,11335,2025-0315,Oral Report / Presentation,,,,,0,0,SCHEDULE future meeting and discuss agenda items for next meeting.
3174,2025-04-29,PTSC-MTA Risk Management Authority,145111,7,18,11334,2025-0314,Oral Report / Presentation,,,,,0,0,CONSIDER items of new business.
3174,2025-04-29,PTSC-MTA Risk Management Authority,145112,,7,,,,,,,,0,0,Written Public Comment Instruction:
3174,2025-04-29,PTSC-MTA Risk Management Authority,145113,,6,,,,,,,,0,0,Los comentarios del público se tomaran cuando se toma cada tema. Para dar un comentario público sobre una tema ingrese # 2 (Tecla de numero y dos) cuando se le solicite. Tenga en cuenta que la transmisión de video en vivo se retrasa unos 30 segundos con respecto a la reunión real. No hay retraso en la línea de acceso telefónico para comentarios públicos.
3174,2025-04-29,PTSC-MTA Risk Management Authority,145114,,5,,,,,,,,0,0,"Los comentarios publicos en vivo se pueden dar por telefono o en persona.

La Reunion de la Junta comienza a las 1:00 PM, hora del Pacifico, el 29 de Abril de 2025. Puedes unirte a la llamada 5 minutos antes del comienso de la junta.

Marque: 888-978-8818 y ingrese el codigo
Codigo de acceso en ingles: 5647249#
Codigo de acceso en espanol: 7292892#"
3174,2025-04-29,PTSC-MTA Risk Management Authority,145115,,4,,,,,,,,0,0,Instrucciones para comentarios publicos en vivo:
3174,2025-04-29,PTSC-MTA Risk Management Authority,145116,,3,,,,,,,,0,0,"Public comment will be taken as the Board takes up each item. To give public comment on an item, enter #2 (pound-two) when prompted. Please note that the live video feed lags about 30 seconds behind the actual meeting. There is no lag on the public comment dial-in line."
3174,2025-04-29,PTSC-MTA Risk Management Authority,145117,,2,,,,,,,,0,0,"Live public comment can be given by telephone or in-person.

The Meeting begins at 1:00 PM Pacific Time on April 29, 2025; you may join the call 5 minutes prior to the start of the meeting.

Dial-in: 888-978-8818 and enter
English Access Code: 5647249#
Spanish Access Code: 7292892#"
3174,2025-04-29,PTSC-MTA Risk Management Authority,145118,,1,,,,,,,,0,0,Live Public Comment Instructions:
3174,2025-04-29,PTSC-MTA Risk Management Authority,145119,,8,,,,,,,,0,0,"Written public comments must be received by 5PM the day before the meeting.
Please include the Item # in your comment and your position of “FOR,” “AGAINST,” ""GENERAL COMMENT,"" or ""ITEM NEEDS MORE CONSIDERATION.""
Email: BoardClerk@metro.net
Post Office Mail:
Board Administration
One Gateway Plaza
MS: 99-3-1
Los Angeles, CA 90012"
3174,2025-04-29,PTSC-MTA Risk Management Authority,145120,,24,,,,,,,,0,0,
3174,2025-04-29,PTSC-MTA Risk Management Authority,145122,,9,,,,,,,,0,0,page break
3174,2025-04-29,PTSC-MTA Risk Management Authority,145166,,22,,,,,,,,0,0,"COMMENTS FROM THE PUBLIC ON ITEMS OF PUBLIC INTEREST WITHIN COMMITTEE’S
SUBJECT MATTER JURISDICTION"
3180,2025-06-02,Measure R Independent Taxpayer Oversight Committee - Public Hearing,146664,,9,,,,,,,,0,0,CALL TO ORDER
3180,2025-06-02,Measure R Independent Taxpayer Oversight Committee - Public Hearing,146665,,10,,,,,,,,0,0,ROLL CALL
3180,2025-06-02,Measure R Independent Taxpayer Oversight Committee - Public Hearing,146666,,20,11407,2025-0388,Informational Report,,,,,0,0,RECEIVE General Public Comment
3180,2025-06-02,Measure R Independent Taxpayer Oversight Committee - Public Hearing,146667,,22,,,,,,,,0,0,"Consideration of items not on the posted agenda, including: items to be presented and (if requested) referred to staff; items to be placed on the agenda for action at a future meeting of the Committee or Board; and/or items requiring immediate action because of an emergency situation or where the need to take immediate action came to the attention of the Committee subsequent to the posting of the agenda."
3180,2025-06-02,Measure R Independent Taxpayer Oversight Committee - Public Hearing,146668,,23,,,,,,,,0,0,COMMENTS FROM THE PUBLIC ON ITEMS OF PUBLIC INTEREST WITHIN COMMITTEE’S SUBJECT MATTER JURISDICTION
3180,2025-06-02,Measure R Independent Taxpayer Oversight Committee - Public Hearing,146669,,24,,,,,,,,0,0,Adjournment
3180,2025-06-02,Measure R Independent Taxpayer Oversight Committee - Public Hearing,147088,,21,,,,,,,,0,0,"The Chair will determine the order items are taken before the Committee. Speakers are
limited to a total of three minutes. If available, a written copy of testimony should be
presented to the Board Clerk."
3180,2025-06-02,Measure R Independent Taxpayer Oversight Committee - Public Hearing,147130,,19,,,,,,,,0,0,
3180,2025-06-02,Measure R Independent Taxpayer Oversight Committee - Public Hearing,147131,1,12,11404,2025-0385,Oral Report / Presentation,,,,,0,0,STATEMENT by the Board Clerk’s Office concerning publication of notices and dissemination of public information.
3180,2025-06-02,Measure R Independent Taxpayer Oversight Committee - Public Hearing,147133,,8,,,,,,,,0,0,"Written public comments must be received by 5PM the day before the meeting.
Please include the Item # in your comment and your position of “FOR,” “AGAINST,” ""GENERAL COMMENT,"" or ""ITEM NEEDS MORE CONSIDERATION.""
Email: BoardClerk@metro.net
Post Office Mail:
Board Administration
One Gateway Plaza
MS: 99-3-1
Los Angeles, CA 90012"
3180,2025-06-02,Measure R Independent Taxpayer Oversight Committee - Public Hearing,147134,,7,,,,,,,,0,0,Written Public Comment Instruction:
3180,2025-06-02,Measure R Independent Taxpayer Oversight Committee - Public Hearing,147135,,6,,,,,,,,0,0,Los comentarios del público se tomaran cuando se toma cada tema. Para dar un comentario público sobre una tema ingrese # 2 (Tecla de numero y dos) cuando se le solicite. Tenga en cuenta que la transmisión de video en vivo se retrasa unos 30 segundos con respecto a la reunión real. No hay retraso en la línea de acceso telefónico para comentarios públicos.
3180,2025-06-02,Measure R Independent Taxpayer Oversight Committee - Public Hearing,147136,,5,,,,,,,,0,0,"Los comentarios publicos en vivo se pueden dar por telefono o en persona.

La Reunion de la Junta comienza a las 9:00 AM, hora del Pacifico, el 2 de Junio de 2025. Puedes unirte a la llamada 5 minutos antes del comienso de la junta.

Marque: 888-978-8818 y ingrese el codigo
Codigo de acceso en ingles: 5647249#
Codigo de acceso en espanol: 7292892#"
3180,2025-06-02,Measure R Independent Taxpayer Oversight Committee - Public Hearing,147137,,4,,,,,,,,0,0,Instrucciones para comentarios publicos en vivo:
3180,2025-06-02,Measure R Independent Taxpayer Oversight Committee - Public Hearing,147138,,3,,,,,,,,0,0,"Public comment will be taken as the Board takes up each item. To give public comment on an item, enter #2 (pound-two) when prompted. Please note that the live video feed lags about 30 seconds behind the actual meeting. There is no lag on the public comment dial-in line."
3180,2025-06-02,Measure R Independent Taxpayer Oversight Committee - Public Hearing,147139,,2,,,,,,,,0,0,"Live public comment can be given by telephone or in-person.

The Meeting begins at 9:00 AM Pacific Time on June 2, 2025; you may join the call 5 minutes prior to the start of the meeting.

Dial-in: 888-978-8818 and enter
English Access Code: 5647249#
Spanish Access Code: 7292892#"
3180,2025-06-02,Measure R Independent Taxpayer Oversight Committee - Public Hearing,147140,,1,,,,,,,,0,0,Live Public Comment Instructions:
3180,2025-06-02,Measure R Independent Taxpayer Oversight Committee - Public Hearing,147141,,18,,,,,,,,0,0,
3180,2025-06-02,Measure R Independent Taxpayer Oversight Committee - Public Hearing,147142,,17,,,,,,,,0,0,
3180,2025-06-02,Measure R Independent Taxpayer Oversight Committee - Public Hearing,147143,,16,,,,,,,,0,0,
3180,2025-06-02,Measure R Independent Taxpayer Oversight Committee - Public Hearing,147144,4,15,11374,2025-0354,Oral Report / Presentation,,,,,0,0,RECEIVE oral report on review of the FY26 Budget to support discussion on the effective and efficient use of funds.
3180,2025-06-02,Measure R Independent Taxpayer Oversight Committee - Public Hearing,147146,3,14,11406,2025-0387,Informational Report,,,,,0,0,APPROVE Motion to Close Hearing.
3180,2025-06-02,Measure R Independent Taxpayer Oversight Committee - Public Hearing,147147,2,13,11405,2025-0386,Informational Report,,,,,0,0,RECEIVE Public Comment on Measure R Audits and Annual Report.
3180,2025-06-02,Measure R Independent Taxpayer Oversight Committee - Public Hearing,148864,,11,,,,,,,,0,0,Open Public Hearing.
3181,2025-06-04,Measure M Independent Taxpayer Oversight Committee - Public Hearing,146670,,9,,,,,,,,0,0,CALL TO ORDER
3181,2025-06-04,Measure M Independent Taxpayer Oversight Committee - Public Hearing,146671,,10,,,,,,,,0,0,ROLL CALL
3181,2025-06-04,Measure M Independent Taxpayer Oversight Committee - Public Hearing,146675,,19,,,,,,,,0,0,Adjournment
3181,2025-06-04,Measure M Independent Taxpayer Oversight Committee - Public Hearing,147152,,18,,,,,,,,0,0,"The Chair will determine the order items are taken before the Committee. Speakers are
limited to a total of three minutes. If available, a written copy of testimony should be
presented to the Board Clerk."
3181,2025-06-04,Measure M Independent Taxpayer Oversight Committee - Public Hearing,147153,,17,,,,,,,,0,0,
3181,2025-06-04,Measure M Independent Taxpayer Oversight Committee - Public Hearing,147154,,8,,,,,,,,0,0,"Written public comments must be received by 5PM the day before the meeting.
Please include the Item # in your comment and your position of “FOR,” “AGAINST,” ""GENERAL COMMENT,"" or ""ITEM NEEDS MORE CONSIDERATION.""
Email: BoardClerk@metro.net
Post Office Mail:
Board Administration
One Gateway Plaza
MS: 99-3-1
Los Angeles, CA 90012"
3181,2025-06-04,Measure M Independent Taxpayer Oversight Committee - Public Hearing,147155,,7,,,,,,,,0,0,Written Public Comment Instruction:
3181,2025-06-04,Measure M Independent Taxpayer Oversight Committee - Public Hearing,147156,,6,,,,,,,,0,0,Los comentarios del público se tomaran cuando se toma cada tema. Para dar un comentario público sobre una tema ingrese # 2 (Tecla de numero y dos) cuando se le solicite. Tenga en cuenta que la transmisión de video en vivo se retrasa unos 30 segundos con respecto a la reunión real. No hay retraso en la línea de acceso telefónico para comentarios públicos.
3181,2025-06-04,Measure M Independent Taxpayer Oversight Committee - Public Hearing,147157,,5,,,,,,,,0,0,"Los comentarios publicos en vivo se pueden dar por telefono o en persona.

La Reunion de la Junta comienza a las 10:00 AM, hora del Pacifico, el 4 de Junio de 2025.
Puedes unirte a la llamada 5 minutos antes del comienso de la junta.

Marque: 888-978-8818 y ingrese el codigo
Codigo de acceso en ingles: 5647249#
Codigo de acceso en espanol: 7292892#"
3181,2025-06-04,Measure M Independent Taxpayer Oversight Committee - Public Hearing,147158,,4,,,,,,,,0,0,Instrucciones para comentarios publicos en vivo:
3181,2025-06-04,Measure M Independent Taxpayer Oversight Committee - Public Hearing,147159,,3,,,,,,,,0,0,"Public comment will be taken as the Board takes up each item. To give public comment on an item, enter #2 (pound-two) when prompted. Please note that the live video feed lags about 30 seconds behind the actual meeting. There is no lag on the public comment dial-in line."
3181,2025-06-04,Measure M Independent Taxpayer Oversight Committee - Public Hearing,147160,,2,,,,,,,,0,0,"Live public comment can be given by telephone or in-person.

The Meeting begins at 10:00 AM Pacific Time on June 4, 2025; you may join the call 5 minutes prior to the start of the meeting.

Dial-in: 888-978-8818 and enter
English Access Code: 5647249#
Spanish Access Code: 7292892#"
3181,2025-06-04,Measure M Independent Taxpayer Oversight Committee - Public Hearing,147161,,1,,,,,,,,0,0,Live Public Comment Instructions:
3181,2025-06-04,Measure M Independent Taxpayer Oversight Committee - Public Hearing,147162,,16,,,,,,,,0,0,
3181,2025-06-04,Measure M Independent Taxpayer Oversight Committee - Public Hearing,147163,,15,,,,,,,,0,0,
3181,2025-06-04,Measure M Independent Taxpayer Oversight Committee - Public Hearing,147164,3,14,11411,2025-0392,Informational Report,,,,,0,0,APPROVE Motion to Close Hearing.
3181,2025-06-04,Measure M Independent Taxpayer Oversight Committee - Public Hearing,147165,2,13,11410,2025-0391,Informational Report,,,,,0,0,PUBLIC HEARING of comments on Measure M Audits and Annual Report.
3181,2025-06-04,Measure M Independent Taxpayer Oversight Committee - Public Hearing,147166,1,12,11409,2025-0390,Oral Report / Presentation,,,,,0,0,STATEMENT by the Board Clerk’s Office concerning publication of notices and dissemination of public information.
3181,2025-06-04,Measure M Independent Taxpayer Oversight Committee - Public Hearing,148863,,11,,,,,,,,0,0,Open Public Hearing.
3182,2025-06-04,Independent Citizens' Advisory and Oversight Committee - Public Hearing,147082,,10,,,,,,,,0,0,CALL TO ORDER
3182,2025-06-04,Independent Citizens' Advisory and Oversight Committee - Public Hearing,147083,,11,,,,,,,,0,0,ROLL CALL
3182,2025-06-04,Independent Citizens' Advisory and Oversight Committee - Public Hearing,147084,,18,11419,2025-0400,Informational Report,,,,,0,0,RECEIVE General Public Comment
3182,2025-06-04,Independent Citizens' Advisory and Oversight Committee - Public Hearing,147085,,19,,,,,,,,0,0,"Consideration of items not on the posted agenda, including: items to be presented and (if requested) referred to staff; items to be placed on the agenda for action at a future meeting of the Committee or Board; and/or items requiring immediate action because of an emergency situation or where the need to take immediate action came to the attention of the Committee subsequent to the posting of the agenda."
3182,2025-06-04,Independent Citizens' Advisory and Oversight Committee - Public Hearing,147086,,20,,,,,,,,0,0,COMMENTS FROM THE PUBLIC ON ITEMS OF PUBLIC INTEREST WITHIN COMMITTEE’S SUBJECT MATTER JURISDICTION
3182,2025-06-04,Independent Citizens' Advisory and Oversight Committee - Public Hearing,147087,,21,,,,,,,,0,0,Adjournment
3182,2025-06-04,Independent Citizens' Advisory and Oversight Committee - Public Hearing,147182,,9,,,,,,,,0,0,
3182,2025-06-04,Independent Citizens' Advisory and Oversight Committee - Public Hearing,147183,,8,,,,,,,,0,0,"Written public comments must be received by 5PM the day before the meeting.
Please include the Item # in your comment and your position of “FOR,” “AGAINST,” ""GENERAL
COMMENT,"" or ""ITEM NEEDS MORE CONSIDERATION.""
Email: BoardClerk@metro.net
Post Office Mail:
Board Administration
One Gateway Plaza
MS: 99-3-1
Los Angeles, CA 90012"
3182,2025-06-04,Independent Citizens' Advisory and Oversight Committee - Public Hearing,147184,,7,,,,,,,,0,0,Written Public Comment Instruction:
3182,2025-06-04,Independent Citizens' Advisory and Oversight Committee - Public Hearing,147185,,6,,,,,,,,0,0,Los comentarios del público se tomaran cuando se toma cada tema. Para dar un comentario público sobre una tema ingrese # 2 (Tecla de numero y dos) cuando se lesolicite. Tenga en cuenta que la transmisión de video en vivo se retrasa unos 30 segundos con respecto a la reunión real. No hay retraso en la línea de acceso telefónico para comentarios públicos.
3182,2025-06-04,Independent Citizens' Advisory and Oversight Committee - Public Hearing,147186,,5,,,,,,,,0,0,"Los comentarios publicos en vivo se pueden dar por telefono o en persona.

La Reunion de la Junta comienza a las 1:00 PM, hora del Pacifico, el 4 de Junio de 2025. Puedes unirte a la llamada 5 minutos antes del comienso de la junta.

Marque: 888-978-8818 y ingrese el codigo
Codigo de acceso en ingles: 5647249#
Codigo de acceso en espanol: 7292892#"
3182,2025-06-04,Independent Citizens' Advisory and Oversight Committee - Public Hearing,147187,,3,,,,,,,,0,0,"Public comment will be taken as the Board takes up each item. To give public comment on an item, enter #2 (pound-two) when prompted. Please note that the live video feed lags about 30 seconds behind the actual meeting. There is no lag on the public comment dial-in line."
3182,2025-06-04,Independent Citizens' Advisory and Oversight Committee - Public Hearing,147188,,2,,,,,,,,0,0,"Live public comment can be given by telephone and in-person.

The Committee Meeting begins at 1:00 PM Pacific Time on June 4, 2025; you may join the call 5 minutes prior to the start of the meeting.

Dial-in: 888-978-8818 and enter
English Access Code: 5647249#
Spanish Access Code: 7292892#"
3182,2025-06-04,Independent Citizens' Advisory and Oversight Committee - Public Hearing,147189,,1,,,,,,,,0,0,Live Public Comment Instructions:
3182,2025-06-04,Independent Citizens' Advisory and Oversight Committee - Public Hearing,147190,,4,,,,,,,,0,0,Instrucciones para comentarios publicos en vivo:
3182,2025-06-04,Independent Citizens' Advisory and Oversight Committee - Public Hearing,147191,,17,,,,,,,,0,0,
3182,2025-06-04,Independent Citizens' Advisory and Oversight Committee - Public Hearing,147192,2,14,11416,2025-0397,Informational Report,,,,,0,0,RECEIVE Public Comment on Proposition A and Proposition C Audits.
3182,2025-06-04,Independent Citizens' Advisory and Oversight Committee - Public Hearing,147193,1,13,11415,2025-0396,Oral Report / Presentation,,,,,0,0,STATEMENT by the Board Clerk’s Office concerning publication of notices and dissemination of public information.
3182,2025-06-04,Independent Citizens' Advisory and Oversight Committee - Public Hearing,147195,4,16,11372,2025-0352,Oral Report / Presentation,,,,,0,0,RECEIVE oral report on review of the FY26 Budget to support discussion on the effective and efficient use of funds.
3182,2025-06-04,Independent Citizens' Advisory and Oversight Committee - Public Hearing,147196,3,15,11418,2025-0399,Informational Report,,,,,0,0,APPROVE Motion to Close Hearing.
3182,2025-06-04,Independent Citizens' Advisory and Oversight Committee - Public Hearing,148866,,12,,,,,,,,0,0,Open Public Hearing.
3190,2025-06-04,Measure M Independent Taxpayer Oversight Committee,146676,,9,,,,,,,,0,0,CALL TO ORDER
3190,2025-06-04,Measure M Independent Taxpayer Oversight Committee,146677,,10,,,,,,,,0,0,ROLL CALL
3190,2025-06-04,Measure M Independent Taxpayer Oversight Committee,147078,,26,11445,2025-0426,Informational Report,,,,,0,0,RECEIVE General Public Comment
3190,2025-06-04,Measure M Independent Taxpayer Oversight Committee,147079,,27,,,,,,,,0,0,"Consideration of items not on the posted agenda, including: items to be presented and (if requested) referred to staff; items to be placed on the agenda for action at a future meeting of the Committee or Board; and/or items requiring immediate action because of an emergency situation or where the need to take immediate action came to the attention of the Committee subsequent to the posting of the agenda."
3190,2025-06-04,Measure M Independent Taxpayer Oversight Committee,147080,,28,,,,,,,,0,0,COMMENTS FROM THE PUBLIC ON ITEMS OF PUBLIC INTEREST WITHIN COMMITTEE’S SUBJECT MATTER JURISDICTION
3190,2025-06-04,Measure M Independent Taxpayer Oversight Committee,147081,,29,,,,,,,,0,0,Adjournment
3190,2025-06-04,Measure M Independent Taxpayer Oversight Committee,147168,,25,,,,,,,,0,0,
3190,2025-06-04,Measure M Independent Taxpayer Oversight Committee,147169,,8,,,,,,,,0,0,"Written public comments must be received by 5PM the day before the meeting.
Please include the Item # in your comment and your position of “FOR,” “AGAINST,” ""GENERAL COMMENT,"" or ""ITEM NEEDS MORE CONSIDERATION.""
Email: BoardClerk@metro.net
Post Office Mail:
Board Administration
One Gateway Plaza
MS: 99-3-1
Los Angeles, CA 90012"
3190,2025-06-04,Measure M Independent Taxpayer Oversight Committee,147170,,7,,,,,,,,0,0,Written Public Comment Instruction:
3190,2025-06-04,Measure M Independent Taxpayer Oversight Committee,147171,,6,,,,,,,,0,0,Los comentarios del público se tomaran cuando se toma cada tema. Para dar un comentario público sobre una tema ingrese # 2 (Tecla de numero y dos) cuando se le solicite. Tenga en cuenta que la transmisión de video en vivo se retrasa unos 30 segundos con respecto a la reunión real. No hay retraso en la línea de acceso telefónico para comentarios públicos.
3190,2025-06-04,Measure M Independent Taxpayer Oversight Committee,147172,,5,,,,,,,,0,0,"Los comentarios publicos en vivo se pueden dar por telefono o en persona.

La Reunion de la Junta comienza a las 10:00 AM, hora del Pacifico, el 4 de Junio de 2025. Puedes unirte a la llamada 5 minutos antes del comienso de la junta.

Marque: 888-978-8818 y ingrese el codigo
Codigo de acceso en ingles: 5647249#
Codigo de acceso en espanol: 7292892#"
3190,2025-06-04,Measure M Independent Taxpayer Oversight Committee,147173,,4,,,,,,,,0,0,Instrucciones para comentarios publicos en vivo:
3190,2025-06-04,Measure M Independent Taxpayer Oversight Committee,147174,,3,,,,,,,,0,0,"Public comment will be taken as the Board takes up each item. To give public
comment on an item, enter #2 (pound-two) when prompted. Please note that the live
video feed lags about 30 seconds behind the actual meeting. There is no lag on the
public comment dial-in line."
3190,2025-06-04,Measure M Independent Taxpayer Oversight Committee,147175,,2,,,,,,,,0,0,"Live public comment can be given by telephone or in-person.

The Meeting begins at 10:00 AM Pacific Time on June 4, 2025; you may join the call 5 minutes prior to the start of the meeting.

Dial-in: 888-978-8818 and enter
English Access Code: 5647249#
Spanish Access Code: 7292892#"
3190,2025-06-04,Measure M Independent Taxpayer Oversight Committee,147176,,1,,,,,,,,0,0,Live Public Comment Instructions:
3190,2025-06-04,Measure M Independent Taxpayer Oversight Committee,147177,,24,,,,,,,,0,0,
3190,2025-06-04,Measure M Independent Taxpayer Oversight Committee,147178,,23,,,,,,,,0,0,
3190,2025-06-04,Measure M Independent Taxpayer Oversight Committee,147179,4,14,11373,2025-0353,Oral Report / Presentation,,,,,0,0,RECEIVE oral report on review of the FY26 Budget to support discussion on the effective and efficient use of funds.
3190,2025-06-04,Measure M Independent Taxpayer Oversight Committee,147180,3,13,11413,2025-0394,Minutes,,,,,0,0,"APPROVE Minutes of the Measure M Independent Taxpayer Oversight Committee Meeting held March 5, 2025."
3190,2025-06-04,Measure M Independent Taxpayer Oversight Committee,147181,1,11,11412,2025-0393,Oral Report / Presentation,,,,,0,0,RECEIVE remarks by the Chair.
3190,2025-06-04,Measure M Independent Taxpayer Oversight Committee,147198,,22,,,,,,,,0,0,
3190,2025-06-04,Measure M Independent Taxpayer Oversight Committee,147199,,21,,,,,,,,0,0,
3190,2025-06-04,Measure M Independent Taxpayer Oversight Committee,147200,,20,,,,,,,,0,0,
3190,2025-06-04,Measure M Independent Taxpayer Oversight Committee,147201,9,19,11314,2025-0294,Oral Report / Presentation,,,,,0,0,"RECEIVE oral report on Measure M Active Transportation, Programmed Revenues, and uses to support discussion on the effective and efficient use of funds."
3190,2025-06-04,Measure M Independent Taxpayer Oversight Committee,147202,8,18,11232,2025-0212,Oral Report / Presentation,,,,,0,0,RECEIVE oral report on Transit and Highway Capital Projects to support discussion on the effective and efficient use of funds.
3190,2025-06-04,Measure M Independent Taxpayer Oversight Committee,147203,7,17,11261,2025-0241,Oral Report / Presentation,,,,,0,0,RECEIVE oral report on State of Good Repair budget and expenses.
3190,2025-06-04,Measure M Independent Taxpayer Oversight Committee,147204,6,16,11363,2025-0343,Oral Report / Presentation,,,,,0,0,RECEIVE oral report on Local Return programmed revenues and uses for Los Angeles County jurisdictions to support discussion on the effective and efficient use of funds.
3190,2025-06-04,Measure M Independent Taxpayer Oversight Committee,147205,5,15,11370,2025-0350,Oral Report / Presentation,,,,,0,0,RECEIVE oral report on review of the Measure M transit operations budget and countywide bus service metrics to support discussion on the effective and efficient use of funds.
3190,2025-06-04,Measure M Independent Taxpayer Oversight Committee,148862,2,12,11496,2025-0477,Oral Report / Presentation,,,,,0,0,RECEIVE remarks by the Chief Executive Officer.
3191,2025-07-16,Planning and Programming Committee,149433,,1,,,,,,,,0,0,page break
3191,2025-07-16,Planning and Programming Committee,149434,,2,,,,,,,,0,0,Live Public Comment Instructions:
3191,2025-07-16,Planning and Programming Committee,149435,,3,,,,,,,,0,0,"Live public comment can be given by telephone or in-person.

The Meeting begins at 11:00 AM Pacific Time on July 16, 2025; you may join the call 5 minutes prior to the start of the meeting.

Dial-in: 888-978-8818 and enter
English Access Code: 5647249#
Spanish Access Code: 7292892#"
3191,2025-07-16,Planning and Programming Committee,149436,,4,,,,,,,,0,0,"Public comment will be taken as the Board takes up each item. To give public  comment on an item, enter #2 (pound-two) when prompted. Please note that the live  video feed lags about 30 seconds behind the actual meeting. There is no lag on the  public comment dial-in line."
3191,2025-07-16,Planning and Programming Committee,149437,,5,,,,,,,,0,0,Instrucciones para comentarios publicos en vivo:
3191,2025-07-16,Planning and Programming Committee,149438,,6,,,,,,,,0,0,"Los comentarios publicos en vivo se pueden dar por telefono o en persona.

La Reunion de la Junta comienza a las 11:00 AM, hora del Pacifico, el 16 de Julio de 2025.
Puedes unirte a la llamada 5 minutos antes del comienso de la junta.

Marque: 888-978-8818 y ingrese el codigo
Codigo de acceso en ingles: 5647249#
Codigo de acceso en espanol: 7292892#"
3191,2025-07-16,Planning and Programming Committee,149439,,7,,,,,,,,0,0,Los comentarios del público se tomaran cuando se toma cada tema. Para dar un  comentario público sobre una tema ingrese # 2 (Tecla de numero y dos) cuando se le  solicite. Tenga en cuenta que la transmisión de video en vivo se retrasa unos 30  segundos con respecto a la reunión real. No hay retraso en la línea de acceso telefónico para comentarios públicos.
3191,2025-07-16,Planning and Programming Committee,149440,,8,,,,,,,,0,0,Written Public Comment Instruction:
3191,2025-07-16,Planning and Programming Committee,149441,,9,,,,,,,,0,0,"Written public comments must be received by 5PM the day before the meeting.
Please include the Item # in your comment and your position of “FOR,” “AGAINST,” ""GENERAL COMMENT,"" or ""ITEM NEEDS MORE CONSIDERATION.""
Email: BoardClerk@metro.net
Post Office Mail:
Board Administration
One Gateway Plaza
MS: 99-3-1
Los Angeles, CA 90012"
3191,2025-07-16,Planning and Programming Committee,149442,,10,,,,,,,,0,0,page break
3191,2025-07-16,Planning and Programming Committee,149443,,11,,,,,,,,0,0,CALL TO ORDER
3191,2025-07-16,Planning and Programming Committee,149444,,12,,,,,,,,0,0,ROLL CALL
3191,2025-07-16,Planning and Programming Committee,149445,,13,,,,,,,,0,0,"APPROVE Consent Calendar Items: 5, 6, 7, 8, and 9. 

Consent Calendar items are approved by one motion unless held by a Director for discussion and/or separate action. "
3191,2025-07-16,Planning and Programming Committee,149757,13,25,11389,2025-0369,Informational Report,,,,,0,0,RECEIVE AND FILE status report on Countywide Planning Major Project Status Report.
3191,2025-07-16,Planning and Programming Committee,149758,,26,11582,2025-0563,Informational Report,,,,,0,0,RECEIVE General Public Comment
3191,2025-07-16,Planning and Programming Committee,149759,,27,,,,,,,,0,0,"Consideration of items not on the posted agenda, including: items to be presented and (if requested) referred to staff; items to be placed on the agenda for action at a future meeting of the Committee or Board; and/or items requiring immediate action because of an emergency situation or where the need to take immediate action came to the attention of the Committee subsequent to the posting of the agenda."
3191,2025-07-16,Planning and Programming Committee,149760,,28,,,,,,,,0,0,COMMENTS FROM THE PUBLIC ON ITEMS OF PUBLIC INTEREST WITHIN COMMITTEE’S SUBJECT MATTER JURISDICTION
3191,2025-07-16,Planning and Programming Committee,149761,,29,,,,,,,,0,0,Adjournment
3191,2025-07-16,Planning and Programming Committee,151237,12,23,11562,2025-0543,Policy,,,,,0,0,ADOPT the recommended Metro Cost Benefit Analysis Methodology (Attachment A).
3191,2025-07-16,Planning and Programming Committee,151238,5,15,11342,2025-0322,Contract,,,,,0,0,"AUTHORIZE the Chief Executive Officer to execute Modification No. 2 to Contract No. PS66007000 with L & R Auto Parks, Inc. DBA Joe’s Auto Parks (Joe’s Auto Parks) to exercise the two, one-year options for $13,491,977, increasing the total contract value from $26,878,513 to $40,370,490; and to extend the period of performance from September 2, 2025, to September 1, 2027, covering park and ride facilities at up to 72 transit stations across Los Angeles County."
3191,2025-07-16,Planning and Programming Committee,151239,,14,,,,,,,,0,0,CONSENT CALENDAR
3191,2025-07-16,Planning and Programming Committee,151240,11,22,11115,2025-0095,Policy,,,,,0,0,"CONSIDER:

A.	RECEIVING AND FILING an update on the Board of Directors’ goal of producing 10,000 housing units through Metro’s Joint Development program and progress to date; and  

B.	ADOPTING the amended Joint Development Policy (Attachment A)."
3191,2025-07-16,Planning and Programming Committee,151241,10,21,11447,2025-0428,Program,,,,,0,0,AUTHORIZE the Chief Executive Officer (CEO) or their designee to submit to the Southern California Association of Governments (SCAG) the project ranking recommendations for Los Angeles County for Congestion Mitigation and Air Quality Improvement Program (CMAQ) and Surface Transportation Block Grant Program (STBG) funding for federal fiscal year 2027 through 2028 (Attachment A).
3191,2025-07-16,Planning and Programming Committee,151242,,20,,,,,,,,0,0,NON-CONSENT
3191,2025-07-16,Planning and Programming Committee,151243,9,19,11494,2025-0475,Plan,,,,,0,0,"ADOPT the locally developed 2025-2028 Coordinated Public Transit-Human Services Transportation Plan (“Coordinated Plan” or “Plan”) for Los Angeles County (Attachment A), as required under the Federal Transit Administration (FTA) Section 5310 Enhanced Mobility of Seniors and Individuals with Disabilities Program."
3191,2025-07-16,Planning and Programming Committee,151244,8,18,11476,2025-0457,Program,,,,,0,0,"CONSIDER: 

A.	APPROVING the Access for All Program funding awards totaling $5,855,760 as shown in Attachment A, made available to Metro through the State of California’s Access for All Program; and

B.	AUTHORIZING the Chief Executive Officer (CEO) or their designee to negotiate and execute funding agreements with the entities receiving awards."
3191,2025-07-16,Planning and Programming Committee,151245,7,17,11468,2025-0449,Agreement,,,,,0,0,"CONSIDER:

A.	ADOPTING a resolution of the Board of Directors (“Board”) of the Los Angeles County Metropolitan Transportation Authority (“Metro”) approving the execution of a Memorandum of Understanding (“MOU”) to receive funding from the Southern California Association of Governments (“SCAG”) for the Regional Early Action Planning Grant Program of 2021 (Attachment A); 

B.	AUTHORIZING the Chief Executive Officer (CEO), or designee, to negotiate and execute an MOU between SCAG and Metro  in an a"
3191,2025-07-16,Planning and Programming Committee,151246,6,16,11390,2025-0370,Contract,,,,,0,0,"AUTHORIZE the Chief Executive Officer (CEO) to:

A.	EXECUTE Modification No. 1 to the Countywide Planning & Development Bench Contract Nos. PS95050000 through PS95050025 to increase the three-year base period funding amount by $15 million, increasing the total Not-To-Exceed (NTE) cumulative base contract amount from $30 million to $45 million; 

B.	EXECUTE Modification No. 4 to the Regional Rail Planning and Environmental On-Call Services Bench Contract Nos. AE56752000 through AE56752005 to "
3191,2025-07-16,Planning and Programming Committee,151247,,24,,,,,,,,0,0,(ALSO ON CONSTRUCTION COMMITTEE)
3192,2025-07-16,Construction Committee,149770,,1,,,,,,,,0,0,page break
3192,2025-07-16,Construction Committee,149771,,2,,,,,,,,0,0,Live Public Comment Instructions:
3192,2025-07-16,Construction Committee,149772,,3,,,,,,,,0,0,"Live public comment can be given by telephone or in-person.

The Meeting begins at 1:00 PM Pacific Time on July 16, 2025; you may join the call 5 minutes prior to the start of the meeting.

Dial-in: 888-978-8818 and enter
English Access Code: 5647249#
Spanish Access Code: 7292892#"
3192,2025-07-16,Construction Committee,149773,,4,,,,,,,,0,0,"Public comment will be taken as the Board takes up each item. To give public  comment on an item, enter #2 (pound-two) when prompted. Please note that the live  video feed lags about 30 seconds behind the actual meeting. There is no lag on the  public comment dial-in line."
3192,2025-07-16,Construction Committee,149774,,5,,,,,,,,0,0,Instrucciones para comentarios publicos en vivo:
3192,2025-07-16,Construction Committee,149775,,6,,,,,,,,0,0,"Los comentarios publicos en vivo se pueden dar por telefono o en persona.

La Reunion de la Junta comienza a las 1:00 PM, hora del Pacifico, el 16 de Julio de 2025.
Puedes unirte a la llamada 5 minutos antes del comienso de la junta.

Marque: 888-978-8818 y ingrese el codigo
Codigo de acceso en ingles: 5647249#
Codigo de acceso en espanol: 7292892#"
3192,2025-07-16,Construction Committee,149776,,7,,,,,,,,0,0,Los comentarios del público se tomaran cuando se toma cada tema. Para dar un  comentario público sobre una tema ingrese # 2 (Tecla de numero y dos) cuando se le  solicite. Tenga en cuenta que la transmisión de video en vivo se retrasa unos 30  segundos con respecto a la reunión real. No hay retraso en la línea de acceso telefónico para comentarios públicos.
3192,2025-07-16,Construction Committee,149777,,8,,,,,,,,0,0,Written Public Comment Instruction:
3192,2025-07-16,Construction Committee,149778,,9,,,,,,,,0,0,"Written public comments must be received by 5PM the day before the meeting.
Please include the Item # in your comment and your position of “FOR,” “AGAINST,” ""GENERAL COMMENT,"" or ""ITEM NEEDS MORE CONSIDERATION.""
Email: BoardClerk@metro.net
Post Office Mail:
Board Administration
One Gateway Plaza
MS: 99-3-1
Los Angeles, CA 90012"
3192,2025-07-16,Construction Committee,149779,,10,,,,,,,,0,0,page break
3192,2025-07-16,Construction Committee,149780,,11,,,,,,,,0,0,CALL TO ORDER
3192,2025-07-16,Construction Committee,149781,,12,,,,,,,,0,0,ROLL CALL
3192,2025-07-16,Construction Committee,149782,,14,,,,,,,,0,0,CONSENT CALENDAR 
3192,2025-07-16,Construction Committee,150056,19,24,11388,2025-0368,Oral Report / Presentation,,,,,0,0,RECEIVE the quarterly oral report on the status of the Caltrans construction projects.
3192,2025-07-16,Construction Committee,150057,,25,11577,2025-0558,Informational Report,,,,,0,0,RECEIVE General Public Comment
3192,2025-07-16,Construction Committee,150058,,26,,,,,,,,0,0,"Consideration of items not on the posted agenda, including: items to be presented and (if requested) referred to staff; items to be placed on the agenda for action at a future meeting of the Committee or Board; and/or items requiring immediate action because of an emergency situation or where the need to take immediate action came to the attention of the Committee subsequent to the posting of the agenda."
3192,2025-07-16,Construction Committee,150059,,27,,,,,,,,0,0,COMMENTS FROM THE PUBLIC ON ITEMS OF PUBLIC INTEREST WITHIN COMMITTEE’S SUBJECT MATTER JURISDICTION
3192,2025-07-16,Construction Committee,150060,,28,,,,,,,,0,0,Adjournment
3192,2025-07-16,Construction Committee,151248,18,23,11484,2025-0465,Informational Report,,,,,0,0,"RECEIVE AND FILE Office of the Inspector General Construction Change Order Spot Check Report for the period March 1, 2025, to May 31, 2025."
3192,2025-07-16,Construction Committee,151249,17,22,11215,2025-0195,Oral Report / Presentation,,,,,0,0,RECEIVE AND FILE this Program Management Project Status Report that summarizes capital program performance through May 2025.
3192,2025-07-16,Construction Committee,151250,,21,,,,,,,,0,0,(ALSO ON PLANNING AND PROGRAMMING COMMITTEE)
3192,2025-07-16,Construction Committee,151251,12,20,11562,2025-0543,Policy,,,,,0,0,ADOPT the recommended Metro Cost Benefit Analysis Methodology (Attachment A).
3192,2025-07-16,Construction Committee,151252,16,19,11539,2025-0520,Plan,WITHDRAWN,,,,0,0,WITHDRAWN: AUTHORIZE the Chief Executive Officer to execute the FY26 Annual Work Plan Budget for the City of Los Angeles (Attachment A).
3192,2025-07-16,Construction Committee,151253,15,17,11393,2025-0373,Contract,,,,,0,0,"AUTHORIZE the Chief Executive Officer to:

A.	AWARD a cost-plus fixed fee Indefinite Delivery / Indefinite Quantity Contract No. AE128436MC085, to Zephyr UAS, Inc., to provide Construction Management Support Services for Capital Improvement Projects, for a period of five years in an amount Not-To-Exceed (NTE) $50,000,000, subject to the resolution of any properly submitted protest(s), if any; and 

B.	EXECUTE individual Task Orders within the Board-approved contract amount."
3192,2025-07-16,Construction Committee,151254,,16,,,,,,,,0,0,NON-CONSENT
3192,2025-07-16,Construction Committee,151255,14,15,11526,2025-0507,Informational Report,,,,,0,0,RECEIVE AND FILE this status report on Program Management Quarterly Changes.
3192,2025-07-16,Construction Committee,151256,,13,,,,,,,,0,0,"APPROVE Consent Calendar Item: 14. 

Consent Calendar items are approved by one motion unless held by a Director for discussion and/or separate action."
3192,2025-07-16,Construction Committee,151298,,18,,,,,,,,0,0,page break
3193,2025-07-17,"Finance, Budget and Audit Committee",150061,,1,,,,,,,,0,0,page break
3193,2025-07-17,"Finance, Budget and Audit Committee",150062,,2,,,,,,,,0,0,Live Public Comment Instructions:
3193,2025-07-17,"Finance, Budget and Audit Committee",150063,,3,,,,,,,,0,0,"Live public comment can be given by telephone or in-person.

The Meeting begins at 10:00 AM Pacific Time on July 17, 2025; you may join the call 5 minutes prior to the start of the meeting.

Dial-in: 888-978-8818 and enter
English Access Code: 5647249#
Spanish Access Code: 7292892#"
3193,2025-07-17,"Finance, Budget and Audit Committee",150064,,4,,,,,,,,0,0,"Public comment will be taken as the Board takes up each item. To give public  comment on an item, enter #2 (pound-two) when prompted. Please note that the live  video feed lags about 30 seconds behind the actual meeting. There is no lag on the  public comment dial-in line."
3193,2025-07-17,"Finance, Budget and Audit Committee",150065,,5,,,,,,,,0,0,Instrucciones para comentarios publicos en vivo:
3193,2025-07-17,"Finance, Budget and Audit Committee",150066,,6,,,,,,,,0,0,"Los comentarios publicos en vivo se pueden dar por telefono o en persona.

La Reunion de la Junta comienza a las 10:00 AM, hora del Pacifico, el 17 de Julio de 2025.
Puedes unirte a la llamada 5 minutos antes del comienso de la junta.

Marque: 888-978-8818 y ingrese el codigo
Codigo de acceso en ingles: 5647249#
Codigo de acceso en espanol: 7292892#"
3193,2025-07-17,"Finance, Budget and Audit Committee",150067,,7,,,,,,,,0,0,Los comentarios del público se tomaran cuando se toma cada tema. Para dar un  comentario público sobre una tema ingrese # 2 (Tecla de numero y dos) cuando se le  solicite. Tenga en cuenta que la transmisión de video en vivo se retrasa unos 30  segundos con respecto a la reunión real. No hay retraso en la línea de acceso telefónico para comentarios públicos.
3193,2025-07-17,"Finance, Budget and Audit Committee",150068,,8,,,,,,,,0,0,Written Public Comment Instruction:
3193,2025-07-17,"Finance, Budget and Audit Committee",150069,,9,,,,,,,,0,0,"Written public comments must be received by 5PM the day before the meeting.
Please include the Item # in your comment and your position of “FOR,” “AGAINST,” ""GENERAL COMMENT,"" or ""ITEM NEEDS MORE CONSIDERATION.""
Email: BoardClerk@metro.net
Post Office Mail:
Board Administration
One Gateway Plaza
MS: 99-3-1
Los Angeles, CA 90012"
3193,2025-07-17,"Finance, Budget and Audit Committee",150070,,10,,,,,,,,0,0,page break
3193,2025-07-17,"Finance, Budget and Audit Committee",150071,,11,,,,,,,,0,0,CALL TO ORDER
3193,2025-07-17,"Finance, Budget and Audit Committee",150072,,12,,,,,,,,0,0,ROLL CALL
3193,2025-07-17,"Finance, Budget and Audit Committee",150343,,25,11579,2025-0560,Informational Report,,,,,0,0,RECEIVE General Public Comment
3193,2025-07-17,"Finance, Budget and Audit Committee",150344,,26,,,,,,,,0,0,"Consideration of items not on the posted agenda, including: items to be presented and (if requested) referred to staff; items to be placed on the agenda for action at a future meeting of the Committee or Board; and/or items requiring immediate action because of an emergency situation or where the need to take immediate action came to the attention of the Committee subsequent to the posting of the agenda."
3193,2025-07-17,"Finance, Budget and Audit Committee",150345,,27,,,,,,,,0,0,COMMENTS FROM THE PUBLIC ON ITEMS OF PUBLIC INTEREST WITHIN COMMITTEE’S SUBJECT MATTER JURISDICTION
3193,2025-07-17,"Finance, Budget and Audit Committee",150346,,28,,,,,,,,0,0,Adjournment
3193,2025-07-17,"Finance, Budget and Audit Committee",151257,,24,,,,,,,,0,0,
3193,2025-07-17,"Finance, Budget and Audit Committee",151258,25,23,11470,2025-0451,Informational Report,,,,,0,0,"RECEIVE AND FILE the report on the:

A.	Fiscal Year 2022 to 2024 Triennial Performance Reviews of Los Angeles County Transit Operators, and Metro Operations (Attachment A); and

B.	Fiscal Year 2022 to 2024 Triennial Performance Review of Metro as the Regional Transportation Planning Agency (RTPA) (Attachment B)."
3193,2025-07-17,"Finance, Budget and Audit Committee",151260,24,21,11538,2025-0519,Informational Report,,,,,0,0,"RECEIVE AND FILE the Consolidated Audit Financial and Compliance Reports completed by Vasquez and Company (Vasquez) and Simpson and Simpson (Simpson), certified public accountants, for the fiscal year ended June 30, 2024 (FY24)."
3193,2025-07-17,"Finance, Budget and Audit Committee",151261,23,20,11446,2025-0427,Plan,,,,,0,0,ADOPT the Fiscal Year 2026 (FY26) Proposed Annual Audit Plan (Attachment A).
3193,2025-07-17,"Finance, Budget and Audit Committee",151262,,14,,,,,,,,0,0,CONSENT CALENDAR
3193,2025-07-17,"Finance, Budget and Audit Committee",151263,,13,,,,,,,,0,0,"APPROVE Consent Calendar Item: 20, 21, and 22. 

Consent Calendar items are approved by one motion unless held by a Director for discussion
and/or separate action."
3193,2025-07-17,"Finance, Budget and Audit Committee",151264,,19,,,,,,,,0,0,NON-CONSENT
3193,2025-07-17,"Finance, Budget and Audit Committee",151265,22,18,11326,2025-0306,Informational Report,,,,,0,0,"RECEIVE AND FILE the Office of the Inspector General (OIG) Final Report on the Statutorily Mandated Audit of Miscellaneous Expenses for the Period of April 1, 2024, to June 30, 2024."
3193,2025-07-17,"Finance, Budget and Audit Committee",151266,21,16,11365,2025-0345,Program,,,,,0,0,"AUTHORIZE the Chief Executive Officer to negotiate and purchase a cybersecurity liability insurance policy with up to $50 million in limits at a not-to-exceed premium of $3.104 million for the 12-month period effective September 1, 2025, to September 1, 2026."
3193,2025-07-17,"Finance, Budget and Audit Committee",151267,20,15,11212,2025-0192,Contract,,,,,0,0,"AUTHORIZE the Chief Executive Officer to execute Modification No. 1 to the Workers’ Compensation Temporary Staffing Services Bench Contract No. PS48678001 with Lancesoft, Inc. and Contract No. PS48678002 with The Best Claims Solutions in an amount Not-To-Exceed (NTE) $1,000,000, increasing the cumulative contract value from $500,000 to $1,500,000."
3193,2025-07-17,"Finance, Budget and Audit Committee",151299,,17,,,,,,,,0,0,page break
3193,2025-07-17,"Finance, Budget and Audit Committee",151300,,22,,,,,,,,0,0,page break
3194,2025-07-17,Executive Management Committee,150347,,1,,,,,,,,0,0,page break
3194,2025-07-17,Executive Management Committee,150348,,2,,,,,,,,0,0,Live Public Comment Instructions:
3194,2025-07-17,Executive Management Committee,150349,,3,,,,,,,,0,0,"Live public comment can be given by telephone or in-person.

The Meeting begins at 11:00 AM Pacific Time on July 17, 2025; you may join the call 5 minutes prior to the start of the meeting.

Dial-in: 888-978-8818 and enter
English Access Code: 5647249#
Spanish Access Code: 7292892#"
3194,2025-07-17,Executive Management Committee,150350,,4,,,,,,,,0,0,"Public comment will be taken as the Board takes up each item. To give public  comment on an item, enter #2 (pound-two) when prompted. Please note that the live  video feed lags about 30 seconds behind the actual meeting. There is no lag on the  public comment dial-in line."
3194,2025-07-17,Executive Management Committee,150351,,5,,,,,,,,0,0,Instrucciones para comentarios publicos en vivo:
3194,2025-07-17,Executive Management Committee,150352,,6,,,,,,,,0,0,"Los comentarios publicos en vivo se pueden dar por telefono o en persona.

La Reunion de la Junta comienza a las 11:00 AM, hora del Pacifico, el 17 de Julio de 2025.
Puedes unirte a la llamada 5 minutos antes del comienso de la junta.

Marque: 888-978-8818 y ingrese el codigo
Codigo de acceso en ingles: 5647249#
Codigo de acceso en espanol: 7292892#"
3194,2025-07-17,Executive Management Committee,150353,,7,,,,,,,,0,0,Los comentarios del público se tomaran cuando se toma cada tema. Para dar un  comentario público sobre una tema ingrese # 2 (Tecla de numero y dos) cuando se le  solicite. Tenga en cuenta que la transmisión de video en vivo se retrasa unos 30  segundos con respecto a la reunión real. No hay retraso en la línea de acceso telefónico para comentarios públicos.
3194,2025-07-17,Executive Management Committee,150354,,8,,,,,,,,0,0,Written Public Comment Instruction:
3194,2025-07-17,Executive Management Committee,150355,,9,,,,,,,,0,0,"Written public comments must be received by 5PM the day before the meeting.
Please include the Item # in your comment and your position of “FOR,” “AGAINST,” ""GENERAL COMMENT,"" or ""ITEM NEEDS MORE CONSIDERATION.""
Email: BoardClerk@metro.net
Post Office Mail:
Board Administration
One Gateway Plaza
MS: 99-3-1
Los Angeles, CA 90012"
3194,2025-07-17,Executive Management Committee,150356,,10,,,,,,,,0,0,page break
3194,2025-07-17,Executive Management Committee,150357,,11,,,,,,,,0,0,CALL TO ORDER
3194,2025-07-17,Executive Management Committee,150358,,12,,,,,,,,0,0,ROLL CALL
3194,2025-07-17,Executive Management Committee,150359,27,17,11073,2025-0053,Program,,,,,0,0,"CONSIDER:

A.	RECEIVING AND FILING an update on the Acquisition Incentive Pilot Program (“Pilot Program”) for the East San Fernando Valley Light Rail Project (“ESFV”); and

B.	APPROVING amendments to the Pilot Program by adding incentive payments for Improvements Pertaining to Realty (IPR), adjusting relocation benefits to be in accordance with Federal regulations adopted since the approval of the Pilot Program, and adding the Southeast Gateway Line Project (SGL) to the Pilot Program, contingent"
3194,2025-07-17,Executive Management Committee,150640,29,20,11555,2025-0536,Informational Report,,,,,0,0,RECEIVE AND FILE July 2025 Federal and State Legislative Report.
3194,2025-07-17,Executive Management Committee,150641,,21,11578,2025-0559,Informational Report,,,,,0,0,RECEIVE General Public Comment
3194,2025-07-17,Executive Management Committee,150642,,22,,,,,,,,0,0,"Consideration of items not on the posted agenda, including: items to be presented and (if requested) referred to staff; items to be placed on the agenda for action at a future meeting of the Committee or Board; and/or items requiring immediate action because of an emergency situation or where the need to take immediate action came to the attention of the Committee subsequent to the posting of the agenda."
3194,2025-07-17,Executive Management Committee,150643,,23,,,,,,,,0,0,COMMENTS FROM THE PUBLIC ON ITEMS OF PUBLIC INTEREST WITHIN COMMITTEE’S SUBJECT MATTER JURISDICTION
3194,2025-07-17,Executive Management Committee,150644,,24,,,,,,,,0,0,Adjournment
3194,2025-07-17,Executive Management Committee,151268,,16,,,,,,,,0,0,NON-CONSENT
3194,2025-07-17,Executive Management Committee,151269,26,15,11482,2025-0463,Policy,,,,,0,0,"ADOPT Title VI Service and Fare Equity Analysis Policies which include: 

·	Major Service Change Policy (Attachment A);

·	Disparate Impact Policy (Attachment B); and

·	Disproportionate Burden Policy (Attachment C)."
3194,2025-07-17,Executive Management Committee,151270,,14,,,,,,,,0,0,CONSENT CALENDAR
3194,2025-07-17,Executive Management Committee,151271,,13,,,,,,,,0,0,"APPROVE Consent Calendar Item: 26.  

Consent Calendar items are approved by one motion unless held by a Director for discussion
and/or separate action."
3194,2025-07-17,Executive Management Committee,151294,28,19,11585,2025-0566,Project,,,,,0,0,"CONSIDER: 

A.	RECEIVING AND FILING a Landmark Unsolicited Proposal to develop Metro Workforce Housing; and

B.	AUTHORIZING the Chief Executive Officer (CEO) to proceed with Phase Two evaluation of the Landmark Unsolicited Proposal to develop Metro Workforce Housing adjacent to the Leimert Park K Line Station."
3194,2025-07-17,Executive Management Committee,151301,,18,,,,,,,,0,0,
3195,2025-07-17,"Operations, Safety, and Customer Experience Committee",150645,,1,,,,,,,,0,0,page break
3195,2025-07-17,"Operations, Safety, and Customer Experience Committee",150646,,2,,,,,,,,0,0,Live Public Comment Instructions:
3195,2025-07-17,"Operations, Safety, and Customer Experience Committee",150647,,3,,,,,,,,0,0,"Live public comment can be given by telephone or in-person.

The Meeting begins at 1:00 PM Pacific Time on July 17, 2025; you may join the call 5 minutes prior to the start of the meeting.

Dial-in: 888-978-8818 and enter
English Access Code: 5647249#
Spanish Access Code: 7292892#"
3195,2025-07-17,"Operations, Safety, and Customer Experience Committee",150648,,4,,,,,,,,0,0,"Public comment will be taken as the Board takes up each item. To give public  comment on an item, enter #2 (pound-two) when prompted. Please note that the live  video feed lags about 30 seconds behind the actual meeting. There is no lag on the  public comment dial-in line."
3195,2025-07-17,"Operations, Safety, and Customer Experience Committee",150649,,5,,,,,,,,0,0,Instrucciones para comentarios publicos en vivo:
3195,2025-07-17,"Operations, Safety, and Customer Experience Committee",150650,,6,,,,,,,,0,0,"Los comentarios publicos en vivo se pueden dar por telefono o en persona.

La Reunion de la Junta comienza a las 1:00 PM, hora del Pacifico, el 17 de Julio de 2025.
Puedes unirte a la llamada 5 minutos antes del comienso de la junta.

Marque: 888-978-8818 y ingrese el codigo
Codigo de acceso en ingles: 5647249#
Codigo de acceso en espanol: 7292892#"
3195,2025-07-17,"Operations, Safety, and Customer Experience Committee",150651,,7,,,,,,,,0,0,Los comentarios del público se tomaran cuando se toma cada tema. Para dar un  comentario público sobre una tema ingrese # 2 (Tecla de numero y dos) cuando se le  solicite. Tenga en cuenta que la transmisión de video en vivo se retrasa unos 30  segundos con respecto a la reunión real. No hay retraso en la línea de acceso telefónico para comentarios públicos.
3195,2025-07-17,"Operations, Safety, and Customer Experience Committee",150652,,8,,,,,,,,0,0,Written Public Comment Instruction:
3195,2025-07-17,"Operations, Safety, and Customer Experience Committee",150653,,9,,,,,,,,0,0,"Written public comments must be received by 5PM the day before the meeting.
Please include the Item # in your comment and your position of “FOR,” “AGAINST,” ""GENERAL COMMENT,"" or ""ITEM NEEDS MORE CONSIDERATION.""
Email: BoardClerk@metro.net
Post Office Mail:
Board Administration
One Gateway Plaza
MS: 99-3-1
Los Angeles, CA 90012"
3195,2025-07-17,"Operations, Safety, and Customer Experience Committee",150654,,10,,,,,,,,0,0,page break
3195,2025-07-17,"Operations, Safety, and Customer Experience Committee",150655,,11,,,,,,,,0,0,CALL TO ORDER
3195,2025-07-17,"Operations, Safety, and Customer Experience Committee",150656,,12,,,,,,,,0,0,ROLL CALL
3195,2025-07-17,"Operations, Safety, and Customer Experience Committee",150657,45,34,11528,2025-0509,Informational Report,,,,,0,0,RECEIVE AND FILE status report on Metro’s Response to Eaton & Pacific Palisades Wildfires.
3195,2025-07-17,"Operations, Safety, and Customer Experience Committee",151033,,35,,,,,,,,0,0, 
3195,2025-07-17,"Operations, Safety, and Customer Experience Committee",151034,,36,11580,2025-0561,Informational Report,,,,,0,0,RECEIVE General Public Comment
3195,2025-07-17,"Operations, Safety, and Customer Experience Committee",151035,,37,,,,,,,,0,0,"Consideration of items not on the posted agenda, including: items to be presented and (if requested) referred to staff; items to be placed on the agenda for action at a future meeting of the Committee or Board; and/or items requiring immediate action because of an emergency situation or where the need to take immediate action came to the attention of the Committee subsequent to the posting of the agenda."
3195,2025-07-17,"Operations, Safety, and Customer Experience Committee",151036,,38,,,,,,,,0,0,COMMENTS FROM THE PUBLIC ON ITEMS OF PUBLIC INTEREST WITHIN COMMITTEE’S SUBJECT MATTER JURISDICTION
3195,2025-07-17,"Operations, Safety, and Customer Experience Committee",151037,,39,,,,,,,,0,0,Adjournment
3195,2025-07-17,"Operations, Safety, and Customer Experience Committee",151273,44,33,11527,2025-0508,Informational Report,,,,,0,0,RECEIVE AND FILE the Public Safety Report.
3195,2025-07-17,"Operations, Safety, and Customer Experience Committee",151274,43,32,11325,2025-0305,Informational Report,,,,,0,0,RECEIVE AND FILE status update on NextGen Bus Ridership.
3195,2025-07-17,"Operations, Safety, and Customer Experience Committee",151275,42,31,11492,2025-0473,Oral Report / Presentation,,,,,0,0,RECEIVE AND FILE status report on Metro Micro pilot service operations.
3195,2025-07-17,"Operations, Safety, and Customer Experience Committee",151276,41,29,10832,2024-0977,Oral Report / Presentation,,,,,0,0,RECEIVE oral report on the ZEB Program. in response to Motion 31.1.
3195,2025-07-17,"Operations, Safety, and Customer Experience Committee",151277,40,28,11481,2025-0462,Oral Report / Presentation,,,,,0,0,RECEIVE oral report on Metro Operations.
3195,2025-07-17,"Operations, Safety, and Customer Experience Committee",151278,39,27,11495,2025-0476,Contract,,,,,0,0,"AUTHORIZE the Chief Executive Officer to:

A.	AWARD Contract Nos. AE52668000 with Kimley-Horn and Associates, Inc.; AE52668001 with Iteris, Inc.; AE52668002 with Parsons Transportation Group, Inc.; and AE52668003 with Advantec Consulting Engineers, Inc., respectively, for the Shared Mobility Intelligent Transportation Systems On-Call Services bench for a four-year period for a cumulative Not-To-Exceed (NTE) amount of $50,000,000, subject to the resolution of any properly submitted protest(s), "
3195,2025-07-17,"Operations, Safety, and Customer Experience Committee",151279,38,26,11347,2025-0327,Contract,,,,,0,0,"AUTHORIZE the Chief Executive Officer to:

A.	ESTABLISH a Life-of-Project (LOP) Budget of $17,000,000 for the Rail Operations Control (ROC) Facility Expansion Project;

B.	AWARD a firm fixed price, sole source Contract No. C130977000 to Williams Scotsman, Inc. dba WillScot, in the amount of $13,200,048, for the design and construction of a multi-modular building, to relocate Los Angeles County Sherriff’s Department (LASD) personnel to Metro Division 4 that are currently housed at the ROC and"
3195,2025-07-17,"Operations, Safety, and Customer Experience Committee",151280,37,25,11324,2025-0304,Policy,,,,,0,0,ADOPT the 2025 Transit Service Policy (Attachment A).
3195,2025-07-17,"Operations, Safety, and Customer Experience Committee",151281,36,24,10994,2024-1139,Policy,,,,,0,0,"ADOPT the Metro Non-Revenue Vehicle Procurement Policy (Attachment A).

YAROSLAVSKY AMENDMENT: In the policy under Section VI.1, bullet 3, strike through ""and the Chief Operating Officer (COO)"" and report back annually on the implementation of the policy."
3195,2025-07-17,"Operations, Safety, and Customer Experience Committee",151282,35,23,11480,2025-0461,Oral Report / Presentation,,,,,0,0,RECOGNIZE Operations Employees of the Month.
3195,2025-07-17,"Operations, Safety, and Customer Experience Committee",151283,,22,,,,,,,,0,0,NON-CONSENT
3195,2025-07-17,"Operations, Safety, and Customer Experience Committee",151285,33,20,11525,2025-0506,Contract,,,,,0,0,"AUTHORIZE the Chief Executive Officer to:

A.	EXECUTE Contract Modification No. 31 to Contract No PS20113000, a cost plus fixed-fee contract with CH2M Hill, Inc. for the P2000 Light Rail Vehicle (LRV) Overhaul Program Consultant Support Services, increasing the Not-To-Exceed (NTE) contract price by $1,448,394.00 from $9,563,696.20 to $11,012,090.20, and extending the period of performance from December 31, 2025, to June 30, 2026; and

B.	EXECUTE individual contract modifications within the Board"
3195,2025-07-17,"Operations, Safety, and Customer Experience Committee",151287,32,18,11479,2025-0460,Policy,,,,,0,0,"APPROVE the D Line Subway Extension Project Sections 1, 2, and 3 Title VI Service and Fare Equity Analysis (Attachment A)."
3195,2025-07-17,"Operations, Safety, and Customer Experience Committee",151288,31,17,11425,2025-0406,Contract,,,,,0,0,"AUTHORIZE the Chief Executive Officer to:

A.	AWARD a firm fixed unit rate Contract No. OP91160(3)001R1 for Region 1 to Strive Well-Being, Inc. to provide graffiti abatement services in the Not-To-Exceed (NTE) amount of $2,683,930 for the three-year base period, and $1,991,400 for the one, two-year option term, for a combined NTE amount of $4,675,330, effective October 1, 2025, subject to the resolution of any properly submitted protest(s), if any;

B.	AWARD a firm fixed unit rate Contract No. O"
3195,2025-07-17,"Operations, Safety, and Customer Experience Committee",151289,30,15,11289,2025-0269,Contract,,,,,0,0,"AUTHORIZE the Chief Executive Officer to: 

A.	AWARD a six-year firm fixed unit rate Consultant Bench contract to six firms in an amount Not-To-Exceed (NTE) $6,886,296.00, inclusive of $5,347,296 for Discipline A (Rail) and $1,539,000 for Discipline B (Bus), subject to the resolution of properly submitted protest(s), if any; and 

Discipline A: Rail
1.	AtkinsRealis USA, Inc. - OP127274000
2.	DB E.C.O. North America, Inc. - OP127274001
3.	Hatch Associates Consultants, Inc. - OP127274002
4.	Mott M"
3195,2025-07-17,"Operations, Safety, and Customer Experience Committee",151290,,14,,,,,,,,0,0,CONSENT CALENDAR
3195,2025-07-17,"Operations, Safety, and Customer Experience Committee",151291,,13,,,,,,,,0,0,"APPROVE Consent Calendar Items: 30, 31, 32, 33, and 34.

Consent Calendar items are approved by one motion unless held by a Director for discussion
and/or separate action."
3195,2025-07-17,"Operations, Safety, and Customer Experience Committee",151303,,16,,,,,,,,0,0,page break
3195,2025-07-17,"Operations, Safety, and Customer Experience Committee",151304,,19,,,,,,,,0,0,page break
3195,2025-07-17,"Operations, Safety, and Customer Experience Committee",151306,34,21,11501,2025-0482,Contract,,,,,0,0,"AUTHORIZE the Chief Executive Officer (CEO) to:

A.	EXECUTE Modification No. 19 to Contract No. PS272680011357 with Bicycle Transit Systems, Inc. (BTS) to exercise up to three, one-month options each separately as needed from September 1, 2025, to November 30, 2025, to continue Metro Bike Share (MBS) program services in an amount not to exceed $3,627,011, increasing the total contract value from $121,022,457 to $124,649,468; and 

B.	EXECUTE future Modifications to Contract No. PS27268001135"
3195,2025-07-17,"Operations, Safety, and Customer Experience Committee",151307,,30,,,,,,,,0,0,page break
3196,2025-07-24,Board of Directors - Regular Board Meeting,151038,,1,,,,,,,,0,0,page break
3196,2025-07-24,Board of Directors - Regular Board Meeting,151039,,2,,,,,,,,0,0,Live Public Comment Instructions:
3196,2025-07-24,Board of Directors - Regular Board Meeting,151040,,3,,,,,,,,0,0,"Live public comment can be given by telephone or in-person.

The Meeting begins at 10:00 AM Pacific Time on July 24, 2025; you may join the call 5 minutes prior to the start of the meeting.

Dial-in: 888-978-8818 and enter
English Access Code: 5647249#
Spanish Access Code: 7292892#"
3196,2025-07-24,Board of Directors - Regular Board Meeting,151041,,4,,,,,,,,0,0,"Public comment will be taken as the Board takes up each item. To give public  comment on an item, enter #2 (pound-two) when prompted. Please note that the live  video feed lags about 30 seconds behind the actual meeting. There is no lag on the  public comment dial-in line."
3196,2025-07-24,Board of Directors - Regular Board Meeting,151042,,5,,,,,,,,0,0,Instrucciones para comentarios publicos en vivo:
3196,2025-07-24,Board of Directors - Regular Board Meeting,151043,,6,,,,,,,,0,0,"Los comentarios publicos en vivo se pueden dar por telefono o en persona.

La Reunion de la Junta comienza a las 10:00 AM, hora del Pacifico, el 24 de Julio de 2025.
Puedes unirte a la llamada 5 minutos antes del comienso de la junta.

Marque: 888-978-8818 y ingrese el codigo
Codigo de acceso en ingles: 5647249#
Codigo de acceso en espanol: 7292892#"
3196,2025-07-24,Board of Directors - Regular Board Meeting,151044,,7,,,,,,,,0,0,Los comentarios del público se tomaran cuando se toma cada tema. Para dar un  comentario público sobre una tema ingrese # 2 (Tecla de numero y dos) cuando se le  solicite. Tenga en cuenta que la transmisión de video en vivo se retrasa unos 30  segundos con respecto a la reunión real. No hay retraso en la línea de acceso telefónico para comentarios públicos.
3196,2025-07-24,Board of Directors - Regular Board Meeting,151045,,8,,,,,,,,0,0,Written Public Comment Instruction:
3196,2025-07-24,Board of Directors - Regular Board Meeting,151046,,9,,,,,,,,0,0,"Written public comments must be received by 5PM the day before the meeting.
Please include the Item # in your comment and your position of “FOR,” “AGAINST,” ""GENERAL COMMENT,"" or ""ITEM NEEDS MORE CONSIDERATION.""
Email: BoardClerk@metro.net
Post Office Mail:
Board Administration
One Gateway Plaza
MS: 99-3-1
Los Angeles, CA 90012"
3196,2025-07-24,Board of Directors - Regular Board Meeting,151047,,10,,,,,,,,0,0,page break
3196,2025-07-24,Board of Directors - Regular Board Meeting,151048,,11,,,,,,,,0,0,CALL TO ORDER
3196,2025-07-24,Board of Directors - Regular Board Meeting,151049,,12,,,,,,,,1,0,ROLL CALL
3196,2025-07-24,Board of Directors - Regular Board Meeting,151050,,13,,,,,,,,0,0,"1. APPROVE Consent Calendar Items: 2, 5, 6, 7, 8, 9, 10, 11, 12, 15, 20, 21, 23, 26, 27, 28, 30, 31, 32, 33, 34, 37, 38**, and 39. 

**Item requires 2/3 vote of the Full Board.

Consent Calendar items are approved by one motion unless held by a Director for discussion and/or separate action.

All Consent Calendar items are listed at the end of the agenda, beginning on page 8."
3196,2025-07-24,Board of Directors - Regular Board Meeting,151051,,28,,,,,,,,0,0,"CONSENT CALENDAR - ITEMS 2, 5, 6, 7, 8, 9, 10, 11, 12, 15, 20, 21, 23, 26, 27, 28, 30, 31, 32, 33, 34, 37, 38, AND 39. "
3196,2025-07-24,Board of Directors - Regular Board Meeting,151144,,24,,,,,,,,0,0,END OF NON-CONSENT ITEMS
3196,2025-07-24,Board of Directors - Regular Board Meeting,151210,,82,11609,2025-0590,Informational Report,,,,,0,0,RECEIVE General Public Comment
3196,2025-07-24,Board of Directors - Regular Board Meeting,151211,,83,,,,,,,,0,0,"Consideration of items not on the posted agenda, including: items to be presented and (if requested) referred to staff; items to be placed on the agenda for action at a future meeting of the Committee or Board; and/or items requiring immediate action because of an emergency situation or where the need to take immediate action came to the attention of the Committee subsequent to the posting of the agenda."
3196,2025-07-24,Board of Directors - Regular Board Meeting,151212,,84,,,,,,,,0,0,COMMENTS FROM THE PUBLIC ON ITEMS OF PUBLIC INTEREST WITHIN COMMITTEE’S SUBJECT MATTER JURISDICTION
3196,2025-07-24,Board of Directors - Regular Board Meeting,151213,,85,,,,,,,,0,0,Adjournment
3196,2025-07-24,Board of Directors - Regular Board Meeting,151215,,14,,,,,,,,0,0,NON-CONSENT
3196,2025-07-24,Board of Directors - Regular Board Meeting,151217,47,21,11471,2025-0452,Resolution,ADOPTED,Pass,Tim Sandoval,Jacquelyn Dupont-Walker,0,0,"ADOPT the Resolution of Necessity authorizing the commencement of an eminent domain action to acquire an 18-month Temporary Construction Easement (“TCE”) from the property known as 1950 Century Park East, Los Angeles, CA 90067 APN: 4319-001-008.

(REQUIRES TWO-THIRDS VOTE OF THE FULL BOARD)"
3196,2025-07-24,Board of Directors - Regular Board Meeting,151218,46,20,11434,2025-0415,Resolution,ADOPTED,Pass,Ara J. Najarian,Kathryn Barger,0,0,"ADOPT the proposed Resolutions of Necessity authorizing the commencement of eminent domain actions to acquire the Fee Simple Interests (“Fee Interests”) and the Improvements Pertaining to Realty (“IPR”) for the properties identified in Attachment A and described as follows: 

1.	14556 Raymer Street, Los Angeles, CA 91405, APN: 2210-030-028; ESFV-E-006-1 (E-006); and

2.	14718 Raymer Street, Los Angeles, CA 91405 and 14721 Keswick Street, Los Angeles, CA 91405, APN: 2210-025-044; ESFV-E-015-1 (E-"
3196,2025-07-24,Board of Directors - Regular Board Meeting,151219,4,16,11607,2025-0588,Oral Report / Presentation,RECEIVED,,,,0,0,RECEIVE report by the Chief Executive Officer.
3196,2025-07-24,Board of Directors - Regular Board Meeting,151220,3,15,11606,2025-0587,Oral Report / Presentation,RECEIVED,,,,0,0,RECEIVE remarks by the Chair.
3196,2025-07-24,Board of Directors - Regular Board Meeting,151221,2,29,11608,2025-0589,Minutes,APPROVED,Pass,Tim Sandoval,Kathryn Barger,0,1,"APPROVE Minutes of the Regular Board Meeting held June 26, 2025."
3196,2025-07-24,Board of Directors - Regular Board Meeting,151222,15,50,11393,2025-0373,Contract,APPROVED ON CONSENT CALENDAR,Pass,Tim Sandoval,Kathryn Barger,0,0,"AUTHORIZE the Chief Executive Officer to:

A.	AWARD a cost-plus fixed fee Indefinite Delivery / Indefinite Quantity Contract No. AE128436MC085, to Zephyr UAS, Inc., to provide Construction Management Support Services for Capital Improvement Projects, for a period of five years in an amount Not-To-Exceed (NTE) $50,000,000, subject to the resolution of any properly submitted protest(s), if any; and 

B.	EXECUTE individual Task Orders within the Board-approved contract amount."
3196,2025-07-24,Board of Directors - Regular Board Meeting,151223,,40,,,,,,,,0,0,PLANNING AND PROGRAMMING COMMITTEE MADE THE FOLLOWING RECOMMENDATION (4-0):
3196,2025-07-24,Board of Directors - Regular Board Meeting,151224,9,39,11494,2025-0475,Plan,APPROVED,Pass,Tim Sandoval,Kathryn Barger,0,1,"ADOPT the locally developed 2025-2028 Coordinated Public Transit-Human Services Transportation Plan (“Coordinated Plan” or “Plan”) for Los Angeles County (Attachment A), as required under the Federal Transit Administration (FTA) Section 5310 Enhanced Mobility of Seniors and Individuals with Disabilities Program."
3196,2025-07-24,Board of Directors - Regular Board Meeting,151225,,32,,,,,,,,0,0,PLANNING AND PROGRAMMING COMMITTEE MADE THE FOLLOWING RECOMMENDATION (4-0):
3196,2025-07-24,Board of Directors - Regular Board Meeting,151318,5,31,11342,2025-0322,Contract,APPROVED,Pass,Tim Sandoval,Kathryn Barger,0,1,"AUTHORIZE the Chief Executive Officer to execute Modification No. 2 to Contract No. PS66007000 with L & R Auto Parks, Inc. DBA Joe’s Auto Parks (Joe’s Auto Parks) to exercise the two, one-year options for $13,491,977, increasing the total contract value from $26,878,513 to $40,370,490; and to extend the period of performance from September 2, 2025, to September 1, 2027, covering park and ride facilities at up to 72 transit stations across Los Angeles County."
3196,2025-07-24,Board of Directors - Regular Board Meeting,151319,,30,,,,,,,,0,0,PLANNING AND PROGRAMMING COMMITTEE MADE THE FOLLOWING RECOMMENDATION (4-0):
3196,2025-07-24,Board of Directors - Regular Board Meeting,151320,,38,,,,,,,,0,0,PLANNING AND PROGRAMMING COMMITTEE MADE THE FOLLOWING RECOMMENDATION (4-0):
3196,2025-07-24,Board of Directors - Regular Board Meeting,151321,8,37,11476,2025-0457,Program,APPROVED ON CONSENT CALENDAR,Pass,Tim Sandoval,Kathryn Barger,0,0,"CONSIDER: 

A.	APPROVING the Access for All Program funding awards totaling $5,855,760 as shown in Attachment A, made available to Metro through the State of California’s Access for All Program; and

B.	AUTHORIZING the Chief Executive Officer (CEO) or their designee to negotiate and execute funding agreements with the entities receiving awards."
3196,2025-07-24,Board of Directors - Regular Board Meeting,151322,,36,,,,,,,,0,0,PLANNING AND PROGRAMMING COMMITTEE MADE THE FOLLOWING RECOMMENDATION (4-0):
3196,2025-07-24,Board of Directors - Regular Board Meeting,151323,7,35,11468,2025-0449,Agreement,APPROVED,Pass,Tim Sandoval,Kathryn Barger,0,1,"CONSIDER:

A.	ADOPTING a resolution of the Board of Directors (“Board”) of the Los Angeles County Metropolitan Transportation Authority (“Metro”) approving the execution of a Memorandum of Understanding (“MOU”) to receive funding from the Southern California Association of Governments (“SCAG”) for the Regional Early Action Planning Grant Program of 2021 (Attachment A); 

B.	AUTHORIZING the Chief Executive Officer (CEO), or designee, to negotiate and execute an MOU between SCAG and Metro  in an a"
3196,2025-07-24,Board of Directors - Regular Board Meeting,151324,,34,,,,,,,,0,0,PLANNING AND PROGRAMMING COMMITTEE MADE THE FOLLOWING RECOMMENDATION (4-0):
3196,2025-07-24,Board of Directors - Regular Board Meeting,151325,6,33,11390,2025-0370,Contract,APPROVED ON CONSENT CALENDAR,Pass,Tim Sandoval,Imelda Padilla,0,0,"AUTHORIZE the Chief Executive Officer (CEO) to:

A.	EXECUTE Modification No. 1 to the Countywide Planning & Development Bench Contract Nos. PS95050000 through PS95050025 to increase the three-year base period funding amount by $15 million, increasing the total Not-To-Exceed (NTE) cumulative base contract amount from $30 million to $45 million; 

B.	EXECUTE Modification No. 4 to the Regional Rail Planning and Environmental On-Call Services Bench Contract Nos. AE56752000 through AE56752005 to "
3196,2025-07-24,Board of Directors - Regular Board Meeting,151326,,49,,,,,,,,0,0,CONSTRUCTION COMMITTEE MADE THE FOLLOWING RECOMMENDATION (3-0):
3196,2025-07-24,Board of Directors - Regular Board Meeting,151327,12,48,11562,2025-0543,Policy,ADOPTED,Pass,Tim Sandoval,Kathryn Barger,0,1,ADOPT the recommended Metro Cost Benefit Analysis Methodology (Attachment A).
3196,2025-07-24,Board of Directors - Regular Board Meeting,151328,,47,,,,,,,,0,0,PLANNING AND PROGRAMMING COMMITTEE (4-0) AND CONSTRUCTION COMMITTEE (4-0) MADE THE FOLLOWING RECOMMENDATION: 
3196,2025-07-24,Board of Directors - Regular Board Meeting,151329,11,45,11115,2025-0095,Policy,ADOPTED,Pass,Tim Sandoval,Kathryn Barger,0,1,"CONSIDER:

A.	RECEIVING AND FILING an update on the Board of Directors’ goal of producing 10,000 housing units through Metro’s Joint Development program and progress to date; and  

B.	ADOPTING the amended Joint Development Policy (Attachment A)."
3196,2025-07-24,Board of Directors - Regular Board Meeting,151330,,43,,,,,,,,0,0,PLANNING AND PROGRAMMING COMMITTEE MADE THE FOLLOWING RECOMMENDATION (4-0):
3196,2025-07-24,Board of Directors - Regular Board Meeting,151331,10,41,11447,2025-0428,Program,APPROVED,Pass,Tim Sandoval,Kathryn Barger,0,1,AUTHORIZE the Chief Executive Officer (CEO) or their designee to submit to the Southern California Association of Governments (SCAG) the project ranking recommendations for Los Angeles County for Congestion Mitigation and Air Quality Improvement Program (CMAQ) and Surface Transportation Block Grant Program (STBG) funding for federal fiscal year 2027 through 2028 (Attachment A).
3196,2025-07-24,Board of Directors - Regular Board Meeting,151332,37,76,11324,2025-0304,Policy,ADOPTED,Pass,Tim Sandoval,Kathryn Barger,0,0,ADOPT the 2025 Transit Service Policy (Attachment A).
3196,2025-07-24,Board of Directors - Regular Board Meeting,151333,,59,,,,,,,,0,0,EXECUTIVE MANAGEMENT COMMITTEE MADE THE FOLLOWING RECOMMENDATION (4-0):
3196,2025-07-24,Board of Directors - Regular Board Meeting,151334,26,58,11482,2025-0463,Policy,ADOPTED,Pass,Tim Sandoval,Kathryn Barger,0,1,"ADOPT Title VI Service and Fare Equity Analysis Policies which include: 

·	Major Service Change Policy (Attachment A);

·	Disparate Impact Policy (Attachment B); and

·	Disproportionate Burden Policy (Attachment C)."
3196,2025-07-24,Board of Directors - Regular Board Meeting,151335,,57,,,,,,,,0,0,EXECUTIVE MANAGEMENT COMMITTEE MADE THE FOLLOWING RECOMMENDATION (4-0):
3196,2025-07-24,Board of Directors - Regular Board Meeting,151336,23,56,11446,2025-0427,Plan,,,,,0,0,ADOPT the Fiscal Year 2026 (FY26) Proposed Annual Audit Plan (Attachment A).
3196,2025-07-24,Board of Directors - Regular Board Meeting,151337,,55,,,,,,,,0,0,"FINANCE, BUDGET, AND AUDIT COMMITTEE MADE THE FOLLOWING RECOMMENDATION (3-0):"
3196,2025-07-24,Board of Directors - Regular Board Meeting,151338,21,54,11365,2025-0345,Program,APPROVED,Pass,Tim Sandoval,Kathryn Barger,0,1,"AUTHORIZE the Chief Executive Officer to negotiate and purchase a cybersecurity liability insurance policy with up to $50 million in limits at a not-to-exceed premium of $3.104 million for the 12-month period effective September 1, 2025, to September 1, 2026."
3196,2025-07-24,Board of Directors - Regular Board Meeting,151339,,53,,,,,,,,0,0,"FINANCE, BUDGET, AND AUDIT COMMITTEE MADE THE FOLLOWING RECOMMENDATION (3-0):"
3196,2025-07-24,Board of Directors - Regular Board Meeting,151340,20,52,11212,2025-0192,Contract,APPROVED,Pass,Tim Sandoval,Kathryn Barger,0,1,"AUTHORIZE the Chief Executive Officer to execute Modification No. 1 to the Workers’ Compensation Temporary Staffing Services Bench Contract No. PS48678001 with Lancesoft, Inc. and Contract No. PS48678002 with The Best Claims Solutions in an amount Not-To-Exceed (NTE) $1,000,000, increasing the cumulative contract value from $500,000 to $1,500,000."
3196,2025-07-24,Board of Directors - Regular Board Meeting,151341,,51,,,,,,,,0,0,"FINANCE, BUDGET, AND AUDIT COMMITTEE MADE THE FOLLOWING RECOMMENDATION (3-0):"
3196,2025-07-24,Board of Directors - Regular Board Meeting,151342,33,72,11525,2025-0506,Contract,APPROVED,Pass,Tim Sandoval,Kathryn Barger,0,1,"AUTHORIZE the Chief Executive Officer to:

A.	EXECUTE Contract Modification No. 31 to Contract No PS20113000, a cost plus fixed-fee contract with CH2M Hill, Inc. for the P2000 Light Rail Vehicle (LRV) Overhaul Program Consultant Support Services, increasing the Not-To-Exceed (NTE) contract price by $1,448,394.00 from $9,563,696.20 to $11,012,090.20, and extending the period of performance from December 31, 2025, to June 30, 2026; and

B.	EXECUTE individual contract modifications within the Board"
3196,2025-07-24,Board of Directors - Regular Board Meeting,151343,,71,,,,,,,,0,0,"OPERATIONS, SAFETY, AND CUSTOMER EXPERIENCE COMMITTEE MADE THE FOLLOWING RECOMMENDATION (4-0):"
3196,2025-07-24,Board of Directors - Regular Board Meeting,151344,32,69,11479,2025-0460,Policy,ADOPTED,Pass,Tim Sandoval,Kathryn Barger,0,1,"APPROVE the D Line Subway Extension Project Sections 1, 2, and 3 Title VI Service and Fare Equity Analysis (Attachment A)."
3196,2025-07-24,Board of Directors - Regular Board Meeting,151345,,68,,,,,,,,0,0,"OPERATIONS, SAFETY, AND CUSTOMER EXPERIENCE COMMITTEE MADE THE FOLLOWING RECOMMENDATION (4-0):"
3196,2025-07-24,Board of Directors - Regular Board Meeting,151346,31,67,11425,2025-0406,Contract,APPROVED,Pass,Tim Sandoval,Kathryn Barger,0,1,"AUTHORIZE the Chief Executive Officer to:

A.	AWARD a firm fixed unit rate Contract No. OP91160(3)001R1 for Region 1 to Strive Well-Being, Inc. to provide graffiti abatement services in the Not-To-Exceed (NTE) amount of $2,683,930 for the three-year base period, and $1,991,400 for the one, two-year option term, for a combined NTE amount of $4,675,330, effective October 1, 2025, subject to the resolution of any properly submitted protest(s), if any;

B.	AWARD a firm fixed unit rate Contract No. O"
3196,2025-07-24,Board of Directors - Regular Board Meeting,151347,,66,,,,,,,,0,0,"OPERATIONS, SAFETY, AND CUSTOMER EXPERIENCE COMMITTEE MADE THE FOLLOWING RECOMMENDATION (4-0):"
3196,2025-07-24,Board of Directors - Regular Board Meeting,151348,30,65,11289,2025-0269,Contract,APPROVED ON CONSENT CALENDAR,Pass,Tim Sandoval,Kathryn Barger,0,0,"AUTHORIZE the Chief Executive Officer to: 

A.	AWARD a six-year firm fixed unit rate Consultant Bench contract to six firms in an amount Not-To-Exceed (NTE) $6,886,296.00, inclusive of $5,347,296 for Discipline A (Rail) and $1,539,000 for Discipline B (Bus), subject to the resolution of properly submitted protest(s), if any; and 

Discipline A: Rail
1.	AtkinsRealis USA, Inc. - OP127274000
2.	DB E.C.O. North America, Inc. - OP127274001
3.	Hatch Associates Consultants, Inc. - OP127274002
4.	Mott M"
3196,2025-07-24,Board of Directors - Regular Board Meeting,151349,,64,,,,,,,,0,0,"OPERATIONS, SAFETY, AND CUSTOMER EXPERIENCE COMMITTEE MADE THE FOLLOWING RECOMMENDATION (3-0):"
3196,2025-07-24,Board of Directors - Regular Board Meeting,151350,28,62,11585,2025-0566,Project,APPROVED,Pass,Tim Sandoval,Kathryn Barger,0,1,"CONSIDER: 

A.	RECEIVING AND FILING a Landmark Unsolicited Proposal to develop Metro Workforce Housing; and

B.	AUTHORIZING the Chief Executive Officer (CEO) to proceed with Phase Two evaluation of the Landmark Unsolicited Proposal to develop Metro Workforce Housing adjacent to the Leimert Park K Line Station."
3196,2025-07-24,Board of Directors - Regular Board Meeting,151351,,61,,,,,,,,0,0,EXECUTIVE MANAGEMENT COMMITTEE MADE THE FOLLOWING RECOMMENDATION (4-0):
3196,2025-07-24,Board of Directors - Regular Board Meeting,151352,27,60,11073,2025-0053,Program,APPROVED,Pass,Tim Sandoval,Kathryn Barger,0,1,"CONSIDER:

A.	RECEIVING AND FILING an update on the Acquisition Incentive Pilot Program (“Pilot Program”) for the East San Fernando Valley Light Rail Project (“ESFV”); and

B.	APPROVING amendments to the Pilot Program by adding incentive payments for Improvements Pertaining to Realty (IPR), adjusting relocation benefits to be in accordance with Federal regulations adopted since the approval of the Pilot Program, and adding the Southeast Gateway Line Project (SGL) to the Pilot Program, contingent"
3196,2025-07-24,Board of Directors - Regular Board Meeting,151355,,75,,,,,,,,0,0,"OPERATIONS, SAFETY, AND CUSTOMER EXPERIENCE COMMITTEE MADE THE FOLLOWING RECOMMENDATION (4-0):"
3196,2025-07-24,Board of Directors - Regular Board Meeting,151356,34,74,11501,2025-0482,Contract,APPROVED,Pass,Tim Sandoval,Kathryn Barger,0,1,"AUTHORIZE the Chief Executive Officer (CEO) to:

A.	EXECUTE Modification No. 19 to Contract No. PS272680011357 with Bicycle Transit Systems, Inc. (BTS) to exercise up to three, one-month options each separately as needed from September 1, 2025, to November 30, 2025, to continue Metro Bike Share (MBS) program services in an amount not to exceed $3,627,011, increasing the total contract value from $121,022,457 to $124,649,468; and 

B.	EXECUTE future Modifications to Contract No. PS27268001135"
3196,2025-07-24,Board of Directors - Regular Board Meeting,151357,,73,,,,,,,,0,0,"OPERATIONS, SAFETY, AND CUSTOMER EXPERIENCE COMMITTEE MADE THE FOLLOWING RECOMMENDATION (4-0):"
3196,2025-07-24,Board of Directors - Regular Board Meeting,151358,,80,,,,,,,,0,0,"OPERATIONS, SAFETY, AND CUSTOMER EXPERIENCE COMMITTEE MADE THE FOLLOWING RECOMMENDATION (4-0):"
3196,2025-07-24,Board of Directors - Regular Board Meeting,151359,,77,,,,,,,,0,0,"OPERATIONS, SAFETY, AND CUSTOMER EXPERIENCE COMMITTEE MADE THE FOLLOWING RECOMMENDATION (4-0):"
3196,2025-07-24,Board of Directors - Regular Board Meeting,151360,38,78,11347,2025-0327,Contract,APPROVED,Pass,Tim Sandoval,Kathryn Barger,0,1,"AUTHORIZE the Chief Executive Officer to:

A.	ESTABLISH a Life-of-Project (LOP) Budget of $17,000,000 for the Rail Operations Control (ROC) Facility Expansion Project;

B.	AWARD a firm fixed price, sole source Contract No. C130977000 to Williams Scotsman, Inc. dba WillScot, in the amount of $13,200,048, for the design and construction of a multi-modular building, to relocate Los Angeles County Sherriff’s Department (LASD) personnel to Metro Division 4 that are currently housed at the ROC and"
3196,2025-07-24,Board of Directors - Regular Board Meeting,151361,39,81,11495,2025-0476,Contract,APPROVED ON CONSENT CALENDAR,Pass,Tim Sandoval,Kathryn Barger,0,0,"AUTHORIZE the Chief Executive Officer to:

A.	AWARD Contract Nos. AE52668000 with Kimley-Horn and Associates, Inc.; AE52668001 with Iteris, Inc.; AE52668002 with Parsons Transportation Group, Inc.; and AE52668003 with Advantec Consulting Engineers, Inc., respectively, for the Shared Mobility Intelligent Transportation Systems On-Call Services bench for a four-year period for a cumulative Not-To-Exceed (NTE) amount of $50,000,000, subject to the resolution of any properly submitted protest(s), "
3196,2025-07-24,Board of Directors - Regular Board Meeting,151362,36,18,10994,2024-1139,Policy,ADOPTED,Pass,Tim Sandoval,Kathryn Barger,0,0,"ADOPT the Metro Non-Revenue Vehicle Procurement Policy (Attachment A).

YAROSLAVSKY AMENDMENT: In the policy under Section VI.1, bullet 3, strike through ""and the Chief Operating Officer (COO)"" and report back annually on the implementation of the policy."
3196,2025-07-24,Board of Directors - Regular Board Meeting,151363,,17,,,,,,,,0,0,"OPERATIONS, SAFETY, AND CUSTOMER EXPERIENCE COMMITTEE MADE THE FOLLOWING RECOMMENDATION UNDER RECONSIDERATION AS AMENDED (4-0):"
3196,2025-07-24,Board of Directors - Regular Board Meeting,151364,,25,,,,,,,,0,0,
3196,2025-07-24,Board of Directors - Regular Board Meeting,151365,,19,,,,,,,,0,0,page break
3196,2025-07-24,Board of Directors - Regular Board Meeting,151366,48,23,11617,2025-0598,Motion / Motion Response,APPROVED,Pass,James Butts,Hilda L. Solis,0,0,"APPROVE Motion by Barger, Horvath, Bass, Dutra, Solis, and Hahn that the Board direct the Chief Executive Officer to extend the program through January 2026, seek a Title VI waiver from the FTA to allow Metro to continue offering the modified LIFE enrollment benefit to wildfire survivors, and report back to the board in January 2026 with a 12-month summary of the program."
3196,2025-07-24,Board of Directors - Regular Board Meeting,151367,,22,,,,,,,,0,0,page break
3196,2025-07-24,Board of Directors - Regular Board Meeting,151368,,27,,,,,,,,0,0,page break
3196,2025-07-24,Board of Directors - Regular Board Meeting,151369,,63,,,,,,,,0,0,page break
3196,2025-07-24,Board of Directors - Regular Board Meeting,151370,,79,,,,,,,,0,0,
3196,2025-07-24,Board of Directors - Regular Board Meeting,151371,,44,,,,,,,,0,0,
3196,2025-07-24,Board of Directors - Regular Board Meeting,151372,,42,,,,,,,,0,0,
3196,2025-07-24,Board of Directors - Regular Board Meeting,151373,,46,,,,,,,,0,0,page break
3196,2025-07-24,Board of Directors - Regular Board Meeting,151374,,70,,,,,,,,0,0,page break
3196,2025-07-24,Board of Directors - Regular Board Meeting,151375,,,,,,APPROVED ON CONSENT CALENDAR,Pass,Tim Sandoval,Kathryn Barger,0,1,Approval of the Consent Agenda
3197,2025-09-17,Construction Committee,152324,,1,,,,,,,,1,0,page break
3197,2025-09-17,Construction Committee,152325,,2,,,,,,,,0,0,Live Public Comment Instructions:
3197,2025-09-17,Construction Committee,152326,,3,,,,,,,,0,0,"Live public comment can be given by telephone or in-person.

The Meeting begins at 1:00 PM Pacific Time on September 17, 2025; you may join the call 5 minutes prior to the start of the meeting.

Dial-in: 888-978-8818 and enter
English Access Code: 5647249#
Spanish Access Code: 7292892#"
3197,2025-09-17,Construction Committee,152327,,4,,,,,,,,0,0,"Public comment will be taken as the Board takes up each item. To give public  comment on an item, enter #2 (pound-two) when prompted. Please note that the live  video feed lags about 30 seconds behind the actual meeting. There is no lag on the  public comment dial-in line."
3197,2025-09-17,Construction Committee,152328,,5,,,,,,,,0,0,Instrucciones para comentarios publicos en vivo:
3197,2025-09-17,Construction Committee,152329,,6,,,,,,,,0,0,"Los comentarios publicos en vivo se pueden dar por telefono o en persona.

La Reunion de la Junta comienza a las 1:00 PM, hora del Pacifico, el 17 de Septiembre de 2025. Puedes unirte a la llamada 5 minutos antes del comienso de la junta.

Marque: 888-978-8818 y ingrese el codigo
Codigo de acceso en ingles: 5647249#
Codigo de acceso en espanol: 7292892#"
3197,2025-09-17,Construction Committee,152330,,7,,,,,,,,0,0,Los comentarios del público se tomaran cuando se toma cada tema. Para dar un  comentario público sobre una tema ingrese # 2 (Tecla de numero y dos) cuando se le  solicite. Tenga en cuenta que la transmisión de video en vivo se retrasa unos 30  segundos con respecto a la reunión real. No hay retraso en la línea de acceso telefónico para comentarios públicos.
3197,2025-09-17,Construction Committee,152331,,8,,,,,,,,0,0,Written Public Comment Instruction:
3197,2025-09-17,Construction Committee,152332,,9,,,,,,,,0,0,"Written public comments must be received by 5PM the day before the meeting.
Please include the Item # in your comment and your position of “FOR,” “AGAINST,” ""GENERAL COMMENT,"" or ""ITEM NEEDS MORE CONSIDERATION.""
Email: BoardClerk@metro.net
Post Office Mail:
Board Administration
One Gateway Plaza
MS: 99-3-1
Los Angeles, CA 90012"
3197,2025-09-17,Construction Committee,152333,,10,,,,,,,,0,0,page break
3197,2025-09-17,Construction Committee,152334,,11,,,,,,,,0,0,CALL TO ORDER
3197,2025-09-17,Construction Committee,152335,,12,,,,,,,,0,0,ROLL CALL
3197,2025-09-17,Construction Committee,152612,,21,,,,,,,,0,0, 
3197,2025-09-17,Construction Committee,152613,,22,11771,2025-0752,Informational Report,,,,,0,0,RECEIVE General Public Comment
3197,2025-09-17,Construction Committee,152614,,23,,,,,,,,0,0,"Consideration of items not on the posted agenda, including: items to be presented and (if requested) referred to staff; items to be placed on the agenda for action at a future meeting of the Committee or Board; and/or items requiring immediate action because of an emergency situation or where the need to take immediate action came to the attention of the Committee subsequent to the posting of the agenda."
3197,2025-09-17,Construction Committee,152615,,24,,,,,,,,0,0,COMMENTS FROM THE PUBLIC ON ITEMS OF PUBLIC INTEREST WITHIN COMMITTEE’S SUBJECT MATTER JURISDICTION
3197,2025-09-17,Construction Committee,152616,,25,,,,,,,,0,0,Adjournment
3197,2025-09-17,Construction Committee,153815,,20,,,,,,,,0,0,
3197,2025-09-17,Construction Committee,153817,,18,,,,,,,,0,0,NON-CONSENT
3197,2025-09-17,Construction Committee,153818,13,16,11602,2025-0583,Contract,,,,,0,0,"AUTHORIZE the Chief Executive Officer to: 

A.	ENTER into an Interagency Agreement with California Highway Patrol (CHP) for Construction Zone Enhancement Program (COZEEP) task order services, in an amount Not-to-Exceed $16,350,000; and

B.	AUTHORIZE the CEO to negotiate and approve Contract Modifications, within and up to the authorized Life-of-Project budget for all projects under the COZEEP agreement."
3197,2025-09-17,Construction Committee,153819,12,15,11590,2025-0571,Agreement,,,,,0,0,"AUTHORIZE the Chief Executive Officer (CEO) or her designee to:

A.  EXECUTE a Utility Cooperative Agreement with Tesoro SoCal Pipeline Company, LLC to accommodate Metro’s ongoing Projects; and 

B.  NEGOTIATE and execute similar as-needed pipeline utility agreements with other pipeline company owners to accommodate necessary advance utility relocation design, construction and Metro’s reimbursement terms to support Metro’s ongoing Projects."
3197,2025-09-17,Construction Committee,153820,,14,,,,,,,,0,0,CONSENT CALENDAR
3197,2025-09-17,Construction Committee,153821,,13,,,,,,,,0,0,"APPROVE Consent Calendar Items: 12 and 13.

Consent Calendar items are approved by one motion unless held by a Director for discussion and/or separate action."
3197,2025-09-17,Construction Committee,153822,,17,,,,,,,,0,0,page break
3197,2025-09-17,Construction Committee,153823,14,19,11649,2025-0630,Policy,RECEIVED AND FILED,,,,0,0,RECEIVE AND FILE the status update on the Project Labor Agreement and Construction Careers Policy programs through the quarter ending June 2025.
3198,2025-09-17,Board of Directors - Special Board Meeting,152617,,1,,,,,,,,0,0,page break
3198,2025-09-17,Board of Directors - Special Board Meeting,152618,,2,,,,,,,,0,0,Live Public Comment Instructions:
3198,2025-09-17,Board of Directors - Special Board Meeting,152619,,3,,,,,,,,0,0,"Live public comment can be given by telephone or in-person.

The Meeting begins at 3:00 PM Pacific Time on September 17, 2025; you may join the call 5 minutes prior to the start of the meeting.

Dial-in: 888-978-8818 and enter
English Access Code: 5647249#
Spanish Access Code: 7292892#"
3198,2025-09-17,Board of Directors - Special Board Meeting,152620,,4,,,,,,,,0,0,"Public comment will be taken as the Board takes up each item. To give public  comment on an item, enter #2 (pound-two) when prompted. Please note that the live  video feed lags about 30 seconds behind the actual meeting. There is no lag on the  public comment dial-in line."
3198,2025-09-17,Board of Directors - Special Board Meeting,152621,,5,,,,,,,,0,0,Instrucciones para comentarios publicos en vivo:
3198,2025-09-17,Board of Directors - Special Board Meeting,152622,,6,,,,,,,,0,0,"Los comentarios publicos en vivo se pueden dar por telefono o en persona.

La Reunion de la Junta comienza a las 3:00 PM, hora del Pacifico, el 17 de Septiembre de 2025. Puedes unirte a la llamada 5 minutos antes del comienso de la junta.

Marque: 888-978-8818 y ingrese el codigo
Codigo de acceso en ingles: 5647249#
Codigo de acceso en espanol: 7292892#"
3198,2025-09-17,Board of Directors - Special Board Meeting,152623,,7,,,,,,,,0,0,Los comentarios del público se tomaran cuando se toma cada tema. Para dar un  comentario público sobre una tema ingrese # 2 (Tecla de numero y dos) cuando se le  solicite. Tenga en cuenta que la transmisión de video en vivo se retrasa unos 30  segundos con respecto a la reunión real. No hay retraso en la línea de acceso telefónico para comentarios públicos.
3198,2025-09-17,Board of Directors - Special Board Meeting,152624,,8,,,,,,,,0,0,Written Public Comment Instruction:
3198,2025-09-17,Board of Directors - Special Board Meeting,152625,,9,,,,,,,,0,0,"Written public comments must be received by 5PM the day before the meeting.
Please include the Item # in your comment and your position of “FOR,” “AGAINST,” ""GENERAL COMMENT,"" or ""ITEM NEEDS MORE CONSIDERATION.""
Email: BoardClerk@metro.net
Post Office Mail:
Board Administration
One Gateway Plaza
MS: 99-3-1
Los Angeles, CA 90012"
3198,2025-09-17,Board of Directors - Special Board Meeting,152626,,10,,,,,,,,0,0,page break
3198,2025-09-17,Board of Directors - Special Board Meeting,152627,,11,,,,,,,,0,0,CALL TO ORDER
3198,2025-09-17,Board of Directors - Special Board Meeting,152628,,12,,,,,,,,1,0,ROLL CALL
3198,2025-09-17,Board of Directors - Special Board Meeting,152632,,20,,,,,,,,0,0,"Consideration of items not on the posted agenda, including: items to be presented and (if requested) referred to staff; items to be placed on the agenda for action at a future meeting of the Committee or Board; and/or items requiring immediate action because of an emergency situation or where the need to take immediate action came to the attention of the Committee subsequent to the posting of the agenda."
3198,2025-09-17,Board of Directors - Special Board Meeting,152633,,21,,,,,,,,0,0,COMMENTS FROM THE PUBLIC ON ITEMS OF PUBLIC INTEREST WITHIN COMMITTEE’S SUBJECT MATTER JURISDICTION
3198,2025-09-17,Board of Directors - Special Board Meeting,152634,,22,,,,,,,,0,0,Adjournment
3198,2025-09-17,Board of Directors - Special Board Meeting,153831,18,16,11677,2025-0658,Informational Report,RECEIVED AND FILED,,,,0,0,RECEIVE AND FILE the 2028 Mobility Concept Plan (MCP) Progress Report.
3198,2025-09-17,Board of Directors - Special Board Meeting,153832,19,17,11581,2025-0562,Informational Report,RECEIVED AND FILED,,,,0,0,RECEIVE AND FILE report on initial planning steps to Increasing Access to the Olympic and Paralympic Games Through Fan Zone Activations and Multi-Modal Transportation Options.
3198,2025-09-17,Board of Directors - Special Board Meeting,153898,17,15,11284,2025-0264,Motion / Motion Response,APPROVED AS AMENDED,Pass,Karen Bass,Janice Hahn,0,0,"RECEIVE AND FILE recommendations on the prioritization of local funding for 2028 Games Mobility Concept Plan (MCP) projects.

BASS AMENDMENT: Provisionally adopt Metro’s list and authorize the CEO to develop a strategy on how to best support implementation of Metro-led low-cost, high-value projects consistent with the mobility concept plan and in consultations with relevant jurisdictions."
3198,2025-09-17,Board of Directors - Special Board Meeting,153899,16,14,11690,2025-0671,Contract,APPROVED,Pass,James Butts,,0,0,"AUTHORIZE the Chief Executive Officer to: 

A.  AWARD task-order based Contract Nos. PS127282000 with Jacobs Engineering Group, Inc.; PS127282001 with Mott MacDonald Group Inc.; and PS127282002 with Legacy 2028 (A Joint Venture between STV Inc. and Egis Rail Inc. USA), respectively, to provide Games Support Services on a rotational basis to support Metro’s planning for the 2028 Games for a four-year period in an amount Not To Exceed (NTE) $42,043,610, subject to resolution of any properly submit"
3198,2025-09-17,Board of Directors - Special Board Meeting,153900,15,13,11778,2025-0759,Oral Report / Presentation,RECEIVED AND FILED,,,,0,0,RECEIVE remarks by the Chair.
3198,2025-09-17,Board of Directors - Special Board Meeting,153962,,19,11775,2025-0756,Informational Report,,,,,0,0,RECEIVE General Public Comment
3199,2025-09-17,Planning and Programming Committee,151993,,1,,,,,,,,0,0,page break
3199,2025-09-17,Planning and Programming Committee,151994,,2,,,,,,,,0,0,Live Public Comment Instructions:
3199,2025-09-17,Planning and Programming Committee,151995,,3,,,,,,,,0,0,"Live public comment can be given by telephone or in-person.

The Meeting begins at 11:00 AM Pacific Time on September 17, 2025; you may join the call 5 minutes prior to the start of the meeting.

Dial-in: 888-978-8818 and enter
English Access Code: 5647249#
Spanish Access Code: 7292892#"
3199,2025-09-17,Planning and Programming Committee,151996,,4,,,,,,,,0,0,"Public comment will be taken as the Board takes up each item. To give public  comment on an item, enter #2 (pound-two) when prompted. Please note that the live  video feed lags about 30 seconds behind the actual meeting. There is no lag on the  public comment dial-in line."
3199,2025-09-17,Planning and Programming Committee,151997,,5,,,,,,,,0,0,Instrucciones para comentarios publicos en vivo:
3199,2025-09-17,Planning and Programming Committee,151998,,6,,,,,,,,0,0,"Los comentarios publicos en vivo se pueden dar por telefono o en persona.

La Reunion de la Junta comienza a las 11:00 AM, hora del Pacifico, el 17 de Septiembre de 2025. Puedes unirte a la llamada 5 minutos antes del comienso de la junta.

Marque: 888-978-8818 y ingrese el codigo
Codigo de acceso en ingles: 5647249#
Codigo de acceso en espanol: 7292892#"
3199,2025-09-17,Planning and Programming Committee,151999,,7,,,,,,,,0,0,Los comentarios del público se tomaran cuando se toma cada tema. Para dar un  comentario público sobre una tema ingrese # 2 (Tecla de numero y dos) cuando se le  solicite. Tenga en cuenta que la transmisión de video en vivo se retrasa unos 30  segundos con respecto a la reunión real. No hay retraso en la línea de acceso telefónico para comentarios públicos.
3199,2025-09-17,Planning and Programming Committee,152000,,8,,,,,,,,0,0,Written Public Comment Instruction:
3199,2025-09-17,Planning and Programming Committee,152001,,9,,,,,,,,0,0,"Written public comments must be received by 5PM the day before the meeting.
Please include the Item # in your comment and your position of “FOR,” “AGAINST,” ""GENERAL COMMENT,"" or ""ITEM NEEDS MORE CONSIDERATION.""
Email: BoardClerk@metro.net
Post Office Mail:
Board Administration
One Gateway Plaza
MS: 99-3-1
Los Angeles, CA 90012"
3199,2025-09-17,Planning and Programming Committee,152002,,10,,,,,,,,0,0,page break
3199,2025-09-17,Planning and Programming Committee,152003,,11,,,,,,,,0,0,CALL TO ORDER
3199,2025-09-17,Planning and Programming Committee,152004,,12,,,,,,,,1,0,ROLL CALL
3199,2025-09-17,Planning and Programming Committee,152320,,27,11770,2025-0751,Informational Report,,,,,0,0,RECEIVE General Public Comment
3199,2025-09-17,Planning and Programming Committee,152321,,28,,,,,,,,0,0,"Consideration of items not on the posted agenda, including: items to be presented and (if requested) referred to staff; items to be placed on the agenda for action at a future meeting of the Committee or Board; and/or items requiring immediate action because of an emergency situation or where the need to take immediate action came to the attention of the Committee subsequent to the posting of the agenda."
3199,2025-09-17,Planning and Programming Committee,152322,,29,,,,,,,,0,0,COMMENTS FROM THE PUBLIC ON ITEMS OF PUBLIC INTEREST WITHIN COMMITTEE’S SUBJECT MATTER JURISDICTION
3199,2025-09-17,Planning and Programming Committee,152323,,30,,,,,,,,0,0,Adjournment
3199,2025-09-17,Planning and Programming Committee,153801,,26,,,,,,,,0,0,
3199,2025-09-17,Planning and Programming Committee,153802,10,23,11509,2025-0490,Informational Report,RECEIVED AND FILED,,,,0,0,RECEIVE AND FILE 2025 Short Range Transportation Plan (Attachment A).
3199,2025-09-17,Planning and Programming Committee,153803,8,20,11448,2025-0429,Program,,,,,0,0,"CONSIDER:  
 
A.	APPROVING project selection for Measure M Metro Active Transport, Transit and First/Last Mile program (MAT Program) funding to 16 projects, as shown in Attachment A;

B.	APPROVING an additional $5,000,000 to increase the originally authorized funding for Cycle 2 of the MAT Program from $80,500,000 to $85,500,000; and
 
C.	AUTHORIZING the Chief Executive Officer (CEO) or her designee to negotiate and execute all necessary agreements for approved projects."
3199,2025-09-17,Planning and Programming Committee,153804,,19,,,,,,,,0,0,NON-CONSENT
3199,2025-09-17,Planning and Programming Committee,153805,,18,,,,,,,,0,0,
3199,2025-09-17,Planning and Programming Committee,153806,7,17,11623,2025-0604,Program,,,,,0,0,"CONSIDER:

A.   APPROVING:

1.	Programming an additional $36,126,959 within the capacity of Measure M Multi-Year Subregional Program (MSP) – Transportation System and Mobility Improvements Program (Expenditure Line 50), as shown in Attachment A;

2.	Programming an additional $23,996,052 within the capacity of Measure M MSP – South Bay Highway Operational Improvements Program (Expenditure Line 63), as shown in Attachment B; 

3.	Programming an additional $18,372,507 of Measure M MSP – Transportat"
3199,2025-09-17,Planning and Programming Committee,153807,6,16,11622,2025-0603,Program,,,,,0,0,"CONSIDER:

A.	DEOBLIGATING $3.42 million of previously approved Call for Projects (Call) funding, as shown in Attachment A, and held in reserve;

B.	APPROVING changes to the scope of work for the City of Los Angeles Traffic Signal Rail Crossing Improvement Project (Call #F9309); 

C.	REALLOCATING:

1.	$2,914,000 Call funds remaining in the City of Los Angeles Burbank Blvd. Widening – Lankershim Blvd. to Cleon Ave. (Call #8046), to the City of Los Angeles: 1) Magnolia Blvd. Widening (Nort"
3199,2025-09-17,Planning and Programming Committee,153808,5,15,11629,2025-0610,Program,,,,,0,0,"CONSIDER:

A.	ALLOCATING $11,619,572 in Federal Transit Administration (FTA) Section 5310 - Enhanced Mobility of Seniors and Individuals with Disabilities Program funds to Access Services, as identified by the Federal Fiscal Year (FFY) 2024 and 2025 Funding Allocation Process (Attachment A), for the purchase of replacement vehicles that meet Americans with Disabilities Act (ADA) requirements; and

B.	APPROVING the 2025 Solicitation for Proposals (Attachment B) for up to $10,752,739 in FTA Sectio"
3199,2025-09-17,Planning and Programming Committee,153809,,14,,,,,,,,0,0,CONSENT CALENDAR
3199,2025-09-17,Planning and Programming Committee,153810,,13,,,,,,,,0,0,"APPROVE Consent Calendar Items: 5, 6, and 7.

Consent Calendar items are approved by one motion unless held by a Director for discussion and/or separate action."
3199,2025-09-17,Planning and Programming Committee,153811,,25,,,,,,,,0,0,
3199,2025-09-17,Planning and Programming Committee,153813,9,21,11595,2025-0576,Agreement,,,,,0,0,"CONSIDER:

A.	RECEIVING AND FILING a status update on the California Transportation Commission’s adoption of the 2024 Trade Corridor Enhancement Program (TCEP) discretionary grant awards, including a funding award for Metro’s Long Beach-East Los Angeles (LB-ELA) Corridor Zero-Emission Truck (ZET) Project;

B.	AUTHORIZING the Chief Executive Officer (CEO) or their designee to:

1.	Program $2,000,000 in Measure R Highway Capital Funds, Line 37, Interstate 710 South and/or Early Action Projec"
3199,2025-09-17,Planning and Programming Committee,153814,11,24,11594,2025-0575,Informational Report,RECEIVED AND FILED,,,,0,0,RECEIVE AND FILE status update on the additional Mid-City technical analysis and community engagement for the K Line Northern Extension (KNE) Project.
3199,2025-09-17,Planning and Programming Committee,153891,,22,,,,,,,,0,0,page break
3200,2025-09-18,"Finance, Budget and Audit Committee",152635,,1,,,,,,,,0,0,page break
3200,2025-09-18,"Finance, Budget and Audit Committee",152636,,2,,,,,,,,0,0,Live Public Comment Instructions:
3200,2025-09-18,"Finance, Budget and Audit Committee",152637,,3,,,,,,,,0,0,"Live public comment can be given by telephone or in-person.

The Meeting begins at 10:00 AM Pacific Time on September 18, 2025; you may join the call 5 minutes prior to the start of the meeting.

Dial-in: 888-978-8818 and enter
English Access Code: 5647249#
Spanish Access Code: 7292892#"
3200,2025-09-18,"Finance, Budget and Audit Committee",152638,,4,,,,,,,,0,0,"Public comment will be taken as the Board takes up each item. To give public  comment on an item, enter #2 (pound-two) when prompted. Please note that the live  video feed lags about 30 seconds behind the actual meeting. There is no lag on the  public comment dial-in line."
3200,2025-09-18,"Finance, Budget and Audit Committee",152639,,5,,,,,,,,0,0,Instrucciones para comentarios publicos en vivo:
3200,2025-09-18,"Finance, Budget and Audit Committee",152640,,6,,,,,,,,0,0,"Los comentarios publicos en vivo se pueden dar por telefono o en persona.

La Reunion de la Junta comienza a las 10:00 AM, hora del Pacifico, el 18 de Septiembre de 2025. Puedes unirte a la llamada 5 minutos antes del comienso de la junta.

Marque: 888-978-8818 y ingrese el codigo
Codigo de acceso en ingles: 5647249#
Codigo de acceso en espanol: 7292892#"
3200,2025-09-18,"Finance, Budget and Audit Committee",152641,,7,,,,,,,,0,0,Los comentarios del público se tomaran cuando se toma cada tema. Para dar un  comentario público sobre una tema ingrese # 2 (Tecla de numero y dos) cuando se le  solicite. Tenga en cuenta que la transmisión de video en vivo se retrasa unos 30  segundos con respecto a la reunión real. No hay retraso en la línea de acceso telefónico para comentarios públicos.
3200,2025-09-18,"Finance, Budget and Audit Committee",152642,,8,,,,,,,,0,0,Written Public Comment Instruction:
3200,2025-09-18,"Finance, Budget and Audit Committee",152643,,9,,,,,,,,0,0,"Written public comments must be received by 5PM the day before the meeting.
Please include the Item # in your comment and your position of “FOR,” “AGAINST,” ""GENERAL COMMENT,"" or ""ITEM NEEDS MORE CONSIDERATION.""
Email: BoardClerk@metro.net
Post Office Mail:
Board Administration
One Gateway Plaza
MS: 99-3-1
Los Angeles, CA 90012"
3200,2025-09-18,"Finance, Budget and Audit Committee",152644,,10,,,,,,,,0,0,page break
3200,2025-09-18,"Finance, Budget and Audit Committee",152645,,11,,,,,,,,0,0,CALL TO ORDER
3200,2025-09-18,"Finance, Budget and Audit Committee",152646,,12,,,,,,,,1,0,ROLL CALL
3200,2025-09-18,"Finance, Budget and Audit Committee",152914,,24,11772,2025-0753,Informational Report,,,,,0,0,RECEIVE General Public Comment
3200,2025-09-18,"Finance, Budget and Audit Committee",152915,,25,,,,,,,,0,0,"Consideration of items not on the posted agenda, including: items to be presented and (if requested) referred to staff; items to be placed on the agenda for action at a future meeting of the Committee or Board; and/or items requiring immediate action because of an emergency situation or where the need to take immediate action came to the attention of the Committee subsequent to the posting of the agenda."
3200,2025-09-18,"Finance, Budget and Audit Committee",152916,,26,,,,,,,,0,0,COMMENTS FROM THE PUBLIC ON ITEMS OF PUBLIC INTEREST WITHIN COMMITTEE’S SUBJECT MATTER JURISDICTION
3200,2025-09-18,"Finance, Budget and Audit Committee",152917,,27,,,,,,,,0,0,Adjournment
3200,2025-09-18,"Finance, Budget and Audit Committee",153837,,20,,,,,,,,0,0,NON-CONSENT
3200,2025-09-18,"Finance, Budget and Audit Committee",153838,24,19,11667,2025-0648,Informational Report,RECEIVED AND FILED,,,,0,0,RECEIVE AND FILE the Management Audit Services (MAS) FY 2025 Fourth Quarter and cumulative FY 2025 year-end report.
3200,2025-09-18,"Finance, Budget and Audit Committee",153839,23,18,11603,2025-0584,Informational Report,RECEIVED AND FILED,,,,0,0,"RECEIVE AND FILE the Office of the Inspector General (OIG) Final Report on the Statutorily Mandated Audit of Miscellaneous Expenses for the Period of July 1, 2024, to September 30, 2024."
3200,2025-09-18,"Finance, Budget and Audit Committee",153840,22,16,11696,2025-0677,Contract,,,,,0,0,"AUTHORIZE the Chief Executive Officer (CEO) to renew existing group insurance policies covering Non-Contract and American Federation of State, County and Municipal (AFSCME) employees, including long term disability coverage for Teamsters employees, and life insurance for all full-time Los Angeles County Metropolitan Transportation Authority (Metro) employees, for the one-year period beginning January 1, 2026."
3200,2025-09-18,"Finance, Budget and Audit Committee",153841,21,15,11430,2025-0411,Contract,,,,,0,0,"AUTHORIZE the Chief Executive Officer to execute Modification No. 1 to Contract No. PS75821000, with Carl Warren & Company, LLC (CWC), to exercise the first, two-year option in the amount of $6,666,674, increasing the total contract value from $12,148,152 to $18,814,826, and to extend the period of performance from November 1, 2025, to October 31, 2027."
3200,2025-09-18,"Finance, Budget and Audit Committee",153842,,14,,,,,,,,0,0,CONSENT CALENDAR
3200,2025-09-18,"Finance, Budget and Audit Committee",153843,,13,,,,,,,,0,0,"APPROVE Consent Calendar Items: 21, 22, 23 and 24. 

Consent Calendar items are approved by one motion unless held by a Director for discussion
and/or separate action."
3200,2025-09-18,"Finance, Budget and Audit Committee",153844,,23,,,,,,,,0,0,
3200,2025-09-18,"Finance, Budget and Audit Committee",153892,,17,,,,,,,,0,0,page break
3200,2025-09-18,"Finance, Budget and Audit Committee",153894,25,21,11544,2025-0525,Informational Report,RECEIVED AND FILED,,,,0,0,RECEIVE AND FILE report on Workplan Focus Area: General Fund.
3200,2025-09-18,"Finance, Budget and Audit Committee",153896,26,22,11611,2025-0592,Informational Report,RECEIVED AND FILED,,,,0,0,RECEIVE AND FILE report on Workplan Focus Area: Revenue Generating Opportunities
3201,2025-09-18,Executive Management Committee,152918,,1,,,,,,,,0,0,page break
3201,2025-09-18,Executive Management Committee,152919,,2,,,,,,,,0,0,Live Public Comment Instructions:
3201,2025-09-18,Executive Management Committee,152920,,3,,,,,,,,0,0,"Live public comment can be given by telephone or in-person.

The Meeting begins at 11:00 AM Pacific Time on September 18, 2025; you may join the call 5 minutes prior to the start of the meeting.

Dial-in: 888-978-8818 and enter
English Access Code: 5647249#
Spanish Access Code: 7292892#"
3201,2025-09-18,Executive Management Committee,152921,,4,,,,,,,,0,0,"Public comment will be taken as the Board takes up each item. To give public  comment on an item, enter #2 (pound-two) when prompted. Please note that the live  video feed lags about 30 seconds behind the actual meeting. There is no lag on the  public comment dial-in line."
3201,2025-09-18,Executive Management Committee,152922,,5,,,,,,,,0,0,Instrucciones para comentarios publicos en vivo:
3201,2025-09-18,Executive Management Committee,152923,,6,,,,,,,,0,0,"Los comentarios publicos en vivo se pueden dar por telefono o en persona.

La Reunion de la Junta comienza a las 11:00 AM, hora del Pacifico, el 18 de Septiembre de 2025. Puedes unirte a la llamada 5 minutos antes del comienso de la junta.

Marque: 888-978-8818 y ingrese el codigo
Codigo de acceso en ingles: 5647249#
Codigo de acceso en espanol: 7292892#"
3201,2025-09-18,Executive Management Committee,152924,,7,,,,,,,,0,0,Los comentarios del público se tomaran cuando se toma cada tema. Para dar un  comentario público sobre una tema ingrese # 2 (Tecla de numero y dos) cuando se le  solicite. Tenga en cuenta que la transmisión de video en vivo se retrasa unos 30  segundos con respecto a la reunión real. No hay retraso en la línea de acceso telefónico para comentarios públicos.
3201,2025-09-18,Executive Management Committee,152925,,8,,,,,,,,0,0,Written Public Comment Instruction:
3201,2025-09-18,Executive Management Committee,152926,,9,,,,,,,,0,0,"Written public comments must be received by 5PM the day before the meeting.
Please include the Item # in your comment and your position of “FOR,” “AGAINST,” ""GENERAL COMMENT,"" or ""ITEM NEEDS MORE CONSIDERATION.""
Email: BoardClerk@metro.net
Post Office Mail:
Board Administration
One Gateway Plaza
MS: 99-3-1
Los Angeles, CA 90012"
3201,2025-09-18,Executive Management Committee,152927,,10,,,,,,,,0,0,page break
3201,2025-09-18,Executive Management Committee,152928,,11,,,,,,,,0,0,CALL TO ORDER
3201,2025-09-18,Executive Management Committee,152929,,12,,,,,,,,1,0,ROLL CALL
3201,2025-09-18,Executive Management Committee,153212,,24,,,,,,,,0,0, 
3201,2025-09-18,Executive Management Committee,153213,,25,11774,2025-0755,Informational Report,,,,,0,0,RECEIVE General Public Comment
3201,2025-09-18,Executive Management Committee,153214,,26,,,,,,,,0,0,"Consideration of items not on the posted agenda, including: items to be presented and (if requested) referred to staff; items to be placed on the agenda for action at a future meeting of the Committee or Board; and/or items requiring immediate action because of an emergency situation or where the need to take immediate action came to the attention of the Committee subsequent to the posting of the agenda."
3201,2025-09-18,Executive Management Committee,153215,,27,,,,,,,,0,0,COMMENTS FROM THE PUBLIC ON ITEMS OF PUBLIC INTEREST WITHIN COMMITTEE’S SUBJECT MATTER JURISDICTION
3201,2025-09-18,Executive Management Committee,153216,,28,,,,,,,,0,0,Adjournment
3201,2025-09-18,Executive Management Committee,153845,,17,,,,,,,,0,0,NON-CONSENT
3201,2025-09-18,Executive Management Committee,153846,,23,,,,,,,,0,0,
3201,2025-09-18,Executive Management Committee,153847,28,16,11641,2025-0622,Program,,,,,0,0,ADOPT Metro’s 2025 Title VI Program Update.
3201,2025-09-18,Executive Management Committee,153848,27,15,11618,2025-0599,Policy,,,,,0,0,ADOPT Service Policies and Standards Compliance Review for Title VI Program Update (Attachment A).
3201,2025-09-18,Executive Management Committee,153849,,14,,,,,,,,0,0,CONSENT CALENDAR
3201,2025-09-18,Executive Management Committee,153850,,13,,,,,,,,0,0,"APPROVE Consent Calendar Items: 27 and 28.

Consent Calendar items are approved by one motion unless held by a Director for discussion and/or separate action."
3201,2025-09-18,Executive Management Committee,153851,30,20,11722,2025-0703,Informational Report,RECEIVED AND FILED,,,,0,0,RECEIVE AND FILE September 2025 Federal and State Legislative Report.
3201,2025-09-18,Executive Management Committee,153852,29,18,11431,2025-0412,Federal Legislation / State Legislation (Position),,,,,0,0,"ADOPT the USA BUILD Initiative (Attachment A) as Metro’s official proposal to Congress and the Executive Branch as they consider replacing the Bipartisan Infrastructure Law (BIL) (P.L 117-58) that will expire on September 30, 2026.

HORVATH AND HAHN AMENDMENT:
A.	ADD to the USA BUILD Initiative advocacy for the reauthorization the Safe Streets for All Program (SS4A) and substantially increase the level of funding supporting local safety capital improvement projects;

B.	ADD to the USA BUILD Init"
3201,2025-09-18,Executive Management Committee,153854,,22,,,,,,,,0,0,
3201,2025-09-18,Executive Management Committee,153855,31,21,11655,2025-0636,Informational Report,RECEIVED AND FILED,,,,0,0,RECEIVE AND FILE the HOME Quarterly Report.
3201,2025-09-18,Executive Management Committee,153897,,19,,,,,,,,0,0,page break
3202,2025-09-18,"Operations, Safety, and Customer Experience Committee",153217,,1,,,,,,,,0,0,page break
3202,2025-09-18,"Operations, Safety, and Customer Experience Committee",153218,,2,,,,,,,,0,0,Live Public Comment Instructions:
3202,2025-09-18,"Operations, Safety, and Customer Experience Committee",153219,,3,,,,,,,,0,0,"Live public comment can be given by telephone or in-person.

The Meeting begins at 1:00 PM Pacific Time on September 18, 2025; you may join the call 5 minutes prior to the start of the meeting.

Dial-in: 888-978-8818 and enter
English Access Code: 5647249#
Spanish Access Code: 7292892#"
3202,2025-09-18,"Operations, Safety, and Customer Experience Committee",153220,,4,,,,,,,,0,0,"Public comment will be taken as the Board takes up each item. To give public  comment on an item, enter #2 (pound-two) when prompted. Please note that the live  video feed lags about 30 seconds behind the actual meeting. There is no lag on the  public comment dial-in line."
3202,2025-09-18,"Operations, Safety, and Customer Experience Committee",153221,,5,,,,,,,,0,0,Instrucciones para comentarios publicos en vivo:
3202,2025-09-18,"Operations, Safety, and Customer Experience Committee",153222,,6,,,,,,,,0,0,"Los comentarios publicos en vivo se pueden dar por telefono o en persona.

La Reunion de la Junta comienza a las 1:00 PM, hora del Pacifico, el 18 de Septiembre de 2025. Puedes unirte a la llamada 5 minutos antes del comienso de la junta.

Marque: 888-978-8818 y ingrese el codigo
Codigo de acceso en ingles: 5647249#
Codigo de acceso en espanol: 7292892#"
3202,2025-09-18,"Operations, Safety, and Customer Experience Committee",153223,,7,,,,,,,,0,0,Los comentarios del público se tomaran cuando se toma cada tema. Para dar un  comentario público sobre una tema ingrese # 2 (Tecla de numero y dos) cuando se le  solicite. Tenga en cuenta que la transmisión de video en vivo se retrasa unos 30  segundos con respecto a la reunión real. No hay retraso en la línea de acceso telefónico para comentarios públicos.
3202,2025-09-18,"Operations, Safety, and Customer Experience Committee",153224,,8,,,,,,,,0,0,Written Public Comment Instruction:
3202,2025-09-18,"Operations, Safety, and Customer Experience Committee",153225,,9,,,,,,,,0,0,"Written public comments must be received by 5PM the day before the meeting.
Please include the Item # in your comment and your position of “FOR,” “AGAINST,” ""GENERAL COMMENT,"" or ""ITEM NEEDS MORE CONSIDERATION.""
Email: BoardClerk@metro.net
Post Office Mail:
Board Administration
One Gateway Plaza
MS: 99-3-1
Los Angeles, CA 90012"
3202,2025-09-18,"Operations, Safety, and Customer Experience Committee",153226,,10,,,,,,,,0,0,page break
3202,2025-09-18,"Operations, Safety, and Customer Experience Committee",153227,,11,,,,,,,,0,0,CALL TO ORDER
3202,2025-09-18,"Operations, Safety, and Customer Experience Committee",153228,,12,,,,,,,,1,0,ROLL CALL
3202,2025-09-18,"Operations, Safety, and Customer Experience Committee",153609,,30,,,,,,,,0,0, 
3202,2025-09-18,"Operations, Safety, and Customer Experience Committee",153610,,31,11773,2025-0754,Informational Report,,,,,0,0,RECEIVE General Public Comment
3202,2025-09-18,"Operations, Safety, and Customer Experience Committee",153611,,32,,,,,,,,0,0,"Consideration of items not on the posted agenda, including: items to be presented and (if requested) referred to staff; items to be placed on the agenda for action at a future meeting of the Committee or Board; and/or items requiring immediate action because of an emergency situation or where the need to take immediate action came to the attention of the Committee subsequent to the posting of the agenda."
3202,2025-09-18,"Operations, Safety, and Customer Experience Committee",153612,,33,,,,,,,,0,0,COMMENTS FROM THE PUBLIC ON ITEMS OF PUBLIC INTEREST WITHIN COMMITTEE’S SUBJECT MATTER JURISDICTION
3202,2025-09-18,"Operations, Safety, and Customer Experience Committee",153613,,34,,,,,,,,0,0,Adjournment
3202,2025-09-18,"Operations, Safety, and Customer Experience Committee",153867,,29,,,,,,,,0,0,
3202,2025-09-18,"Operations, Safety, and Customer Experience Committee",153868,43,28,11600,2025-0581,Informational Report,RECEIVED AND FILED,,,,0,0,RECEIVE AND FILE status report on Metro’s Public Safety Advisory Committee (PSAC).
3202,2025-09-18,"Operations, Safety, and Customer Experience Committee",153869,37,22,11456,2025-0437,Contract,,,,,0,0,"AUTHORIZE the Chief Executive Officer to:

A.  EXECUTE Contract Modification No. 19 to Contract No. OP30433488, a cost plus fixed-fee contract with HATCH Associates Consultants, Inc. (HATCH) for the A650 Heavy Rail Vehicle (HRV) Overhaul Program Consultant Support Services, increasing the Not-To-Exceed (NTE) amount by $11,930,792 from $8,615,474 to $20,546,266, and extending the period of performance from October 5, 2025, to June 30, 2031; and

B.  EXECUTE individual contract modifications withi"
3202,2025-09-18,"Operations, Safety, and Customer Experience Committee",153870,36,21,11634,2025-0615,Oral Report / Presentation,RECEIVED,,,,0,0,RECEIVE oral report on Metro Operations.
3202,2025-09-18,"Operations, Safety, and Customer Experience Committee",153872,33,17,11636,2025-0617,Contract,,,,,0,0,"AUTHORIZE the Chief Executive Officer to award a one-year firm fixed price contract, Contract No. OP126710000, to Merak North America for the purchase of 18 P3010 Light Rail Vehicle (LRV), Heating Ventilation Air Conditioning (HVAC) Assemblies in the amount of $1,408,500, effective date September 29, 2025, subject to the resolution of any properly submitted protest(s), if any."
3202,2025-09-18,"Operations, Safety, and Customer Experience Committee",153873,32,16,11465,2025-0446,Appointment,,,,,0,0,APPROVE nominees for membership on Metro’s San Fernando Valley and Westside Central Service Councils (Attachment A).
3202,2025-09-18,"Operations, Safety, and Customer Experience Committee",153874,,13,,,,,,,,0,0,
3202,2025-09-18,"Operations, Safety, and Customer Experience Committee",153875,,15,,,,,,,,0,0,CONSENT CALENDAR
3202,2025-09-18,"Operations, Safety, and Customer Experience Committee",153876,,14,,,,,,,,0,0,"APPROVE Consent Calendar Items: 32, 33, and 34. 

Consent Calendar items are approved by one motion unless held by a Director for discussion and/or separate action."
3202,2025-09-18,"Operations, Safety, and Customer Experience Committee",153877,35,20,11633,2025-0614,Oral Report / Presentation,RECEIVED,,,,0,0,RECOGNIZE Operations Employees of the Month.
3202,2025-09-18,"Operations, Safety, and Customer Experience Committee",153878,,19,,,,,,,,0,0,NON-CONSENT
3202,2025-09-18,"Operations, Safety, and Customer Experience Committee",153879,34,18,11635,2025-0616,Contract,,,,,0,0,"AUTHORIZE the Chief Executive Officer to award a 66-month firm fixed price contract, Contract No. RR127894000 to Dellner, Inc. for the A650 Heavy Rail Vehicle (HRV) Coupler Overhaul in the amount Not-To-Exceed (NTE) $3,120,000, subject to the resolution of any properly submitted protest(s), if any."
3202,2025-09-18,"Operations, Safety, and Customer Experience Committee",153880,41,26,11596,2025-0577,Informational Report,RECEIVED AND FILED,,,,0,0,RECEIVE AND FILE the Public Safety Report.
3202,2025-09-18,"Operations, Safety, and Customer Experience Committee",153882,39,24,11464,2025-0445,Motion / Motion Response,,,,,0,0,"CONSIDER:

A.  RECEIVING AND FILING the quarterly update on the Transit Community Public Safety Department (TCPSD) Implementation Plan; and

B.  AUTHORIZING the resolution affirming Metro’s commitment to meet the minimum recruitment and training standards set by the California Commission on Peace Officer Standards and Training (POST), as required for membership in the POST Program."
3202,2025-09-18,"Operations, Safety, and Customer Experience Committee",153883,38,23,11574,2025-0555,Contract,RECEIVED,,,,0,0,RECEIVE an oral report that provides an update on Metro’s efforts to launch a comprehensive Station Activation Program.
3202,2025-09-18,"Operations, Safety, and Customer Experience Committee",153895,40,25,11586,2025-0567,Informational Report,RECEIVED AND FILED,,,,0,0,"RECEIVE AND FILE updates on the enhanced access control strategies to improve safety for Metro riders and employees, including the weapons detection pilot, expansion of the TAP-to-Exit pilot, expansion of the Elevator Open-Door pilot, expansion of the Smart Restroom pilot, and expansion of the taller faregates pilot."
3203,2025-09-25,Board of Directors - Regular Board Meeting,153624,,1,,,,,,,,0,0,page break
3203,2025-09-25,Board of Directors - Regular Board Meeting,153625,,2,,,,,,,,0,0,Live Public Comment Instructions:
3203,2025-09-25,Board of Directors - Regular Board Meeting,153626,,3,,,,,,,,0,0,"Live public comment can be given by telephone or in-person.

The Meeting begins at 10:00 AM Pacific Time on September 25, 2025; you may join the call 5 minutes prior to the start of the meeting.

Dial-in: 888-978-8818 and enter
English Access Code: 5647249#
Spanish Access Code: 7292892#"
3203,2025-09-25,Board of Directors - Regular Board Meeting,153627,,4,,,,,,,,0,0,"Public comment will be taken as the Board takes up each item. To give public  comment on an item, enter #2 (pound-two) when prompted. Please note that the live  video feed lags about 30 seconds behind the actual meeting. There is no lag on the  public comment dial-in line."
3203,2025-09-25,Board of Directors - Regular Board Meeting,153628,,5,,,,,,,,0,0,Instrucciones para comentarios publicos en vivo:
3203,2025-09-25,Board of Directors - Regular Board Meeting,153629,,6,,,,,,,,0,0,"Los comentarios publicos en vivo se pueden dar por telefono o en persona.

La Reunion de la Junta comienza a las 10:00 AM, hora del Pacifico, el 25 de Septiembre de 2025. Puedes unirte a la llamada 5 minutos antes del comienso de la junta.

Marque: 888-978-8818 y ingrese el codigo
Codigo de acceso en ingles: 5647249#
Codigo de acceso en espanol: 7292892#"
3203,2025-09-25,Board of Directors - Regular Board Meeting,153630,,7,,,,,,,,0,0,Los comentarios del público se tomaran cuando se toma cada tema. Para dar un  comentario público sobre una tema ingrese # 2 (Tecla de numero y dos) cuando se le  solicite. Tenga en cuenta que la transmisión de video en vivo se retrasa unos 30  segundos con respecto a la reunión real. No hay retraso en la línea de acceso telefónico para comentarios públicos.
3203,2025-09-25,Board of Directors - Regular Board Meeting,153631,,8,,,,,,,,0,0,Written Public Comment Instruction:
3203,2025-09-25,Board of Directors - Regular Board Meeting,153632,,9,,,,,,,,0,0,"Written public comments must be received by 5PM the day before the meeting.
Please include the Item # in your comment and your position of “FOR,” “AGAINST,” ""GENERAL COMMENT,"" or ""ITEM NEEDS MORE CONSIDERATION.""
Email: BoardClerk@metro.net
Post Office Mail:
Board Administration
One Gateway Plaza
MS: 99-3-1
Los Angeles, CA 90012"
3203,2025-09-25,Board of Directors - Regular Board Meeting,153633,,10,,,,,,,,0,0,page break
3203,2025-09-25,Board of Directors - Regular Board Meeting,153634,,11,,,,,,,,0,0,CALL TO ORDER
3203,2025-09-25,Board of Directors - Regular Board Meeting,153635,,12,,,,,,,,1,0,ROLL CALL
3203,2025-09-25,Board of Directors - Regular Board Meeting,153636,1,13,,,,,,,,0,0,"APPROVE Consent Calendar Items: 2, 5, 6, 7, 8, 9, 12, 13, 21, 22, 27, 28, 29, 32, 33, 34, 37, and 39.

Consent Calendar items are approved by one motion unless held by a Director for discussionand/or separate action.

All Consent Calendar items are listed at the end of the agenda, beginning on page 7."
3203,2025-09-25,Board of Directors - Regular Board Meeting,153637,,20,,,,,,,,0,0,"CONSENT CALENDAR - ITEMS 2, 5, 6, 7, 8, 9, 12, 13, 21, 22, 27, 28, 29, 32, 33, 34, 37, and 39."
3203,2025-09-25,Board of Directors - Regular Board Meeting,153797,,60,11856,2025-0837,Informational Report,,,,,0,0,RECEIVE General Public Comment
3203,2025-09-25,Board of Directors - Regular Board Meeting,153798,,61,,,,,,,,0,0,"Consideration of items not on the posted agenda, including: items to be presented and (if requested) referred to staff; items to be placed on the agenda for action at a future meeting of the Committee or Board; and/or items requiring immediate action because of an emergency situation or where the need to take immediate action came to the attention of the Committee subsequent to the posting of the agenda."
3203,2025-09-25,Board of Directors - Regular Board Meeting,153799,,62,,,,,,,,0,0,COMMENTS FROM THE PUBLIC ON ITEMS OF PUBLIC INTEREST WITHIN COMMITTEE’S SUBJECT MATTER JURISDICTION
3203,2025-09-25,Board of Directors - Regular Board Meeting,153800,,63,,,,,,,,0,0,Adjournment
3203,2025-09-25,Board of Directors - Regular Board Meeting,153975,,59,,,,,,,,0,0,
3203,2025-09-25,Board of Directors - Regular Board Meeting,153976,,27,,,,,,,,0,0,PLANNING AND PROGRAMMING COMMITTEE MADE THE FOLLOWING RECOMMENDATION (4-0):
3203,2025-09-25,Board of Directors - Regular Board Meeting,153977,6,26,11622,2025-0603,Program,APPROVED,Pass,Ara J. Najarian,Hilda L. Solis,0,1,"CONSIDER:

A.	DEOBLIGATING $3.42 million of previously approved Call for Projects (Call) funding, as shown in Attachment A, and held in reserve;

B.	APPROVING changes to the scope of work for the City of Los Angeles Traffic Signal Rail Crossing Improvement Project (Call #F9309); 

C.	REALLOCATING:

1.	$2,914,000 Call funds remaining in the City of Los Angeles Burbank Blvd. Widening – Lankershim Blvd. to Cleon Ave. (Call #8046), to the City of Los Angeles: 1) Magnolia Blvd. Widening (Nort"
3203,2025-09-25,Board of Directors - Regular Board Meeting,153978,,25,,,,,,,,0,0,PLANNING AND PROGRAMMING COMMITTEE MADE THE FOLLOWING RECOMMENDATION (4-0):
3203,2025-09-25,Board of Directors - Regular Board Meeting,153979,5,23,11629,2025-0610,Program,APPROVED,Pass,Ara J. Najarian,Hilda L. Solis,0,1,"CONSIDER:

A.	ALLOCATING $11,619,572 in Federal Transit Administration (FTA) Section 5310 - Enhanced Mobility of Seniors and Individuals with Disabilities Program funds to Access Services, as identified by the Federal Fiscal Year (FFY) 2024 and 2025 Funding Allocation Process (Attachment A), for the purchase of replacement vehicles that meet Americans with Disabilities Act (ADA) requirements; and

B.	APPROVING the 2025 Solicitation for Proposals (Attachment B) for up to $10,752,739 in FTA Sectio"
3203,2025-09-25,Board of Directors - Regular Board Meeting,153980,,22,,,,,,,,0,0,PLANNING AND PROGRAMMING COMMITTEE MADE THE FOLLOWING RECOMMENDATION (4-0):
3203,2025-09-25,Board of Directors - Regular Board Meeting,153981,2,21,11857,2025-0838,Minutes,APPROVED,Pass,Ara J. Najarian,Hilda L. Solis,0,1,"APPROVE Minutes of the Regular Board Meeting held July 24, 2025 and the Special Board Meeting held September 17, 2025."
3203,2025-09-25,Board of Directors - Regular Board Meeting,153982,,14,,,,,,,,0,0,NON-CONSENT
3203,2025-09-25,Board of Directors - Regular Board Meeting,153984,44,17,11615,2025-0596,Resolution,APPROVED,Pass,Tim Sandoval,Kathryn Barger,0,0,"ADOPT the proposed Resolutions of Necessity authorizing the commencement of eminent domain actions to acquire Improvements Pertaining to Realty (“IPR”) for the properties identified in Attachment A and described as follows: 

1.	14646 Raymer Street, Van Nuys, CA 91405, APN: 2210-025-007; ESFV-E-012-1 (E-012) (IPR); and

2.	14704 - 14714 Raymer Street, Van Nuys, CA 91405 and 14701 - 14707 Keswick Street, Van Nuys, CA 91405, APN: 2210-025-010; ESFV-E-014-1(E-014) (IPR).

The interests being acquir"
3203,2025-09-25,Board of Directors - Regular Board Meeting,153990,4,16,11854,2025-0835,Oral Report / Presentation,RECEIVED,Pass,,,0,0,RECEIVE report by the Chief Executive Officer.
3203,2025-09-25,Board of Directors - Regular Board Meeting,153991,3,15,11853,2025-0834,Oral Report / Presentation,RECEIVED,Pass,,,0,0,RECEIVE remarks by the Chair.
3203,2025-09-25,Board of Directors - Regular Board Meeting,153993,34,54,11635,2025-0616,Contract,APPROVED,Pass,Ara J. Najarian,Hilda L. Solis,0,1,"AUTHORIZE the Chief Executive Officer to award a 66-month firm fixed price contract, Contract No. RR127894000 to Dellner, Inc. for the A650 Heavy Rail Vehicle (HRV) Coupler Overhaul in the amount Not-To-Exceed (NTE) $3,120,000, subject to the resolution of any properly submitted protest(s), if any."
3203,2025-09-25,Board of Directors - Regular Board Meeting,153994,,53,,,,,,,,0,0,"OPERATIONS, SAFETY, AND CUSTOMER EXPERIENCE COMMITTEE MADE THE FOLLOWING RECOMMENDATION (4-0):"
3203,2025-09-25,Board of Directors - Regular Board Meeting,153995,33,52,11636,2025-0617,Contract,APPROVED,Pass,Ara J. Najarian,Hilda L. Solis,0,1,"AUTHORIZE the Chief Executive Officer to award a one-year firm fixed price contract, Contract No. OP126710000, to Merak North America for the purchase of 18 P3010 Light Rail Vehicle (LRV), Heating Ventilation Air Conditioning (HVAC) Assemblies in the amount of $1,408,500, effective date September 29, 2025, subject to the resolution of any properly submitted protest(s), if any."
3203,2025-09-25,Board of Directors - Regular Board Meeting,153996,,51,,,,,,,,0,0,"OPERATIONS, SAFETY, AND CUSTOMER EXPERIENCE COMMITTEE MADE THE FOLLOWING RECOMMENDATION (4-0):"
3203,2025-09-25,Board of Directors - Regular Board Meeting,153997,32,50,11465,2025-0446,Appointment,APPROVED,Pass,Ara J. Najarian,Hilda L. Solis,0,1,APPROVE nominees for membership on Metro’s San Fernando Valley and Westside Central Service Councils (Attachment A).
3203,2025-09-25,Board of Directors - Regular Board Meeting,153998,,49,,,,,,,,0,0,"OPERATIONS, SAFETY, AND CUSTOMER EXPERIENCE COMMITTEE MADE THE FOLLOWING RECOMMENDATION (4-0):"
3203,2025-09-25,Board of Directors - Regular Board Meeting,153999,29,48,11431,2025-0412,Federal Legislation / State Legislation (Position),,,,,0,0,"ADOPT the USA BUILD Initiative (Attachment A) as Metro’s official proposal to Congress and the Executive Branch as they consider replacing the Bipartisan Infrastructure Law (BIL) (P.L 117-58) that will expire on September 30, 2026.

HORVATH AND HAHN AMENDMENT:
A.	ADD to the USA BUILD Initiative advocacy for the reauthorization the Safe Streets for All Program (SS4A) and substantially increase the level of funding supporting local safety capital improvement projects;

B.	ADD to the USA BUILD Init"
3203,2025-09-25,Board of Directors - Regular Board Meeting,154000,7,28,11623,2025-0604,Program,APPROVED,Pass,Ara J. Najarian,Hilda L. Solis,0,1,"CONSIDER:

A.   APPROVING:

1.	Programming an additional $36,126,959 within the capacity of Measure M Multi-Year Subregional Program (MSP) – Transportation System and Mobility Improvements Program (Expenditure Line 50), as shown in Attachment A;

2.	Programming an additional $23,996,052 within the capacity of Measure M MSP – South Bay Highway Operational Improvements Program (Expenditure Line 63), as shown in Attachment B; 

3.	Programming an additional $18,372,507 of Measure M MSP – Transportat"
3203,2025-09-25,Board of Directors - Regular Board Meeting,154001,,47,,,,,,,,0,0,EXECUTIVE MANAGEMENT COMMITTEE MADE THE FOLLOWING RECOMMENDATION (5-0):
3203,2025-09-25,Board of Directors - Regular Board Meeting,154006,,33,,,,,,,,0,0,CONSTRUCTION COMMITTEE MADE THE FOLLOWING RECOMMENDATION (4-0):
3203,2025-09-25,Board of Directors - Regular Board Meeting,154009,9,32,11595,2025-0576,Agreement,APPROVED,Pass,Ara J. Najarian,Hilda L. Solis,0,1,"CONSIDER:

A.	RECEIVING AND FILING a status update on the California Transportation Commission’s adoption of the 2024 Trade Corridor Enhancement Program (TCEP) discretionary grant awards, including a funding award for Metro’s Long Beach-East Los Angeles (LB-ELA) Corridor Zero-Emission Truck (ZET) Project;

B.	AUTHORIZING the Chief Executive Officer (CEO) or their designee to:

1.	Program $2,000,000 in Measure R Highway Capital Funds, Line 37, Interstate 710 South and/or Early Action Projec"
3203,2025-09-25,Board of Directors - Regular Board Meeting,154010,,31,,,,,,,,0,0,PLANNING AND PROGRAMMING COMMITTEE MADE THE FOLLOWING RECOMMENDATION (4-0):
3203,2025-09-25,Board of Directors - Regular Board Meeting,154011,8,30,11448,2025-0429,Program,APPROVED,Pass,Ara J. Najarian,Hilda L. Solis,0,1,"CONSIDER:  
 
A.	APPROVING project selection for Measure M Metro Active Transport, Transit and First/Last Mile program (MAT Program) funding to 16 projects, as shown in Attachment A;

B.	APPROVING an additional $5,000,000 to increase the originally authorized funding for Cycle 2 of the MAT Program from $80,500,000 to $85,500,000; and
 
C.	AUTHORIZING the Chief Executive Officer (CEO) or her designee to negotiate and execute all necessary agreements for approved projects."
3203,2025-09-25,Board of Directors - Regular Board Meeting,154012,,29,,,,,,,,0,0,PLANNING AND PROGRAMMING COMMITTEE MADE THE FOLLOWING RECOMMENDATION (4-0):
3203,2025-09-25,Board of Directors - Regular Board Meeting,154014,28,45,11641,2025-0622,Program,APPROVED,Pass,Ara J. Najarian,Hilda L. Solis,0,1,ADOPT Metro’s 2025 Title VI Program Update.
3203,2025-09-25,Board of Directors - Regular Board Meeting,154015,,44,,,,,,,,0,0,EXECUTIVE MANAGEMENT COMMITTEE MADE THE FOLLOWING RECOMMENDATION (4-0):
3203,2025-09-25,Board of Directors - Regular Board Meeting,154016,27,43,11618,2025-0599,Policy,ADOPTED,Pass,Ara J. Najarian,Hilda L. Solis,0,1,ADOPT Service Policies and Standards Compliance Review for Title VI Program Update (Attachment A).
3203,2025-09-25,Board of Directors - Regular Board Meeting,154017,,42,,,,,,,,0,0,EXECUTIVE MANAGEMENT COMMITTEE MADE THE FOLLOWING RECOMMENDATION (4-0):
3203,2025-09-25,Board of Directors - Regular Board Meeting,154019,22,41,11696,2025-0677,Contract,APPROVED,Pass,Ara J. Najarian,Hilda L. Solis,0,1,"AUTHORIZE the Chief Executive Officer (CEO) to renew existing group insurance policies covering Non-Contract and American Federation of State, County and Municipal (AFSCME) employees, including long term disability coverage for Teamsters employees, and life insurance for all full-time Los Angeles County Metropolitan Transportation Authority (Metro) employees, for the one-year period beginning January 1, 2026."
3203,2025-09-25,Board of Directors - Regular Board Meeting,154020,,40,,,,,,,,0,0,"FINANCE, BUDGET, AND AUDIT COMMITTEE MADE THE FOLLOWING RECOMMENDATION (4-0):"
3203,2025-09-25,Board of Directors - Regular Board Meeting,154021,21,38,11430,2025-0411,Contract,APPROVED,Pass,Ara J. Najarian,Hilda L. Solis,0,1,"AUTHORIZE the Chief Executive Officer to execute Modification No. 1 to Contract No. PS75821000, with Carl Warren & Company, LLC (CWC), to exercise the first, two-year option in the amount of $6,666,674, increasing the total contract value from $12,148,152 to $18,814,826, and to extend the period of performance from November 1, 2025, to October 31, 2027."
3203,2025-09-25,Board of Directors - Regular Board Meeting,154022,,37,,,,,,,,0,0,"FINANCE, BUDGET, AND AUDIT COMMITTEE MADE THE FOLLOWING RECOMMENDATION (4-0):"
3203,2025-09-25,Board of Directors - Regular Board Meeting,154029,,35,,,,,,,,0,0,CONSTRUCTION COMMITTEE MADE THE FOLLOWING RECOMMENDATION (4-0):
3203,2025-09-25,Board of Directors - Regular Board Meeting,154031,12,34,11590,2025-0571,Agreement,APPROVED,Pass,Ara J. Najarian,Hilda L. Solis,0,1,"AUTHORIZE the Chief Executive Officer (CEO) or her designee to:

A.  EXECUTE a Utility Cooperative Agreement with Tesoro SoCal Pipeline Company, LLC to accommodate Metro’s ongoing Projects; and 

B.  NEGOTIATE and execute similar as-needed pipeline utility agreements with other pipeline company owners to accommodate necessary advance utility relocation design, construction and Metro’s reimbursement terms to support Metro’s ongoing Projects."
3203,2025-09-25,Board of Directors - Regular Board Meeting,154032,13,36,11602,2025-0583,Contract,APPROVED,Pass,Ara J. Najarian,Hilda L. Solis,0,1,"AUTHORIZE the Chief Executive Officer to: 

A.	ENTER into an Interagency Agreement with California Highway Patrol (CHP) for Construction Zone Enhancement Program (COZEEP) task order services, in an amount Not-to-Exceed $16,350,000; and

B.	AUTHORIZE the CEO to negotiate and approve Contract Modifications, within and up to the authorized Life-of-Project budget for all projects under the COZEEP agreement."
3203,2025-09-25,Board of Directors - Regular Board Meeting,154082,,55,,,,,,,,0,0,"OPERATIONS, SAFETY, AND CUSTOMER EXPERIENCE COMMITTEE MADE THE FOLLOWING RECOMMENDATION (5-0):"
3203,2025-09-25,Board of Directors - Regular Board Meeting,154085,39,58,11464,2025-0445,Motion / Motion Response,APPROVED,Pass,Ara J. Najarian,Hilda L. Solis,0,1,"CONSIDER:

A.  RECEIVING AND FILING the quarterly update on the Transit Community Public Safety Department (TCPSD) Implementation Plan; and

B.  AUTHORIZING the resolution affirming Metro’s commitment to meet the minimum recruitment and training standards set by the California Commission on Peace Officer Standards and Training (POST), as required for membership in the POST Program."
3203,2025-09-25,Board of Directors - Regular Board Meeting,154086,,57,,,,,,,,0,0,"OPERATIONS, SAFETY, AND CUSTOMER EXPERIENCE COMMITTEE MADE THE FOLLOWING RECOMMENDATION (3-0):"
3203,2025-09-25,Board of Directors - Regular Board Meeting,154087,37,56,11456,2025-0437,Contract,APPROVED,Pass,Ara J. Najarian,Hilda L. Solis,0,1,"AUTHORIZE the Chief Executive Officer to:

A.  EXECUTE Contract Modification No. 19 to Contract No. OP30433488, a cost plus fixed-fee contract with HATCH Associates Consultants, Inc. (HATCH) for the A650 Heavy Rail Vehicle (HRV) Overhaul Program Consultant Support Services, increasing the Not-To-Exceed (NTE) amount by $11,930,792 from $8,615,474 to $20,546,266, and extending the period of performance from October 5, 2025, to June 30, 2031; and

B.  EXECUTE individual contract modifications withi"
3203,2025-09-25,Board of Directors - Regular Board Meeting,154088,,19,,,,,,,,0,0,page break
3203,2025-09-25,Board of Directors - Regular Board Meeting,154089,,24,,,,,,,,0,0,page break
3203,2025-09-25,Board of Directors - Regular Board Meeting,154090,,39,,,,,,,,0,0,page break
3203,2025-09-25,Board of Directors - Regular Board Meeting,154091,,46,,,,,,,,0,0,page break
3203,2025-09-25,Board of Directors - Regular Board Meeting,156185,,,,,,APPROVED ON CONSENT CALENDAR,Pass,Ara J. Najarian,Hilda L. Solis,0,1,Approval of the Consent Agenda
3204,2025-10-15,Construction Committee,154882,,1,,,,,,,,0,0,page break
3204,2025-10-15,Construction Committee,154883,,2,,,,,,,,0,0,Live Public Comment Instructions:
3204,2025-10-15,Construction Committee,154884,,3,,,,,,,,0,0,"Live public comment can be given by telephone or in-person.

The Meeting begins at 1:00 PM Pacific Time on October 15, 2025; you may join the call 5 minutes prior to the start of the meeting.

Dial-in: 888-978-8818 and enter
English Access Code: 5647249#
Spanish Access Code: 7292892#"
3204,2025-10-15,Construction Committee,154885,,4,,,,,,,,0,0,"Public comment will be taken as the Board takes up each item. To give public  comment on an item, enter #2 (pound-two) when prompted. Please note that the live  video feed lags about 30 seconds behind the actual meeting. There is no lag on the  public comment dial-in line."
3204,2025-10-15,Construction Committee,154886,,5,,,,,,,,0,0,Instrucciones para comentarios publicos en vivo:
3204,2025-10-15,Construction Committee,154887,,6,,,,,,,,0,0,"Los comentarios publicos en vivo se pueden dar por telefono o en persona.

La Reunion de la Junta comienza a las 1:00 PM, hora del Pacifico, el 15 de Octubre de 2025. Puedes unirte a la llamada 5 minutos antes del comienso de la junta.

Marque: 888-978-8818 y ingrese el codigo
Codigo de acceso en ingles: 5647249#
Codigo de acceso en espanol: 7292892#"
3204,2025-10-15,Construction Committee,154888,,7,,,,,,,,0,0,Los comentarios del público se tomaran cuando se toma cada tema. Para dar un  comentario público sobre una tema ingrese # 2 (Tecla de numero y dos) cuando se le  solicite. Tenga en cuenta que la transmisión de video en vivo se retrasa unos 30  segundos con respecto a la reunión real. No hay retraso en la línea de acceso telefónico para comentarios públicos.
3204,2025-10-15,Construction Committee,154889,,8,,,,,,,,0,0,Written Public Comment Instruction:
3204,2025-10-15,Construction Committee,154890,,9,,,,,,,,0,0,"Written public comments must be received by 5PM the day before the meeting.
Please include the Item # in your comment and your position of “FOR,” “AGAINST,” ""GENERAL COMMENT,"" or ""ITEM NEEDS MORE CONSIDERATION.""
Email: BoardClerk@metro.net
Post Office Mail:
Board Administration
One Gateway Plaza
MS: 99-3-1
Los Angeles, CA 90012"
3204,2025-10-15,Construction Committee,154891,,10,,,,,,,,0,0,page break
3204,2025-10-15,Construction Committee,154892,,11,,,,,,,,0,0,CALL TO ORDER
3204,2025-10-15,Construction Committee,154893,,12,,,,,,,,1,0,ROLL CALL
3204,2025-10-15,Construction Committee,154894,,13,,,,,,,,0,0,"APPROVE Consent Calendar Items: 14, 15, and 16. 

Consent Calendar items are approved by one motion unless held by a Director for discussion and/or separate action."
3204,2025-10-15,Construction Committee,155174,19,23,11883,2025-0864,Project,,,,,0,0,"AMEND the Life-of-Project (LOP) budget for the Purple (D Line) Extension Project Section 1 (Project) by $154,000,000 from $3,353,879,593 to $3,507,879,593 using the fund sources as summarized in Attachment A and consistent with the provisions of the Board-adopted Measure R and Measure M Unified Cost Management Policy (Attachment B)."
3204,2025-10-15,Construction Committee,155175,,25,11892,2025-0873,Informational Report,,,,,0,0,RECEIVE General Public Comment
3204,2025-10-15,Construction Committee,155176,,26,,,,,,,,0,0,"Consideration of items not on the posted agenda, including: items to be presented and (if requested) referred to staff; items to be placed on the agenda for action at a future meeting of the Committee or Board; and/or items requiring immediate action because of an emergency situation or where the need to take immediate action came to the attention of the Committee subsequent to the posting of the agenda."
3204,2025-10-15,Construction Committee,155177,,27,,,,,,,,0,0,COMMENTS FROM THE PUBLIC ON ITEMS OF PUBLIC INTEREST WITHIN COMMITTEE’S SUBJECT MATTER JURISDICTION
3204,2025-10-15,Construction Committee,155178,,28,,,,,,,,0,0,Adjournment
3204,2025-10-15,Construction Committee,156236,18,21,11827,2025-0808,Contract,,,,,0,0,"AUTHORIZE the Chief Executive Officer to award a cost reimbursable fixed fee Contract No. AE127279MC084 to T.Y. Lin International, Inc. to provide Construction Management Support Services (CMSS) for the Link Union Station Project (Link US) for the not-to-exceed (NTE) amount of $13,796,413 for the two (2) year base term, and $49,634,124 for the  four,  one-year option terms, for a total combined not-to-exceed amount of $63,430,537, subject to the resolution of all properly submitted protest(s), i"
3204,2025-10-15,Construction Committee,156237,,14,,,,,,,,0,0,CONSENT CALENDAR
3204,2025-10-15,Construction Committee,156238,17,20,11822,2025-0803,Contract,,,,,0,0,"AUTHORIZE the Chief Executive Officer to: 

A.	AMEND the I-105 ExpressLanes Project 475004 Life-of-Project (LOP) Budget by establishing funding for the Segment 2 and 3 (Phase 2 Supplement) construction, from Central Avenue to Studebaker Road on the I-105 Freeway. This action increases the existing Life-of-Project Budget of $757,540,216 by $707,926,765 for a total Life-of-Project Budget of $1,465,466,981 (Attachment A); and

B.	NEGOTIATE AND EXECUTE project-related agreements, including contr"
3204,2025-10-15,Construction Committee,156241,,19,,,,,,,,0,0,NON-CONSENT
3204,2025-10-15,Construction Committee,156242,16,17,11868,2025-0849,Informational Report,RECEIVED AND FILED,Pass,,,0,0,"RECEIVE AND FILE Office of the Inspector General Construction Change Order Spot Check Report for the period June 1, 2025, to August 31, 2025."
3204,2025-10-15,Construction Committee,156243,15,16,11815,2025-0796,Informational Report,RECEIVED AND FILED,Pass,,,0,0,RECEIVE AND FILE this Status Report on Program Management Quarterly Changes.
3204,2025-10-15,Construction Committee,156244,14,15,11828,2025-0809,Oral Report / Presentation,RECEIVED,Pass,,,0,0,RECEIVE the quarterly oral report on the status of the Caltrans construction projects.
3204,2025-10-15,Construction Committee,156270,20,24,11825,2025-0806,Informational Report,RECEIVED AND FILED,Pass,,,0,0,RECEIVE AND FILE this Program Management Project Status Report that summarizes capital program performance through August 2025.
3204,2025-10-15,Construction Committee,156289,,18,,,,,,,,0,0,page break
3204,2025-10-15,Construction Committee,156319,,22,,,,,,,,0,0,page break
3205,2025-10-15,Planning and Programming Committee,154543,,1,,,,,,,,0,0,page break
3205,2025-10-15,Planning and Programming Committee,154544,,2,,,,,,,,0,0,Live Public Comment Instructions:
3205,2025-10-15,Planning and Programming Committee,154545,,3,,,,,,,,0,0,"Live public comment can be given by telephone or in-person.

The Meeting begins at 11:00 AM Pacific Time on October 15, 2025; you may join the call 5 minutes prior to the start of the meeting.

Dial-in: 888-978-8818 and enter
English Access Code: 5647249#
Spanish Access Code: 7292892#"
3205,2025-10-15,Planning and Programming Committee,154546,,4,,,,,,,,0,0,"Public comment will be taken as the Board takes up each item. To give public  comment on an item, enter #2 (pound-two) when prompted. Please note that the live  video feed lags about 30 seconds behind the actual meeting. There is no lag on the  public comment dial-in line."
3205,2025-10-15,Planning and Programming Committee,154547,,5,,,,,,,,0,0,Instrucciones para comentarios publicos en vivo:
3205,2025-10-15,Planning and Programming Committee,154548,,6,,,,,,,,0,0,"Los comentarios publicos en vivo se pueden dar por telefono o en persona.

La Reunion de la Junta comienza a las 11:00 AM, hora del Pacifico, el 15 de Octubre de 2025.
Puedes unirte a la llamada 5 minutos antes del comienso de la junta.

Marque: 888-978-8818 y ingrese el codigo
Codigo de acceso en ingles: 5647249#
Codigo de acceso en espanol: 7292892#"
3205,2025-10-15,Planning and Programming Committee,154549,,7,,,,,,,,0,0,Los comentarios del público se tomaran cuando se toma cada tema. Para dar un  comentario público sobre una tema ingrese # 2 (Tecla de numero y dos) cuando se le  solicite. Tenga en cuenta que la transmisión de video en vivo se retrasa unos 30  segundos con respecto a la reunión real. No hay retraso en la línea de acceso telefónico para comentarios públicos.
3205,2025-10-15,Planning and Programming Committee,154550,,8,,,,,,,,0,0,Written Public Comment Instruction:
3205,2025-10-15,Planning and Programming Committee,154551,,9,,,,,,,,0,0,"Written public comments must be received by 5PM the day before the meeting.
Please include the Item # in your comment and your position of “FOR,” “AGAINST,” ""GENERAL COMMENT,"" or ""ITEM NEEDS MORE CONSIDERATION.""
Email: BoardClerk@metro.net
Post Office Mail:
Board Administration
One Gateway Plaza
MS: 99-3-1
Los Angeles, CA 90012"
3205,2025-10-15,Planning and Programming Committee,154552,,10,,,,,,,,0,0,page break
3205,2025-10-15,Planning and Programming Committee,154553,,11,,,,,,,,0,0,CALL TO ORDER
3205,2025-10-15,Planning and Programming Committee,154554,,12,,,,,,,,1,0,ROLL CALL
3205,2025-10-15,Planning and Programming Committee,154555,,13,,,,,,,,0,0,"APPROVE Consent Calendar Items: 5, 6, 7, 8, and 9. 

Consent Calendar items are approved by one motion unless held by a Director for discussion and/or separate action."
3205,2025-10-15,Planning and Programming Committee,154877,13,29,11830,2025-0811,Informational Report,RECEIVED AND FILED,Pass,,,0,0,RECEIVE AND FILE Countywide Planning Major Project Status Report.
3205,2025-10-15,Planning and Programming Committee,154878,,30,11891,2025-0872,Informational Report,,,,,0,0,RECEIVE General Public Comment
3205,2025-10-15,Planning and Programming Committee,154879,,31,,,,,,,,0,0,"Consideration of items not on the posted agenda, including: items to be presented and (if requested) referred to staff; items to be placed on the agenda for action at a future meeting of the Committee or Board; and/or items requiring immediate action because of an emergency situation or where the need to take immediate action came to the attention of the Committee subsequent to the posting of the agenda."
3205,2025-10-15,Planning and Programming Committee,154880,,32,,,,,,,,0,0,COMMENTS FROM THE PUBLIC ON ITEMS OF PUBLIC INTEREST WITHIN COMMITTEE’S SUBJECT MATTER JURISDICTION
3205,2025-10-15,Planning and Programming Committee,154881,,33,,,,,,,,0,0,Adjournment
3205,2025-10-15,Planning and Programming Committee,156224,11,25,11834,2025-0815,Program,,,,,0,0,"APPROVE the programming request of up to $218,369,000 in Regional Transportation Improvement Program funds, including a target share for a LA County request of $134,483,000 and additional maximum target share request of $83,886,000 as an interest free advance from LA County’s estimated future STIP shares."
3205,2025-10-15,Planning and Programming Committee,156225,10,23,11824,2025-0805,Program,,,,,0,0,"CONSIDER:

A.	CERTIFYING the Final Supplemental Environmental Impact Report (Final SEIR) for the Link Union Station Project  <https://www.linkunionstation.com/> (Link US) described in Attachment A;

B.	AUTHORIZING the Chief Executive Officer (CEO) to file a Notice of Determination (NOD) with the State of California Clearinghouse, and the Los Angeles County Clerk (Attachment B); and 

C.	ADOPTING the following reports for Link US, in accordance with the California Environmental Quality Act:"
3205,2025-10-15,Planning and Programming Committee,156228,,14,,,,,,,,0,0,CONSENT CALENDAR
3205,2025-10-15,Planning and Programming Committee,156229,,22,,,,,,,,0,0,NON-CONSENT
3205,2025-10-15,Planning and Programming Committee,156231,7,17,11835,2025-0816,Program,,,,,0,0,"CONSIDER:

A.	APPROVING ​programming an additional $8,200,000 in Measure M Multi-Year Subregional Program (MSP) - I-605 Corridor “Hot Spot” Interchange Improvements Program (Expenditure Line 61), as shown in Attachment A; and
 
B.	AUTHORIZING the Chief Executive Officer (CEO) or their designee to negotiate and execute all necessary agreements and/or amendments for approved projects.​"
3205,2025-10-15,Planning and Programming Committee,156232,6,16,11833,2025-0814,Policy,,,,,0,0,"CONSIDER:

A.	APPROVING the State Active Transportation Program (ATP) Cycle 8 Grant Assistance Priorities in Attachment A; 

B.	APPROVING the Regional ATP Point Assignment Methodology as described in Attachment B; and

C.	AUTHORIZING the Chief Executive Officer or their designee to assign up to 10 points to projects to be considered for funding in the Southern California Association of Governments (SCAG) Large Metropolitan Planning Organization (MPO) Competition of the ATP."
3205,2025-10-15,Planning and Programming Committee,156233,5,15,11823,2025-0804,Program,,,,,0,0,"CONSIDER: 

A.	REPROGRAMMING of funds to later fiscal years for projects previously approved from Measure M Metro Active Transport, Transit, and First/Last Mile (MAT) Program, as shown in Attachment A; and 

B.	DEOBLIGATING $33,046.99 in cost savings of previously approved MAT funding and returning those funds to the MAT Program."
3205,2025-10-15,Planning and Programming Committee,156234,12,27,11811,2025-0792,Program,,,,,0,0,"APPROVE the Resolution in Attachment A that:

A.	AUTHORIZES the Chief Executive Officer (CEO) or designee to claim $52,339,689 in fiscal year (FY) 2025-26 State of Good Repair Program (SGR) grant funds as the Regional Entity for Los Angeles County for this program;

B.	APPROVES the regional SGR Project List for FY2025-26 in Attachment B; and

C.	CERTIFIES that Metro will comply with all conditions and requirements set forth in the SB1 SGR Certification and Assurances document and applicable stat"
3205,2025-10-15,Planning and Programming Committee,156269,8,18,11836,2025-0817,Program,,,,,0,0,"CONSIDER:

A.	APPROVING programming an additional $5,073,753 within the capacity of Measure M Multi-Year Subregional Program (MSP) - Active Transportation 1st/Last Mile Connections Program (Expenditure Line 51), as shown in Attachment A; and

B.	AUTHORIZING the Chief Executive Officer (CEO) or their designee to negotiate and execute all necessary agreements for approved projects."
3205,2025-10-15,Planning and Programming Committee,156286,,21,,,,,,,,0,0,
3205,2025-10-15,Planning and Programming Committee,156287,,26,,,,,,,,0,0,
3205,2025-10-15,Planning and Programming Committee,156296,9,20,11839,2025-0820,Contract,,,,,0,0,"AUTHORIZE the Chief Executive Officer (CEO) to execute Modification No. 26 to Contract No. PS4320-2003 with CDM Smith/AECOM Technical Services, Inc., a Joint Venture (JV), to continue environmental studies and outreach support services for the Initial Operating Segment (IOS) for the Eastside Transit Corridor Phase 2 Project, in the amount of $1,499,399 increasing the total contract value from $32,333,784 to $33,833,183, and extending the period of performance from December 31, 2025, through June"
3205,2025-10-15,Planning and Programming Committee,156317,,19,,,,,,,,0,0,page break
3205,2025-10-15,Planning and Programming Committee,156318,,28,,,,,,,,0,0,
3205,2025-10-15,Planning and Programming Committee,156320,,24,,,,,,,,0,0,(ALSO ON EXECUTIVE MANAGEMENT COMMITTEE) 
3206,2025-10-16,"Finance, Budget and Audit Committee",155179,,1,,,,,,,,0,0,page break
3206,2025-10-16,"Finance, Budget and Audit Committee",155180,,2,,,,,,,,0,0,Live Public Comment Instructions:
3206,2025-10-16,"Finance, Budget and Audit Committee",155181,,3,,,,,,,,0,0,"Live public comment can be given by telephone or in-person.

The Meeting begins at 10:00 AM Pacific Time on October 16, 2025; you may join the call 5 minutes prior to the start of the meeting.

Dial-in: 888-978-8818 and enter
English Access Code: 5647249#
Spanish Access Code: 7292892#"
3206,2025-10-16,"Finance, Budget and Audit Committee",155182,,4,,,,,,,,0,0,"Public comment will be taken as the Board takes up each item. To give public  comment on an item, enter #2 (pound-two) when prompted. Please note that the live  video feed lags about 30 seconds behind the actual meeting. There is no lag on the  public comment dial-in line."
3206,2025-10-16,"Finance, Budget and Audit Committee",155183,,5,,,,,,,,0,0,Instrucciones para comentarios publicos en vivo:
3206,2025-10-16,"Finance, Budget and Audit Committee",155184,,6,,,,,,,,0,0,"Los comentarios publicos en vivo se pueden dar por telefono o en persona.

La Reunion de la Junta comienza a las 10:00 AM, hora del Pacifico, el 16 de Octubre de 2025. Puedes unirte a la llamada 5 minutos antes del comienso de la junta.

Marque: 888-978-8818 y ingrese el codigo
Codigo de acceso en ingles: 5647249#
Codigo de acceso en espanol: 7292892#"
3206,2025-10-16,"Finance, Budget and Audit Committee",155185,,7,,,,,,,,0,0,Los comentarios del público se tomaran cuando se toma cada tema. Para dar un  comentario público sobre una tema ingrese # 2 (Tecla de numero y dos) cuando se le  solicite. Tenga en cuenta que la transmisión de video en vivo se retrasa unos 30  segundos con respecto a la reunión real. No hay retraso en la línea de acceso telefónico para comentarios públicos.
3206,2025-10-16,"Finance, Budget and Audit Committee",155186,,8,,,,,,,,0,0,Written Public Comment Instruction:
3206,2025-10-16,"Finance, Budget and Audit Committee",155187,,9,,,,,,,,0,0,"Written public comments must be received by 5PM the day before the meeting.
Please include the Item # in your comment and your position of “FOR,” “AGAINST,” ""GENERAL COMMENT,"" or ""ITEM NEEDS MORE CONSIDERATION.""
Email: BoardClerk@metro.net
Post Office Mail:
Board Administration
One Gateway Plaza
MS: 99-3-1
Los Angeles, CA 90012"
3206,2025-10-16,"Finance, Budget and Audit Committee",155188,,10,,,,,,,,0,0,page break
3206,2025-10-16,"Finance, Budget and Audit Committee",155189,,11,,,,,,,,0,0,CALL TO ORDER
3206,2025-10-16,"Finance, Budget and Audit Committee",155190,,12,,,,,,,,0,0,ROLL CALL
3206,2025-10-16,"Finance, Budget and Audit Committee",155191,,13,,,,,,,,0,0, 
3206,2025-10-16,"Finance, Budget and Audit Committee",155464,,14,,,,,,,,0,0, 
3206,2025-10-16,"Finance, Budget and Audit Committee",155466,,16,,,,,,,,0,0,"Consideration of items not on the posted agenda, including: items to be presented and (if requested) referred to staff; items to be placed on the agenda for action at a future meeting of the Committee or Board; and/or items requiring immediate action because of an emergency situation or where the need to take immediate action came to the attention of the Committee subsequent to the posting of the agenda."
3206,2025-10-16,"Finance, Budget and Audit Committee",155467,,17,,,,,,,,0,0,COMMENTS FROM THE PUBLIC ON ITEMS OF PUBLIC INTEREST WITHIN COMMITTEE’S SUBJECT MATTER JURISDICTION
3206,2025-10-16,"Finance, Budget and Audit Committee",155468,,18,,,,,,,,0,0,Adjournment
3207,2025-10-16,Executive Management Committee,155469,,1,,,,,,,,0,0,page break
3207,2025-10-16,Executive Management Committee,155470,,2,,,,,,,,0,0,Live Public Comment Instructions:
3207,2025-10-16,Executive Management Committee,155471,,3,,,,,,,,0,0,"Live public comment can be given by telephone or in-person.

The Meeting begins at 11:00 AM Pacific Time on October 16, 2025; you may join the call 5 minutes prior to the start of the meeting.

Dial-in: 888-978-8818 and enter
English Access Code: 5647249#
Spanish Access Code: 7292892#"
3207,2025-10-16,Executive Management Committee,155472,,4,,,,,,,,0,0,"Public comment will be taken as the Board takes up each item. To give public  comment on an item, enter #2 (pound-two) when prompted. Please note that the live  video feed lags about 30 seconds behind the actual meeting. There is no lag on the  public comment dial-in line."
3207,2025-10-16,Executive Management Committee,155473,,5,,,,,,,,0,0,Instrucciones para comentarios publicos en vivo:
3207,2025-10-16,Executive Management Committee,155474,,6,,,,,,,,0,0,"Los comentarios publicos en vivo se pueden dar por telefono o en persona.

La Reunion de la Junta comienza a las 11:00 AM, hora del Pacifico, el 16 de Octubre de 2025. Puedes unirte a la llamada 5 minutos antes del comienso de la junta.

Marque: 888-978-8818 y ingrese el codigo
Codigo de acceso en ingles: 5647249#
Codigo de acceso en espanol: 7292892#"
3207,2025-10-16,Executive Management Committee,155475,,7,,,,,,,,0,0,Los comentarios del público se tomaran cuando se toma cada tema. Para dar un  comentario público sobre una tema ingrese # 2 (Tecla de numero y dos) cuando se le  solicite. Tenga en cuenta que la transmisión de video en vivo se retrasa unos 30  segundos con respecto a la reunión real. No hay retraso en la línea de acceso telefónico para comentarios públicos.
3207,2025-10-16,Executive Management Committee,155476,,8,,,,,,,,0,0,Written Public Comment Instruction:
3207,2025-10-16,Executive Management Committee,155477,,9,,,,,,,,0,0,"Written public comments must be received by 5PM the day before the meeting.
Please include the Item # in your comment and your position of “FOR,” “AGAINST,” ""GENERAL COMMENT,"" or ""ITEM NEEDS MORE CONSIDERATION.""
Email: BoardClerk@metro.net
Post Office Mail:
Board Administration
One Gateway Plaza
MS: 99-3-1
Los Angeles, CA 90012"
3207,2025-10-16,Executive Management Committee,155478,,10,,,,,,,,0,0,page break
3207,2025-10-16,Executive Management Committee,155479,,11,,,,,,,,0,0,CALL TO ORDER
3207,2025-10-16,Executive Management Committee,155480,,12,,,,,,,,1,0,ROLL CALL
3207,2025-10-16,Executive Management Committee,155481,,13,,,,,,,,0,0,"APPROVE Consent Calendar Items: 21, 22, and 23. 

Consent Calendar items are approved by one motion unless held by a Director for discussion and/or separate action. "
3207,2025-10-16,Executive Management Committee,155769,26,24,11875,2025-0856,Informational Report,RECEIVED AND FILED,Pass,,,0,0,RECEIVE AND FILE October 2025 Federal and State Legislative Report.
3207,2025-10-16,Executive Management Committee,155770,,25,11894,2025-0875,Informational Report,,,,,0,0,RECEIVE General Public Comment
3207,2025-10-16,Executive Management Committee,155771,,26,,,,,,,,0,0,"Consideration of items not on the posted agenda, including: items to be presented and (if requested) referred to staff; items to be placed on the agenda for action at a future meeting of the Committee or Board; and/or items requiring immediate action because of an emergency situation or where the need to take immediate action came to the attention of the Committee subsequent to the posting of the agenda."
3207,2025-10-16,Executive Management Committee,155772,,27,,,,,,,,0,0,COMMENTS FROM THE PUBLIC ON ITEMS OF PUBLIC INTEREST WITHIN COMMITTEE’S SUBJECT MATTER JURISDICTION
3207,2025-10-16,Executive Management Committee,155773,,28,,,,,,,,0,0,Adjournment
3207,2025-10-16,Executive Management Committee,156245,25,23,11803,2025-0784,Informational Report,RECEIVED AND FILED,Pass,,,0,0,RECEIVE AND FILE status report on Traffic Reduction Study (TRS).
3207,2025-10-16,Executive Management Committee,156246,24,20,11810,2025-0791,Policy,,,,,0,0,"CONSIDER: 

A.	RECEIVING AND FILING the Local Small Business Enterprise (LSBE) Preference Program Pilot Final Report; and  

B.	APPROVING the Local Small Business Enterprise (LSBE) Preference Program."
3207,2025-10-16,Executive Management Committee,156247,,19,,,,,,,,0,0,NON-CONSENT
3207,2025-10-16,Executive Management Committee,156248,23,17,11882,2025-0863,Policy,RECEIVED AND FILED,Pass,,,0,0,RECEIVE AND FILE status report on 2025 Climate Action and Adaptation Plan Update (Attachment A).
3207,2025-10-16,Executive Management Committee,156249,22,16,11820,2025-0801,Plan,,,,,0,0,ADOPT the Energy Master Plan recommendations (Attachment A).
3207,2025-10-16,Executive Management Committee,156250,21,15,11806,2025-0787,Contract,,,,,0,0,"AUTHORIZE the Chief Executive Officer to execute Modification No. 1 to Audit Services Bench Contract Nos. PS86611000 through PS86611007 (Attachment C) to exercise the first one-year option in an amount Not-To-Exceed $2,476,605, increasing the cumulative contract value from $7,142,240 to $9,618,845 and extending the period of performance from January 1, 2026 to December 31, 2026."
3207,2025-10-16,Executive Management Committee,156251,,14,,,,,,,,0,0,CONSENT CALENDAR
3207,2025-10-16,Executive Management Committee,156282,,18,,,,,,,,0,0,page break
3207,2025-10-16,Executive Management Committee,156321,,22,,,,,,,,0,0,(ALSO ON PLANNING AND PROGRAMMING COMMITTEE) 
3207,2025-10-16,Executive Management Committee,156322,10,21,11824,2025-0805,Program,,,,,0,0,"CONSIDER:

A.	CERTIFYING the Final Supplemental Environmental Impact Report (Final SEIR) for the Link Union Station Project  <https://www.linkunionstation.com/> (Link US) described in Attachment A;

B.	AUTHORIZING the Chief Executive Officer (CEO) to file a Notice of Determination (NOD) with the State of California Clearinghouse, and the Los Angeles County Clerk (Attachment B); and 

C.	ADOPTING the following reports for Link US, in accordance with the California Environmental Quality Act:"
3208,2025-10-16,"Operations, Safety, and Customer Experience Committee",155774,,1,,,,,,,,0,0,page break
3208,2025-10-16,"Operations, Safety, and Customer Experience Committee",155775,,2,,,,,,,,0,0,Live Public Comment Instructions:
3208,2025-10-16,"Operations, Safety, and Customer Experience Committee",155776,,3,,,,,,,,0,0,"Live public comment can be given by telephone or in-person.

The Meeting begins at 1:00 PM Pacific Time on October 16, 2025; you may join the call 5 minutes prior to the start of the meeting.

Dial-in: 888-978-8818 and enter
English Access Code: 5647249#
Spanish Access Code: 7292892#"
3208,2025-10-16,"Operations, Safety, and Customer Experience Committee",155777,,4,,,,,,,,0,0,"Public comment will be taken as the Board takes up each item. To give public  comment on an item, enter #2 (pound-two) when prompted. Please note that the live  video feed lags about 30 seconds behind the actual meeting. There is no lag on the  public comment dial-in line."
3208,2025-10-16,"Operations, Safety, and Customer Experience Committee",155778,,5,,,,,,,,0,0,Instrucciones para comentarios publicos en vivo:
3208,2025-10-16,"Operations, Safety, and Customer Experience Committee",155779,,6,,,,,,,,0,0,"Los comentarios publicos en vivo se pueden dar por telefono o en persona.

La Reunion de la Junta comienza a las 1:00 PM, hora del Pacifico, el 16 de Octubre de 2025. Puedes unirte a la llamada 5 minutos antes del comienso de la junta.

Marque: 888-978-8818 y ingrese el codigo
Codigo de acceso en ingles: 5647249#
Codigo de acceso en espanol: 7292892#"
3208,2025-10-16,"Operations, Safety, and Customer Experience Committee",155780,,7,,,,,,,,0,0,Los comentarios del público se tomaran cuando se toma cada tema. Para dar un  comentario público sobre una tema ingrese # 2 (Tecla de numero y dos) cuando se le  solicite. Tenga en cuenta que la transmisión de video en vivo se retrasa unos 30  segundos con respecto a la reunión real. No hay retraso en la línea de acceso telefónico para comentarios públicos.
3208,2025-10-16,"Operations, Safety, and Customer Experience Committee",155781,,8,,,,,,,,0,0,Written Public Comment Instruction:
3208,2025-10-16,"Operations, Safety, and Customer Experience Committee",155782,,9,,,,,,,,0,0,"Written public comments must be received by 5PM the day before the meeting.
Please include the Item # in your comment and your position of “FOR,” “AGAINST,” ""GENERAL COMMENT,"" or ""ITEM NEEDS MORE CONSIDERATION.""
Email: BoardClerk@metro.net
Post Office Mail:
Board Administration
One Gateway Plaza
MS: 99-3-1
Los Angeles, CA 90012"
3208,2025-10-16,"Operations, Safety, and Customer Experience Committee",155783,,10,,,,,,,,0,0,page break
3208,2025-10-16,"Operations, Safety, and Customer Experience Committee",155784,,11,,,,,,,,0,0,CALL TO ORDER
3208,2025-10-16,"Operations, Safety, and Customer Experience Committee",155785,,12,,,,,,,,1,0,ROLL CALL
3208,2025-10-16,"Operations, Safety, and Customer Experience Committee",155786,34,24,11842,2025-0823,Oral Report / Presentation,RECEIVED,Pass,,,0,0,RECEIVE oral report on Metro Operations.
3208,2025-10-16,"Operations, Safety, and Customer Experience Committee",156179,35,25,11859,2025-0840,Contract,,,,,0,0,"AUTHORIZE the Chief Executive Officer to award 25 Bench Contracts Nos. PS133177001 through PS133177025, under the Job Order Contracting Construction Services Bench,  to provide construction services on a job order basis for various transit infrastructure projects for a one-year base period in the Not-To-Exceed (NTE) amount of $125,000,000, and two one-year options in the NTE amount of $125,000,000  for each year, for a total cumulative NTE amount of $375,000,000, subject to the resolution of any"
3208,2025-10-16,"Operations, Safety, and Customer Experience Committee",156180,,35,11895,2025-0876,Informational Report,,,,,0,0,RECEIVE General Public Comment
3208,2025-10-16,"Operations, Safety, and Customer Experience Committee",156181,,36,,,,,,,,0,0,"Consideration of items not on the posted agenda, including: items to be presented and (if requested) referred to staff; items to be placed on the agenda for action at a future meeting of the Committee or Board; and/or items requiring immediate action because of an emergency situation or where the need to take immediate action came to the attention of the Committee subsequent to the posting of the agenda."
3208,2025-10-16,"Operations, Safety, and Customer Experience Committee",156182,,37,,,,,,,,0,0,COMMENTS FROM THE PUBLIC ON ITEMS OF PUBLIC INTEREST WITHIN COMMITTEE’S SUBJECT MATTER JURISDICTION
3208,2025-10-16,"Operations, Safety, and Customer Experience Committee",156183,,38,,,,,,,,0,0,Adjournment
3208,2025-10-16,"Operations, Safety, and Customer Experience Committee",156252,33,23,11841,2025-0822,Oral Report / Presentation,RECEIVED,Pass,,,0,0,RECOGNIZE Operations Employees of the Month.
3208,2025-10-16,"Operations, Safety, and Customer Experience Committee",156253,,22,,,,,,,,0,0,NON-CONSENT
3208,2025-10-16,"Operations, Safety, and Customer Experience Committee",156254,32,21,11850,2025-0831,Contract,,,,,0,0,"AUTHORIZE the Chief Executive Officer to award a five-year firm fixed unit rate Contract No. OP52832000 to Becnel Uniforms, Inc. to provide uniforms for Bus and Rail Transit Operations Supervisors (R/TOS) in the Not-To-Exceed (NTE) amount of $1,713,163.00 effective January 1, 2026; subject to the resolution of any properly submitted protest(s), if any."
3208,2025-10-16,"Operations, Safety, and Customer Experience Committee",156255,31,20,11849,2025-0830,Contract,,,,,0,0,"AUTHORIZE the Chief Executive Officer to execute Modification No. 6 to Contract No. OP754160008370 with Steelman Build & Construction Inc. to provide commercial and industrial door repair and preventive maintenance services and exercise option year two in the Not-To-Exceed (NTE) amount of $560,912, increasing the total contract NTE amount from $2,293,648 to $2,854,560, and extending the period of performance from January 3, 2026, to January 2, 2027."
3208,2025-10-16,"Operations, Safety, and Customer Experience Committee",156256,30,19,11848,2025-0829,Contract,,,,,0,0,"AUTHORIZE the Chief Executive Officer to award a firm fixed unit rate Contract No. OP496680008370 to MCM Integrated Systems, Inc. (MCM) to provide comprehensive access control installation, maintenance, and repair services to mitigate intrusion and enhance security throughout Metro facilities for a Not-To-Exceed (NTE) amount of $7,140,685 for the five-year base period and $1,877,358 for the two-year option, for a combined NTE amount of $9,018,043, effective January 1, 2026, subject to the resolu"
3208,2025-10-16,"Operations, Safety, and Customer Experience Committee",156257,29,18,11847,2025-0828,Contract,,,,,0,0,"AUTHORIZE the Chief Executive Officer to award a sixty (60) month, firm fixed price contract, Contract No. OP128650000, to Wabtec Passenger Transit for the P2000 and P3010 Light Rail Vehicle (LRV) Pantograph Overhaul, in the total Not-To-Exceed (NTE) amount of $6,732,338.00, subject to the resolution of any properly submitted protest(s), if any."
3208,2025-10-16,"Operations, Safety, and Customer Experience Committee",156258,28,16,11846,2025-0827,Contract,,,,,0,0,"AUTHORIZE the Chief Executive Officer to award a 60-month firm fixed price contract, Contract No. OP127799000, to W. Baker Management dba UKM Transit Products (UKM) for the P3010 Light Rail Vehicle (LRV) Master Controller Overhaul, in the Not-To-Exceed (NTE) amount of $1,912,500.00, subject to the resolution of any properly submitted protest(s), if any."
3208,2025-10-16,"Operations, Safety, and Customer Experience Committee",156259,27,15,11845,2025-0826,Appointment,,,,,0,0,APPROVE nominee for membership on Metro’s South Bay Cities Service Council (Attachment A).
3208,2025-10-16,"Operations, Safety, and Customer Experience Committee",156260,,14,,,,,,,,0,0,CONSENT CALENDAR
3208,2025-10-16,"Operations, Safety, and Customer Experience Committee",156261,,13,,,,,,,,0,0,"APPROVE Consent Calendar Items: 27, 28, 29, 30, 31 and 32. 

Consent Calendar items are approved by one motion unless held by a Director for discussion and/or separate action."
3208,2025-10-16,"Operations, Safety, and Customer Experience Committee",156262,36,26,11805,2025-0786,Informational Report,RECEIVED AND FILED,Pass,,,0,0,RECEIVE AND FILE Office of the Inspector General (OIG) Final Report on Review of Metro Call Boxes at Rail Stations and Major Bus Terminals.
3208,2025-10-16,"Operations, Safety, and Customer Experience Committee",156263,,34,,,,,,,,0,0,
3208,2025-10-16,"Operations, Safety, and Customer Experience Committee",156264,37,27,11874,2025-0855,Informational Report,RECEIVED AND FILED,Pass,,,0,0,RECEIVE AND FILE the Office of the Inspector General (OIG) Final Report on the Review of Metro Bus Pass-Ups (Report No. 25-AUD-07) (Attachment A).
3208,2025-10-16,"Operations, Safety, and Customer Experience Committee",156265,,33,,,,,,,,0,0,
3208,2025-10-16,"Operations, Safety, and Customer Experience Committee",156266,38,29,11844,2025-0825,Oral Report / Presentation,RECEIVED AND FILED,Pass,,,0,0,RECEIVE AND FILE status update on NextGen Bus Ridership.
3208,2025-10-16,"Operations, Safety, and Customer Experience Committee",156267,,32,,,,,,,,0,0,
3208,2025-10-16,"Operations, Safety, and Customer Experience Committee",156268,39,31,11799,2025-0780,Informational Report,RECEIVED AND FILED,Pass,,,0,0,RECEIVE AND FILE the Public Safety Report.
3208,2025-10-16,"Operations, Safety, and Customer Experience Committee",156271,,28,,,,,,,,0,0,(CARRIED OVER FROM SEPTEMBER'S COMMITTEE CYCLE)
3208,2025-10-16,"Operations, Safety, and Customer Experience Committee",156293,,17,,,,,,,,0,0,page break
3208,2025-10-16,"Operations, Safety, and Customer Experience Committee",156294,,30,,,,,,,,0,0,page break
3209,2025-10-23,Board of Directors - Regular Board Meeting,156325,,1,,,,,,,,0,0,page break
3209,2025-10-23,Board of Directors - Regular Board Meeting,156326,,2,,,,,,,,0,0,Live Public Comment Instructions:
3209,2025-10-23,Board of Directors - Regular Board Meeting,156327,,3,,,,,,,,0,0,"Live public comment can be given by telephone or in-person.

The Meeting begins at 10:00 AM Pacific Time on October 23, 2025; you may join the call 5 minutes prior to the start of the meeting.

Dial-in: 888-978-8818 and enter
English Access Code: 5647249#
Spanish Access Code: 7292892#"
3209,2025-10-23,Board of Directors - Regular Board Meeting,156328,,4,,,,,,,,0,0,"Public comment will be taken as the Board takes up each item. To give public  comment on an item, enter #2 (pound-two) when prompted. Please note that the live  video feed lags about 30 seconds behind the actual meeting. There is no lag on the  public comment dial-in line."
3209,2025-10-23,Board of Directors - Regular Board Meeting,156329,,5,,,,,,,,0,0,Instrucciones para comentarios publicos en vivo:
3209,2025-10-23,Board of Directors - Regular Board Meeting,156330,,6,,,,,,,,0,0,"Los comentarios publicos en vivo se pueden dar por telefono o en persona.

La Reunion de la Junta comienza a las 10:00 AM, hora del Pacifico, el 23 de Octubre de 2025. Puedes unirte a la llamada 5 minutos antes del comienso de la junta.

Marque: 888-978-8818 y ingrese el codigo
Codigo de acceso en ingles: 5647249#
Codigo de acceso en espanol: 7292892#"
3209,2025-10-23,Board of Directors - Regular Board Meeting,156331,,7,,,,,,,,0,0,Los comentarios del público se tomaran cuando se toma cada tema. Para dar un  comentario público sobre una tema ingrese # 2 (Tecla de numero y dos) cuando se le  solicite. Tenga en cuenta que la transmisión de video en vivo se retrasa unos 30  segundos con respecto a la reunión real. No hay retraso en la línea de acceso telefónico para comentarios públicos.
3209,2025-10-23,Board of Directors - Regular Board Meeting,156332,,8,,,,,,,,0,0,Written Public Comment Instruction:
3209,2025-10-23,Board of Directors - Regular Board Meeting,156333,,9,,,,,,,,0,0,"Written public comments must be received by 5PM the day before the meeting.
Please include the Item # in your comment and your position of “FOR,” “AGAINST,” ""GENERAL COMMENT,"" or ""ITEM NEEDS MORE CONSIDERATION.""
Email: BoardClerk@metro.net
Post Office Mail:
Board Administration
One Gateway Plaza
MS: 99-3-1
Los Angeles, CA 90012"
3209,2025-10-23,Board of Directors - Regular Board Meeting,156334,,10,,,,,,,,0,0,page break
3209,2025-10-23,Board of Directors - Regular Board Meeting,156335,,11,,,,,,,,0,0,CALL TO ORDER
3209,2025-10-23,Board of Directors - Regular Board Meeting,156336,,12,,,,,,,,1,0,ROLL CALL
3209,2025-10-23,Board of Directors - Regular Board Meeting,156337,1,13,,,,,,,,0,0,"APPROVE Consent Calendar Items: 2, 5, 6, 7, 8, 9, 12, 17, 18, 19, 21, 22, 24, 27, 28, 29, 30, 31, 32, and 35. "
3209,2025-10-23,Board of Directors - Regular Board Meeting,156338,,31,,,,,,,,0,0,"CONSENT CALENDAR - ITEMS 2, 5, 6, 7, 8, 9, 12, 17, 18, 19, 21, 22, 24, 27, 28, 29, 30, 31, 32, AND 35. "
3209,2025-10-23,Board of Directors - Regular Board Meeting,156500,,79,11943,2025-0925,Informational Report,,,,,0,0,RECEIVE General Public Comment
3209,2025-10-23,Board of Directors - Regular Board Meeting,156501,,81,,,,,,,,0,0,"Consideration of items not on the posted agenda, including: items to be presented and (if requested) referred to staff; items to be placed on the agenda for action at a future meeting of the Committee or Board; and/or items requiring immediate action because of an emergency situation or where the need to take immediate action came to the attention of the Committee subsequent to the posting of the agenda."
3209,2025-10-23,Board of Directors - Regular Board Meeting,156502,,82,,,,,,,,0,0,COMMENTS FROM THE PUBLIC ON ITEMS OF PUBLIC INTEREST WITHIN COMMITTEE’S SUBJECT MATTER JURISDICTION
3209,2025-10-23,Board of Directors - Regular Board Meeting,156503,,83,,,,,,,,0,0,Adjournment
3209,2025-10-23,Board of Directors - Regular Board Meeting,156504,,15,,,,,,,,0,0,NON-CONSENT
3209,2025-10-23,Board of Directors - Regular Board Meeting,156506,29,66,11847,2025-0828,Contract,APPROVED,Pass,Tim Sandoval,Kathryn Barger,0,1,"AUTHORIZE the Chief Executive Officer to award a sixty (60) month, firm fixed price contract, Contract No. OP128650000, to Wabtec Passenger Transit for the P2000 and P3010 Light Rail Vehicle (LRV) Pantograph Overhaul, in the total Not-To-Exceed (NTE) amount of $6,732,338.00, subject to the resolution of any properly submitted protest(s), if any."
3209,2025-10-23,Board of Directors - Regular Board Meeting,156507,,48,,,,,,,,0,0,CONSTRUCTION COMMITTEE MADE THE FOLLOWING RECOMMENDATION (4-0):
3209,2025-10-23,Board of Directors - Regular Board Meeting,156508,2,32,11942,2025-0924,Minutes,APPROVED,Pass,Tim Sandoval,Kathryn Barger,0,1,"APPROVE Minutes of the Regular Board Meeting held September 25, 2025."
3209,2025-10-23,Board of Directors - Regular Board Meeting,156509,,26,,,,,,,,0,0,END OF NON-CONSENT ITEMS
3209,2025-10-23,Board of Directors - Regular Board Meeting,156510,4,18,11941,2025-0923,Oral Report / Presentation,RECEIVED,,,,0,0,RECEIVE report by the Chief Executive Officer.
3209,2025-10-23,Board of Directors - Regular Board Meeting,156512,,30,,,,,,,,0,0,
3209,2025-10-23,Board of Directors - Regular Board Meeting,156514,40,25,11858,2025-0839,Resolution,APPROVED,Pass,James Butts,Hilda L. Solis,0,0,"ADOPT the Resolution of Necessity authorizing the commencement of an eminent domain action to acquire an 18-month Temporary Construction Easement (“TCE”) from the property known as 9397 Wilshire Blvd., Beverly Hills, CA  90210 APN: 4343-005-004.

(REQUIRES TWO-THIRDS VOTE OF THE FULL BOARD)"
3209,2025-10-23,Board of Directors - Regular Board Meeting,156515,3,17,11940,2025-0922,Oral Report / Presentation,RECEIVED,,,,0,0,RECEIVE remarks by the Chair.
3209,2025-10-23,Board of Directors - Regular Board Meeting,156516,,29,,,,,,,,0,0,page break
3209,2025-10-23,Board of Directors - Regular Board Meeting,156517,,65,,,,,,,,0,0,"OPERATIONS, SAFETY, AND CUSTOMER EXPERIENCE COMMITTEE MADE THE FOLLOWING RECOMMENDATION (3-0):"
3209,2025-10-23,Board of Directors - Regular Board Meeting,156518,,55,,,,,,,,0,0,EXECUTIVE MANAGEMENT COMMITTEE MADE THE FOLLOWING RECOMMENDATION (4-0):
3209,2025-10-23,Board of Directors - Regular Board Meeting,156519,19,53,11883,2025-0864,Project,APPROVED ON CONSENT CALENDAR,Pass,Tim Sandoval,Kathryn Barger,0,1,"AMEND the Life-of-Project (LOP) budget for the Purple (D Line) Extension Project Section 1 (Project) by $154,000,000 from $3,353,879,593 to $3,507,879,593 using the fund sources as summarized in Attachment A and consistent with the provisions of the Board-adopted Measure R and Measure M Unified Cost Management Policy (Attachment B)."
3209,2025-10-23,Board of Directors - Regular Board Meeting,156520,,52,,,,,,,,0,0,CONSTRUCTION COMMITTEE MADE THE FOLLOWING RECOMMENDATION (4-0):
3209,2025-10-23,Board of Directors - Regular Board Meeting,156521,18,51,11827,2025-0808,Contract,APPROVED ON CONSENT CALENDAR,Pass,Tim Sandoval,Kathryn Barger,0,0,"AUTHORIZE the Chief Executive Officer to award a cost reimbursable fixed fee Contract No. AE127279MC084 to T.Y. Lin International, Inc. to provide Construction Management Support Services (CMSS) for the Link Union Station Project (Link US) for the not-to-exceed (NTE) amount of $13,796,413 for the two (2) year base term, and $49,634,124 for the  four,  one-year option terms, for a total combined not-to-exceed amount of $63,430,537, subject to the resolution of all properly submitted protest(s), i"
3209,2025-10-23,Board of Directors - Regular Board Meeting,156522,17,49,11822,2025-0803,Contract,APPROVED ON CONSENT CALENDAR,Pass,Tim Sandoval,Kathryn Barger,0,0,"AUTHORIZE the Chief Executive Officer to: 

A.	AMEND the I-105 ExpressLanes Project 475004 Life-of-Project (LOP) Budget by establishing funding for the Segment 2 and 3 (Phase 2 Supplement) construction, from Central Avenue to Studebaker Road on the I-105 Freeway. This action increases the existing Life-of-Project Budget of $757,540,216 by $707,926,765 for a total Life-of-Project Budget of $1,465,466,981 (Attachment A); and

B.	NEGOTIATE AND EXECUTE project-related agreements, including contr"
3209,2025-10-23,Board of Directors - Regular Board Meeting,156523,,16,,,,,,,,0,0,
3209,2025-10-23,Board of Directors - Regular Board Meeting,156524,,14,,,,,,,,0,0,"Consent Calendar items are approved by one motion unless held by a Director for discussion and/or separate action.

All Consent Calendar items are listed at the end of the agenda, beginning on page 10."
3209,2025-10-23,Board of Directors - Regular Board Meeting,156543,,50,,,,,,,,0,0,CONSTRUCTION COMMITTEE MADE THE FOLLOWING RECOMMENDATION (3-0):
3209,2025-10-23,Board of Directors - Regular Board Meeting,156544,12,47,11811,2025-0792,Program,APPROVED,Pass,Tim Sandoval,Kathryn Barger,0,1,"APPROVE the Resolution in Attachment A that:

A.	AUTHORIZES the Chief Executive Officer (CEO) or designee to claim $52,339,689 in fiscal year (FY) 2025-26 State of Good Repair Program (SGR) grant funds as the Regional Entity for Los Angeles County for this program;

B.	APPROVES the regional SGR Project List for FY2025-26 in Attachment B; and

C.	CERTIFIES that Metro will comply with all conditions and requirements set forth in the SB1 SGR Certification and Assurances document and applicable stat"
3209,2025-10-23,Board of Directors - Regular Board Meeting,156545,7,38,11835,2025-0816,Program,APPROVED,Pass,Tim Sandoval,Kathryn Barger,0,1,"CONSIDER:

A.	APPROVING ​programming an additional $8,200,000 in Measure M Multi-Year Subregional Program (MSP) - I-605 Corridor “Hot Spot” Interchange Improvements Program (Expenditure Line 61), as shown in Attachment A; and
 
B.	AUTHORIZING the Chief Executive Officer (CEO) or their designee to negotiate and execute all necessary agreements and/or amendments for approved projects.​"
3209,2025-10-23,Board of Directors - Regular Board Meeting,156546,,37,,,,,,,,0,0,PLANNING AND PROGRAMMING COMMITTEE MADE THE FOLLOWING RECOMMENDATION (3-0):
3209,2025-10-23,Board of Directors - Regular Board Meeting,156547,,33,,,,,,,,0,0,PLANNING AND PROGRAMMING COMMITTEE MADE THE FOLLOWING RECOMMENDATION (3-0):
3209,2025-10-23,Board of Directors - Regular Board Meeting,156548,6,36,11833,2025-0814,Policy,ADOPTED,Pass,Tim Sandoval,Kathryn Barger,0,1,"CONSIDER:

A.	APPROVING the State Active Transportation Program (ATP) Cycle 8 Grant Assistance Priorities in Attachment A; 

B.	APPROVING the Regional ATP Point Assignment Methodology as described in Attachment B; and

C.	AUTHORIZING the Chief Executive Officer or their designee to assign up to 10 points to projects to be considered for funding in the Southern California Association of Governments (SCAG) Large Metropolitan Planning Organization (MPO) Competition of the ATP."
3209,2025-10-23,Board of Directors - Regular Board Meeting,156549,,35,,,,,,,,0,0,PLANNING AND PROGRAMMING COMMITTEE MADE THE FOLLOWING RECOMMENDATION (3-0):
3209,2025-10-23,Board of Directors - Regular Board Meeting,156550,5,34,11823,2025-0804,Program,APPROVED,Pass,Tim Sandoval,Kathryn Barger,0,1,"CONSIDER: 

A.	REPROGRAMMING of funds to later fiscal years for projects previously approved from Measure M Metro Active Transport, Transit, and First/Last Mile (MAT) Program, as shown in Attachment A; and 

B.	DEOBLIGATING $33,046.99 in cost savings of previously approved MAT funding and returning those funds to the MAT Program."
3209,2025-10-23,Board of Directors - Regular Board Meeting,156551,,46,,,,,,,,0,0,PLANNING AND PROGRAMMING COMMITTEE MADE THE FOLLOWING RECOMMENDATION (3-0):
3209,2025-10-23,Board of Directors - Regular Board Meeting,156552,11,44,11834,2025-0815,Program,WITHDRAWN,,,,0,0,"APPROVE the programming request of up to $218,369,000 in Regional Transportation Improvement Program funds, including a target share for a LA County request of $134,483,000 and additional maximum target share request of $83,886,000 as an interest free advance from LA County’s estimated future STIP shares."
3209,2025-10-23,Board of Directors - Regular Board Meeting,156553,,43,,,,,,,,0,0,PLANNING AND PROGRAMMING COMMITTEE MADE THE FOLLOWING RECOMMENDATION (3-0):
3209,2025-10-23,Board of Directors - Regular Board Meeting,156554,9,42,11839,2025-0820,Contract,APPROVED,Pass,Tim Sandoval,Kathryn Barger,0,1,"AUTHORIZE the Chief Executive Officer (CEO) to execute Modification No. 26 to Contract No. PS4320-2003 with CDM Smith/AECOM Technical Services, Inc., a Joint Venture (JV), to continue environmental studies and outreach support services for the Initial Operating Segment (IOS) for the Eastside Transit Corridor Phase 2 Project, in the amount of $1,499,399 increasing the total contract value from $32,333,784 to $33,833,183, and extending the period of performance from December 31, 2025, through June"
3209,2025-10-23,Board of Directors - Regular Board Meeting,156555,,41,,,,,,,,0,0,PLANNING AND PROGRAMMING COMMITTEE MADE THE FOLLOWING RECOMMENDATION (3-0):
3209,2025-10-23,Board of Directors - Regular Board Meeting,156556,8,40,11836,2025-0817,Program,APPROVED,Pass,Tim Sandoval,Kathryn Barger,0,1,"CONSIDER:

A.	APPROVING programming an additional $5,073,753 within the capacity of Measure M Multi-Year Subregional Program (MSP) - Active Transportation 1st/Last Mile Connections Program (Expenditure Line 51), as shown in Attachment A; and

B.	AUTHORIZING the Chief Executive Officer (CEO) or their designee to negotiate and execute all necessary agreements for approved projects."
3209,2025-10-23,Board of Directors - Regular Board Meeting,156557,,39,,,,,,,,0,0,PLANNING AND PROGRAMMING COMMITTEE MADE THE FOLLOWING RECOMMENDATION (3-0):
3209,2025-10-23,Board of Directors - Regular Board Meeting,156558,10.1,22,11949,2025-0931,Motion / Motion Response,APPROVED AS AMENDED,Pass,Fernando Dutra,James Butts,0,0,"APPROVE Motion by Hahn, Dutra and Solis that the Board direct the Chief Executive Officer to:

A.	Collaborate with BNSF to explore any other alternative solutions for rail storage that may have fewer impacts, while still meeting their operational needs; 

B.	Convene meetings with BNSF and the City of Vernon to secure written commitments, where possible, that include:

1.	Limiting future rail operations to non-peak or nighttime hours;

2.	Ensuring any increased train activity stays below a mutual"
3209,2025-10-23,Board of Directors - Regular Board Meeting,156559,10,20,11824,2025-0805,Program,APPROVED,Pass,Jacquelyn Dupont-Walker,James Butts,0,0,"CONSIDER:

A.	CERTIFYING the Final Supplemental Environmental Impact Report (Final SEIR) for the Link Union Station Project  <https://www.linkunionstation.com/> (Link US) described in Attachment A;

B.	AUTHORIZING the Chief Executive Officer (CEO) to file a Notice of Determination (NOD) with the State of California Clearinghouse, and the Los Angeles County Clerk (Attachment B); and 

C.	ADOPTING the following reports for Link US, in accordance with the California Environmental Quality Act:"
3209,2025-10-23,Board of Directors - Regular Board Meeting,156560,,19,,,,,,,,0,0,PLANNING AND PROGRAMMING COMMITTEE AND EXECUTIVE MANAGEMENT COMMITTEE FORWARDED THE FOLLOWING WITHOUT RECOMMENDATION: 
3209,2025-10-23,Board of Directors - Regular Board Meeting,156561,,23,,,,,,,,0,0,EXECUTIVE MANAGEMENT COMMITTEE MADE THE FOLLOWING RECOMMENDATION (4-0):
3209,2025-10-23,Board of Directors - Regular Board Meeting,156562,28,64,11846,2025-0827,Contract,APPROVED,Pass,Tim Sandoval,Kathryn Barger,0,1,"AUTHORIZE the Chief Executive Officer to award a 60-month firm fixed price contract, Contract No. OP127799000, to W. Baker Management dba UKM Transit Products (UKM) for the P3010 Light Rail Vehicle (LRV) Master Controller Overhaul, in the Not-To-Exceed (NTE) amount of $1,912,500.00, subject to the resolution of any properly submitted protest(s), if any."
3209,2025-10-23,Board of Directors - Regular Board Meeting,156563,,63,,,,,,,,0,0,"OPERATIONS, SAFETY, AND CUSTOMER EXPERIENCE COMMITTEE MADE THE FOLLOWING RECOMMENDATION (4-0):"
3209,2025-10-23,Board of Directors - Regular Board Meeting,156564,27,62,11845,2025-0826,Appointment,APPROVED,Pass,Tim Sandoval,Kathryn Barger,0,1,APPROVE nominee for membership on Metro’s South Bay Cities Service Council (Attachment A).
3209,2025-10-23,Board of Directors - Regular Board Meeting,156565,,61,,,,,,,,0,0,"OPERATIONS, SAFETY, AND CUSTOMER EXPERIENCE COMMITTEE MADE THE FOLLOWING RECOMMENDATION (4-0):"
3209,2025-10-23,Board of Directors - Regular Board Meeting,156566,24,60,11810,2025-0791,Policy,ADOPTED,Pass,Tim Sandoval,Kathryn Barger,0,1,"CONSIDER: 

A.	RECEIVING AND FILING the Local Small Business Enterprise (LSBE) Preference Program Pilot Final Report; and  

B.	APPROVING the Local Small Business Enterprise (LSBE) Preference Program."
3209,2025-10-23,Board of Directors - Regular Board Meeting,156567,,59,,,,,,,,0,0,EXECUTIVE MANAGEMENT COMMITTEE MADE THE FOLLOWING RECOMMENDATION (4-0):
3209,2025-10-23,Board of Directors - Regular Board Meeting,156568,22,58,11820,2025-0801,Plan,APPROVED ON CONSENT CALENDAR,Pass,Tim Sandoval,Kathryn Barger,0,1,ADOPT the Energy Master Plan recommendations (Attachment A).
3209,2025-10-23,Board of Directors - Regular Board Meeting,156569,21,56,11806,2025-0787,Contract,APPROVED ON CONSENT CALENDAR,Pass,Tim Sandoval,Kathryn Barger,0,0,"AUTHORIZE the Chief Executive Officer to execute Modification No. 1 to Audit Services Bench Contract Nos. PS86611000 through PS86611007 (Attachment C) to exercise the first one-year option in an amount Not-To-Exceed $2,476,605, increasing the cumulative contract value from $7,142,240 to $9,618,845 and extending the period of performance from January 1, 2026 to December 31, 2026."
3209,2025-10-23,Board of Directors - Regular Board Meeting,156570,,57,,,,,,,,0,0,EXECUTIVE MANAGEMENT COMMITTEE MADE THE FOLLOWING RECOMMENDATION (4-0):
3209,2025-10-23,Board of Directors - Regular Board Meeting,156571,,21,,,,,,,,0,0,EXECUTIVE MANAGEMENT COMMITTEE MADE THE FOLLOWING RECOMMENDATION (4-0):
3209,2025-10-23,Board of Directors - Regular Board Meeting,156572,26.1,24,11950,2025-0932,Motion / Motion Response,APPROVED,Pass,Fernando Dutra,Holly J. Mitchell,0,0,"APPROVE Motion by Bass, Dupont-Walker, Solis, Padilla, Dutra, and Mitchell that the Board: 

A.	Formally reaffirm its commitment to sustaining and expanding opportunities for Disadvantaged Business Enterprises (DBEs), Small Business Enterprises (SBEs), and other historically underrepresented firms, and to ensure Metro continues to advance economic equity; 

WE FURTHER MOVE that the Board direct the Chief Executive Officer to: 

B.	Develop and implement a DBE Re/certification Support Strategy tha"
3209,2025-10-23,Board of Directors - Regular Board Meeting,156576,,80,,,,,,,,0,0,
3209,2025-10-23,Board of Directors - Regular Board Meeting,156577,,71,,,,,,,,0,0,"OPERATIONS, SAFETY, AND CUSTOMER EXPERIENCE COMMITTEE MADE THE FOLLOWING RECOMMENDATION (4-0):"
3209,2025-10-23,Board of Directors - Regular Board Meeting,156578,31,70,11849,2025-0830,Contract,APPROVED,Pass,Tim Sandoval,Kathryn Barger,0,1,"AUTHORIZE the Chief Executive Officer to execute Modification No. 6 to Contract No. OP754160008370 with Steelman Build & Construction Inc. to provide commercial and industrial door repair and preventive maintenance services and exercise option year two in the Not-To-Exceed (NTE) amount of $560,912, increasing the total contract NTE amount from $2,293,648 to $2,854,560, and extending the period of performance from January 3, 2026, to January 2, 2027."
3209,2025-10-23,Board of Directors - Regular Board Meeting,156579,,69,,,,,,,,0,0,"OPERATIONS, SAFETY, AND CUSTOMER EXPERIENCE COMMITTEE MADE THE FOLLOWING RECOMMENDATION (4-0):"
3209,2025-10-23,Board of Directors - Regular Board Meeting,156580,30,68,11848,2025-0829,Contract,APPROVED,Pass,Tim Sandoval,Kathryn Barger,0,1,"AUTHORIZE the Chief Executive Officer to award a firm fixed unit rate Contract No. OP496680008370 to MCM Integrated Systems, Inc. (MCM) to provide comprehensive access control installation, maintenance, and repair services to mitigate intrusion and enhance security throughout Metro facilities for a Not-To-Exceed (NTE) amount of $7,140,685 for the five-year base period and $1,877,358 for the two-year option, for a combined NTE amount of $9,018,043, effective January 1, 2026, subject to the resolu"
3209,2025-10-23,Board of Directors - Regular Board Meeting,156581,,67,,,,,,,,0,0,"OPERATIONS, SAFETY, AND CUSTOMER EXPERIENCE COMMITTEE MADE THE FOLLOWING RECOMMENDATION (4-0):"
3209,2025-10-23,Board of Directors - Regular Board Meeting,156582,35,74,11859,2025-0840,Contract,,,,,0,1,"AUTHORIZE the Chief Executive Officer to award 25 Bench Contracts Nos. PS133177001 through PS133177025, under the Job Order Contracting Construction Services Bench,  to provide construction services on a job order basis for various transit infrastructure projects for a one-year base period in the Not-To-Exceed (NTE) amount of $125,000,000, and two one-year options in the NTE amount of $125,000,000  for each year, for a total cumulative NTE amount of $375,000,000, subject to the resolution of any"
3209,2025-10-23,Board of Directors - Regular Board Meeting,156583,,73,,,,,,,,0,0,"OPERATIONS, SAFETY, AND CUSTOMER EXPERIENCE COMMITTEE MADE THE FOLLOWING RECOMMENDATION (4-0):"
3209,2025-10-23,Board of Directors - Regular Board Meeting,156584,32,72,11850,2025-0831,Contract,APPROVED,Pass,Tim Sandoval,Kathryn Barger,0,1,"AUTHORIZE the Chief Executive Officer to award a five-year firm fixed unit rate Contract No. OP52832000 to Becnel Uniforms, Inc. to provide uniforms for Bus and Rail Transit Operations Supervisors (R/TOS) in the Not-To-Exceed (NTE) amount of $1,713,163.00 effective January 1, 2026; subject to the resolution of any properly submitted protest(s), if any."
3209,2025-10-23,Board of Directors - Regular Board Meeting,156585,,78,,,,,,,,0,0,
3209,2025-10-23,Board of Directors - Regular Board Meeting,156586,,77,,,,,,,,0,0,
3209,2025-10-23,Board of Directors - Regular Board Meeting,156587,,76,,,,,,,,0,0,
3209,2025-10-23,Board of Directors - Regular Board Meeting,156588,,75,,,,,,,,0,0,
3209,2025-10-23,Board of Directors - Regular Board Meeting,156589,,27,,,,,,,,0,0,page break
3209,2025-10-23,Board of Directors - Regular Board Meeting,156590,,45,,,,,,,,0,0,page break
3209,2025-10-23,Board of Directors - Regular Board Meeting,156591,,54,,,,,,,,0,0,page break
3209,2025-10-23,Board of Directors - Regular Board Meeting,156596,,,,,,APPROVED ON CONSENT CALENDAR,Pass,Tim Sandoval,Kathryn Barger,0,1,Approval of the Consent Agenda
3210,2025-11-19,Construction Committee,156976,,1,,,,,,,,0,0,page break
3210,2025-11-19,Construction Committee,156977,,2,,,,,,,,0,0,Live Public Comment Instructions:
3210,2025-11-19,Construction Committee,156978,,3,,,,,,,,0,0,"Live public comment can be given by telephone or in-person.

The Meeting begins at 1:00 PM Pacific Time on November 19, 2025; you may join the call 5 minutes prior to the start of the meeting.

Dial-in: 888-978-8818 and enter
English Access Code: 5647249#
Spanish Access Code: 7292892#"
3210,2025-11-19,Construction Committee,156979,,4,,,,,,,,0,0,"Public comment will be taken as the Board takes up each item. To give public  comment on an item, enter #2 (pound-two) when prompted. Please note that the live  video feed lags about 30 seconds behind the actual meeting. There is no lag on the  public comment dial-in line."
3210,2025-11-19,Construction Committee,156980,,5,,,,,,,,0,0,Instrucciones para comentarios publicos en vivo:
3210,2025-11-19,Construction Committee,156981,,6,,,,,,,,0,0,"Los comentarios publicos en vivo se pueden dar por telefono o en persona.

La Reunion de la Junta comienza a las 1:00 PM, hora del Pacifico, el 19 de Noviembre de 2025. Puedes unirte a la llamada 5 minutos antes del comienso de la junta.

Marque: 888-978-8818 y ingrese el codigo
Codigo de acceso en ingles: 5647249#
Codigo de acceso en espanol: 7292892#"
3210,2025-11-19,Construction Committee,156982,,7,,,,,,,,0,0,Los comentarios del público se tomaran cuando se toma cada tema. Para dar un  comentario público sobre una tema ingrese # 2 (Tecla de numero y dos) cuando se le  solicite. Tenga en cuenta que la transmisión de video en vivo se retrasa unos 30  segundos con respecto a la reunión real. No hay retraso en la línea de acceso telefónico para comentarios públicos.
3210,2025-11-19,Construction Committee,156983,,8,,,,,,,,0,0,Written Public Comment Instruction:
3210,2025-11-19,Construction Committee,156984,,9,,,,,,,,0,0,"Written public comments must be received by 5PM the day before the meeting.
Please include the Item # in your comment and your position of “FOR,” “AGAINST,” ""GENERAL COMMENT,"" or ""ITEM NEEDS MORE CONSIDERATION.""
Email: BoardClerk@metro.net
Post Office Mail:
Board Administration
One Gateway Plaza
MS: 99-3-1
Los Angeles, CA 90012"
3210,2025-11-19,Construction Committee,156985,,10,,,,,,,,0,0,page break
3210,2025-11-19,Construction Committee,156986,,11,,,,,,,,0,0,CALL TO ORDER
3210,2025-11-19,Construction Committee,156987,,12,,,,,,,,1,0,ROLL CALL
3210,2025-11-19,Construction Committee,157268,,20,,,,,,,,0,0, 
3210,2025-11-19,Construction Committee,157269,,21,11997,2025-0979,Informational Report,,,,,0,0,RECEIVE General Public Comment
3210,2025-11-19,Construction Committee,157270,,22,,,,,,,,0,0,"Consideration of items not on the posted agenda, including: items to be presented and (if requested) referred to staff; items to be placed on the agenda for action at a future meeting of the Committee or Board; and/or items requiring immediate action because of an emergency situation or where the need to take immediate action came to the attention of the Committee subsequent to the posting of the agenda."
3210,2025-11-19,Construction Committee,157271,,23,,,,,,,,0,0,COMMENTS FROM THE PUBLIC ON ITEMS OF PUBLIC INTEREST WITHIN COMMITTEE’S SUBJECT MATTER JURISDICTION
3210,2025-11-19,Construction Committee,157272,,24,,,,,,,,0,0,Adjournment
3210,2025-11-19,Construction Committee,157274,12,19,11621,2025-0602,Contract,,,,,0,0,"AUTHORIZE the Chief Executive Officer to: 

A.	AWARD a firm fixed price Contract No. PS130703000 to Clark Construction Group - CA, LP, for Phase 1 Preconstruction Services of the Progressive Design-Build Operate and Maintain contract for the Zero Emission Bus Charging Infrastructure Project for Division 18 and Division 7 (Project) in the amount of $15,943,897, subject to the resolution of protest(s), if any;

B.	ESTABLISH a Preconstruction Phase-of-Project Budget (Preconstruction Budget) for the"
3210,2025-11-19,Construction Committee,157275,10,15,11818,2025-0799,Contract,,,,,0,0,"CONSIDER:

A.	APPROVING an increase in authorized funding and executing Modification No. 9 to Contract No. PS54007 with Enterris Associates, Inc. (formerly PQM, Inc.), for pending and future Task Orders to provide quality management consulting and support services for Metro Transit and Transportation projects in an amount Not-To-Exceed (NTE) $28,500,000; increasing the total contract authorized funding from an NTE amount of $25,325,804 to a NTE amount of $53,825,804 and exercising the three, o"
3210,2025-11-19,Construction Committee,157276,,14,,,,,,,,0,0,CONSENT CALENDAR
3210,2025-11-19,Construction Committee,157277,,13,,,,,,,,0,0,"APPROVE Consent Calendar Items: 10 and 11.

Consent Calendar items are approved by one motion unless held by a Director for discussion and/or separate action."
3210,2025-11-19,Construction Committee,157278,11,16,11888,2025-0869,Policy,,,,,0,0,AUTHORIZE the Chief Executive Officer to execute the FY26 Annual Work Plan Budget for the City of Los Angeles (Attachment A).
3210,2025-11-19,Construction Committee,157280,,18,,,,,,,,0,0,NON-CONSENT
3210,2025-11-19,Construction Committee,157281,,17,,,,,,,,0,0,page break
3211,2025-11-19,Planning and Programming Committee,156634,,1,,,,,,,,0,0,page break
3211,2025-11-19,Planning and Programming Committee,156635,,2,,,,,,,,0,0,Live Public Comment Instructions:
3211,2025-11-19,Planning and Programming Committee,156636,,3,,,,,,,,0,0,"Live public comment can be given by telephone or in-person.

The Meeting begins at 11:00 AM Pacific Time on November 19, 2025; you may join the call 5 minutes prior to the start of the meeting.

Dial-in: 888-978-8818 and enter
English Access Code: 5647249#
Spanish Access Code: 7292892#"
3211,2025-11-19,Planning and Programming Committee,156637,,4,,,,,,,,0,0,"Public comment will be taken as the Board takes up each item. To give public  comment on an item, enter #2 (pound-two) when prompted. Please note that the live  video feed lags about 30 seconds behind the actual meeting. There is no lag on the  public comment dial-in line."
3211,2025-11-19,Planning and Programming Committee,156638,,5,,,,,,,,0,0,Instrucciones para comentarios publicos en vivo:
3211,2025-11-19,Planning and Programming Committee,156639,,6,,,,,,,,0,0,"Los comentarios publicos en vivo se pueden dar por telefono o en persona.

La Reunion de la Junta comienza a las 11:00 AM, hora del Pacifico, el 19 de Noviembre de 2025. Puedes unirte a la llamada 5 minutos antes del comienso de la junta.

Marque: 888-978-8818 y ingrese el codigo
Codigo de acceso en ingles: 5647249#
Codigo de acceso en espanol: 7292892#"
3211,2025-11-19,Planning and Programming Committee,156640,,7,,,,,,,,0,0,Los comentarios del público se tomaran cuando se toma cada tema. Para dar un  comentario público sobre una tema ingrese # 2 (Tecla de numero y dos) cuando se le  solicite. Tenga en cuenta que la transmisión de video en vivo se retrasa unos 30  segundos con respecto a la reunión real. No hay retraso en la línea de acceso telefónico para comentarios públicos.
3211,2025-11-19,Planning and Programming Committee,156641,,8,,,,,,,,0,0,Written Public Comment Instruction:
3211,2025-11-19,Planning and Programming Committee,156642,,9,,,,,,,,0,0,"Written public comments must be received by 5PM the day before the meeting.
Please include the Item # in your comment and your position of “FOR,” “AGAINST,” ""GENERAL COMMENT,"" or ""ITEM NEEDS MORE CONSIDERATION.""
Email: BoardClerk@metro.net
Post Office Mail:
Board Administration
One Gateway Plaza
MS: 99-3-1
Los Angeles, CA 90012"
3211,2025-11-19,Planning and Programming Committee,156643,,10,,,,,,,,0,0,page break
3211,2025-11-19,Planning and Programming Committee,156644,,11,,,,,,,,0,0,CALL TO ORDER
3211,2025-11-19,Planning and Programming Committee,156963,,23,11996,2025-0978,Informational Report,,,,,0,0,RECEIVE General Public Comment
3211,2025-11-19,Planning and Programming Committee,156964,,24,,,,,,,,0,0,"Consideration of items not on the posted agenda, including: items to be presented and (if requested) referred to staff; items to be placed on the agenda for action at a future meeting of the Committee or Board; and/or items requiring immediate action because of an emergency situation or where the need to take immediate action came to the attention of the Committee subsequent to the posting of the agenda."
3211,2025-11-19,Planning and Programming Committee,156965,,25,,,,,,,,0,0,COMMENTS FROM THE PUBLIC ON ITEMS OF PUBLIC INTEREST WITHIN COMMITTEE’S SUBJECT MATTER JURISDICTION
3211,2025-11-19,Planning and Programming Committee,156966,,26,,,,,,,,0,0,Adjournment
3211,2025-11-19,Planning and Programming Committee,156967,,22,,,,,,,,0,0,
3211,2025-11-19,Planning and Programming Committee,156968,8,20,11966,2025-0948,Program,,,,,0,0,"APPROVE the programming request of up to $218,369,000 in Regional Transportation Improvement Program funds, including a target share for a LA County request of $134,483,000 and an additional maximum target share request of $83,886,000 as an interest-free advance from LA County’s estimated future STIP shares."
3211,2025-11-19,Planning and Programming Committee,156970,,18,,,,,,,,0,0,NON-CONSENT
3211,2025-11-19,Planning and Programming Committee,156971,6,17,11873,2025-0854,Program,,,,,0,0,"CONSIDER

A.	AWARDING $10 million to the Open and Slow Streets Grant Program Cycles Six and Seven to fund 29 events scheduled either during the 2026 FIFA World Cup or 2028 Olympic and Paralympic Games (Attachment A); and

B.	AUTHORIZING a waiting list of eligible events that may be awarded administratively, should funding become available from Cycles Six and Seven (Attachment A).

HORVATH, DUTRA, SOLIS, HAHN, SANDOVAL, AND YAROSLAVSKY AMENDMENT: To direct the Chief Executive Officer to report ba"
3211,2025-11-19,Planning and Programming Committee,156972,5,15,11861,2025-0842,Contract,,,,,0,0,"AUTHORIZE the Chief Executive Officer to:

A.	EXECUTE Modification No.10 to Contract No. AE60979000 with Michael Baker International (MBI) in the amount of $4,833,337 to provide additional professional services for the Westbound State Route 91 - Alondra Boulevard to Shoemaker Avenue Improvements Project (WB SR-91) - Plans, Specifications and Estimate phase (PS&E) or Final Design, increasing the contract value from $12,614,738 to $17,448,075; and extending the period of performance from December "
3211,2025-11-19,Planning and Programming Committee,156973,,14,,,,,,,,0,0,CONSENT CALENDAR
3211,2025-11-19,Planning and Programming Committee,156974,,13,,,,,,,,0,0,"APPROVE Consent Calendar Items: 5 and 6.

Consent Calendar items are approved by one motion unless held by a Director for discussion and/or separate action."
3211,2025-11-19,Planning and Programming Committee,156975,,12,,,,,,,,0,0,ROLL CALL
3211,2025-11-19,Planning and Programming Committee,158050,7,19,11872,2025-0853,Project,,,,,0,0,"CONSIDER:

A.	RECEIVING AND FILING the East San Fernando Valley (ESFV) Shared Railroad Right-of-Way (ROW) Study Final Report (Attachment A), the Outreach Summary Report (Attachment B), and the Interim Terminus Parking Analysis (Northern Segment) (Attachment C);  

B.	AUTHORIZING the Chief Executive Officer to approve the Scenario 2 Metrolink option as the preferred alternative for the East San Fernando Valley Light Rail Transit (ESFV LRT) Project;

C.	AUTHORIZING staff to continue planning"
3211,2025-11-19,Planning and Programming Committee,158051,,16,,,,,,,,0,0,page break
3211,2025-11-19,Planning and Programming Committee,158244,9,21,12031,2025-1013,Motion / Motion Response,,,,,0,0,"APPROVE Motion by Horvath, Najarian, Barger, and Padilla that the Board direct the Chief Executive Officer to:

A.	Assist in evaluating the Warner Center Micro Transit Pilot Program after six months and one year of operation, including but not limited to:

1.	ridership;
2.	operating costs (annual and per trip); and
3.	a qualitative survey to determine commuter perspectives and preferences; and

B.	Upon successful completion of the Warner Center Microtransit Pilot Program, and a determination tha"
3213,2025-11-20,Executive Management Committee,157282,,1,,,,,,,,0,0,page break
3213,2025-11-20,Executive Management Committee,157283,,2,,,,,,,,0,0,Live Public Comment Instructions:
3213,2025-11-20,Executive Management Committee,157284,,3,,,,,,,,0,0,"Live public comment can be given by telephone or in-person.

The Meeting begins at 11:00 AM Pacific Time on November 20, 2025; you may join the call 5 minutes prior to the start of the meeting.

Dial-in: 888-978-8818 and enter Access Code:
5647249# (English), 7292892# (Spanish), 7572416# (Mandarin), 7906193# (Cantonese), or 7064040# (Taishanese)."
3213,2025-11-20,Executive Management Committee,157285,,4,,,,,,,,0,0,"Public comment will be taken as the Board takes up each item. To give public  comment on an item, enter #2 (pound-two) when prompted. Please note that the live  video feed lags about 30 seconds behind the actual meeting. There is no lag on the  public comment dial-in line."
3213,2025-11-20,Executive Management Committee,157286,,5,,,,,,,,0,0,Instrucciones para comentarios publicos en vivo:
3213,2025-11-20,Executive Management Committee,157288,,7,,,,,,,,0,0,Los comentarios del público se tomaran cuando se toma cada tema. Para dar un  comentario público sobre una tema ingrese # 2 (Tecla de numero y dos) cuando se le  solicite. Tenga en cuenta que la transmisión de video en vivo se retrasa unos 30  segundos con respecto a la reunión real. No hay retraso en la línea de acceso telefónico para comentarios públicos.
3213,2025-11-20,Executive Management Committee,157289,,8,,,,,,,,0,0,Written Public Comment Instruction:
3213,2025-11-20,Executive Management Committee,157290,,9,,,,,,,,0,0,"Written public comments must be received by 5PM the day before the meeting.
Please include the Item # in your comment and your position of “FOR,” “AGAINST,” ""GENERAL COMMENT,"" or ""ITEM NEEDS MORE CONSIDERATION.""
Email: BoardClerk@metro.net
Post Office Mail:
Board Administration
One Gateway Plaza
MS: 99-3-1
Los Angeles, CA 90012"
3213,2025-11-20,Executive Management Committee,157291,,10,,,,,,,,0,0,page break
3213,2025-11-20,Executive Management Committee,157292,,11,,,,,,,,0,0,CALL TO ORDER
3213,2025-11-20,Executive Management Committee,157293,,12,,,,,,,,1,0,ROLL CALL
3213,2025-11-20,Executive Management Committee,157581,,26,11999,2025-0981,Informational Report,,,,,0,0,RECEIVE General Public Comment
3213,2025-11-20,Executive Management Committee,157582,,27,,,,,,,,0,0,"Consideration of items not on the posted agenda, including: items to be presented and (if requested) referred to staff; items to be placed on the agenda for action at a future meeting of the Committee or Board; and/or items requiring immediate action because of an emergency situation or where the need to take immediate action came to the attention of the Committee subsequent to the posting of the agenda."
3213,2025-11-20,Executive Management Committee,157583,,28,,,,,,,,0,0,COMMENTS FROM THE PUBLIC ON ITEMS OF PUBLIC INTEREST WITHIN COMMITTEE’S SUBJECT MATTER JURISDICTION
3213,2025-11-20,Executive Management Committee,157584,,29,,,,,,,,0,0,Adjournment
3213,2025-11-20,Executive Management Committee,157585,,25,,,,,,,,0,0,
3213,2025-11-20,Executive Management Committee,157586,,18,,,,,,,,0,0,NON-CONSENT
3213,2025-11-20,Executive Management Committee,157587,,17,,,,,,,,0,0,
3213,2025-11-20,Executive Management Committee,157588,13,15,11937,2025-0919,Contract,,,,,0,0,"AUTHORIZE the Chief Executive Officer to exercise the first two-year option term to the Medical Clinic Services Bench Contract Nos. PS70268000 through PS70268005 (Attachment A) in the amount of $3,182,103, including $797,900, to support the onboarding of police officers and public safety dispatchers within Metro’s Department of Public Safety (DPS), increasing the cumulative contract value from $6,833,016 to $10,015,119 and extend the period of performance from March 1, 2026 through February 29, "
3213,2025-11-20,Executive Management Committee,157589,,14,,,,,,,,0,0,CONSENT CALENDAR
3213,2025-11-20,Executive Management Committee,157590,,13,,,,,,,,0,0,"APPROVE Consent Calendar Items: 13 and 14.

Consent Calendar items are approved by one motion unless held by a Director for discussion and/or separate action."
3213,2025-11-20,Executive Management Committee,157591,15,19,11926,2025-0907,Informational Report,RECEIVED AND FILED,,,,0,0,RECEIVE AND FILE the Management Audit Services FY 2026 First Quarter Report.
3213,2025-11-20,Executive Management Committee,157592,14,16,11807,2025-0788,Informational Report,RECEIVED AND FILED,,,,0,0,RECEIVE AND FILE the Community Advisory Council (CAC) Update.
3213,2025-11-20,Executive Management Committee,157595,17,21,11954,2025-0936,Federal Legislation / State Legislation (Position),,,,,0,0,"CONSIDER: 

A.	RECEIVING the State and Federal Legislative Report; 

B.	ADOPTING the proposed 2026 Federal Legislative Program (Attachment A); and  

C.	ADOPTING the proposed 2026 State Legislative Program (Attachment B)."
3213,2025-11-20,Executive Management Committee,157597,,24,,,,,,,,0,0,"(ALSO ON OPERATIONS, SAFETY, AND CUSTOMER EXPERIENCE COMMITTEE)"
3213,2025-11-20,Executive Management Committee,158048,18,23,11939,2025-0921,Motion / Motion Response,,,,,0,0,RECEIVE AND FILE a feasibility study of water taxi service between San Pedro and Long Beach (Attachment A).
3213,2025-11-20,Executive Management Committee,158245,,6,,,,,,,,0,0,"Los comentarios publicos en vivo se pueden dar por telefono o en persona.

La Reunion de la Junta comienza a las 11:00 AM, hora del Pacifico, el 20 de Noviembre de 2025. Puedes unirte a la llamada 5 minutos antes del comienso de la junta.

Marque: 888-978-8818 y ingrese el codigo:
5647249# (Ingles), 7292892# (Espanol), 7572416# (Mandarín), 7906193# (Cantonés), 7064040# (Taishanés)"
3213,2025-11-20,Executive Management Committee,158246,16,20,11971,2025-0953,Project,,,,,0,0,"CONSIDER:

A.	SETTING ASIDE Metro’s action on February 22, 2024:

1.	Approving the Los Angeles Aerial Rapid Transit Project with Design Option A; 
2.	Certifying the Final Environmental Impact Report;
3.	Adopting the Findings and Statement of Overriding Considerations; and
4.	Adopting the Mitigation Monitoring and Reporting Program.

AND CONSIDER:

B.	RECERTIFYING, in accordance with the California Environmental Quality Act (CEQA), the Environmental Impact Report (EIR), as supplemented by the Fin"
3213,2025-11-20,Executive Management Committee,158712,,22,,,,,,,,0,0,ITEM 18 HAS BEEN WITHDRAWN FROM EXECUTIVE MANAGEMENT COMMITTEE:
3214,2025-11-20,"Operations, Safety, and Customer Experience Committee",157598,,1,,,,,,,,0,0,page break
3214,2025-11-20,"Operations, Safety, and Customer Experience Committee",157599,,2,,,,,,,,0,0,Live Public Comment Instructions:
3214,2025-11-20,"Operations, Safety, and Customer Experience Committee",157600,,3,,,,,,,,0,0,"Live public comment can be given by telephone or in-person.

The Meeting begins at 1:00 PM Pacific Time on November 20, 2025; you may join the call 5 minutes prior to the start of the meeting.

Dial-in: 888-978-8818 and enter
English Access Code: 5647249#
Spanish Access Code: 7292892#"
3214,2025-11-20,"Operations, Safety, and Customer Experience Committee",157601,,4,,,,,,,,0,0,"Public comment will be taken as the Board takes up each item. To give public  comment on an item, enter #2 (pound-two) when prompted. Please note that the live  video feed lags about 30 seconds behind the actual meeting. There is no lag on the  public comment dial-in line."
3214,2025-11-20,"Operations, Safety, and Customer Experience Committee",157602,,5,,,,,,,,0,0,Instrucciones para comentarios publicos en vivo:
3214,2025-11-20,"Operations, Safety, and Customer Experience Committee",157603,,6,,,,,,,,0,0,"Los comentarios publicos en vivo se pueden dar por telefono o en persona.

La Reunion de la Junta comienza a las 1:00 PM, hora del Pacifico, el 20 de Noviembre de 2025. Puedes unirte a la llamada 5 minutos antes del comienso de la junta.

Marque: 888-978-8818 y ingrese el codigo
Codigo de acceso en ingles: 5647249#
Codigo de acceso en espanol: 7292892#"
3214,2025-11-20,"Operations, Safety, and Customer Experience Committee",157604,,7,,,,,,,,0,0,Los comentarios del público se tomaran cuando se toma cada tema. Para dar un  comentario público sobre una tema ingrese # 2 (Tecla de numero y dos) cuando se le  solicite. Tenga en cuenta que la transmisión de video en vivo se retrasa unos 30  segundos con respecto a la reunión real. No hay retraso en la línea de acceso telefónico para comentarios públicos.
3214,2025-11-20,"Operations, Safety, and Customer Experience Committee",157605,,8,,,,,,,,0,0,Written Public Comment Instruction:
3214,2025-11-20,"Operations, Safety, and Customer Experience Committee",157606,,9,,,,,,,,0,0,"Written public comments must be received by 5PM the day before the meeting.
Please include the Item # in your comment and your position of “FOR,” “AGAINST,” ""GENERAL COMMENT,"" or ""ITEM NEEDS MORE CONSIDERATION.""
Email: BoardClerk@metro.net
Post Office Mail:
Board Administration
One Gateway Plaza
MS: 99-3-1
Los Angeles, CA 90012"
3214,2025-11-20,"Operations, Safety, and Customer Experience Committee",157607,,10,,,,,,,,0,0,page break
3214,2025-11-20,"Operations, Safety, and Customer Experience Committee",157608,,11,,,,,,,,0,0,CALL TO ORDER
3214,2025-11-20,"Operations, Safety, and Customer Experience Committee",157609,,12,,,,,,,,1,0,ROLL CALL
3214,2025-11-20,"Operations, Safety, and Customer Experience Committee",157993,,34,12000,2025-0982,Informational Report,,,,,0,0,RECEIVE General Public Comment
3214,2025-11-20,"Operations, Safety, and Customer Experience Committee",157994,,35,,,,,,,,0,0,"Consideration of items not on the posted agenda, including: items to be presented and (if requested) referred to staff; items to be placed on the agenda for action at a future meeting of the Committee or Board; and/or items requiring immediate action because of an emergency situation or where the need to take immediate action came to the attention of the Committee subsequent to the posting of the agenda."
3214,2025-11-20,"Operations, Safety, and Customer Experience Committee",157995,,36,,,,,,,,0,0,COMMENTS FROM THE PUBLIC ON ITEMS OF PUBLIC INTEREST WITHIN COMMITTEE’S SUBJECT MATTER JURISDICTION
3214,2025-11-20,"Operations, Safety, and Customer Experience Committee",157996,,37,,,,,,,,0,0,Adjournment
3214,2025-11-20,"Operations, Safety, and Customer Experience Committee",157998,,27,,,,,,,,0,0,NON-CONSENT
3214,2025-11-20,"Operations, Safety, and Customer Experience Committee",157999,21,18,11714,2025-0695,Contract,,,,,0,0,"AUTHORIZE the Chief Executive Officer to award a two-year, Indefinite Delivery/Indefinite Quantity (IDIQ) Contract No. MA125897000 to Safety Vibe, Inc., the lowest responsive and responsible bidder, to supply safety vests in the Not-to-Exceed (NTE) amount of $1,763,791.48, inclusive of sales tax; subject to the resolution of any properly submitted protest(s), if any."
3214,2025-11-20,"Operations, Safety, and Customer Experience Committee",158000,20,17,11490,2025-0471,Contract,,,,,0,0,"AUTHORIZE the Chief Executive Officer to award a firm-fixed price contract, Contract No. DR124275(2)000 to Martinez Engineering, LLC for the Metro E Line Underground Tunnel Radio System Replacement in the amount of $2,494,602, subject to the resolution of any properly submitted protest(s), if any."
3214,2025-11-20,"Operations, Safety, and Customer Experience Committee",158001,19,16,11483,2025-0464,Contract,,,,,0,0,"WITHDRAWN: AUTHORIZE the Chief Executive Officer to:

A.	AWARD a seven-year, firm fixed unit rate contract, Contract No. OP128598000 to EO Charging US, Inc., for the acquisition and installation of up to 73 on-route opportunity chargers and associated components, parts, and software, and a  Service Level Agreement (SLA) for the maintenance of the equipment in the Not-To-Exceed (NTE) amount of $47,193,912, subject to the resolution of any properly submitted protest(s), if any; and

B.	EXECUTE"
3214,2025-11-20,"Operations, Safety, and Customer Experience Committee",158002,,15,,,,,,,,0,0,CONSENT CALENDAR
3214,2025-11-20,"Operations, Safety, and Customer Experience Committee",158003,,13,,,,,,,,0,0,"APPROVE Consent Calendar Items: 20, 21, 22, 23, 24, 25, 26, and 27.

Consent Calendar items are approved by one motion unless held by a Director for discussion and/or separate action."
3214,2025-11-20,"Operations, Safety, and Customer Experience Committee",158009,,26,,,,,,,,0,0,
3214,2025-11-20,"Operations, Safety, and Customer Experience Committee",158010,27,25,11879,2025-0860,Informational Report,RECEIVED AND FILED,,,,0,0,"RECEIVE AND FILE status report on the bus and rail service changes effective Sunday, December 14, 2025."
3214,2025-11-20,"Operations, Safety, and Customer Experience Committee",158011,25,22,11880,2025-0861,Program,,,,,0,0,"APPROVING a total of $9,918,750 for the continued Direct Annual Allocation for Transit Service on the I-110 and I-10 ExpressLanes for Fiscal Year 2026 (FY26) as shown in Attachment A."
3214,2025-11-20,"Operations, Safety, and Customer Experience Committee",158012,24,21,11878,2025-0859,Contract,,,,,0,0,"CONSIDER:

A.	FINDING that the procurement of Metro Bus Engine Cooling System Rebuild Kit under Public Utilities Code (PUC) Section 130237, as an Original Equipment Manufacturer (OEM) item, constitutes a single source procurement method for the purpose of duplicating equipment already in use; and

B.	AUTHORIZE the Chief Executive Officer to award a single source, one-year, Indefinite Delivery, Indefinite Quantity Contract No. SD129781000 to Engineered Machined Products, Inc. (EMP) for 140 ki"
3214,2025-11-20,"Operations, Safety, and Customer Experience Committee",158014,23,20,11871,2025-0852,Contract,,,,,0,0,"AUTHORIZE the Chief Executive Officer (CEO) to:

A.	AWARD a five-year firm fixed unit rate Contract No. PS131648000 to Intueor Consulting, Inc. to provide program support for the implementation of the Advanced Transportation Management System (ATMS) II Computer Aided Dispatch / Automated Vehicle Location (CAD/AVL) System in the Not-to-Exceed (NTE) amount of $10,799,089.84, subject to the resolution of any properly submitted protest(s), if any; and

B.	EXECUTE individual contract modification"
3214,2025-11-20,"Operations, Safety, and Customer Experience Committee",158015,22,19,11765,2025-0746,Contract,,,,,0,0,"AUTHORIZE the Chief Executive Officer to award a firm fixed unit rate Contract No. OP127011(2)0008370 to Majestic Fire Inc., DBA Kord Fire Protection, to provide chemical fire suppression testing, replacement and certification services in the Not-To-Exceed (NTE) amount of $819,035 for the three-year base period, $273,145 for option year one, and $273,145 for option year two, for a combined NTE amount of $1,365,325, effective March 1, 2026, subject to the resolution of any properly submitted prot"
3214,2025-11-20,"Operations, Safety, and Customer Experience Committee",158016,,33,,,,,,,,0,0,
3214,2025-11-20,"Operations, Safety, and Customer Experience Committee",158019,31,32,11910,2025-0891,Informational Report,RECEIVED AND FILED,,,,0,0,RECEIVE AND FILE the Public Safety Report.
3214,2025-11-20,"Operations, Safety, and Customer Experience Committee",158023,29,29,11904,2025-0885,Oral Report / Presentation,RECEIVED AND FILED,,,,0,0,RECEIVE oral report on Metro Operations.
3214,2025-11-20,"Operations, Safety, and Customer Experience Committee",158024,28,28,11903,2025-0884,Oral Report / Presentation,RECEIVED,,,,0,0,RECOGNIZE Operations Employees of the Month.
3214,2025-11-20,"Operations, Safety, and Customer Experience Committee",158025,30,31,11843,2025-0824,Contract,,,,,0,0,"AUTHORIZE the Chief Executive Officer to:  
 
A.	RECEIVE AND FILE quarterly status report on the ZEB Program;
 
B.	UTILIZE the Washington Department of Enterprise Services Contract or Colorado State Contract for a not-to-exceed expenditure amount of $50,000,000 inclusive of sales tax, for up to 40 battery electric buses (BEBs); and 
 
C.	APPROVE a Life-Of-Project (LOP) budget in the amount of $52,000,000 for the purchase of up to 40 BEBs, professional and technical support, labor and conti"
3214,2025-11-20,"Operations, Safety, and Customer Experience Committee",158026,,14,,,,,,,,0,0,
3214,2025-11-20,"Operations, Safety, and Customer Experience Committee",158046,26,24,11985,2025-0967,Contract,,,,,0,0,"AUTHORIZE the Chief Executive Officer to:

A.	AWARD a firm fixed unit rate Contract No. OP91160(3)001R1 for Region 1 to BriteWorks, Inc. to provide graffiti abatement services in the Not-To-Exceed (NTE) amount of $2,740,433 for the three-year base period, and $1,975,184 for the one, two-year option term, for a combined NTE amount of $4,715,617, effective February 1, 2026, subject to the resolution of any properly submitted protest(s), if any; and

B.	AWARD a firm fixed unit rate Contract No."
3214,2025-11-20,"Operations, Safety, and Customer Experience Committee",158049,18,30,11939,2025-0921,Motion / Motion Response,RECEIVED AND FILED,,,,0,0,RECEIVE AND FILE a feasibility study of water taxi service between San Pedro and Long Beach (Attachment A).
3214,2025-11-20,"Operations, Safety, and Customer Experience Committee",158052,,23,,,,,,,,0,0,page break
3215,2025-12-04,Board of Directors - Regular Board Meeting,158054,,1,,,,,,,,0,0,page break
3215,2025-12-04,Board of Directors - Regular Board Meeting,158055,,2,,,,,,,,0,0,Live Public Comment Instructions:
3215,2025-12-04,Board of Directors - Regular Board Meeting,158056,,3,,,,,,,,0,0,"Live public comment can be given by telephone or in-person.

The Meeting begins at 10:00 AM Pacific Time on December 4, 2025; you may join the call 5 minutes prior to the start of the meeting.

Dial-in: 888-978-8818 and enter Access Code:
5647249# (English), 7292892# (Spanish), 7572416# (Mandarin), 7906193# (Cantonese), or 7064040# (Taishanese)."
3215,2025-12-04,Board of Directors - Regular Board Meeting,158057,,4,,,,,,,,0,0,"Public comment will be taken as the Board takes up each item. To give public  comment on an item, enter #2 (pound-two) when prompted. Please note that the live  video feed lags about 30 seconds behind the actual meeting. There is no lag on the  public comment dial-in line."
3215,2025-12-04,Board of Directors - Regular Board Meeting,158058,,5,,,,,,,,0,0,Instrucciones para comentarios publicos en vivo:
3215,2025-12-04,Board of Directors - Regular Board Meeting,158059,,6,,,,,,,,0,0,"Los comentarios publicos en vivo se pueden dar por telefono o en persona.

La Reunion de la Junta comienza a las 10:00 AM, hora del Pacifico, el 4 de Deciembre de 2025.
Puedes unirte a la llamada 5 minutos antes del comienso de la junta.

Marque: 888-978-8818 y ingrese el codigo:
5647249# (Ingles), 7292892# (Espanol), 7572416# (Mandarín), 7906193# (Cantonés), 
7064040# (Taishanés)."
3215,2025-12-04,Board of Directors - Regular Board Meeting,158060,,7,,,,,,,,0,0,Los comentarios del público se tomaran cuando se toma cada tema. Para dar un  comentario público sobre una tema ingrese # 2 (Tecla de numero y dos) cuando se le  solicite. Tenga en cuenta que la transmisión de video en vivo se retrasa unos 30  segundos con respecto a la reunión real. No hay retraso en la línea de acceso telefónico para comentarios públicos.
3215,2025-12-04,Board of Directors - Regular Board Meeting,158061,,8,,,,,,,,0,0,Written Public Comment Instruction:
3215,2025-12-04,Board of Directors - Regular Board Meeting,158062,,9,,,,,,,,0,0,"Written public comments must be received by 5PM the day before the meeting.
Please include the Item # in your comment and your position of “FOR,” “AGAINST,” ""GENERAL COMMENT,"" or ""ITEM NEEDS MORE CONSIDERATION.""
Email: BoardClerk@metro.net
Post Office Mail:
Board Administration
One Gateway Plaza
MS: 99-3-1
Los Angeles, CA 90012"
3215,2025-12-04,Board of Directors - Regular Board Meeting,158063,,10,,,,,,,,0,0,page break
3215,2025-12-04,Board of Directors - Regular Board Meeting,158064,,11,,,,,,,,0,0,CALL TO ORDER
3215,2025-12-04,Board of Directors - Regular Board Meeting,158065,,12,,,,,,,,1,0,ROLL CALL
3215,2025-12-04,Board of Directors - Regular Board Meeting,158066,1,13,,,,,,,,0,0,"APPROVE Consent Calendar Items: 2, 5, 7, 8, 9, 10, 11, 12, 13, 16, 20, 21, 22, 23, 24**, 25, 26, and 30.

Consent Calendar items are approved by one motion unless held by a Director for discussion and/or separate action.

**Item requires 2/3 vote of the Full Board.

All Consent Calendar items are listed at the end of the agenda, beginning on page 10."
3215,2025-12-04,Board of Directors - Regular Board Meeting,158067,,29,,,,,,,,0,0,"CONSENT CALENDAR - ITEMS 2, 5, 7, 8, 9, 10, 11, 12, 13, 16, 20, 21, 22, 23, 24, 25, 26, and 30"
3215,2025-12-04,Board of Directors - Regular Board Meeting,158231,,67,,,,,,,,0,0,"Consideration of items not on the posted agenda, including: items to be presented and (if requested) referred to staff; items to be placed on the agenda for action at a future meeting of the Committee or Board; and/or items requiring immediate action because of an emergency situation or where the need to take immediate action came to the attention of the Committee subsequent to the posting of the agenda."
3215,2025-12-04,Board of Directors - Regular Board Meeting,158232,,68,,,,,,,,0,0,COMMENTS FROM THE PUBLIC ON ITEMS OF PUBLIC INTEREST WITHIN COMMITTEE’S SUBJECT MATTER JURISDICTION
3215,2025-12-04,Board of Directors - Regular Board Meeting,158233,,69,,,,,,,,0,0,Adjournment
3215,2025-12-04,Board of Directors - Regular Board Meeting,158234,,24,,,,,,,,0,0,END OF NON-CONSENT
3215,2025-12-04,Board of Directors - Regular Board Meeting,158235,9,38,12031,2025-1013,Motion / Motion Response,APPROVED,Pass,,,0,1,"APPROVE Motion by Horvath, Najarian, Barger, and Padilla that the Board direct the Chief Executive Officer to:

A.	Assist in evaluating the Warner Center Micro Transit Pilot Program after six months and one year of operation, including but not limited to:

1.	ridership;
2.	operating costs (annual and per trip); and
3.	a qualitative survey to determine commuter perspectives and preferences; and

B.	Upon successful completion of the Warner Center Microtransit Pilot Program, and a determination tha"
3215,2025-12-04,Board of Directors - Regular Board Meeting,158236,6,17,11873,2025-0854,Program,APPROVED,Pass,,,0,0,"CONSIDER

A.	AWARDING $10 million to the Open and Slow Streets Grant Program Cycles Six and Seven to fund 29 events scheduled either during the 2026 FIFA World Cup or 2028 Olympic and Paralympic Games (Attachment A); and

B.	AUTHORIZING a waiting list of eligible events that may be awarded administratively, should funding become available from Cycles Six and Seven (Attachment A).

HORVATH, DUTRA, SOLIS, HAHN, SANDOVAL, AND YAROSLAVSKY AMENDMENT: To direct the Chief Executive Officer to report ba"
3215,2025-12-04,Board of Directors - Regular Board Meeting,158237,5,32,11861,2025-0842,Contract,APPROVED,Pass,,,0,1,"AUTHORIZE the Chief Executive Officer to:

A.	EXECUTE Modification No.10 to Contract No. AE60979000 with Michael Baker International (MBI) in the amount of $4,833,337 to provide additional professional services for the Westbound State Route 91 - Alondra Boulevard to Shoemaker Avenue Improvements Project (WB SR-91) - Plans, Specifications and Estimate phase (PS&E) or Final Design, increasing the contract value from $12,614,738 to $17,448,075; and extending the period of performance from December "
3215,2025-12-04,Board of Directors - Regular Board Meeting,158238,2,30,12040,2025-1022,Minutes,APPROVED,Pass,,,0,1,"APPROVE Minutes of the Regular Board Meeting held October 23, 2025."
3215,2025-12-04,Board of Directors - Regular Board Meeting,158239,,66,12041,2025-1023,Informational Report,,,,,0,0,RECEIVE General Public Comment
3215,2025-12-04,Board of Directors - Regular Board Meeting,158240,,28,,,,,,,,0,0,page break
3215,2025-12-04,Board of Directors - Regular Board Meeting,158241,4,15,12039,2025-1021,Oral Report / Presentation,RECEIVED,Pass,,,0,0,RECEIVE report by the Chief Executive Officer.
3215,2025-12-04,Board of Directors - Regular Board Meeting,158242,3,14,12038,2025-1020,Oral Report / Presentation,RECEIVED,Pass,,,0,0,RECEIVE remarks by the Chair.
3215,2025-12-04,Board of Directors - Regular Board Meeting,158782,,27,,,,,,,,0,0,
3215,2025-12-04,Board of Directors - Regular Board Meeting,158784,33,23,11922,2025-0903,Resolution,APPROVED,Pass,,,0,0,"ADOPT the Resolutions of Necessity authorizing the commencement of eminent domain actions to acquire the Fee Simple Interests (“Fee Interests”) and the Improvements Pertaining to Realty (“IPR”) for the properties identified in Attachment A and described as follows: 

1.	7921-7929 Van Nuys Blvd, Panorama City, CA 91402, APN: 2210-022-040, 056; ESFV-B-004-1 (B-004);  (IPR Interest Only) 

2.	8751 Van Nuys Blvd Panorama City, CA 91402,  2653-002-030; ESFV-B-005-1 (B-005). (Fee Interest Only) 

The "
3215,2025-12-04,Board of Directors - Regular Board Meeting,158785,32,22,11864,2025-0845,Resolution,ADOPTED,Pass,,,0,0,"ADOPT the proposed Resolutions of Necessity authorizing the commencement of eminent domain actions to acquire a Fee Simple Interest (“Fee”), Permanent Easement (“PE”) and two 44 month Temporary Construction Easements (“TCE”) for the properties identified in Attachment A and described as follows: 

1.	5487 San Fernando Road West, Los Angeles, Los Angeles County, California 90039 (APN 5593-005-001, -002, -015, and -036)

2.	5471 San Fernando Road West, Los Angeles, Los Angeles County, California 9"
3215,2025-12-04,Board of Directors - Regular Board Meeting,158786,18,21,12044,2025-1026,Motion / Motion Response,APPROVED,Pass,,,0,0,"APPROVE Motion by Hahn, Bass, Dutra, Dupont-Walker, Butts, and Sandoval that the Board direct the Chief Executive Officer to:

A.	Develop and issue an industry engagement process (i.e. reverse pitch) to identify private and public operator interest, capabilities, and partnership opportunities to deliver a water-taxi service between San Pedro and Long Beach during the 2028 Games;

B.	Assess short-term and special-event funding options, including public-private partnership cost-sharing, sponso"
3215,2025-12-04,Board of Directors - Regular Board Meeting,158787,,37,,,,,,,,0,0,PLANNING AND PROGRAMMING COMMITTEE MADE THE FOLLOWING RECOMMENDATION (5-0):
3215,2025-12-04,Board of Directors - Regular Board Meeting,158788,8,36,11966,2025-0948,Program,APPROVED,Pass,,,0,1,"APPROVE the programming request of up to $218,369,000 in Regional Transportation Improvement Program funds, including a target share for a LA County request of $134,483,000 and an additional maximum target share request of $83,886,000 as an interest-free advance from LA County’s estimated future STIP shares."
3215,2025-12-04,Board of Directors - Regular Board Meeting,158789,7,34,11872,2025-0853,Project,APPROVED,Pass,,,0,0,"CONSIDER:

A.	RECEIVING AND FILING the East San Fernando Valley (ESFV) Shared Railroad Right-of-Way (ROW) Study Final Report (Attachment A), the Outreach Summary Report (Attachment B), and the Interim Terminus Parking Analysis (Northern Segment) (Attachment C);  

B.	AUTHORIZING the Chief Executive Officer to approve the Scenario 2 Metrolink option as the preferred alternative for the East San Fernando Valley Light Rail Transit (ESFV LRT) Project;

C.	AUTHORIZING staff to continue planning"
3215,2025-12-04,Board of Directors - Regular Board Meeting,158790,,33,,,,,,,,0,0,PLANNING AND PROGRAMMING COMMITTEE MADE THE FOLLOWING RECOMMENDATION (5-0):
3215,2025-12-04,Board of Directors - Regular Board Meeting,158791,,31,,,,,,,,0,0,PLANNING AND PROGRAMMING COMMITTEE MADE THE FOLLOWING RECOMMENDATION (4-1):
3215,2025-12-04,Board of Directors - Regular Board Meeting,158792,,16,,,,,,,,0,0,PLANNING AND PROGRAMMING COMMITTEE MADE THE FOLLOWING RECOMMENDATION AS AMENDED (5-0):
3215,2025-12-04,Board of Directors - Regular Board Meeting,158793,,35,,,,,,,,0,0,PLANNING AND PROGRAMMING COMMITTEE MADE THE FOLLOWING RECOMMENDATION (5-0):
3215,2025-12-04,Board of Directors - Regular Board Meeting,158794,12,45,11621,2025-0602,Contract,APPROVED,Pass,,,0,1,"AUTHORIZE the Chief Executive Officer to: 

A.	AWARD a firm fixed price Contract No. PS130703000 to Clark Construction Group - CA, LP, for Phase 1 Preconstruction Services of the Progressive Design-Build Operate and Maintain contract for the Zero Emission Bus Charging Infrastructure Project for Division 18 and Division 7 (Project) in the amount of $15,943,897, subject to the resolution of protest(s), if any;

B.	ESTABLISH a Preconstruction Phase-of-Project Budget (Preconstruction Budget) for the"
3215,2025-12-04,Board of Directors - Regular Board Meeting,158795,,44,,,,,,,,0,0,CONSTRUCTION COMMITTEE MADE THE FOLLOWING RECOMMENDATION (4-0):
3215,2025-12-04,Board of Directors - Regular Board Meeting,158796,11,42,11888,2025-0869,Policy,APPROVED,Pass,,,0,1,AUTHORIZE the Chief Executive Officer to execute the FY26 Annual Work Plan Budget for the City of Los Angeles (Attachment A).
3215,2025-12-04,Board of Directors - Regular Board Meeting,158797,,41,,,,,,,,0,0,CONSTRUCTION COMMITTEE MADE THE FOLLOWING RECOMMENDATION (4-0):
3215,2025-12-04,Board of Directors - Regular Board Meeting,158798,10,40,11818,2025-0799,Contract,APPROVED,Pass,,,0,1,"CONSIDER:

A.	APPROVING an increase in authorized funding and executing Modification No. 9 to Contract No. PS54007 with Enterris Associates, Inc. (formerly PQM, Inc.), for pending and future Task Orders to provide quality management consulting and support services for Metro Transit and Transportation projects in an amount Not-To-Exceed (NTE) $28,500,000; increasing the total contract authorized funding from an NTE amount of $25,325,804 to a NTE amount of $53,825,804 and exercising the three, o"
3215,2025-12-04,Board of Directors - Regular Board Meeting,158799,,39,,,,,,,,0,0,CONSTRUCTION COMMITTEE MADE THE FOLLOWING RECOMMENDATION (4-0):
3215,2025-12-04,Board of Directors - Regular Board Meeting,158800,,62,,,,,,,,0,0,"OPERATIONS, SAFETY, AND CUSTOMER EXPERIENCE COMMITTEE MADE THE FOLLOWING RECOMMENDATION (4-0):"
3215,2025-12-04,Board of Directors - Regular Board Meeting,158801,25,61,11880,2025-0861,Program,APPROVED,Pass,,,0,1,"APPROVING a total of $9,918,750 for the continued Direct Annual Allocation for Transit Service on the I-110 and I-10 ExpressLanes for Fiscal Year 2026 (FY26) as shown in Attachment A."
3215,2025-12-04,Board of Directors - Regular Board Meeting,158802,,60,,,,,,,,0,0,"OPERATIONS, SAFETY, AND CUSTOMER EXPERIENCE COMMITTEE MADE THE FOLLOWING RECOMMENDATION (4-0):"
3215,2025-12-04,Board of Directors - Regular Board Meeting,158803,16,49,11971,2025-0953,Project,APPROVED,Pass,,,0,0,"CONSIDER:

A.	SETTING ASIDE Metro’s action on February 22, 2024:

1.	Approving the Los Angeles Aerial Rapid Transit Project with Design Option A; 
2.	Certifying the Final Environmental Impact Report;
3.	Adopting the Findings and Statement of Overriding Considerations; and
4.	Adopting the Mitigation Monitoring and Reporting Program.

AND CONSIDER:

B.	RECERTIFYING, in accordance with the California Environmental Quality Act (CEQA), the Environmental Impact Report (EIR), as supplemented by the Fin"
3215,2025-12-04,Board of Directors - Regular Board Meeting,158804,,48,,,,,,,,0,0,EXECUTIVE MANAGEMENT COMMITTEE MADE THE FOLLOWING RECOMMENDATION (4-1):
3215,2025-12-04,Board of Directors - Regular Board Meeting,158805,13,47,11937,2025-0919,Contract,APPROVED,Pass,,,0,1,"AUTHORIZE the Chief Executive Officer to exercise the first two-year option term to the Medical Clinic Services Bench Contract Nos. PS70268000 through PS70268005 (Attachment A) in the amount of $3,182,103, including $797,900, to support the onboarding of police officers and public safety dispatchers within Metro’s Department of Public Safety (DPS), increasing the cumulative contract value from $6,833,016 to $10,015,119 and extend the period of performance from March 1, 2026 through February 29, "
3215,2025-12-04,Board of Directors - Regular Board Meeting,158806,,46,,,,,,,,0,0,EXECUTIVE MANAGEMENT COMMITTEE MADE THE FOLLOWING RECOMMENDATION (5-0):
3215,2025-12-04,Board of Directors - Regular Board Meeting,158808,17,19,11954,2025-0936,Federal Legislation / State Legislation (Position),ADOPTED,Pass,,,0,0,"CONSIDER: 

A.	RECEIVING the State and Federal Legislative Report; 

B.	ADOPTING the proposed 2026 Federal Legislative Program (Attachment A); and  

C.	ADOPTING the proposed 2026 State Legislative Program (Attachment B)."
3215,2025-12-04,Board of Directors - Regular Board Meeting,158809,,18,,,,,,,,0,0,EXECUTIVE MANAGEMENT COMMITTEE FORWARDED TO FOLLOWING:
3215,2025-12-04,Board of Directors - Regular Board Meeting,158810,24,59,11878,2025-0859,Contract,APPROVED,Pass,,,0,1,"CONSIDER:

A.	FINDING that the procurement of Metro Bus Engine Cooling System Rebuild Kit under Public Utilities Code (PUC) Section 130237, as an Original Equipment Manufacturer (OEM) item, constitutes a single source procurement method for the purpose of duplicating equipment already in use; and

B.	AUTHORIZE the Chief Executive Officer to award a single source, one-year, Indefinite Delivery, Indefinite Quantity Contract No. SD129781000 to Engineered Machined Products, Inc. (EMP) for 140 ki"
3215,2025-12-04,Board of Directors - Regular Board Meeting,158811,,58,,,,,,,,0,0,"OPERATIONS, SAFETY, AND CUSTOMER EXPERIENCE COMMITTEE MADE THE FOLLOWING RECOMMENDATION (4-0):"
3215,2025-12-04,Board of Directors - Regular Board Meeting,158812,23,57,11871,2025-0852,Contract,APPROVED,Pass,,,0,1,"AUTHORIZE the Chief Executive Officer (CEO) to:

A.	AWARD a five-year firm fixed unit rate Contract No. PS131648000 to Intueor Consulting, Inc. to provide program support for the implementation of the Advanced Transportation Management System (ATMS) II Computer Aided Dispatch / Automated Vehicle Location (CAD/AVL) System in the Not-to-Exceed (NTE) amount of $10,799,089.84, subject to the resolution of any properly submitted protest(s), if any; and

B.	EXECUTE individual contract modification"
3215,2025-12-04,Board of Directors - Regular Board Meeting,158813,,56,,,,,,,,0,0,"OPERATIONS, SAFETY, AND CUSTOMER EXPERIENCE COMMITTEE MADE THE FOLLOWING RECOMMENDATION (4-0):"
3215,2025-12-04,Board of Directors - Regular Board Meeting,158814,22,55,11765,2025-0746,Contract,APPROVED,Pass,,,0,1,"AUTHORIZE the Chief Executive Officer to award a firm fixed unit rate Contract No. OP127011(2)0008370 to Majestic Fire Inc., DBA Kord Fire Protection, to provide chemical fire suppression testing, replacement and certification services in the Not-To-Exceed (NTE) amount of $819,035 for the three-year base period, $273,145 for option year one, and $273,145 for option year two, for a combined NTE amount of $1,365,325, effective March 1, 2026, subject to the resolution of any properly submitted prot"
3215,2025-12-04,Board of Directors - Regular Board Meeting,158815,,54,,,,,,,,0,0,"OPERATIONS, SAFETY, AND CUSTOMER EXPERIENCE COMMITTEE MADE THE FOLLOWING RECOMMENDATION (4-0):"
3215,2025-12-04,Board of Directors - Regular Board Meeting,158816,21,53,11714,2025-0695,Contract,APPROVED,Pass,,,0,1,"AUTHORIZE the Chief Executive Officer to award a two-year, Indefinite Delivery/Indefinite Quantity (IDIQ) Contract No. MA125897000 to Safety Vibe, Inc., the lowest responsive and responsible bidder, to supply safety vests in the Not-to-Exceed (NTE) amount of $1,763,791.48, inclusive of sales tax; subject to the resolution of any properly submitted protest(s), if any."
3215,2025-12-04,Board of Directors - Regular Board Meeting,158817,,52,,,,,,,,0,0,"OPERATIONS, SAFETY, AND CUSTOMER EXPERIENCE COMMITTEE MADE THE FOLLOWING RECOMMENDATION (4-0):"
3215,2025-12-04,Board of Directors - Regular Board Meeting,158818,20,51,11490,2025-0471,Contract,APPROVED,Pass,,,0,1,"AUTHORIZE the Chief Executive Officer to award a firm-fixed price contract, Contract No. DR124275(2)000 to Martinez Engineering, LLC for the Metro E Line Underground Tunnel Radio System Replacement in the amount of $2,494,602, subject to the resolution of any properly submitted protest(s), if any."
3215,2025-12-04,Board of Directors - Regular Board Meeting,158819,,50,,,,,,,,0,0,"OPERATIONS, SAFETY, AND CUSTOMER EXPERIENCE COMMITTEE MADE THE FOLLOWING RECOMMENDATION (4-0):"
3215,2025-12-04,Board of Directors - Regular Board Meeting,158820,30,65,11843,2025-0824,Contract,APPROVED,Pass,,,0,1,"AUTHORIZE the Chief Executive Officer to:  
 
A.	RECEIVE AND FILE quarterly status report on the ZEB Program;
 
B.	UTILIZE the Washington Department of Enterprise Services Contract or Colorado State Contract for a not-to-exceed expenditure amount of $50,000,000 inclusive of sales tax, for up to 40 battery electric buses (BEBs); and 
 
C.	APPROVE a Life-Of-Project (LOP) budget in the amount of $52,000,000 for the purchase of up to 40 BEBs, professional and technical support, labor and conti"
3215,2025-12-04,Board of Directors - Regular Board Meeting,158821,,64,,,,,,,,0,0,"OPERATIONS, SAFETY, AND CUSTOMER EXPERIENCE COMMITTEE MADE THE FOLLOWING RECOMMENDATION (5-0):"
3215,2025-12-04,Board of Directors - Regular Board Meeting,158822,26,63,11985,2025-0967,Contract,APPROVED,Pass,,,0,0,"AUTHORIZE the Chief Executive Officer to:

A.	AWARD a firm fixed unit rate Contract No. OP91160(3)001R1 for Region 1 to BriteWorks, Inc. to provide graffiti abatement services in the Not-To-Exceed (NTE) amount of $2,740,433 for the three-year base period, and $1,975,184 for the one, two-year option term, for a combined NTE amount of $4,715,617, effective February 1, 2026, subject to the resolution of any properly submitted protest(s), if any; and

B.	AWARD a firm fixed unit rate Contract No."
3215,2025-12-04,Board of Directors - Regular Board Meeting,158823,,20,,,,,,,,0,0,page break
3215,2025-12-04,Board of Directors - Regular Board Meeting,158835,,25,,,,,,,,0,0,page break
3215,2025-12-04,Board of Directors - Regular Board Meeting,158836,,43,,,,,,,,0,0,page break
3215,2025-12-04,Board of Directors - Regular Board Meeting,158900,,,,,,APPROVED ON CONSENT CALENDAR,Pass,,,0,1,Approval of the Consent Agenda
3305,2025-09-10,Measure M Independent Taxpayer Oversight Committee,151483,,10,,,,,,,,0,0,CALL TO ORDER
3305,2025-09-10,Measure M Independent Taxpayer Oversight Committee,151484,,11,,,,,,,,0,0,ROLL CALL
3305,2025-09-10,Measure M Independent Taxpayer Oversight Committee,151485,,21,,,,,,,,0,0, 
3305,2025-09-10,Measure M Independent Taxpayer Oversight Committee,151908,,23,,,,,,,,0,0,"Consideration of items not on the posted agenda, including: items to be presented and (if requested) referred to staff; items to be placed on the agenda for action at a future meeting of the Committee or Board; and/or items requiring immediate action because of an emergency situation or where the need to take immediate action came to the attention of the Committee subsequent to the posting of the agenda."
3305,2025-09-10,Measure M Independent Taxpayer Oversight Committee,151909,,24,,,,,,,,0,0,COMMENTS FROM THE PUBLIC ON ITEMS OF PUBLIC INTEREST WITHIN COMMITTEE’S SUBJECT MATTER JURISDICTION
3305,2025-09-10,Measure M Independent Taxpayer Oversight Committee,151910,,25,,,,,,,,0,0,Adjournment
3305,2025-09-10,Measure M Independent Taxpayer Oversight Committee,151911,6,18,11279,2025-0259,Oral Report / Presentation,,,,,0,0,RECEIVE oral report on State of Good Repair budget and expenses.
3305,2025-09-10,Measure M Independent Taxpayer Oversight Committee,151912,,9,,,,,,,,0,0,page break
3305,2025-09-10,Measure M Independent Taxpayer Oversight Committee,151913,,8,,,,,,,,0,0,"Written public comments must be received by 5PM the day before the meeting.
Please include the Item # in your comment and your position of “FOR,” “AGAINST,” ""GENERAL
COMMENT,"" or ""ITEM NEEDS MORE CONSIDERATION.""
Email: BoardClerk@metro.net
Post Office Mail:
Board Administration
One Gateway Plaza
MS: 99-3-1
Los Angeles, CA 90012"
3305,2025-09-10,Measure M Independent Taxpayer Oversight Committee,151914,,7,,,,,,,,0,0,Written Public Comment Instruction:
3305,2025-09-10,Measure M Independent Taxpayer Oversight Committee,151915,,6,,,,,,,,0,0,Los comentarios del público se tomaran cuando se toma cada tema. Para dar un comentario público sobre una tema ingrese # 2 (Tecla de numero y dos) cuando se le solicite. Tenga en cuenta que la transmisión de video en vivo se retrasa unos 30 segundos con respecto a la reunión real. No hay retraso en la línea de acceso telefónico para comentarios públicos.
3305,2025-09-10,Measure M Independent Taxpayer Oversight Committee,151916,,5,,,,,,,,0,0,"Los comentarios publicos en vivo se pueden dar por telefono o en persona.

La Reunion de la Junta comienza a las 10:00 AM, hora del Pacifico, el 10 de Septiembre de 2025. Puedes unirte a la llamada 5 minutos antes del comienso de la junta.

Marque: 888-978-8818 y ingrese el codigo
Codigo de acceso en ingles: 5647249#
Codigo de acceso en espanol: 7292892#"
3305,2025-09-10,Measure M Independent Taxpayer Oversight Committee,151917,,4,,,,,,,,0,0,Instrucciones para comentarios publicos en vivo:
3305,2025-09-10,Measure M Independent Taxpayer Oversight Committee,151918,,3,,,,,,,,0,0,"Public comment will be taken as the Board takes up each item. To give public comment on an item, enter #2 (pound-two) when prompted. Please note that the live video feed lags about 30 seconds behind the actual meeting. There is no lag on the public comment dial-in line."
3305,2025-09-10,Measure M Independent Taxpayer Oversight Committee,151919,,2,,,,,,,,0,0,"Live public comment can be given by telephone or in-person.

The Meeting begins at 10:00 AM Pacific Time on September 10, 2025; you may join the call 5 minutes prior to the start of the meeting.

Dial-in: 888-978-8818 and enter
English Access Code: 5647249#
Spanish Access Code: 7292892#"
3305,2025-09-10,Measure M Independent Taxpayer Oversight Committee,151920,,1,,,,,,,,0,0,Live Public Comment Instructions:
3305,2025-09-10,Measure M Independent Taxpayer Oversight Committee,151926,1,12,11706,2025-0687,Oral Report / Presentation,,,,,0,0,RECEIVE remarks by the Chair.
3305,2025-09-10,Measure M Independent Taxpayer Oversight Committee,151927,5,17,11639,2025-0620,Oral Report / Presentation,,,,,0,0,RECEIVE oral report on Local Return programmed revenues and uses for Los Angeles County jurisdictions to support discussion on the effective and efficient use of funds.
3305,2025-09-10,Measure M Independent Taxpayer Oversight Committee,151928,4,15,11640,2025-0621,Oral Report / Presentation,,,,,0,0,RECEIVE oral report on review of the Measure M transit operations budget and countywide bus service metrics to support discussion on the effective and efficient use of funds.
3305,2025-09-10,Measure M Independent Taxpayer Oversight Committee,151929,3,14,11597,2025-0578,Contract,,,,,0,0,"APPROVE:

A.	the Scope of Services (Attachment A) for the upcoming solicitation of qualified firms to provide consolidated financial and compliance audit services for fiscal years 2026-2030, which include the required audits of Measure M funds; and 

B.	the Evaluation Criteria (Attachment B) for the selection of qualified firms."
3305,2025-09-10,Measure M Independent Taxpayer Oversight Committee,151933,8,20,11630,2025-0611,Oral Report / Presentation,,,,,0,0,"RECEIVE oral report on Measure M Active Transportation, programmed revenues, and uses to support discussion on the effective and efficient use of funds."
3305,2025-09-10,Measure M Independent Taxpayer Oversight Committee,151934,7,19,11569,2025-0550,Oral Report / Presentation,,,,,0,0,RECEIVE oral report on Transit and Highway Capital Projects to support discussion on the effective and efficient use of funds.
3305,2025-09-10,Measure M Independent Taxpayer Oversight Committee,151936,2,13,11708,2025-0689,Minutes,,,,,0,0,"APPROVE Minutes of the Measure M Independent Taxpayer Oversight Committee Meeting held June 4, 2025."
3305,2025-09-10,Measure M Independent Taxpayer Oversight Committee,153887,,16,,,,,,,,0,0,page break
3318,2025-12-03,Measure M Independent Taxpayer Oversight Committee,158247,,11,,,,,,,,0,0,CALL TO ORDER
3318,2025-12-03,Measure M Independent Taxpayer Oversight Committee,158248,,12,,,,,,,,0,0,ROLL CALL
3318,2025-12-03,Measure M Independent Taxpayer Oversight Committee,158688,,21,12034,2025-1016,Informational Report,,,,,0,0,RECEIVE General Public Comment
3318,2025-12-03,Measure M Independent Taxpayer Oversight Committee,158690,,22,,,,,,,,0,0,"Consideration of items not on the posted agenda, including: items to be presented and (if requested) referred to staff; items to be placed on the agenda for action at a future meeting of the Committee or Board; and/or items requiring immediate action because of an emergency situation or where the need to take immediate action came to the attention of the Committee subsequent to the posting of the agenda."
3318,2025-12-03,Measure M Independent Taxpayer Oversight Committee,158691,,23,,,,,,,,0,0,COMMENTS FROM THE PUBLIC ON ITEMS OF PUBLIC INTEREST WITHIN COMMITTEE’S SUBJECT MATTER JURISDICTION
3318,2025-12-03,Measure M Independent Taxpayer Oversight Committee,158692,,24,,,,,,,,0,0,Adjournment
3318,2025-12-03,Measure M Independent Taxpayer Oversight Committee,158693,,7,,,,,,,,0,0,Los comentarios del público se tomaran cuando se toma cada tema. Para dar un comentario público sobre una tema ingrese # 2 (Tecla de numero y dos) cuando se le solicite. Tenga en cuenta que la transmisión de video en vivo se retrasa unos 30 segundos con respecto a la reunión real. No hay retraso en la línea de acceso telefónico para comentarios públicos.
3318,2025-12-03,Measure M Independent Taxpayer Oversight Committee,158694,,5,,,,,,,,0,0,Instrucciones para comentarios publicos en vivo:
3318,2025-12-03,Measure M Independent Taxpayer Oversight Committee,158695,,4,,,,,,,,0,0,"Public comment will be taken as the Board takes up each item. To give public comment on an item, enter #2 (pound-two) when prompted. Please note that the live video feed lags about 30 seconds behind the actual meeting. There is no lag on the public comment dial-in line."
3318,2025-12-03,Measure M Independent Taxpayer Oversight Committee,158696,,3,,,,,,,,0,0,"Live public comment can be given by telephone or in-person.

The Meeting begins at 10:00 AM Pacific Time on December 3, 2025; you may join the call 5 minutes prior to the start of the meeting.

Dial-in: 888-978-8818 and enter
English Access Code: 5647249#
Spanish Access Code: 7292892#"
3318,2025-12-03,Measure M Independent Taxpayer Oversight Committee,158697,,2,,,,,,,,0,0,Live Public Comment Instructions:
3318,2025-12-03,Measure M Independent Taxpayer Oversight Committee,158699,,1,,,,,,,,0,0,page break
3318,2025-12-03,Measure M Independent Taxpayer Oversight Committee,158700,,6,,,,,,,,0,0,"Los comentarios publicos en vivo se pueden dar por telefono o en persona.

La Reunion de la Junta comienza a las 10:00 AM, hora del Pacifico, el 3 de Diciembre de 2025. Puedes unirte a la llamada 5 minutos antes del comienso de la junta.

Marque: 888-978-8818 y ingrese el codigo
Codigo de acceso en ingles: 5647249#
Codigo de acceso en espanol: 7292892#"
3318,2025-12-03,Measure M Independent Taxpayer Oversight Committee,158701,,8,,,,,,,,0,0,Written Public Comment Instruction:
3318,2025-12-03,Measure M Independent Taxpayer Oversight Committee,158702,,10,,,,,,,,0,0,page break
3318,2025-12-03,Measure M Independent Taxpayer Oversight Committee,158703,,9,,,,,,,,0,0,"Written public comments must be received by 5PM the day before the meeting.
Please include the Item # in your comment and your position of “FOR,” “AGAINST,” ""GENERAL COMMENT,"" or ""ITEM NEEDS MORE CONSIDERATION.""
Email: BoardClerk@metro.net
Post Office Mail:
Board Administration
One Gateway Plaza
MS: 99-3-1
Los Angeles, CA 90012"
3318,2025-12-03,Measure M Independent Taxpayer Oversight Committee,158704,4,16,11967,2025-0949,Oral Report / Presentation,,,,,0,0,RECEIVE oral report on review of the Measure M transit operations budget and countywide bus service metrics to support discussion on the effective and efficient use of funds.
3318,2025-12-03,Measure M Independent Taxpayer Oversight Committee,158705,3,15,11654,2025-0635,Program,,,,,0,0,"ADOPT a resolution (Attachment A) which finds, in accordance with Section 8(h)(1)(C) of the Measure M Ordinance, that the benefits from acceleration of projects exceed the issuance and interest costs of the proposed debt financing."
3318,2025-12-03,Measure M Independent Taxpayer Oversight Committee,158706,2,14,12033,2025-1015,Minutes,,,,,0,0,"APPROVE Minutes of the Measure M Independent Taxpayer Oversight Committee Meeting held September 10, 2025."
3318,2025-12-03,Measure M Independent Taxpayer Oversight Committee,158707,1,13,12032,2025-1014,Oral Report / Presentation,,,,,0,0,RECEIVE remarks by the Chair.
3318,2025-12-03,Measure M Independent Taxpayer Oversight Committee,158708,5,17,11962,2025-0944,Oral Report / Presentation,,,,,0,0,RECEIVE oral report on Local Return programmed revenues and uses for Los Angeles County jurisdictions to support discussion on the effective and efficient use of funds.
3318,2025-12-03,Measure M Independent Taxpayer Oversight Committee,158709,6,18,11898,2025-0879,Oral Report / Presentation,,,,,0,0,RECEIVE oral report on State of Good Repair budget and expenses.
3318,2025-12-03,Measure M Independent Taxpayer Oversight Committee,158710,8,20,11921,2025-0902,Oral Report / Presentation,,,,,0,0,"RECEIVE oral report on Measure M Active Transportation, programmed revenues, and uses to support discussion on the effective and efficient use of funds."
3318,2025-12-03,Measure M Independent Taxpayer Oversight Committee,158711,7,19,11907,2025-0888,Oral Report / Presentation,,,,,0,0,RECEIVE oral report on Transit and Highway Capital Projects to support discussion on the effective and efficient use of funds.
3320,2025-09-27,"Operations, Safety, and Customer Experience Committee",154127,,1,,,,,,,,0,0,page break
3320,2025-09-27,"Operations, Safety, and Customer Experience Committee",154128,,2,,,,,,,,0,0,Live Public Comment Instructions:
3320,2025-09-27,"Operations, Safety, and Customer Experience Committee",154129,,3,,,,,,,,0,0,"Live public comment can be given by telephone or in-person.

The Meeting begins at 11:30 AM Pacific Time on MONTH XX, 20XX; you may join the call 5 minutes prior to the start of the meeting.

Dial-in: 888-978-8818 and enter
English Access Code: 5647249#
Spanish Access Code: 7292892#"
3320,2025-09-27,"Operations, Safety, and Customer Experience Committee",154130,,4,,,,,,,,0,0,"Public comment will be taken as the Board takes up each item. To give public  comment on an item, enter #2 (pound-two) when prompted. Please note that the live  video feed lags about 30 seconds behind the actual meeting. There is no lag on the  public comment dial-in line."
3320,2025-09-27,"Operations, Safety, and Customer Experience Committee",154134,,5,,,,,,,,0,0,Written Public Comment Instruction:
3320,2025-09-27,"Operations, Safety, and Customer Experience Committee",154135,,6,,,,,,,,0,0,"Written public comments must be received by 5PM the day before the meeting.
Please include the Item # in your comment and your position of “FOR,” “AGAINST,” ""GENERAL COMMENT,"" or ""ITEM NEEDS MORE CONSIDERATION.""
Email: BoardClerk@metro.net
Post Office Mail:
Board Administration
One Gateway Plaza
MS: 99-3-1
Los Angeles, CA 90012"
3320,2025-09-27,"Operations, Safety, and Customer Experience Committee",154136,,7,,,,,,,,0,0,page break
3320,2025-09-27,"Operations, Safety, and Customer Experience Committee",154137,,8,,,,,,,,0,0,CALL TO ORDER
3320,2025-09-27,"Operations, Safety, and Customer Experience Committee",154138,,9,,,,,,,,0,0,ROLL CALL
3320,2025-09-27,"Operations, Safety, and Customer Experience Committee",154533,,10,,,,,,,,0,0,GENERAL PUBLIC COMMENT
3320,2025-09-27,"Operations, Safety, and Customer Experience Committee",154534,,11,,,,,,,,0,0,"Consideration of items not on the posted agenda, including: items to be presented and (if requested) referred to staff; items to be placed on the agenda for action at a future meeting of the Committee or Board; and/or items requiring immediate action because of an emergency situation or where the need to take immediate action came to the attention of the Committee subsequent to the posting of the agenda."
3320,2025-09-27,"Operations, Safety, and Customer Experience Committee",154535,,13,,,,,,,,0,0,COMMENTS FROM THE PUBLIC ON ITEMS OF PUBLIC INTEREST WITHIN COMMITTEE’S SUBJECT MATTER JURISDICTION
3320,2025-09-27,"Operations, Safety, and Customer Experience Committee",154536,,14,,,,,,,,0,0,Adjournment
