event_id,event_date,body,item_id,agenda_number,agenda_sequence,matter_id,matter_file,matter_type,action,passed,mover,seconder,roll_call_flag,consent,title
3217,2026-01-14,Construction Committee,159341,,1,,,,,,,,0,0,page break
3217,2026-01-14,Construction Committee,159342,,2,,,,,,,,0,0,Live Public Comment Instructions:
3217,2026-01-14,Construction Committee,159343,,3,,,,,,,,0,0,"Live public comment can be given by telephone or in-person.

The Meeting begins at 1:00 PM Pacific Time on January 14, 2026; you may join the call 5 minutes prior to the start of the meeting.

Dial-in: 888-978-8818 and enter
English Access Code: 5647249#
Spanish Access Code: 7292892#"
3217,2026-01-14,Construction Committee,159344,,4,,,,,,,,0,0,"Public comment will be taken as the Board takes up each item. To give public  comment on an item, enter #2 (pound-two) when prompted. Please note that the live  video feed lags about 30 seconds behind the actual meeting. There is no lag on the  public comment dial-in line."
3217,2026-01-14,Construction Committee,159345,,5,,,,,,,,0,0,Instrucciones para comentarios publicos en vivo:
3217,2026-01-14,Construction Committee,159346,,6,,,,,,,,0,0,"Los comentarios publicos en vivo se pueden dar por telefono o en persona.

La Reunion de la Junta comienza a las 1:00 PM, hora del Pacifico, el 14 de Enero de 2026. Puedes unirte a la llamada 5 minutos antes del comienso de la junta.

Marque: 888-978-8818 y ingrese el codigo
Codigo de acceso en ingles: 5647249#
Codigo de acceso en espanol: 7292892#"
3217,2026-01-14,Construction Committee,159347,,7,,,,,,,,0,0,Los comentarios del público se tomaran cuando se toma cada tema. Para dar un  comentario público sobre una tema ingrese # 2 (Tecla de numero y dos) cuando se le  solicite. Tenga en cuenta que la transmisión de video en vivo se retrasa unos 30  segundos con respecto a la reunión real. No hay retraso en la línea de acceso telefónico para comentarios públicos.
3217,2026-01-14,Construction Committee,159348,,8,,,,,,,,0,0,Written Public Comment Instruction:
3217,2026-01-14,Construction Committee,159349,,9,,,,,,,,0,0,"Written public comments must be received by 5PM the day before the meeting.
Please include the Item # in your comment and your position of “FOR,” “AGAINST,” ""GENERAL COMMENT,"" or ""ITEM NEEDS MORE CONSIDERATION.""
Email: BoardClerk@metro.net
Post Office Mail:
Board Administration
One Gateway Plaza
MS: 99-3-1
Los Angeles, CA 90012"
3217,2026-01-14,Construction Committee,159350,,10,,,,,,,,0,0,page break
3217,2026-01-14,Construction Committee,159351,,11,,,,,,,,0,0,CALL TO ORDER
3217,2026-01-14,Construction Committee,159352,,12,,,,,,,,1,0,ROLL CALL
3217,2026-01-14,Construction Committee,159353,,13,,,,,,,,0,0,"APPROVE Consent Calendar Items: 14 and 15. 

Consent Calendar items are approved by one motion unless held by a Director for discussion and/or separate action. "
3217,2026-01-14,Construction Committee,159635,,25,,,,,,,,0,0, 
3217,2026-01-14,Construction Committee,159636,,26,12110,2025-1092,Informational Report,,,,,0,0,RECEIVE General Public Comment
3217,2026-01-14,Construction Committee,159637,,27,,,,,,,,0,0,"Consideration of items not on the posted agenda, including: items to be presented and (if requested) referred to staff; items to be placed on the agenda for action at a future meeting of the Committee or Board; and/or items requiring immediate action because of an emergency situation or where the need to take immediate action came to the attention of the Committee subsequent to the posting of the agenda."
3217,2026-01-14,Construction Committee,159638,,28,,,,,,,,0,0,COMMENTS FROM THE PUBLIC ON ITEMS OF PUBLIC INTEREST WITHIN COMMITTEE’S SUBJECT MATTER JURISDICTION
3217,2026-01-14,Construction Committee,159639,,29,,,,,,,,0,0,Adjournment
3217,2026-01-14,Construction Committee,159640,,18,,,,,,,,0,0,NON-CONSENT
3217,2026-01-14,Construction Committee,159641,15,16,12030,2025-1012,Policy,RECEIVED AND FILED,Pass,,,0,0,RECEIVE AND FILE the status update on the Project Labor Agreement and Construction Careers Policy programs through the quarter ending September 2025.
3217,2026-01-14,Construction Committee,159642,14,15,12045,2025-1027,Informational Report,RECEIVED AND FILED,Pass,,,0,0,RECEIVE AND FILE status report on Program Management Quarterly Changes.
3217,2026-01-14,Construction Committee,159643,,14,,,,,,,,0,0,CONSENT CALENDAR
3217,2026-01-14,Construction Committee,160823,20,24,12048,2025-1030,Informational Report,RECEIVED AND FILED,Pass,,,0,0,"RECEIVE AND FILE Office of the Inspector General Construction Change Order Spot Check Report for the period September 1, 2025, to November 30, 2025."
3217,2026-01-14,Construction Committee,160825,18,22,12059,2025-1041,Oral Report / Presentation,RECEIVED AND FILED,Pass,,,0,0,RECEIVE AND FILE this Program Management Project Status Report that summarizes capital program performance through November 2025.
3217,2026-01-14,Construction Committee,160826,17,20,12046,2025-1028,Contract,,,,,0,0,"AUTHORIZE the Chief Executive Officer or designee to approve programming of $95 million for FY26 thru FY28 to complete the design and advance procurement efforts for Phase 2B2, Pomona to Claremont, of the Gold Line Foothill Extension Phase 2B2 Project utilizing allocated SB125 funds."
3217,2026-01-14,Construction Committee,160827,16,19,12029,2025-1011,Contract,,,,,0,0,"CONSIDER:

A.	APPROVING an increase in total authorized funding and executing Modification No. 14 to  Contract No. AE47810E0128 with SECOTrans (Joint Venture of Hatch  Associates Consultants, Inc., NBA Engineering Inc., and Ramos Consulting Services, Inc), for pending and future Task Orders to provide systems engineering and support services for Metro Rail and Bus Transit projects, in the Not-To-Exceed (NTE) amount of $35,000,000, increasing the total contract authorized funding from an NTE am"
3217,2026-01-14,Construction Committee,160828,19,23,11964,2025-0946,Oral Report / Presentation,RECEIVED,Pass,,,0,0,RECEIVE the quarterly oral report on the status of the Caltrans construction projects.
3217,2026-01-14,Construction Committee,160862,,17,,,,,,,,0,0,page break
3217,2026-01-14,Construction Committee,160863,,21,,,,,,,,0,0,page break
3218,2026-01-14,Planning and Programming Committee,158919,,1,,,,,,,,0,0,page break
3218,2026-01-14,Planning and Programming Committee,158920,,2,,,,,,,,0,0,Live Public Comment Instructions:
3218,2026-01-14,Planning and Programming Committee,158921,,3,,,,,,,,0,0,"Live public comment can be given by telephone or in-person.

The Meeting begins at 11:00 AM Pacific Time on January 14, 2026; you may join the call 5 minutes prior to the start of the meeting.

Dial-in: 888-978-8818 and enter
English Access Code: 5647249#
Spanish Access Code: 7292892#"
3218,2026-01-14,Planning and Programming Committee,158922,,4,,,,,,,,0,0,"Public comment will be taken as the Board takes up each item. To give public  comment on an item, enter #2 (pound-two) when prompted. Please note that the live  video feed lags about 30 seconds behind the actual meeting. There is no lag on the  public comment dial-in line."
3218,2026-01-14,Planning and Programming Committee,158923,,5,,,,,,,,0,0,Instrucciones para comentarios publicos en vivo:
3218,2026-01-14,Planning and Programming Committee,158924,,6,,,,,,,,0,0,"Los comentarios publicos en vivo se pueden dar por telefono o en persona.

La Reunion de la Junta comienza a las 11:00 AM, hora del Pacifico, el 14 de Enero de 2026. Puedes unirte a la llamada 5 minutos antes del comienso de la junta.

Marque: 888-978-8818 y ingrese el codigo
Codigo de acceso en ingles: 5647249#
Codigo de acceso en espanol: 7292892#"
3218,2026-01-14,Planning and Programming Committee,158925,,7,,,,,,,,0,0,Los comentarios del público se tomaran cuando se toma cada tema. Para dar un  comentario público sobre una tema ingrese # 2 (Tecla de numero y dos) cuando se le  solicite. Tenga en cuenta que la transmisión de video en vivo se retrasa unos 30  segundos con respecto a la reunión real. No hay retraso en la línea de acceso telefónico para comentarios públicos.
3218,2026-01-14,Planning and Programming Committee,158926,,8,,,,,,,,0,0,Written Public Comment Instruction:
3218,2026-01-14,Planning and Programming Committee,158927,,9,,,,,,,,0,0,"Written public comments must be received by 5PM the day before the meeting.
Please include the Item # in your comment and your position of “FOR,” “AGAINST,” ""GENERAL COMMENT,"" or ""ITEM NEEDS MORE CONSIDERATION.""
Email: BoardClerk@metro.net
Post Office Mail:
Board Administration
One Gateway Plaza
MS: 99-3-1
Los Angeles, CA 90012"
3218,2026-01-14,Planning and Programming Committee,158928,,10,,,,,,,,0,0,page break
3218,2026-01-14,Planning and Programming Committee,158929,,11,,,,,,,,0,0,CALL TO ORDER
3218,2026-01-14,Planning and Programming Committee,158930,,12,,,,,,,,1,0,ROLL CALL
3218,2026-01-14,Planning and Programming Committee,158931,10,13,12080,2025-1062,Project,,,,,0,0,"CONSIDER:

A.	APPROVING the Locally Preferred Alternative (LPA) as Modified Alternative 5: Heavy rail transit underground between the Van Nuys Metrolink Station and the E Line Expo/Sepulveda Station modified to provide a connection to the Metro G Line and East San Fernando Valley (ESFV) Light Rail Line at Van Nuys Boulevard; 

B.	AUTHORIZING further design refinement and advancement of the LPA to address project cost, risk, and comments received on the Draft Environmental Impact Report (EIR), in"
3218,2026-01-14,Planning and Programming Committee,159248,,17,,,,,,,,0,0, 
3218,2026-01-14,Planning and Programming Committee,159249,,18,12109,2025-1091,Informational Report,,,,,0,0,RECEIVE General Public Comment
3218,2026-01-14,Planning and Programming Committee,159250,,19,,,,,,,,0,0,"Consideration of items not on the posted agenda, including: items to be presented and (if requested) referred to staff; items to be placed on the agenda for action at a future meeting of the Committee or Board; and/or items requiring immediate action because of an emergency situation or where the need to take immediate action came to the attention of the Committee subsequent to the posting of the agenda."
3218,2026-01-14,Planning and Programming Committee,159251,,20,,,,,,,,0,0,COMMENTS FROM THE PUBLIC ON ITEMS OF PUBLIC INTEREST WITHIN COMMITTEE’S SUBJECT MATTER JURISDICTION
3218,2026-01-14,Planning and Programming Committee,159252,,21,,,,,,,,0,0,Adjournment
3218,2026-01-14,Planning and Programming Committee,159338,13,16,11963,2025-0945,Informational Report,,,,,0,0,RECEIVE AND FILE status report on Countywide Planning Major Project Status Report.
3218,2026-01-14,Planning and Programming Committee,159339,12,15,11925,2025-0906,Program,,,,,0,0,"CONSIDER: 
 
A.	APPROVING $59,296,086 in additional programming within the capacity of Measure R Multimodal Highway Subregional Programs, along with funding changes via the updated project list shown in Attachment A. Projects within this Measure R Multimodal Highway Subregional Program include improvements related to traffic signal, pedestrian, bicycle, transit, and roadways;

B.	APPROVING the deobligation of $3,371,977 in previously approved Measure R Multimodal Highway Subregional Program fund"
3218,2026-01-14,Planning and Programming Committee,159340,11,14,11837,2025-0818,Project,,,,,0,0,"CONSIDER:

A.	APPROVING the Board selected Locally Preferred Alternative (LPA), a 4.5-mile fully grade-separated light rail extension of the C Line Extension to Torrance (now K Line) with two stations in Redondo Beach and Torrance as the Project (Project);

B.	CERTIFYING, in accordance with the California Environmental Quality Act (CEQA), the Final Environmental Impact Report (EIR); 

C.	ADOPTING, in accordance with CEQA, the:
1.	Findings of Fact and Statement of Overriding Considerations"
3219,2026-01-15,"Finance, Budget and Audit Committee",159644,,1,,,,,,,,0,0,page break
3219,2026-01-15,"Finance, Budget and Audit Committee",159645,,2,,,,,,,,0,0,Live Public Comment Instructions:
3219,2026-01-15,"Finance, Budget and Audit Committee",159646,,3,,,,,,,,0,0,"Live public comment can be given by telephone or in-person.

The Meeting begins at 10:00 AM Pacific Time on January 15, 2026; you may join the call 5 minutes prior to the start of the meeting.

Dial-in: 888-978-8818 and enter
English Access Code: 5647249#
Spanish Access Code: 7292892#"
3219,2026-01-15,"Finance, Budget and Audit Committee",159647,,4,,,,,,,,0,0,"Public comment will be taken as the Board takes up each item. To give public  comment on an item, enter #2 (pound-two) when prompted. Please note that the live  video feed lags about 30 seconds behind the actual meeting. There is no lag on the  public comment dial-in line."
3219,2026-01-15,"Finance, Budget and Audit Committee",159648,,5,,,,,,,,0,0,Instrucciones para comentarios publicos en vivo:
3219,2026-01-15,"Finance, Budget and Audit Committee",159649,,6,,,,,,,,0,0,"Los comentarios publicos en vivo se pueden dar por telefono o en persona.

La Reunion de la Junta comienza a las 10:00 AM, hora del Pacifico, el 15 de Enero de 2026. Puedes unirte a la llamada 5 minutos antes del comienso de la junta.

Marque: 888-978-8818 y ingrese el codigo
Codigo de acceso en ingles: 5647249#
Codigo de acceso en espanol: 7292892#"
3219,2026-01-15,"Finance, Budget and Audit Committee",159650,,7,,,,,,,,0,0,Los comentarios del público se tomaran cuando se toma cada tema. Para dar un  comentario público sobre una tema ingrese # 2 (Tecla de numero y dos) cuando se le  solicite. Tenga en cuenta que la transmisión de video en vivo se retrasa unos 30  segundos con respecto a la reunión real. No hay retraso en la línea de acceso telefónico para comentarios públicos.
3219,2026-01-15,"Finance, Budget and Audit Committee",159651,,8,,,,,,,,0,0,Written Public Comment Instruction:
3219,2026-01-15,"Finance, Budget and Audit Committee",159652,,9,,,,,,,,0,0,"Written public comments must be received by 5PM the day before the meeting.
Please include the Item # in your comment and your position of “FOR,” “AGAINST,” ""GENERAL COMMENT,"" or ""ITEM NEEDS MORE CONSIDERATION.""
Email: BoardClerk@metro.net
Post Office Mail:
Board Administration
One Gateway Plaza
MS: 99-3-1
Los Angeles, CA 90012"
3219,2026-01-15,"Finance, Budget and Audit Committee",159653,,10,,,,,,,,0,0,page break
3219,2026-01-15,"Finance, Budget and Audit Committee",159654,,11,,,,,,,,0,0,CALL TO ORDER
3219,2026-01-15,"Finance, Budget and Audit Committee",159655,,12,,,,,,,,1,0,ROLL CALL
3219,2026-01-15,"Finance, Budget and Audit Committee",159925,,13,,,,,,,,0,0,
3219,2026-01-15,"Finance, Budget and Audit Committee",159926,,19,12111,2025-1093,Informational Report,,,,,0,0,RECEIVE General Public Comment
3219,2026-01-15,"Finance, Budget and Audit Committee",159927,,20,,,,,,,,0,0,"Consideration of items not on the posted agenda, including: items to be presented and (if requested) referred to staff; items to be placed on the agenda for action at a future meeting of the Committee or Board; and/or items requiring immediate action because of an emergency situation or where the need to take immediate action came to the attention of the Committee subsequent to the posting of the agenda."
3219,2026-01-15,"Finance, Budget and Audit Committee",159928,,21,,,,,,,,0,0,COMMENTS FROM THE PUBLIC ON ITEMS OF PUBLIC INTEREST WITHIN COMMITTEE’S SUBJECT MATTER JURISDICTION
3219,2026-01-15,"Finance, Budget and Audit Committee",159929,,22,,,,,,,,0,0,Adjournment
3219,2026-01-15,"Finance, Budget and Audit Committee",160829,23,17,11959,2025-0941,Informational Report,RECEIVED AND FILED,Pass,,,0,0,RECEIVE AND FILE the Fiscal Year 2027 (FY27) Budget Development Process.
3219,2026-01-15,"Finance, Budget and Audit Committee",160830,22,15,12062,2025-1044,Resolution,,,,,0,0,"ADOPT:

A.	a Resolution (Attachment A) that authorizes the issuance and sale of a combined aggregate principal amount not to exceed $1.7 billion for the I-105 ExpressLanes Project in the form of the Toll Revenue First Lien Bonds in one or more series, Toll Revenue Third Lien Bonds, and/or TIFIA Loan Agreement and the taking all other actions necessary in connection with the issuance of the bonds and/or loan; and

(REQUIRES SEPARATE, SIMPLE MAJORITY VOTE OF THE BOARD)

B.	the revised Toll Policy "
3219,2026-01-15,"Finance, Budget and Audit Committee",160831,21,14,12003,2025-0985,Program,,,,,0,0,"ADOPT a resolution that authorizes the Chief Executive Officer to: 

A.	ESTABLISH the Measure M Short-Term Borrowing Program (Attachment A); and 

B.	EXECUTE and deliver all necessary documents related to the Measure M Short-Term Borrowing Program to enter into revolving credit agreements (Attachment B). 

(REQUIRES SEPARATE, SIMPLE MAJORITY VOTE OF THE BOARD)"
3219,2026-01-15,"Finance, Budget and Audit Committee",160832,,18,,,,,,,,0,0,
3219,2026-01-15,"Finance, Budget and Audit Committee",160864,,16,,,,,,,,0,0,page break
3221,2026-01-15,Executive Management Committee,159932,,1,,,,,,,,0,0,page break
3221,2026-01-15,Executive Management Committee,159933,,2,,,,,,,,0,0,Live Public Comment Instructions:
3221,2026-01-15,Executive Management Committee,159934,,3,,,,,,,,0,0,"Live public comment can be given by telephone or in-person.

The Meeting begins at 11:00 AM Pacific Time on January 15, 2026; you may join the call 5 minutes prior to the start of the meeting.

Dial-in: 888-978-8818 and enter
English Access Code: 5647249#
Spanish Access Code: 7292892#"
3221,2026-01-15,Executive Management Committee,159935,,4,,,,,,,,0,0,"Public comment will be taken as the Board takes up each item. To give public  comment on an item, enter #2 (pound-two) when prompted. Please note that the live  video feed lags about 30 seconds behind the actual meeting. There is no lag on the  public comment dial-in line."
3221,2026-01-15,Executive Management Committee,159936,,5,,,,,,,,0,0,Instrucciones para comentarios publicos en vivo:
3221,2026-01-15,Executive Management Committee,159937,,6,,,,,,,,0,0,"Los comentarios publicos en vivo se pueden dar por telefono o en persona.

La Reunion de la Junta comienza a las 11:00 AM, hora del Pacifico, el 15 de Enero de 2026. Puedes unirte a la llamada 5 minutos antes del comienso de la junta.

Marque: 888-978-8818 y ingrese el codigo
Codigo de acceso en ingles: 5647249#
Codigo de acceso en espanol: 7292892#"
3221,2026-01-15,Executive Management Committee,159938,,7,,,,,,,,0,0,Los comentarios del público se tomaran cuando se toma cada tema. Para dar un  comentario público sobre una tema ingrese # 2 (Tecla de numero y dos) cuando se le  solicite. Tenga en cuenta que la transmisión de video en vivo se retrasa unos 30  segundos con respecto a la reunión real. No hay retraso en la línea de acceso telefónico para comentarios públicos.
3221,2026-01-15,Executive Management Committee,159939,,8,,,,,,,,0,0,Written Public Comment Instruction:
3221,2026-01-15,Executive Management Committee,159940,,9,,,,,,,,0,0,"Written public comments must be received by 5PM the day before the meeting.
Please include the Item # in your comment and your position of “FOR,” “AGAINST,” ""GENERAL COMMENT,"" or ""ITEM NEEDS MORE CONSIDERATION.""
Email: BoardClerk@metro.net
Post Office Mail:
Board Administration
One Gateway Plaza
MS: 99-3-1
Los Angeles, CA 90012"
3221,2026-01-15,Executive Management Committee,159941,,10,,,,,,,,0,0,page break
3221,2026-01-15,Executive Management Committee,159942,,11,,,,,,,,0,0,CALL TO ORDER
3221,2026-01-15,Executive Management Committee,159943,,12,,,,,,,,1,0,ROLL CALL
3221,2026-01-15,Executive Management Committee,159944,,13,,,,,,,,0,0,"APPROVE Consent Calendar Items: 24, 25, 26, and 27. 

Consent Calendar items are approved by one motion unless held by a Director for discussion and/or separate action. "
3221,2026-01-15,Executive Management Committee,160232,27,19,11908,2025-0889,Informational Report,RECEIVED AND FILED,Pass,,,0,0,RECEIVE AND FILE the Moving Beyond Sustainability (MBS) Five-Year Update.
3221,2026-01-15,Executive Management Committee,160233,,29,12112,2025-1094,Informational Report,,,,,0,0,RECEIVE General Public Comment
3221,2026-01-15,Executive Management Committee,160234,,30,,,,,,,,0,0,"Consideration of items not on the posted agenda, including: items to be presented and (if requested) referred to staff; items to be placed on the agenda for action at a future meeting of the Committee or Board; and/or items requiring immediate action because of an emergency situation or where the need to take immediate action came to the attention of the Committee subsequent to the posting of the agenda."
3221,2026-01-15,Executive Management Committee,160235,,31,,,,,,,,0,0,COMMENTS FROM THE PUBLIC ON ITEMS OF PUBLIC INTEREST WITHIN COMMITTEE’S SUBJECT MATTER JURISDICTION
3221,2026-01-15,Executive Management Committee,160236,,32,,,,,,,,0,0,Adjournment
3221,2026-01-15,Executive Management Committee,160237,26,18,11730,2025-0711,Motion / Motion Response,RECEIVED AND FILED,Pass,,,0,0,RECEIVE AND FILE the Board Administration 5-Year Strategic Plan annual update (Attachment A).
3221,2026-01-15,Executive Management Committee,160238,25,16,11984,2025-0966,Contract,,,,,0,0,"AUTHORIZE the Chief Executive Officer to execute Modification No. 2 to Contract No. PS82879000 with DCR Design, LLC for map design services in the amount of $600,000, increasing the not-to-exceed contract amount from $550,000 to $1,150,000, and extending the period of performance from April 1, 2026, to March 31, 2029."
3221,2026-01-15,Executive Management Committee,160239,24,15,11947,2025-0929,Contract,,,,,0,0,"AUTHORIZE the Chief Executive Officer (CEO) to:

A.	AWARD a three-year firm fixed unit rate Contract No. PS131207000D1 (Discipline 1) to WSP USA, Inc. to provide strategic advisory services in the Not-To-Exceed (NTE) amount of $1,700,000, effective February 16, 2026, subject to the resolution of properly submitted protest(s), if any; and 

B.	AWARD a three-year firm fixed unit rate Contract No. PS13207001D2 (Discipline 2) to WSP USA, Inc. to provide mega events advisory services in the NTE a"
3221,2026-01-15,Executive Management Committee,160240,,14,,,,,,,,0,0,CONSENT CALENDAR
3221,2026-01-15,Executive Management Committee,160833,34,28,12133,2026-0017,Oral Report / Presentation,RECEIVED,Pass,,,0,0,RECEIVE an oral report from staff regarding the current status of the Eastbound 91 Atlantic to Cherry Safety Improvements project.
3221,2026-01-15,Executive Management Committee,160834,33,27,12071,2025-1053,Federal Legislation / State Legislation (Position),,,,,0,0,"CONSIDER: 

A.	RECEIVING the Federal and State Legislative Report; 

B.	ADOPTING staff recommended position:
SB 677 (Wiener) - Housing development: transit-oriented development. - OPPOSE UNLESS AMENDED (Attachment A)."
3221,2026-01-15,Executive Management Committee,160835,32,26,12049,2025-1031,Informational Report,RECEIVED AND FILED,Pass,,,0,0,RECEIVE AND FILE the HOME Quarterly Report.
3221,2026-01-15,Executive Management Committee,160836,31,24,12073,2025-1055,Oral Report / Presentation,RECEIVED,Pass,,,0,0,RECEIVE oral report on recent Customer Experience campaigns and initiatives.
3221,2026-01-15,Executive Management Committee,160837,30,23,12051,2025-1033,Contract,,,,,0,0,"AUTHORIZE the Chief Executive Officer to award a firm fixed price Contract No. PS129614000 to Moovit, Inc. for the public facing mobile app in the amount of $4,350,000 for the four-year base period, and $400,000 for the one-year option term, for a total amount of $4,750,000, subject to the resolution of any properly submitted protest(s), if any."
3221,2026-01-15,Executive Management Committee,160838,29,22,12099,2025-1081,Resolution,,,,,0,0,"CONSIDER:

A.	ADOPTING, pursuant to Senate Bill 707 (SB 707), the following findings on behalf of eligible subsidiary bodies (Attachment A) as defined by SB 707:

(i)	The Board of Directors has considered the circumstances of the eligible subsidiary body.
(ii)	Teleconference meetings of the eligible subsidiary body would enhance public access to meetings of the eligible subsidiary body, and the public has been made aware of the type of remote participation, including audio-visual or telephonic, "
3221,2026-01-15,Executive Management Committee,160839,28,21,11974,2025-0956,Contract,,,,,0,0,AUTHORIZING the Chief Executive Officer (CEO) or their designee to enter into an Exclusive Negotiation Agreement (ENA) with Treehouse Leimert PropCo LLC to negotiate key terms and conditions for a period of six months with an option for an additional six-month extension.
3221,2026-01-15,Executive Management Committee,160840,,20,,,,,,,,0,0,NON-CONSENT
3221,2026-01-15,Executive Management Committee,160865,,17,,,,,,,,0,0,page break
3221,2026-01-15,Executive Management Committee,160877,,25,,,,,,,,0,0,page break
3222,2026-01-15,"Operations, Safety, and Customer Experience Committee",160241,,1,,,,,,,,0,0,page break
3222,2026-01-15,"Operations, Safety, and Customer Experience Committee",160242,,2,,,,,,,,0,0,Live Public Comment Instructions:
3222,2026-01-15,"Operations, Safety, and Customer Experience Committee",160243,,3,,,,,,,,0,0,"Live public comment can be given by telephone or in-person.

The Meeting begins at 1:00 PM Pacific Time on January 15, 2026; you may join the call 5 minutes prior to the start of the meeting.

Dial-in: 888-978-8818 and enter
English Access Code: 5647249#
Spanish Access Code: 7292892#"
3222,2026-01-15,"Operations, Safety, and Customer Experience Committee",160244,,4,,,,,,,,0,0,"Public comment will be taken as the Board takes up each item. To give public  comment on an item, enter #2 (pound-two) when prompted. Please note that the live  video feed lags about 30 seconds behind the actual meeting. There is no lag on the  public comment dial-in line."
3222,2026-01-15,"Operations, Safety, and Customer Experience Committee",160245,,5,,,,,,,,0,0,Instrucciones para comentarios publicos en vivo:
3222,2026-01-15,"Operations, Safety, and Customer Experience Committee",160246,,6,,,,,,,,0,0,"Los comentarios publicos en vivo se pueden dar por telefono o en persona.

La Reunion de la Junta comienza a las 1:00 PM, hora del Pacifico, el 15 de Enero de 2026. Puedes unirte a la llamada 5 minutos antes del comienso de la junta.

Marque: 888-978-8818 y ingrese el codigo
Codigo de acceso en ingles: 5647249#
Codigo de acceso en espanol: 7292892#"
3222,2026-01-15,"Operations, Safety, and Customer Experience Committee",160247,,7,,,,,,,,0,0,Los comentarios del público se tomaran cuando se toma cada tema. Para dar un  comentario público sobre una tema ingrese # 2 (Tecla de numero y dos) cuando se le  solicite. Tenga en cuenta que la transmisión de video en vivo se retrasa unos 30  segundos con respecto a la reunión real. No hay retraso en la línea de acceso telefónico para comentarios públicos.
3222,2026-01-15,"Operations, Safety, and Customer Experience Committee",160248,,8,,,,,,,,0,0,Written Public Comment Instruction:
3222,2026-01-15,"Operations, Safety, and Customer Experience Committee",160249,,9,,,,,,,,0,0,"Written public comments must be received by 5PM the day before the meeting.
Please include the Item # in your comment and your position of “FOR,” “AGAINST,” ""GENERAL COMMENT,"" or ""ITEM NEEDS MORE CONSIDERATION.""
Email: BoardClerk@metro.net
Post Office Mail:
Board Administration
One Gateway Plaza
MS: 99-3-1
Los Angeles, CA 90012"
3222,2026-01-15,"Operations, Safety, and Customer Experience Committee",160250,,10,,,,,,,,0,0,page break
3222,2026-01-15,"Operations, Safety, and Customer Experience Committee",160251,,11,,,,,,,,0,0,CALL TO ORDER
3222,2026-01-15,"Operations, Safety, and Customer Experience Committee",160252,,12,,,,,,,,1,0,ROLL CALL
3222,2026-01-15,"Operations, Safety, and Customer Experience Committee",160253,,13,,,,,,,,0,0,"APPROVE Consent Calendar Items: 35, 36, 37, 38, 39, 40, and 41. 

Consent Calendar items are approved by one motion unless held by a Director for discussion and/or separate action. "
3222,2026-01-15,"Operations, Safety, and Customer Experience Committee",160637,,35,,,,,,,,0,0, 
3222,2026-01-15,"Operations, Safety, and Customer Experience Committee",160638,,36,12113,2025-1095,Informational Report,,,,,0,0,RECEIVE General Public Comment
3222,2026-01-15,"Operations, Safety, and Customer Experience Committee",160639,,37,,,,,,,,0,0,"Consideration of items not on the posted agenda, including: items to be presented and (if requested) referred to staff; items to be placed on the agenda for action at a future meeting of the Committee or Board; and/or items requiring immediate action because of an emergency situation or where the need to take immediate action came to the attention of the Committee subsequent to the posting of the agenda."
3222,2026-01-15,"Operations, Safety, and Customer Experience Committee",160640,,38,,,,,,,,0,0,COMMENTS FROM THE PUBLIC ON ITEMS OF PUBLIC INTEREST WITHIN COMMITTEE’S SUBJECT MATTER JURISDICTION
3222,2026-01-15,"Operations, Safety, and Customer Experience Committee",160641,,39,,,,,,,,0,0,Adjournment
3222,2026-01-15,"Operations, Safety, and Customer Experience Committee",160841,48,34,12014,2025-0996,Informational Report,RECEIVED AND FILED,Pass,,,0,0,RECEIVE AND FILE the Public Safety Report.
3222,2026-01-15,"Operations, Safety, and Customer Experience Committee",160842,47,33,12021,2025-1003,Informational Report,RECEIVED AND FILED,Pass,,,0,0,RECEIVE AND FILE status report on Metro’s Public Safety Advisory Committee (PSAC).
3222,2026-01-15,"Operations, Safety, and Customer Experience Committee",160843,46,31,11986,2025-0968,Informational Report,RECEIVED AND FILED,Pass,,,0,0,RECEIVE AND FILE status update on NextGen Bus Ridership.
3222,2026-01-15,"Operations, Safety, and Customer Experience Committee",160844,45,29,12035,2025-1017,Contract,,,,,0,0,"AUTHORIZE the Chief Executive Officer to:

A.	AWARD a seven-year, firm fixed unit rate contract, Contract No. OP128598000 to Camber Operating, Inc., for the acquisition and installation of up to 73 on-route opportunity chargers and associated components, parts, and software, and a Service Level Agreement (SLA) for the maintenance of the equipment in the Not-To-Exceed (NTE) amount of $58,244,127, subject to the resolution of any properly submitted protest(s), if any; and

B.	EXECUTE individual co"
3222,2026-01-15,"Operations, Safety, and Customer Experience Committee",160845,44,28,12027,2025-1009,Contract,,,,,0,0,"AUTHORIZE the Chief Executive Officer to execute Modification No. 2 to Contract No. PS40164-2000 with TransCore LP for Metro ExpressLanes Back Office System (BOS) and exercise the first three-year option starting March 9, 2026 through March 9, 2029, in an amount Not-To-Exceed (NTE) $19,031,882, increasing the total contract price from $48,327,615 to $67,359,497."
3222,2026-01-15,"Operations, Safety, and Customer Experience Committee",160846,43,26,11994,2025-0976,Oral Report / Presentation,RECEIVED,Pass,,,0,0,RECEIVE oral report on Metro Operations.
3222,2026-01-15,"Operations, Safety, and Customer Experience Committee",160847,42,25,11993,2025-0975,Oral Report / Presentation,RECEIVED,Pass,,,0,0,RECOGNIZE Operations Employees of the Month.
3222,2026-01-15,"Operations, Safety, and Customer Experience Committee",160848,,24,,,,,,,,0,0,NON-CONSENT
3222,2026-01-15,"Operations, Safety, and Customer Experience Committee",160849,41,23,11889,2025-0870,Contract,,,,,0,0,"AUTHORIZE the Chief Executive Officer to:

A.	AWARD a non-competitive firm fixed price Contract No. PS134472000 to Konica Minolta Business Solutions U.S.A, Inc. for the purchase of a large format digital printing press in support of Metro’s Print Shop in the amount of $1,268,105; and

B.	FINDING that there is only a single source of procurement for the item(s) set forth in recommendation A above and that the purchase is for the sole purpose of duplicating or replacing supply, equipment, or mater"
3222,2026-01-15,"Operations, Safety, and Customer Experience Committee",160850,40,21,12016,2025-0998,Contract,,,,,0,0,"AUTHORIZE the Chief Executive Officer to:

A.	EXECUTE Modification No. 1 to Contract No. OP125246000 with Clean Energy for Divisions 2, 8, 9, and 15 to add the Operations and Maintenance (O&M) of Compressed Natural Gas (CNG) Fueling Stations at Division 13 in an amount Not-To-Exceed (NTE) $1,200,000, increasing the total contract value from $6,150,097 to $7,350,097; and 

B.	EXECUTE Modification No. 2 to Contract OP749030003367 with Clean Energy for Divisions 1, 3, 5, 7, 10, and 18 to continue t"
3222,2026-01-15,"Operations, Safety, and Customer Experience Committee",160851,39,20,11961,2025-0943,Contract,,,,,0,0,"EXECUTE Contract Modification No. 6, to Contract No. TS83056-2000, a firm fixed fee contract with Siemens Mobility, Inc. to exercise Options 2, 3 & 4 for installation and commissioning of the Integrated Data and Communication System (IDCS) on P2000, P2550 Light Rail Vehicles, and HR4000 Heavy Rail Vehicles, increasing the Not-To-Exceed (NTE) amount by $15,608,842 from $23,319,884 to $38,928,726. This action does not change the Board-approved Life-of-Project (LOP) for this project of $44,436,129."
3222,2026-01-15,"Operations, Safety, and Customer Experience Committee",160852,38,18,11958,2025-0940,Appointment,,,,,0,0,APPROVE nominee for membership on Metro’s Gateway Cities Service Council (Attachment A).
3222,2026-01-15,"Operations, Safety, and Customer Experience Committee",160853,37,17,11916,2025-0897,Contract,,,,,0,0,"AUTHORIZE the Chief Executive Officer to:

A.	AWARD a two-year firm fixed price contract, Contract No. OP134899000 to L. K. Comstock National Transit, LLC, the lowest responsive and responsible bidder for the 7th Street Metro Traction Power Substation (TPSS) replacement project on the Metro A Line, in the amount of $16,501,575, inclusive of sales tax, subject to the resolution of any properly submitted protest(s), if any; and

B.	INCREASE the Life of Project Budget (LOP) for the Metro A Line"
3222,2026-01-15,"Operations, Safety, and Customer Experience Committee",160854,36,16,11870,2025-0851,Contract,,,,,0,0,"AUTHORIZE the Chief Executive Officer to award a 12-month firm-fixed-price contract, Contract No. DR133227(3)000, to Toro Global, the lowest responsive and responsible bidder for 133,248 linear feet of contact wire to support the C Line Overhead Catenary System (OCS) Replacement Project for a firm fixed price of $2,234,542.31 inclusive of sales tax, and subject to the resolution of any properly submitted protest(s), if any."
3222,2026-01-15,"Operations, Safety, and Customer Experience Committee",160855,35,15,11798,2025-0779,Contract,,,,,0,0,"AUTHORIZE the Chief Executive Officer to: 

A.	EXECUTE Contract Modification No. 21 to Contract No. OP24162700030433487, a cost plus fixed-fee contract with HATCH Associates Consultants, Inc. (HATCH), formerly LTK Engineering Services for the HR4000 Heavy Rail Vehicle (HRV) Acquisition, Technical Support Services, increasing the Not-To-Exceed (NTE) amount by $7,857,071 from $23,557,400 to $31,414,471 and extending the period of performance from May 1, 2026, to July 30, 2031; and  

B.	EXECUTE in"
3222,2026-01-15,"Operations, Safety, and Customer Experience Committee",160856,,14,,,,,,,,0,0,CONSENT CALENDAR
3222,2026-01-15,"Operations, Safety, and Customer Experience Committee",160866,,19,,,,,,,,0,0,page break
3222,2026-01-15,"Operations, Safety, and Customer Experience Committee",160867,,22,,,,,,,,0,0,page break
3222,2026-01-15,"Operations, Safety, and Customer Experience Committee",160868,,32,,,,,,,,0,0,
3222,2026-01-15,"Operations, Safety, and Customer Experience Committee",160878,,27,,,,,,,,0,0,page break
3222,2026-01-15,"Operations, Safety, and Customer Experience Committee",160879,,30,,,,,,,,0,0,page break
3223,2026-02-18,Construction Committee,161337,,1,,,,,,,,0,0,page break
3223,2026-02-18,Construction Committee,161338,,2,,,,,,,,0,0,Live Public Comment Instructions:
3223,2026-02-18,Construction Committee,161339,,3,,,,,,,,0,0,"Live public comment can be given by telephone or in-person.

The Meeting begins at 1:00 PM Pacific Time on February 18, 2026; you may join the call 5 minutes prior to the start of the meeting.

Dial-in: 888-978-8818 and enter
English Access Code: 5647249#
Spanish Access Code: 7292892#"
3223,2026-02-18,Construction Committee,161340,,4,,,,,,,,0,0,"Public comment will be taken as the Board takes up each item. To give public  comment on an item, enter #2 (pound-two) when prompted. Please note that the live  video feed lags about 30 seconds behind the actual meeting. There is no lag on the  public comment dial-in line."
3223,2026-02-18,Construction Committee,161341,,5,,,,,,,,0,0,Instrucciones para comentarios publicos en vivo:
3223,2026-02-18,Construction Committee,161342,,6,,,,,,,,0,0,"Los comentarios publicos en vivo se pueden dar por telefono o en persona.

La Reunion de la Junta comienza a las 1:00 PM, hora del Pacifico, el 18 de February de 2026. Puedes unirte a la llamada 5 minutos antes del comienso de la junta.

Marque: 888-978-8818 y ingrese el codigo
Codigo de acceso en ingles: 5647249#
Codigo de acceso en espanol: 7292892#"
3223,2026-02-18,Construction Committee,161343,,7,,,,,,,,0,0,Los comentarios del público se tomaran cuando se toma cada tema. Para dar un  comentario público sobre una tema ingrese # 2 (Tecla de numero y dos) cuando se le  solicite. Tenga en cuenta que la transmisión de video en vivo se retrasa unos 30  segundos con respecto a la reunión real. No hay retraso en la línea de acceso telefónico para comentarios públicos.
3223,2026-02-18,Construction Committee,161344,,8,,,,,,,,0,0,Written Public Comment Instruction:
3223,2026-02-18,Construction Committee,161345,,9,,,,,,,,0,0,"Written public comments must be received by 5PM the day before the meeting.
Please include the Item # in your comment and your position of “FOR,” “AGAINST,” ""GENERAL COMMENT,"" or ""ITEM NEEDS MORE CONSIDERATION.""
Email: BoardClerk@metro.net
Post Office Mail:
Board Administration
One Gateway Plaza
MS: 99-3-1
Los Angeles, CA 90012"
3223,2026-02-18,Construction Committee,161346,,10,,,,,,,,0,0,page break
3223,2026-02-18,Construction Committee,161347,,11,,,,,,,,0,0,CALL TO ORDER
3223,2026-02-18,Construction Committee,161348,,12,,,,,,,,1,0,ROLL CALL
3223,2026-02-18,Construction Committee,161631,10,15,12166,2026-0050,Contract,RECEIVED AND FILED,,,,0,0,RECEIVE AND FILE this Program Management Project Status Report that summarizes capital program performance through November 2025.
3223,2026-02-18,Construction Committee,161632,,17,12204,2026-0088,Informational Report,,,,,0,0,RECEIVE General Public Comment
3223,2026-02-18,Construction Committee,161633,,18,,,,,,,,0,0,"Consideration of items not on the posted agenda, including: items to be presented and (if requested) referred to staff; items to be placed on the agenda for action at a future meeting of the Committee or Board; and/or items requiring immediate action because of an emergency situation or where the need to take immediate action came to the attention of the Committee subsequent to the posting of the agenda."
3223,2026-02-18,Construction Committee,161634,,19,,,,,,,,0,0,COMMENTS FROM THE PUBLIC ON ITEMS OF PUBLIC INTEREST WITHIN COMMITTEE’S SUBJECT MATTER JURISDICTION
3223,2026-02-18,Construction Committee,161635,,20,,,,,,,,0,0,Adjournment
3223,2026-02-18,Construction Committee,162826,9,14,12115,2025-1097,Project,,,,,0,0,"AUTHORIZE the Chief Executive Officer to:  

A.	AMEND the Preconstruction Budget for the Link Union Station Phase A Project (Project) by $210.06 million, from $297.82 million to $507.88 million, to fund early work, third party agreements, real estate acquisitions, and related support costs; and

B.	NEGOTIATE and EXECUTE all project-related agreements and modifications to existing contracts within the authorized Preconstruction Budget."
3223,2026-02-18,Construction Committee,162828,8,13,12141,2026-0025,Contract,,,,,0,0,"AUTHORIZE the Chief Executive Officer to:  

A.	AWARD Contract No. PS135255000 to Griffith Company, for the Vermont Transit Corridor Bus Rapid Transit (BRT) Project (Project) Construction Manager/General Contractor (CM/GC) Phase 1, in the amount of $4,792,452 for Preconstruction Services, subject to the resolution of any properly submitted protest(s), if any; 

B.	ESTABLISH a Preconstruction Budget for the Project in an amount of $198,460,000; and 

C.	NEGOTIATE and EXECUTE all project-related a"
3223,2026-02-18,Construction Committee,162830,,16,,,,,,,,0,0,
3224,2026-02-18,Planning and Programming Committee,160998,,1,,,,,,,,0,0,page break
3224,2026-02-18,Planning and Programming Committee,160999,,2,,,,,,,,0,0,Live Public Comment Instructions:
3224,2026-02-18,Planning and Programming Committee,161000,,3,,,,,,,,0,0,"Live public comment can be given by telephone or in-person.

The Meeting begins at 11:00 AM Pacific Time on February 18, 2026; you may join the call 5 minutes prior to the start of the meeting.

Dial-in: 888-978-8818 and enter
English Access Code: 5647249#
Spanish Access Code: 7292892#"
3224,2026-02-18,Planning and Programming Committee,161001,,4,,,,,,,,0,0,"Public comment will be taken as the Board takes up each item. To give public  comment on an item, enter #2 (pound-two) when prompted. Please note that the live  video feed lags about 30 seconds behind the actual meeting. There is no lag on the  public comment dial-in line."
3224,2026-02-18,Planning and Programming Committee,161002,,5,,,,,,,,0,0,Instrucciones para comentarios publicos en vivo:
3224,2026-02-18,Planning and Programming Committee,161003,,6,,,,,,,,0,0,"Los comentarios publicos en vivo se pueden dar por telefono o en persona.

La Reunion de la Junta comienza a las 11:00 AM, hora del Pacifico, el 18 de Febrero de 2026. Puedes unirte a la llamada 5 minutos antes del comienso de la junta.

Marque: 888-978-8818 y ingrese el codigo
Codigo de acceso en ingles: 5647249#
Codigo de acceso en espanol: 7292892#"
3224,2026-02-18,Planning and Programming Committee,161004,,7,,,,,,,,0,0,Los comentarios del público se tomaran cuando se toma cada tema. Para dar un  comentario público sobre una tema ingrese # 2 (Tecla de numero y dos) cuando se le  solicite. Tenga en cuenta que la transmisión de video en vivo se retrasa unos 30  segundos con respecto a la reunión real. No hay retraso en la línea de acceso telefónico para comentarios públicos.
3224,2026-02-18,Planning and Programming Committee,161005,,8,,,,,,,,0,0,Written Public Comment Instruction:
3224,2026-02-18,Planning and Programming Committee,161006,,9,,,,,,,,0,0,"Written public comments must be received by 5PM the day before the meeting.
Please include the Item # in your comment and your position of “FOR,” “AGAINST,” ""GENERAL COMMENT,"" or ""ITEM NEEDS MORE CONSIDERATION.""
Email: BoardClerk@metro.net
Post Office Mail:
Board Administration
One Gateway Plaza
MS: 99-3-1
Los Angeles, CA 90012"
3224,2026-02-18,Planning and Programming Committee,161007,,10,,,,,,,,0,0,page break
3224,2026-02-18,Planning and Programming Committee,161008,,11,,,,,,,,0,0,CALL TO ORDER
3224,2026-02-18,Planning and Programming Committee,161009,,12,,,,,,,,1,0,ROLL CALL
3224,2026-02-18,Planning and Programming Committee,161331,,19,12195,2026-0079,Informational Report,,,,,0,0,RECEIVE General Public Comment
3224,2026-02-18,Planning and Programming Committee,161332,,20,,,,,,,,0,0,"Consideration of items not on the posted agenda, including: items to be presented and (if requested) referred to staff; items to be placed on the agenda for action at a future meeting of the Committee or Board; and/or items requiring immediate action because of an emergency situation or where the need to take immediate action came to the attention of the Committee subsequent to the posting of the agenda."
3224,2026-02-18,Planning and Programming Committee,161333,,21,,,,,,,,0,0,COMMENTS FROM THE PUBLIC ON ITEMS OF PUBLIC INTEREST WITHIN COMMITTEE’S SUBJECT MATTER JURISDICTION
3224,2026-02-18,Planning and Programming Committee,161334,,22,,,,,,,,0,0,Adjournment
3224,2026-02-18,Planning and Programming Committee,161335,7,18,12167,2026-0051,Informational Report,RECEIVED AND FILED,,,,0,0,RECEIVE AND FILE status report on Countywide Planning Major Project Status Report.
3224,2026-02-18,Planning and Programming Committee,162802,6,16,12087,2025-1069,Program,,,,,0,0,"CONSIDER:

A.	APPROVING:

1. 	Deobligating $41,834 in Measure M Multi-Year Subregional Program (MSP) - Active Transportation 1st/Last Mile Connections Program (Expenditure Line 56), as shown in Attachment A; and

2. 	Programming an additional $3,745,225 within the capacity of the Measure M MSP Highway Efficiency Program (Expenditure Line 57), as shown in Attachment B; and 

B.	AUTHORIZING the Chief Executive Officer (CEO) or their designee to negotiate and execute all necessary agreement"
3224,2026-02-18,Planning and Programming Committee,162803,5,15,11863,2025-0844,Agreement,,,,,0,0,"CONSIDER: 

A.	APPROVING the San Gabriel Valley Jump Start and Mid-Term capital project definitions (Project) as identified in the San Gabriel Valley Transit Feasibility Study completed by the San Gabriel Valley Council of Governments (SGVCOG) in February 2024; and

B.	AUTHORIZING the Chief Executive Officer to negotiate and execute Amendment 3 to the existing Memorandum of Understanding with the SGVCOG to continue design refinement of the Project, conduct additional outreach services, compl"
3224,2026-02-18,Planning and Programming Committee,162804,,13,,,,,,,,0,0,"APPROVE Consent Calendar Items: 5 and 6.

Consent Calendar items are approved by one motion unless held by a Director for discussion and/or separate action."
3224,2026-02-18,Planning and Programming Committee,162805,,14,,,,,,,,0,0,CONSENT CALENDAR
3224,2026-02-18,Planning and Programming Committee,162806,,17,,,,,,,,0,0,NON-CONSENT
3225,2026-02-19,"Finance, Budget and Audit Committee",161636,,1,,,,,,,,0,0,page break
3225,2026-02-19,"Finance, Budget and Audit Committee",161637,,2,,,,,,,,0,0,Live Public Comment Instructions:
3225,2026-02-19,"Finance, Budget and Audit Committee",161638,,3,,,,,,,,0,0,"Live public comment can be given by telephone or in-person.

The Meeting begins at 10:00 AM Pacific Time on February 19, 2026; you may join the call 5 minutes prior to the start of the meeting.

Dial-in: 888-978-8818 and enter
English Access Code: 5647249#
Spanish Access Code: 7292892#"
3225,2026-02-19,"Finance, Budget and Audit Committee",161639,,4,,,,,,,,0,0,"Public comment will be taken as the Board takes up each item. To give public  comment on an item, enter #2 (pound-two) when prompted. Please note that the live  video feed lags about 30 seconds behind the actual meeting. There is no lag on the  public comment dial-in line."
3225,2026-02-19,"Finance, Budget and Audit Committee",161640,,5,,,,,,,,0,0,Instrucciones para comentarios publicos en vivo:
3225,2026-02-19,"Finance, Budget and Audit Committee",161641,,6,,,,,,,,0,0,"Los comentarios publicos en vivo se pueden dar por telefono o en persona.

La Reunion de la Junta comienza a las 10:00 AM, hora del Pacifico, el 19 de Febrero de 2026.
Puedes unirte a la llamada 5 minutos antes del comienso de la junta.

Marque: 888-978-8818 y ingrese el codigo
Codigo de acceso en ingles: 5647249#
Codigo de acceso en espanol: 7292892#"
3225,2026-02-19,"Finance, Budget and Audit Committee",161642,,7,,,,,,,,0,0,Los comentarios del público se tomaran cuando se toma cada tema. Para dar un  comentario público sobre una tema ingrese # 2 (Tecla de numero y dos) cuando se le  solicite. Tenga en cuenta que la transmisión de video en vivo se retrasa unos 30  segundos con respecto a la reunión real. No hay retraso en la línea de acceso telefónico para comentarios públicos.
3225,2026-02-19,"Finance, Budget and Audit Committee",161643,,8,,,,,,,,0,0,Written Public Comment Instruction:
3225,2026-02-19,"Finance, Budget and Audit Committee",161644,,9,,,,,,,,0,0,"Written public comments must be received by 5PM the day before the meeting.
Please include the Item # in your comment and your position of “FOR,” “AGAINST,” ""GENERAL COMMENT,"" or ""ITEM NEEDS MORE CONSIDERATION.""
Email: BoardClerk@metro.net
Post Office Mail:
Board Administration
One Gateway Plaza
MS: 99-3-1
Los Angeles, CA 90012"
3225,2026-02-19,"Finance, Budget and Audit Committee",161645,,10,,,,,,,,0,0,page break
3225,2026-02-19,"Finance, Budget and Audit Committee",161646,,11,,,,,,,,0,0,CALL TO ORDER
3225,2026-02-19,"Finance, Budget and Audit Committee",161647,,12,,,,,,,,1,0,ROLL CALL
3225,2026-02-19,"Finance, Budget and Audit Committee",161918,,20,12196,2026-0080,Informational Report,,,,,0,0,RECEIVE General Public Comment
3225,2026-02-19,"Finance, Budget and Audit Committee",161919,,21,,,,,,,,0,0,"Consideration of items not on the posted agenda, including: items to be presented and (if requested) referred to staff; items to be placed on the agenda for action at a future meeting of the Committee or Board; and/or items requiring immediate action because of an emergency situation or where the need to take immediate action came to the attention of the Committee subsequent to the posting of the agenda."
3225,2026-02-19,"Finance, Budget and Audit Committee",161920,,22,,,,,,,,0,0,COMMENTS FROM THE PUBLIC ON ITEMS OF PUBLIC INTEREST WITHIN COMMITTEE’S SUBJECT MATTER JURISDICTION
3225,2026-02-19,"Finance, Budget and Audit Committee",161921,,23,,,,,,,,0,0,Adjournment
3225,2026-02-19,"Finance, Budget and Audit Committee",162831,14,19,12128,2026-0012,Informational Report,RECEIVED AND FILED,,,,0,0,RECEIVE AND FILE status report on Access Services - ADA Paratransit.
3225,2026-02-19,"Finance, Budget and Audit Committee",162832,12,16,12126,2026-0010,Informational Report,RECEIVED AND FILED,,,,0,0,RECEIVE AND FILE the Management Audit Services FY 2026 Second Quarter Report.
3225,2026-02-19,"Finance, Budget and Audit Committee",162833,11,15,12070,2025-1052,Informational Report,RECEIVED AND FILED,,,,0,0,"RECEIVE AND FILE the Office of the Inspector General (OIG) Final Report on the Statutorily Mandated Audit of Miscellaneous Expenses for the Period of October 1, 2024, to December 31, 2024 (Attachment A)."
3225,2026-02-19,"Finance, Budget and Audit Committee",162834,,13,,,,,,,,0,0,"APPROVE Consent Calendar Items: 11 and 12.

Consent Calendar items are approved by one motion unless held by a Director for discussion and/or separate action."
3225,2026-02-19,"Finance, Budget and Audit Committee",162837,,14,,,,,,,,0,0,CONSENT CALENDAR
3225,2026-02-19,"Finance, Budget and Audit Committee",162838,,17,,,,,,,,0,0,NON-CONSENT
3225,2026-02-19,"Finance, Budget and Audit Committee",162890,13,18,12127,2026-0011,Informational Report,RECEIVED AND FILED,,,,0,0,RECEIVE AND FILE the Fiscal Year 2027 (FY27) Budget Development Process: Resources and Parameters.
3226,2026-02-19,Executive Management Committee,161952,,1,,,,,,,,0,0,page break
3226,2026-02-19,Executive Management Committee,161953,,2,,,,,,,,0,0,Live Public Comment Instructions:
3226,2026-02-19,Executive Management Committee,161954,,3,,,,,,,,0,0,"Live public comment can be given by telephone or in-person.

The Meeting begins at 11:00 AM Pacific Time on February 19, 2026; you may join the call 5 minutes prior to the start of the meeting.

Dial-in: 888-978-8818 and enter
English Access Code: 5647249#
Spanish Access Code: 7292892#"
3226,2026-02-19,Executive Management Committee,161955,,4,,,,,,,,0,0,"Public comment will be taken as the Board takes up each item. To give public  comment on an item, enter #2 (pound-two) when prompted. Please note that the live  video feed lags about 30 seconds behind the actual meeting. There is no lag on the  public comment dial-in line."
3226,2026-02-19,Executive Management Committee,161956,,5,,,,,,,,0,0,Instrucciones para comentarios publicos en vivo:
3226,2026-02-19,Executive Management Committee,161957,,6,,,,,,,,0,0,"Los comentarios publicos en vivo se pueden dar por telefono o en persona.

La Reunion de la Junta comienza a las 11:00 AM, hora del Pacifico, el 19 de Febrero de 2026. Puedes unirte a la llamada 5 minutos antes del comienso de la junta.

Marque: 888-978-8818 y ingrese el codigo
Codigo de acceso en ingles: 5647249#
Codigo de acceso en espanol: 7292892#"
3226,2026-02-19,Executive Management Committee,161958,,7,,,,,,,,0,0,Los comentarios del público se tomaran cuando se toma cada tema. Para dar un  comentario público sobre una tema ingrese # 2 (Tecla de numero y dos) cuando se le  solicite. Tenga en cuenta que la transmisión de video en vivo se retrasa unos 30  segundos con respecto a la reunión real. No hay retraso en la línea de acceso telefónico para comentarios públicos.
3226,2026-02-19,Executive Management Committee,161959,,8,,,,,,,,0,0,Written Public Comment Instruction:
3226,2026-02-19,Executive Management Committee,161960,,9,,,,,,,,0,0,"Written public comments must be received by 5PM the day before the meeting.
Please include the Item # in your comment and your position of “FOR,” “AGAINST,” ""GENERAL COMMENT,"" or ""ITEM NEEDS MORE CONSIDERATION.""
Email: BoardClerk@metro.net
Post Office Mail:
Board Administration
One Gateway Plaza
MS: 99-3-1
Los Angeles, CA 90012"
3226,2026-02-19,Executive Management Committee,161961,,10,,,,,,,,0,0,page break
3226,2026-02-19,Executive Management Committee,161962,,11,,,,,,,,0,0,CALL TO ORDER
3226,2026-02-19,Executive Management Committee,161963,,12,,,,,,,,1,0,ROLL CALL
3226,2026-02-19,Executive Management Committee,162253,,16,12206,2026-0090,Informational Report,,,,,0,0,RECEIVE General Public Comment
3226,2026-02-19,Executive Management Committee,162254,,17,,,,,,,,0,0,"Consideration of items not on the posted agenda, including: items to be presented and (if requested) referred to staff; items to be placed on the agenda for action at a future meeting of the Committee or Board; and/or items requiring immediate action because of an emergency situation or where the need to take immediate action came to the attention of the Committee subsequent to the posting of the agenda."
3226,2026-02-19,Executive Management Committee,162255,,18,,,,,,,,0,0,COMMENTS FROM THE PUBLIC ON ITEMS OF PUBLIC INTEREST WITHIN COMMITTEE’S SUBJECT MATTER JURISDICTION
3226,2026-02-19,Executive Management Committee,162256,,19,,,,,,,,0,0,Adjournment
3226,2026-02-19,Executive Management Committee,162839,,15,,,,,,,,0,0,
3226,2026-02-19,Executive Management Committee,162844,16,14,12019,2025-1001,Informational Report,RECEIVED AND FILED,,,,0,0,RECEIVE AND FILE the Community Advisory Council (CAC) Quarterly Update.
3226,2026-02-19,Executive Management Committee,162845,15,13,12168,2026-0052,Informational Report,RECEIVED AND FILED,,,,0,0,RECEIVE AND FILE February 2026 Federal and State Legislative Report.
3227,2026-02-19,"Operations, Safety, and Customer Experience Committee",162257,,1,,,,,,,,1,0,page break
3227,2026-02-19,"Operations, Safety, and Customer Experience Committee",162258,,2,,,,,,,,0,0,Live Public Comment Instructions:
3227,2026-02-19,"Operations, Safety, and Customer Experience Committee",162259,,3,,,,,,,,0,0,"Live public comment can be given by telephone or in-person.

The Meeting begins at 1:00 PM Pacific Time on February 19, 2026; you may join the call 5 minutes prior to the start of the meeting.

Dial-in: 888-978-8818 and enter
English Access Code: 5647249#
Spanish Access Code: 7292892#"
3227,2026-02-19,"Operations, Safety, and Customer Experience Committee",162260,,4,,,,,,,,0,0,"Public comment will be taken as the Board takes up each item. To give public  comment on an item, enter #2 (pound-two) when prompted. Please note that the live  video feed lags about 30 seconds behind the actual meeting. There is no lag on the  public comment dial-in line."
3227,2026-02-19,"Operations, Safety, and Customer Experience Committee",162261,,5,,,,,,,,0,0,Instrucciones para comentarios publicos en vivo:
3227,2026-02-19,"Operations, Safety, and Customer Experience Committee",162262,,6,,,,,,,,0,0,"Los comentarios publicos en vivo se pueden dar por telefono o en persona.

La Reunion de la Junta comienza a las 1:00 PM, hora del Pacifico, el 19 de Febrero de 2026. Puedes unirte a la llamada 5 minutos antes del comienso de la junta.

Marque: 888-978-8818 y ingrese el codigo
Codigo de acceso en ingles: 5647249#
Codigo de acceso en espanol: 7292892#"
3227,2026-02-19,"Operations, Safety, and Customer Experience Committee",162263,,7,,,,,,,,0,0,Los comentarios del público se tomaran cuando se toma cada tema. Para dar un  comentario público sobre una tema ingrese # 2 (Tecla de numero y dos) cuando se le  solicite. Tenga en cuenta que la transmisión de video en vivo se retrasa unos 30  segundos con respecto a la reunión real. No hay retraso en la línea de acceso telefónico para comentarios públicos.
3227,2026-02-19,"Operations, Safety, and Customer Experience Committee",162264,,8,,,,,,,,0,0,Written Public Comment Instruction:
3227,2026-02-19,"Operations, Safety, and Customer Experience Committee",162265,,9,,,,,,,,0,0,"Written public comments must be received by 5PM the day before the meeting.
Please include the Item # in your comment and your position of “FOR,” “AGAINST,” ""GENERAL COMMENT,"" or ""ITEM NEEDS MORE CONSIDERATION.""
Email: BoardClerk@metro.net
Post Office Mail:
Board Administration
One Gateway Plaza
MS: 99-3-1
Los Angeles, CA 90012"
3227,2026-02-19,"Operations, Safety, and Customer Experience Committee",162266,,10,,,,,,,,0,0,page break
3227,2026-02-19,"Operations, Safety, and Customer Experience Committee",162267,,11,,,,,,,,0,0,CALL TO ORDER
3227,2026-02-19,"Operations, Safety, and Customer Experience Committee",162268,,12,,,,,,,,0,0,ROLL CALL
3227,2026-02-19,"Operations, Safety, and Customer Experience Committee",162653,,32,,,,,,,,0,0, 
3227,2026-02-19,"Operations, Safety, and Customer Experience Committee",162654,,33,12207,2026-0091,Informational Report,,,,,0,0,RECEIVE General Public Comment
3227,2026-02-19,"Operations, Safety, and Customer Experience Committee",162655,,34,,,,,,,,0,0,"Consideration of items not on the posted agenda, including: items to be presented and (if requested) referred to staff; items to be placed on the agenda for action at a future meeting of the Committee or Board; and/or items requiring immediate action because of an emergency situation or where the need to take immediate action came to the attention of the Committee subsequent to the posting of the agenda."
3227,2026-02-19,"Operations, Safety, and Customer Experience Committee",162656,,35,,,,,,,,0,0,COMMENTS FROM THE PUBLIC ON ITEMS OF PUBLIC INTEREST WITHIN COMMITTEE’S SUBJECT MATTER JURISDICTION
3227,2026-02-19,"Operations, Safety, and Customer Experience Committee",162657,,36,,,,,,,,0,0,Adjournment
3227,2026-02-19,"Operations, Safety, and Customer Experience Committee",162867,28,28,12116,2025-1098,Informational Report,RECEIVED AND FILED,,,,0,0,RECEIVE AND FILE the Public Safety Report.
3227,2026-02-19,"Operations, Safety, and Customer Experience Committee",162868,27,27,12118,2026-0002,Contract,,,,,0,0,"AUTHORIZE the Chief Executive Officer (CEO) to:

A.	AWARD six task order based on-call bench Contracts for pre-employment background investigations services for a total Not-To-Exceed (NTE) amount of $2,318,122 for the initial three-year base term, plus $838,304 for the first, one-year option, and $871,837 for the second, one-year option for a total NTE cumulative amount of $4,028,263, effective March 1, 2026, subject to the resolution of any properly submitted protest(s) if any:

1.	Arroyo Backg"
3227,2026-02-19,"Operations, Safety, and Customer Experience Committee",162869,26,26,12028,2025-1010,Contract,,,,,0,0,"AUTHORIZE the Chief Executive Officer to Execute Modification No. 2 to Contract No. PS124278(2)000, Metro Micro Software Services with Spare Labs, Inc. in support of Metro Micro enhancements and the 2026 FIFA World Cup software platform for shuttle services in the firm-fixed price of $386,150.00, increasing the total contract value from $61,250.01 to $447,400.01."
3227,2026-02-19,"Operations, Safety, and Customer Experience Committee",162871,24,24,12102,2025-1084,Contract,,,,,0,0,"AUTHORIZE the Chief Executive Officer to:

A.	AWARD an Indefinite Delivery/Indefinite Quantity (IDIQ) Contract No. OP133873(2)000 to Craft Construction & Development, Inc., for Above Ground Facilities Improvement & Repairs, in the Not-To-Exceed (NTE) amount of $116,613,949.83 for the five-year base period and $16,880,142.79 for the first one-year option, $16,690,870.59 for the second one-year option, and $16,874,837.00 for the third one-year option, for a combined NTE amount of $167,059,800.21, "
3227,2026-02-19,"Operations, Safety, and Customer Experience Committee",162872,,14,,,,,,,,0,0,CONSENT CALENDAR
3227,2026-02-19,"Operations, Safety, and Customer Experience Committee",162873,,13,,,,,,,,0,0,"APPROVE Consent Calendar Items: 17, 18, 19, and 20.

Consent Calendar items are approved by one motion unless held by a Director for discussion and/or separate action."
3227,2026-02-19,"Operations, Safety, and Customer Experience Committee",162875,23,23,11451,2025-0432,Budget,,,,,0,0,"CONSIDER:

A.	RECEIVING AND FILING quarterly status report on the ZEB Program;

B.	AUTHORIZING the Chief Executive Officer (CEO) to execute the necessary agreements to accept the transfer of 19 New Flyer battery electric buses (BEBs) from Lane Transit District; and

C.	ESTABLISHING a Life-Of-Project (LOP) Budget for the relocation and make-ready of 19 used New Flyer BEBs, capital project number 201080, in the amount of $2,180,000."
3227,2026-02-19,"Operations, Safety, and Customer Experience Committee",162876,22,22,12096,2025-1078,Oral Report / Presentation,RECEIVED,,,,0,0,RECEIVE oral report on Metro Operations.
3227,2026-02-19,"Operations, Safety, and Customer Experience Committee",162877,21,21,12095,2025-1077,Oral Report / Presentation,RECEIVED,,,,0,0,RECOGNIZE Operations Employees of the Month.
3227,2026-02-19,"Operations, Safety, and Customer Experience Committee",162878,,20,,,,,,,,0,0,NON-CONSENT
3227,2026-02-19,"Operations, Safety, and Customer Experience Committee",162879,20,19,12092,2025-1074,Contract,,,,,0,0,"AUTHORIZE the Chief Executive Officer to award a 24-month, firm-fixed-price single-source contract, Contract No. OP135390000 in the amount of $9,860,758.41 to Mitsubishi Electric US, Inc. to upgrade the existing Rail Station elevator control system, and implement Home Landing Security upgrades with an operational safety feature allowing elevator doors to remain open on the main egress level when not in use by passengers,  subject to the resolution of any properly submitted protest(s), if any."
3227,2026-02-19,"Operations, Safety, and Customer Experience Committee",162881,18,16,12074,2025-1056,Contract,,,,,0,0,"AUTHORIZE the Chief Executive Officer (CEO) to award a two-year, firm fixed unit rate contract, Contract No. OP133093000 to BikeHub (dba Tranzito), to furnish, install, and maintain 100 E-Paper Bus Stop Electronic Displays in Southeast Los Angeles in the Not-To-Exceed (NTE) amount of $611,230, subject to the resolution of any properly submitted protest(s), if any."
3227,2026-02-19,"Operations, Safety, and Customer Experience Committee",162882,,31,,,,,,,,0,0,
3227,2026-02-19,"Operations, Safety, and Customer Experience Committee",162883,29,30,12125,2026-0009,Oral Report / Presentation,RECEIVED,,,,0,0,RECEIVE oral report that provides an update on Metro’s efforts to launch a comprehensive Station Activation Program.
3227,2026-02-19,"Operations, Safety, and Customer Experience Committee",162892,17,15,11972,2025-0954,Contract,,,,,0,0,"AUTHORIZE the Chief Executive Officer to award a 36-month firm-fixed-price contract, Contract No. PS131366(2)000, to Enterprise Automation for the replacement of the Programmable Logic Controller (PLC) and Emergency Management Panel (EMP) system, for a Not-To-Exceed (NTE) amount of $14,142,415.34, inclusive of sales tax, and subject to the resolution of any properly submitted protest(s), if any."
3227,2026-02-19,"Operations, Safety, and Customer Experience Committee",162893,19,18,12094,2025-1076,Contract,,,,,0,0,"AUTHORIZE the Chief Executive Officer to execute Contract Modifications for five Freeway Service Patrol (FSP) contracts in an aggregate amount of $2,357,000.00, thereby increasing the contract amounts from $23,876,791.98 to $26,233,791.98, and extending the current period of performance with individual amounts as follows: 

A.	Beat 9: Sonic Towing, Inc. Contract No. FS66316003-9, for $698,000 for up to 11 months, increasing the total contract amount from $4,514,753.00 to $5,212,753.00;  

B."
3227,2026-02-19,"Operations, Safety, and Customer Experience Committee",162894,25,25,12199,2026-0083,Contract,,,,,0,0,"WITHDRAWN:

AUTHORIZE the Chief Executive Officer to:

A.	AWARD a five-month, firm fixed unit rate contract, Contract No. OP2026710000 to T1 Transportation, Inc., to provide bus transportation services from El Camino College, located in Torrance, CA, to and from Los Angeles (SoFi) Stadium, located in Inglewood, California, for a total of eight FIFA World Cup games in the Not-To-Exceed (NTE) amount of  $671,424.00, subject to the resolution of any properly submitted protest(s), if any; 

B."
3227,2026-02-19,"Operations, Safety, and Customer Experience Committee",162918,,17,,,,,,,,0,0,page break
3227,2026-02-19,"Operations, Safety, and Customer Experience Committee",162919,,29,,,,,,,,0,0,page break
3228,2026-02-26,Board of Directors - Regular Board Meeting,163520,,1,,,,,,,,0,0,page break
3228,2026-02-26,Board of Directors - Regular Board Meeting,163521,,2,,,,,,,,0,0,Live Public Comment Instructions:
3228,2026-02-26,Board of Directors - Regular Board Meeting,163522,,3,,,,,,,,0,0,"Live public comment can be given by telephone or in-person.

The Meeting begins at 10:00 AM Pacific Time on February 26, 2026; you may join the call 5 minutes prior to the start of the meeting.

Dial-in: 888-978-8818 and enter
English Access Code: 5647249#
Spanish Access Code: 7292892#"
3228,2026-02-26,Board of Directors - Regular Board Meeting,163523,,4,,,,,,,,0,0,"Public comment will be taken as the Board takes up each item. To give public  comment on an item, enter #2 (pound-two) when prompted. Please note that the live  video feed lags about 30 seconds behind the actual meeting. There is no lag on the  public comment dial-in line."
3228,2026-02-26,Board of Directors - Regular Board Meeting,163524,,5,,,,,,,,0,0,Instrucciones para comentarios publicos en vivo:
3228,2026-02-26,Board of Directors - Regular Board Meeting,163525,,6,,,,,,,,0,0,"Los comentarios publicos en vivo se pueden dar por telefono o en persona.

La Reunion de la Junta comienza a las 10:00 AM, hora del Pacifico, el 26 de Febrero de 2026. Puedes unirte a la llamada 5 minutos antes del comienso de la junta.

Marque: 888-978-8818 y ingrese el codigo
Codigo de acceso en ingles: 5647249#
Codigo de acceso en espanol: 7292892#"
3228,2026-02-26,Board of Directors - Regular Board Meeting,163526,,7,,,,,,,,0,0,Los comentarios del público se tomaran cuando se toma cada tema. Para dar un  comentario público sobre una tema ingrese # 2 (Tecla de numero y dos) cuando se le  solicite. Tenga en cuenta que la transmisión de video en vivo se retrasa unos 30  segundos con respecto a la reunión real. No hay retraso en la línea de acceso telefónico para comentarios públicos.
3228,2026-02-26,Board of Directors - Regular Board Meeting,163527,,8,,,,,,,,0,0,Written Public Comment Instruction:
3228,2026-02-26,Board of Directors - Regular Board Meeting,163528,,9,,,,,,,,0,0,"Written public comments must be received by 5PM the day before the meeting.
Please include the Item # in your comment and your position of “FOR,” “AGAINST,” ""GENERAL COMMENT,"" or ""ITEM NEEDS MORE CONSIDERATION.""
Email: BoardClerk@metro.net
Post Office Mail:
Board Administration
One Gateway Plaza
MS: 99-3-1
Los Angeles, CA 90012"
3228,2026-02-26,Board of Directors - Regular Board Meeting,163529,,10,,,,,,,,0,0,page break
3228,2026-02-26,Board of Directors - Regular Board Meeting,163530,,11,,,,,,,,0,0,CALL TO ORDER
3228,2026-02-26,Board of Directors - Regular Board Meeting,163531,,12,,,,,,,,1,0,ROLL CALL
3228,2026-02-26,Board of Directors - Regular Board Meeting,163532,1,13,,,,,,,,0,0,"APPROVE Consent Calendar Items: 2, 5, 6, 8, 9, 17, 18, 19, 20, 23, 24, 26, and 27.

Consent Calendar items are approved by one motion unless held by a Director for discussion and/or separate action.

All Consent Calendar items are listed at the end of the agenda, beginning on page 8."
3228,2026-02-26,Board of Directors - Regular Board Meeting,163533,,25,,,,,,,,0,0,"CONSENT CALENDAR - 2, 5, 6, 8, 9, 17, 18, 19, 20, 23, 24, 26, and 27."
3228,2026-02-26,Board of Directors - Regular Board Meeting,163699,,54,12270,2026-0153,Informational Report,,,,,0,0,RECEIVE General Public Comment
3228,2026-02-26,Board of Directors - Regular Board Meeting,163700,,55,,,,,,,,0,0,"Consideration of items not on the posted agenda, including: items to be presented and (if requested) referred to staff; items to be placed on the agenda for action at a future meeting of the Committee or Board; and/or items requiring immediate action because of an emergency situation or where the need to take immediate action came to the attention of the Committee subsequent to the posting of the agenda."
3228,2026-02-26,Board of Directors - Regular Board Meeting,163701,,56,,,,,,,,0,0,COMMENTS FROM THE PUBLIC ON ITEMS OF PUBLIC INTEREST WITHIN COMMITTEE’S SUBJECT MATTER JURISDICTION
3228,2026-02-26,Board of Directors - Regular Board Meeting,163702,,57,,,,,,,,0,0,Adjournment
3228,2026-02-26,Board of Directors - Regular Board Meeting,163704,,31,,,,,,,,0,0,PLANNING AND PROGRAMMING COMMITTEE MADE THE FOLLOWING RECOMMENDATION (4-0):
3228,2026-02-26,Board of Directors - Regular Board Meeting,163705,5,29,11863,2025-0844,Agreement,APPROVED,Pass,,,0,1,"CONSIDER: 

A.	APPROVING the San Gabriel Valley Jump Start and Mid-Term capital project definitions (Project) as identified in the San Gabriel Valley Transit Feasibility Study completed by the San Gabriel Valley Council of Governments (SGVCOG) in February 2024; and

B.	AUTHORIZING the Chief Executive Officer to negotiate and execute Amendment 3 to the existing Memorandum of Understanding with the SGVCOG to continue design refinement of the Project, conduct additional outreach services, compl"
3228,2026-02-26,Board of Directors - Regular Board Meeting,163706,,28,,,,,,,,0,0,PLANNING AND PROGRAMMING COMMITTEE MADE THE FOLLOWING RECOMMENDATION (4-0):
3228,2026-02-26,Board of Directors - Regular Board Meeting,163707,2,27,12265,2026-0148,Minutes,APPROVED,Pass,,,0,1,"APPROVE Minutes of the Regular Board Meeting held January 22, 2026."
3228,2026-02-26,Board of Directors - Regular Board Meeting,163708,31,19,12258,2026-0141,Contract,APPROVED,Pass,Tim Sandoval,James Butts,0,0,"AUTHORIZE the Chief Executive Officer to:

A.	AWARD a five-month, firm fixed unit rate contract, Contract No. OP2026710000 to Zum Services, Inc., to provide bus transportation services from El Camino College, located in Torrance, CA, to and from Los Angeles (SoFi) Stadium, located in Inglewood, California, for a total of eight FIFA World Cup games in the Not-To-Exceed (NTE) amount of  $493,110.00, subject to the resolution of any properly submitted protest(s), if any; 

B.	AWARD a five-month, fi"
3228,2026-02-26,Board of Directors - Regular Board Meeting,163710,30,17,12057,2025-1039,Resolution,APPROVED,Pass,Ara J. Najarian,Jacquelyn Dupont-Walker,0,0,"ADOPT the proposed Resolution of Necessity authorizing the commencement of an eminent domain action to acquire the Fee Simple Interest (“Fee Interest”) and certain Improvements Pertaining to Realty (“IPR”) for the property identified in Attachment A and described as 9462 Van Nuys Boulevard  and 14540 Plummer Street, Panorama City, CA 91402,  APN: 2264-030-016, 078; ESFV-B-006-1 (B-006).

The interests being acquired in the above-listed property are referred to herein as the “Property Interests"
3228,2026-02-26,Board of Directors - Regular Board Meeting,163711,,14,,,,,,,,0,0,NON-CONSENT
3228,2026-02-26,Board of Directors - Regular Board Meeting,163797,4,16,12268,2026-0151,Oral Report / Presentation,RECEIVED,Pass,,,0,0,RECEIVE report by the Chief Executive Officer.
3228,2026-02-26,Board of Directors - Regular Board Meeting,163798,3,15,12267,2026-0150,Oral Report / Presentation,RECEIVED,Pass,,,0,0,RECEIVE remarks by the Chair.
3228,2026-02-26,Board of Directors - Regular Board Meeting,163799,,22,,,,,,,,0,0,page break
3228,2026-02-26,Board of Directors - Regular Board Meeting,163800,,21,,,,,,,,0,0,END OF NON-CONSENT
3228,2026-02-26,Board of Directors - Regular Board Meeting,163810,9,36,12115,2025-1097,Project,APPROVED,Pass,,,0,1,"AUTHORIZE the Chief Executive Officer to:  

A.	AMEND the Preconstruction Budget for the Link Union Station Phase A Project (Project) by $210.06 million, from $297.82 million to $507.88 million, to fund early work, third party agreements, real estate acquisitions, and related support costs; and

B.	NEGOTIATE and EXECUTE all project-related agreements and modifications to existing contracts within the authorized Preconstruction Budget."
3228,2026-02-26,Board of Directors - Regular Board Meeting,163811,,35,,,,,,,,0,0,CONSTRUCTION COMMITTEE MADE THE FOLLOWING RECOMMENDATION (4-0):
3228,2026-02-26,Board of Directors - Regular Board Meeting,163812,8,34,12141,2026-0025,Contract,APPROVED,Pass,,,0,1,"AUTHORIZE the Chief Executive Officer to:  

A.	AWARD Contract No. PS135255000 to Griffith Company, for the Vermont Transit Corridor Bus Rapid Transit (BRT) Project (Project) Construction Manager/General Contractor (CM/GC) Phase 1, in the amount of $4,792,452 for Preconstruction Services, subject to the resolution of any properly submitted protest(s), if any; 

B.	ESTABLISH a Preconstruction Budget for the Project in an amount of $198,460,000; and 

C.	NEGOTIATE and EXECUTE all project-related a"
3228,2026-02-26,Board of Directors - Regular Board Meeting,163813,,33,,,,,,,,0,0,CONSTRUCTION COMMITTEE MADE THE FOLLOWING RECOMMENDATION (4-0):
3228,2026-02-26,Board of Directors - Regular Board Meeting,163814,6,32,12087,2025-1069,Program,APPROVED,Pass,,,0,1,"CONSIDER:

A.	APPROVING:

1. 	Deobligating $41,834 in Measure M Multi-Year Subregional Program (MSP) - Active Transportation 1st/Last Mile Connections Program (Expenditure Line 56), as shown in Attachment A; and

2. 	Programming an additional $3,745,225 within the capacity of the Measure M MSP Highway Efficiency Program (Expenditure Line 57), as shown in Attachment B; and 

B.	AUTHORIZING the Chief Executive Officer (CEO) or their designee to negotiate and execute all necessary agreement"
3228,2026-02-26,Board of Directors - Regular Board Meeting,163815,,45,,,,,,,,0,0,"OPERATIONS, SAFETY, AND CUSTOMER EXPERIENCE COMMITTEE MADE THE FOLLOWING RECOMMENDATION (4-0):"
3228,2026-02-26,Board of Directors - Regular Board Meeting,163816,20,44,12092,2025-1074,Contract,APPROVED,Pass,,,0,1,"AUTHORIZE the Chief Executive Officer to award a 24-month, firm-fixed-price single-source contract, Contract No. OP135390000 in the amount of $9,860,758.41 to Mitsubishi Electric US, Inc. to upgrade the existing Rail Station elevator control system, and implement Home Landing Security upgrades with an operational safety feature allowing elevator doors to remain open on the main egress level when not in use by passengers,  subject to the resolution of any properly submitted protest(s), if any."
3228,2026-02-26,Board of Directors - Regular Board Meeting,163817,17,38,11972,2025-0954,Contract,APPROVED,Pass,,,0,1,"AUTHORIZE the Chief Executive Officer to award a 36-month firm-fixed-price contract, Contract No. PS131366(2)000, to Enterprise Automation for the replacement of the Programmable Logic Controller (PLC) and Emergency Management Panel (EMP) system, for a Not-To-Exceed (NTE) amount of $14,142,415.34, inclusive of sales tax, and subject to the resolution of any properly submitted protest(s), if any."
3228,2026-02-26,Board of Directors - Regular Board Meeting,163818,,37,,,,,,,,0,0,"OPERATIONS, SAFETY, AND CUSTOMER EXPERIENCE COMMITTEE MADE THE FOLLOWING RECOMMENDATION (4-0):"
3228,2026-02-26,Board of Directors - Regular Board Meeting,163826,,43,,,,,,,,0,0,"OPERATIONS, SAFETY, AND CUSTOMER EXPERIENCE COMMITTEE MADE THE FOLLOWING RECOMMENDATION (4-0):"
3228,2026-02-26,Board of Directors - Regular Board Meeting,163827,19,42,12094,2025-1076,Contract,APPROVED,Pass,,,0,1,"AUTHORIZE the Chief Executive Officer to execute Contract Modifications for five Freeway Service Patrol (FSP) contracts in an aggregate amount of $2,357,000.00, thereby increasing the contract amounts from $23,876,791.98 to $26,233,791.98, and extending the current period of performance with individual amounts as follows: 

A.	Beat 9: Sonic Towing, Inc. Contract No. FS66316003-9, for $698,000 for up to 11 months, increasing the total contract amount from $4,514,753.00 to $5,212,753.00;  

B."
3228,2026-02-26,Board of Directors - Regular Board Meeting,163828,,41,,,,,,,,0,0,"OPERATIONS, SAFETY, AND CUSTOMER EXPERIENCE COMMITTEE MADE THE FOLLOWING RECOMMENDATION (4-0):"
3228,2026-02-26,Board of Directors - Regular Board Meeting,163829,18,40,12074,2025-1056,Contract,APPROVED,Pass,,,0,1,"AUTHORIZE the Chief Executive Officer (CEO) to award a two-year, firm fixed unit rate contract, Contract No. OP133093000 to BikeHub (dba Tranzito), to furnish, install, and maintain 100 E-Paper Bus Stop Electronic Displays in Southeast Los Angeles in the Not-To-Exceed (NTE) amount of $611,230, subject to the resolution of any properly submitted protest(s), if any."
3228,2026-02-26,Board of Directors - Regular Board Meeting,163830,,39,,,,,,,,0,0,"OPERATIONS, SAFETY, AND CUSTOMER EXPERIENCE COMMITTEE MADE THE FOLLOWING RECOMMENDATION (4-0):"
3228,2026-02-26,Board of Directors - Regular Board Meeting,163831,,53,,,,,,,,0,0,
3228,2026-02-26,Board of Directors - Regular Board Meeting,163834,27,52,12118,2026-0002,Contract,APPROVED,Pass,,,0,1,"AUTHORIZE the Chief Executive Officer (CEO) to:

A.	AWARD six task order based on-call bench Contracts for pre-employment background investigations services for a total Not-To-Exceed (NTE) amount of $2,318,122 for the initial three-year base term, plus $838,304 for the first, one-year option, and $871,837 for the second, one-year option for a total NTE cumulative amount of $4,028,263, effective March 1, 2026, subject to the resolution of any properly submitted protest(s) if any:

1.	Arroyo Backg"
3228,2026-02-26,Board of Directors - Regular Board Meeting,163835,,51,,,,,,,,0,0,"OPERATIONS, SAFETY, AND CUSTOMER EXPERIENCE COMMITTEE MADE THE FOLLOWING RECOMMENDATION (4-0):"
3228,2026-02-26,Board of Directors - Regular Board Meeting,163836,26,50,12028,2025-1010,Contract,APPROVED,Pass,,,0,1,"AUTHORIZE the Chief Executive Officer to Execute Modification No. 2 to Contract No. PS124278(2)000, Metro Micro Software Services with Spare Labs, Inc. in support of Metro Micro enhancements and the 2026 FIFA World Cup software platform for shuttle services in the firm-fixed price of $386,150.00, increasing the total contract value from $61,250.01 to $447,400.01."
3228,2026-02-26,Board of Directors - Regular Board Meeting,163837,,49,,,,,,,,0,0,"OPERATIONS, SAFETY, AND CUSTOMER EXPERIENCE COMMITTEE MADE THE FOLLOWING RECOMMENDATION (4-0):"
3228,2026-02-26,Board of Directors - Regular Board Meeting,163838,24,48,12102,2025-1084,Contract,APPROVED,Pass,,,0,1,"AUTHORIZE the Chief Executive Officer to:

A.	AWARD an Indefinite Delivery/Indefinite Quantity (IDIQ) Contract No. OP133873(2)000 to Craft Construction & Development, Inc., for Above Ground Facilities Improvement & Repairs, in the Not-To-Exceed (NTE) amount of $116,613,949.83 for the five-year base period and $16,880,142.79 for the first one-year option, $16,690,870.59 for the second one-year option, and $16,874,837.00 for the third one-year option, for a combined NTE amount of $167,059,800.21, "
3228,2026-02-26,Board of Directors - Regular Board Meeting,163839,,47,,,,,,,,0,0,"OPERATIONS, SAFETY, AND CUSTOMER EXPERIENCE COMMITTEE MADE THE FOLLOWING RECOMMENDATION (4-0):"
3228,2026-02-26,Board of Directors - Regular Board Meeting,163840,23,46,11451,2025-0432,Budget,ADOPTED,Pass,,,0,1,"CONSIDER:

A.	RECEIVING AND FILING quarterly status report on the ZEB Program;

B.	AUTHORIZING the Chief Executive Officer (CEO) to execute the necessary agreements to accept the transfer of 19 New Flyer battery electric buses (BEBs) from Lane Transit District; and

C.	ESTABLISHING a Life-Of-Project (LOP) Budget for the relocation and make-ready of 19 used New Flyer BEBs, capital project number 201080, in the amount of $2,180,000."
3228,2026-02-26,Board of Directors - Regular Board Meeting,163842,,18,,,,,,,,0,0,page break
3228,2026-02-26,Board of Directors - Regular Board Meeting,163843,,26,,,,,,,,0,0,
3228,2026-02-26,Board of Directors - Regular Board Meeting,163844,,24,,,,,,,,0,0,page break
3228,2026-02-26,Board of Directors - Regular Board Meeting,163847,,30,,,,,,,,0,0,page break
3228,2026-02-26,Board of Directors - Regular Board Meeting,163861,33,20,12283,2026-0166,Resolution,APPROVED,Pass,Tim Sandoval,Kathryn Barger,0,0,"CONSIDER:

A.	ADOPTING, pursuant to Senate Bill 707 (SB 707), the following findings on behalf of eligible subsidiary bodies as defined by SB 707:

(i)	The Board of Directors has considered the circumstances of the eligible subsidiary body.
(ii)	Teleconference meetings of the eligible subsidiary body would enhance public access to meetings of the eligible subsidiary body, and the public has been made aware of the type of remote participation, including audio-visual or telephonic, that will "
3228,2026-02-26,Board of Directors - Regular Board Meeting,165901,,,,,,APPROVED ON CONSENT CALENDAR,Pass,,,0,1,Approval of the Consent Agenda
3229,2026-03-18,Construction Committee,164273,,1,,,,,,,,0,0,page break
3229,2026-03-18,Construction Committee,164274,,2,,,,,,,,0,0,Live Public Comment Instructions:
3229,2026-03-18,Construction Committee,164275,,3,,,,,,,,0,0,"Live public comment can be given by telephone or in-person.

The Meeting begins at 1:00 PM Pacific Time on March 18, 2026; you may join the call 5 minutes prior to the start of the meeting.

Dial-in: 888-978-8818 and enter
English Access Code: 5647249#
Spanish Access Code: 7292892#"
3229,2026-03-18,Construction Committee,164276,,4,,,,,,,,0,0,"Public comment will be taken as the Board takes up each item. To give public  comment on an item, enter #2 (pound-two) when prompted. Please note that the live  video feed lags about 30 seconds behind the actual meeting. There is no lag on the  public comment dial-in line."
3229,2026-03-18,Construction Committee,164277,,5,,,,,,,,0,0,Instrucciones para comentarios publicos en vivo:
3229,2026-03-18,Construction Committee,164278,,6,,,,,,,,0,0,"Los comentarios publicos en vivo se pueden dar por telefono o en persona.

La Reunion de la Junta comienza a las 1:00 PM, hora del Pacifico, el 18 de Marzo de 2026. Puedes unirte a la llamada 5 minutos antes del comienso de la junta.

Marque: 888-978-8818 y ingrese el codigo
Codigo de acceso en ingles: 5647249#
Codigo de acceso en espanol: 7292892#"
3229,2026-03-18,Construction Committee,164279,,7,,,,,,,,0,0,Los comentarios del público se tomaran cuando se toma cada tema. Para dar un  comentario público sobre una tema ingrese # 2 (Tecla de numero y dos) cuando se le  solicite. Tenga en cuenta que la transmisión de video en vivo se retrasa unos 30  segundos con respecto a la reunión real. No hay retraso en la línea de acceso telefónico para comentarios públicos.
3229,2026-03-18,Construction Committee,164280,,8,,,,,,,,0,0,Written Public Comment Instruction:
3229,2026-03-18,Construction Committee,164281,,9,,,,,,,,0,0,"Written public comments must be received by 5PM the day before the meeting.
Please include the Item # in your comment and your position of “FOR,” “AGAINST,” ""GENERAL COMMENT,"" or ""ITEM NEEDS MORE CONSIDERATION.""
Email: BoardClerk@metro.net
Post Office Mail:
Board Administration
One Gateway Plaza
MS: 99-3-1
Los Angeles, CA 90012"
3229,2026-03-18,Construction Committee,164282,,10,,,,,,,,0,0,page break
3229,2026-03-18,Construction Committee,164283,,11,,,,,,,,0,0,CALL TO ORDER
3229,2026-03-18,Construction Committee,164284,,12,,,,,,,,0,0,ROLL CALL
3229,2026-03-18,Construction Committee,164285,,13,,,,,,,,0,0,"APPROVE Consent Calendar Item: 8. 

Consent Calendar items are approved by one motion unless held by a Director for discussion and/or separate action. "
3229,2026-03-18,Construction Committee,164570,,18,,,,,,,,0,0, 
3229,2026-03-18,Construction Committee,164571,,19,12311,2026-0194,Informational Report,,,,,0,0,RECEIVE General Public Comment
3229,2026-03-18,Construction Committee,164572,,20,,,,,,,,0,0,"Consideration of items not on the posted agenda, including: items to be presented and (if requested) referred to staff; items to be placed on the agenda for action at a future meeting of the Committee or Board; and/or items requiring immediate action because of an emergency situation or where the need to take immediate action came to the attention of the Committee subsequent to the posting of the agenda."
3229,2026-03-18,Construction Committee,164573,,21,,,,,,,,0,0,COMMENTS FROM THE PUBLIC ON ITEMS OF PUBLIC INTEREST WITHIN COMMITTEE’S SUBJECT MATTER JURISDICTION
3229,2026-03-18,Construction Committee,164574,,22,,,,,,,,0,0,Adjournment
3229,2026-03-18,Construction Committee,165911,9,17,12050,2025-1032,Contract,,,,,0,0,"AUTHORIZE the Chief Executive Officer (CEO) to:

A.	AWARD a cost-plus fixed fee contract, Contract No. AE130368000, for a period of five years, with two, three-year options, to Hill International, Inc., for Program Management Support Services (PMSS) for the K-Line Extension to Torrance Project (formerly referred to as the C (Green) Line Extension) in an amount Not-To-Exceed (NTE) $89,198,548 for the base term, subject to the resolution of any properly submitted protest(s), if any; and

B.	EXECUT"
3229,2026-03-18,Construction Committee,165912,,16,,,,,,,,0,0,NON-CONSENT
3229,2026-03-18,Construction Committee,165913,8,15,12159,2026-0043,Informational Report,,,,,0,0,"RECEIVE AND FILE the status update on the Project Labor Agreement and Construction Careers Policy programs through the quarter ending December 2025, including updates on tasks related to Motion 13.1 and PLA/CCP activities through January 2026."
3229,2026-03-18,Construction Committee,165914,,14,,,,,,,,0,0,CONSENT CALENDAR
3230,2026-03-18,Planning and Programming Committee,163933,,1,,,,,,,,0,0,page break
3230,2026-03-18,Planning and Programming Committee,163934,,2,,,,,,,,0,0,Live Public Comment Instructions:
3230,2026-03-18,Planning and Programming Committee,163935,,3,,,,,,,,0,0,"Live public comment can be given by telephone or in-person.

The Meeting begins at 11:00 AM Pacific Time on March 18, 2026; you may join the call 5 minutes prior to the start of the meeting.

Dial-in: 888-978-8818 and enter
English Access Code: 5647249#
Spanish Access Code: 7292892#"
3230,2026-03-18,Planning and Programming Committee,163936,,4,,,,,,,,0,0,"Public comment will be taken as the Board takes up each item. To give public  comment on an item, enter #2 (pound-two) when prompted. Please note that the live  video feed lags about 30 seconds behind the actual meeting. There is no lag on the  public comment dial-in line."
3230,2026-03-18,Planning and Programming Committee,163937,,5,,,,,,,,0,0,Instrucciones para comentarios publicos en vivo:
3230,2026-03-18,Planning and Programming Committee,163938,,6,,,,,,,,0,0,"Los comentarios publicos en vivo se pueden dar por telefono o en persona.

La Reunion de la Junta comienza a las 11:00 AM, hora del Pacifico, el 18 Marzo de 2026. Puedes unirte a la llamada 5 minutos antes del comienso de la junta.

Marque: 888-978-8818 y ingrese el codigo
Codigo de acceso en ingles: 5647249#
Codigo de acceso en espanol: 7292892#"
3230,2026-03-18,Planning and Programming Committee,163939,,7,,,,,,,,0,0,Los comentarios del público se tomaran cuando se toma cada tema. Para dar un  comentario público sobre una tema ingrese # 2 (Tecla de numero y dos) cuando se le  solicite. Tenga en cuenta que la transmisión de video en vivo se retrasa unos 30  segundos con respecto a la reunión real. No hay retraso en la línea de acceso telefónico para comentarios públicos.
3230,2026-03-18,Planning and Programming Committee,163940,,8,,,,,,,,0,0,Written Public Comment Instruction:
3230,2026-03-18,Planning and Programming Committee,163941,,9,,,,,,,,0,0,"Written public comments must be received by 5PM the day before the meeting.
Please include the Item # in your comment and your position of “FOR,” “AGAINST,” ""GENERAL COMMENT,"" or ""ITEM NEEDS MORE CONSIDERATION.""
Email: BoardClerk@metro.net
Post Office Mail:
Board Administration
One Gateway Plaza
MS: 99-3-1
Los Angeles, CA 90012"
3230,2026-03-18,Planning and Programming Committee,163942,,10,,,,,,,,0,0,page break
3230,2026-03-18,Planning and Programming Committee,163943,,11,,,,,,,,0,0,CALL TO ORDER
3230,2026-03-18,Planning and Programming Committee,163944,,12,,,,,,,,0,0,ROLL CALL
3230,2026-03-18,Planning and Programming Committee,163945,,13,,,,,,,,0,0,"APPROVE Consent Calendar Items: 5 and 6.

Consent Calendar items are approved by one motion unless held by a Director for discussion and/or separate action. "
3230,2026-03-18,Planning and Programming Committee,164268,,19,,,,,,,,0,0,page break 
3230,2026-03-18,Planning and Programming Committee,164269,,20,12310,2026-0193,Informational Report,,,,,0,0,RECEIVE General Public Comment
3230,2026-03-18,Planning and Programming Committee,164270,,21,,,,,,,,0,0,"Consideration of items not on the posted agenda, including: items to be presented and (if requested) referred to staff; items to be placed on the agenda for action at a future meeting of the Committee or Board; and/or items requiring immediate action because of an emergency situation or where the need to take immediate action came to the attention of the Committee subsequent to the posting of the agenda."
3230,2026-03-18,Planning and Programming Committee,164271,,22,,,,,,,,0,0,COMMENTS FROM THE PUBLIC ON ITEMS OF PUBLIC INTEREST WITHIN COMMITTEE’S SUBJECT MATTER JURISDICTION
3230,2026-03-18,Planning and Programming Committee,164272,,23,,,,,,,,0,0,Adjournment
3230,2026-03-18,Planning and Programming Committee,165904,,17,,,,,,,,0,0,NON-CONSENT
3230,2026-03-18,Planning and Programming Committee,165905,6,16,12131,2026-0015,Program,,,,,0,0,"CONSIDER:

A.	APPROVING Federal Transit Administration (FTA) Section 5310 funding awards totaling $10,752,739, as shown in Attachments A, B, and C, made available to Metro through the Section 5310 Enhanced Mobility for Seniors and Individuals with Disabilities Program;

B.	AUTHORIZING the Chief Executive Officer (CEO) or their designee to negotiate and execute pass-through funding agreements with the subrecipient agencies receiving the approved awards;

C.	DELEGATING to the CEO or their designee"
3230,2026-03-18,Planning and Programming Committee,165906,5,15,12142,2026-0026,Formula Allocation / Local Return,,,,,0,0,ADOPT the resolution for the 2027 Los Angeles County Transportation Improvement (TIP) Program as shown in Attachment A.
3230,2026-03-18,Planning and Programming Committee,165907,,14,,,,,,,,0,0,CONSENT CALENDAR
3230,2026-03-18,Planning and Programming Committee,165908,7,18,11865,2025-0846,Project,,,,,0,0,"APPROVE AS AMENDED BY BASS, HORVATH, AND BARGER the San Vicente-Fairfax alignment evaluated in the 2024 Draft Environmental Impact Report (EIR) as the Locally Preferred Alternative (LPA) for the K Line Northern Extension (KNE) Project contingent upon the formation of an Enhanced Infrastructure Financing District (EIFD) by the City of West Hollywood in coordination with Los Angeles County to provide additional local sources of funding (at least 25% of the capital cost estimate) per the Early Proj"
3231,2026-03-19,"Finance, Budget and Audit Committee",164575,,1,,,,,,,,0,0,page break
3231,2026-03-19,"Finance, Budget and Audit Committee",164576,,2,,,,,,,,0,0,Live Public Comment Instructions:
3231,2026-03-19,"Finance, Budget and Audit Committee",164577,,3,,,,,,,,0,0,"Live public comment can be given by telephone or in-person.

The Meeting begins at 10:00 AM Pacific Time on March 19, 2026; you may join the call 5 minutes prior to the start of the meeting.

Dial-in: 888-978-8818 and enter
English Access Code: 5647249#
Spanish Access Code: 7292892#"
3231,2026-03-19,"Finance, Budget and Audit Committee",164578,,4,,,,,,,,0,0,"Public comment will be taken as the Board takes up each item. To give public  comment on an item, enter #2 (pound-two) when prompted. Please note that the live  video feed lags about 30 seconds behind the actual meeting. There is no lag on the  public comment dial-in line."
3231,2026-03-19,"Finance, Budget and Audit Committee",164579,,5,,,,,,,,0,0,Instrucciones para comentarios publicos en vivo:
3231,2026-03-19,"Finance, Budget and Audit Committee",164580,,6,,,,,,,,0,0,"Los comentarios publicos en vivo se pueden dar por telefono o en persona.

La Reunion de la Junta comienza a las 10:00 AM, hora del Pacifico, el 19 de Marzo de 2026. Puedes unirte a la llamada 5 minutos antes del comienso de la junta.

Marque: 888-978-8818 y ingrese el codigo
Codigo de acceso en ingles: 5647249#
Codigo de acceso en espanol: 7292892#"
3231,2026-03-19,"Finance, Budget and Audit Committee",164581,,7,,,,,,,,0,0,Los comentarios del público se tomaran cuando se toma cada tema. Para dar un  comentario público sobre una tema ingrese # 2 (Tecla de numero y dos) cuando se le  solicite. Tenga en cuenta que la transmisión de video en vivo se retrasa unos 30  segundos con respecto a la reunión real. No hay retraso en la línea de acceso telefónico para comentarios públicos.
3231,2026-03-19,"Finance, Budget and Audit Committee",164582,,8,,,,,,,,0,0,Written Public Comment Instruction:
3231,2026-03-19,"Finance, Budget and Audit Committee",164583,,9,,,,,,,,0,0,"Written public comments must be received by 5PM the day before the meeting.
Please include the Item # in your comment and your position of “FOR,” “AGAINST,” ""GENERAL COMMENT,"" or ""ITEM NEEDS MORE CONSIDERATION.""
Email: BoardClerk@metro.net
Post Office Mail:
Board Administration
One Gateway Plaza
MS: 99-3-1
Los Angeles, CA 90012"
3231,2026-03-19,"Finance, Budget and Audit Committee",164584,,10,,,,,,,,0,0,page break
3231,2026-03-19,"Finance, Budget and Audit Committee",164585,,11,,,,,,,,0,0,CALL TO ORDER
3231,2026-03-19,"Finance, Budget and Audit Committee",164586,,12,,,,,,,,0,0,ROLL CALL
3231,2026-03-19,"Finance, Budget and Audit Committee",164587,,13,,,,,,,,0,0,"APPROVE Consent Calendar Items: 10, 11, 12, 13, and 14. 

Consent Calendar items are approved by one motion unless held by a Director for discussion and/or separate action. "
3231,2026-03-19,"Finance, Budget and Audit Committee",164857,18,26,12200,2026-0084,Informational Report,,,,,0,0,RECEIVE AND FILE the Fiscal Year 2027 (FY27) Budget Development Status Update.
3231,2026-03-19,"Finance, Budget and Audit Committee",164858,,28,12312,2026-0195,Informational Report,,,,,0,0,RECEIVE General Public Comment
3231,2026-03-19,"Finance, Budget and Audit Committee",164859,,29,,,,,,,,0,0,"Consideration of items not on the posted agenda, including: items to be presented and (if requested) referred to staff; items to be placed on the agenda for action at a future meeting of the Committee or Board; and/or items requiring immediate action because of an emergency situation or where the need to take immediate action came to the attention of the Committee subsequent to the posting of the agenda."
3231,2026-03-19,"Finance, Budget and Audit Committee",164860,,30,,,,,,,,0,0,COMMENTS FROM THE PUBLIC ON ITEMS OF PUBLIC INTEREST WITHIN COMMITTEE’S SUBJECT MATTER JURISDICTION
3231,2026-03-19,"Finance, Budget and Audit Committee",164861,,31,,,,,,,,0,0,Adjournment
3231,2026-03-19,"Finance, Budget and Audit Committee",165915,17,25,12230,2026-0114,Resolution,,,,,0,0,"ADOPT a Resolution (Attachment A) that authorizes the issuance and negotiated sale of up to $980 million in aggregate principal amount of Measure R Sales Tax Revenue Senior Bonds (the “Bonds”), in one or more series, to refund the Measure R Senior Sales Tax Revenue Bonds, Series 2016-A (the “Refunded Bonds""), finance capital projects, reimburse LACMTA for the development and construction of certain projects, refund outstanding Measure R Commercial Paper Notes, and to take of all other actions ne"
3231,2026-03-19,"Finance, Budget and Audit Committee",165916,16,23,12224,2026-0108,Resolution,,,,,0,0,"ADOPT a Resolution (Attachment A) that authorizes the issuance and negotiated sale of up to $450 million in aggregate principal amount of Proposition C Sales Tax Revenue Senior Bonds (the “Bonds”), in one or more series, to finance capital projects, refund the Proposition C Senior Sales Tax Revenue Refunding Bonds, Senior Bonds, Series 2016-A (the “Refunded Bonds""), and to take of all other actions necessary in connection with the issuance of the Bonds.

(REQUIRES SEPARATE, SIMPLE MAJORITY VOTE "
3231,2026-03-19,"Finance, Budget and Audit Committee",165917,15,22,12097,2025-1079,Contract,,,,,0,0,"AUTHORIZE the Chief Executive Officer to award eight, six-year task order-based bench contracts for Municipal Advisory Services and execute task orders under these contracts for a total Not-To-Exceed (NTE) amount of $7,100,000, effective May 1, 2026, subject to the resolution of properly submitted protest(s), if any:

·	PFM Financial Advisors LLC (PS133271000) 
·	Montague DeRose and Associates, LLC (PS133271001)
·	Public Resources Advisory Group (PS133271002)
·	Frasca & Associates, LLC (PS133271"
3231,2026-03-19,"Finance, Budget and Audit Committee",165918,,21,,,,,,,,0,0,NON-CONSENT
3231,2026-03-19,"Finance, Budget and Audit Committee",165919,14,20,12076,2025-1058,Informational Report,,,,,0,0,"RECEIVE AND FILE Office of the Inspector General (OIG) Final Report on the Statutorily Mandated Audit of Miscellaneous Expenses for the Period of January 1, 2025, to March 31, 2025."
3231,2026-03-19,"Finance, Budget and Audit Committee",165920,13,19,12221,2026-0105,Policy,,,,,0,0,"CONSIDER:

A.	ADOPTING the Investment Policy in Attachment A; 

B.	APPROVING the Financial Institutions Resolution authorizing financial institutions to honor signatures of LACMTA’s Officials in Attachment B; and

C.	DELEGATING to the Treasurer or their designees, the authority to invest funds for a one-year period, pursuant to California Government Code (“Code”) Section 53607."
3231,2026-03-19,"Finance, Budget and Audit Committee",165921,12,18,11148,2025-0128,Contract,,,,,0,0,"AUTHORIZE the Chief Executive Officer to award a firm fixed unit rate Contract No. PS123711(2)000 with Cubic Transportation Systems, Inc. to provide TAP third party vendor management and support services, in the not-to-exceed (NTE) amount of $584,937 for the two-year base term, $285,176 for the first one-year option, $293,063 for the second one-year option and $301,190 for the third one-year option for a total combined NTE amount of $1,464,366, effective May 1, 2026, subject to the resolution of"
3231,2026-03-19,"Finance, Budget and Audit Committee",165922,11,16,11901,2025-0882,Contract,,,,,0,0,"AUTHORIZE the Chief Executive Officer to execute Modification No. 3 to Contract No. PS61721000, with Lien On Me, Inc. for workers’ compensation medical bill review services to exercise the second, two-year option in the amount of $2,541,000, increasing the total contract amount from $5,160,225 to $7,701,225, and extending the period of performance from July 1, 2026, to June 30, 2028."
3231,2026-03-19,"Finance, Budget and Audit Committee",165923,10,15,12129,2026-0013,Agreement,,,,,0,0,"AUTHORIZE the Chief Executive Officer (CEO) or their designee to execute a Petition to Renew Los Angeles County Metropolitan Transportation Authority’s (LACMTA) participation in the Downtown Industrial District Property-Based Business Improvement District (BID) for a seven (7) year term commencing January 1, 2027 and expiring December 31, 2033, for a total estimated amount not to exceed $802,365.79 over the term of the BID renewal."
3231,2026-03-19,"Finance, Budget and Audit Committee",165924,,14,,,,,,,,0,0,CONSENT CALENDAR
3231,2026-03-19,"Finance, Budget and Audit Committee",165954,,17,,,,,,,,0,0,page break
3231,2026-03-19,"Finance, Budget and Audit Committee",165957,19,27,12350,2026-0233,Motion / Motion Response,,,,,0,0,"APPROVE Motion by Yaroslavsky, Bass, Dutra, Sandoval, and Solis that the Board direct the Chief Executive Officer to report back within 180 days with a strategic framework for implementing a Metro Station Commercial District Strategy across the Metro system, positioning stations as active commercial hubs with retail, services, and mixed-use development integrated above, within, and adjacent to stations to support long-term non-fare revenue generation. The report back should include progress on t"
3231,2026-03-19,"Finance, Budget and Audit Committee",165959,,24,,,,,,,,0,0,page break
3232,2026-03-19,Executive Management Committee,164868,,1,,,,,,,,0,0,page break
3232,2026-03-19,Executive Management Committee,164869,,2,,,,,,,,0,0,Live Public Comment Instructions:
3232,2026-03-19,Executive Management Committee,164870,,3,,,,,,,,0,0,"Live public comment can be given by telephone or in-person.

The Meeting begins at 11:00 AM Pacific Time on March 19, 2026; you may join the call 5 minutes prior to the start of the meeting.

Dial-in: 888-978-8818 and enter
English Access Code: 5647249#
Spanish Access Code: 7292892#"
3232,2026-03-19,Executive Management Committee,164871,,4,,,,,,,,0,0,"Public comment will be taken as the Board takes up each item. To give public  comment on an item, enter #2 (pound-two) when prompted. Please note that the live  video feed lags about 30 seconds behind the actual meeting. There is no lag on the  public comment dial-in line."
3232,2026-03-19,Executive Management Committee,164872,,5,,,,,,,,0,0,Instrucciones para comentarios publicos en vivo:
3232,2026-03-19,Executive Management Committee,164873,,6,,,,,,,,0,0,"Los comentarios publicos en vivo se pueden dar por telefono o en persona.

La Reunion de la Junta comienza a las 11:00 AM, hora del Pacifico, el 19 de Marzo de 2026. Puedes unirte a la llamada 5 minutos antes del comienso de la junta.

Marque: 888-978-8818 y ingrese el codigo
Codigo de acceso en ingles: 5647249#
Codigo de acceso en espanol: 7292892#"
3232,2026-03-19,Executive Management Committee,164874,,7,,,,,,,,0,0,Los comentarios del público se tomaran cuando se toma cada tema. Para dar un  comentario público sobre una tema ingrese # 2 (Tecla de numero y dos) cuando se le  solicite. Tenga en cuenta que la transmisión de video en vivo se retrasa unos 30  segundos con respecto a la reunión real. No hay retraso en la línea de acceso telefónico para comentarios públicos.
3232,2026-03-19,Executive Management Committee,164875,,8,,,,,,,,0,0,Written Public Comment Instruction:
3232,2026-03-19,Executive Management Committee,164876,,9,,,,,,,,0,0,"Written public comments must be received by 5PM the day before the meeting.
Please include the Item # in your comment and your position of “FOR,” “AGAINST,” ""GENERAL COMMENT,"" or ""ITEM NEEDS MORE CONSIDERATION.""
Email: BoardClerk@metro.net
Post Office Mail:
Board Administration
One Gateway Plaza
MS: 99-3-1
Los Angeles, CA 90012"
3232,2026-03-19,Executive Management Committee,164877,,10,,,,,,,,0,0,page break
3232,2026-03-19,Executive Management Committee,164878,,11,,,,,,,,0,0,CALL TO ORDER
3232,2026-03-19,Executive Management Committee,164879,,12,,,,,,,,0,0,ROLL CALL
3232,2026-03-19,Executive Management Committee,164880,,13,,,,,,,,0,0,"APPROVE Consent Calendar Items: 20 and 21.

Consent Calendar items are approved by one motion unless held by a Director for discussion and/or separate action. "
3232,2026-03-19,Executive Management Committee,165169,26,25,12349,2026-0232,Motion / Motion Response,,,,,0,0,"APPROVE Motion by Dutra, Sandoval, Najarian, Horvath, Yaroslavsky, and Dupont-Walker that the Board direct the Chief Executive Officer to return to the Board with a comprehensive P3 and Innovative Financing Strategy and Implementation Roadmap Plan with an initial report in July 2026 that includes a status on:

A.	Engaging the private sector to gauge industry interest and conditions needed for successful P3 participation, including market trends analysis to establish a refined conceptual framewor"
3232,2026-03-19,Executive Management Committee,165170,,27,12321,2026-0204,Informational Report,,,,,0,0,RECEIVE General Public Comment
3232,2026-03-19,Executive Management Committee,165171,,28,,,,,,,,0,0,"Consideration of items not on the posted agenda, including: items to be presented and (if requested) referred to staff; items to be placed on the agenda for action at a future meeting of the Committee or Board; and/or items requiring immediate action because of an emergency situation or where the need to take immediate action came to the attention of the Committee subsequent to the posting of the agenda."
3232,2026-03-19,Executive Management Committee,165172,,29,,,,,,,,0,0,COMMENTS FROM THE PUBLIC ON ITEMS OF PUBLIC INTEREST WITHIN COMMITTEE’S SUBJECT MATTER JURISDICTION
3232,2026-03-19,Executive Management Committee,165173,,30,,,,,,,,0,0,Adjournment
3232,2026-03-19,Executive Management Committee,165929,22,20,12158,2026-0042,Policy,,,,,0,0,"AMEND the Board Rules and Procedures to include the Information Technology (IT) Disruption Policy (Attachment A) as required by State law.

(REQUIRES SEPARATE, SIMPLE MAJORITY VOTE OF THE BOARD)"
3232,2026-03-19,Executive Management Committee,165930,,19,,,,,,,,0,0,NON-CONSENT
3232,2026-03-19,Executive Management Committee,165932,,17,,,,,,,,0,0,
3232,2026-03-19,Executive Management Committee,165933,21,16,12236,2026-0120,Ordinance / Administrative Code,,,,,0,0,"APPROVE amendment of Title 5 (Ethics) of Metro’s Administrative Code to include the  “Code of Conduct for Metro Advisory Bodies” (Attachment A), applicable to all members of Metro’s advisory bodies."
3232,2026-03-19,Executive Management Committee,165934,20,15,12067,2025-1049,Contract,,,,,0,0,"AUTHORIZE the Chief Executive Officer to:

A.	AWARD a cost-plus fixed fee, task order-based Contract No. AE131392EN088, with TRC Engineers, Inc. (CA) for Energy and Climate Consultant Services, for a three-year base term in an amount Not-To-Exceed (NTE) $18,078,000, plus two, one-year options in an amount not to exceed $3,111,000 for each option year, for a total NTE amount of $24,300,000, subject to the resolution of any properly submitted protests, if any;

B.	AWARD individual Task Orders and "
3232,2026-03-19,Executive Management Committee,165936,,14,,,,,,,,0,0,CONSENT CALENDAR
3232,2026-03-19,Executive Management Committee,165937,23,21,12275,2026-0158,Informational Report,,,,,0,0,RECEIVE AND FILE March 2026 Federal and State Legislative Report.
3232,2026-03-19,Executive Management Committee,165958,24,22,12277,2026-0160,Federal Legislation / State Legislation (Position),,,,,0,0,"ADOPT the following staff recommended position:

SB 667 (Archuleta) - Railroads: Safety. Wayside Detectors. As amended January 22, 2026. - OPPOSE UNLESS AMENDED SEEK AMENDMENTS"
3232,2026-03-19,Executive Management Committee,165960,,18,,,,,,,,0,0,page break
3232,2026-03-19,Executive Management Committee,165995,25,23,12163,2026-0047,Contract,,,,,0,0,APPROVE the Memorandum of Understanding (MOU) with the Los Angeles Organizing Committee for the Olympic and Paralympic Games 2028 (LA28) (Attachment A).
3232,2026-03-19,Executive Management Committee,165996,27,26,12351,2026-0234,Motion / Motion Response,,,,,0,0,"APPROVE Motion by Hahn, Dutra, and Solis that the Metro Board direct the Chief Executive Officer to advance the following objectives pertaining to the Pico Rivera Regional Rail Station: 

A.	Continue coordination with CAHSR to ensure that their Final EIR/EIS and/or Supplemental EIR/EIS of the LA-to-Anaheim Project Section reflects a local decision regarding the Commerce Metrolink Station relocation mitigation in Pico Rivera;

B.	Identify and program resources, as funding allows, to advance up to"
3232,2026-03-19,Executive Management Committee,165997,,24,,,,,,,,0,0,page break
3233,2026-03-19,"Operations, Safety, and Customer Experience Committee",165174,,1,,,,,,,,0,0,page break
3233,2026-03-19,"Operations, Safety, and Customer Experience Committee",165175,,2,,,,,,,,0,0,Live Public Comment Instructions:
3233,2026-03-19,"Operations, Safety, and Customer Experience Committee",165176,,3,,,,,,,,0,0,"Live public comment can be given by telephone or in-person.

The Meeting begins at 1:00 PM Pacific Time on March 19, 2026; you may join the call 5 minutes prior to the start of the meeting.

Dial-in: 888-978-8818 and enter
English Access Code: 5647249#
Spanish Access Code: 7292892#"
3233,2026-03-19,"Operations, Safety, and Customer Experience Committee",165177,,4,,,,,,,,0,0,"Public comment will be taken as the Board takes up each item. To give public  comment on an item, enter #2 (pound-two) when prompted. Please note that the live  video feed lags about 30 seconds behind the actual meeting. There is no lag on the  public comment dial-in line."
3233,2026-03-19,"Operations, Safety, and Customer Experience Committee",165178,,5,,,,,,,,0,0,Instrucciones para comentarios publicos en vivo:
3233,2026-03-19,"Operations, Safety, and Customer Experience Committee",165179,,6,,,,,,,,0,0,"Los comentarios publicos en vivo se pueden dar por telefono o en persona.

La Reunion de la Junta comienza a las 1:00 PM, hora del Pacifico, el 19 de Marzo de 2026. Puedes unirte a la llamada 5 minutos antes del comienso de la junta.

Marque: 888-978-8818 y ingrese el codigo
Codigo de acceso en ingles: 5647249#
Codigo de acceso en espanol: 7292892#"
3233,2026-03-19,"Operations, Safety, and Customer Experience Committee",165180,,7,,,,,,,,0,0,Los comentarios del público se tomaran cuando se toma cada tema. Para dar un  comentario público sobre una tema ingrese # 2 (Tecla de numero y dos) cuando se le  solicite. Tenga en cuenta que la transmisión de video en vivo se retrasa unos 30  segundos con respecto a la reunión real. No hay retraso en la línea de acceso telefónico para comentarios públicos.
3233,2026-03-19,"Operations, Safety, and Customer Experience Committee",165181,,8,,,,,,,,0,0,Written Public Comment Instruction:
3233,2026-03-19,"Operations, Safety, and Customer Experience Committee",165182,,9,,,,,,,,0,0,"Written public comments must be received by 5PM the day before the meeting.
Please include the Item # in your comment and your position of “FOR,” “AGAINST,” ""GENERAL COMMENT,"" or ""ITEM NEEDS MORE CONSIDERATION.""
Email: BoardClerk@metro.net
Post Office Mail:
Board Administration
One Gateway Plaza
MS: 99-3-1
Los Angeles, CA 90012"
3233,2026-03-19,"Operations, Safety, and Customer Experience Committee",165183,,10,,,,,,,,0,0,page break
3233,2026-03-19,"Operations, Safety, and Customer Experience Committee",165184,,11,,,,,,,,0,0,CALL TO ORDER
3233,2026-03-19,"Operations, Safety, and Customer Experience Committee",165185,,12,,,,,,,,0,0,ROLL CALL
3233,2026-03-19,"Operations, Safety, and Customer Experience Committee",165186,,13,,,,,,,,0,0,"APPROVE Consent Calendar Items: 28, 29, and 30.

Consent Calendar items are approved by one motion unless held by a Director for discussion and/or separate action. "
3233,2026-03-19,"Operations, Safety, and Customer Experience Committee",165581,,28,12323,2026-0206,Informational Report,,,,,0,0,RECEIVE General Public Comment
3233,2026-03-19,"Operations, Safety, and Customer Experience Committee",165582,,29,,,,,,,,0,0,"Consideration of items not on the posted agenda, including: items to be presented and (if requested) referred to staff; items to be placed on the agenda for action at a future meeting of the Committee or Board; and/or items requiring immediate action because of an emergency situation or where the need to take immediate action came to the attention of the Committee subsequent to the posting of the agenda."
3233,2026-03-19,"Operations, Safety, and Customer Experience Committee",165583,,30,,,,,,,,0,0,COMMENTS FROM THE PUBLIC ON ITEMS OF PUBLIC INTEREST WITHIN COMMITTEE’S SUBJECT MATTER JURISDICTION
3233,2026-03-19,"Operations, Safety, and Customer Experience Committee",165584,,31,,,,,,,,0,0,Adjournment
3233,2026-03-19,"Operations, Safety, and Customer Experience Committee",165941,,27,,,,,,,,0,0,
3233,2026-03-19,"Operations, Safety, and Customer Experience Committee",165942,,26,,,,,,,,0,0,
3233,2026-03-19,"Operations, Safety, and Customer Experience Committee",165943,35,25,12015,2025-0997,Informational Report,,,,,0,0,"RECEIVE AND FILE the:

A.	quarterly update on the Department of Public Safety (DPS) Implementation Plan; and

B.	first reading of the Ordinance affirming Metro’s commitment to meet the minimum recruitment and training standards set by the California Commission on Peace Officer Standards and Training (POST) (Attachment A)."
3233,2026-03-19,"Operations, Safety, and Customer Experience Committee",165944,34,24,12212,2026-0096,Informational Report,,,,,0,0,RECEIVE AND FILE the Public Safety Report.
3233,2026-03-19,"Operations, Safety, and Customer Experience Committee",165946,32,22,12182,2026-0066,Oral Report / Presentation,,,,,0,0,RECEIVE oral report on Metro Operations.
3233,2026-03-19,"Operations, Safety, and Customer Experience Committee",165947,31,21,12181,2026-0065,Oral Report / Presentation,,,,,0,0,RECOGNIZE Operations Employees of the Month.
3233,2026-03-19,"Operations, Safety, and Customer Experience Committee",165948,,20,,,,,,,,0,0,NON-CONSENT
3233,2026-03-19,"Operations, Safety, and Customer Experience Committee",165949,,19,,,,,,,,0,0,
3233,2026-03-19,"Operations, Safety, and Customer Experience Committee",165950,30,18,12243,2026-0127,Contract,,,,,0,0,"AUTHORIZE the Chief Executive Officer (CEO) to:

A.	EXECUTE Modification No. 21 to Contract No. PS272680011357 with Bicycle Transit Systems, Inc. (BTS) to exercise up to six, one-month options, each separately as needed from June 1, 2026, to November 30, 2026, to continue Metro Bike Share (MBS) program services in the Not-to-Exceed (NTE) amount of $6,505,955, increasing the total contract value from $131,155,423 to $137,661,378; and

B.	EXECUTE individual contract modifications within the Board-"
3233,2026-03-19,"Operations, Safety, and Customer Experience Committee",165951,29,16,12164,2026-0048,Contract,,,,,0,0,"AUTHORIZE the Chief Executive Officer to execute Modification No. 5 to Contract No. OP1788370008370 to exercise the two-year option with Deco Fence Company to provide fence repair and maintenance services in the Not-To-Exceed (NTE) amount of $1,654,560, increasing the total contract NTE amount from $2,290,068 to $3,944,628, and extending the period of performance from May 1, 2026, to April 30, 2028."
3233,2026-03-19,"Operations, Safety, and Customer Experience Committee",165952,28,15,12119,2026-0003,Contract,,,,,0,0,"AUTHORIZE the Chief Executive Officer to execute Modification No. 4 to Contract No. PS7235000 with FRS Environmental, Inc., to continue to provide parts washer leasing and maintenance services, increasing the total Not-To-Exceed (NTE) contract value by $356,513.62 from $1,587,712.50 to $1,944,226.12, and extending the period of performance for the duration of one year, from May 1, 2026, through April 30, 2027."
3233,2026-03-19,"Operations, Safety, and Customer Experience Committee",165953,,14,,,,,,,,0,0,CONSENT CALENDAR
3233,2026-03-19,"Operations, Safety, and Customer Experience Committee",165961,33,23,12178,2026-0062,Contract,,,,,0,0,"AUTHORIZE the Chief Executive Officer to:

A.	AWARD a firm fixed unit rate contract, Contract No. PS53258000 to BRiC-TPS, LLC, for implementing, operating, and maintaining a new ExpressLanes Back Office System (BOS) in the Not-To-Exceed (NTE) amount of $114,749,473 for the eight-year base period, excluding contract options, and which shall be authorized as follows, subject to the resolution of any properly submitted protest(s), if any:

1.	The Design and Implementation phase of the new BOS will "
3233,2026-03-19,"Operations, Safety, and Customer Experience Committee",165991,,17,,,,,,,,0,0,page break
3234,2026-03-26,Board of Directors - Regular Board Meeting,165688,,1,,,,,,,,0,0,page break
3234,2026-03-26,Board of Directors - Regular Board Meeting,165689,,2,,,,,,,,0,0,Live Public Comment Instructions:
3234,2026-03-26,Board of Directors - Regular Board Meeting,165690,,3,,,,,,,,0,0,"Live public comment can be given by telephone or in-person.

The Meeting begins at 10:00 AM Pacific Time on March 26, 2026; you may join the call 5 minutes prior to the start of the meeting.

Dial-in: 888-978-8818 and enter
English Access Code: 5647249#
Spanish Access Code: 7292892#"
3234,2026-03-26,Board of Directors - Regular Board Meeting,165691,,4,,,,,,,,0,0,"Public comment will be taken as the Board takes up each item. To give public  comment on an item, enter #2 (pound-two) when prompted. Please note that the live  video feed lags about 30 seconds behind the actual meeting. There is no lag on the  public comment dial-in line."
3234,2026-03-26,Board of Directors - Regular Board Meeting,165692,,5,,,,,,,,0,0,Instrucciones para comentarios publicos en vivo:
3234,2026-03-26,Board of Directors - Regular Board Meeting,165693,,6,,,,,,,,0,0,"Los comentarios publicos en vivo se pueden dar por telefono o en persona.

La Reunion de la Junta comienza a las 10:00 AM, hora del Pacifico, el 26 de Marzi de 2026. Puedes unirte a la llamada 5 minutos antes del comienso de la junta.

Marque: 888-978-8818 y ingrese el codigo
Codigo de acceso en ingles: 5647249#
Codigo de acceso en espanol: 7292892#"
3234,2026-03-26,Board of Directors - Regular Board Meeting,165694,,7,,,,,,,,0,0,Los comentarios del público se tomaran cuando se toma cada tema. Para dar un  comentario público sobre una tema ingrese # 2 (Tecla de numero y dos) cuando se le  solicite. Tenga en cuenta que la transmisión de video en vivo se retrasa unos 30  segundos con respecto a la reunión real. No hay retraso en la línea de acceso telefónico para comentarios públicos.
3234,2026-03-26,Board of Directors - Regular Board Meeting,165695,,8,,,,,,,,0,0,Written Public Comment Instruction:
3234,2026-03-26,Board of Directors - Regular Board Meeting,165696,,9,,,,,,,,0,0,"Written public comments must be received by 5PM the day before the meeting.
Please include the Item # in your comment and your position of “FOR,” “AGAINST,” ""GENERAL COMMENT,"" or ""ITEM NEEDS MORE CONSIDERATION.""
Email: BoardClerk@metro.net
Post Office Mail:
Board Administration
One Gateway Plaza
MS: 99-3-1
Los Angeles, CA 90012"
3234,2026-03-26,Board of Directors - Regular Board Meeting,165697,,10,,,,,,,,0,0,page break
3234,2026-03-26,Board of Directors - Regular Board Meeting,165698,,11,,,,,,,,0,0,CALL TO ORDER
3234,2026-03-26,Board of Directors - Regular Board Meeting,165699,,12,,,,,,,,1,0,ROLL CALL
3234,2026-03-26,Board of Directors - Regular Board Meeting,165700,,14,,,,,,,,0,0,"1. APPROVE Consent Calendar Items: 2, 5, 6, 9, 10, 11, 12, 13, 15, 19, 20, 21, 25, 26, 27, 28, 29, 30, 33, and 40. 

Consent Calendar items are approved by one motion unless held by a Director for discussion and/or separate action.

All Consent Calendar items are listed at the end of the agenda, beginning on page 9."
3234,2026-03-26,Board of Directors - Regular Board Meeting,165701,,34,,,,,,,,0,0,"CONSENT CALENDAR - 2, 5, 6, 9, 10, 11, 12, 13, 15, 19, 20, 21, 25, 26, 27, 28, 29, 30, 33, and 40. "
3234,2026-03-26,Board of Directors - Regular Board Meeting,165868,,79,12322,2026-0205,Informational Report,,,,,0,0,RECEIVE General Public Comment
3234,2026-03-26,Board of Directors - Regular Board Meeting,165869,,80,,,,,,,,0,0,"Consideration of items not on the posted agenda, including: items to be presented and (if requested) referred to staff; items to be placed on the agenda for action at a future meeting of the Committee or Board; and/or items requiring immediate action because of an emergency situation or where the need to take immediate action came to the attention of the Committee subsequent to the posting of the agenda."
3234,2026-03-26,Board of Directors - Regular Board Meeting,165870,,81,,,,,,,,0,0,COMMENTS FROM THE PUBLIC ON ITEMS OF PUBLIC INTEREST WITHIN COMMITTEE’S SUBJECT MATTER JURISDICTION
3234,2026-03-26,Board of Directors - Regular Board Meeting,165871,,82,,,,,,,,0,0,Adjournment
3234,2026-03-26,Board of Directors - Regular Board Meeting,165872,,40,,,,,,,,0,0,CONSTRUCTION COMMITTEE MADE THE FOLLOWING RECOMMENDATION (4-0):
3234,2026-03-26,Board of Directors - Regular Board Meeting,165873,3,16,12357,2026-0240,Oral Report / Presentation,RECEIVED,,,,0,0,RECEIVE remarks by the Chair.
3234,2026-03-26,Board of Directors - Regular Board Meeting,165874,,13,,,,,,,,0,0,
3234,2026-03-26,Board of Directors - Regular Board Meeting,165875,,36,,,,,,,,0,0,PLANNING AND PROGRAMMING COMMITTEE MADE THE FOLLOWING RECOMMENDATION (4-0):
3234,2026-03-26,Board of Directors - Regular Board Meeting,165876,2,35,12356,2026-0239,Minutes,APPROVED,Pass,Kathryn Barger,James Butts,0,1,"APPROVE Minutes of the Regular Board Meeting held February 26, 2026, Special Board Member Workshop held April 4, 2025, and the Special Board Workshop held March 6, 2026."
3234,2026-03-26,Board of Directors - Regular Board Meeting,167670,7,19,11865,2025-0846,Project,APPROVED AS AMENDED,Pass,Karen Bass,Lindsey Horvath,0,0,"APPROVE AS AMENDED BY BASS, HORVATH, AND BARGER the San Vicente-Fairfax alignment evaluated in the 2024 Draft Environmental Impact Report (EIR) as the Locally Preferred Alternative (LPA) for the K Line Northern Extension (KNE) Project contingent upon the formation of an Enhanced Infrastructure Financing District (EIFD) by the City of West Hollywood in coordination with Los Angeles County to provide additional local sources of funding (at least 25% of the capital cost estimate) per the Early Proj"
3234,2026-03-26,Board of Directors - Regular Board Meeting,167671,4,17,12358,2026-0241,Oral Report / Presentation,,,,,0,0,RECEIVE report by the Chief Executive Officer.
3234,2026-03-26,Board of Directors - Regular Board Meeting,167672,,20,,,,,,,,0,0,"FINANCE, BUDGET AND AUDIT COMMITTEE MADE THE FOLLOWING RECOMMENDATION (4-0):"
3234,2026-03-26,Board of Directors - Regular Board Meeting,167673,,15,,,,,,,,0,0,NON-CONSENT
3234,2026-03-26,Board of Directors - Regular Board Meeting,167674,,18,,,,,,,,0,0,PLANNING AND PROGRAMMING COMMITTEE FORWARDED THE FOLLOWING WITHOUT RECOMMENDATION: 
3234,2026-03-26,Board of Directors - Regular Board Meeting,167675,6,39,12131,2026-0015,Program,APPROVED ON CONSENT CALENDAR,Pass,Kathryn Barger,James Butts,0,0,"CONSIDER:

A.	APPROVING Federal Transit Administration (FTA) Section 5310 funding awards totaling $10,752,739, as shown in Attachments A, B, and C, made available to Metro through the Section 5310 Enhanced Mobility for Seniors and Individuals with Disabilities Program;

B.	AUTHORIZING the Chief Executive Officer (CEO) or their designee to negotiate and execute pass-through funding agreements with the subrecipient agencies receiving the approved awards;

C.	DELEGATING to the CEO or their designee"
3234,2026-03-26,Board of Directors - Regular Board Meeting,167676,,38,,,,,,,,0,0,PLANNING AND PROGRAMMING COMMITTEE MADE THE FOLLOWING RECOMMENDATION (3-0):
3234,2026-03-26,Board of Directors - Regular Board Meeting,167677,5,37,12142,2026-0026,Formula Allocation / Local Return,APPROVED ON CONSENT CALENDAR,Pass,Kathryn Barger,James Butts,0,1,ADOPT the resolution for the 2027 Los Angeles County Transportation Improvement (TIP) Program as shown in Attachment A.
3234,2026-03-26,Board of Directors - Regular Board Meeting,167678,10,44,12129,2026-0013,Agreement,APPROVED,Pass,Kathryn Barger,James Butts,0,1,"AUTHORIZE the Chief Executive Officer (CEO) or their designee to execute a Petition to Renew Los Angeles County Metropolitan Transportation Authority’s (LACMTA) participation in the Downtown Industrial District Property-Based Business Improvement District (BID) for a seven (7) year term commencing January 1, 2027 and expiring December 31, 2033, for a total estimated amount not to exceed $802,365.79 over the term of the BID renewal."
3234,2026-03-26,Board of Directors - Regular Board Meeting,167679,,43,,,,,,,,0,0,"FINANCE, BUDGET AND AUDIT COMMITTEE MADE THE FOLLOWING RECOMMENDATION (4-0):"
3234,2026-03-26,Board of Directors - Regular Board Meeting,167680,9,41,12050,2025-1032,Contract,APPROVED ON CONSENT CALENDAR,Pass,Kathryn Barger,James Butts,0,0,"AUTHORIZE the Chief Executive Officer (CEO) to:

A.	AWARD a cost-plus fixed fee contract, Contract No. AE130368000, for a period of five years, with two, three-year options, to Hill International, Inc., for Program Management Support Services (PMSS) for the K-Line Extension to Torrance Project (formerly referred to as the C (Green) Line Extension) in an amount Not-To-Exceed (NTE) $89,198,548 for the base term, subject to the resolution of any properly submitted protest(s), if any; and

B.	EXECUT"
3234,2026-03-26,Board of Directors - Regular Board Meeting,167682,40,78,12276,2026-0159,Plan,APPROVED ON CONSENT CALENDAR,Pass,Kathryn Barger,James Butts,0,1,"APPROVE the Community and Stakeholder Engagement Plan for the Metro Ad Hoc Board Composition Committee, to support informed, transparent, and inclusive deliberations regarding governance considerations."
3234,2026-03-26,Board of Directors - Regular Board Meeting,167683,,45,,,,,,,,0,0,"FINANCE, BUDGET AND AUDIT COMMITTEE MADE THE FOLLOWING RECOMMENDATION (4-0):"
3234,2026-03-26,Board of Directors - Regular Board Meeting,167684,,52,,,,,,,,0,0,"FINANCE, BUDGET AND AUDIT COMMITTEE MADE THE FOLLOWING RECOMMENDATION (4-0):"
3234,2026-03-26,Board of Directors - Regular Board Meeting,167685,15,53,12097,2025-1079,Contract,APPROVED,Pass,Kathryn Barger,James Butts,0,1,"AUTHORIZE the Chief Executive Officer to award eight, six-year task order-based bench contracts for Municipal Advisory Services and execute task orders under these contracts for a total Not-To-Exceed (NTE) amount of $7,100,000, effective May 1, 2026, subject to the resolution of properly submitted protest(s), if any:

·	PFM Financial Advisors LLC (PS133271000) 
·	Montague DeRose and Associates, LLC (PS133271001)
·	Public Resources Advisory Group (PS133271002)
·	Frasca & Associates, LLC (PS133271"
3234,2026-03-26,Board of Directors - Regular Board Meeting,167686,11,46,11901,2025-0882,Contract,APPROVED,Pass,Kathryn Barger,James Butts,0,1,"AUTHORIZE the Chief Executive Officer to execute Modification No. 3 to Contract No. PS61721000, with Lien On Me, Inc. for workers’ compensation medical bill review services to exercise the second, two-year option in the amount of $2,541,000, increasing the total contract amount from $5,160,225 to $7,701,225, and extending the period of performance from July 1, 2026, to June 30, 2028."
3234,2026-03-26,Board of Directors - Regular Board Meeting,167687,,48,,,,,,,,0,0,"FINANCE, BUDGET AND AUDIT COMMITTEE MADE THE FOLLOWING RECOMMENDATION (4-0):"
3234,2026-03-26,Board of Directors - Regular Board Meeting,167688,,77,,,,,,,,0,0,THE AD HOC BOARD COMPOSITION COMMITTEE MADE THE FOLLOWING RECOMMENDATION (10-0):
3234,2026-03-26,Board of Directors - Regular Board Meeting,167689,,54,,,,,,,,0,0,"FINANCE, BUDGET AND AUDIT COMMITTEE MADE THE FOLLOWING RECOMMENDATION (4-0):"
3234,2026-03-26,Board of Directors - Regular Board Meeting,167690,,76,,,,,,,,0,0,
3234,2026-03-26,Board of Directors - Regular Board Meeting,167691,13,51,12221,2026-0105,Policy,ADOPTED,Pass,Kathryn Barger,James Butts,0,1,"CONSIDER:

A.	ADOPTING the Investment Policy in Attachment A; 

B.	APPROVING the Financial Institutions Resolution authorizing financial institutions to honor signatures of LACMTA’s Officials in Attachment B; and

C.	DELEGATING to the Treasurer or their designees, the authority to invest funds for a one-year period, pursuant to California Government Code (“Code”) Section 53607."
3234,2026-03-26,Board of Directors - Regular Board Meeting,167692,,50,,,,,,,,0,0,"FINANCE, BUDGET AND AUDIT COMMITTEE MADE THE FOLLOWING RECOMMENDATION (4-0):"
3234,2026-03-26,Board of Directors - Regular Board Meeting,167693,12,49,11148,2025-0128,Contract,APPROVED,Pass,Kathryn Barger,James Butts,0,1,"AUTHORIZE the Chief Executive Officer to award a firm fixed unit rate Contract No. PS123711(2)000 with Cubic Transportation Systems, Inc. to provide TAP third party vendor management and support services, in the not-to-exceed (NTE) amount of $584,937 for the two-year base term, $285,176 for the first one-year option, $293,063 for the second one-year option and $301,190 for the third one-year option for a total combined NTE amount of $1,464,366, effective May 1, 2026, subject to the resolution of"
3234,2026-03-26,Board of Directors - Regular Board Meeting,167695,17,23,12230,2026-0114,Resolution,ADOPTED,Pass,Karen Bass,Hilda L. Solis,0,0,"ADOPT a Resolution (Attachment A) that authorizes the issuance and negotiated sale of up to $980 million in aggregate principal amount of Measure R Sales Tax Revenue Senior Bonds (the “Bonds”), in one or more series, to refund the Measure R Senior Sales Tax Revenue Bonds, Series 2016-A (the “Refunded Bonds""), finance capital projects, reimburse LACMTA for the development and construction of certain projects, refund outstanding Measure R Commercial Paper Notes, and to take of all other actions ne"
3234,2026-03-26,Board of Directors - Regular Board Meeting,167696,,29,,,,,,,,0,0,page break
3234,2026-03-26,Board of Directors - Regular Board Meeting,167697,22,25,12158,2026-0042,Policy,APPROVED,Pass,Kathryn Barger,James Butts,0,0,"AMEND the Board Rules and Procedures to include the Information Technology (IT) Disruption Policy (Attachment A) as required by State law.

(REQUIRES SEPARATE, SIMPLE MAJORITY VOTE OF THE BOARD)"
3234,2026-03-26,Board of Directors - Regular Board Meeting,167698,16,21,12224,2026-0108,Resolution,ADOPTED,Pass,Kathryn Barger,James Butts,0,0,"ADOPT a Resolution (Attachment A) that authorizes the issuance and negotiated sale of up to $450 million in aggregate principal amount of Proposition C Sales Tax Revenue Senior Bonds (the “Bonds”), in one or more series, to finance capital projects, refund the Proposition C Senior Sales Tax Revenue Refunding Bonds, Senior Bonds, Series 2016-A (the “Refunded Bonds""), and to take of all other actions necessary in connection with the issuance of the Bonds.

(REQUIRES SEPARATE, SIMPLE MAJORITY VOTE "
3234,2026-03-26,Board of Directors - Regular Board Meeting,167699,,24,,,,,,,,0,0,EXECUTIVE MANAGEMENT COMMITTEE MADE THE FOLLOWING RECOMMENDATION (4-0):
3234,2026-03-26,Board of Directors - Regular Board Meeting,167700,,22,,,,,,,,0,0,"FINANCE, BUDGET AND AUDIT COMMITTEE MADE THE FOLLOWING RECOMMENDATION (4-0):"
3234,2026-03-26,Board of Directors - Regular Board Meeting,167701,33,74,12178,2026-0062,Contract,APPROVED,Pass,Kathryn Barger,James Butts,0,1,"AUTHORIZE the Chief Executive Officer to:

A.	AWARD a firm fixed unit rate contract, Contract No. PS53258000 to BRiC-TPS, LLC, for implementing, operating, and maintaining a new ExpressLanes Back Office System (BOS) in the Not-To-Exceed (NTE) amount of $114,749,473 for the eight-year base period, excluding contract options, and which shall be authorized as follows, subject to the resolution of any properly submitted protest(s), if any:

1.	The Design and Implementation phase of the new BOS will "
3234,2026-03-26,Board of Directors - Regular Board Meeting,167702,,65,,,,,,,,0,0,EXECUTIVE MANAGEMENT COMMITTEE MADE THE FOLLOWING RECOMMENDATION (3-0):
3234,2026-03-26,Board of Directors - Regular Board Meeting,167703,26,64,12349,2026-0232,Motion / Motion Response,APPROVED,Pass,Kathryn Barger,James Butts,0,1,"APPROVE Motion by Dutra, Sandoval, Najarian, Horvath, Yaroslavsky, and Dupont-Walker that the Board direct the Chief Executive Officer to return to the Board with a comprehensive P3 and Innovative Financing Strategy and Implementation Roadmap Plan with an initial report in July 2026 that includes a status on:

A.	Engaging the private sector to gauge industry interest and conditions needed for successful P3 participation, including market trends analysis to establish a refined conceptual framewor"
3234,2026-03-26,Board of Directors - Regular Board Meeting,167704,,63,,,,,,,,0,0,EXECUTIVE MANAGEMENT COMMITTEE MADE THE FOLLOWING RECOMMENDATION (3-0):
3234,2026-03-26,Board of Directors - Regular Board Meeting,167705,25,62,12163,2026-0047,Contract,APPROVED ON CONSENT CALENDAR,Pass,Kathryn Barger,James Butts,0,0,APPROVE the Memorandum of Understanding (MOU) with the Los Angeles Organizing Committee for the Olympic and Paralympic Games 2028 (LA28) (Attachment A).
3234,2026-03-26,Board of Directors - Regular Board Meeting,167706,,61,,,,,,,,0,0,EXECUTIVE MANAGEMENT COMMITTEE MADE THE FOLLOWING RECOMMENDATION (3-0):
3234,2026-03-26,Board of Directors - Regular Board Meeting,167707,21,59,12236,2026-0120,Ordinance / Administrative Code,ADOPTED,Pass,Kathryn Barger,James Butts,0,1,"APPROVE amendment of Title 5 (Ethics) of Metro’s Administrative Code to include the  “Code of Conduct for Metro Advisory Bodies” (Attachment A), applicable to all members of Metro’s advisory bodies."
3234,2026-03-26,Board of Directors - Regular Board Meeting,167708,,58,,,,,,,,0,0,EXECUTIVE MANAGEMENT COMMITTEE MADE THE FOLLOWING RECOMMENDATION (4-0):
3234,2026-03-26,Board of Directors - Regular Board Meeting,167709,20,57,12067,2025-1049,Contract,APPROVED,Pass,Kathryn Barger,James Butts,0,1,"AUTHORIZE the Chief Executive Officer to:

A.	AWARD a cost-plus fixed fee, task order-based Contract No. AE131392EN088, with TRC Engineers, Inc. (CA) for Energy and Climate Consultant Services, for a three-year base term in an amount Not-To-Exceed (NTE) $18,078,000, plus two, one-year options in an amount not to exceed $3,111,000 for each option year, for a total NTE amount of $24,300,000, subject to the resolution of any properly submitted protests, if any;

B.	AWARD individual Task Orders and "
3234,2026-03-26,Board of Directors - Regular Board Meeting,167710,,56,,,,,,,,0,0,EXECUTIVE MANAGEMENT COMMITTEE MADE THE FOLLOWING RECOMMENDATION (4-0):
3234,2026-03-26,Board of Directors - Regular Board Meeting,167711,19,55,12350,2026-0233,Motion / Motion Response,APPROVED,Pass,Kathryn Barger,James Butts,0,1,"APPROVE Motion by Yaroslavsky, Bass, Dutra, Sandoval, and Solis that the Board direct the Chief Executive Officer to report back within 180 days with a strategic framework for implementing a Metro Station Commercial District Strategy across the Metro system, positioning stations as active commercial hubs with retail, services, and mixed-use development integrated above, within, and adjacent to stations to support long-term non-fare revenue generation. The report back should include progress on t"
3234,2026-03-26,Board of Directors - Regular Board Meeting,167712,,26,,,,,,,,0,0,EXECUTIVE MANAGEMENT COMMITTEE MADE THE FOLLOWING RECOMMENDATION AS AMENDED (4-0):
3234,2026-03-26,Board of Directors - Regular Board Meeting,167713,24,27,12277,2026-0160,Federal Legislation / State Legislation (Position),ADOPTED,Pass,Tim Sandoval,Hilda L. Solis,0,0,"ADOPT the following staff recommended position:

SB 667 (Archuleta) - Railroads: Safety. Wayside Detectors. As amended January 22, 2026. - OPPOSE UNLESS AMENDED SEEK AMENDMENTS"
3234,2026-03-26,Board of Directors - Regular Board Meeting,167715,,30,,,,,,,,0,0,
3234,2026-03-26,Board of Directors - Regular Board Meeting,167716,,31,,,,,,,,0,0,
3234,2026-03-26,Board of Directors - Regular Board Meeting,167717,28,68,12119,2026-0003,Contract,APPROVED,Pass,Kathryn Barger,James Butts,0,1,"AUTHORIZE the Chief Executive Officer to execute Modification No. 4 to Contract No. PS7235000 with FRS Environmental, Inc., to continue to provide parts washer leasing and maintenance services, increasing the total Not-To-Exceed (NTE) contract value by $356,513.62 from $1,587,712.50 to $1,944,226.12, and extending the period of performance for the duration of one year, from May 1, 2026, through April 30, 2027."
3234,2026-03-26,Board of Directors - Regular Board Meeting,167718,27,66,12351,2026-0234,Motion / Motion Response,APPROVED,Pass,Kathryn Barger,James Butts,0,1,"APPROVE Motion by Hahn, Dutra, and Solis that the Metro Board direct the Chief Executive Officer to advance the following objectives pertaining to the Pico Rivera Regional Rail Station: 

A.	Continue coordination with CAHSR to ensure that their Final EIR/EIS and/or Supplemental EIR/EIS of the LA-to-Anaheim Project Section reflects a local decision regarding the Commerce Metrolink Station relocation mitigation in Pico Rivera;

B.	Identify and program resources, as funding allows, to advance up to"
3234,2026-03-26,Board of Directors - Regular Board Meeting,167719,,73,,,,,,,,0,0,"OPERATIONS, SAFETY, AND CUSTOMER EXPERIENCE COMMITTEE MADE THE FOLLOWING RECOMMENDATION (4-0):"
3234,2026-03-26,Board of Directors - Regular Board Meeting,167720,,67,,,,,,,,0,0,"OPERATIONS, SAFETY, AND CUSTOMER EXPERIENCE COMMITTEE MADE THE FOLLOWING RECOMMENDATION UNDER RECONSIDERATION (3-0):"
3234,2026-03-26,Board of Directors - Regular Board Meeting,167721,30,72,12243,2026-0127,Contract,APPROVED,Pass,Kathryn Barger,James Butts,0,1,"AUTHORIZE the Chief Executive Officer (CEO) to:

A.	EXECUTE Modification No. 21 to Contract No. PS272680011357 with Bicycle Transit Systems, Inc. (BTS) to exercise up to six, one-month options, each separately as needed from June 1, 2026, to November 30, 2026, to continue Metro Bike Share (MBS) program services in the Not-to-Exceed (NTE) amount of $6,505,955, increasing the total contract value from $131,155,423 to $137,661,378; and

B.	EXECUTE individual contract modifications within the Board-"
3234,2026-03-26,Board of Directors - Regular Board Meeting,167722,,71,,,,,,,,0,0,"OPERATIONS, SAFETY, AND CUSTOMER EXPERIENCE COMMITTEE MADE THE FOLLOWING RECOMMENDATION UNDER RECONSIDERATION (3-0):"
3234,2026-03-26,Board of Directors - Regular Board Meeting,167723,29,70,12164,2026-0048,Contract,APPROVED,Pass,Kathryn Barger,James Butts,0,1,"AUTHORIZE the Chief Executive Officer to execute Modification No. 5 to Contract No. OP1788370008370 to exercise the two-year option with Deco Fence Company to provide fence repair and maintenance services in the Not-To-Exceed (NTE) amount of $1,654,560, increasing the total contract NTE amount from $2,290,068 to $3,944,628, and extending the period of performance from May 1, 2026, to April 30, 2028."
3234,2026-03-26,Board of Directors - Regular Board Meeting,167724,,69,,,,,,,,0,0,"OPERATIONS, SAFETY, AND CUSTOMER EXPERIENCE COMMITTEE MADE THE FOLLOWING RECOMMENDATION UNDER RECONSIDERATION (3-0):"
3234,2026-03-26,Board of Directors - Regular Board Meeting,167728,,75,,,,,,,,0,0,
3234,2026-03-26,Board of Directors - Regular Board Meeting,167729,,33,,,,,,,,0,0,page break
3234,2026-03-26,Board of Directors - Regular Board Meeting,167730,,47,,,,,,,,0,0,page break
3234,2026-03-26,Board of Directors - Regular Board Meeting,167731,,28,,,,,,,,0,0,END OF NON-CONSENT
3234,2026-03-26,Board of Directors - Regular Board Meeting,167732,,42,,,,,,,,0,0,page break
3234,2026-03-26,Board of Directors - Regular Board Meeting,167733,,60,,,,,,,,0,0,page break
3234,2026-03-26,Board of Directors - Regular Board Meeting,167874,,,,,,APPROVED ON CONSENT CALENDAR,Pass,Kathryn Barger,James Butts,0,1,Approval of the Consent Agenda
3236,2026-04-15,Construction Committee,166340,,1,,,,,,,,0,0,page break
3236,2026-04-15,Construction Committee,166341,,2,,,,,,,,0,0,Live Public Comment Instructions:
3236,2026-04-15,Construction Committee,166342,,3,,,,,,,,0,0,"Live public comment can be given by telephone or in-person.

The Meeting begins at 1:00 PM Pacific Time on April 15, 2026; you may join the call 5 minutes prior to the start of the meeting.

Dial-in: 888-978-8818 and enter
English Access Code: 5647249#
Spanish Access Code: 7292892#"
3236,2026-04-15,Construction Committee,166343,,4,,,,,,,,0,0,"Public comment will be taken as the Board takes up each item. To give public  comment on an item, enter #2 (pound-two) when prompted. Please note that the live  video feed lags about 30 seconds behind the actual meeting. There is no lag on the  public comment dial-in line."
3236,2026-04-15,Construction Committee,166344,,5,,,,,,,,0,0,Instrucciones para comentarios publicos en vivo:
3236,2026-04-15,Construction Committee,166345,,6,,,,,,,,0,0,"Los comentarios publicos en vivo se pueden dar por telefono o en persona.

La Reunion de la Junta comienza a las 1:00 PM, hora del Pacifico, el 15 de Abril de 2026.
Puedes unirte a la llamada 5 minutos antes del comienso de la junta.

Marque: 888-978-8818 y ingrese el codigo
Codigo de acceso en ingles: 5647249#
Codigo de acceso en espanol: 7292892#"
3236,2026-04-15,Construction Committee,166346,,7,,,,,,,,0,0,Los comentarios del público se tomaran cuando se toma cada tema. Para dar un  comentario público sobre una tema ingrese # 2 (Tecla de numero y dos) cuando se le  solicite. Tenga en cuenta que la transmisión de video en vivo se retrasa unos 30  segundos con respecto a la reunión real. No hay retraso en la línea de acceso telefónico para comentarios públicos.
3236,2026-04-15,Construction Committee,166347,,8,,,,,,,,0,0,Written Public Comment Instruction:
3236,2026-04-15,Construction Committee,166348,,9,,,,,,,,0,0,"Written public comments must be received by 5PM the day before the meeting.
Please include the Item # in your comment and your position of “FOR,” “AGAINST,” ""GENERAL COMMENT,"" or ""ITEM NEEDS MORE CONSIDERATION.""
Email: BoardClerk@metro.net
Post Office Mail:
Board Administration
One Gateway Plaza
MS: 99-3-1
Los Angeles, CA 90012"
3236,2026-04-15,Construction Committee,166349,,10,,,,,,,,0,0,page break
3236,2026-04-15,Construction Committee,166350,,11,,,,,,,,0,0,CALL TO ORDER
3236,2026-04-15,Construction Committee,166351,,12,,,,,,,,1,0,ROLL CALL
3236,2026-04-15,Construction Committee,166639,,26,12377,2026-0260,Informational Report,,,,,0,0,RECEIVE General Public Comment
3236,2026-04-15,Construction Committee,166640,,27,,,,,,,,0,0,"Consideration of items not on the posted agenda, including: items to be presented and (if requested) referred to staff; items to be placed on the agenda for action at a future meeting of the Committee or Board; and/or items requiring immediate action because of an emergency situation or where the need to take immediate action came to the attention of the Committee subsequent to the posting of the agenda."
3236,2026-04-15,Construction Committee,166641,,28,,,,,,,,0,0,COMMENTS FROM THE PUBLIC ON ITEMS OF PUBLIC INTEREST WITHIN COMMITTEE’S SUBJECT MATTER JURISDICTION
3236,2026-04-15,Construction Committee,166642,,29,,,,,,,,0,0,Adjournment
3236,2026-04-15,Construction Committee,166643,,25,,,,,,,,0,0,
3236,2026-04-15,Construction Committee,167882,,20,,,,,,,,0,0,NON-CONSENT
3236,2026-04-15,Construction Committee,167883,11,17,12157,2026-0041,Contract,,,,,0,0,"AUTHORIZE the Chief Executive Officer to execute Modification No. 2 for the Job Order Contracting Professional Services Contract OP261685000 with The Gordian Group, Inc., in the Not-To-Exceed (NTE) contract amount of $5,000,000, increasing the total NTE contract amount from $499,999 to $5,499,999."
3236,2026-04-15,Construction Committee,167884,,14,,,,,,,,0,0,CONSENT CALENDAR
3236,2026-04-15,Construction Committee,167885,,13,,,,,,,,0,0,"APPROVE Consent Calendar Items: 10, 11, and 12.

Consent Calendar items are approved by one motion unless held by a Director for discussion and/or separate action."
3236,2026-04-15,Construction Committee,167886,15,23,12144,2026-0028,Oral Report / Presentation,RECEIVED,,,,0,0,RECEIVE the quarterly oral report on the status of the Caltrans construction projects.
3236,2026-04-15,Construction Committee,167887,14,22,12318,2026-0201,Informational Report,RECEIVED AND FILED,,,,0,0,"RECEIVE AND FILE Office of the Inspector General Construction Change Order Spot Check Report for the period December 1, 2025, to February 28, 2026."
3236,2026-04-15,Construction Committee,167888,13,21,12319,2026-0202,Informational Report,RECEIVED AND FILED,,,,0,0,RECEIVE AND FILE status report on Program Management Quarterly Changes.
3236,2026-04-15,Construction Committee,167892,10,15,12254,2026-0137,Contract,,,,,0,0,"AUTHORIZE the Chief Executive Officer or their designee to:

A.	EXECUTE Modification No. 01 to Contract No. PS1334-5600 with Dr. Youssef Hashash to continue to provide Tunnel Advisory Panel Services, in an amount Not-To-Exceed (NTE) $781,459 increasing the total contract value from $329,562 to $1,111,021 and extend the contract from June 30, 2026, to June 30, 2029; 

B.	EXECUTE Modification No. 09 to Contract No. PS-8510-2493 with Dr. Edward J. Cording, to continue to provide Tunnel Advisory Pan"
3236,2026-04-15,Construction Committee,167893,,24,,,,,,,,0,0,
3236,2026-04-15,Construction Committee,167981,12,18,12214,2026-0098,Contract,,,,,0,0,"AUTHORIZE the Chief Executive Officer to:
 
A.	EXECUTE Modification No. 12 to Contract No. PS2415-3412 with STV Inc. to advance the design for Segment 1 through 4 of the Brighton to Roxford Double Track Project in the amount of $7,501,189, increasing the Total Contract Value from $20,714,530 to $27,715,948 and extend the period of performance from July 31, 2026, to June 30, 2028; and
 
B.	APPROVE programming an additional $10,701,189, increasing the programmed Measure R 3% and TIRCP funds fr"
3236,2026-04-15,Construction Committee,167985,,16,,,,,,,,0,0,page break
3236,2026-04-15,Construction Committee,168046,,19,,,,,,,,0,0,page break
3237,2026-04-15,Planning and Programming Committee,165998,,1,,,,,,,,0,0,page break
3237,2026-04-15,Planning and Programming Committee,165999,,2,,,,,,,,0,0,Live Public Comment Instructions:
3237,2026-04-15,Planning and Programming Committee,166000,,3,,,,,,,,0,0,"Live public comment can be given by telephone or in-person.

The Meeting begins at 11:00 AM Pacific Time on April 15, 2026; you may join the call 5 minutes prior to the start of the meeting.

Dial-in: 888-978-8818 and enter
English Access Code: 5647249#
Spanish Access Code: 7292892#"
3237,2026-04-15,Planning and Programming Committee,166001,,4,,,,,,,,0,0,"Public comment will be taken as the Board takes up each item. To give public  comment on an item, enter #2 (pound-two) when prompted. Please note that the live  video feed lags about 30 seconds behind the actual meeting. There is no lag on the  public comment dial-in line."
3237,2026-04-15,Planning and Programming Committee,166002,,5,,,,,,,,0,0,Instrucciones para comentarios publicos en vivo:
3237,2026-04-15,Planning and Programming Committee,166003,,6,,,,,,,,0,0,"Los comentarios publicos en vivo se pueden dar por telefono o en persona.

La Reunion de la Junta comienza a las 11:00 AM, hora del Pacifico, el 15 de Abril de 2026.
Puedes unirte a la llamada 5 minutos antes del comienso de la junta.

Marque: 888-978-8818 y ingrese el codigo
Codigo de acceso en ingles: 5647249#
Codigo de acceso en espanol: 7292892#"
3237,2026-04-15,Planning and Programming Committee,166004,,7,,,,,,,,0,0,Los comentarios del público se tomaran cuando se toma cada tema. Para dar un  comentario público sobre una tema ingrese # 2 (Tecla de numero y dos) cuando se le  solicite. Tenga en cuenta que la transmisión de video en vivo se retrasa unos 30  segundos con respecto a la reunión real. No hay retraso en la línea de acceso telefónico para comentarios públicos.
3237,2026-04-15,Planning and Programming Committee,166005,,8,,,,,,,,0,0,Written Public Comment Instruction:
3237,2026-04-15,Planning and Programming Committee,166006,,9,,,,,,,,0,0,"Written public comments must be received by 5PM the day before the meeting.
Please include the Item # in your comment and your position of “FOR,” “AGAINST,” ""GENERAL COMMENT,"" or ""ITEM NEEDS MORE CONSIDERATION.""
Email: BoardClerk@metro.net
Post Office Mail:
Board Administration
One Gateway Plaza
MS: 99-3-1
Los Angeles, CA 90012"
3237,2026-04-15,Planning and Programming Committee,166007,,10,,,,,,,,0,0,page break
3237,2026-04-15,Planning and Programming Committee,166008,,11,,,,,,,,0,0,CALL TO ORDER
3237,2026-04-15,Planning and Programming Committee,166009,,12,,,,,,,,1,0,ROLL CALL
3237,2026-04-15,Planning and Programming Committee,166335,,21,,,,,,,,0,0, 
3237,2026-04-15,Planning and Programming Committee,166336,,22,12376,2026-0259,Informational Report,,,,,0,0,RECEIVE General Public Comment
3237,2026-04-15,Planning and Programming Committee,166337,,23,,,,,,,,0,0,"Consideration of items not on the posted agenda, including: items to be presented and (if requested) referred to staff; items to be placed on the agenda for action at a future meeting of the Committee or Board; and/or items requiring immediate action because of an emergency situation or where the need to take immediate action came to the attention of the Committee subsequent to the posting of the agenda."
3237,2026-04-15,Planning and Programming Committee,166338,,24,,,,,,,,0,0,COMMENTS FROM THE PUBLIC ON ITEMS OF PUBLIC INTEREST WITHIN COMMITTEE’S SUBJECT MATTER JURISDICTION
3237,2026-04-15,Planning and Programming Committee,166339,,25,,,,,,,,0,0,Adjournment
3237,2026-04-15,Planning and Programming Committee,167873,,13,,,,,,,,0,0,"APPROVE Consent Calendar Item: 5.

Consent Calendar items are approved by one motion unless held by a Director for discussion and/or separate action."
3237,2026-04-15,Planning and Programming Committee,167875,7,18,12337,2026-0220,Informational Report,RECEIVED AND FILED,,,,0,0,RECEIVE AND FILE status report on Measure M 10-Year Comprehensive Assessment.
3237,2026-04-15,Planning and Programming Committee,167878,6,17,11860,2025-0841,Contract,,,,,0,0,"AUTHORIZE the Chief Executive Officer (CEO) to: 

A.	EXECUTE Modification No. 10 to Contract No. AE333410011375 with Parsons Transportation Group, Inc. (PTG) to provide additional professional services needed to complete the environmental phase of the I-605 Corridor Multimodal Improvements Project (I-605 CMIP) in the amount of $21,826,798, increasing the total contract value from $28,723,699 to $50,550,497 and, extend the period of performance from September 30, 2026, to December 30, 2028; and"
3237,2026-04-15,Planning and Programming Committee,167879,,16,,,,,,,,0,0,NON-CONSENT
3237,2026-04-15,Planning and Programming Committee,167880,5,15,12138,2026-0022,Agreement,,,,,0,0,"AUTHORIZE the Chief Executive Officer (CEO), or designee, to execute an amendment to the Exclusive Negotiations and Planning Agreement (ENA) with Walter J Company (Developer) to extend the term for one year for the joint development of 1.8 acres of Metro-owned property at the Westlake MacArthur Park (B/D) Line Station (Station) in the City of Los Angeles (City)."
3237,2026-04-15,Planning and Programming Committee,167881,,14,,,,,,,,0,0,CONSENT CALENDAR
3237,2026-04-15,Planning and Programming Committee,168044,9,20,12416,2026-0299,Motion / Motion Response,,,,,0,0,"APPROVE Motion by Padilla, Dutra, Bass, Horvath, Dupont-Walker, and Yaroslavsky that the Board direct the Chief Executive Officer to:

A.	Establish Van Nuys as a major regional transit hub connecting the G Line, the East San Fernando Valley Light Rail Project, and the Sepulveda Transit Corridor, recognizing that the G Line and ESFV designs are locked and that the Sepulveda Transit Corridor, particularly its Initial Operating Segment, represents the primary remaining opportunity to design for sea"
3237,2026-04-15,Planning and Programming Committee,168045,8,19,12414,2026-0297,Motion / Motion Response,,,,,0,0,"APPROVE Motion by Padilla, Dutra, Bass, Horvath, Dupont-Walker, and Yaroslavsky that the Board direct the Chief Executive Officer to:

A.	Evaluate current and projected demand for in-person customer service in the San Fernando Valley, including reduced fare applications, TAP card services, lost and found, and fare media purchases, with particular attention to underserved and transit-dependent communities;

B.	Evaluate Metro's prior Customer Center at Sherman Way and Van Nuys Boulevard, including"
3238,2026-04-16,"Finance, Budget and Audit Committee",166644,,1,,,,,,,,0,0,page break
3238,2026-04-16,"Finance, Budget and Audit Committee",166645,,2,,,,,,,,0,0,Live Public Comment Instructions:
3238,2026-04-16,"Finance, Budget and Audit Committee",166646,,3,,,,,,,,0,0,"Live public comment can be given by telephone or in-person.

The Meeting begins at 10:00 AM Pacific Time on April 16, 2026; you may join the call 5 minutes prior to the start of the meeting.

Dial-in: 888-978-8818 and enter
English Access Code: 5647249#
Spanish Access Code: 7292892#"
3238,2026-04-16,"Finance, Budget and Audit Committee",166647,,4,,,,,,,,0,0,"Public comment will be taken as the Board takes up each item. To give public  comment on an item, enter #2 (pound-two) when prompted. Please note that the live  video feed lags about 30 seconds behind the actual meeting. There is no lag on the  public comment dial-in line."
3238,2026-04-16,"Finance, Budget and Audit Committee",166648,,5,,,,,,,,0,0,Instrucciones para comentarios publicos en vivo:
3238,2026-04-16,"Finance, Budget and Audit Committee",166649,,6,,,,,,,,0,0,"Los comentarios publicos en vivo se pueden dar por telefono o en persona.

La Reunion de la Junta comienza a las 10:00 AM, hora del Pacifico, el 16 de Abril de 2026.
Puedes unirte a la llamada 5 minutos antes del comienso de la junta.

Marque: 888-978-8818 y ingrese el codigo
Codigo de acceso en ingles: 5647249#
Codigo de acceso en espanol: 7292892#"
3238,2026-04-16,"Finance, Budget and Audit Committee",166650,,7,,,,,,,,0,0,Los comentarios del público se tomaran cuando se toma cada tema. Para dar un  comentario público sobre una tema ingrese # 2 (Tecla de numero y dos) cuando se le  solicite. Tenga en cuenta que la transmisión de video en vivo se retrasa unos 30  segundos con respecto a la reunión real. No hay retraso en la línea de acceso telefónico para comentarios públicos.
3238,2026-04-16,"Finance, Budget and Audit Committee",166651,,8,,,,,,,,0,0,Written Public Comment Instruction:
3238,2026-04-16,"Finance, Budget and Audit Committee",166652,,9,,,,,,,,0,0,"Written public comments must be received by 5PM the day before the meeting.
Please include the Item # in your comment and your position of “FOR,” “AGAINST,” ""GENERAL COMMENT,"" or ""ITEM NEEDS MORE CONSIDERATION.""
Email: BoardClerk@metro.net
Post Office Mail:
Board Administration
One Gateway Plaza
MS: 99-3-1
Los Angeles, CA 90012"
3238,2026-04-16,"Finance, Budget and Audit Committee",166653,,10,,,,,,,,0,0,page break
3238,2026-04-16,"Finance, Budget and Audit Committee",166654,,11,,,,,,,,0,0,CALL TO ORDER
3238,2026-04-16,"Finance, Budget and Audit Committee",166655,,12,,,,,,,,1,0,ROLL CALL
3238,2026-04-16,"Finance, Budget and Audit Committee",166938,,25,12379,2026-0262,Informational Report,,,,,0,0,RECEIVE General Public Comment
3238,2026-04-16,"Finance, Budget and Audit Committee",166939,,26,,,,,,,,0,0,"Consideration of items not on the posted agenda, including: items to be presented and (if requested) referred to staff; items to be placed on the agenda for action at a future meeting of the Committee or Board; and/or items requiring immediate action because of an emergency situation or where the need to take immediate action came to the attention of the Committee subsequent to the posting of the agenda."
3238,2026-04-16,"Finance, Budget and Audit Committee",166940,,27,,,,,,,,0,0,COMMENTS FROM THE PUBLIC ON ITEMS OF PUBLIC INTEREST WITHIN COMMITTEE’S SUBJECT MATTER JURISDICTION
3238,2026-04-16,"Finance, Budget and Audit Committee",166941,,28,,,,,,,,0,0,Adjournment
3238,2026-04-16,"Finance, Budget and Audit Committee",167900,,24,,,,,,,,0,0,
3238,2026-04-16,"Finance, Budget and Audit Committee",167901,,19,,,,,,,,0,0,NON-CONSENT
3238,2026-04-16,"Finance, Budget and Audit Committee",167902,23,18,12165,2026-0049,Informational Report,,,,,0,0,"RECEIVE AND FILE Office of the Inspector General (OIG) Final Report on the Statutorily Mandated Audit of Miscellaneous Expenses for the period of April 1, 2025, to June 30, 2025."
3238,2026-04-16,"Finance, Budget and Audit Committee",167903,,14,,,,,,,,0,0,CONSENT CALENDAR
3238,2026-04-16,"Finance, Budget and Audit Committee",167904,,13,,,,,,,,0,0,"APPROVE Consent Calendar Items: 20, 21, 22, and 23.

Consent Calendar items are approved by one motion unless held by a Director for discussion and/or separate action."
3238,2026-04-16,"Finance, Budget and Audit Committee",167905,22,17,12308,2026-0191,Contract,,,,,0,0,"AUTHORIZE the Chief Executive Officer to:  

A.	AWARD a five-year, firm fixed unit rate Contract No. PS135819000 to Vasquez & Company LLP to perform Consolidated Financial and Compliance Audit of the programs, jurisdictions, and agencies listed in Attachment A (Package A) for fiscal years (FY) 2026-2030 in the Not-To-Exceed (NTE) amount of $2,715,634, effective May 1, 2026, subject to the resolution of any properly submitted protest(s) if any; and

B.	AWARD a five-year, firm fixed unit rate Cont"
3238,2026-04-16,"Finance, Budget and Audit Committee",167906,21,16,12078,2025-1060,Program,,,,,0,0,"AUTHORIZE the Chief Executive Officer to negotiate and purchase All Risk Property and Boiler and Machinery insurance policies for all Metro properties at a not-to-exceed premium of $10 million for the 12-month period of May 10, 2026 through May 10, 2027."
3238,2026-04-16,"Finance, Budget and Audit Committee",167907,20,15,11900,2025-0881,Contract,,,,,0,0,"AUTHORIZE the Chief Executive Officer to execute Modification No. 2 to Contract No. PS73428000 with Genex Services, LLC in the amount of $259,125 to continue to provide workers’ compensation utilization and peer review, physician consulting, and expedited review services, increasing the contract value from $609,090 to $868,215."
3238,2026-04-16,"Finance, Budget and Audit Committee",167908,26,22,12185,2026-0069,Informational Report,RECEIVED AND FILED,,,,0,0,RECEIVE AND FILE the Fiscal Year 2027 (FY27) Budget Development Status Update.
3238,2026-04-16,"Finance, Budget and Audit Committee",167909,25,21,12324,2026-0207,Informational Report,RECEIVED AND FILED,,,,0,0,"RECEIVE AND FILE the Los Angeles County Metropolitan Transportation Authority’s (Metro) basic financial statements and component financial statement audits completed by Crowe LLP (Crowe) as of and for the fiscal year ended June 30, 2025."
3238,2026-04-16,"Finance, Budget and Audit Committee",167912,,23,,,,,,,,0,0,
3238,2026-04-16,"Finance, Budget and Audit Committee",167982,24,20,12256,2026-0139,Contract,,,,,0,0,"AUTHORIZE the Chief Executive Officer (CEO) to:

A.	AWARD three, seven-year task order-based bench Contracts for Real Estate & Transit Oriented Communities Environmental Services for a total Not-To-Exceed (NTE) amount of $17,390,400 to the following firms, subject to resolution of any properly submitted protest(s), if any:
1.	Kimley-Horn and Associates, Inc. (Contract No. AE135067001)
2.	Polytechnique Environmental, Inc. (Contract No. AE135067002)
3.	TRC Solutions, Inc. (Contract No. AE135067003"
3239,2026-04-16,Executive Management Committee,166942,,1,,,,,,,,1,0,page break
3239,2026-04-16,Executive Management Committee,166943,,2,,,,,,,,0,0,Live Public Comment Instructions:
3239,2026-04-16,Executive Management Committee,166944,,3,,,,,,,,0,0,"Live public comment can be given by telephone or in-person.

The Meeting begins at 11:00 AM Pacific Time on April 16, 2026; you may join the call 5 minutes prior to the start of the meeting.

Dial-in: 888-978-8818 and enter
English Access Code: 5647249#
Spanish Access Code: 7292892#"
3239,2026-04-16,Executive Management Committee,166945,,4,,,,,,,,0,0,"Public comment will be taken as the Board takes up each item. To give public  comment on an item, enter #2 (pound-two) when prompted. Please note that the live  video feed lags about 30 seconds behind the actual meeting. There is no lag on the  public comment dial-in line."
3239,2026-04-16,Executive Management Committee,166946,,5,,,,,,,,0,0,Instrucciones para comentarios publicos en vivo:
3239,2026-04-16,Executive Management Committee,166947,,6,,,,,,,,0,0,"Los comentarios publicos en vivo se pueden dar por telefono o en persona.

La Reunion de la Junta comienza a las 11:00 AM, hora del Pacifico, el 16 de Abril de 2026.
Puedes unirte a la llamada 5 minutos antes del comienso de la junta.

Marque: 888-978-8818 y ingrese el codigo
Codigo de acceso en ingles: 5647249#
Codigo de acceso en espanol: 7292892#"
3239,2026-04-16,Executive Management Committee,166948,,7,,,,,,,,0,0,Los comentarios del público se tomaran cuando se toma cada tema. Para dar un  comentario público sobre una tema ingrese # 2 (Tecla de numero y dos) cuando se le  solicite. Tenga en cuenta que la transmisión de video en vivo se retrasa unos 30  segundos con respecto a la reunión real. No hay retraso en la línea de acceso telefónico para comentarios públicos.
3239,2026-04-16,Executive Management Committee,166949,,8,,,,,,,,0,0,Written Public Comment Instruction:
3239,2026-04-16,Executive Management Committee,166950,,9,,,,,,,,0,0,"Written public comments must be received by 5PM the day before the meeting.
Please include the Item # in your comment and your position of “FOR,” “AGAINST,” ""GENERAL COMMENT,"" or ""ITEM NEEDS MORE CONSIDERATION.""
Email: BoardClerk@metro.net
Post Office Mail:
Board Administration
One Gateway Plaza
MS: 99-3-1
Los Angeles, CA 90012"
3239,2026-04-16,Executive Management Committee,166951,,10,,,,,,,,0,0,page break
3239,2026-04-16,Executive Management Committee,166952,,11,,,,,,,,0,0,CALL TO ORDER
3239,2026-04-16,Executive Management Committee,166953,,12,,,,,,,,1,0,ROLL CALL
3239,2026-04-16,Executive Management Committee,167253,,19,12380,2026-0263,Informational Report,,,,,0,0,RECEIVE General Public Comment
3239,2026-04-16,Executive Management Committee,167254,,20,,,,,,,,0,0,"Consideration of items not on the posted agenda, including: items to be presented and (if requested) referred to staff; items to be placed on the agenda for action at a future meeting of the Committee or Board; and/or items requiring immediate action because of an emergency situation or where the need to take immediate action came to the attention of the Committee subsequent to the posting of the agenda."
3239,2026-04-16,Executive Management Committee,167255,,21,,,,,,,,0,0,COMMENTS FROM THE PUBLIC ON ITEMS OF PUBLIC INTEREST WITHIN COMMITTEE’S SUBJECT MATTER JURISDICTION
3239,2026-04-16,Executive Management Committee,167256,,22,,,,,,,,0,0,Adjournment
3239,2026-04-16,Executive Management Committee,167257,,18,,,,,,,,0,0,
3239,2026-04-16,Executive Management Committee,167913,30,17,12307,2026-0190,Informational Report,RECEIVED AND FILED,,,,0,0,RECEIVE AND FILE the HOME Quarterly Report.
3239,2026-04-16,Executive Management Committee,167915,,13,,,,,,,,0,0,
3239,2026-04-16,Executive Management Committee,167920,28,15,12371,2026-0254,Informational Report,RECEIVED AND FILED,,,,0,0,RECEIVE AND FILE April 2026 Federal and State Legislative Report.
3239,2026-04-16,Executive Management Committee,167923,29,16,12302,2026-0185,Informational Report,RECEIVED AND FILED,,,,0,0,RECEIVE AND FILE the Community Advisory Council (CAC) Quarterly Update.
3239,2026-04-16,Executive Management Committee,167975,27,14,12328,2026-0211,Program,,,,,0,0,AUTHORIZE the Chief Executive Officer to create a Metro Climate Card (MCC) 3-year Pilot Program that meets California Environmental Quality Act (CEQA) requirements for Vehicle Miles Traveled (VMT) mitigation that would apply to new private construction development projects under Senate Bill (SB) 743.
3240,2026-04-16,"Operations, Safety, and Customer Experience Committee",167258,,1,,,,,,,,0,0,page break
3240,2026-04-16,"Operations, Safety, and Customer Experience Committee",167259,,2,,,,,,,,0,0,Live Public Comment Instructions:
3240,2026-04-16,"Operations, Safety, and Customer Experience Committee",167260,,3,,,,,,,,0,0,"Live public comment can be given by telephone or in-person.

The Meeting begins at 1:00 PM Pacific Time on April 16, 2026; you may join the call 5 minutes prior to the start of the meeting.

Dial-in: 888-978-8818 and enter
English Access Code: 5647249#
Spanish Access Code: 7292892#"
3240,2026-04-16,"Operations, Safety, and Customer Experience Committee",167261,,4,,,,,,,,0,0,"Public comment will be taken as the Board takes up each item. To give public  comment on an item, enter #2 (pound-two) when prompted. Please note that the live  video feed lags about 30 seconds behind the actual meeting. There is no lag on the  public comment dial-in line."
3240,2026-04-16,"Operations, Safety, and Customer Experience Committee",167262,,5,,,,,,,,0,0,Instrucciones para comentarios publicos en vivo:
3240,2026-04-16,"Operations, Safety, and Customer Experience Committee",167263,,6,,,,,,,,0,0,"Los comentarios publicos en vivo se pueden dar por telefono o en persona.

La Reunion de la Junta comienza a las 1:00 PM, hora del Pacifico, el 16 de Abril de 2026.
Puedes unirte a la llamada 5 minutos antes del comienso de la junta.

Marque: 888-978-8818 y ingrese el codigo
Codigo de acceso en ingles: 5647249#
Codigo de acceso en espanol: 7292892#"
3240,2026-04-16,"Operations, Safety, and Customer Experience Committee",167264,,7,,,,,,,,0,0,Los comentarios del público se tomaran cuando se toma cada tema. Para dar un  comentario público sobre una tema ingrese # 2 (Tecla de numero y dos) cuando se le  solicite. Tenga en cuenta que la transmisión de video en vivo se retrasa unos 30  segundos con respecto a la reunión real. No hay retraso en la línea de acceso telefónico para comentarios públicos.
3240,2026-04-16,"Operations, Safety, and Customer Experience Committee",167265,,8,,,,,,,,0,0,Written Public Comment Instruction:
3240,2026-04-16,"Operations, Safety, and Customer Experience Committee",167266,,9,,,,,,,,0,0,"Written public comments must be received by 5PM the day before the meeting.
Please include the Item # in your comment and your position of “FOR,” “AGAINST,” ""GENERAL COMMENT,"" or ""ITEM NEEDS MORE CONSIDERATION.""
Email: BoardClerk@metro.net
Post Office Mail:
Board Administration
One Gateway Plaza
MS: 99-3-1
Los Angeles, CA 90012"
3240,2026-04-16,"Operations, Safety, and Customer Experience Committee",167267,,10,,,,,,,,0,0,page break
3240,2026-04-16,"Operations, Safety, and Customer Experience Committee",167268,,11,,,,,,,,0,0,CALL TO ORDER
3240,2026-04-16,"Operations, Safety, and Customer Experience Committee",167269,,12,,,,,,,,1,0,ROLL CALL
3240,2026-04-16,"Operations, Safety, and Customer Experience Committee",167666,,32,12381,2026-0264,Informational Report,,,,,0,0,RECEIVE General Public Comment
3240,2026-04-16,"Operations, Safety, and Customer Experience Committee",167667,,33,,,,,,,,0,0,"Consideration of items not on the posted agenda, including: items to be presented and (if requested) referred to staff; items to be placed on the agenda for action at a future meeting of the Committee or Board; and/or items requiring immediate action because of an emergency situation or where the need to take immediate action came to the attention of the Committee subsequent to the posting of the agenda."
3240,2026-04-16,"Operations, Safety, and Customer Experience Committee",167668,,34,,,,,,,,0,0,COMMENTS FROM THE PUBLIC ON ITEMS OF PUBLIC INTEREST WITHIN COMMITTEE’S SUBJECT MATTER JURISDICTION
3240,2026-04-16,"Operations, Safety, and Customer Experience Committee",167669,,35,,,,,,,,0,0,Adjournment
3240,2026-04-16,"Operations, Safety, and Customer Experience Committee",167855,,31,,,,,,,,0,0,
3240,2026-04-16,"Operations, Safety, and Customer Experience Committee",167856,,21,,,,,,,,0,0,NON-CONSENT
3240,2026-04-16,"Operations, Safety, and Customer Experience Committee",167926,,14,,,,,,,,0,0,CONSENT CALENDAR
3240,2026-04-16,"Operations, Safety, and Customer Experience Committee",167927,,13,,,,,,,,0,0,"APPROVE Consent Calendar Items: 31, 32, 33, 34, 35, and 36.

Consent Calendar items are approved by one motion unless held by a Director for discussion and/or separate action."
3240,2026-04-16,"Operations, Safety, and Customer Experience Committee",167928,35,19,12251,2026-0134,Contract,,,,,0,0,"AUTHORIZE the Chief Executive Officer to: 

A.	AWARD a five (5) year Indefinite Delivery/Indefinite Quantity (IDIQ) contract, Contract No. OP132076000, with Shell Energy North America (US), LP for Renewable Natural Gas (RNG), inclusive of a five-year base in the Not-To-Exceed (NTE) amount of $140,004,228.05 and one three-year option in the NTE amount of $88,902,684.81, for a combined NTE amount of $228,906,912.86, subject to the resolution of any properly submitted protest(s), if any; and

B"
3240,2026-04-16,"Operations, Safety, and Customer Experience Committee",167929,34,18,12294,2026-0177,Contract,,,,,0,0,"AUTHORIZE the Chief Executive Officer to award a firm fixed unit rate Contract No. OP122327(4)000 to Parkwood Landscape Maintenance Inc., to provide tunnel washing services systemwide for a Not-To-Exceed (NTE) amount of $5,295,000.00 for the five-year base term, effective July 1, 2026, subject to the resolution of any properly submitted protests(s), if any."
3240,2026-04-16,"Operations, Safety, and Customer Experience Committee",167930,33,17,12293,2026-0176,Contract,,,,,0,0,"AUTHORIZE the Chief Executive Officer to award a firm fixed unit rate contract, Contract No. OP1349930008370 to Los Angeles Glass Company, Inc., to provide glass replacement and installation services systemwide for a Not-To-Exceed (NTE) amount of $4,737,385.00 for the three-year base period, effective July 1, 2026, subject to the resolution of any properly submitted protest(s), if any."
3240,2026-04-16,"Operations, Safety, and Customer Experience Committee",167931,32,16,12279,2026-0162,Contract,,,,,0,0,"AUTHORIZE the Chief Executive Officer to:

A.	AWARD an Indefinite Delivery/Indefinite Quantity (IDIQ) task order contract, Contract No. OP129922(2)000 to Keller North America, Inc., for Tunnel Grouting Services, in the Not-To-Exceed (NTE) amount of $9,464,800 for the five-year base period and $607,444 for the first one-year option, $631,854 for the second one-year option, and $657,628 for the third one-year option, for a combined NTE amount of $11,361,726, subject to the resolution of any proper"
3240,2026-04-16,"Operations, Safety, and Customer Experience Committee",167933,31,15,12216,2026-0100,Contract,,,,,0,0,"AUTHORIZE the Chief Executive Officer to execute Modification No. 1 to Contract No. PS136554000 with Advanced Cable Solutions to incorporate additional scope and funding associated with the implementation and maintenance of a redundant video wall processor system, in the amount of $660,785, increasing the total contract Not-To-Exceed (NTE) amount from $498,000 to $1,158,785."
3240,2026-04-16,"Operations, Safety, and Customer Experience Committee",167938,44,30,12255,2026-0138,Informational Report,RECEIVED AND FILED,,,,0,0,RECEIVE AND FILE status update on NextGen Bus Ridership.
3240,2026-04-16,"Operations, Safety, and Customer Experience Committee",167941,41,26,12184,2026-0068,Informational Report,RECEIVED AND FILED,,,,0,0,RECEIVE AND FILE Office of the Inspector General (OIG) Final Report on Audit of Overtime Controls for Metro Transit Security Officers and Security Control Specialists.
3240,2026-04-16,"Operations, Safety, and Customer Experience Committee",167942,40,25,12313,2026-0196,Informational Report,RECEIVED AND FILED,,,,0,0,RECEIVE AND FILE the Public Safety Report.
3240,2026-04-16,"Operations, Safety, and Customer Experience Committee",167943,39,24,12191,2026-0075,Ordinance / Administrative Code,,,,,0,0,APPROVE the ordinance affirming Metro’s commitment to meet the minimum recruitment and training standards for peace officers and public safety dispatchers set by the California Commission on Peace Officer Standards and Training (POST) (Attachment A).
3240,2026-04-16,"Operations, Safety, and Customer Experience Committee",167946,38,23,12291,2026-0174,Oral Report / Presentation,RECEIVED,,,,0,0,RECEIVE oral report on Metro Operations.
3240,2026-04-16,"Operations, Safety, and Customer Experience Committee",167947,37,22,12290,2026-0173,Informational Report,RECEIVED,,,,0,0,RECOGNIZE Operations Employees of the Month.
3240,2026-04-16,"Operations, Safety, and Customer Experience Committee",167953,43,28,12375,2026-0258,Informational Report,RECEIVED AND FILED,,,,0,0,RECEIVE AND FILE the report of the Neurodiverse Rider Experience Survey & Engagement (Initiative) (Attachment A).
3240,2026-04-16,"Operations, Safety, and Customer Experience Committee",167978,42,27,12225,2026-0109,Informational Report,RECEIVED AND FILED,,,,0,0,RECEIVE AND FILE Office of the Inspector General (OIG) Fiscal Year 2024 Billings Report Supplement to Metro Transit Security Performance audit for Fiscal Years 2023 and 2024.
3240,2026-04-16,"Operations, Safety, and Customer Experience Committee",167990,36,20,12146,2026-0030,Contract,,,,,0,0,"AUTHORIZE the Chief Executive Officer to:

A.	AWARD a firm fixed unit rate contract, Contract No. OP127536000 to Axxera Inc. for the Electric Vehicle Charging Stations - Operations & Maintenance services, inclusive of a five-year base in the Not-To-Exceed (NTE) amount of $2,373,210, and $1,008,000 for the first one-year option, and $1,008,000 for the second one-year option, for a total NTE amount of $4,389,210 subject to the resolution of any properly submitted protest, if any; and

B.	EXECUTE i"
3240,2026-04-16,"Operations, Safety, and Customer Experience Committee",168048,,29,,,,,,,,0,0,page break
3241,2026-04-23,Board of Directors - Regular Board Meeting,168056,,1,,,,,,,,0,0,page break
3241,2026-04-23,Board of Directors - Regular Board Meeting,168057,,2,,,,,,,,0,0,Live Public Comment Instructions:
3241,2026-04-23,Board of Directors - Regular Board Meeting,168058,,3,,,,,,,,0,0,"Live public comment can be given by telephone or in-person.

The Meeting begins at 10:00 AM Pacific Time on April 23, 2026; you may join the call 5 minutes prior to the start of the meeting.

Dial-in: 888-978-8818 and enter
English Access Code: 5647249#
Spanish Access Code: 7292892#"
3241,2026-04-23,Board of Directors - Regular Board Meeting,168059,,4,,,,,,,,0,0,"Public comment will be taken as the Board takes up each item. To give public  comment on an item, enter #2 (pound-two) when prompted. Please note that the live  video feed lags about 30 seconds behind the actual meeting. There is no lag on the  public comment dial-in line."
3241,2026-04-23,Board of Directors - Regular Board Meeting,168060,,5,,,,,,,,0,0,Instrucciones para comentarios publicos en vivo:
3241,2026-04-23,Board of Directors - Regular Board Meeting,168061,,6,,,,,,,,0,0,"Los comentarios publicos en vivo se pueden dar por telefono o en persona.

La Reunion de la Junta comienza a las 10:00 AM, hora del Pacifico, el 23 de Abril de 2026.
Puedes unirte a la llamada 5 minutos antes del comienso de la junta.

Marque: 888-978-8818 y ingrese el codigo
Codigo de acceso en ingles: 5647249#
Codigo de acceso en espanol: 7292892#"
3241,2026-04-23,Board of Directors - Regular Board Meeting,168062,,7,,,,,,,,0,0,Los comentarios del público se tomaran cuando se toma cada tema. Para dar un  comentario público sobre una tema ingrese # 2 (Tecla de numero y dos) cuando se le  solicite. Tenga en cuenta que la transmisión de video en vivo se retrasa unos 30  segundos con respecto a la reunión real. No hay retraso en la línea de acceso telefónico para comentarios públicos.
3241,2026-04-23,Board of Directors - Regular Board Meeting,168063,,8,,,,,,,,0,0,Written Public Comment Instruction:
3241,2026-04-23,Board of Directors - Regular Board Meeting,168064,,9,,,,,,,,0,0,"Written public comments must be received by 5PM the day before the meeting.
Please include the Item # in your comment and your position of “FOR,” “AGAINST,” ""GENERAL COMMENT,"" or ""ITEM NEEDS MORE CONSIDERATION.""
Email: BoardClerk@metro.net
Post Office Mail:
Board Administration
One Gateway Plaza
MS: 99-3-1
Los Angeles, CA 90012"
3241,2026-04-23,Board of Directors - Regular Board Meeting,168065,,10,,,,,,,,0,0,page break
3241,2026-04-23,Board of Directors - Regular Board Meeting,168066,,11,,,,,,,,0,0,CALL TO ORDER
3241,2026-04-23,Board of Directors - Regular Board Meeting,168067,,12,,,,,,,,1,0,ROLL CALL
3241,2026-04-23,Board of Directors - Regular Board Meeting,168068,1,13,,,,,,,,0,0,"APPROVE Consent Calendar Items: 2, 5, 6, 8, 9, 10, 11, 12, 20, 21, 22, 24, 27, 31, 32, 33, 34, 36, and 39.

Consent Calendar items are approved by one motion unless held by a Director for discussion and/or separate action.

All Consent Calendar items are listed at the end of the agenda, beginning on page 7."
3241,2026-04-23,Board of Directors - Regular Board Meeting,168069,,24,,,,,,,,0,0,"CONSENT CALENDAR - ITEMS 2, 5, 6, 8, 9, 10, 11, 12, 20, 21, 22, 24, 27, 31, 32, 33, 34, 36, AND 39."
3241,2026-04-23,Board of Directors - Regular Board Meeting,168237,,67,12428,2026-0311,Informational Report,,,,,0,0,RECEIVE General Public Comment
3241,2026-04-23,Board of Directors - Regular Board Meeting,168238,,68,,,,,,,,0,0,"Consideration of items not on the posted agenda, including: items to be presented and (if requested) referred to staff; items to be placed on the agenda for action at a future meeting of the Committee or Board; and/or items requiring immediate action because of an emergency situation or where the need to take immediate action came to the attention of the Committee subsequent to the posting of the agenda."
3241,2026-04-23,Board of Directors - Regular Board Meeting,168239,,69,,,,,,,,0,0,COMMENTS FROM THE PUBLIC ON ITEMS OF PUBLIC INTEREST WITHIN COMMITTEE’S SUBJECT MATTER JURISDICTION
3241,2026-04-23,Board of Directors - Regular Board Meeting,168240,,70,,,,,,,,0,0,Adjournment
3241,2026-04-23,Board of Directors - Regular Board Meeting,168241,,66,,,,,,,,0,0,
3241,2026-04-23,Board of Directors - Regular Board Meeting,168242,,48,,,,,,,,0,0,"FINANCE, BUDGET,  AND AUDIT COMMITTEE MADE THE FOLLOWING RECOMMENDATION (3-0):"
3241,2026-04-23,Board of Directors - Regular Board Meeting,168243,12,40,12214,2026-0098,Contract,APPROVED,Pass,Tim Sandoval,Jacquelyn Dupont-Walker,0,1,"AUTHORIZE the Chief Executive Officer to:
 
A.	EXECUTE Modification No. 12 to Contract No. PS2415-3412 with STV Inc. to advance the design for Segment 1 through 4 of the Brighton to Roxford Double Track Project in the amount of $7,501,189, increasing the Total Contract Value from $20,714,530 to $27,715,948 and extend the period of performance from July 31, 2026, to June 30, 2028; and
 
B.	APPROVE programming an additional $10,701,189, increasing the programmed Measure R 3% and TIRCP funds fr"
3241,2026-04-23,Board of Directors - Regular Board Meeting,168244,,39,,,,,,,,0,0,CONSTRUCTION COMMITTEE MADE THE FOLLOWING RECOMMENDATION (4-0):
3241,2026-04-23,Board of Directors - Regular Board Meeting,168245,2,25,12425,2026-0308,Minutes,APPROVED,Pass,Tim Sandoval,Jacquelyn Dupont-Walker,0,1,"APPROVE Minutes of the Regular Board Meeting held March 26, 2026 and the Special Board Meeting held April 15, 2026."
3241,2026-04-23,Board of Directors - Regular Board Meeting,168246,11,38,12157,2026-0041,Contract,APPROVED,Pass,Tim Sandoval,Jacquelyn Dupont-Walker,0,1,"AUTHORIZE the Chief Executive Officer to execute Modification No. 2 for the Job Order Contracting Professional Services Contract OP261685000 with The Gordian Group, Inc., in the Not-To-Exceed (NTE) contract amount of $5,000,000, increasing the total NTE contract amount from $499,999 to $5,499,999."
3241,2026-04-23,Board of Directors - Regular Board Meeting,168247,,37,,,,,,,,0,0,CONSTRUCTION COMMITTEE MADE THE FOLLOWING RECOMMENDATION (4-0):
3241,2026-04-23,Board of Directors - Regular Board Meeting,168248,10,35,12254,2026-0137,Contract,APPROVED,Pass,Tim Sandoval,Jacquelyn Dupont-Walker,0,1,"AUTHORIZE the Chief Executive Officer or their designee to:

A.	EXECUTE Modification No. 01 to Contract No. PS1334-5600 with Dr. Youssef Hashash to continue to provide Tunnel Advisory Panel Services, in an amount Not-To-Exceed (NTE) $781,459 increasing the total contract value from $329,562 to $1,111,021 and extend the contract from June 30, 2026, to June 30, 2029; 

B.	EXECUTE Modification No. 09 to Contract No. PS-8510-2493 with Dr. Edward J. Cording, to continue to provide Tunnel Advisory Pan"
3241,2026-04-23,Board of Directors - Regular Board Meeting,168249,4,16,12427,2026-0310,Oral Report / Presentation,RECEIVED,Pass,,,0,0,RECEIVE report by the Chief Executive Officer.
3241,2026-04-23,Board of Directors - Regular Board Meeting,168250,3,15,12426,2026-0309,Oral Report / Presentation,RECEIVED,Pass,,,0,0,RECEIVE remarks by the Chair.
3241,2026-04-23,Board of Directors - Regular Board Meeting,168251,,20,,,,,,,,0,0,END OF NON-CONSENT
3241,2026-04-23,Board of Directors - Regular Board Meeting,168252,35,18,12251,2026-0134,Contract,CARRIED OVER,Pass,Fernando Dutra,James Butts,0,0,"AUTHORIZE the Chief Executive Officer to: 

A.	AWARD a five (5) year Indefinite Delivery/Indefinite Quantity (IDIQ) contract, Contract No. OP132076000, with Shell Energy North America (US), LP for Renewable Natural Gas (RNG), inclusive of a five-year base in the Not-To-Exceed (NTE) amount of $140,004,228.05 and one three-year option in the NTE amount of $88,902,684.81, for a combined NTE amount of $228,906,912.86, subject to the resolution of any properly submitted protest(s), if any; and

B"
3241,2026-04-23,Board of Directors - Regular Board Meeting,168253,,14,,,,,,,,0,0,NON-CONSENT
3241,2026-04-23,Board of Directors - Regular Board Meeting,168371,,34,,,,,,,,0,0,CONSTRUCTION COMMITTEE MADE THE FOLLOWING RECOMMENDATION (4-0):
3241,2026-04-23,Board of Directors - Regular Board Meeting,168372,9,33,12416,2026-0299,Motion / Motion Response,APPROVED,Pass,Tim Sandoval,Jacquelyn Dupont-Walker,0,1,"APPROVE Motion by Padilla, Dutra, Bass, Horvath, Dupont-Walker, and Yaroslavsky that the Board direct the Chief Executive Officer to:

A.	Establish Van Nuys as a major regional transit hub connecting the G Line, the East San Fernando Valley Light Rail Project, and the Sepulveda Transit Corridor, recognizing that the G Line and ESFV designs are locked and that the Sepulveda Transit Corridor, particularly its Initial Operating Segment, represents the primary remaining opportunity to design for sea"
3241,2026-04-23,Board of Directors - Regular Board Meeting,168373,,32,,,,,,,,0,0,PLANNING AND PROGRAMMING COMMITTEE MADE THE FOLLOWING RECOMMENDATION (5-0):
3241,2026-04-23,Board of Directors - Regular Board Meeting,168374,8,31,12414,2026-0297,Motion / Motion Response,APPROVED,Pass,Tim Sandoval,Jacquelyn Dupont-Walker,0,1,"APPROVE Motion by Padilla, Dutra, Bass, Horvath, Dupont-Walker, and Yaroslavsky that the Board direct the Chief Executive Officer to:

A.	Evaluate current and projected demand for in-person customer service in the San Fernando Valley, including reduced fare applications, TAP card services, lost and found, and fare media purchases, with particular attention to underserved and transit-dependent communities;

B.	Evaluate Metro's prior Customer Center at Sherman Way and Van Nuys Boulevard, including"
3241,2026-04-23,Board of Directors - Regular Board Meeting,168375,,30,,,,,,,,0,0,PLANNING AND PROGRAMMING COMMITTEE MADE THE FOLLOWING RECOMMENDATION (5-0):
3241,2026-04-23,Board of Directors - Regular Board Meeting,168376,6,29,11860,2025-0841,Contract,APPROVED,Pass,,,0,0,"AUTHORIZE the Chief Executive Officer (CEO) to: 

A.	EXECUTE Modification No. 10 to Contract No. AE333410011375 with Parsons Transportation Group, Inc. (PTG) to provide additional professional services needed to complete the environmental phase of the I-605 Corridor Multimodal Improvements Project (I-605 CMIP) in the amount of $21,826,798, increasing the total contract value from $28,723,699 to $50,550,497 and, extend the period of performance from September 30, 2026, to December 30, 2028; and"
3241,2026-04-23,Board of Directors - Regular Board Meeting,168377,,28,,,,,,,,0,0,PLANNING AND PROGRAMMING COMMITTEE MADE THE FOLLOWING RECOMMENDATION (4-0):
3241,2026-04-23,Board of Directors - Regular Board Meeting,168378,5,27,12138,2026-0022,Agreement,APPROVED,Pass,Tim Sandoval,Jacquelyn Dupont-Walker,0,1,"AUTHORIZE the Chief Executive Officer (CEO), or designee, to execute an amendment to the Exclusive Negotiations and Planning Agreement (ENA) with Walter J Company (Developer) to extend the term for one year for the joint development of 1.8 acres of Metro-owned property at the Westlake MacArthur Park (B/D) Line Station (Station) in the City of Los Angeles (City)."
3241,2026-04-23,Board of Directors - Regular Board Meeting,168379,,26,,,,,,,,0,0,PLANNING AND PROGRAMMING COMMITTEE MADE THE FOLLOWING RECOMMENDATION (4-0):
3241,2026-04-23,Board of Directors - Regular Board Meeting,168380,22,47,12308,2026-0191,Contract,APPROVED,Pass,,,0,0,"AUTHORIZE the Chief Executive Officer to:  

A.	AWARD a five-year, firm fixed unit rate Contract No. PS135819000 to Vasquez & Company LLP to perform Consolidated Financial and Compliance Audit of the programs, jurisdictions, and agencies listed in Attachment A (Package A) for fiscal years (FY) 2026-2030 in the Not-To-Exceed (NTE) amount of $2,715,634, effective May 1, 2026, subject to the resolution of any properly submitted protest(s) if any; and

B.	AWARD a five-year, firm fixed unit rate Cont"
3241,2026-04-23,Board of Directors - Regular Board Meeting,168381,,46,,,,,,,,0,0,"FINANCE, BUDGET,  AND AUDIT COMMITTEE MADE THE FOLLOWING RECOMMENDATION (3-0):"
3241,2026-04-23,Board of Directors - Regular Board Meeting,168382,21,45,12078,2025-1060,Program,APPROVED,Pass,Tim Sandoval,Jacquelyn Dupont-Walker,0,1,"AUTHORIZE the Chief Executive Officer to negotiate and purchase All Risk Property and Boiler and Machinery insurance policies for all Metro properties at a not-to-exceed premium of $10 million for the 12-month period of May 10, 2026 through May 10, 2027."
3241,2026-04-23,Board of Directors - Regular Board Meeting,168383,,44,,,,,,,,0,0,"FINANCE, BUDGET,  AND AUDIT COMMITTEE MADE THE FOLLOWING RECOMMENDATION (3-0):"
3241,2026-04-23,Board of Directors - Regular Board Meeting,168384,20,43,11900,2025-0881,Contract,APPROVED,Pass,Tim Sandoval,Jacquelyn Dupont-Walker,0,1,"AUTHORIZE the Chief Executive Officer to execute Modification No. 2 to Contract No. PS73428000 with Genex Services, LLC in the amount of $259,125 to continue to provide workers’ compensation utilization and peer review, physician consulting, and expedited review services, increasing the contract value from $609,090 to $868,215."
3241,2026-04-23,Board of Directors - Regular Board Meeting,168385,,42,,,,,,,,0,0,"FINANCE, BUDGET,  AND AUDIT COMMITTEE MADE THE FOLLOWING RECOMMENDATION (3-0):"
3241,2026-04-23,Board of Directors - Regular Board Meeting,168386,,61,,,,,,,,0,0,"OPERATIONS, SAFETY, AND CUSTOMER EXPERIENCE COMMITTEE MADE THE FOLLOWING RECOMMENDATION (3-0):"
3241,2026-04-23,Board of Directors - Regular Board Meeting,168387,34,60,12294,2026-0177,Contract,APPROVED,Pass,Tim Sandoval,Jacquelyn Dupont-Walker,0,1,"AUTHORIZE the Chief Executive Officer to award a firm fixed unit rate Contract No. OP122327(4)000 to Parkwood Landscape Maintenance Inc., to provide tunnel washing services systemwide for a Not-To-Exceed (NTE) amount of $5,295,000.00 for the five-year base term, effective July 1, 2026, subject to the resolution of any properly submitted protests(s), if any."
3241,2026-04-23,Board of Directors - Regular Board Meeting,168388,,59,,,,,,,,0,0,"OPERATIONS, SAFETY, AND CUSTOMER EXPERIENCE COMMITTEE MADE THE FOLLOWING RECOMMENDATION (3-0):"
3241,2026-04-23,Board of Directors - Regular Board Meeting,168389,24,49,12256,2026-0139,Contract,APPROVED,Pass,Tim Sandoval,Jacquelyn Dupont-Walker,0,1,"AUTHORIZE the Chief Executive Officer (CEO) to:

A.	AWARD three, seven-year task order-based bench Contracts for Real Estate & Transit Oriented Communities Environmental Services for a total Not-To-Exceed (NTE) amount of $17,390,400 to the following firms, subject to resolution of any properly submitted protest(s), if any:
1.	Kimley-Horn and Associates, Inc. (Contract No. AE135067001)
2.	Polytechnique Environmental, Inc. (Contract No. AE135067002)
3.	TRC Solutions, Inc. (Contract No. AE135067003"
3241,2026-04-23,Board of Directors - Regular Board Meeting,168390,33,58,12293,2026-0176,Contract,APPROVED,Pass,Tim Sandoval,Jacquelyn Dupont-Walker,0,1,"AUTHORIZE the Chief Executive Officer to award a firm fixed unit rate contract, Contract No. OP1349930008370 to Los Angeles Glass Company, Inc., to provide glass replacement and installation services systemwide for a Not-To-Exceed (NTE) amount of $4,737,385.00 for the three-year base period, effective July 1, 2026, subject to the resolution of any properly submitted protest(s), if any."
3241,2026-04-23,Board of Directors - Regular Board Meeting,168391,31,54,12216,2026-0100,Contract,APPROVED,Pass,Tim Sandoval,Jacquelyn Dupont-Walker,0,1,"AUTHORIZE the Chief Executive Officer to execute Modification No. 1 to Contract No. PS136554000 with Advanced Cable Solutions to incorporate additional scope and funding associated with the implementation and maintenance of a redundant video wall processor system, in the amount of $660,785, increasing the total contract Not-To-Exceed (NTE) amount from $498,000 to $1,158,785."
3241,2026-04-23,Board of Directors - Regular Board Meeting,168392,,53,,,,,,,,0,0,"OPERATIONS, SAFETY, AND CUSTOMER EXPERIENCE COMMITTEE MADE THE FOLLOWING RECOMMENDATION (3-0):"
3241,2026-04-23,Board of Directors - Regular Board Meeting,168393,27,52,12328,2026-0211,Program,APPROVED,Pass,Tim Sandoval,Jacquelyn Dupont-Walker,0,1,AUTHORIZE the Chief Executive Officer to create a Metro Climate Card (MCC) 3-year Pilot Program that meets California Environmental Quality Act (CEQA) requirements for Vehicle Miles Traveled (VMT) mitigation that would apply to new private construction development projects under Senate Bill (SB) 743.
3241,2026-04-23,Board of Directors - Regular Board Meeting,168394,,51,,,,,,,,0,0,EXECUTIVE MANAGEMENT COMMITTEE MADE THE FOLLOWING RECOMMENDATION (3-0):
3241,2026-04-23,Board of Directors - Regular Board Meeting,168395,,57,,,,,,,,0,0,"OPERATIONS, SAFETY, AND CUSTOMER EXPERIENCE COMMITTEE MADE THE FOLLOWING RECOMMENDATION (3-0):"
3241,2026-04-23,Board of Directors - Regular Board Meeting,168396,32,56,12279,2026-0162,Contract,APPROVED,Pass,Tim Sandoval,Jacquelyn Dupont-Walker,0,1,"AUTHORIZE the Chief Executive Officer to:

A.	AWARD an Indefinite Delivery/Indefinite Quantity (IDIQ) task order contract, Contract No. OP129922(2)000 to Keller North America, Inc., for Tunnel Grouting Services, in the Not-To-Exceed (NTE) amount of $9,464,800 for the five-year base period and $607,444 for the first one-year option, $631,854 for the second one-year option, and $657,628 for the third one-year option, for a combined NTE amount of $11,361,726, subject to the resolution of any proper"
3241,2026-04-23,Board of Directors - Regular Board Meeting,168397,,55,,,,,,,,0,0,"OPERATIONS, SAFETY, AND CUSTOMER EXPERIENCE COMMITTEE MADE THE FOLLOWING RECOMMENDATION (3-0):"
3241,2026-04-23,Board of Directors - Regular Board Meeting,168398,,65,,,,,,,,0,0,
3241,2026-04-23,Board of Directors - Regular Board Meeting,168399,39,64,12191,2026-0075,Ordinance / Administrative Code,ADOPTED,Pass,Tim Sandoval,Jacquelyn Dupont-Walker,0,1,APPROVE the ordinance affirming Metro’s commitment to meet the minimum recruitment and training standards for peace officers and public safety dispatchers set by the California Commission on Peace Officer Standards and Training (POST) (Attachment A).
3241,2026-04-23,Board of Directors - Regular Board Meeting,168400,,63,,,,,,,,0,0,"OPERATIONS, SAFETY, AND CUSTOMER EXPERIENCE COMMITTEE MADE THE FOLLOWING RECOMMENDATION (3-0):"
3241,2026-04-23,Board of Directors - Regular Board Meeting,168401,36,62,12146,2026-0030,Contract,APPROVED,Pass,Tim Sandoval,Jacquelyn Dupont-Walker,0,1,"AUTHORIZE the Chief Executive Officer to:

A.	AWARD a firm fixed unit rate contract, Contract No. OP127536000 to Axxera Inc. for the Electric Vehicle Charging Stations - Operations & Maintenance services, inclusive of a five-year base in the Not-To-Exceed (NTE) amount of $2,373,210, and $1,008,000 for the first one-year option, and $1,008,000 for the second one-year option, for a total NTE amount of $4,389,210 subject to the resolution of any properly submitted protest, if any; and

B.	EXECUTE i"
3241,2026-04-23,Board of Directors - Regular Board Meeting,168402,,23,,,,,,,,0,0,page break
3241,2026-04-23,Board of Directors - Regular Board Meeting,168404,,22,,,,,,,,0,0,
3241,2026-04-23,Board of Directors - Regular Board Meeting,168405,,17,,,,,,,,0,0,"OPERATIONS, SAFETY, AND CUSTOMER EXPERIENCE COMMITTEE FORWARDED THE FOLLOWING WITHOUT RECOMMENDATION:"
3241,2026-04-23,Board of Directors - Regular Board Meeting,168406,,19,,,,,,,,0,0,
3241,2026-04-23,Board of Directors - Regular Board Meeting,168408,,36,,,,,,,,0,0,page break
3241,2026-04-23,Board of Directors - Regular Board Meeting,168409,,41,,,,,,,,0,0,page break
3241,2026-04-23,Board of Directors - Regular Board Meeting,168410,,50,,,,,,,,0,0,page break
3241,2026-04-23,Board of Directors - Regular Board Meeting,168499,,,,,,APPROVED ON CONSENT CALENDAR,Pass,Tim Sandoval,Jacquelyn Dupont-Walker,0,1,Approval of the Consent Agenda
3242,2026-05-20,Construction Committee,168851,,1,,,,,,,,0,0,page break
3242,2026-05-20,Construction Committee,168852,,2,,,,,,,,0,0,Live Public Comment Instructions:
3242,2026-05-20,Construction Committee,168853,,3,,,,,,,,0,0,"Live public comment can be given by telephone or in-person.

The Meeting begins at 1:00 PM Pacific Time on May 20, 2026; you may join the call 5 minutes prior to the start of the meeting.

Dial-in: 888-978-8818 and enter
English Access Code: 5647249#
Spanish Access Code: 7292892#"
3242,2026-05-20,Construction Committee,168854,,4,,,,,,,,0,0,"Public comment will be taken as the Board takes up each item. To give public  comment on an item, enter #2 (pound-two) when prompted. Please note that the live  video feed lags about 30 seconds behind the actual meeting. There is no lag on the  public comment dial-in line."
3242,2026-05-20,Construction Committee,168855,,5,,,,,,,,0,0,Instrucciones para comentarios publicos en vivo:
3242,2026-05-20,Construction Committee,168856,,6,,,,,,,,0,0,"Los comentarios publicos en vivo se pueden dar por telefono o en persona.

La Reunion de la Junta comienza a las 1:00 PM, hora del Pacifico, el 20 de Mayo de 2026. Puedes unirte a la llamada 5 minutos antes del comienso de la junta.

Marque: 888-978-8818 y ingrese el codigo
Codigo de acceso en ingles: 5647249#
Codigo de acceso en espanol: 7292892#"
3242,2026-05-20,Construction Committee,168857,,7,,,,,,,,0,0,Los comentarios del público se tomaran cuando se toma cada tema. Para dar un  comentario público sobre una tema ingrese # 2 (Tecla de numero y dos) cuando se le  solicite. Tenga en cuenta que la transmisión de video en vivo se retrasa unos 30  segundos con respecto a la reunión real. No hay retraso en la línea de acceso telefónico para comentarios públicos.
3242,2026-05-20,Construction Committee,168858,,8,,,,,,,,0,0,Written Public Comment Instruction:
3242,2026-05-20,Construction Committee,168859,,9,,,,,,,,0,0,"Written public comments must be received by 5PM the day before the meeting.
Please include the Item # in your comment and your position of “FOR,” “AGAINST,” ""GENERAL COMMENT,"" or ""ITEM NEEDS MORE CONSIDERATION.""
Email: BoardClerk@metro.net
Post Office Mail:
Board Administration
One Gateway Plaza
MS: 99-3-1
Los Angeles, CA 90012"
3242,2026-05-20,Construction Committee,168860,,10,,,,,,,,0,0,page break
3242,2026-05-20,Construction Committee,168861,,11,,,,,,,,0,0,CALL TO ORDER
3242,2026-05-20,Construction Committee,168862,,12,,,,,,,,1,0,ROLL CALL
3242,2026-05-20,Construction Committee,168863,,13,,,,,,,,0,0,"APPROVE Consent Calendar Items: 12, 13, 14, 15, 16 and 17.  

Consent Calendar items are approved by one motion unless held by a Director for discussion and/or separate action. "
3242,2026-05-20,Construction Committee,169150,,26,,,,,,,,0,0, 
3242,2026-05-20,Construction Committee,169151,,27,12468,2026-0351,Informational Report,,,,,0,0,RECEIVE General Public Comment
3242,2026-05-20,Construction Committee,169152,,28,,,,,,,,0,0,"Consideration of items not on the posted agenda, including: items to be presented and (if requested) referred to staff; items to be placed on the agenda for action at a future meeting of the Committee or Board; and/or items requiring immediate action because of an emergency situation or where the need to take immediate action came to the attention of the Committee subsequent to the posting of the agenda."
3242,2026-05-20,Construction Committee,169153,,29,,,,,,,,0,0,COMMENTS FROM THE PUBLIC ON ITEMS OF PUBLIC INTEREST WITHIN COMMITTEE’S SUBJECT MATTER JURISDICTION
3242,2026-05-20,Construction Committee,169154,,30,,,,,,,,0,0,Adjournment
3242,2026-05-20,Construction Committee,170231,,25,,,,,,,,0,0,
3242,2026-05-20,Construction Committee,170232,,14,,,,,,,,0,0,CONSENT CALENDAR
3242,2026-05-20,Construction Committee,170235,19,23,12412,2026-0295,Project,,,,,0,0,"CONSIDER:

A.	ESTABLISHING a Life-of-Project (LOP) budget for the North Hollywood to Pasadena Bus Rapid Transit (BRT) Project in the amount of $428,988,535; and

B.	AUTHORIZING the Chief Executive Officer to negotiate and execute project-related agreements up to the authorized Life-of-Project budget."
3242,2026-05-20,Construction Committee,170236,18,22,12383,2026-0266,Project,,,,,0,0,"AUTHORIZE the Chief Executive Officer to:

A.	ESTABLISH a Life-of-Project (LOP) budget in the amount of $3,998,675,309 for the East San Fernando Valley Light Rail Transit Project;

B.	AMEND the Progressive Design-Build Contract No. PS89616000 with San Fernando Transit Constructors (SFTC), a Joint Venture (JV) of Skanska USA Civil West California District, Inc. (Skanska) and Stacy and Witbeck, Inc., to implement the Phase 2 Supplement of the Project in the amount of $1,988,038,124 increasing "
3242,2026-05-20,Construction Committee,170237,,21,,,,,,,,0,0,NON-CONSENT
3242,2026-05-20,Construction Committee,170238,15,18,12424,2026-0307,Project,,,,,0,0,"CONSIDER:

A.	ESTABLISHING a Life-of-Project (LOP) budget for the K-Line new Traction Power Substation (TPSS) Support project (Project) in the amount of $38,450,000; and

B.	AUTHORIZING the Chief Executive Officer to negotiate and execute project-related agreements, including contract and task order modifications, up to the authorized LOP."
3242,2026-05-20,Construction Committee,170239,14,17,12400,2026-0283,Project,,,,,0,0,"AUTHORIZE execution of Amendment No. 1 to the Master Cooperative Agreement (MCA) between the Metro Gold Line Foothill Extension Construction Authority (""Authority"") and the Los Angeles County Metropolitan Transportation Authority (""LACMTA"") to reflect updates to key definitions and terms to ensure alignment with the revised scope and operational requirements for the Metro Gold Line Phase 2B project (Attachment A)."
3242,2026-05-20,Construction Committee,170240,13,16,12384,2026-0267,Contract,,,,,0,0,"AUTHORIZE the Chief Executive Officer to increase the Life-of-Project (LOP) budget by $1,645,350, from $7,354,650 to $9,000,000 for the Chatsworth Station ADA Improvement Project, which includes allowance for increased Metrolink Platform 2 work."
3242,2026-05-20,Construction Committee,170536,12,15,12052,2025-1034,Contract,,,,,0,0,"AUTHORIZE the Chief Executive Officer (CEO) to execute Modification No. 13 to Contract No. AE63445000 with STV Incorporated (STV) in the amount of $43,096,451 to advance project design from 15% advanced conceptual engineering level to 30% preliminary engineering level, and conduct extended third party coordination and approval activities for the K Line Extension to Torrance Project (formerly referred to as the C (Green) Line Extension), increasing the total contract value from $33,404,805 to $76"
3242,2026-05-20,Construction Committee,170538,,24,,,,,,,,0,0,
3242,2026-05-20,Construction Committee,170550,16,19,12075,2025-1057,Motion / Motion Response,,,,,0,0,"AUTHORIZE the Chief Executive Officer (CEO) to execute: 

A.	Amendment 1 to Caltrans Design Cooperative (COOP) Agreement 5147 to  reallocate $845,000 in funding, to transition the I-605 Beverly Boulevard Improvement Project to Caltrans; 

B.	Construction Cooperative Agreement 5355 with Caltrans to replace existing Construction Cooperative Agreement 5276.  Construction COOP agreement 5355 identifies $5,991,000 in funding for Caltrans Construction Support, and $34,496,120 in funding for the estima"
3242,2026-05-20,Construction Committee,170551,17,20,12325,2026-0208,Informational Report,RECEIVED AND FILED,Pass,,,0,0,RECEIVE AND FILE this report summarizing the FY27 Program Management Annual Program Evaluation (Attachment A).
3243,2026-05-20,Planning and Programming Committee,168510,,1,,,,,,,,0,0,page break
3243,2026-05-20,Planning and Programming Committee,168511,,2,,,,,,,,0,0,Live Public Comment Instructions:
3243,2026-05-20,Planning and Programming Committee,168512,,3,,,,,,,,0,0,"Live public comment can be given by telephone or in-person.

The Meeting begins at 11:00 AM Pacific Time on May 20, 2026; you may join the call 5 minutes prior to the start of the meeting.

Dial-in: 888-978-8818 and enter
English Access Code: 5647249#
Spanish Access Code: 7292892#"
3243,2026-05-20,Planning and Programming Committee,168513,,4,,,,,,,,0,0,"Public comment will be taken as the Board takes up each item. To give public  comment on an item, enter #2 (pound-two) when prompted. Please note that the live  video feed lags about 30 seconds behind the actual meeting. There is no lag on the  public comment dial-in line."
3243,2026-05-20,Planning and Programming Committee,168514,,5,,,,,,,,0,0,Instrucciones para comentarios publicos en vivo:
3243,2026-05-20,Planning and Programming Committee,168515,,6,,,,,,,,0,0,"Los comentarios publicos en vivo se pueden dar por telefono o en persona.

La Reunion de la Junta comienza a las 11:00 AM, hora del Pacifico, el 20 de Mayo de 2026. Puedes unirte a la llamada 5 minutos antes del comienso de la junta.

Marque: 888-978-8818 y ingrese el codigo
Codigo de acceso en ingles: 5647249#
Codigo de acceso en espanol: 7292892#"
3243,2026-05-20,Planning and Programming Committee,168516,,7,,,,,,,,0,0,Los comentarios del público se tomaran cuando se toma cada tema. Para dar un  comentario público sobre una tema ingrese # 2 (Tecla de numero y dos) cuando se le  solicite. Tenga en cuenta que la transmisión de video en vivo se retrasa unos 30  segundos con respecto a la reunión real. No hay retraso en la línea de acceso telefónico para comentarios públicos.
3243,2026-05-20,Planning and Programming Committee,168517,,8,,,,,,,,0,0,Written Public Comment Instruction:
3243,2026-05-20,Planning and Programming Committee,168518,,9,,,,,,,,0,0,"Written public comments must be received by 5PM the day before the meeting.
Please include the Item # in your comment and your position of “FOR,” “AGAINST,” ""GENERAL COMMENT,"" or ""ITEM NEEDS MORE CONSIDERATION.""
Email: BoardClerk@metro.net
Post Office Mail:
Board Administration
One Gateway Plaza
MS: 99-3-1
Los Angeles, CA 90012"
3243,2026-05-20,Planning and Programming Committee,168519,,10,,,,,,,,0,0,page break
3243,2026-05-20,Planning and Programming Committee,168520,,11,,,,,,,,0,0,CALL TO ORDER
3243,2026-05-20,Planning and Programming Committee,168521,,12,,,,,,,,1,0,ROLL CALL
3243,2026-05-20,Planning and Programming Committee,168522,,13,,,,,,,,0,0,"APPROVE Consent Calendar Items: 7, 8, and 9. 

Consent Calendar items are approved by one motion unless held by a Director for discussion and/or separate action."
3243,2026-05-20,Planning and Programming Committee,168846,,22,,,,,,,,0,0, 
3243,2026-05-20,Planning and Programming Committee,168847,,23,12467,2026-0350,Informational Report,,,,,0,0,RECEIVE General Public Comment
3243,2026-05-20,Planning and Programming Committee,168848,,24,,,,,,,,0,0,"Consideration of items not on the posted agenda, including: items to be presented and (if requested) referred to staff; items to be placed on the agenda for action at a future meeting of the Committee or Board; and/or items requiring immediate action because of an emergency situation or where the need to take immediate action came to the attention of the Committee subsequent to the posting of the agenda."
3243,2026-05-20,Planning and Programming Committee,168849,,25,,,,,,,,0,0,COMMENTS FROM THE PUBLIC ON ITEMS OF PUBLIC INTEREST WITHIN COMMITTEE’S SUBJECT MATTER JURISDICTION
3243,2026-05-20,Planning and Programming Committee,168850,,26,,,,,,,,0,0,Adjournment
3243,2026-05-20,Planning and Programming Committee,170223,,19,,,,,,,,0,0,NON-CONSENT
3243,2026-05-20,Planning and Programming Committee,170224,9,18,12394,2026-0277,Program,,,,,0,0,"CONSIDER: 

A.	APPROVING: 

1.	Deobligating a net of $60,489 in Measure M Multi-Year Subregional Program (MSP) - Active Transportation Program (expenditure line 54) funds and reprogram  project funds previously approved to meet the project schedules, as shown in Attachment A; 

2.	Reprogramming of projects previously approved to meet the project schedules, in Measure M MSP - First/Last Mile and Complete Streets Program (expenditure line 59), as shown in Attachment B; and

B.	AUTHORIZING the Chie"
3243,2026-05-20,Planning and Programming Committee,170225,8,16,12370,2026-0253,Project,,,,,0,0,"CONSIDER:

A.	APPROVING the programming of $5,750,000 in Measure M funds to support design activities for SR-71 North; and

B.	AUTHORIZING the Chief Executive Officer or their designee to execute and/or amend all necessary programming documents and project agreements for the SR-71 North design activities."
3243,2026-05-20,Planning and Programming Committee,170226,,14,,,,,,,,0,0,CONSENT CALENDAR
3243,2026-05-20,Planning and Programming Committee,170227,10,20,12367,2026-0250,Contract,,,,,0,0,"AUTHORIZE the Chief Executive Officer (CEO) to:

A.	EXECUTE Modification No. 12 to Contract No. AE67085000 for the Sepulveda Transit Corridor Environmental Review and Conceptual Engineering with HTA Partners (HTA), a joint venture between HNTB Corporation, Terry A. Hayes Associates Inc., and AECOM Technical Services, Inc., to provide additional technical services in the amount of $7,658,836 for the preparation of documents necessary for state and federal environmental clearance of the recently"
3243,2026-05-20,Planning and Programming Committee,170228,7,15,12220,2026-0104,Program,,,,,0,0,"CONSIDER:

A.	APPROVING $9,338,470 in Measure M High Desert Multipurpose Corridor (HDMC) funds identified in the Expenditure Plan for Right-Of-Way (ROW) acquisition to be repurposed to the High Desert Corridor (HDC) Joint Powers Agency (JPA) for the Fiscal Year 2027 (FY27) work program; and 

B.	AUTHORIZING the Chief Executive Officer (CEO) or their designee to negotiate and execute all necessary funding agreements with the HDC JPA."
3243,2026-05-20,Planning and Programming Committee,170229,11,21,11829,2025-0810,Informational Report,WITHDRAWN,,,,0,0,"WITHDRAWN:

RECEIVE AND FILE status report on development and implementation of the Metro Transportation Demand Management (TDM) Master Plan and Policies (Master Plan)."
3243,2026-05-20,Planning and Programming Committee,170537,,17,,,,,,,,0,0,page break
3244,2026-05-21,"Finance, Budget and Audit Committee",169173,,1,,,,,,,,0,0,page break
3244,2026-05-21,"Finance, Budget and Audit Committee",169174,,2,,,,,,,,0,0,Live Public Comment Instructions:
3244,2026-05-21,"Finance, Budget and Audit Committee",169175,,3,,,,,,,,0,0,"Live public comment can be given by telephone or in-person.

The Meeting begins at 10:00 AM Pacific Time on May 21, 2026; you may join the call 5 minutes prior to the start of the meeting.

Dial-in: 888-978-8818 and enter
English Access Code: 5647249#
Spanish Access Code: 7292892#"
3244,2026-05-21,"Finance, Budget and Audit Committee",169176,,4,,,,,,,,0,0,"Public comment will be taken as the Board takes up each item. To give public  comment on an item, enter #2 (pound-two) when prompted. Please note that the live  video feed lags about 30 seconds behind the actual meeting. There is no lag on the  public comment dial-in line."
3244,2026-05-21,"Finance, Budget and Audit Committee",169177,,5,,,,,,,,0,0,Instrucciones para comentarios publicos en vivo:
3244,2026-05-21,"Finance, Budget and Audit Committee",169178,,6,,,,,,,,0,0,"Los comentarios publicos en vivo se pueden dar por telefono o en persona.

La Reunion de la Junta comienza a las 10:00 AM, hora del Pacifico, el 21 de Mayo de 2026. Puedes unirte a la llamada 5 minutos antes del comienso de la junta.

Marque: 888-978-8818 y ingrese el codigo
Codigo de acceso en ingles: 5647249#
Codigo de acceso en espanol: 7292892#"
3244,2026-05-21,"Finance, Budget and Audit Committee",169179,,7,,,,,,,,0,0,Los comentarios del público se tomaran cuando se toma cada tema. Para dar un  comentario público sobre una tema ingrese # 2 (Tecla de numero y dos) cuando se le  solicite. Tenga en cuenta que la transmisión de video en vivo se retrasa unos 30  segundos con respecto a la reunión real. No hay retraso en la línea de acceso telefónico para comentarios públicos.
3244,2026-05-21,"Finance, Budget and Audit Committee",169180,,8,,,,,,,,0,0,Written Public Comment Instruction:
3244,2026-05-21,"Finance, Budget and Audit Committee",169181,,9,,,,,,,,0,0,"Written public comments must be received by 5PM the day before the meeting.
Please include the Item # in your comment and your position of “FOR,” “AGAINST,” ""GENERAL COMMENT,"" or ""ITEM NEEDS MORE CONSIDERATION.""
Email: BoardClerk@metro.net
Post Office Mail:
Board Administration
One Gateway Plaza
MS: 99-3-1
Los Angeles, CA 90012"
3244,2026-05-21,"Finance, Budget and Audit Committee",169182,,10,,,,,,,,0,0,page break
3244,2026-05-21,"Finance, Budget and Audit Committee",169183,,11,,,,,,,,0,0,CALL TO ORDER
3244,2026-05-21,"Finance, Budget and Audit Committee",169184,,12,,,,,,,,1,0,ROLL CALL
3244,2026-05-21,"Finance, Budget and Audit Committee",169461,,23,12469,2026-0352,Informational Report,,,,,0,0,RECEIVE General Public Comment
3244,2026-05-21,"Finance, Budget and Audit Committee",169462,,24,,,,,,,,0,0,"Consideration of items not on the posted agenda, including: items to be presented and (if requested) referred to staff; items to be placed on the agenda for action at a future meeting of the Committee or Board; and/or items requiring immediate action because of an emergency situation or where the need to take immediate action came to the attention of the Committee subsequent to the posting of the agenda."
3244,2026-05-21,"Finance, Budget and Audit Committee",169463,,25,,,,,,,,0,0,COMMENTS FROM THE PUBLIC ON ITEMS OF PUBLIC INTEREST WITHIN COMMITTEE’S SUBJECT MATTER JURISDICTION
3244,2026-05-21,"Finance, Budget and Audit Committee",169464,,26,,,,,,,,0,0,Adjournment
3244,2026-05-21,"Finance, Budget and Audit Committee",170216,,18,,,,,,,,0,0,NON-CONSENT
3244,2026-05-21,"Finance, Budget and Audit Committee",170217,21,17,12395,2026-0278,Informational Report,RECEIVED AND FILED,Pass,,,0,0,RECEIVE AND FILE the Management Audit Services FY 2026 Third Quarter Report.
3244,2026-05-21,"Finance, Budget and Audit Committee",170220,,14,,,,,,,,0,0,CONSENT CALENDAR
3244,2026-05-21,"Finance, Budget and Audit Committee",170221,,13,,,,,,,,0,0,"APPROVE Consent Calendar Items: 20 and 21.

Consent Calendar items are approved by one motion unless held by a Director for discussion and/or separate action."
3244,2026-05-21,"Finance, Budget and Audit Committee",170241,23,20,12419,2026-0302,Budget,,,,,0,0,"CONSIDER:

A.	APPROVING $2.9 billion in Fiscal Year 2026-27 (FY27) Transit Fund Allocations for Los Angeles County jurisdictions, transit operators, and Metro Operations as shown in Attachment A. These allocations comply with federal, state, and local regulations and Metro Board approved policies and guidelines. Federal and state fund allocations are subject to actual fund apportionments;

B.	APPROVING fund exchanges in the estimated amount of $4,748,679 of Metro’s Transportation Development"
3244,2026-05-21,"Finance, Budget and Audit Committee",170242,22,19,12326,2026-0209,Public Hearing,,,,,0,0,"CONSIDER:

A.	ADOPTING the proposed FY27 Budget as presented in the budget document (provided in a separate transmittal and posted on metro.net <https://www.metro.net/about/financebudget/>); 

1.	AUTHORIZING $9.7 billion annual consolidated expenditures to achieve goals and objectives set forth by the Board adopted mission and goals; 

2.	AUTHORIZING a total of 12,321 FTEs, of which 10,024 are Represented FTEs and 2,297 are Non-Represented FTEs;

3.	AUTHORIZING an average 3% performance-based me"
3244,2026-05-21,"Finance, Budget and Audit Committee",170539,24,21,12432,2026-0315,Budget,,,,,0,0,ADOPT the Fiscal Year 2027 (FY27) Proposed Annual Audit Plan (Attachment A).
3244,2026-05-21,"Finance, Budget and Audit Committee",170540,,22,,,,,,,,0,0,
3244,2026-05-21,"Finance, Budget and Audit Committee",170544,20,15,11976,2025-0958,Contract,,,,,0,0,"AUTHORIZE the Chief Executive Officer to award the following five-year indefinite delivery/indefinite quantity (IDIQ) firm fixed unit price contracts for TAP fare media for Metro and TAP Partner agencies for a total Not-To-Exceed (NTE) amount of $30,149,315 for the initial three-year term, and $11,975,535 for the first, one-year option, and $12,028,294 for the second, one-year option, for a total NTE cumulative amount of $54,153,144, inclusive of sales tax, effective July 1, 2026, subject to the"
3244,2026-05-21,"Finance, Budget and Audit Committee",171069,,16,,,,,,,,0,0,page break
3245,2026-05-21,Executive Management Committee,169465,,1,,,,,,,,0,0,page break
3245,2026-05-21,Executive Management Committee,169466,,2,,,,,,,,0,0,Live Public Comment Instructions:
3245,2026-05-21,Executive Management Committee,169467,,3,,,,,,,,0,0,"Live public comment can be given by telephone or in-person.

The Meeting begins at 11:00 AM Pacific Time on May 21, 2026; you may join the call 5 minutes prior to the start of the meeting.

Dial-in: 888-978-8818 and enter
English Access Code: 5647249#
Spanish Access Code: 7292892#"
3245,2026-05-21,Executive Management Committee,169468,,4,,,,,,,,0,0,"Public comment will be taken as the Board takes up each item. To give public  comment on an item, enter #2 (pound-two) when prompted. Please note that the live  video feed lags about 30 seconds behind the actual meeting. There is no lag on the  public comment dial-in line."
3245,2026-05-21,Executive Management Committee,169469,,5,,,,,,,,0,0,Instrucciones para comentarios publicos en vivo:
3245,2026-05-21,Executive Management Committee,169470,,6,,,,,,,,0,0,"Los comentarios publicos en vivo se pueden dar por telefono o en persona.

La Reunion de la Junta comienza a las 11:00 AM, hora del Pacifico, el 21 de Mayo de 2026. Puedes unirte a la llamada 5 minutos antes del comienso de la junta.

Marque: 888-978-8818 y ingrese el codigo
Codigo de acceso en ingles: 5647249#
Codigo de acceso en espanol: 7292892#"
3245,2026-05-21,Executive Management Committee,169471,,7,,,,,,,,0,0,Los comentarios del público se tomaran cuando se toma cada tema. Para dar un  comentario público sobre una tema ingrese # 2 (Tecla de numero y dos) cuando se le  solicite. Tenga en cuenta que la transmisión de video en vivo se retrasa unos 30  segundos con respecto a la reunión real. No hay retraso en la línea de acceso telefónico para comentarios públicos.
3245,2026-05-21,Executive Management Committee,169472,,8,,,,,,,,0,0,Written Public Comment Instruction:
3245,2026-05-21,Executive Management Committee,169473,,9,,,,,,,,0,0,"Written public comments must be received by 5PM the day before the meeting.
Please include the Item # in your comment and your position of “FOR,” “AGAINST,” ""GENERAL COMMENT,"" or ""ITEM NEEDS MORE CONSIDERATION.""
Email: BoardClerk@metro.net
Post Office Mail:
Board Administration
One Gateway Plaza
MS: 99-3-1
Los Angeles, CA 90012"
3245,2026-05-21,Executive Management Committee,169474,,10,,,,,,,,0,0,page break
3245,2026-05-21,Executive Management Committee,169475,,11,,,,,,,,0,0,CALL TO ORDER
3245,2026-05-21,Executive Management Committee,169476,,12,,,,,,,,1,0,ROLL CALL
3245,2026-05-21,Executive Management Committee,169477,,13,,,,,,,,0,0,"APPROVE Consent Calendar Items: 25 and 26.

Consent Calendar items are approved by one motion unless held by a Director for discussion and/or separate action. "
3245,2026-05-21,Executive Management Committee,169770,,24,,,,,,,,0,0, 
3245,2026-05-21,Executive Management Committee,169771,,25,12470,2026-0353,Informational Report,,,,,0,0,RECEIVE General Public Comment
3245,2026-05-21,Executive Management Committee,169772,,26,,,,,,,,0,0,"Consideration of items not on the posted agenda, including: items to be presented and (if requested) referred to staff; items to be placed on the agenda for action at a future meeting of the Committee or Board; and/or items requiring immediate action because of an emergency situation or where the need to take immediate action came to the attention of the Committee subsequent to the posting of the agenda."
3245,2026-05-21,Executive Management Committee,169773,,27,,,,,,,,0,0,COMMENTS FROM THE PUBLIC ON ITEMS OF PUBLIC INTEREST WITHIN COMMITTEE’S SUBJECT MATTER JURISDICTION
3245,2026-05-21,Executive Management Committee,169774,,28,,,,,,,,0,0,Adjournment
3245,2026-05-21,Executive Management Committee,170243,,23,,,,,,,,0,0,
3245,2026-05-21,Executive Management Committee,170244,29,22,12448,2026-0331,Informational Report,RECEIVED AND FILED,Pass,,,0,0,RECEIVE AND FILE May 2026 Federal and State Legislative Report.
3245,2026-05-21,Executive Management Committee,170245,28,20,12434,2026-0317,Informational Report,RECEIVED AND FILED,Pass,,,0,0,RECEIVE AND FILE status report on Metro’s Room to Work Program.
3245,2026-05-21,Executive Management Committee,170246,27,19,12334,2026-0217,Policy,WITHDRAWN,,,,0,0,"WITHDRAWN: 

APPROVE the Cathay Pacific Corporate Sponsorship Proposal for the naming rights of the LAX/Metro Transit Center Station for five years upon execution of the agreement."
3245,2026-05-21,Executive Management Committee,170248,,18,,,,,,,,0,0,NON-CONSENT
3245,2026-05-21,Executive Management Committee,170249,26,16,12205,2026-0089,Informational Report,RECEIVED AND FILED,Pass,,,0,0,RECEIVE AND FILE the FY2027 Committee and Board Meeting Calendar (Attachment A).
3245,2026-05-21,Executive Management Committee,170251,25,15,11909,2025-0890,Contract,,,,,0,0,"AUTHORIZE the Chief Executive Officer to:

A.	AWARD a cost-plus fixed fee, task order-based Contract No. AE129745EN086, to Cumming Management Group, Inc. for Sustainability Program Assistance Services (SPAS), for a three-year base term in an amount Not-To-Exceed (NTE) $7,500,000, plus two, one-year options in an NTE amount of $2,500,000 for each option year, for a total NTE amount of $12,500,000, subject to the resolution of any properly submitted protests, if any; and 

B.	AWARD individual Task"
3245,2026-05-21,Executive Management Committee,170252,,14,,,,,,,,0,0,CONSENT CALENDAR
3245,2026-05-21,Executive Management Committee,170549,,21,,,,,,,,0,0,
3245,2026-05-21,Executive Management Committee,171060,,17,,,,,,,,0,0,page break
3246,2026-05-21,"Operations, Safety, and Customer Experience Committee",169775,,1,,,,,,,,0,0,page break
3246,2026-05-21,"Operations, Safety, and Customer Experience Committee",169776,,2,,,,,,,,0,0,Live Public Comment Instructions:
3246,2026-05-21,"Operations, Safety, and Customer Experience Committee",169777,,3,,,,,,,,0,0,"Live public comment can be given by telephone or in-person.

The Meeting begins at 1:00 PM Pacific Time on May 21, 2026; you may join the call 5 minutes prior to the start of the meeting.

Dial-in: 888-978-8818 and enter
English Access Code: 5647249#
Spanish Access Code: 7292892#"
3246,2026-05-21,"Operations, Safety, and Customer Experience Committee",169778,,4,,,,,,,,0,0,"Public comment will be taken as the Board takes up each item. To give public  comment on an item, enter #2 (pound-two) when prompted. Please note that the live  video feed lags about 30 seconds behind the actual meeting. There is no lag on the  public comment dial-in line."
3246,2026-05-21,"Operations, Safety, and Customer Experience Committee",169779,,5,,,,,,,,0,0,Instrucciones para comentarios publicos en vivo:
3246,2026-05-21,"Operations, Safety, and Customer Experience Committee",169780,,6,,,,,,,,0,0,"Los comentarios publicos en vivo se pueden dar por telefono o en persona.

La Reunion de la Junta comienza a las 1:00 PM, hora del Pacifico, el 21 de Mayo de 2026. Puedes unirte a la llamada 5 minutos antes del comienso de la junta.

Marque: 888-978-8818 y ingrese el codigo
Codigo de acceso en ingles: 5647249#
Codigo de acceso en espanol: 7292892#"
3246,2026-05-21,"Operations, Safety, and Customer Experience Committee",169781,,7,,,,,,,,0,0,Los comentarios del público se tomaran cuando se toma cada tema. Para dar un  comentario público sobre una tema ingrese # 2 (Tecla de numero y dos) cuando se le  solicite. Tenga en cuenta que la transmisión de video en vivo se retrasa unos 30  segundos con respecto a la reunión real. No hay retraso en la línea de acceso telefónico para comentarios públicos.
3246,2026-05-21,"Operations, Safety, and Customer Experience Committee",169782,,8,,,,,,,,0,0,Written Public Comment Instruction:
3246,2026-05-21,"Operations, Safety, and Customer Experience Committee",169783,,9,,,,,,,,0,0,"Written public comments must be received by 5PM the day before the meeting.
Please include the Item # in your comment and your position of “FOR,” “AGAINST,” ""GENERAL COMMENT,"" or ""ITEM NEEDS MORE CONSIDERATION.""
Email: BoardClerk@metro.net
Post Office Mail:
Board Administration
One Gateway Plaza
MS: 99-3-1
Los Angeles, CA 90012"
3246,2026-05-21,"Operations, Safety, and Customer Experience Committee",169784,,10,,,,,,,,0,0,page break
3246,2026-05-21,"Operations, Safety, and Customer Experience Committee",169785,,11,,,,,,,,0,0,CALL TO ORDER
3246,2026-05-21,"Operations, Safety, and Customer Experience Committee",169786,,12,,,,,,,,1,0,ROLL CALL
3246,2026-05-21,"Operations, Safety, and Customer Experience Committee",169787,,13,,,,,,,,0,0,"APPROVE Consent Calendar Items: 30, 31, 32, and 33.

Consent Calendar items are approved by one motion unless held by a Director for discussion and/or separate action. "
3246,2026-05-21,"Operations, Safety, and Customer Experience Committee",170179,,31,,,,,,,,0,0, 
3246,2026-05-21,"Operations, Safety, and Customer Experience Committee",170180,,32,12471,2026-0354,Informational Report,,,,,0,0,RECEIVE General Public Comment
3246,2026-05-21,"Operations, Safety, and Customer Experience Committee",170181,,33,,,,,,,,0,0,"Consideration of items not on the posted agenda, including: items to be presented and (if requested) referred to staff; items to be placed on the agenda for action at a future meeting of the Committee or Board; and/or items requiring immediate action because of an emergency situation or where the need to take immediate action came to the attention of the Committee subsequent to the posting of the agenda."
3246,2026-05-21,"Operations, Safety, and Customer Experience Committee",170182,,34,,,,,,,,0,0,COMMENTS FROM THE PUBLIC ON ITEMS OF PUBLIC INTEREST WITHIN COMMITTEE’S SUBJECT MATTER JURISDICTION
3246,2026-05-21,"Operations, Safety, and Customer Experience Committee",170183,,35,,,,,,,,0,0,Adjournment
3246,2026-05-21,"Operations, Safety, and Customer Experience Committee",170253,,30,,,,,,,,0,0,
3246,2026-05-21,"Operations, Safety, and Customer Experience Committee",170254,40,29,12303,2026-0186,Informational Report,RECEIVED AND FILED,Pass,,,0,0,RECEIVE AND FILE status report on Metro’s Public Safety Advisory Committee (PSAC).
3246,2026-05-21,"Operations, Safety, and Customer Experience Committee",170255,39,27,12386,2026-0269,Informational Report,RECEIVED,Pass,,,0,0,RECEIVE AND FILE the Public Safety Report.
3246,2026-05-21,"Operations, Safety, and Customer Experience Committee",170256,38,26,12385,2026-0268,Informational Report,RECEIVED AND FILED,Pass,,,0,0,RECEIVE AND FILE Office of the Inspector General (OIG) Final Report on Review of Metro’s Payment System and Signage at Parking Lots for the 2026 FIFA World Cup
3246,2026-05-21,"Operations, Safety, and Customer Experience Committee",170257,37,25,12439,2026-0322,Informational Report,RECEIVED,Pass,,,0,0,RECEIVE oral report that provides an update on Metro’s efforts to lead a comprehensive Station Activation Program.
3246,2026-05-21,"Operations, Safety, and Customer Experience Committee",170258,36,24,12338,2026-0221,Contract,,,,,0,0,"AUTHORIZE the Chief Executive Officer to execute Modification No. 1 to Contract No. OP128820000 with Throne Labs, Inc. to accelerate the deployment of the Throne smart restrooms and realign service levels, in the Not-to-Exceed (NTE) amount of $3,060,590, increasing the total NTE contract amount from $21,138,608 to $24,199,198."
3246,2026-05-21,"Operations, Safety, and Customer Experience Committee",170260,35,22,12397,2026-0280,Oral Report / Presentation,RECEIVED,Pass,,,0,0,RECEIVE oral report on Metro Operations.
3246,2026-05-21,"Operations, Safety, and Customer Experience Committee",170261,34,21,12396,2026-0279,Oral Report / Presentation,RECEIVED,Pass,,,0,0,RECOGNIZE Operations Employees of the Month.
3246,2026-05-21,"Operations, Safety, and Customer Experience Committee",170262,,20,,,,,,,,0,0,NON-CONSENT
3246,2026-05-21,"Operations, Safety, and Customer Experience Committee",170263,33,19,12232,2026-0116,Appointment,,,,,0,0,"APPROVE nominees for membership on Metro’s Gateway Cities, San Fernando Valley, San Gabriel Valley, South Bay Cities, and Westside Central Service Councils (Attachment A)."
3246,2026-05-21,"Operations, Safety, and Customer Experience Committee",170264,32,18,12363,2026-0246,Contract,,,,,0,0,"AUTHORIZE the Chief Executive Officer to execute Modification No. 2 to Contract No. PS118995000 with Flying Lion, Inc. to continue to support security monitoring, emergency response, infrastructure inspections, and aerial situational awareness across the Metro transit system, in the amount of $497,764, increasing the total contract value from $497,780 to $995,544, and extending the period of performance from July 22, 2027, through July 21, 2029."
3246,2026-05-21,"Operations, Safety, and Customer Experience Committee",170265,31,16,12389,2026-0272,Contract,,,,,0,0,"AUTHORIZE the Chief Executive Officer to execute Modification No. 2 to the Recruitment Services Bench Contract Nos. PS95999000 with Partners in Diversity, Inc., PS95999001 with DeSanti, and PS95999002 with David Gomez Partners to continue supporting the identification and placement of qualified candidates for professional, management, and executive-level positions across the agency in an amount Not-To-Exceed (NTE) $200,000, increasing the cumulative contract value from $482,500 to $682,500, and "
3246,2026-05-21,"Operations, Safety, and Customer Experience Committee",170266,30,15,12284,2026-0167,Contract,,,,,0,0,"AUTHORIZE the Chief Executive Officer to award a 24-month firm-fixed price Contract No. PS135749000 to Dematic Corp. (Dematic) for the Automated Guided Vehicle (AGV) replacement to install 11 AGVs along with the associated software in the amount of $4,837,855, subject to the resolution of any properly submitted protest(s), if any."
3246,2026-05-21,"Operations, Safety, and Customer Experience Committee",170267,,14,,,,,,,,0,0,CONSENT CALENDAR
3246,2026-05-21,"Operations, Safety, and Customer Experience Committee",170541,,17,,,,,,,,0,0,page break
3246,2026-05-21,"Operations, Safety, and Customer Experience Committee",170542,,23,,,,,,,,0,0,page break
3246,2026-05-21,"Operations, Safety, and Customer Experience Committee",170546,,28,,,,,,,,0,0,page break
3247,2026-05-28,Board of Directors - Regular Board Meeting,170319,,1,,,,,,,,0,0,page break
3247,2026-05-28,Board of Directors - Regular Board Meeting,170320,,2,,,,,,,,0,0,Live Public Comment Instructions:
3247,2026-05-28,Board of Directors - Regular Board Meeting,170321,,3,,,,,,,,0,0,"Live public comment can be given by telephone or in-person.

The Meeting begins at 10:00 AM Pacific Time on May 28, 2026; you may join the call 5 minutes prior to the start of the meeting.

Dial-in: 888-978-8818 and enter
English Access Code: 5647249#
Spanish Access Code: 7292892#"
3247,2026-05-28,Board of Directors - Regular Board Meeting,170322,,4,,,,,,,,0,0,"Public comment will be taken as the Board takes up each item. To give public  comment on an item, enter #2 (pound-two) when prompted. Please note that the live  video feed lags about 30 seconds behind the actual meeting. There is no lag on the  public comment dial-in line."
3247,2026-05-28,Board of Directors - Regular Board Meeting,170323,,5,,,,,,,,0,0,Instrucciones para comentarios publicos en vivo:
3247,2026-05-28,Board of Directors - Regular Board Meeting,170324,,6,,,,,,,,0,0,"Los comentarios publicos en vivo se pueden dar por telefono o en persona.

La Reunion de la Junta comienza a las 10:00 AM, hora del Pacifico, el 28 de Mayo de 2026.
Puedes unirte a la llamada 5 minutos antes del comienso de la junta.

Marque: 888-978-8818 y ingrese el codigo
Codigo de acceso en ingles: 5647249#
Codigo de acceso en espanol: 7292892#"
3247,2026-05-28,Board of Directors - Regular Board Meeting,170325,,7,,,,,,,,0,0,Los comentarios del público se tomaran cuando se toma cada tema. Para dar un  comentario público sobre una tema ingrese # 2 (Tecla de numero y dos) cuando se le  solicite. Tenga en cuenta que la transmisión de video en vivo se retrasa unos 30  segundos con respecto a la reunión real. No hay retraso en la línea de acceso telefónico para comentarios públicos.
3247,2026-05-28,Board of Directors - Regular Board Meeting,170326,,8,,,,,,,,0,0,Written Public Comment Instruction:
3247,2026-05-28,Board of Directors - Regular Board Meeting,170327,,9,,,,,,,,0,0,"Written public comments must be received by 5PM the day before the meeting.
Please include the Item # in your comment and your position of “FOR,” “AGAINST,” ""GENERAL COMMENT,"" or ""ITEM NEEDS MORE CONSIDERATION.""
Email: BoardClerk@metro.net
Post Office Mail:
Board Administration
One Gateway Plaza
MS: 99-3-1
Los Angeles, CA 90012"
3247,2026-05-28,Board of Directors - Regular Board Meeting,170328,,10,,,,,,,,0,0,page break
3247,2026-05-28,Board of Directors - Regular Board Meeting,170329,,11,,,,,,,,0,0,CALL TO ORDER
3247,2026-05-28,Board of Directors - Regular Board Meeting,170330,,12,,,,,,,,1,0,ROLL CALL
3247,2026-05-28,Board of Directors - Regular Board Meeting,170331,1,13,,,,,,,,0,0,"APPROVE Consent Calendar Items: 2, 6, 7, 8, 9, 10, 12, 13, 14, 15, 16, 19, 20, 23, 24, 25, 26, 30, 31, 32, 33, and 36. 

Consent Calendar items are approved by one motion unless held by a Director for discussion and/or separate action.

All Consent Calendar items are listed at the end of the agenda, beginning on page 12."
3247,2026-05-28,Board of Directors - Regular Board Meeting,170332,,34,,,,,,,,0,0,"CONSENT CALENDAR - ITEMS 2, 6, 7, 8, 9, 10, 12, 13, 14, 15, 16, 19, 20, 23, 24, 25, 26, 30, 31, 32, 33, AND 36. "
3247,2026-05-28,Board of Directors - Regular Board Meeting,170501,,80,12521,2026-0404,Informational Report,,,,,0,0,RECEIVE General Public Comment
3247,2026-05-28,Board of Directors - Regular Board Meeting,170502,,81,,,,,,,,0,0,"Consideration of items not on the posted agenda, including: items to be presented and (if requested) referred to staff; items to be placed on the agenda for action at a future meeting of the Committee or Board; and/or items requiring immediate action because of an emergency situation or where the need to take immediate action came to the attention of the Committee subsequent to the posting of the agenda."
3247,2026-05-28,Board of Directors - Regular Board Meeting,170503,,82,,,,,,,,0,0,COMMENTS FROM THE PUBLIC ON ITEMS OF PUBLIC INTEREST WITHIN COMMITTEE’S SUBJECT MATTER JURISDICTION
3247,2026-05-28,Board of Directors - Regular Board Meeting,170504,,83,,,,,,,,0,0,Adjournment
3247,2026-05-28,Board of Directors - Regular Board Meeting,171061,,30,,,,,,,,0,0,END OF NON-CONSENT
3247,2026-05-28,Board of Directors - Regular Board Meeting,171062,,18,,,,,,,,0,0,CONSTRUCTION COMMITTEE FORWARDED THE FOLLOWING DUE TO CONFLICTS AND ABSENCES: 
3247,2026-05-28,Board of Directors - Regular Board Meeting,171063,5,17,12527,2026-0410,Appointment,APPROVED,Pass,,,0,0,ELECTION of Board Officers.
3247,2026-05-28,Board of Directors - Regular Board Meeting,171064,4,16,12519,2026-0402,Oral Report / Presentation,RECEIVED,,,,0,0,RECEIVE report by the Chief Executive Officer.
3247,2026-05-28,Board of Directors - Regular Board Meeting,171065,3,15,12518,2026-0401,Oral Report / Presentation,RECEIVED,,,,0,0,RECEIVE remarks by the Chair.
3247,2026-05-28,Board of Directors - Regular Board Meeting,171066,,79,,,,,,,,0,0,
3247,2026-05-28,Board of Directors - Regular Board Meeting,171067,6,37,12421,2026-0304,Policy,ADOPTED,Pass,Ara J. Najarian,Holly J. Mitchell,0,1,ADOPT the guiding values to support and inform the Ad Hoc Board Committee’s deliberations regarding governance considerations (Attachment A).
3247,2026-05-28,Board of Directors - Regular Board Meeting,171068,2,35,12517,2026-0400,Minutes,APPROVED,Pass,Ara J. Najarian,Holly J. Mitchell,0,1,"APPROVE Minutes of the Regular Board Meeting held April 23, 2026."
3247,2026-05-28,Board of Directors - Regular Board Meeting,171070,46,29,12533,2026-0416,Motion / Motion Response,APPROVED,Pass,Hilda L. Solis,Imelda Padilla,0,0,"APPROVE Motion by Bass, Solis, Horvath, Hahn, and Padilla that the Board directs the Chief Executive Officer or her designee to:

Enter into all necessary agreements and subsequent amendments with the County of Los Angeles, the LACFCD, and/or the City of Los Angeles to carry out the LA River Path Governance Model Study, and to fully reimburse the County of Los Angeles, the LACFCD, and/or the City of Los Angeles for the full cost of the study. 

WE FURTHER MOVE that the Board directs the CEO to h"
3247,2026-05-28,Board of Directors - Regular Board Meeting,171078,43,24,12451,2026-0334,Contract,FAILED,Fail,,,0,0,"AUTHORIZE the Chief Executive Officer to: 

A.	AWARD a five (5) year Indefinite Delivery/Indefinite Quantity (IDIQ) contract, Contract No. OP132076000, with Shell Energy North America (US), LP for Renewable Natural Gas (RNG), inclusive of a five-year base in the Not-To-Exceed (NTE) amount of $140,004,228.05 and one three-year option in the NTE amount of $88,902,684.81, for a combined NTE amount of $228,906,912.86; and

B.	EXECUTE individual Task Orders, Transaction Confirmations, and Contract Mo"
3247,2026-05-28,Board of Directors - Regular Board Meeting,171079,,25,,,,,,,,0,0,(FORWARDED FROM APRIL'S BOARD MEETING)
3247,2026-05-28,Board of Directors - Regular Board Meeting,171080,,23,,,,,,,,0,0,
3247,2026-05-28,Board of Directors - Regular Board Meeting,171081,44,26,12335,2026-0218,Resolution,ADOPTED,Pass,Kathryn Barger,Tim Sandoval,0,0,"ADOPT the proposed Resolutions of Necessity authorizing the commencement of eminent domain actions to acquire either the Fee Simple Interest (“Fee Interest”) or certain Improvements Pertaining to Realty (“IPR”) for the properties identified in Attachment A and described as:

A.	14529 Keswick Street, Van Nuys, CA 91405; APN: 2210-030-027; ESFV-B-002-1 (“B-002”). (IPR Interests Only);

B.	13287-13289 Van Nuys Blvd., Pacoima, CA 91331; APN: 2619-017-008; ESFV-C-005-1 (“C-005”). (Fee Interest Only);"
3247,2026-05-28,Board of Directors - Regular Board Meeting,171082,45,28,12477,2026-0360,Oral Report / Presentation,RECEIVED,,,,0,0,RECEIVE oral report on preparations for the 2026 FIFA World Cup.
3247,2026-05-28,Board of Directors - Regular Board Meeting,171083,18,19,12383,2026-0266,Project,APPROVED,Pass,Jacquelyn Dupont-Walker,Tim Sandoval,0,0,"AUTHORIZE the Chief Executive Officer to:

A.	ESTABLISH a Life-of-Project (LOP) budget in the amount of $3,998,675,309 for the East San Fernando Valley Light Rail Transit Project;

B.	AMEND the Progressive Design-Build Contract No. PS89616000 with San Fernando Transit Constructors (SFTC), a Joint Venture (JV) of Skanska USA Civil West California District, Inc. (Skanska) and Stacy and Witbeck, Inc., to implement the Phase 2 Supplement of the Project in the amount of $1,988,038,124 increasing "
3247,2026-05-28,Board of Directors - Regular Board Meeting,171084,,20,,,,,,,,0,0,"FINANCE, BUDGET, AND AUDIT COMMITTEE FORWARDED THE FOLLOWING: "
3247,2026-05-28,Board of Directors - Regular Board Meeting,171085,,78,,,,,,,,0,0,
3247,2026-05-28,Board of Directors - Regular Board Meeting,171086,,62,,,,,,,,0,0,"FINANCE, BUDGET, AND AUDIT COMMITTEE MADE THE FOLLOWING RECOMMENDATION (3-0):"
3247,2026-05-28,Board of Directors - Regular Board Meeting,171087,23,61,12419,2026-0302,Budget,ADOPTED,Pass,Ara J. Najarian,Holly J. Mitchell,0,1,"CONSIDER:

A.	APPROVING $2.9 billion in Fiscal Year 2026-27 (FY27) Transit Fund Allocations for Los Angeles County jurisdictions, transit operators, and Metro Operations as shown in Attachment A. These allocations comply with federal, state, and local regulations and Metro Board approved policies and guidelines. Federal and state fund allocations are subject to actual fund apportionments;

B.	APPROVING fund exchanges in the estimated amount of $4,748,679 of Metro’s Transportation Development"
3247,2026-05-28,Board of Directors - Regular Board Meeting,171088,,60,,,,,,,,0,0,"FINANCE, BUDGET, AND AUDIT COMMITTEE MADE THE FOLLOWING RECOMMENDATION (3-0):"
3247,2026-05-28,Board of Directors - Regular Board Meeting,171089,20,59,11976,2025-0958,Contract,APPROVED,Pass,Ara J. Najarian,Holly J. Mitchell,0,1,"AUTHORIZE the Chief Executive Officer to award the following five-year indefinite delivery/indefinite quantity (IDIQ) firm fixed unit price contracts for TAP fare media for Metro and TAP Partner agencies for a total Not-To-Exceed (NTE) amount of $30,149,315 for the initial three-year term, and $11,975,535 for the first, one-year option, and $12,028,294 for the second, one-year option, for a total NTE cumulative amount of $54,153,144, inclusive of sales tax, effective July 1, 2026, subject to the"
3247,2026-05-28,Board of Directors - Regular Board Meeting,171090,,58,,,,,,,,0,0,"FINANCE, BUDGET, AND AUDIT COMMITTEE MADE THE FOLLOWING RECOMMENDATION (3-0):"
3247,2026-05-28,Board of Directors - Regular Board Meeting,171091,19,57,12412,2026-0295,Project,APPROVED,Pass,Ara J. Najarian,Holly J. Mitchell,0,1,"CONSIDER:

A.	ESTABLISHING a Life-of-Project (LOP) budget for the North Hollywood to Pasadena Bus Rapid Transit (BRT) Project in the amount of $428,988,535; and

B.	AUTHORIZING the Chief Executive Officer to negotiate and execute project-related agreements up to the authorized Life-of-Project budget."
3247,2026-05-28,Board of Directors - Regular Board Meeting,171092,,56,,,,,,,,0,0,CONSTRUCTION COMMITTEE MADE THE FOLLOWING RECOMMENDATION (3-0):
3247,2026-05-28,Board of Directors - Regular Board Meeting,171093,16,55,12075,2025-1057,Motion / Motion Response,APPROVED,Pass,Ara J. Najarian,Holly J. Mitchell,0,1,"AUTHORIZE the Chief Executive Officer (CEO) to execute: 

A.	Amendment 1 to Caltrans Design Cooperative (COOP) Agreement 5147 to  reallocate $845,000 in funding, to transition the I-605 Beverly Boulevard Improvement Project to Caltrans; 

B.	Construction Cooperative Agreement 5355 with Caltrans to replace existing Construction Cooperative Agreement 5276.  Construction COOP agreement 5355 identifies $5,991,000 in funding for Caltrans Construction Support, and $34,496,120 in funding for the estima"
3247,2026-05-28,Board of Directors - Regular Board Meeting,171094,,54,,,,,,,,0,0,CONSTRUCTION COMMITTEE MADE THE FOLLOWING RECOMMENDATION (3-0):
3247,2026-05-28,Board of Directors - Regular Board Meeting,171095,15,53,12424,2026-0307,Project,APPROVED,Pass,Ara J. Najarian,Holly J. Mitchell,0,1,"CONSIDER:

A.	ESTABLISHING a Life-of-Project (LOP) budget for the K-Line new Traction Power Substation (TPSS) Support project (Project) in the amount of $38,450,000; and

B.	AUTHORIZING the Chief Executive Officer to negotiate and execute project-related agreements, including contract and task order modifications, up to the authorized LOP."
3247,2026-05-28,Board of Directors - Regular Board Meeting,171096,,52,,,,,,,,0,0,CONSTRUCTION COMMITTEE MADE THE FOLLOWING RECOMMENDATION (3-0):
3247,2026-05-28,Board of Directors - Regular Board Meeting,171097,,48,,,,,,,,0,0,CONSTRUCTION COMMITTEE MADE THE FOLLOWING RECOMMENDATION (3-0):
3247,2026-05-28,Board of Directors - Regular Board Meeting,171098,12,47,12052,2025-1034,Contract,APPROVED ON CONSENT CALENDAR,Pass,Ara J. Najarian,Holly J. Mitchell,0,0,"AUTHORIZE the Chief Executive Officer (CEO) to execute Modification No. 13 to Contract No. AE63445000 with STV Incorporated (STV) in the amount of $43,096,451 to advance project design from 15% advanced conceptual engineering level to 30% preliminary engineering level, and conduct extended third party coordination and approval activities for the K Line Extension to Torrance Project (formerly referred to as the C (Green) Line Extension), increasing the total contract value from $33,404,805 to $76"
3247,2026-05-28,Board of Directors - Regular Board Meeting,171099,,46,,,,,,,,0,0,CONSTRUCTION COMMITTEE MADE THE FOLLOWING RECOMMENDATION (3-0):
3247,2026-05-28,Board of Directors - Regular Board Meeting,171100,10,45,12367,2026-0250,Contract,APPROVED ON CONSENT CALENDAR,Pass,Ara J. Najarian,Holly J. Mitchell,0,0,"AUTHORIZE the Chief Executive Officer (CEO) to:

A.	EXECUTE Modification No. 12 to Contract No. AE67085000 for the Sepulveda Transit Corridor Environmental Review and Conceptual Engineering with HTA Partners (HTA), a joint venture between HNTB Corporation, Terry A. Hayes Associates Inc., and AECOM Technical Services, Inc., to provide additional technical services in the amount of $7,658,836 for the preparation of documents necessary for state and federal environmental clearance of the recently"
3247,2026-05-28,Board of Directors - Regular Board Meeting,171101,,44,,,,,,,,0,0,PLANNING AND PROGRAMMING COMMITTEE MADE THE FOLLOWING RECOMMENDATION (3-0):
3247,2026-05-28,Board of Directors - Regular Board Meeting,171102,9,43,12394,2026-0277,Program,APPROVED,Pass,Ara J. Najarian,Holly J. Mitchell,0,1,"CONSIDER: 

A.	APPROVING: 

1.	Deobligating a net of $60,489 in Measure M Multi-Year Subregional Program (MSP) - Active Transportation Program (expenditure line 54) funds and reprogram  project funds previously approved to meet the project schedules, as shown in Attachment A; 

2.	Reprogramming of projects previously approved to meet the project schedules, in Measure M MSP - First/Last Mile and Complete Streets Program (expenditure line 59), as shown in Attachment B; and

B.	AUTHORIZING the Chie"
3247,2026-05-28,Board of Directors - Regular Board Meeting,171103,,42,,,,,,,,0,0,PLANNING AND PROGRAMMING COMMITTEE MADE THE FOLLOWING RECOMMENDATION (3-0):
3247,2026-05-28,Board of Directors - Regular Board Meeting,171104,8,41,12370,2026-0253,Project,APPROVED ON CONSENT CALENDAR,Pass,Ara J. Najarian,Holly J. Mitchell,0,0,"CONSIDER:

A.	APPROVING the programming of $5,750,000 in Measure M funds to support design activities for SR-71 North; and

B.	AUTHORIZING the Chief Executive Officer or their designee to execute and/or amend all necessary programming documents and project agreements for the SR-71 North design activities."
3247,2026-05-28,Board of Directors - Regular Board Meeting,171105,,40,,,,,,,,0,0,PLANNING AND PROGRAMMING COMMITTEE MADE THE FOLLOWING RECOMMENDATION (3-0):
3247,2026-05-28,Board of Directors - Regular Board Meeting,171106,7,39,12220,2026-0104,Program,APPROVED,Pass,Ara J. Najarian,Holly J. Mitchell,0,1,"CONSIDER:

A.	APPROVING $9,338,470 in Measure M High Desert Multipurpose Corridor (HDMC) funds identified in the Expenditure Plan for Right-Of-Way (ROW) acquisition to be repurposed to the High Desert Corridor (HDC) Joint Powers Agency (JPA) for the Fiscal Year 2027 (FY27) work program; and 

B.	AUTHORIZING the Chief Executive Officer (CEO) or their designee to negotiate and execute all necessary funding agreements with the HDC JPA."
3247,2026-05-28,Board of Directors - Regular Board Meeting,171107,,38,,,,,,,,0,0,PLANNING AND PROGRAMMING COMMITTEE MADE THE FOLLOWING RECOMMENDATION (3-0):
3247,2026-05-28,Board of Directors - Regular Board Meeting,171108,14,51,12400,2026-0283,Project,APPROVED,Pass,Ara J. Najarian,Holly J. Mitchell,0,1,"AUTHORIZE execution of Amendment No. 1 to the Master Cooperative Agreement (MCA) between the Metro Gold Line Foothill Extension Construction Authority (""Authority"") and the Los Angeles County Metropolitan Transportation Authority (""LACMTA"") to reflect updates to key definitions and terms to ensure alignment with the revised scope and operational requirements for the Metro Gold Line Phase 2B project (Attachment A)."
3247,2026-05-28,Board of Directors - Regular Board Meeting,171109,,50,,,,,,,,0,0,CONSTRUCTION COMMITTEE MADE THE FOLLOWING RECOMMENDATION (3-0):
3247,2026-05-28,Board of Directors - Regular Board Meeting,171110,13,49,12384,2026-0267,Contract,APPROVED,Pass,Ara J. Najarian,Holly J. Mitchell,0,1,"AUTHORIZE the Chief Executive Officer to increase the Life-of-Project (LOP) budget by $1,645,350, from $7,354,650 to $9,000,000 for the Chatsworth Station ADA Improvement Project, which includes allowance for increased Metrolink Platform 2 work."
3247,2026-05-28,Board of Directors - Regular Board Meeting,171111,,36,,,,,,,,0,0,AD HOC BOARD COMPOSITION COMMITTEE MADE THE FOLLOWING RECOMMENDATION (7-0-1):
3247,2026-05-28,Board of Directors - Regular Board Meeting,171112,22,21,12326,2026-0209,Public Hearing,APPROVED,Pass,Tim Sandoval,Kathryn Barger,0,0,"CONSIDER:

A.	ADOPTING the proposed FY27 Budget as presented in the budget document (provided in a separate transmittal and posted on metro.net <https://www.metro.net/about/financebudget/>); 

1.	AUTHORIZING $9.7 billion annual consolidated expenditures to achieve goals and objectives set forth by the Board adopted mission and goals; 

2.	AUTHORIZING a total of 12,321 FTEs, of which 10,024 are Represented FTEs and 2,297 are Non-Represented FTEs;

3.	AUTHORIZING an average 3% performance-based me"
3247,2026-05-28,Board of Directors - Regular Board Meeting,171113,,22,,,,,,,,0,0,
3247,2026-05-28,Board of Directors - Regular Board Meeting,171114,36,77,12338,2026-0221,Contract,APPROVED ON CONSENT CALENDAR,Pass,Ara J. Najarian,Holly J. Mitchell,0,0,"AUTHORIZE the Chief Executive Officer to execute Modification No. 1 to Contract No. OP128820000 with Throne Labs, Inc. to accelerate the deployment of the Throne smart restrooms and realign service levels, in the Not-to-Exceed (NTE) amount of $3,060,590, increasing the total NTE contract amount from $21,138,608 to $24,199,198."
3247,2026-05-28,Board of Directors - Regular Board Meeting,171115,,68,,,,,,,,0,0,"OPERATIONS, SAFETY, AND CUSTOMER EXPERIENCE COMMITTEE MADE THE FOLLOWING RECOMMENDATION (3-0):"
3247,2026-05-28,Board of Directors - Regular Board Meeting,171116,26,67,12205,2026-0089,Informational Report,RECEIVED AND FILED,Pass,Ara J. Najarian,Holly J. Mitchell,0,1,RECEIVE AND FILE the FY2027 Committee and Board Meeting Calendar (Attachment A).
3247,2026-05-28,Board of Directors - Regular Board Meeting,171117,,66,,,,,,,,0,0,EXECUTIVE MANAGEMENT COMMITTEE RECEIVED AND FILED THE FOLLOWING:
3247,2026-05-28,Board of Directors - Regular Board Meeting,171118,25,65,11909,2025-0890,Contract,APPROVED ON CONSENT CALENDAR,Pass,Ara J. Najarian,Holly J. Mitchell,0,0,"AUTHORIZE the Chief Executive Officer to:

A.	AWARD a cost-plus fixed fee, task order-based Contract No. AE129745EN086, to Cumming Management Group, Inc. for Sustainability Program Assistance Services (SPAS), for a three-year base term in an amount Not-To-Exceed (NTE) $7,500,000, plus two, one-year options in an NTE amount of $2,500,000 for each option year, for a total NTE amount of $12,500,000, subject to the resolution of any properly submitted protests, if any; and 

B.	AWARD individual Task"
3247,2026-05-28,Board of Directors - Regular Board Meeting,171119,,64,,,,,,,,0,0,EXECUTIVE MANAGEMENT COMMITTEE MADE THE FOLLOWING RECOMMENDATION (4-0):
3247,2026-05-28,Board of Directors - Regular Board Meeting,171120,24,63,12432,2026-0315,Budget,RECEIVED AND FILED,Pass,Ara J. Najarian,Holly J. Mitchell,0,1,ADOPT the Fiscal Year 2027 (FY27) Proposed Annual Audit Plan (Attachment A).
3247,2026-05-28,Board of Directors - Regular Board Meeting,171121,,76,,,,,,,,0,0,"OPERATIONS, SAFETY, AND CUSTOMER EXPERIENCE COMMITTEE MADE THE FOLLOWING RECOMMENDATION (3-0):"
3247,2026-05-28,Board of Directors - Regular Board Meeting,171122,33,75,12232,2026-0116,Appointment,APPROVED,Pass,Ara J. Najarian,Holly J. Mitchell,0,1,"APPROVE nominees for membership on Metro’s Gateway Cities, San Fernando Valley, San Gabriel Valley, South Bay Cities, and Westside Central Service Councils (Attachment A)."
3247,2026-05-28,Board of Directors - Regular Board Meeting,171123,,74,,,,,,,,0,0,"OPERATIONS, SAFETY, AND CUSTOMER EXPERIENCE COMMITTEE MADE THE FOLLOWING RECOMMENDATION (3-0):"
3247,2026-05-28,Board of Directors - Regular Board Meeting,171124,32,73,12363,2026-0246,Contract,APPROVED,Pass,Ara J. Najarian,Holly J. Mitchell,0,1,"AUTHORIZE the Chief Executive Officer to execute Modification No. 2 to Contract No. PS118995000 with Flying Lion, Inc. to continue to support security monitoring, emergency response, infrastructure inspections, and aerial situational awareness across the Metro transit system, in the amount of $497,764, increasing the total contract value from $497,780 to $995,544, and extending the period of performance from July 22, 2027, through July 21, 2029."
3247,2026-05-28,Board of Directors - Regular Board Meeting,171125,,72,,,,,,,,0,0,"OPERATIONS, SAFETY, AND CUSTOMER EXPERIENCE COMMITTEE MADE THE FOLLOWING RECOMMENDATION (3-0):"
3247,2026-05-28,Board of Directors - Regular Board Meeting,171126,31,71,12389,2026-0272,Contract,APPROVED,Pass,Ara J. Najarian,Holly J. Mitchell,0,1,"AUTHORIZE the Chief Executive Officer to execute Modification No. 2 to the Recruitment Services Bench Contract Nos. PS95999000 with Partners in Diversity, Inc., PS95999001 with DeSanti, and PS95999002 with David Gomez Partners to continue supporting the identification and placement of qualified candidates for professional, management, and executive-level positions across the agency in an amount Not-To-Exceed (NTE) $200,000, increasing the cumulative contract value from $482,500 to $682,500, and "
3247,2026-05-28,Board of Directors - Regular Board Meeting,171127,,70,,,,,,,,0,0,"OPERATIONS, SAFETY, AND CUSTOMER EXPERIENCE COMMITTEE MADE THE FOLLOWING RECOMMENDATION (3-0):"
3247,2026-05-28,Board of Directors - Regular Board Meeting,171128,30,69,12284,2026-0167,Contract,APPROVED,Pass,Ara J. Najarian,Holly J. Mitchell,0,1,"AUTHORIZE the Chief Executive Officer to award a 24-month firm-fixed price Contract No. PS135749000 to Dematic Corp. (Dematic) for the Automated Guided Vehicle (AGV) replacement to install 11 AGVs along with the associated software in the amount of $4,837,855, subject to the resolution of any properly submitted protest(s), if any."
3247,2026-05-28,Board of Directors - Regular Board Meeting,171130,,31,,,,,,,,0,0,page break
3247,2026-05-28,Board of Directors - Regular Board Meeting,171131,,33,,,,,,,,0,0,page break
3247,2026-05-28,Board of Directors - Regular Board Meeting,171137,,14,,,,,,,,0,0,NON-CONSENT
3247,2026-05-28,Board of Directors - Regular Board Meeting,171138,,27,,,,,,,,0,0,page break
3247,2026-05-28,Board of Directors - Regular Board Meeting,171731,,,,,,APPROVED ON CONSENT CALENDAR,Pass,Ara J. Najarian,Holly J. Mitchell,0,1,Approval of the Consent Agenda
3353,2026-01-14,Board of Directors - Special Board Meeting,159311,,1,,,,,,,,0,0,page break
3353,2026-01-14,Board of Directors - Special Board Meeting,159312,,2,,,,,,,,0,0,Live Public Comment Instructions:
3353,2026-01-14,Board of Directors - Special Board Meeting,159313,,3,,,,,,,,0,0,"Live public comment can be given by telephone or in-person.

The Meeting begins at 9:00 AM Pacific Time on January 14, 2026; you may join the call 5 minutes prior to the start of the meeting.

Dial-in: 888-978-8818 and enter
English Access Code: 5647249#
Spanish Access Code: 7292892#"
3353,2026-01-14,Board of Directors - Special Board Meeting,159314,,4,,,,,,,,0,0,"Public comment will be taken as the Board takes up each item. To give public  comment on an item, enter #2 (pound-two) when prompted. Please note that the live  video feed lags about 30 seconds behind the actual meeting. There is no lag on the  public comment dial-in line."
3353,2026-01-14,Board of Directors - Special Board Meeting,159315,,5,,,,,,,,0,0,Instrucciones para comentarios publicos en vivo:
3353,2026-01-14,Board of Directors - Special Board Meeting,159316,,6,,,,,,,,0,0,"Los comentarios publicos en vivo se pueden dar por telefono o en persona.

La Reunion de la Junta comienza a las 9:00 AM, hora del Pacifico, el 14 de Enero de 2026. Puedes unirte a la llamada 5 minutos antes del comienso de la junta.

Marque: 888-978-8818 y ingrese el codigo
Codigo de acceso en ingles: 5647249#
Codigo de acceso en espanol: 7292892#"
3353,2026-01-14,Board of Directors - Special Board Meeting,159317,,7,,,,,,,,0,0,Los comentarios del público se tomaran cuando se toma cada tema. Para dar un  comentario público sobre una tema ingrese # 2 (Tecla de numero y dos) cuando se le  solicite. Tenga en cuenta que la transmisión de video en vivo se retrasa unos 30  segundos con respecto a la reunión real. No hay retraso en la línea de acceso telefónico para comentarios públicos.
3353,2026-01-14,Board of Directors - Special Board Meeting,159318,,8,,,,,,,,0,0,Written Public Comment Instruction:
3353,2026-01-14,Board of Directors - Special Board Meeting,159319,,9,,,,,,,,0,0,"Written public comments must be received by 5PM the day before the meeting.
Please include the Item # in your comment and your position of “FOR,” “AGAINST,” ""GENERAL COMMENT,"" or ""ITEM NEEDS MORE CONSIDERATION.""
Email: BoardClerk@metro.net
Post Office Mail:
Board Administration
One Gateway Plaza
MS: 99-3-1
Los Angeles, CA 90012"
3353,2026-01-14,Board of Directors - Special Board Meeting,159320,,10,,,,,,,,0,0,page break
3353,2026-01-14,Board of Directors - Special Board Meeting,159321,,11,,,,,,,,0,0,CALL TO ORDER
3353,2026-01-14,Board of Directors - Special Board Meeting,159322,,12,,,,,,,,1,0,ROLL CALL
3353,2026-01-14,Board of Directors - Special Board Meeting,159329,,18,12113,2025-1095,Informational Report,,,,,0,0,RECEIVE General Public Comment
3353,2026-01-14,Board of Directors - Special Board Meeting,159330,,19,,,,,,,,0,0,"Consideration of items not on the posted agenda, including: items to be presented and (if requested) referred to staff; items to be placed on the agenda for action at a future meeting of the Committee or Board; and/or items requiring immediate action because of an emergency situation or where the need to take immediate action came to the attention of the Committee subsequent to the posting of the agenda."
3353,2026-01-14,Board of Directors - Special Board Meeting,159331,,20,,,,,,,,0,0,COMMENTS FROM THE PUBLIC ON ITEMS OF PUBLIC INTEREST WITHIN COMMITTEE’S SUBJECT MATTER JURISDICTION
3353,2026-01-14,Board of Directors - Special Board Meeting,159332,,21,,,,,,,,0,0,Adjournment
3353,2026-01-14,Board of Directors - Special Board Meeting,159334,5,13,12024,2025-1006,Informational Report,RECEIVED AND FILED,Pass,,,0,0,RECEIVING AND FILING the Mobility Concept Plan (MCP) Implementation Progress Report.
3353,2026-01-14,Board of Directors - Special Board Meeting,159335,8,16,11905,2025-0886,Oral Report / Presentation,RECEIVED,Pass,,,0,0,RECEIVE oral report on preparations for the 2026 FIFA World Cup.
3353,2026-01-14,Board of Directors - Special Board Meeting,159337,6,14,12025,2025-1007,Budget,,,Kathryn Barger,Karen Bass,0,0,"CONSIDER:

A.	RECEIVING AND FILING status report on the Provisional Priority List of the Mobility Concept Plan; and 

B.	APPROVING the submittal of a Letter of Interest (LOI) to the United States Department of Transportation (USDOT) for a Transportation Infrastructure Finance and Innovation Act of 1998 (TIFIA) loan for the projects contained in the Provisional Priority List and pay related fees and expenses."
3353,2026-01-14,Board of Directors - Special Board Meeting,160869,7,15,12135,2026-0019,Motion / Motion Response,APPROVED,Pass,Tim Sandoval,Jacquelyn Dupont-Walker,0,0,"APPROVE Motion by Bass, Dutra, Solis, Najarian, Sandoval, and Yaroslavsky that the Board direct the Chief Executive Officer to:

A.	Allow each local jurisdiction in L.A. County, at its sole discretion and upon its request, the option of reallocating Metro discretionary and non-discretionary funds, including but not limited to funds previously allocated by the Metro Board, such as the Call for Projects and Multiyear Subregional Programs, to advance local projects that are consistent with the goal"
3354,2026-01-22,Board of Directors - Regular Board Meeting,160642,,1,,,,,,,,0,0,page break
3354,2026-01-22,Board of Directors - Regular Board Meeting,160643,,2,,,,,,,,0,0,Live Public Comment Instructions:
3354,2026-01-22,Board of Directors - Regular Board Meeting,160644,,3,,,,,,,,0,0,"Live public comment can be given by telephone or in-person.

The Meeting begins at 10:00 AM Pacific Time on January 22, 2026; you may join the call 5 minutes prior to the start of the meeting.

Dial-in: 888-978-8818 and enter
English Access Code: 5647249#
Spanish Access Code: 7292892#"
3354,2026-01-22,Board of Directors - Regular Board Meeting,160645,,4,,,,,,,,0,0,"Public comment will be taken as the Board takes up each item. To give public  comment on an item, enter #2 (pound-two) when prompted. Please note that the live  video feed lags about 30 seconds behind the actual meeting. There is no lag on the  public comment dial-in line."
3354,2026-01-22,Board of Directors - Regular Board Meeting,160646,,5,,,,,,,,0,0,Instrucciones para comentarios publicos en vivo:
3354,2026-01-22,Board of Directors - Regular Board Meeting,160647,,6,,,,,,,,0,0,"Los comentarios publicos en vivo se pueden dar por telefono o en persona.

La Reunion de la Junta comienza a las 10:00 AM, hora del Pacifico, el 22 de Enero de 2026. Puedes unirte a la llamada 5 minutos antes del comienso de la junta.

Marque: 888-978-8818 y ingrese el codigo
Codigo de acceso en ingles: 5647249#
Codigo de acceso en espanol: 7292892#"
3354,2026-01-22,Board of Directors - Regular Board Meeting,160648,,7,,,,,,,,0,0,Los comentarios del público se tomaran cuando se toma cada tema. Para dar un  comentario público sobre una tema ingrese # 2 (Tecla de numero y dos) cuando se le  solicite. Tenga en cuenta que la transmisión de video en vivo se retrasa unos 30  segundos con respecto a la reunión real. No hay retraso en la línea de acceso telefónico para comentarios públicos.
3354,2026-01-22,Board of Directors - Regular Board Meeting,160649,,8,,,,,,,,0,0,Written Public Comment Instruction:
3354,2026-01-22,Board of Directors - Regular Board Meeting,160650,,9,,,,,,,,0,0,"Written public comments must be received by 5PM the day before the meeting.
Please include the Item # in your comment and your position of “FOR,” “AGAINST,” ""GENERAL COMMENT,"" or ""ITEM NEEDS MORE CONSIDERATION.""
Email: BoardClerk@metro.net
Post Office Mail:
Board Administration
One Gateway Plaza
MS: 99-3-1
Los Angeles, CA 90012"
3354,2026-01-22,Board of Directors - Regular Board Meeting,160651,,10,,,,,,,,0,0,page break
3354,2026-01-22,Board of Directors - Regular Board Meeting,160652,,11,,,,,,,,0,0,CALL TO ORDER
3354,2026-01-22,Board of Directors - Regular Board Meeting,160653,,12,,,,,,,,1,0,ROLL CALL
3354,2026-01-22,Board of Directors - Regular Board Meeting,160654,1,13,,,,,,,,0,0,"APPROVE Consent Calendar Items: 2, 12, 16, 17, 24, 25, 28, 29, 30, 33, 35, 36, 37, 38, 39, 40, 41**, 44, and 45.

**Item requires 2/3 vote of the Full Board.

Consent Calendar items are approved by one motion unless held by a Director for discussion and/or separate action.

All Consent Calendar items are listed at the end of the agenda, beginning on page 12."
3354,2026-01-22,Board of Directors - Regular Board Meeting,160655,,35,,,,,,,,0,0,"CONSENT CALENDAR- ITEMS 2, 12, 16, 17, 24, 25, 28, 29, 30, 33, 35, 36, 37, 38, 39, 40, 41**, 44, AND 45."
3354,2026-01-22,Board of Directors - Regular Board Meeting,160819,2,36,12148,2026-0032,Minutes,APPROVED,Pass,Kathryn Barger,James Butts,0,1,"APPROVE Minutes of the Regular Board Meeting held December 4, 2025 and the Special Board Meeting held January 14, 2026."
3354,2026-01-22,Board of Directors - Regular Board Meeting,160820,,82,,,,,,,,0,0,"Consideration of items not on the posted agenda, including: items to be presented and (if requested) referred to staff; items to be placed on the agenda for action at a future meeting of the Committee or Board; and/or items requiring immediate action because of an emergency situation or where the need to take immediate action came to the attention of the Committee subsequent to the posting of the agenda."
3354,2026-01-22,Board of Directors - Regular Board Meeting,160821,,83,,,,,,,,0,0,COMMENTS FROM THE PUBLIC ON ITEMS OF PUBLIC INTEREST WITHIN COMMITTEE’S SUBJECT MATTER JURISDICTION
3354,2026-01-22,Board of Directors - Regular Board Meeting,160822,,84,,,,,,,,0,0,Adjournment
3354,2026-01-22,Board of Directors - Regular Board Meeting,160894,,14,,,,,,,,0,0,NON-CONSENT
3354,2026-01-22,Board of Directors - Regular Board Meeting,160896,4,16,12150,2026-0034,Oral Report / Presentation,RECEIVED,,,,0,0,RECEIVE report by the Chief Executive Officer.
3354,2026-01-22,Board of Directors - Regular Board Meeting,160897,3,15,12147,2026-0031,Oral Report / Presentation,RECEIVED,,,,0,0,RECEIVE remarks by the Chair.
3354,2026-01-22,Board of Directors - Regular Board Meeting,160898,,81,12149,2026-0033,Informational Report,,,,,0,0,RECEIVE General Public Comment
3354,2026-01-22,Board of Directors - Regular Board Meeting,160899,,31,,,,,,,,0,0,END OF NON-CONSENT
3354,2026-01-22,Board of Directors - Regular Board Meeting,160900,33.1,30,12151,2026-0035,Motion / Motion Response,APPROVED,Pass,,,0,0,"APPROVE Motion by Dutra, Barger, Horvath, Padilla, Najarian, and Dupont-Walker that the Board direct the Chief Executive Officer to:

A.	A benchmarking analysis of peer transit agencies of comparable size, scope, and governance complexity, including a summary of each agency’s governing board composition, appointment or selection structure, voting authority, and any relevant statutory or local governance provisions;

B.	An overview of the governing body composition of other major public agencies "
3354,2026-01-22,Board of Directors - Regular Board Meeting,160901,,29,,,,,,,,0,0,EXECUTIVE MANAGEMENT COMMITTEE MADE THE FOLLOWING RECOMMENDATION (5-0):
3354,2026-01-22,Board of Directors - Regular Board Meeting,160902,22,28,12062,2025-1044,Resolution,ADOPTED,Pass,Kathryn Barger,Tim Sandoval,0,0,"ADOPT:

A.	a Resolution (Attachment A) that authorizes the issuance and sale of a combined aggregate principal amount not to exceed $1.7 billion for the I-105 ExpressLanes Project in the form of the Toll Revenue First Lien Bonds in one or more series, Toll Revenue Third Lien Bonds, and/or TIFIA Loan Agreement and the taking all other actions necessary in connection with the issuance of the bonds and/or loan; and

(REQUIRES SEPARATE, SIMPLE MAJORITY VOTE OF THE BOARD)

B.	the revised Toll Policy "
3354,2026-01-22,Board of Directors - Regular Board Meeting,160903,,27,,,,,,,,0,0,"FINANCE, BUDGET, AND AUDIT COMMITTEE MADE THE FOLLOWING RECOMMENDATION (4-0):"
3354,2026-01-22,Board of Directors - Regular Board Meeting,160904,,25,,,,,,,,0,0,"FINANCE, BUDGET, AND AUDIT COMMITTEE MADE THE FOLLOWING RECOMMENDATION (4-0):"
3354,2026-01-22,Board of Directors - Regular Board Meeting,160905,11.1,23,12153,2026-0037,Motion / Motion Response,APPROVED,Pass,James Butts,Holly J. Mitchell,0,0,"APPROVE Motion by Mitchell, Sandoval, Dupont-Walker, and Butts that the Board direct the Chief Executive Officer to:

A.	APPROVE the Hawthorne Option, a 4.5-mile light rail line with two (2) stations that extends from the existing Redondo Beach (Marine) Station at its northern terminus along Hawthorne Boulevard before rejoining the Metro Right of Way south of 190th Street to its southern terminus station at the Torrance Transit Center, as the Project (Project);

B.	CERTIFY in accordance with the"
3354,2026-01-22,Board of Directors - Regular Board Meeting,160906,,21,,,,,,,,0,0,PLANNING AND PROGRAMMING COMMITTEE FORWARDED THE FOLLOWING WITHOUT RECOMMENDATION: 
3354,2026-01-22,Board of Directors - Regular Board Meeting,160907,21,26,12003,2025-0985,Program,APPROVED,Pass,Kathryn Barger,Hilda L. Solis,0,0,"ADOPT a resolution that authorizes the Chief Executive Officer to: 

A.	ESTABLISH the Measure M Short-Term Borrowing Program (Attachment A); and 

B.	EXECUTE and deliver all necessary documents related to the Measure M Short-Term Borrowing Program to enter into revolving credit agreements (Attachment B). 

(REQUIRES SEPARATE, SIMPLE MAJORITY VOTE OF THE BOARD)"
3354,2026-01-22,Board of Directors - Regular Board Meeting,160908,33,57,12071,2025-1053,Federal Legislation / State Legislation (Position),ADOPTED,Pass,Kathryn Barger,James Butts,0,0,"CONSIDER: 

A.	RECEIVING the Federal and State Legislative Report; 

B.	ADOPTING staff recommended position:
SB 677 (Wiener) - Housing development: transit-oriented development. - OPPOSE UNLESS AMENDED (Attachment A)."
3354,2026-01-22,Board of Directors - Regular Board Meeting,160909,,19,,,,,,,,0,0,PLANNING AND PROGRAMMING COMMITTEE MADE THE FOLLOWING RECOMMENDATION (4-0):
3354,2026-01-22,Board of Directors - Regular Board Meeting,160910,,56,,,,,,,,0,0,EXECUTIVE MANAGEMENT COMMITTEE MADE THE FOLLOWING RECOMMENDATION (4-1):
3354,2026-01-22,Board of Directors - Regular Board Meeting,160911,,47,,,,,,,,0,0,EXECUTIVE MANAGEMENT COMMITTEE MADE THE FOLLOWING RECOMMENDATION (5-0):
3354,2026-01-22,Board of Directors - Regular Board Meeting,160912,,37,,,,,,,,0,0,PLANNING AND PROGRAMMING COMMITTEE MADE THE FOLLOWING RECOMMENDATION (3-0):
3354,2026-01-22,Board of Directors - Regular Board Meeting,160913,10,20,12080,2025-1062,Project,APPROVED AS AMENDED,Pass,James Butts,Jacquelyn Dupont-Walker,0,0,"CONSIDER:

A.	APPROVING the Locally Preferred Alternative (LPA) as Modified Alternative 5: Heavy rail transit underground between the Van Nuys Metrolink Station and the E Line Expo/Sepulveda Station modified to provide a connection to the Metro G Line and East San Fernando Valley (ESFV) Light Rail Line at Van Nuys Boulevard; 

B.	AUTHORIZING further design refinement and advancement of the LPA to address project cost, risk, and comments received on the Draft Environmental Impact Report (EIR), in"
3354,2026-01-22,Board of Directors - Regular Board Meeting,160914,24,46,11947,2025-0929,Contract,APPROVED,Pass,Kathryn Barger,James Butts,0,0,"AUTHORIZE the Chief Executive Officer (CEO) to:

A.	AWARD a three-year firm fixed unit rate Contract No. PS131207000D1 (Discipline 1) to WSP USA, Inc. to provide strategic advisory services in the Not-To-Exceed (NTE) amount of $1,700,000, effective February 16, 2026, subject to the resolution of properly submitted protest(s), if any; and 

B.	AWARD a three-year firm fixed unit rate Contract No. PS13207001D2 (Discipline 2) to WSP USA, Inc. to provide mega events advisory services in the NTE a"
3354,2026-01-22,Board of Directors - Regular Board Meeting,160915,,45,,,,,,,,0,0,EXECUTIVE MANAGEMENT COMMITTEE MADE THE FOLLOWING RECOMMENDATION (5-0):
3354,2026-01-22,Board of Directors - Regular Board Meeting,160916,17,44,12046,2025-1028,Contract,APPROVED,Pass,Kathryn Barger,James Butts,0,1,"AUTHORIZE the Chief Executive Officer or designee to approve programming of $95 million for FY26 thru FY28 to complete the design and advance procurement efforts for Phase 2B2, Pomona to Claremont, of the Gold Line Foothill Extension Phase 2B2 Project utilizing allocated SB125 funds."
3354,2026-01-22,Board of Directors - Regular Board Meeting,160917,,43,,,,,,,,0,0,CONSTRUCTION COMMITTEE MADE THE FOLLOWING RECOMMENDATION (4-0):
3354,2026-01-22,Board of Directors - Regular Board Meeting,160918,16,42,12029,2025-1011,Contract,APPROVED,Pass,Kathryn Barger,James Butts,0,1,"CONSIDER:

A.	APPROVING an increase in total authorized funding and executing Modification No. 14 to  Contract No. AE47810E0128 with SECOTrans (Joint Venture of Hatch  Associates Consultants, Inc., NBA Engineering Inc., and Ramos Consulting Services, Inc), for pending and future Task Orders to provide systems engineering and support services for Metro Rail and Bus Transit projects, in the Not-To-Exceed (NTE) amount of $35,000,000, increasing the total contract authorized funding from an NTE am"
3354,2026-01-22,Board of Directors - Regular Board Meeting,160919,,40,,,,,,,,0,0,CONSTRUCTION COMMITTEE MADE THE FOLLOWING RECOMMENDATION (4-0):
3354,2026-01-22,Board of Directors - Regular Board Meeting,160920,12,38,11925,2025-0906,Program,APPROVED,Pass,Kathryn Barger,James Butts,0,1,"CONSIDER: 
 
A.	APPROVING $59,296,086 in additional programming within the capacity of Measure R Multimodal Highway Subregional Programs, along with funding changes via the updated project list shown in Attachment A. Projects within this Measure R Multimodal Highway Subregional Program include improvements related to traffic signal, pedestrian, bicycle, transit, and roadways;

B.	APPROVING the deobligation of $3,371,977 in previously approved Measure R Multimodal Highway Subregional Program fund"
3354,2026-01-22,Board of Directors - Regular Board Meeting,160921,11,22,11837,2025-0818,Project,,,,,0,0,"CONSIDER:

A.	APPROVING the Board selected Locally Preferred Alternative (LPA), a 4.5-mile fully grade-separated light rail extension of the C Line Extension to Torrance (now K Line) with two stations in Redondo Beach and Torrance as the Project (Project);

B.	CERTIFYING, in accordance with the California Environmental Quality Act (CEQA), the Final Environmental Impact Report (EIR); 

C.	ADOPTING, in accordance with CEQA, the:
1.	Findings of Fact and Statement of Overriding Considerations"
3354,2026-01-22,Board of Directors - Regular Board Meeting,160922,30,55,12051,2025-1033,Contract,APPROVED,Pass,Kathryn Barger,James Butts,0,1,"AUTHORIZE the Chief Executive Officer to award a firm fixed price Contract No. PS129614000 to Moovit, Inc. for the public facing mobile app in the amount of $4,350,000 for the four-year base period, and $400,000 for the one-year option term, for a total amount of $4,750,000, subject to the resolution of any properly submitted protest(s), if any."
3354,2026-01-22,Board of Directors - Regular Board Meeting,160923,,54,,,,,,,,0,0,EXECUTIVE MANAGEMENT COMMITTEE MADE THE FOLLOWING RECOMMENDATION (5-0):
3354,2026-01-22,Board of Directors - Regular Board Meeting,160924,29,53,12099,2025-1081,Resolution,ADOPTED,Pass,Kathryn Barger,James Butts,0,1,"CONSIDER:

A.	ADOPTING, pursuant to Senate Bill 707 (SB 707), the following findings on behalf of eligible subsidiary bodies (Attachment A) as defined by SB 707:

(i)	The Board of Directors has considered the circumstances of the eligible subsidiary body.
(ii)	Teleconference meetings of the eligible subsidiary body would enhance public access to meetings of the eligible subsidiary body, and the public has been made aware of the type of remote participation, including audio-visual or telephonic, "
3354,2026-01-22,Board of Directors - Regular Board Meeting,160925,,52,,,,,,,,0,0,EXECUTIVE MANAGEMENT COMMITTEE MADE THE FOLLOWING RECOMMENDATION (5-0):
3354,2026-01-22,Board of Directors - Regular Board Meeting,160926,28,51,11974,2025-0956,Contract,APPROVED,Pass,Kathryn Barger,James Butts,0,1,AUTHORIZING the Chief Executive Officer (CEO) or their designee to enter into an Exclusive Negotiation Agreement (ENA) with Treehouse Leimert PropCo LLC to negotiate key terms and conditions for a period of six months with an option for an additional six-month extension.
3354,2026-01-22,Board of Directors - Regular Board Meeting,160927,,50,,,,,,,,0,0,EXECUTIVE MANAGEMENT COMMITTEE MADE THE FOLLOWING RECOMMENDATION (5-0):
3354,2026-01-22,Board of Directors - Regular Board Meeting,160928,25,48,11984,2025-0966,Contract,APPROVED,Pass,Kathryn Barger,James Butts,0,1,"AUTHORIZE the Chief Executive Officer to execute Modification No. 2 to Contract No. PS82879000 with DCR Design, LLC for map design services in the amount of $600,000, increasing the not-to-exceed contract amount from $550,000 to $1,150,000, and extending the period of performance from April 1, 2026, to March 31, 2029."
3354,2026-01-22,Board of Directors - Regular Board Meeting,160929,39,71,11961,2025-0943,Contract,APPROVED,Pass,Kathryn Barger,James Butts,0,1,"EXECUTE Contract Modification No. 6, to Contract No. TS83056-2000, a firm fixed fee contract with Siemens Mobility, Inc. to exercise Options 2, 3 & 4 for installation and commissioning of the Integrated Data and Communication System (IDCS) on P2000, P2550 Light Rail Vehicles, and HR4000 Heavy Rail Vehicles, increasing the Not-To-Exceed (NTE) amount by $15,608,842 from $23,319,884 to $38,928,726. This action does not change the Board-approved Life-of-Project (LOP) for this project of $44,436,129."
3354,2026-01-22,Board of Directors - Regular Board Meeting,160930,,70,,,,,,,,0,0,"OPERATIONS, SAFETY, AND CUSTOMER EXPERIENCE COMMITTEE MADE THE FOLLOWING RECOMMENDATION (5-0):"
3354,2026-01-22,Board of Directors - Regular Board Meeting,160931,38,68,11958,2025-0940,Appointment,APPROVED ON CONSENT CALENDAR,Pass,Kathryn Barger,James Butts,0,0,APPROVE nominee for membership on Metro’s Gateway Cities Service Council (Attachment A).
3354,2026-01-22,Board of Directors - Regular Board Meeting,160932,,67,,,,,,,,0,0,"OPERATIONS, SAFETY, AND CUSTOMER EXPERIENCE COMMITTEE MADE THE FOLLOWING RECOMMENDATION (5-0):"
3354,2026-01-22,Board of Directors - Regular Board Meeting,160933,,62,,,,,,,,0,0,"OPERATIONS, SAFETY, AND CUSTOMER EXPERIENCE COMMITTEE MADE THE FOLLOWING RECOMMENDATION (5-0):"
3354,2026-01-22,Board of Directors - Regular Board Meeting,160934,35,60,11798,2025-0779,Contract,APPROVED,Pass,Kathryn Barger,James Butts,0,1,"AUTHORIZE the Chief Executive Officer to: 

A.	EXECUTE Contract Modification No. 21 to Contract No. OP24162700030433487, a cost plus fixed-fee contract with HATCH Associates Consultants, Inc. (HATCH), formerly LTK Engineering Services for the HR4000 Heavy Rail Vehicle (HRV) Acquisition, Technical Support Services, increasing the Not-To-Exceed (NTE) amount by $7,857,071 from $23,557,400 to $31,414,471 and extending the period of performance from May 1, 2026, to July 30, 2031; and  

B.	EXECUTE in"
3354,2026-01-22,Board of Directors - Regular Board Meeting,160935,,59,,,,,,,,0,0,"OPERATIONS, SAFETY, AND CUSTOMER EXPERIENCE COMMITTEE MADE THE FOLLOWING RECOMMENDATION (5-0):"
3354,2026-01-22,Board of Directors - Regular Board Meeting,160936,36,63,11870,2025-0851,Contract,APPROVED,Pass,Kathryn Barger,James Butts,0,1,"AUTHORIZE the Chief Executive Officer to award a 12-month firm-fixed-price contract, Contract No. DR133227(3)000, to Toro Global, the lowest responsive and responsible bidder for 133,248 linear feet of contact wire to support the C Line Overhead Catenary System (OCS) Replacement Project for a firm fixed price of $2,234,542.31 inclusive of sales tax, and subject to the resolution of any properly submitted protest(s), if any."
3354,2026-01-22,Board of Directors - Regular Board Meeting,160937,37,66,11916,2025-0897,Contract,APPROVED,Pass,Kathryn Barger,James Butts,0,1,"AUTHORIZE the Chief Executive Officer to:

A.	AWARD a two-year firm fixed price contract, Contract No. OP134899000 to L. K. Comstock National Transit, LLC, the lowest responsive and responsible bidder for the 7th Street Metro Traction Power Substation (TPSS) replacement project on the Metro A Line, in the amount of $16,501,575, inclusive of sales tax, subject to the resolution of any properly submitted protest(s), if any; and

B.	INCREASE the Life of Project Budget (LOP) for the Metro A Line"
3354,2026-01-22,Board of Directors - Regular Board Meeting,160938,,65,,,,,,,,0,0,"OPERATIONS, SAFETY, AND CUSTOMER EXPERIENCE COMMITTEE MADE THE FOLLOWING RECOMMENDATION (5-0):"
3354,2026-01-22,Board of Directors - Regular Board Meeting,160939,,80,,,,,,,,0,0,
3354,2026-01-22,Board of Directors - Regular Board Meeting,160940,,76,,,,,,,,0,0,"OPERATIONS, SAFETY, AND CUSTOMER EXPERIENCE COMMITTEE MADE THE FOLLOWING RECOMMENDATION (5-0):"
3354,2026-01-22,Board of Directors - Regular Board Meeting,160941,41,75,11889,2025-0870,Contract,APPROVED,Pass,Kathryn Barger,James Butts,0,1,"AUTHORIZE the Chief Executive Officer to:

A.	AWARD a non-competitive firm fixed price Contract No. PS134472000 to Konica Minolta Business Solutions U.S.A, Inc. for the purchase of a large format digital printing press in support of Metro’s Print Shop in the amount of $1,268,105; and

B.	FINDING that there is only a single source of procurement for the item(s) set forth in recommendation A above and that the purchase is for the sole purpose of duplicating or replacing supply, equipment, or mater"
3354,2026-01-22,Board of Directors - Regular Board Meeting,160942,40,73,12016,2025-0998,Contract,APPROVED,Pass,Kathryn Barger,James Butts,0,1,"AUTHORIZE the Chief Executive Officer to:

A.	EXECUTE Modification No. 1 to Contract No. OP125246000 with Clean Energy for Divisions 2, 8, 9, and 15 to add the Operations and Maintenance (O&M) of Compressed Natural Gas (CNG) Fueling Stations at Division 13 in an amount Not-To-Exceed (NTE) $1,200,000, increasing the total contract value from $6,150,097 to $7,350,097; and 

B.	EXECUTE Modification No. 2 to Contract OP749030003367 with Clean Energy for Divisions 1, 3, 5, 7, 10, and 18 to continue t"
3354,2026-01-22,Board of Directors - Regular Board Meeting,160943,,72,,,,,,,,0,0,"OPERATIONS, SAFETY, AND CUSTOMER EXPERIENCE COMMITTEE MADE THE FOLLOWING RECOMMENDATION (5-0):"
3354,2026-01-22,Board of Directors - Regular Board Meeting,160944,,74,,,,,,,,0,0,"OPERATIONS, SAFETY, AND CUSTOMER EXPERIENCE COMMITTEE MADE THE FOLLOWING RECOMMENDATION (5-0):"
3354,2026-01-22,Board of Directors - Regular Board Meeting,160945,44,77,12027,2025-1009,Contract,APPROVED,Pass,Kathryn Barger,James Butts,0,1,"AUTHORIZE the Chief Executive Officer to execute Modification No. 2 to Contract No. PS40164-2000 with TransCore LP for Metro ExpressLanes Back Office System (BOS) and exercise the first three-year option starting March 9, 2026 through March 9, 2029, in an amount Not-To-Exceed (NTE) $19,031,882, increasing the total contract price from $48,327,615 to $67,359,497."
3354,2026-01-22,Board of Directors - Regular Board Meeting,160946,45,79,12035,2025-1017,Contract,APPROVED,Pass,Kathryn Barger,James Butts,0,1,"AUTHORIZE the Chief Executive Officer to:

A.	AWARD a seven-year, firm fixed unit rate contract, Contract No. OP128598000 to Camber Operating, Inc., for the acquisition and installation of up to 73 on-route opportunity chargers and associated components, parts, and software, and a Service Level Agreement (SLA) for the maintenance of the equipment in the Not-To-Exceed (NTE) amount of $58,244,127, subject to the resolution of any properly submitted protest(s), if any; and

B.	EXECUTE individual co"
3354,2026-01-22,Board of Directors - Regular Board Meeting,160947,,78,,,,,,,,0,0,"OPERATIONS, SAFETY, AND CUSTOMER EXPERIENCE COMMITTEE MADE THE FOLLOWING RECOMMENDATION (5-0):"
3354,2026-01-22,Board of Directors - Regular Board Meeting,160948,,34,,,,,,,,0,0,page break
3354,2026-01-22,Board of Directors - Regular Board Meeting,160949,,32,,,,,,,,0,0,page break
3354,2026-01-22,Board of Directors - Regular Board Meeting,160950,,18,,,,,,,,0,0,
3354,2026-01-22,Board of Directors - Regular Board Meeting,160951,,17,,,,,,,,0,0,
3354,2026-01-22,Board of Directors - Regular Board Meeting,160952,,24,,,,,,,,0,0,page break
3354,2026-01-22,Board of Directors - Regular Board Meeting,160955,,41,,,,,,,,0,0,
3354,2026-01-22,Board of Directors - Regular Board Meeting,160956,,39,,,,,,,,0,0,page break
3354,2026-01-22,Board of Directors - Regular Board Meeting,160957,,49,,,,,,,,0,0,page break
3354,2026-01-22,Board of Directors - Regular Board Meeting,160958,,58,,,,,,,,0,0,page break
3354,2026-01-22,Board of Directors - Regular Board Meeting,160959,,61,,,,,,,,0,0,
3354,2026-01-22,Board of Directors - Regular Board Meeting,160960,,64,,,,,,,,0,0,page break
3354,2026-01-22,Board of Directors - Regular Board Meeting,160961,,69,,,,,,,,0,0,page break
3354,2026-01-22,Board of Directors - Regular Board Meeting,160997,,,,,,APPROVED ON CONSENT CALENDAR,Pass,Kathryn Barger,James Butts,0,1,Approval of the Consent Agenda
3359,2026-03-04,Measure M Independent Taxpayer Oversight Committee,163030,,10,,,,,,,,0,0,CALL TO ORDER
3359,2026-03-04,Measure M Independent Taxpayer Oversight Committee,163031,,11,,,,,,,,0,0,ROLL CALL
3359,2026-03-04,Measure M Independent Taxpayer Oversight Committee,163032,7,18,12170,2026-0054,Oral Report / Presentation,,,,,0,0,RECEIVE oral report on Local Return programmed revenues and uses for Los Angeles County jurisdictions to support discussion on the effective and efficient use of funds.
3359,2026-03-04,Measure M Independent Taxpayer Oversight Committee,163490,,23,12264,2026-0147,Informational Report,,,,,0,0,RECEIVE General Public Comment
3359,2026-03-04,Measure M Independent Taxpayer Oversight Committee,163491,,24,,,,,,,,0,0,"Consideration of items not on the posted agenda, including: items to be presented and (if requested) referred to staff; items to be placed on the agenda for action at a future meeting of the Committee or Board; and/or items requiring immediate action because of an emergency situation or where the need to take immediate action came to the attention of the Committee subsequent to the posting of the agenda."
3359,2026-03-04,Measure M Independent Taxpayer Oversight Committee,163492,,25,,,,,,,,0,0,COMMENTS FROM THE PUBLIC ON ITEMS OF PUBLIC INTEREST WITHIN COMMITTEE’S SUBJECT MATTER JURISDICTION
3359,2026-03-04,Measure M Independent Taxpayer Oversight Committee,163493,,26,,,,,,,,0,0,Adjournment
3359,2026-03-04,Measure M Independent Taxpayer Oversight Committee,163494,,9,,,,,,,,0,0,page break
3359,2026-03-04,Measure M Independent Taxpayer Oversight Committee,163495,,8,,,,,,,,0,0,"Written public comments must be received by 5PM the day before the meeting.
Please include the Item # in your comment and your position of “FOR,” “AGAINST,” ""GENERAL
COMMENT,"" or ""ITEM NEEDS MORE CONSIDERATION.""
Email: BoardClerk@metro.net
Post Office Mail:
Board Administration
One Gateway Plaza
MS: 99-3-1
Los Angeles, CA 90012"
3359,2026-03-04,Measure M Independent Taxpayer Oversight Committee,163496,,7,,,,,,,,0,0,Written Public Comment Instruction:
3359,2026-03-04,Measure M Independent Taxpayer Oversight Committee,163497,,6,,,,,,,,0,0,Los comentarios del público se tomaran cuando se toma cada tema. Para dar un comentario público sobre una tema ingrese # 2 (Tecla de numero y dos) cuando se le solicite. Tenga en cuenta que la transmisión de video en vivo se retrasa unos 30 segundos con respecto a la reunión real. No hay retraso en la línea de acceso telefónico para comentarios públicos.
3359,2026-03-04,Measure M Independent Taxpayer Oversight Committee,163498,,5,,,,,,,,0,0,"Los comentarios publicos en vivo se pueden dar por telefono o en persona.

La Reunion de la Junta comienza a las 10:00 AM, hora del Pacifico, el 4 de Marzo de 2026. Puedes unirte a la llamada 5 minutos antes del comienso de la junta.

Marque: 888-978-8818 y ingrese el codigo
Codigo de acceso en ingles: 5647249#
Codigo de acceso en espanol: 7292892#"
3359,2026-03-04,Measure M Independent Taxpayer Oversight Committee,163499,,4,,,,,,,,0,0,Instrucciones para comentarios publicos en vivo:
3359,2026-03-04,Measure M Independent Taxpayer Oversight Committee,163500,,3,,,,,,,,0,0,"Public comment will be taken as the Board takes up each item. To give public comment on an item, enter #2 (pound-two) when prompted. Please note that the live video feed lags about 30 seconds behind the actual meeting. There is no lag on the public comment dial-in line."
3359,2026-03-04,Measure M Independent Taxpayer Oversight Committee,163501,,2,,,,,,,,0,0,"Live public comment can be given by telephone or in-person.

The Meeting begins at 10:00 AM Pacific Time on March 4, 2026; you may join the call 5 minutes prior to the start of the meeting.

Dial-in: 888-978-8818 and enter
English Access Code: 5647249#
Spanish Access Code: 7292892#"
3359,2026-03-04,Measure M Independent Taxpayer Oversight Committee,163502,,1,,,,,,,,0,0,Live Public Comment Instructions:
3359,2026-03-04,Measure M Independent Taxpayer Oversight Committee,163503,6,17,12171,2026-0055,Oral Report / Presentation,,,,,0,0,RECEIVE oral report on review of the Measure M transit operations budget and countywide bus service metrics to support discussion on the effective and efficient use of funds.
3359,2026-03-04,Measure M Independent Taxpayer Oversight Committee,163504,5,16,12210,2026-0094,Oral Report / Presentation,,,,,0,0,RECEIVE an oral report and live demonstration of the My Metro Budget Activity and the My Metro Priorities.
3359,2026-03-04,Measure M Independent Taxpayer Oversight Committee,163505,4,15,12174,2026-0058,Informational Report,,,,,0,0,"RECEIVE AND FILE the Independent Auditor’s Report on:
 
A.	Schedule of Revenues and Expenditures for Measure M Special Revenue Fund for the Fiscal Year ended June 30, 2025 (Attachment A), completed by BCA Watson Rice, LLP (BCA);

B.	Compliance with Requirements Applicable to Measure M Ordinance and Measure M Local Return Guidelines for the Fiscal Year ended June 30, 2025 (Attachment B), completed by Vasquez & Company, LLP (Vasquez); and

C.	Compliance with Requirements Applicable to Measur"
3359,2026-03-04,Measure M Independent Taxpayer Oversight Committee,163506,3,14,12217,2026-0101,Policy,,,,,0,0,"APPROVE the Measure M Independent Taxpayer Oversight Committee’s use of relaxed teleconferencing rules for eligible subsidiary bodies pursuant to Senate Bill 707 (SB 707), Government Code section 54953.8.6, as authorized by the findings made by the Metro Board of Directors."
3359,2026-03-04,Measure M Independent Taxpayer Oversight Committee,163507,1,12,12187,2026-0071,Oral Report / Presentation,,,,,0,0,RECEIVE remarks by the Chair.
3359,2026-03-04,Measure M Independent Taxpayer Oversight Committee,163508,2,13,12263,2026-0146,Minutes,,,,,0,0,"APPROVE Minutes of the Measure M Independent Taxpayer Oversight Committee Meeting held December 3, 2025."
3359,2026-03-04,Measure M Independent Taxpayer Oversight Committee,163848,9,21,12106,2025-1088,Oral Report / Presentation,,,,,0,0,RECEIVE oral report on Transit and Highway Capital Projects to support discussion on the effective and efficient use of funds.
3359,2026-03-04,Measure M Independent Taxpayer Oversight Committee,163849,8,19,11899,2025-0880,Oral Report / Presentation,,,,,0,0,RECEIVE oral report on State of Good Repair budget and expenses.
3359,2026-03-04,Measure M Independent Taxpayer Oversight Committee,163850,10,22,12160,2026-0044,Oral Report / Presentation,,,,,0,0,"RECEIVE oral report on Measure M Active Transportation, programmed revenues, and uses to support discussion on the effective and efficient use of funds."
3359,2026-03-04,Measure M Independent Taxpayer Oversight Committee,163851,,20,,,,,,,,0,0,page break
3379,2026-03-06,Special Board Member Workshop,165585,,1,,,,,,,,0,0,page break
3379,2026-03-06,Special Board Member Workshop,165586,,3,,,,,,,,0,0,LIVE PUBLIC COMMENT INSTRUCTIONS
3379,2026-03-06,Special Board Member Workshop,165589,,4,,,,,,,,0,0,"Live public comment can be given by telephone or in-person.

By telephone: The Meeting begins at 10:00 AM Pacific Time on March 6, 2026; you may join the call 5 minutes prior to the start of the meeting.

Dial-in: 888-978-8818 and enter
5647249# (English Access Code)
7292892# (Spanish Access Code)

Public comment will be taken as the Board takes up each item. To give public comment on an item, enter #2 (pound-two) when prompted. Please note that the live video feed lags about 30 seconds "
3379,2026-03-06,Special Board Member Workshop,165590,,8,,,,,,,,0,0,INSTRUCCIONES PARA COMENTARIOS PÚBLICOS EN VIVO
3379,2026-03-06,Special Board Member Workshop,165594,,13,,,,,,,,0,0,page break
3379,2026-03-06,Special Board Member Workshop,165595,,14,,,,,,,,0,0,CALL TO ORDER
3379,2026-03-06,Special Board Member Workshop,165596,,15,,,,,,,,1,0,ROLL CALL
3379,2026-03-06,Special Board Member Workshop,165604,,18,,,,,,,,0,0,Adjournment
3379,2026-03-06,Special Board Member Workshop,165605,,17,,,,,,,,0,0,
3379,2026-03-06,Special Board Member Workshop,165606,1,16,12285,2026-0168,Oral Report / Presentation,,,,,0,0,"RECEIVE an oral report on Metro’s current financial position, including an overview of the near-term budget outlook, policy topics to mitigate financial challenges, and a capital program review on cost performance and delivery trends. The presentation will also summarize actions implemented to date,  and potential revenue-generating strategies under consideration.
 
The workshop is designed to provide the Board with a comprehensive assessment of Metro’s financial deficit, key fiscal risks and "
3379,2026-03-06,Special Board Member Workshop,165665,,9,,,,,,,,0,0,"Los comentarios publicos en vivo se pueden dar por telefono o en persona.

Por telefono: La Reunion de la Junta comienza a las 10:00 AM, hora del Pacifico, el 6 de Marzo de 2026. Puedes unirte a la llamada 5 minutos antes del comienso de la junta.

Marque: 888-978-8818 y ingrese el codigo
Codigo de acceso en ingles: 5647249#
Codigo de acceso en espanol: 7292892#

Los comentarios del público se tomaran cuando se toma cada tema. Para dar un comentario público sobre una tema ingrese # 2 (Te"
3379,2026-03-06,Special Board Member Workshop,165669,,7,,,,,,,,0,0,page break
3379,2026-03-06,Special Board Member Workshop,165670,,5,,,,,,,,0,0,WRITTEN PUBLIC COMMENT INSTRUCTIONS
3379,2026-03-06,Special Board Member Workshop,165671,,6,,,,,,,,0,0,"Written public comments must be received by 5PM the day before the meeting.

Please include the Item # in your comment and your position of “FOR,” “AGAINST,” ""GENERAL COMMENT,"" or ""ITEM NEEDS MORE CONSIDERATION.""
Email: BoardClerk@metro.net
Post Office Mail:
Board Administration
One Gateway Plaza
Mail Stop: 99-3-1
Los Angeles, CA 90012"
3379,2026-03-06,Special Board Member Workshop,165672,,10,,,,,,,,0,0,INSTRUCCIONES PARA COMENTARIOS PÚBLICOS POR ESCRITO
3379,2026-03-06,Special Board Member Workshop,165673,,2,,,,,,,,0,0,
3379,2026-03-06,Special Board Member Workshop,165677,,12,,,,,,,,0,0,
3379,2026-03-06,Special Board Member Workshop,165678,,11,,,,,,,,0,0,"Los comentarios públicos por escrito deben recibirse antes de las 5 p.m. del día anterior a la reunión.

Por favor, incluya el número del tema en su comentario y su posición de ""A FAVOR"", ""EN CONTRA"", ""COMENTARIO GENERAL"" o ""EL TEMA NECESITA MÁS CONSIDERACIÓN"".
Puede enviar su comentario por correo electrónico a: BoardClerk@metro.net
O envíelo por correo a:
Board Administration
1 Gateway Plaza
Mail Stop: 99-3-1
Los Angeles, CA 90012"
3393,2026-03-09,Measure R Independent Taxpayer Oversight Committee,163712,,10,,,,,,,,0,0,CALL TO ORDER
3393,2026-03-09,Measure R Independent Taxpayer Oversight Committee,163713,,11,,,,,,,,0,0,ROLL CALL
3393,2026-03-09,Measure R Independent Taxpayer Oversight Committee,163714,,20,,,,,,,,0,0,page break 
3393,2026-03-09,Measure R Independent Taxpayer Oversight Committee,163778,,21,12269,2026-0152,Informational Report,,,,,0,0,RECEIVE General Public Comment
3393,2026-03-09,Measure R Independent Taxpayer Oversight Committee,163779,,22,,,,,,,,0,0,"Consideration of items not on the posted agenda, including: items to be presented and (if requested) referred to staff; items to be placed on the agenda for action at a future meeting of the Committee or Board; and/or items requiring immediate action because of an emergency situation or where the need to take immediate action came to the attention of the Committee subsequent to the posting of the agenda."
3393,2026-03-09,Measure R Independent Taxpayer Oversight Committee,163780,,23,,,,,,,,0,0,COMMENTS FROM THE PUBLIC ON ITEMS OF PUBLIC INTEREST WITHIN COMMITTEE’S SUBJECT MATTER JURISDICTION
3393,2026-03-09,Measure R Independent Taxpayer Oversight Committee,163781,,24,,,,,,,,0,0,Adjournment
3393,2026-03-09,Measure R Independent Taxpayer Oversight Committee,163782,,8,,,,,,,,0,0,"Written public comments must be received by 5PM the day before the meeting.
Please include the Item # in your comment and your position of “FOR,” “AGAINST,” ""GENERAL
COMMENT,"" or ""ITEM NEEDS MORE CONSIDERATION.""
Email: BoardClerk@metro.net
Post Office Mail:
Board Administration
One Gateway Plaza
MS: 99-3-1
Los Angeles, CA 90012"
3393,2026-03-09,Measure R Independent Taxpayer Oversight Committee,163783,,7,,,,,,,,0,0,Written Public Comment Instruction:
3393,2026-03-09,Measure R Independent Taxpayer Oversight Committee,163784,,6,,,,,,,,0,0,Los comentarios del público se tomaran cuando se toma cada tema. Para dar un comentario público sobre una tema ingrese # 2 (Tecla de numero y dos) cuando se le solicite. Tenga en cuenta que la transmisión de video en vivo se retrasa unos 30 segundos con respecto a la reunión real. No hay retraso en la línea de acceso telefónico para comentarios públicos.
3393,2026-03-09,Measure R Independent Taxpayer Oversight Committee,163785,,5,,,,,,,,0,0,"Los comentarios publicos en vivo se pueden dar por telefono o en persona.

La Reunion de la Junta comienza a las 1:00 PM, hora del Pacifico, el 9 de Marzo de 2026. Puedes unirte a la llamada 5 minutos antes del comienso de la junta.

Marque: 888-978-8818 y ingrese el codigo
Codigo de acceso en ingles: 5647249#
Codigo de acceso en espanol: 7292892#"
3393,2026-03-09,Measure R Independent Taxpayer Oversight Committee,163786,,4,,,,,,,,0,0,Instrucciones para comentarios publicos en vivo:
3393,2026-03-09,Measure R Independent Taxpayer Oversight Committee,163787,,3,,,,,,,,0,0,"Public comment will be taken as the Board takes up each item. To give public comment on an item, enter #2 (pound-two) when prompted. Please note that the live video feed lags about 30 seconds behind the actual meeting. There is no lag on the public comment dial-in line."
3393,2026-03-09,Measure R Independent Taxpayer Oversight Committee,163788,,2,,,,,,,,0,0,"Live public comment can be given by telephone or in-person.

The Meeting begins at 1:00 PM Pacific Time on March 9, 2026; you may join the call 5 minutes prior to the start of the meeting.

Dial-in: 888-978-8818 and enter
English Access Code: 5647249#
Spanish Access Code: 7292892#"
3393,2026-03-09,Measure R Independent Taxpayer Oversight Committee,163789,,1,,,,,,,,0,0,Live Public Comment Instructions:
3393,2026-03-09,Measure R Independent Taxpayer Oversight Committee,163790,,9,,,,,,,,0,0,page break
3393,2026-03-09,Measure R Independent Taxpayer Oversight Committee,163791,5,17,12176,2026-0060,Informational Report,,,,,0,0,"RECEIVE AND FILE the Independent Auditor’s Report on:

A.	Schedule of Revenues and Expenditures for Measure R Special Revenue Fund for the Fiscal Year ended June 30, 2025 (Attachment A) completed by BCA Watson Rice, LLP (BCA);

B.	Compliance with Requirements Applicable to Measure R Ordinance and Measure R Local Return Guidelines for the Fiscal Year ended June 30, 2025 (Attachment B) completed by Vasquez & Company, LLP (Vasquez); and

C.	Compliance with Requirements Applicable to Measure R"
3393,2026-03-09,Measure R Independent Taxpayer Oversight Committee,163792,3,14,12226,2026-0110,Policy,,,,,0,0,"APPROVE the Measure R Independent Taxpayers Oversight Committee’s use of relaxed teleconferencing rules for eligible subsidiary bodies pursuant to Senate Bill 707 (SB 707), Government Code section 54953.8.6, as authorized by the findings made by the Metro Board of Directors."
3393,2026-03-09,Measure R Independent Taxpayer Oversight Committee,163793,2,13,12266,2026-0149,Minutes,,,,,0,0,"APPROVE Minutes of the Measure R Independent Taxpayer Oversight Committee Meeting held March 5, 2025."
3393,2026-03-09,Measure R Independent Taxpayer Oversight Committee,163794,1,12,12188,2026-0072,Oral Report / Presentation,,,,,0,0,RECEIVE remarks by the Chair.
3393,2026-03-09,Measure R Independent Taxpayer Oversight Committee,163852,7,19,12173,2026-0057,Oral Report / Presentation,,,,,0,0,RECEIVE oral report on Local Return programmed revenues and uses for Los Angeles County jurisdictions to support discussion on the effective and efficient use of funds.
3393,2026-03-09,Measure R Independent Taxpayer Oversight Committee,163853,6,18,12209,2026-0093,Oral Report / Presentation,,,,,0,0,RECEIVE an oral report and live demonstration of the My Metro Budget Activity and the My Metro Priorities.
3393,2026-03-09,Measure R Independent Taxpayer Oversight Committee,163854,4,15,12218,2026-0102,Program,,,,,0,0,"ADOPT a resolution (Attachment A) which finds, in accordance with Section 8(i)(4) of the Measure R Ordinance, that the benefits from the proposed financing for accelerating project delivery, avoiding future cost escalation and related factors exceed issuance and interest costs."
3393,2026-03-09,Measure R Independent Taxpayer Oversight Committee,163862,,16,,,,,,,,0,0,page break
3394,2026-03-04,Independent Citizen's Advisory and Oversight Committee,162920,,10,,,,,,,,0,0,CALL TO ORDER
3394,2026-03-04,Independent Citizen's Advisory and Oversight Committee,162921,,11,,,,,,,,0,0,ROLL CALL
3394,2026-03-04,Independent Citizen's Advisory and Oversight Committee,162922,,22,,,,,,,,0,0, 
3394,2026-03-04,Independent Citizen's Advisory and Oversight Committee,163006,,23,12260,2026-0143,Informational Report,,,,,0,0,RECEIVE General Public Comment
3394,2026-03-04,Independent Citizen's Advisory and Oversight Committee,163007,,24,,,,,,,,0,0,"Consideration of items not on the posted agenda, including: items to be presented and (if requested) referred to staff; items to be placed on the agenda for action at a future meeting of the Committee or Board; and/or items requiring immediate action because of an emergency situation or where the need to take immediate action came to the attention of the Committee subsequent to the posting of the agenda."
3394,2026-03-04,Independent Citizen's Advisory and Oversight Committee,163008,,25,,,,,,,,0,0,COMMENTS FROM THE PUBLIC ON ITEMS OF PUBLIC INTEREST WITHIN COMMITTEE’S SUBJECT MATTER JURISDICTION
3394,2026-03-04,Independent Citizen's Advisory and Oversight Committee,163009,,26,,,,,,,,0,0,Adjournment
3394,2026-03-04,Independent Citizen's Advisory and Oversight Committee,163010,,21,,,,,,,,0,0,
3394,2026-03-04,Independent Citizen's Advisory and Oversight Committee,163011,,20,,,,,,,,0,0,
3394,2026-03-04,Independent Citizen's Advisory and Oversight Committee,163012,,19,,,,,,,,0,0,
3394,2026-03-04,Independent Citizen's Advisory and Oversight Committee,163013,,18,,,,,,,,0,0,
3394,2026-03-04,Independent Citizen's Advisory and Oversight Committee,163014,6,17,12172,2026-0056,Oral Report / Presentation,,,,,0,0,RECEIVE oral report on Local Return programmed revenues and uses for Los Angeles County jurisdictions to support discussion on the effective and efficient use of funds.
3394,2026-03-04,Independent Citizen's Advisory and Oversight Committee,163015,5,16,12211,2026-0095,Oral Report / Presentation,,,,,0,0,RECEIVE an oral report and live demonstration of the My Metro Budget Activity and the My Metro Priorities.
3394,2026-03-04,Independent Citizen's Advisory and Oversight Committee,163016,4,15,12177,2026-0061,Informational Report,,,,,0,0,"RECEIVE AND FILE the Independent Auditor’s Report on:
 
A.	Schedules of Revenues and Expenditures for Proposition A and Proposition C Special Revenue Funds for the Fiscal Year ended June 30, 2025 (Attachment A), completed by BCA Watson Rice, LLP (BCA);

B.	Compliance with Requirements Applicable to Proposition A and Proposition C Ordinances and Local Return Guidelines for the Fiscal Year ended June 30, 2025 (Attachment B), completed by Vasquez & Company, LLP (Vasquez); and

C.	Compliance w"
3394,2026-03-04,Independent Citizen's Advisory and Oversight Committee,163017,3,14,12227,2026-0111,Policy,,,,,0,0,"APPROVE the Independent Citizen’s Advisory and Oversight Committee’s use of relaxed teleconferencing rules for eligible subsidiary bodies pursuant to Senate Bill 707 (SB 707), Government Code section 54953.8.6, as authorized by the findings made by the Metro Board of Directors."
3394,2026-03-04,Independent Citizen's Advisory and Oversight Committee,163018,2,13,12259,2026-0142,Minutes,,,,,0,0,"APPROVE Minutes of Meeting held March 5, 2025."
3394,2026-03-04,Independent Citizen's Advisory and Oversight Committee,163019,1,12,12189,2026-0073,Oral Report / Presentation,,,,,0,0,RECEIVE remarks by the Chair.
3394,2026-03-04,Independent Citizen's Advisory and Oversight Committee,163020,,9,,,,,,,,0,0,page break
3394,2026-03-04,Independent Citizen's Advisory and Oversight Committee,163022,,8,,,,,,,,0,0,"Written public comments must be received by 5PM the day before the meeting.
Please include the Item # in your comment and your position of “FOR,” “AGAINST,” ""GENERAL
COMMENT,"" or ""ITEM NEEDS MORE CONSIDERATION.""
Email: BoardClerk@metro.net
Post Office Mail:
Board Administration
One Gateway Plaza
MS: 99-3-1
Los Angeles, CA 90012"
3394,2026-03-04,Independent Citizen's Advisory and Oversight Committee,163023,,7,,,,,,,,0,0,Written Public Comment Instruction:
3394,2026-03-04,Independent Citizen's Advisory and Oversight Committee,163024,,6,,,,,,,,0,0,Los comentarios del público se tomaran cuando se toma cada tema. Para dar un comentario público sobre una tema ingrese # 2 (Tecla de numero y dos) cuando se le solicite. Tenga en cuenta que la transmisión de video en vivo se retrasa unos 30 segundos con respecto a la reunión real. No hay retraso en la línea de acceso telefónico para comentarios públicos.
3394,2026-03-04,Independent Citizen's Advisory and Oversight Committee,163025,,5,,,,,,,,0,0,"Los comentarios publicos en vivo se pueden dar por telefono o en persona.

La Reunion de la Junta comienza a las 9:00 AM, hora del Pacifico, el 4 de Marzo de 2026. Puedes unirte a la llamada 5 minutos antes del comienso de la junta.

Marque: 888-978-8818 y ingrese el codigo
Codigo de acceso en ingles: 5647249#
Codigo de acceso en espanol: 7292892#"
3394,2026-03-04,Independent Citizen's Advisory and Oversight Committee,163026,,4,,,,,,,,0,0,Instrucciones para comentarios publicos en vivo:
3394,2026-03-04,Independent Citizen's Advisory and Oversight Committee,163027,,3,,,,,,,,0,0,"Public comment will be taken as the Board takes up each item. To give public comment on an item, enter #2 (pound-two) when prompted. Please note that the live video feed lags about 30 seconds behind the actual meeting. There is no lag on the public comment dial-in line."
3394,2026-03-04,Independent Citizen's Advisory and Oversight Committee,163028,,2,,,,,,,,0,0,"Live public comment can be given by telephone or in-person.

The Meeting begins at 9:00 AM Pacific Time on March 4, 2026; you may join the call 5 minutes prior to the start of the meeting.

Dial-in: 888-978-8818 and enter
English Access Code: 5647249#
Spanish Access Code: 7292892#"
3394,2026-03-04,Independent Citizen's Advisory and Oversight Committee,163029,,1,,,,,,,,0,0,Live Public Comment Instructions:
3409,2026-02-23,Ad Hoc Board Composition Committee,162784,,1,,,,,,,,0,0,page break
3409,2026-02-23,Ad Hoc Board Composition Committee,162785,,2,,,,,,,,0,0,Live Public Comment Instructions:
3409,2026-02-23,Ad Hoc Board Composition Committee,162786,,3,,,,,,,,0,0,"Live public comment can be given by telephone or in-person.

The Meeting begins at 1:00 PM Pacific Time on February 23, 2026; you may join the call 5 minutes prior to the start of the meeting.

Dial-in: 888-978-8818 and enter
English Access Code: 5647249#
Spanish Access Code: 7292892#"
3409,2026-02-23,Ad Hoc Board Composition Committee,162787,,4,,,,,,,,0,0,"Public comment will be taken as the Board takes up each item. To give public  comment on an item, enter #2 (pound-two) when prompted. Please note that the live  video feed lags about 30 seconds behind the actual meeting. There is no lag on the  public comment dial-in line."
3409,2026-02-23,Ad Hoc Board Composition Committee,162788,,5,,,,,,,,0,0,Instrucciones para comentarios publicos en vivo:
3409,2026-02-23,Ad Hoc Board Composition Committee,162789,,6,,,,,,,,0,0,"Los comentarios publicos en vivo se pueden dar por telefono o en persona.

La Reunion de la Junta comienza a las 1:00 PM, hora del Pacifico, el 23 de Febrero de 2026. Puedes unirte a la llamada 5 minutos antes del comienso de la junta.

Marque: 888-978-8818 y ingrese el codigo
Codigo de acceso en ingles: 5647249#
Codigo de acceso en espanol: 7292892#"
3409,2026-02-23,Ad Hoc Board Composition Committee,162790,,7,,,,,,,,0,0,Los comentarios del público se tomaran cuando se toma cada tema. Para dar un  comentario público sobre una tema ingrese # 2 (Tecla de numero y dos) cuando se le  solicite. Tenga en cuenta que la transmisión de video en vivo se retrasa unos 30  segundos con respecto a la reunión real. No hay retraso en la línea de acceso telefónico para comentarios públicos.
3409,2026-02-23,Ad Hoc Board Composition Committee,162791,,8,,,,,,,,0,0,Written Public Comment Instruction:
3409,2026-02-23,Ad Hoc Board Composition Committee,162792,,9,,,,,,,,0,0,"Written public comments must be received by 5PM the day before the meeting.
Please include the Item # in your comment and your position of “FOR,” “AGAINST,” ""GENERAL COMMENT,"" or ""ITEM NEEDS MORE CONSIDERATION.""
Email: BoardClerk@metro.net
Post Office Mail:
Board Administration
One Gateway Plaza
MS: 99-3-1
Los Angeles, CA 90012"
3409,2026-02-23,Ad Hoc Board Composition Committee,162793,,10,,,,,,,,0,0,page break
3409,2026-02-23,Ad Hoc Board Composition Committee,162794,,11,,,,,,,,0,0,CALL TO ORDER
3409,2026-02-23,Ad Hoc Board Composition Committee,162795,,12,,,,,,,,1,0,ROLL CALL
3409,2026-02-23,Ad Hoc Board Composition Committee,162796,2,14,12272,2026-0155,Informational Report,RECEIVED AND FILED,,,,0,0,"RECEIVE AND FILE a status report summarizing Measure G (Attachment A), its implementation timeline, and the statutory framework governing Metro Board composition, to inform future Committee deliberations."
3409,2026-02-23,Ad Hoc Board Composition Committee,162797,3,15,12261,2026-0144,Informational Report,RECEIVED AND FILED,,,,0,0,RECEIVE AND FILE a proposed framework for the Metro Ad Hoc Board Composition Committee Meetings.
3409,2026-02-23,Ad Hoc Board Composition Committee,162798,,20,12262,2026-0145,Informational Report,,,,,0,0,RECEIVE General Public Comment
3409,2026-02-23,Ad Hoc Board Composition Committee,162799,,21,,,,,,,,0,0,"Consideration of items not on the posted agenda, including: items to be presented and (if requested) referred to staff; items to be placed on the agenda for action at a future meeting of the Committee or Board; and/or items requiring immediate action because of an emergency situation or where the need to take immediate action came to the attention of the Committee subsequent to the posting of the agenda."
3409,2026-02-23,Ad Hoc Board Composition Committee,162800,,22,,,,,,,,0,0,COMMENTS FROM THE PUBLIC ON ITEMS OF PUBLIC INTEREST WITHIN COMMITTEE’S SUBJECT MATTER JURISDICTION
3409,2026-02-23,Ad Hoc Board Composition Committee,162801,,23,,,,,,,,0,0,Adjournment
3409,2026-02-23,Ad Hoc Board Composition Committee,163806,5,18,12278,2026-0161,Informational Report,CARRIED OVER,,,,0,0,RECEIVE AND FILE draft guiding values to support and inform the Ad Hoc Board Composition Committee’s deliberations regarding governance considerations.
3409,2026-02-23,Ad Hoc Board Composition Committee,163807,1,13,12273,2026-0156,Informational Report,RECEIVED AND FILED,,,,0,0,RECEIVE AND FILE report on Metro’s Governance History and Foundation of the current Board Composition.
3409,2026-02-23,Ad Hoc Board Composition Committee,163808,4,16,12276,2026-0159,Plan,,,,,0,0,"APPROVE the Community and Stakeholder Engagement Plan for the Metro Ad Hoc Board Composition Committee, to support informed, transparent, and inclusive deliberations regarding governance considerations."
3409,2026-02-23,Ad Hoc Board Composition Committee,163809,,19,,,,,,,,0,0,
3409,2026-02-23,Ad Hoc Board Composition Committee,163825,,17,,,,,,,,0,0,page break
3426,2026-03-23,Ad Hoc Board Composition Committee,165962,,1,,,,,,,,0,0,page break
3426,2026-03-23,Ad Hoc Board Composition Committee,165963,,2,,,,,,,,0,0,Live Public Comment Instructions:
3426,2026-03-23,Ad Hoc Board Composition Committee,165964,,3,,,,,,,,0,0,"Live public comment can be given by telephone or in-person.

The Meeting begins at 1:00 PM Pacific Time on March 23, 2026; you may join the call 5 minutes prior to the start of the meeting.

Dial-in: 888-978-8818 and enter
English Access Code: 5647249#
Spanish Access Code: 7292892#"
3426,2026-03-23,Ad Hoc Board Composition Committee,165965,,4,,,,,,,,0,0,"Public comment will be taken as the Board takes up each item. To give public  comment on an item, enter #2 (pound-two) when prompted. Please note that the live  video feed lags about 30 seconds behind the actual meeting. There is no lag on the  public comment dial-in line."
3426,2026-03-23,Ad Hoc Board Composition Committee,165966,,5,,,,,,,,0,0,Instrucciones para comentarios publicos en vivo:
3426,2026-03-23,Ad Hoc Board Composition Committee,165967,,6,,,,,,,,0,0,"Los comentarios publicos en vivo se pueden dar por telefono o en persona.

La Reunion de la Junta comienza a las 1:00 PM, hora del Pacifico, el 23 de Marzo de 2026. Puedes unirte a la llamada 5 minutos antes del comienso de la junta.

Marque: 888-978-8818 y ingrese el codigo
Codigo de acceso en ingles: 5647249#
Codigo de acceso en espanol: 7292892#"
3426,2026-03-23,Ad Hoc Board Composition Committee,165968,,7,,,,,,,,0,0,Los comentarios del público se tomaran cuando se toma cada tema. Para dar un  comentario público sobre una tema ingrese # 2 (Tecla de numero y dos) cuando se le  solicite. Tenga en cuenta que la transmisión de video en vivo se retrasa unos 30  segundos con respecto a la reunión real. No hay retraso en la línea de acceso telefónico para comentarios públicos.
3426,2026-03-23,Ad Hoc Board Composition Committee,165969,,8,,,,,,,,0,0,Written Public Comment Instruction:
3426,2026-03-23,Ad Hoc Board Composition Committee,165970,,9,,,,,,,,0,0,"Written public comments must be received by 5PM the day before the meeting.
Please include the Item # in your comment and your position of “FOR,” “AGAINST,” ""GENERAL COMMENT,"" or ""ITEM NEEDS MORE CONSIDERATION.""
Email: BoardClerk@metro.net
Post Office Mail:
Board Administration
One Gateway Plaza
MS: 99-3-1
Los Angeles, CA 90012"
3426,2026-03-23,Ad Hoc Board Composition Committee,165971,,10,,,,,,,,0,0,page break
3426,2026-03-23,Ad Hoc Board Composition Committee,165972,,11,,,,,,,,0,0,CALL TO ORDER
3426,2026-03-23,Ad Hoc Board Composition Committee,165973,,12,,,,,,,,1,0,ROLL CALL
3426,2026-03-23,Ad Hoc Board Composition Committee,165974,36,13,12320,2026-0203,Policy,APPROVED,Pass,,,0,0,"APPROVE the Ad Hoc Board Composition Committee’s use of relaxed teleconferencing rules for eligible subsidiary bodies pursuant to Senate Bill 707 (SB 707), Government Code section 54953.8.6, as authorized by the findings made by the Metro Board of Directors."
3426,2026-03-23,Ad Hoc Board Composition Committee,165978,39,17,12315,2026-0198,Informational Report,RECEIVED AND FILED,,,,0,0,RECEIVE AND FILE the Report on Benchmarking Analysis of Transit Agencies.
3426,2026-03-23,Ad Hoc Board Composition Committee,165979,,18,12354,2026-0237,Informational Report,,,,,0,0,RECEIVE General Public Comment
3426,2026-03-23,Ad Hoc Board Composition Committee,165980,,19,,,,,,,,0,0,"Consideration of items not on the posted agenda, including: items to be presented and (if requested) referred to staff; items to be placed on the agenda for action at a future meeting of the Committee or Board; and/or items requiring immediate action because of an emergency situation or where the need to take immediate action came to the attention of the Committee subsequent to the posting of the agenda."
3426,2026-03-23,Ad Hoc Board Composition Committee,165981,,20,,,,,,,,0,0,COMMENTS FROM THE PUBLIC ON ITEMS OF PUBLIC INTEREST WITHIN COMMITTEE’S SUBJECT MATTER JURISDICTION
3426,2026-03-23,Ad Hoc Board Composition Committee,165982,,21,,,,,,,,0,0,Adjournment
3426,2026-03-23,Ad Hoc Board Composition Committee,165983,38,16,12314,2026-0197,Oral Report / Presentation,RECEIVED AND FILED,,,,0,0,RECEIVE AND FILE the monthly oral report on the Ad Hoc Board Composition Community Engagement.
3426,2026-03-23,Ad Hoc Board Composition Committee,165984,37,14,12286,2026-0169,Informational Report,RECEIVED AND FILED,,,,0,0,RECEIVE AND FILE draft guiding values to support and inform the Ad Hoc Board Composition Committee’s deliberations regarding governance considerations.
3426,2026-03-23,Ad Hoc Board Composition Committee,167694,,15,,,,,,,,0,0,(CARRIED OVER FROM FEBRUARY'S COMMITTEE CYCLE)
3427,2026-04-27,Ad Hoc Board Composition Committee,167954,,1,,,,,,,,0,0,page break
3427,2026-04-27,Ad Hoc Board Composition Committee,167955,,2,,,,,,,,0,0,Live Public Comment Instructions:
3427,2026-04-27,Ad Hoc Board Composition Committee,167956,,3,,,,,,,,0,0,"Live public comment can be given by telephone or in-person.

The Meeting begins at 1:00 PM Pacific Time on April 27, 2026; you may join the call 5 minutes prior to the start of the meeting.

Dial-in: 888-978-8818 and enter
English Access Code: 5647249#
Spanish Access Code: 7292892#"
3427,2026-04-27,Ad Hoc Board Composition Committee,167957,,4,,,,,,,,0,0,"Public comment will be taken as the Board takes up each item. To give public  comment on an item, enter #2 (pound-two) when prompted. Please note that the live  video feed lags about 30 seconds behind the actual meeting. There is no lag on the  public comment dial-in line."
3427,2026-04-27,Ad Hoc Board Composition Committee,167958,,5,,,,,,,,0,0,Instrucciones para comentarios publicos en vivo:
3427,2026-04-27,Ad Hoc Board Composition Committee,167959,,6,,,,,,,,0,0,"Los comentarios publicos en vivo se pueden dar por telefono o en persona.

La Reunion de la Junta comienza a las 1:00 PM, hora del Pacifico, el 27 de Abril de 2026. Puedes unirte a la llamada 5 minutos antes del comienso de la junta.

Marque: 888-978-8818 y ingrese el codigo
Codigo de acceso en ingles: 5647249#
Codigo de acceso en espanol: 7292892#"
3427,2026-04-27,Ad Hoc Board Composition Committee,167960,,7,,,,,,,,0,0,Los comentarios del público se tomaran cuando se toma cada tema. Para dar un  comentario público sobre una tema ingrese # 2 (Tecla de numero y dos) cuando se le  solicite. Tenga en cuenta que la transmisión de video en vivo se retrasa unos 30  segundos con respecto a la reunión real. No hay retraso en la línea de acceso telefónico para comentarios públicos.
3427,2026-04-27,Ad Hoc Board Composition Committee,167961,,8,,,,,,,,0,0,Written Public Comment Instruction:
3427,2026-04-27,Ad Hoc Board Composition Committee,167962,,9,,,,,,,,0,0,"Written public comments must be received by 5PM the day before the meeting.
Please include the Item # in your comment and your position of “FOR,” “AGAINST,” ""GENERAL COMMENT,"" or ""ITEM NEEDS MORE CONSIDERATION.""
Email: BoardClerk@metro.net
Post Office Mail:
Board Administration
One Gateway Plaza
MS: 99-3-1
Los Angeles, CA 90012"
3427,2026-04-27,Ad Hoc Board Composition Committee,167963,,10,,,,,,,,0,0,page break
3427,2026-04-27,Ad Hoc Board Composition Committee,167964,,11,,,,,,,,0,0,CALL TO ORDER
3427,2026-04-27,Ad Hoc Board Composition Committee,167965,,12,,,,,,,,0,0,ROLL CALL
3427,2026-04-27,Ad Hoc Board Composition Committee,167970,7,15,12316,2026-0199,Oral Report / Presentation,,,,,0,0,RECEIVE AND FILE the monthly report on Ad Hoc Board Composition Community Engagement.
3427,2026-04-27,Ad Hoc Board Composition Committee,167971,,17,12429,2026-0312,Informational Report,,,,,0,0,RECEIVE General Public Comment
3427,2026-04-27,Ad Hoc Board Composition Committee,167972,,18,,,,,,,,0,0,"Consideration of items not on the posted agenda, including: items to be presented and (if requested) referred to staff; items to be placed on the agenda for action at a future meeting of the Committee or Board; and/or items requiring immediate action because of an emergency situation or where the need to take immediate action came to the attention of the Committee subsequent to the posting of the agenda."
3427,2026-04-27,Ad Hoc Board Composition Committee,167973,,19,,,,,,,,0,0,COMMENTS FROM THE PUBLIC ON ITEMS OF PUBLIC INTEREST WITHIN COMMITTEE’S SUBJECT MATTER JURISDICTION
3427,2026-04-27,Ad Hoc Board Composition Committee,167974,,20,,,,,,,,0,0,Adjournment
3427,2026-04-27,Ad Hoc Board Composition Committee,167979,,16,,,,,,,,0,0,
3427,2026-04-27,Ad Hoc Board Composition Committee,168441,6,14,12421,2026-0304,Policy,,,,,0,0,ADOPT the guiding values to support and inform the Ad Hoc Board Committee’s deliberations regarding governance considerations (Attachment A).
3427,2026-04-27,Ad Hoc Board Composition Committee,168442,5,13,12420,2026-0303,Informational Report,,,,,0,0,RECEIVE AND FILE report on the role of Metro’s Advisory Bodies.
3448,2026-04-15,Board of Directors - Special Board Meeting,167832,,1,,,,,,,,0,0,page break
3448,2026-04-15,Board of Directors - Special Board Meeting,167833,,2,,,,,,,,0,0,Live Public Comment Instructions:
3448,2026-04-15,Board of Directors - Special Board Meeting,167834,,3,,,,,,,,0,0,"Live public comment can be given by telephone or in-person.

The Meeting begins at 3:00 PM Pacific Time on April 15, 2026; you may join the call 5 minutes prior to the start of the meeting.

Dial-in: 888-978-8818 and enter
English Access Code: 5647249#
Spanish Access Code: 7292892#"
3448,2026-04-15,Board of Directors - Special Board Meeting,167835,,4,,,,,,,,0,0,"Public comment will be taken as the Board takes up each item. To give public  comment on an item, enter #2 (pound-two) when prompted. Please note that the live  video feed lags about 30 seconds behind the actual meeting. There is no lag on the  public comment dial-in line."
3448,2026-04-15,Board of Directors - Special Board Meeting,167836,,5,,,,,,,,0,0,Instrucciones para comentarios publicos en vivo:
3448,2026-04-15,Board of Directors - Special Board Meeting,167837,,6,,,,,,,,0,0,"Los comentarios publicos en vivo se pueden dar por telefono o en persona.

La Reunion de la Junta comienza a las 3:00 PM, hora del Pacifico, el 15 de Abril de 2026.
Puedes unirte a la llamada 5 minutos antes del comienso de la junta.

Marque: 888-978-8818 y ingrese el codigo
Codigo de acceso en ingles: 5647249#
Codigo de acceso en espanol: 7292892#"
3448,2026-04-15,Board of Directors - Special Board Meeting,167838,,7,,,,,,,,0,0,Los comentarios del público se tomaran cuando se toma cada tema. Para dar un  comentario público sobre una tema ingrese # 2 (Tecla de numero y dos) cuando se le  solicite. Tenga en cuenta que la transmisión de video en vivo se retrasa unos 30  segundos con respecto a la reunión real. No hay retraso en la línea de acceso telefónico para comentarios públicos.
3448,2026-04-15,Board of Directors - Special Board Meeting,167839,,8,,,,,,,,0,0,Written Public Comment Instruction:
3448,2026-04-15,Board of Directors - Special Board Meeting,167840,,9,,,,,,,,0,0,"Written public comments must be received by 5PM the day before the meeting.
Please include the Item # in your comment and your position of “FOR,” “AGAINST,” ""GENERAL COMMENT,"" or ""ITEM NEEDS MORE CONSIDERATION.""
Email: BoardClerk@metro.net
Post Office Mail:
Board Administration
One Gateway Plaza
MS: 99-3-1
Los Angeles, CA 90012"
3448,2026-04-15,Board of Directors - Special Board Meeting,167841,,10,,,,,,,,0,0,page break
3448,2026-04-15,Board of Directors - Special Board Meeting,167842,,11,,,,,,,,0,0,CALL TO ORDER
3448,2026-04-15,Board of Directors - Special Board Meeting,167843,,12,,,,,,,,0,0,ROLL CALL
3448,2026-04-15,Board of Directors - Special Board Meeting,167851,,18,12378,2026-0261,Informational Report,,,,,0,0,RECEIVE General Public Comment
3448,2026-04-15,Board of Directors - Special Board Meeting,167852,,19,,,,,,,,0,0,"Consideration of items not on the posted agenda, including: items to be presented and (if requested) referred to staff; items to be placed on the agenda for action at a future meeting of the Committee or Board; and/or items requiring immediate action because of an emergency situation or where the need to take immediate action came to the attention of the Committee subsequent to the posting of the agenda."
3448,2026-04-15,Board of Directors - Special Board Meeting,167853,,20,,,,,,,,0,0,COMMENTS FROM THE PUBLIC ON ITEMS OF PUBLIC INTEREST WITHIN COMMITTEE’S SUBJECT MATTER JURISDICTION
3448,2026-04-15,Board of Directors - Special Board Meeting,167854,,21,,,,,,,,0,0,Adjournment
3448,2026-04-15,Board of Directors - Special Board Meeting,167894,,17,,,,,,,,0,0,
3448,2026-04-15,Board of Directors - Special Board Meeting,167895,19,16,12292,2026-0175,Oral Report / Presentation,,,,,0,0,RECEIVE oral report on preparations for the 2026 FIFA World Cup.
3448,2026-04-15,Board of Directors - Special Board Meeting,167896,18,15,12330,2026-0213,Informational Report,,,,,0,0,RECEIVE oral report on Milano Cortina 2026 Winter Games Lessons Learned.
3448,2026-04-15,Board of Directors - Special Board Meeting,167897,17,14,12306,2026-0189,Informational Report,,,,,0,0,RECEIVE AND FILE the Mobility Concept Plan (MCP) Implementation Progress Report
3448,2026-04-15,Board of Directors - Special Board Meeting,167899,16,13,12368,2026-0251,Resolution,,,,,0,0,"ADOPT the Resolution of Necessity authorizing the commencement of an eminent domain action to acquire a permanent subsurface easement (“Property Interest”) from the property known as 3839 Wilshire Boulevard, Los Angeles, CA 90010 APN: 5503-031-018 identified in Attachment A (""Property"").

(REQUIRES TWO-THIRDS VOTE OF THE FULL BOARD)"
3452,2026-05-27,Ad Hoc Board Composition Committee,170184,,1,,,,,,,,0,0,page break
3452,2026-05-27,Ad Hoc Board Composition Committee,170185,,2,,,,,,,,0,0,Live Public Comment Instructions:
3452,2026-05-27,Ad Hoc Board Composition Committee,170186,,3,,,,,,,,0,0,"Live public comment can be given by telephone or in-person.

The Meeting begins at 1:00 PM Pacific Time on May 27, 2026; you may join the call 5 minutes prior to the start of the meeting.

Dial-in: 888-978-8818 and enter
English Access Code: 5647249#
Spanish Access Code: 7292892#"
3452,2026-05-27,Ad Hoc Board Composition Committee,170187,,4,,,,,,,,0,0,"Public comment will be taken as the Board takes up each item. To give public  comment on an item, enter #2 (pound-two) when prompted. Please note that the live  video feed lags about 30 seconds behind the actual meeting. There is no lag on the  public comment dial-in line."
3452,2026-05-27,Ad Hoc Board Composition Committee,170188,,5,,,,,,,,0,0,Instrucciones para comentarios publicos en vivo:
3452,2026-05-27,Ad Hoc Board Composition Committee,170189,,6,,,,,,,,0,0,"Los comentarios publicos en vivo se pueden dar por telefono o en persona.

La Reunion de la Junta comienza a las 1:00 PM, hora del Pacifico, el 27 de Mayo de 2026.
Puedes unirte a la llamada 5 minutos antes del comienso de la junta.

Marque: 888-978-8818 y ingrese el codigo
Codigo de acceso en ingles: 5647249#
Codigo de acceso en espanol: 7292892#"
3452,2026-05-27,Ad Hoc Board Composition Committee,170190,,7,,,,,,,,0,0,Los comentarios del público se tomaran cuando se toma cada tema. Para dar un  comentario público sobre una tema ingrese # 2 (Tecla de numero y dos) cuando se le  solicite. Tenga en cuenta que la transmisión de video en vivo se retrasa unos 30  segundos con respecto a la reunión real. No hay retraso en la línea de acceso telefónico para comentarios públicos.
3452,2026-05-27,Ad Hoc Board Composition Committee,170191,,8,,,,,,,,0,0,Written Public Comment Instruction:
3452,2026-05-27,Ad Hoc Board Composition Committee,170192,,9,,,,,,,,0,0,"Written public comments must be received by 5PM the day before the meeting.
Please include the Item # in your comment and your position of “FOR,” “AGAINST,” ""GENERAL COMMENT,"" or ""ITEM NEEDS MORE CONSIDERATION.""
Email: BoardClerk@metro.net
Post Office Mail:
Board Administration
One Gateway Plaza
MS: 99-3-1
Los Angeles, CA 90012"
3452,2026-05-27,Ad Hoc Board Composition Committee,170193,,10,,,,,,,,0,0,page break
3452,2026-05-27,Ad Hoc Board Composition Committee,170194,,11,,,,,,,,0,0,CALL TO ORDER
3452,2026-05-27,Ad Hoc Board Composition Committee,170195,,12,,,,,,,,0,0,ROLL CALL
3452,2026-05-27,Ad Hoc Board Composition Committee,170196,42,14,12530,2026-0413,Informational Report,,,,,0,0,RECEIVE AND FILE staff report on alternatives for Metro Board Member Composition and Appointment Structure.
3452,2026-05-27,Ad Hoc Board Composition Committee,170204,,15,,,,,,,,0,0, 
3452,2026-05-27,Ad Hoc Board Composition Committee,170205,,16,12429,2026-0312,Informational Report,,,,,0,0,RECEIVE General Public Comment
3452,2026-05-27,Ad Hoc Board Composition Committee,170206,,17,,,,,,,,0,0,"Consideration of items not on the posted agenda, including: items to be presented and (if requested) referred to staff; items to be placed on the agenda for action at a future meeting of the Committee or Board; and/or items requiring immediate action because of an emergency situation or where the need to take immediate action came to the attention of the Committee subsequent to the posting of the agenda."
3452,2026-05-27,Ad Hoc Board Composition Committee,170207,,18,,,,,,,,0,0,COMMENTS FROM THE PUBLIC ON ITEMS OF PUBLIC INTEREST WITHIN COMMITTEE’S SUBJECT MATTER JURISDICTION
3452,2026-05-27,Ad Hoc Board Composition Committee,170208,,19,,,,,,,,0,0,Adjournment
3452,2026-05-27,Ad Hoc Board Composition Committee,171135,41,13,12529,2026-0412,Informational Report,,,,,0,0,RECEIVE AND FILE the report on Ad Hoc Board Composition Community Engagement.
3453,2026-06-29,Ad Hoc Board Composition Committee,171830,,1,,,,,,,,0,0,page break
3453,2026-06-29,Ad Hoc Board Composition Committee,171831,,2,,,,,,,,0,0,Live Public Comment Instructions:
3453,2026-06-29,Ad Hoc Board Composition Committee,171832,,3,,,,,,,,0,0,"Live public comment can be given by telephone or in-person.

The Meeting begins at 9:00 AM Pacific Time on June 29, 2026; you may join the call 5 minutes prior to the start of the meeting.

Dial-in: 888-978-8818 and enter
English Access Code: 5647249#
Spanish Access Code: 7292892#"
3453,2026-06-29,Ad Hoc Board Composition Committee,171833,,4,,,,,,,,0,0,"Public comment will be taken as the Board takes up each item. To give public  comment on an item, enter #2 (pound-two) when prompted. Please note that the live  video feed lags about 30 seconds behind the actual meeting. There is no lag on the  public comment dial-in line."
3453,2026-06-29,Ad Hoc Board Composition Committee,171834,,5,,,,,,,,0,0,Instrucciones para comentarios publicos en vivo:
3453,2026-06-29,Ad Hoc Board Composition Committee,171835,,6,,,,,,,,0,0,"Los comentarios publicos en vivo se pueden dar por telefono o en persona.

La Reunion de la Junta comienza a las 9:00 AM, hora del Pacifico, el 29 de Junio de 2026. Puedes unirte a la llamada 5 minutos antes del comienso de la junta.

Marque: 888-978-8818 y ingrese el codigo
Codigo de acceso en ingles: 5647249#
Codigo de acceso en espanol: 7292892#"
3453,2026-06-29,Ad Hoc Board Composition Committee,171836,,7,,,,,,,,0,0,Los comentarios del público se tomaran cuando se toma cada tema. Para dar un  comentario público sobre una tema ingrese # 2 (Tecla de numero y dos) cuando se le  solicite. Tenga en cuenta que la transmisión de video en vivo se retrasa unos 30  segundos con respecto a la reunión real. No hay retraso en la línea de acceso telefónico para comentarios públicos.
3453,2026-06-29,Ad Hoc Board Composition Committee,171837,,8,,,,,,,,0,0,Written Public Comment Instruction:
3453,2026-06-29,Ad Hoc Board Composition Committee,171838,,9,,,,,,,,0,0,"Written public comments must be received by 5PM the day before the meeting.
Please include the Item # in your comment and your position of “FOR,” “AGAINST,” ""GENERAL COMMENT,"" or ""ITEM NEEDS MORE CONSIDERATION.""
Email: BoardClerk@metro.net
Post Office Mail:
Board Administration
One Gateway Plaza
MS: 99-3-1
Los Angeles, CA 90012"
3453,2026-06-29,Ad Hoc Board Composition Committee,171839,,10,,,,,,,,0,0,page break
3453,2026-06-29,Ad Hoc Board Composition Committee,171840,,11,,,,,,,,0,0,CALL TO ORDER
3453,2026-06-29,Ad Hoc Board Composition Committee,171841,,12,,,,,,,,1,0,ROLL CALL
3453,2026-06-29,Ad Hoc Board Composition Committee,171845,,15,12578,2026-0461,Informational Report,,,,,0,0,RECEIVE General Public Comment
3453,2026-06-29,Ad Hoc Board Composition Committee,171846,,16,,,,,,,,0,0,"Consideration of items not on the posted agenda, including: items to be presented and (if requested) referred to staff; items to be placed on the agenda for action at a future meeting of the Committee or Board; and/or items requiring immediate action because of an emergency situation or where the need to take immediate action came to the attention of the Committee subsequent to the posting of the agenda."
3453,2026-06-29,Ad Hoc Board Composition Committee,171847,,17,,,,,,,,0,0,COMMENTS FROM THE PUBLIC ON ITEMS OF PUBLIC INTEREST WITHIN COMMITTEE’S SUBJECT MATTER JURISDICTION
3453,2026-06-29,Ad Hoc Board Composition Committee,171848,,18,,,,,,,,0,0,Adjournment
3453,2026-06-29,Ad Hoc Board Composition Committee,171975,,14,,,,,,,,0,0,
3453,2026-06-29,Ad Hoc Board Composition Committee,172014,5,13,12593,2026-0476,Informational Report,FORWARDED WITHOUT RECOMMENDATION,Pass,,,0,0,"APPROVE staff recommendation on Metro’s Board Member Composition and Appointment Structure to:

A.	ADOPT “Alternative A (Flexible Appointments)” that would enable each Appointing Authority to have the flexibility to fill their allocated seats (County of Los Angeles 5 seats, City of Los Angeles 4 seats, and City Selection Committee 4 seats) with either elected officials or qualified public members, including special interest stakeholders, transit system users/riders, or subject matter experts; 

"
3454,2026-06-03,Independent Citizens' Advisory and Oversight Committee - Public Hearing,171072,,10,,,,,,,,0,0,CALL TO ORDER
3454,2026-06-03,Independent Citizens' Advisory and Oversight Committee - Public Hearing,171073,,11,,,,,,,,0,0,ROLL CALL
3454,2026-06-03,Independent Citizens' Advisory and Oversight Committee - Public Hearing,171077,,21,,,,,,,,0,0,Adjournment
3454,2026-06-03,Independent Citizens' Advisory and Oversight Committee - Public Hearing,171158,4,16,12453,2026-0336,Oral Report / Presentation,,,,,0,0,RECEIVE oral report on review of the FY27 Budget.
3454,2026-06-03,Independent Citizens' Advisory and Oversight Committee - Public Hearing,171160,,12,,,,,,,,0,0,Open Public Hearing.
3454,2026-06-03,Independent Citizens' Advisory and Oversight Committee - Public Hearing,171161,2,14,12544,2026-0427,Informational Report,,,,,0,0,RECEIVE Public Comment on Proposition A and Proposition C Audits.
3454,2026-06-03,Independent Citizens' Advisory and Oversight Committee - Public Hearing,171162,1,13,12543,2026-0426,Oral Report / Presentation,,,,,0,0,STATEMENT by the Board Clerk’s Office concerning publication of notices and dissemination of public information.
3454,2026-06-03,Independent Citizens' Advisory and Oversight Committee - Public Hearing,171163,,9,,,,,,,,0,0,
3454,2026-06-03,Independent Citizens' Advisory and Oversight Committee - Public Hearing,171164,,8,,,,,,,,0,0,"Written public comments must be received by 5PM the day before the meeting.
Please include the Item # in your comment and your position of “FOR,” “AGAINST,” ""GENERAL
COMMENT,"" or ""ITEM NEEDS MORE CONSIDERATION.""
Email: BoardClerk@metro.net
Post Office Mail:
Board Administration
One Gateway Plaza
MS: 99-3-1
Los Angeles, CA 90012"
3454,2026-06-03,Independent Citizens' Advisory and Oversight Committee - Public Hearing,171165,,7,,,,,,,,0,0,Written Public Comment Instruction:
3454,2026-06-03,Independent Citizens' Advisory and Oversight Committee - Public Hearing,171166,,6,,,,,,,,0,0,Los comentarios del público se tomaran cuando se toma cada tema. Para dar un comentario público sobre una tema ingrese # 2 (Tecla de numero y dos) cuando se lesolicite. Tenga en cuenta que la transmisión de video en vivo se retrasa unos 30 segundos con respecto a la reunión real. No hay retraso en la línea de acceso telefónico para comentarios públicos.
3454,2026-06-03,Independent Citizens' Advisory and Oversight Committee - Public Hearing,171167,,5,,,,,,,,0,0,"Los comentarios publicos en vivo se pueden dar por telefono o en persona.

La Reunion de la Junta comienza a las 1:00 PM, hora del Pacifico, el 3 de Junio de 2026. Puedes unirte a la llamada 5 minutos antes del comienso de la junta.

Marque: 888-978-8818 y ingrese el codigo
Codigo de acceso en ingles: 5647249#
Codigo de acceso en espanol: 7292892#"
3454,2026-06-03,Independent Citizens' Advisory and Oversight Committee - Public Hearing,171168,,4,,,,,,,,0,0,Instrucciones para comentarios publicos en vivo:
3454,2026-06-03,Independent Citizens' Advisory and Oversight Committee - Public Hearing,171169,,2,,,,,,,,0,0,"Live public comment can be given by telephone and in-person.

The Committee Meeting begins at 1:00 PM Pacific Time on June 3, 2026; you may join the call 5 minutes prior to the start of the meeting.

Dial-in: 888-978-8818 and enter
English Access Code: 5647249#
Spanish Access Code: 7292892#"
3454,2026-06-03,Independent Citizens' Advisory and Oversight Committee - Public Hearing,171170,,1,,,,,,,,0,0,Live Public Comment Instructions:
3454,2026-06-03,Independent Citizens' Advisory and Oversight Committee - Public Hearing,171171,,3,,,,,,,,0,0,"Public comment will be taken as the Board takes up each item. To give public comment on an item, enter #2 (pound-two) when prompted. Please note that the live video feed lags about 30 seconds behind the actual meeting. There is no lag on the public comment dial-in line."
3454,2026-06-03,Independent Citizens' Advisory and Oversight Committee - Public Hearing,171172,3,15,12545,2026-0428,Informational Report,,,,,0,0,APPROVE Motion to Close Hearing.
3454,2026-06-03,Independent Citizens' Advisory and Oversight Committee - Public Hearing,171173,,20,,,,,,,,0,0,
3454,2026-06-03,Independent Citizens' Advisory and Oversight Committee - Public Hearing,171174,,19,,,,,,,,0,0,COMMENTS FROM THE PUBLIC ON ITEMS OF PUBLIC INTEREST WITHIN COMMITTEE’S SUBJECT MATTER JURISDICTION
3454,2026-06-03,Independent Citizens' Advisory and Oversight Committee - Public Hearing,171175,,18,,,,,,,,0,0,"Consideration of items not on the posted agenda, including: items to be presented and (if requested) referred to staff; items to be placed on the agenda for action at a future meeting of the Committee or Board; and/or items requiring immediate action because of an emergency situation or where the need to take immediate action came to the attention of the Committee subsequent to the posting of the agenda."
3454,2026-06-03,Independent Citizens' Advisory and Oversight Committee - Public Hearing,171176,,17,12546,2026-0429,Informational Report,,,,,0,0,RECEIVE General Public Comment
3455,2026-05-19,Measure R Independent Taxpayer Oversight Committee - Public Hearing,170509,,11,,,,,,,,0,0,CALL TO ORDER
3455,2026-05-19,Measure R Independent Taxpayer Oversight Committee - Public Hearing,170510,,12,,,,,,,,0,0,ROLL CALL
3455,2026-05-19,Measure R Independent Taxpayer Oversight Committee - Public Hearing,170511,,19,12485,2026-0368,Informational Report,,,,,0,0,RECEIVE General Public Comment
3455,2026-05-19,Measure R Independent Taxpayer Oversight Committee - Public Hearing,170512,,20,,,,,,,,0,0,"Consideration of items not on the posted agenda, including: items to be presented and (if requested) referred to staff; items to be placed on the agenda for action at a future meeting of the Committee or Board; and/or items requiring immediate action because of an emergency situation or where the need to take immediate action came to the attention of the Committee subsequent to the posting of the agenda."
3455,2026-05-19,Measure R Independent Taxpayer Oversight Committee - Public Hearing,170513,,21,,,,,,,,0,0,COMMENTS FROM THE PUBLIC ON ITEMS OF PUBLIC INTEREST WITHIN COMMITTEE’S SUBJECT MATTER JURISDICTION
3455,2026-05-19,Measure R Independent Taxpayer Oversight Committee - Public Hearing,170514,,22,,,,,,,,0,0,Adjournment
3455,2026-05-19,Measure R Independent Taxpayer Oversight Committee - Public Hearing,170515,,18,,,,,,,,0,0,
3455,2026-05-19,Measure R Independent Taxpayer Oversight Committee - Public Hearing,170516,,17,,,,,,,,0,0,
3455,2026-05-19,Measure R Independent Taxpayer Oversight Committee - Public Hearing,170517,4,16,12455,2026-0338,Oral Report / Presentation,,,,,0,0,RECEIVE oral report on review of the FY27 Budget.
3455,2026-05-19,Measure R Independent Taxpayer Oversight Committee - Public Hearing,170518,3,15,12484,2026-0367,Informational Report,,,,,0,0,APPROVE Motion to Close Hearing.
3455,2026-05-19,Measure R Independent Taxpayer Oversight Committee - Public Hearing,170519,2,14,12483,2026-0366,Informational Report,,,,,0,0,RECEIVE Public Comment on Measure R Audits and Annual Report.
3455,2026-05-19,Measure R Independent Taxpayer Oversight Committee - Public Hearing,170520,1,13,12482,2026-0365,Oral Report / Presentation,,,,,0,0,STATEMENT by the Board Clerk’s Office concerning publication of notices and dissemination of public information.
3455,2026-05-19,Measure R Independent Taxpayer Oversight Committee - Public Hearing,170521,,10,,,,,,,,0,0,
3455,2026-05-19,Measure R Independent Taxpayer Oversight Committee - Public Hearing,170522,,9,,,,,,,,0,0,
3455,2026-05-19,Measure R Independent Taxpayer Oversight Committee - Public Hearing,170523,,8,,,,,,,,0,0,"Written public comments must be received by 5PM the day before the meeting.
Please include the Item # in your comment and your position of “FOR,” “AGAINST,” ""GENERAL
COMMENT,"" or ""ITEM NEEDS MORE CONSIDERATION.""
Email: BoardClerk@metro.net
Post Office Mail:
Board Administration
One Gateway Plaza
MS: 99-3-1
Los Angeles, CA 90012"
3455,2026-05-19,Measure R Independent Taxpayer Oversight Committee - Public Hearing,170524,,7,,,,,,,,0,0,Written Public Comment Instruction:
3455,2026-05-19,Measure R Independent Taxpayer Oversight Committee - Public Hearing,170525,,6,,,,,,,,0,0,"Los comentarios del público se tomaran cuando se toma cada tema. Para dar un
comentario público sobre una tema ingrese # 2 (Tecla de numero y dos) cuando se le
solicite. Tenga en cuenta que la transmisión de video en vivo se retrasa unos 30
segundos con respecto a la reunión real. No hay retraso en la línea de acceso
telefónico para comentarios públicos."
3455,2026-05-19,Measure R Independent Taxpayer Oversight Committee - Public Hearing,170526,,5,,,,,,,,0,0,"Los comentarios publicos en vivo se pueden dar por telefono o en persona.

La Reunion de la Junta comienza a las 9:00 AM, hora del Pacifico, el 19 de Mayo de 2026.
Puedes unirte a la llamada 5 minutos antes del comienso de la junta.

Marque: 888-978-8818 y ingrese el codigo
Codigo de acceso en ingles: 5647249#
Codigo de acceso en espanol: 7292892#"
3455,2026-05-19,Measure R Independent Taxpayer Oversight Committee - Public Hearing,170527,,4,,,,,,,,0,0,Instrucciones para comentarios publicos en vivo:
3455,2026-05-19,Measure R Independent Taxpayer Oversight Committee - Public Hearing,170528,,3,,,,,,,,0,0,"Public comment will be taken as the Board takes up each item. To give public
comment on an item, enter #2 (pound-two) when prompted. Please note that the live
video feed lags about 30 seconds behind the actual meeting. There is no lag on the
public comment dial-in line."
3455,2026-05-19,Measure R Independent Taxpayer Oversight Committee - Public Hearing,170529,,2,,,,,,,,0,0,"Live public comment can be given by telephone or in-person.

The Meeting begins at 9:00 AM Pacific Time on May 19, 2026; you may join the call 5 minutes prior to the start of the meeting.

Dial-in: 888-978-8818 and enter
English Access Code: 5647249#
Spanish Access Code: 7292892#"
3455,2026-05-19,Measure R Independent Taxpayer Oversight Committee - Public Hearing,170530,,1,,,,,,,,0,0,Live Public Comment Instructions:
3470,2026-04-29,PTSC-MTA Risk Management Authority,168254,,10,,,,,,,,0,0,CALL TO ORDER
3470,2026-04-29,PTSC-MTA Risk Management Authority,168255,,11,,,,,,,,0,0,ROLL CALL
3470,2026-04-29,PTSC-MTA Risk Management Authority,168283,,21,12433,2026-0316,Oral Report / Presentation,,,,,0,0,RECEIVE General Public Comment
3470,2026-04-29,PTSC-MTA Risk Management Authority,168284,,22,,,,,,,,0,0,Adjournment
3470,2026-04-29,PTSC-MTA Risk Management Authority,168285,,23,,,,,,,,0,0,"Consideration of items not on the posted agenda, including: items to be presented and (if requested) referred to staff; items to be placed on the agenda for action at a future meeting of the Committee or Board; and/or items requiring immediate action because of an emergency situation or where the need to take immediate action came to the attention of the Committee subsequent to the posting of the agenda."
3470,2026-04-29,PTSC-MTA Risk Management Authority,168286,,9,,,,,,,,0,0,page break
3470,2026-04-29,PTSC-MTA Risk Management Authority,168288,,8,,,,,,,,0,0,"Written public comments must be received by 5PM the day before the meeting.
Please include the Item # in your comment and your position of “FOR,” “AGAINST,” ""GENERAL
COMMENT,"" or ""ITEM NEEDS MORE CONSIDERATION.""
Email: BoardClerk@metro.net
Post Office Mail:
Board Administration
One Gateway Plaza
MS: 99-3-1
Los Angeles, CA 90012"
3470,2026-04-29,PTSC-MTA Risk Management Authority,168289,,7,,,,,,,,0,0,Written Public Comment Instruction:
3470,2026-04-29,PTSC-MTA Risk Management Authority,168290,,6,,,,,,,,0,0,Los comentarios del público se tomaran cuando se toma cada tema. Para dar un comentario público sobre una tema ingrese # 2 (Tecla de numero y dos) cuando se le solicite. Tenga en cuenta que la transmisión de video en vivo se retrasa unos 30 segundos con respecto a la reunión real. No hay retraso en la línea de acceso telefónico para comentarios públicos.
3470,2026-04-29,PTSC-MTA Risk Management Authority,168291,,5,,,,,,,,0,0,"Los comentarios publicos en vivo se pueden dar por telefono o en persona.

La Reunion de la Junta comienza a las 10:00 AM, hora del Pacifico, el 29 de Abril de 2026. Puedes unirte a la llamada 5 minutos antes del comienso de la junta.

Marque: 888-978-8818 y ingrese el codigo
Codigo de acceso en ingles: 5647249#
Codigo de acceso en espanol: 7292892#"
3470,2026-04-29,PTSC-MTA Risk Management Authority,168292,,4,,,,,,,,0,0,Instrucciones para comentarios publicos en vivo:
3470,2026-04-29,PTSC-MTA Risk Management Authority,168293,,3,,,,,,,,0,0,"Public comment will be taken as the Board takes up each item. To give public comment on an item, enter #2 (pound-two) when prompted. Please note that the live video feed lags about 30 seconds behind the actual meeting. There is no lag on the public comment dial-in line."
3470,2026-04-29,PTSC-MTA Risk Management Authority,168294,,2,,,,,,,,0,0,"Live public comment can be given by telephone or in-person.

The Meeting begins at 10:00 AM Pacific Time on April 29, 2026; you may join the call 5 minutes prior to the start of the meeting.

Dial-in: 888-978-8818 and enter
English Access Code: 5647249#
Spanish Access Code: 7292892#"
3470,2026-04-29,PTSC-MTA Risk Management Authority,168295,,1,,,,,,,,0,0,Live Public Comment Instructions:
3470,2026-04-29,PTSC-MTA Risk Management Authority,168296,6,17,12407,2026-0290,Oral Report / Presentation,,,,,0,0,"RECEIVE oral report on discussion of the June 30, 2025 actuarial study."
3470,2026-04-29,PTSC-MTA Risk Management Authority,168297,4,15,12404,2026-0287,Informational Report,,,,,0,0,"RECEIVE and FILE the audited PTSC-MTA Risk Management Authority (PRMA) financial activities for the fiscal year ending June 30, 2025."
3470,2026-04-29,PTSC-MTA Risk Management Authority,168298,3,14,12405,2026-0288,Oral Report / Presentation,,,,,0,0,RECEIVE oral report on discussion of the 2024-2025 audited annual financial activities.
3470,2026-04-29,PTSC-MTA Risk Management Authority,168299,1,12,12402,2026-0285,Minutes,,,,,0,0,"APPROVE Minutes of the Regular Board Meeting held April 29, 2025."
3470,2026-04-29,PTSC-MTA Risk Management Authority,168300,,24,,,,,,,,0,0,COMMENTS FROM THE PUBLIC ON ITEMS OF PUBLIC INTEREST WITHIN COMMITTEE’S SUBJECT MATTER JURISDICTION
3470,2026-04-29,PTSC-MTA Risk Management Authority,168301,2,13,12403,2026-0286,Oral Report / Presentation,,,,,0,0,"ELECTION of Officers (President, Vice President, Clerk/Treasurer-Auditor)."
3470,2026-04-29,PTSC-MTA Risk Management Authority,168302,5,16,12406,2026-0289,Informational Report,,,,,0,0,RECEIVE and FILE the Public Self Insurers Annual Report for fiscal year 2025.
3470,2026-04-29,PTSC-MTA Risk Management Authority,168303,9,20,12410,2026-0293,Oral Report / Presentation,,,,,0,0,SCHEDULE future meeting and discuss agenda items for next meeting.
3470,2026-04-29,PTSC-MTA Risk Management Authority,168304,7,18,12408,2026-0291,Informational Report,,,,,0,0,RECEIVE and FILE the Annual Actuarial Study 2024-2025.
3470,2026-04-29,PTSC-MTA Risk Management Authority,168305,8,19,12409,2026-0292,Oral Report / Presentation,,,,,0,0,"CONSIDER items of new business.
·	Captive Discussion"
3472,2026-05-21,Budget Public Hearing,169155,,11,,,,,,,,0,0,CALL TO ORDER
3472,2026-05-21,Budget Public Hearing,169156,,12,,,,,,,,1,0,ROLL CALL
3472,2026-05-21,Budget Public Hearing,169157,,14,12472,2026-0355,Oral Report / Presentation,,,,,0,0,STATEMENT by the Board Clerk’s Office concerning publication of notices and dissemination of public information.
3472,2026-05-21,Budget Public Hearing,169170,,20,,,,,,,,0,0, 
3472,2026-05-21,Budget Public Hearing,169171,,21,,,,,,,,0,0,Adjournment
3472,2026-05-21,Budget Public Hearing,169172,,22,,,,,,,,0,0,"Consideration of items not on the posted agenda, including: items to be presented and (if requested) referred to staff; items to be placed on the agenda for action at a future meeting of the Committee or Board; and/or items requiring immediate action because of an emergency situation or where the need to take immediate action came to the attention of the Committee subsequent to the posting of the agenda."
3472,2026-05-21,Budget Public Hearing,170268,,10,,,,,,,,0,0,page break
3472,2026-05-21,Budget Public Hearing,170269,,8,,,,,,,,0,0,Written Public Comment Instruction:
3472,2026-05-21,Budget Public Hearing,170270,,7,,,,,,,,0,0,Los comentarios del público se tomaran cuando se toma cada tema. Para dar un comentario público sobre una tema ingrese # 2 (Tecla de numero y dos) cuando se le solicite. Tenga en cuenta que la transmisión de video en vivo se retrasa unos 30 segundos con respecto a la reunión real. No hay retraso en la línea de acceso telefónico para comentarios públicos.
3472,2026-05-21,Budget Public Hearing,170271,,6,,,,,,,,0,0,"Los comentarios publicos en vivo se pueden dar por telefono o en persona.

La Reunion de la Junta comienza a las 10:00 AM, hora del Pacifico, el 21 de Mayo de 2026. Puedes unirte a la llamada 5 minutos antes del comienso de la junta.

Marque: 888-978-8818 y ingrese el codigo
Codigo de acceso en ingles: 5647249#
Codigo de acceso en espanol: 7292892#"
3472,2026-05-21,Budget Public Hearing,170272,,5,,,,,,,,0,0,Instrucciones para comentarios publicos en vivo:
3472,2026-05-21,Budget Public Hearing,170273,,4,,,,,,,,0,0,"Public comment will be taken as the Board takes up each item. To give public comment on an item, enter #2 (pound-two) when prompted. Please note that the live video feed lags about 30 seconds behind the actual meeting. There is no lag on the public comment dial-in line."
3472,2026-05-21,Budget Public Hearing,170274,,3,,,,,,,,0,0,"Live public comment can be given by telephone or in-person.

The Meeting begins at 10:00 AM Pacific Time on May 21, 2026; you may join the call 5 minutes prior to the start of the meeting.

Dial-in: 888-978-8818 and enter
English Access Code: 5647249#
Spanish Access Code: 7292892#"
3472,2026-05-21,Budget Public Hearing,170275,,2,,,,,,,,0,0,Live Public Comment Instructions:
3472,2026-05-21,Budget Public Hearing,170276,,1,,,,,,,,0,0,page break
3472,2026-05-21,Budget Public Hearing,170277,,9,,,,,,,,0,0,"Written public comments must be received by 5PM the day before the meeting.
Please include the Item # in your comment and your position of “FOR,” “AGAINST,” ""GENERAL
COMMENT,"" or ""ITEM NEEDS MORE CONSIDERATION.""
Email: BoardClerk@metro.net
Post Office Mail:
Board Administration
One Gateway Plaza
MS: 99-3-1
Los Angeles, CA 90012"
3472,2026-05-21,Budget Public Hearing,170278,,13,,,,,,,,0,0,Open Public Hearing. 
3472,2026-05-21,Budget Public Hearing,170279,,16,,,,,,,,0,0,"(Recommendation for Budget approval will take place during the Finance, Budget, and Audit
Committee immediately following the hearing)"
3472,2026-05-21,Budget Public Hearing,170280,,15,,,,,,,,0,0,FY2027 Proposed Budget:
3472,2026-05-21,Budget Public Hearing,170281,,19,12474,2026-0357,Informational Report,,,,,0,0,APPROVE Motion to Close Hearing.
3472,2026-05-21,Budget Public Hearing,170282,22,18,12473,2026-0356,Informational Report,RECEIVED,Pass,,,0,0,RECEIVE comments from the public on Metro’s Fiscal Year 2027 Budget.
3472,2026-05-21,Budget Public Hearing,170283,,17,12326,2026-0209,Public Hearing,,,,,0,0,"CONSIDER:

A.	ADOPTING the proposed FY27 Budget as presented in the budget document (provided in a separate transmittal and posted on metro.net <https://www.metro.net/about/financebudget/>); 

1.	AUTHORIZING $9.7 billion annual consolidated expenditures to achieve goals and objectives set forth by the Board adopted mission and goals; 

2.	AUTHORIZING a total of 12,321 FTEs, of which 10,024 are Represented FTEs and 2,297 are Non-Represented FTEs;

3.	AUTHORIZING an average 3% performance-based me"
3473,2026-06-03,Measure M Independent Taxpayer Oversight Committee - Public Hearing,171139,,9,,,,,,,,0,0,CALL TO ORDER
3473,2026-06-03,Measure M Independent Taxpayer Oversight Committee - Public Hearing,171140,,10,,,,,,,,0,0,ROLL CALL
3473,2026-06-03,Measure M Independent Taxpayer Oversight Committee - Public Hearing,171144,,16,,,,,,,,0,0,Adjournment
3473,2026-06-03,Measure M Independent Taxpayer Oversight Committee - Public Hearing,171145,,8,,,,,,,,0,0,"Written public comments must be received by 5PM the day before the meeting.
Please include the Item # in your comment and your position of “FOR,” “AGAINST,” ""GENERAL
COMMENT,"" or ""ITEM NEEDS MORE CONSIDERATION.""
Email: BoardClerk@metro.net
Post Office Mail:
Board Administration
One Gateway Plaza
MS: 99-3-1
Los Angeles, CA 90012"
3473,2026-06-03,Measure M Independent Taxpayer Oversight Committee - Public Hearing,171146,,7,,,,,,,,0,0,Written Public Comment Instruction:
3473,2026-06-03,Measure M Independent Taxpayer Oversight Committee - Public Hearing,171147,,6,,,,,,,,0,0,Los comentarios del público se tomaran cuando se toma cada tema. Para dar un comentario público sobre una tema ingrese # 2 (Tecla de numero y dos) cuando se le solicite. Tenga en cuenta que la transmisión de video en vivo se retrasa unos 30 segundos con respecto a la reunión real. No hay retraso en la línea de acceso telefónico para comentarios públicos.
3473,2026-06-03,Measure M Independent Taxpayer Oversight Committee - Public Hearing,171148,,5,,,,,,,,0,0,"Los comentarios publicos en vivo se pueden dar por telefono o en persona.

La Reunion de la Junta comienza a las 10:00 AM, hora del Pacifico, el 3 de Junio de 2026. Puedes unirte a la llamada 5 minutos antes del comienso de la junta.

Marque: 888-978-8818 y ingrese el codigo
Codigo de acceso en ingles: 5647249#
Codigo de acceso en espanol: 7292892#"
3473,2026-06-03,Measure M Independent Taxpayer Oversight Committee - Public Hearing,171149,,4,,,,,,,,0,0,Instrucciones para comentarios publicos en vivo:
3473,2026-06-03,Measure M Independent Taxpayer Oversight Committee - Public Hearing,171150,,3,,,,,,,,0,0,"Public comment will be taken as the Board takes up each item. To give public comment on an item, enter #2 (pound-two) when prompted. Please note that the live video feed lags about 30 seconds behind the actual meeting. There is no lag on the public comment dial-in line."
3473,2026-06-03,Measure M Independent Taxpayer Oversight Committee - Public Hearing,171151,,2,,,,,,,,0,0,"Live public comment can be given by telephone or in-person.

The Meeting begins at 10:00 AM Pacific Time on June 3, 2026; you may join the call 5 minutes prior to the start of the meeting.

Dial-in: 888-978-8818 and enter
English Access Code: 5647249#
Spanish Access Code: 7292892#"
3473,2026-06-03,Measure M Independent Taxpayer Oversight Committee - Public Hearing,171152,,1,,,,,,,,0,0,Live Public Comment Instructions:
3473,2026-06-03,Measure M Independent Taxpayer Oversight Committee - Public Hearing,171153,,15,,,,,,,,0,0,
3473,2026-06-03,Measure M Independent Taxpayer Oversight Committee - Public Hearing,171154,3,14,12541,2026-0424,Informational Report,,,,,0,0,APPROVE Motion to Close Hearing.
3473,2026-06-03,Measure M Independent Taxpayer Oversight Committee - Public Hearing,171155,2,13,12540,2026-0423,Informational Report,,,,,0,0,PUBLIC HEARING of comments on Measure M Audits and Annual Report.
3473,2026-06-03,Measure M Independent Taxpayer Oversight Committee - Public Hearing,171156,1,12,12539,2026-0422,Oral Report / Presentation,,,,,0,0,STATEMENT by the Board Clerk’s Office concerning publication of notices and dissemination of public information.
3473,2026-06-03,Measure M Independent Taxpayer Oversight Committee - Public Hearing,171157,,11,,,,,,,,0,0,Open Public Hearing.
3474,2026-06-03,Measure M Independent Taxpayer Oversight Committee,170557,,9,,,,,,,,0,0,CALL TO ORDER
3474,2026-06-03,Measure M Independent Taxpayer Oversight Committee,170558,,10,,,,,,,,0,0,ROLL CALL
3474,2026-06-03,Measure M Independent Taxpayer Oversight Committee,171036,,22,12500,2026-0383,Informational Report,,,,,0,0,RECEIVE General Public Comment
3474,2026-06-03,Measure M Independent Taxpayer Oversight Committee,171038,,23,,,,,,,,0,0,"Consideration of items not on the posted agenda, including: items to be presented and (if requested) referred to staff; items to be placed on the agenda for action at a future meeting of the Committee or Board; and/or items requiring immediate action because of an emergency situation or where the need to take immediate action came to the attention of the Committee subsequent to the posting of the agenda."
3474,2026-06-03,Measure M Independent Taxpayer Oversight Committee,171039,,24,,,,,,,,0,0,COMMENTS FROM THE PUBLIC ON ITEMS OF PUBLIC INTEREST WITHIN COMMITTEE’S SUBJECT MATTER JURISDICTION
3474,2026-06-03,Measure M Independent Taxpayer Oversight Committee,171040,,25,,,,,,,,0,0,Adjournment
3474,2026-06-03,Measure M Independent Taxpayer Oversight Committee,171041,,21,,,,,,,,0,0,
3474,2026-06-03,Measure M Independent Taxpayer Oversight Committee,171043,9,20,12431,2026-0314,Oral Report / Presentation,,,,,0,0,"RECEIVE oral report on Measure M Active Transportation, programmed revenues, and uses to support discussion on the effective and efficient use of funds."
3474,2026-06-03,Measure M Independent Taxpayer Oversight Committee,171044,8,19,12336,2026-0219,Oral Report / Presentation,,,,,0,0,RECEIVE oral report on Transit and Highway Capital Projects to support discussion on the effective and efficient use of funds.
3474,2026-06-03,Measure M Independent Taxpayer Oversight Committee,171045,7,18,12450,2026-0333,Oral Report / Presentation,,,,,0,0,RECEIVE oral report on State of Good Repair budget and expenses.
3474,2026-06-03,Measure M Independent Taxpayer Oversight Committee,171046,6,17,12438,2026-0321,Oral Report / Presentation,,,,,0,0,RECEIVE oral report on Local Return programmed revenues and uses for Los Angeles County jurisdictions to support discussion on the effective and efficient use of funds.
3474,2026-06-03,Measure M Independent Taxpayer Oversight Committee,171047,5,15,12447,2026-0330,Oral Report / Presentation,,,,,0,0,RECEIVE oral report on review of the Measure M transit operations budget and countywide bus service metrics to support discussion on the effective and efficient use of funds.
3474,2026-06-03,Measure M Independent Taxpayer Oversight Committee,171048,4,14,12454,2026-0337,Oral Report / Presentation,,,,,0,0,RECEIVE oral report on review of the FY27 Budget.
3474,2026-06-03,Measure M Independent Taxpayer Oversight Committee,171049,3,13,12443,2026-0326,Oral Report / Presentation,,,,,0,0,RECEIVE AND FILE an update on the development of the Measure M 10-Year Comprehensive Assessment framework.
3474,2026-06-03,Measure M Independent Taxpayer Oversight Committee,171050,2,12,12538,2026-0421,Minutes,,,,,0,0,"APPROVE Minutes of the Measure M Independent Taxpayer Oversight Committee Meeting held March 4, 2026."
3474,2026-06-03,Measure M Independent Taxpayer Oversight Committee,171051,1,11,12494,2026-0377,Oral Report / Presentation,,,,,0,0,RECEIVE remarks by the Chair.
3474,2026-06-03,Measure M Independent Taxpayer Oversight Committee,171052,,8,,,,,,,,0,0,"Written public comments must be received by 5PM the day before the meeting.
Please include the Item # in your comment and your position of “FOR,” “AGAINST,” ""GENERAL
COMMENT,"" or ""ITEM NEEDS MORE CONSIDERATION.""
Email: BoardClerk@metro.net
Post Office Mail:
Board Administration
One Gateway Plaza
MS: 99-3-1
Los Angeles, CA 90012"
3474,2026-06-03,Measure M Independent Taxpayer Oversight Committee,171053,,7,,,,,,,,0,0,Written Public Comment Instruction:
3474,2026-06-03,Measure M Independent Taxpayer Oversight Committee,171054,,6,,,,,,,,0,0,Los comentarios del público se tomaran cuando se toma cada tema. Para dar un comentario público sobre una tema ingrese # 2 (Tecla de numero y dos) cuando se le solicite. Tenga en cuenta que la transmisión de video en vivo se retrasa unos 30 segundos con respecto a la reunión real. No hay retraso en la línea de acceso telefónico para comentarios públicos.
3474,2026-06-03,Measure M Independent Taxpayer Oversight Committee,171055,,5,,,,,,,,0,0,"Los comentarios publicos en vivo se pueden dar por telefono o en persona.

La Reunion de la Junta comienza a las 10:00 AM, hora del Pacifico, el 3 de Junio de 2026.
Puedes unirte a la llamada 5 minutos antes del comienso de la junta.

Marque: 888-978-8818 y ingrese el codigo
Codigo de acceso en ingles: 5647249#
Codigo de acceso en espanol: 7292892#"
3474,2026-06-03,Measure M Independent Taxpayer Oversight Committee,171056,,4,,,,,,,,0,0,Instrucciones para comentarios publicos en vivo:
3474,2026-06-03,Measure M Independent Taxpayer Oversight Committee,171057,,3,,,,,,,,0,0,"Public comment will be taken as the Board takes up each item. To give public comment on an item, enter #2 (pound-two) when prompted. Please note that the live video feed lags about 30 seconds behind the actual meeting. There is no lag on the public comment dial-in line."
3474,2026-06-03,Measure M Independent Taxpayer Oversight Committee,171058,,2,,,,,,,,0,0,"Live public comment can be given by telephone or in-person.

The Meeting begins at 10:00 AM Pacific Time on June 3, 2026; you may join the call 5 minutes prior to the start of the meeting.

Dial-in: 888-978-8818 and enter
English Access Code: 5647249#
Spanish Access Code: 7292892#"
3474,2026-06-03,Measure M Independent Taxpayer Oversight Committee,171059,,1,,,,,,,,0,0,Live Public Comment Instructions:
3474,2026-06-03,Measure M Independent Taxpayer Oversight Committee,171711,,16,,,,,,,,0,0,page break
3489,2026-05-28,LA SAFE,170284,,11,,,,,,,,0,0,CALL TO ORDER
3489,2026-05-28,LA SAFE,170285,,12,,,,,,,,1,0,ROLL CALL
3489,2026-05-28,LA SAFE,170303,,19,,,,,,,,0,0,Adjournment
3489,2026-05-28,LA SAFE,170304,,17,,,,,,,,0,0,"Consideration of items not on the posted agenda, including: items to be presented and (if requested) referred to staff; items to be placed on the agenda for action at a future meeting of the Committee or Board; and/or items requiring immediate action because of an emergency situation or where the need to take immediate action came to the attention of the Committee subsequent to the posting of the agenda."
3489,2026-05-28,LA SAFE,170305,,10,,,,,,,,0,0,page break
3489,2026-05-28,LA SAFE,170306,,9,,,,,,,,0,0,"Written public comments must be received by 5PM the day before the meeting.
Please include the Item # in your comment and your position of “FOR,” “AGAINST,” ""GENERAL
COMMENT,"" or ""ITEM NEEDS MORE CONSIDERATION.""
Email: BoardClerk@metro.net
Post Office Mail:
Board Administration
One Gateway Plaza
MS: 99-3-1
Los Angeles, CA 90012"
3489,2026-05-28,LA SAFE,170307,,2,,,,,,,,0,0,Live Public Comment Instructions:
3489,2026-05-28,LA SAFE,170308,,1,,,,,,,,0,0,page break
3489,2026-05-28,LA SAFE,170309,,8,,,,,,,,0,0,Written Public Comment Instruction:
3489,2026-05-28,LA SAFE,170310,,7,,,,,,,,0,0,Los comentarios del público se tomaran cuando se toma cada tema. Para dar un comentario público sobre una tema ingrese # 2 (Tecla de numero y dos) cuando se le solicite. Tenga en cuenta que la transmisión de video en vivo se retrasa unos 30 segundos con respecto a la reunión real. No hay retraso en la línea de acceso telefónico para comentarios públicos.
3489,2026-05-28,LA SAFE,170311,,6,,,,,,,,0,0,"Los comentarios publicos en vivo se pueden dar por telefono o en persona.

La Reunion de la Junta comienza a las 10:00 AM, hora del Pacifico, el 28 de Mayo de 2026. Puedes unirte a la llamada 5 minutos antes del comienso de la junta.

Marque: 888-978-8818 y ingrese el codigo
Codigo de acceso en ingles: 5647249#
Codigo de acceso en espanol: 7292892#"
3489,2026-05-28,LA SAFE,170312,,5,,,,,,,,0,0,Instrucciones para comentarios publicos en vivo:
3489,2026-05-28,LA SAFE,170313,,4,,,,,,,,0,0,"Public comment will be taken as the Board takes up each item. To give public comment on an item, enter #2 (pound-two) when prompted. Please note that the live video feed lags about 30 seconds behind the actual meeting. There is no lag on the public comment dial-in line."
3489,2026-05-28,LA SAFE,170314,,3,,,,,,,,0,0,"Live public comment can be given by telephone or in-person.

The Meeting begins at 10:00 AM Pacific Time on May 28, 2026; you may join the call 5 minutes prior to the start of the meeting.

Dial-in: 888-978-8818 and enter
English Access Code: 5647249#
Spanish Access Code: 7292892#"
3489,2026-05-28,LA SAFE,170315,,15,,,,,,,,0,0,
3489,2026-05-28,LA SAFE,170316,1,13,12475,2026-0358,Minutes,APPROVED,Pass,,,0,0,"APPROVE Minutes of the LA SAFE Board Meeting held May 22, 2025."
3489,2026-05-28,LA SAFE,170317,2,14,12398,2026-0281,Budget,ADOPTED,Pass,,,0,0,"ADOPT the Fiscal Year 2026-2027 (FY27) budget in the amount of $9,111,536 for the operation and administration of the Los Angeles County Service Authority for Freeway Emergencies (LA SAFE). The budget includes the annual funding allocation for the agreement with the Public Transportation Services Corporation (PTSC) for direct labor and support services in the amount of $2,230,286."
3489,2026-05-28,LA SAFE,170318,,16,12476,2026-0359,Informational Report,,,,,0,0,RECEIVE General Public Comment
3489,2026-05-28,LA SAFE,171136,,18,,,,,,,,0,0,"COMMENTS FROM THE PUBLIC ON ITEMS OF PUBLIC INTEREST WITHIN COMMITTEE’S
SUBJECT MATTER JURISDICTION"
3506,2026-07-08,Measure R Independent Taxpayer Oversight Committee - Public Hearing,171712,,9,,,,,,,,0,0,CALL TO ORDER
3506,2026-07-08,Measure R Independent Taxpayer Oversight Committee - Public Hearing,171713,,10,,,,,,,,0,0,ROLL CALL
3506,2026-07-08,Measure R Independent Taxpayer Oversight Committee - Public Hearing,171714,,15,12485,2026-0368,Informational Report,,,,,0,0,RECEIVE General Public Comment
3506,2026-07-08,Measure R Independent Taxpayer Oversight Committee - Public Hearing,171715,,16,,,,,,,,0,0,"Consideration of items not on the posted agenda, including: items to be presented and (if requested) referred to staff; items to be placed on the agenda for action at a future meeting of the Committee or Board; and/or items requiring immediate action because of an emergency situation or where the need to take immediate action came to the attention of the Committee subsequent to the posting of the agenda."
3506,2026-07-08,Measure R Independent Taxpayer Oversight Committee - Public Hearing,171716,,17,,,,,,,,0,0,COMMENTS FROM THE PUBLIC ON ITEMS OF PUBLIC INTEREST WITHIN COMMITTEE’S SUBJECT MATTER JURISDICTION
3506,2026-07-08,Measure R Independent Taxpayer Oversight Committee - Public Hearing,171717,,18,,,,,,,,0,0,Adjournment
3506,2026-07-08,Measure R Independent Taxpayer Oversight Committee - Public Hearing,171718,4,14,12455,2026-0338,Oral Report / Presentation,,,,,0,0,RECEIVE oral report on review of the FY27 Budget.
3506,2026-07-08,Measure R Independent Taxpayer Oversight Committee - Public Hearing,171719,3,13,12484,2026-0367,Informational Report,,,,,0,0,APPROVE Motion to Close Hearing.
3506,2026-07-08,Measure R Independent Taxpayer Oversight Committee - Public Hearing,171720,2,12,12483,2026-0366,Informational Report,,,,,0,0,RECEIVE Public Comment on Measure R Audits and Annual Report.
3506,2026-07-08,Measure R Independent Taxpayer Oversight Committee - Public Hearing,171721,1,11,12482,2026-0365,Oral Report / Presentation,,,,,0,0,STATEMENT by the Board Clerk’s Office concerning publication of notices and dissemination of public information.
3506,2026-07-08,Measure R Independent Taxpayer Oversight Committee - Public Hearing,171722,,8,,,,,,,,0,0,"Written public comments must be received by 5PM the day before the meeting.
Please include the Item # in your comment and your position of “FOR,” “AGAINST,” ""GENERAL
COMMENT,"" or ""ITEM NEEDS MORE CONSIDERATION.""
Email: BoardClerk@metro.net
Post Office Mail:
Board Administration
One Gateway Plaza
MS: 99-3-1
Los Angeles, CA 90012"
3506,2026-07-08,Measure R Independent Taxpayer Oversight Committee - Public Hearing,171723,,7,,,,,,,,0,0,Written Public Comment Instruction:
3506,2026-07-08,Measure R Independent Taxpayer Oversight Committee - Public Hearing,171724,,6,,,,,,,,0,0,Los comentarios del público se tomaran cuando se toma cada tema. Para dar un comentario público sobre una tema ingrese # 2 (Tecla de numero y dos) cuando se le solicite. Tenga en cuenta que la transmisión de video en vivo se retrasa unos 30 segundos con respecto a la reunión real. No hay retraso en la línea de acceso telefónico para comentarios públicos.
3506,2026-07-08,Measure R Independent Taxpayer Oversight Committee - Public Hearing,171725,,5,,,,,,,,0,0,"Los comentarios publicos en vivo se pueden dar por telefono o en persona.

La Reunion de la Junta comienza a las 1:00 PM, hora del Pacifico, el 8 de Julio de 2026. Puedes unirte a la llamada 5 minutos antes del comienso de la junta.

Marque: 888-978-8818 y ingrese el codigo
Codigo de acceso en ingles: 5647249#
Codigo de acceso en espanol: 7292892#"
3506,2026-07-08,Measure R Independent Taxpayer Oversight Committee - Public Hearing,171726,,1,,,,,,,,0,0,Live Public Comment Instructions:
3506,2026-07-08,Measure R Independent Taxpayer Oversight Committee - Public Hearing,171727,,4,,,,,,,,0,0,Instrucciones para comentarios publicos en vivo:
3506,2026-07-08,Measure R Independent Taxpayer Oversight Committee - Public Hearing,171728,,3,,,,,,,,0,0,"Public comment will be taken as the Board takes up each item. To give public comment on an item, enter #2 (pound-two) when prompted. Please note that the live video feed lags about 30 seconds behind the actual meeting. There is no lag on the public comment dial-in line."
3506,2026-07-08,Measure R Independent Taxpayer Oversight Committee - Public Hearing,171729,,2,,,,,,,,0,0,"Live public comment can be given by telephone or in-person.

The Meeting begins at 1:00 PM Pacific Time on July 8, 2026; you may join the call 5 minutes prior to the start of the meeting.

Dial-in: 888-978-8818 and enter
English Access Code: 5647249#
Spanish Access Code: 7292892#"
3513,2026-07-15,Planning and Programming Committee,172018,,1,,,,,,,,0,0,page break
3513,2026-07-15,Planning and Programming Committee,172019,,2,,,,,,,,0,0,Live Public Comment Instructions:
3513,2026-07-15,Planning and Programming Committee,172020,,3,,,,,,,,0,0,"Live public comment can be given by telephone or in-person.

The Meeting begins at 11:00 AM Pacific Time on July 15, 2026; you may join the call 5 minutes prior to the start of the meeting.

Dial-in: 888-978-8818 and enter
English Access Code: 5647249#
Spanish Access Code: 7292892#"
3513,2026-07-15,Planning and Programming Committee,172021,,4,,,,,,,,0,0,"Public comment will be taken as the Board takes up each item. To give public  comment on an item, enter #2 (pound-two) when prompted. Please note that the live  video feed lags about 30 seconds behind the actual meeting. There is no lag on the  public comment dial-in line."
3513,2026-07-15,Planning and Programming Committee,172022,,5,,,,,,,,0,0,Instrucciones para comentarios publicos en vivo:
3513,2026-07-15,Planning and Programming Committee,172023,,6,,,,,,,,0,0,"Los comentarios publicos en vivo se pueden dar por telefono o en persona.

La Reunion de la Junta comienza a las 11:00 AM, hora del Pacifico, el 15 de Julio de 2026. Puedes unirte a la llamada 5 minutos antes del comienso de la junta.

Marque: 888-978-8818 y ingrese el codigo
Codigo de acceso en ingles: 5647249#
Codigo de acceso en espanol: 7292892#"
3513,2026-07-15,Planning and Programming Committee,172024,,7,,,,,,,,0,0,Los comentarios del público se tomaran cuando se toma cada tema. Para dar un  comentario público sobre una tema ingrese # 2 (Tecla de numero y dos) cuando se le  solicite. Tenga en cuenta que la transmisión de video en vivo se retrasa unos 30  segundos con respecto a la reunión real. No hay retraso en la línea de acceso telefónico para comentarios públicos.
3513,2026-07-15,Planning and Programming Committee,172025,,8,,,,,,,,0,0,Written Public Comment Instruction:
3513,2026-07-15,Planning and Programming Committee,172026,,9,,,,,,,,0,0,"Written public comments must be received by 5PM the day before the meeting.
Please include the Item # in your comment and your position of “FOR,” “AGAINST,” ""GENERAL COMMENT,"" or ""ITEM NEEDS MORE CONSIDERATION.""
Email: BoardClerk@metro.net
Post Office Mail:
Board Administration
One Gateway Plaza
MS: 99-3-1
Los Angeles, CA 90012"
3513,2026-07-15,Planning and Programming Committee,172027,,10,,,,,,,,0,0,page break
3513,2026-07-15,Planning and Programming Committee,172028,,11,,,,,,,,0,0,CALL TO ORDER
3513,2026-07-15,Planning and Programming Committee,172029,,12,,,,,,,,1,0,ROLL CALL
3513,2026-07-15,Planning and Programming Committee,172030,,13,,,,,,,,0,0,"APPROVE Consent Calendar Items: 6 and 7.

Consent Calendar items are approved by one motion unless held by a Director for discussion and/or separate action.
"
3513,2026-07-15,Planning and Programming Committee,172031,,14,,,,,,,,0,0,CONSENT CALENDAR
3513,2026-07-15,Planning and Programming Committee,172032,,18,,,,,,,,0,0,NON-CONSENT
3513,2026-07-15,Planning and Programming Committee,172033,,30,12603,2026-0490,Informational Report,,,,,0,0,RECEIVE General Public Comment
3513,2026-07-15,Planning and Programming Committee,172034,,31,,,,,,,,0,0,"Consideration of items not on the posted agenda, including: items to be presented and (if requested) referred to staff; items to be placed on the agenda for action at a future meeting of the Committee or Board; and/or items requiring immediate action because of an emergency situation or where the need to take immediate action came to the attention of the Committee subsequent to the posting of the agenda."
3513,2026-07-15,Planning and Programming Committee,172035,,32,,,,,,,,0,0,COMMENTS FROM THE PUBLIC ON ITEMS OF PUBLIC INTEREST WITHIN COMMITTEE’S SUBJECT MATTER JURISDICTION
3513,2026-07-15,Planning and Programming Committee,172036,,33,,,,,,,,0,0,Adjournment
3513,2026-07-15,Planning and Programming Committee,172130,7,17,12558,2026-0441,Program,,,,,0,0,"CONSIDER:

A.	APPROVING:
 
1.	Programming an additional $4,917,785 within the capacity of Measure M Multi-Year Subregional Program (MSP) - Active Transportation First/Last Mile Connections Program (Expenditure Line 51) and reprogram project funds previously approved to meet the project schedule, as shown in Attachment A; 

2.	Programming an additional $3,979,932 within the capacity of Measure M MSP - Subregional Equity Program (Expenditure Line 68), as shown in Attachment B; and

B.	AUTH"
3513,2026-07-15,Planning and Programming Committee,172131,6,15,12411,2026-0294,Program,,,,,0,0,"CONSIDER:

A.	APPROVING the list of eligible SR-710 North Mobility Improvement Projects (MIP) in Attachment A;

B.	AUTHORIZING the Chief Executive Officer or their designee to: 
1.	ALLOCATE and program funds to three new MIPs in the City of Monterey Park as recommended in Attachment A;
2.	REALLOCATE funds from one existing MIP to another existing MIP in the City of Los Angeles and from one existing MIP to one new MIP and one existing MIP in the City of South Pasadena as recommended in Attachment"
3513,2026-07-15,Planning and Programming Committee,172132,,29,,,,,,,,0,0,
3513,2026-07-15,Planning and Programming Committee,172133,,28,,,,,,,,0,0,
3513,2026-07-15,Planning and Programming Committee,172134,15,27,12145,2026-0029,Informational Report,RECEIVED,Pass,,,0,0,RECEIVE AND FILE status report on Countywide Planning Major Project Status Report.
3513,2026-07-15,Planning and Programming Committee,172135,14,26,12525,2026-0408,Informational Report,RECEIVED,Pass,,,0,0,RECEIVE AND FILE report on implementation of the Metro Transportation Demand Management (TDM) Master Plan and Policies (Master Plan).
3513,2026-07-15,Planning and Programming Committee,172137,12,24,12502,2026-0385,Project,,,,,0,0,"CONSIDER: 
 
A.	RECEIVING AND FILING the Environmental Assessment (EA), in accordance with the National Environmental Policy Act (NEPA), including the NEPA project mitigation measures for the Locally Preferred Alternative (LPA), a 4.7-mile Initial Operating Segment to the City of Montebello;

B.	APPROVING the EA’s 9-acre Maintenance and Storage Facility (MSF) Site 3 in the City of Commerce for the Board-selected Locally Preferred Alternative (LPA), a 4.7-mile Initial Operating Segment extension "
3513,2026-07-15,Planning and Programming Committee,172138,11,23,12523,2026-0406,Plan,,,,,0,0,APPROVE objectives and criteria for the Measure M 10-Year Comprehensive Assessment (Attachment A).
3513,2026-07-15,Planning and Programming Committee,172139,10,21,12430,2026-0313,Program,,,,,0,0,"CONSIDER:  

A1.	APPROVING $125,403,758 $104,403,758 in additional programming within the capacity of Measure R Multimodal Highway Subregional Programs, along with funding changes via the updated project list shown in Attachment A, excluding the WB SR-91 Alondra Blvd to Shoemaker Ave Project;

A2. APPROVING $21,000,000 in additional programming within the capacity of Measure R Multimodal Highway Subregional Programs for the WB SR-91 Alondra Blvd to Shoemaker Ave Project, as shown in Attachment A"
3513,2026-07-15,Planning and Programming Committee,172140,9,20,12219,2026-0103,Project,,,,,0,0,"PROGRAM $6,900,000 for conceptual planning, environmental clearance, preliminary engineering, and community outreach for the San Fernando Valley (SFV)/Pacoima Metrolink Station and Mobility Hub."
3513,2026-07-15,Planning and Programming Committee,172213,13,25,12549,2026-0432,Motion / Motion Response,,,,,0,0,"APPROVE the staff recommendation to provide assistance to local jurisdictions to use Local Return and TDA Article 3 as the only available funding for Open and Slow Street events occurring between September 2026 and March 2028. 

HORVATH AMENDMENT AS AMENDED BY BASS: 
A.	Come back in September with identification of eligible funding for an additional $1M of Metro-controlled funding for the Open Streets program without delay.

B.	Refer the mission statement to the Planning and Programming Committe"
3513,2026-07-15,Planning and Programming Committee,172226,8,19,12571,2026-0454,Budget,,,,,0,0,"CONSIDER:

A.	PROGRAMMING $89,466,188 in Consolidated Appropriations Act of 2026 award funding in support of Planning, Design, and Operations for the 2028 Games; 

B.	AMENDING the FY27 Budget by $89,466,188; and

C.	AUTHORIZING the CEO or their designee to negotiate and execute all necessary agreements, including pass-through agreements and/or amendments with the agencies for projects contained in the GME FY26 Federal Funding Allocation (Attachment A)."
3513,2026-07-15,Planning and Programming Committee,172228,,16,,,,,,,,0,0,page break
3513,2026-07-15,Planning and Programming Committee,172236,,22,,,,,,,,0,0,page break
3514,2026-07-15,Construction Committee,172037,,1,,,,,,,,0,0,page break
3514,2026-07-15,Construction Committee,172038,,2,,,,,,,,0,0,Live Public Comment Instructions:
3514,2026-07-15,Construction Committee,172039,,3,,,,,,,,0,0,"Live public comment can be given by telephone or in-person.

The Meeting begins at 1:00 PM Pacific Time on July 15, 2026; you may join the call 5 minutes prior to the start of the meeting.

Dial-in: 888-978-8818 and enter
English Access Code: 5647249#
Spanish Access Code: 7292892#"
3514,2026-07-15,Construction Committee,172040,,4,,,,,,,,0,0,"Public comment will be taken as the Board takes up each item. To give public  comment on an item, enter #2 (pound-two) when prompted. Please note that the live  video feed lags about 30 seconds behind the actual meeting. There is no lag on the  public comment dial-in line."
3514,2026-07-15,Construction Committee,172041,,5,,,,,,,,0,0,Instrucciones para comentarios publicos en vivo:
3514,2026-07-15,Construction Committee,172042,,6,,,,,,,,0,0,"Los comentarios publicos en vivo se pueden dar por telefono o en persona.

La Reunion de la Junta comienza a las 1:00 PM, hora del Pacifico, el 15 de Julio de 2026. Puedes unirte a la llamada 5 minutos antes del comienso de la junta.

Marque: 888-978-8818 y ingrese el codigo
Codigo de acceso en ingles: 5647249#
Codigo de acceso en espanol: 7292892#"
3514,2026-07-15,Construction Committee,172043,,7,,,,,,,,0,0,Los comentarios del público se tomaran cuando se toma cada tema. Para dar un  comentario público sobre una tema ingrese # 2 (Tecla de numero y dos) cuando se le  solicite. Tenga en cuenta que la transmisión de video en vivo se retrasa unos 30  segundos con respecto a la reunión real. No hay retraso en la línea de acceso telefónico para comentarios públicos.
3514,2026-07-15,Construction Committee,172044,,8,,,,,,,,0,0,Written Public Comment Instruction:
3514,2026-07-15,Construction Committee,172045,,9,,,,,,,,0,0,"Written public comments must be received by 5PM the day before the meeting.
Please include the Item # in your comment and your position of “FOR,” “AGAINST,” ""GENERAL COMMENT,"" or ""ITEM NEEDS MORE CONSIDERATION.""
Email: BoardClerk@metro.net
Post Office Mail:
Board Administration
One Gateway Plaza
MS: 99-3-1
Los Angeles, CA 90012"
3514,2026-07-15,Construction Committee,172046,,10,,,,,,,,0,0,page break
3514,2026-07-15,Construction Committee,172047,,11,,,,,,,,0,0,CALL TO ORDER
3514,2026-07-15,Construction Committee,172048,,12,,,,,,,,1,0,ROLL CALL
3514,2026-07-15,Construction Committee,172049,,13,,,,,,,,0,0,"APPROVE Consent Calendar Items: 16, 17, 18, 19, and 20.

Consent Calendar items are approved by one motion unless held by a Director for discussion and/or separate action.
"
3514,2026-07-15,Construction Committee,172050,,14,,,,,,,,0,0,CONSENT CALENDAR
3514,2026-07-15,Construction Committee,172051,,20,,,,,,,,0,0,NON-CONSENT
3514,2026-07-15,Construction Committee,172052,,25,12604,2026-0491,Informational Report,,,,,0,0,RECEIVE General Public Comment
3514,2026-07-15,Construction Committee,172053,,26,,,,,,,,0,0,"Consideration of items not on the posted agenda, including: items to be presented and (if requested) referred to staff; items to be placed on the agenda for action at a future meeting of the Committee or Board; and/or items requiring immediate action because of an emergency situation or where the need to take immediate action came to the attention of the Committee subsequent to the posting of the agenda."
3514,2026-07-15,Construction Committee,172054,,27,,,,,,,,0,0,COMMENTS FROM THE PUBLIC ON ITEMS OF PUBLIC INTEREST WITHIN COMMITTEE’S SUBJECT MATTER JURISDICTION
3514,2026-07-15,Construction Committee,172055,,28,,,,,,,,0,0,Adjournment
3514,2026-07-15,Construction Committee,172145,17,16,12417,2026-0300,Project,,,,,0,0,"AUTHORIZE the Chief Executive Officer to award a cost-plus fixed fee Contract No. AE137794MC086 for Construction Management Support Services (CMSS) to Zephyr UAS, Inc., dba Zephyr Rail, for a base term of four years in an amount Not-To-Exceed (NTE) $5,994,149, plus a one-year option in an amount NTE $280,178, for a total of $6,274,327; subject to the resolution of any properly submitted protest(s)."
3514,2026-07-15,Construction Committee,172146,16,15,12577,2026-0460,Informational Report,,,,,0,0,AUTHORIZE the Chief Executive Officer to execute the FY27 Annual Work Plan Budget for the City of Los Angeles (Attachment A).
3514,2026-07-15,Construction Committee,172147,22,22,12458,2026-0341,Informational Report,RECEIVED AND FILED,Pass,,,0,0,"RECEIVE AND FILE the status update on the Project Labor Agreement and Construction Careers Policy (PLA/CCP) programs through the quarter ending March 2026, including updates on tasks related to Motion 13.1 and PLA/CCP outreach activities through May 2026."
3514,2026-07-15,Construction Committee,172148,21,21,12534,2026-0417,Informational Report,RECEIVED AND FILED,Pass,,,0,0,"RECEIVE AND FILE Office of the Inspector General Construction Change Order Spot Check Report for the period March 1, 2026, to May 31, 2026."
3514,2026-07-15,Construction Committee,172149,23,23,12501,2026-0384,Oral Report / Presentation,RECEIVED,Pass,,,0,0,RECEIVE the quarterly oral report on the status of the Caltrans construction projects.
3514,2026-07-15,Construction Committee,172152,20,19,12551,2026-0434,Informational Report,RECEIVED AND FILED,Pass,,,0,0,RECEIVE AND FILE Status Report on Program Management Quarterly Changes.
3514,2026-07-15,Construction Committee,172197,,24,,,,,,,,0,0,
3514,2026-07-15,Construction Committee,172214,19,18,12505,2026-0388,Contract,,,,,0,0,"AUTHORIZE the Chief Executive Officer to: 

A.	AWARD a firm fixed price Contract No. PS140991000 to Atkinson/Clark, a Joint Venture (ACJV), for Phase 1 Preconstruction Services of the Construction Manager/General Contractor contract for the Games Multimodal Infrastructure Projects (Project) in the amount of $1,045,165.00, subject to the resolution of any properly submitted protest(s);

B.	NEGOTIATE and EXECUTE all project related agreements and contract modifications utilizing Reconnecting Commu"
3514,2026-07-15,Construction Committee,172227,18,17,12504,2026-0387,Contract,,,,,0,0,"AUTHORIZE the Chief Executive Officer to execute a contract modification to Contract No. AE76301MC081000 with Zephyr Rail to increase the total authorized contract funding by $328,417, increasing the total Not-To-Exceed (NTE) amount from $9,269,211.94 to $9,597,628.94, for final contract closeout."
3515,2026-07-16,"Finance, Budget and Audit Committee",172056,,1,,,,,,,,0,0,page break
3515,2026-07-16,"Finance, Budget and Audit Committee",172057,,2,,,,,,,,0,0,Live Public Comment Instructions:
3515,2026-07-16,"Finance, Budget and Audit Committee",172058,,3,,,,,,,,0,0,"Live public comment can be given by telephone or in-person.

The Meeting begins at 10:00 AM Pacific Time on July 16, 2026; you may join the call 5 minutes prior to the start of the meeting.

Dial-in: 888-978-8818 and enter
English Access Code: 5647249#
Spanish Access Code: 7292892#"
3515,2026-07-16,"Finance, Budget and Audit Committee",172059,,4,,,,,,,,0,0,"Public comment will be taken as the Board takes up each item. To give public  comment on an item, enter #2 (pound-two) when prompted. Please note that the live  video feed lags about 30 seconds behind the actual meeting. There is no lag on the  public comment dial-in line."
3515,2026-07-16,"Finance, Budget and Audit Committee",172060,,5,,,,,,,,0,0,Instrucciones para comentarios publicos en vivo:
3515,2026-07-16,"Finance, Budget and Audit Committee",172061,,6,,,,,,,,0,0,"Los comentarios publicos en vivo se pueden dar por telefono o en persona.

La Reunion de la Junta comienza a las 10:00 AM, hora del Pacifico, el 16 de Julio de 2026.
Puedes unirte a la llamada 5 minutos antes del comienso de la junta.

Marque: 888-978-8818 y ingrese el codigo
Codigo de acceso en ingles: 5647249#
Codigo de acceso en espanol: 7292892#"
3515,2026-07-16,"Finance, Budget and Audit Committee",172062,,7,,,,,,,,0,0,Los comentarios del público se tomaran cuando se toma cada tema. Para dar un  comentario público sobre una tema ingrese # 2 (Tecla de numero y dos) cuando se le  solicite. Tenga en cuenta que la transmisión de video en vivo se retrasa unos 30  segundos con respecto a la reunión real. No hay retraso en la línea de acceso telefónico para comentarios públicos.
3515,2026-07-16,"Finance, Budget and Audit Committee",172063,,8,,,,,,,,0,0,Written Public Comment Instruction:
3515,2026-07-16,"Finance, Budget and Audit Committee",172064,,9,,,,,,,,0,0,"Written public comments must be received by 5PM the day before the meeting.
Please include the Item # in your comment and your position of “FOR,” “AGAINST,” ""GENERAL COMMENT,"" or ""ITEM NEEDS MORE CONSIDERATION.""
Email: BoardClerk@metro.net
Post Office Mail:
Board Administration
One Gateway Plaza
MS: 99-3-1
Los Angeles, CA 90012"
3515,2026-07-16,"Finance, Budget and Audit Committee",172065,,10,,,,,,,,0,0,page break
3515,2026-07-16,"Finance, Budget and Audit Committee",172066,,11,,,,,,,,0,0,CALL TO ORDER
3515,2026-07-16,"Finance, Budget and Audit Committee",172067,,12,,,,,,,,1,0,ROLL CALL
3515,2026-07-16,"Finance, Budget and Audit Committee",172068,,13,,,,,,,,0,0,"APPROVE Consent Calendar Items: 24, 25, 26, 27, and 28.

Consent Calendar items are approved by one motion unless held by a Director for discussion and/or separate action.
"
3515,2026-07-16,"Finance, Budget and Audit Committee",172069,,14,,,,,,,,0,0,CONSENT CALENDAR
3515,2026-07-16,"Finance, Budget and Audit Committee",172070,,21,,,,,,,,0,0,NON-CONSENT
3515,2026-07-16,"Finance, Budget and Audit Committee",172071,,25,12607,2026-0494,Informational Report,,,,,0,0,RECEIVE General Public Comment
3515,2026-07-16,"Finance, Budget and Audit Committee",172072,,26,,,,,,,,0,0,"Consideration of items not on the posted agenda, including: items to be presented and (if requested) referred to staff; items to be placed on the agenda for action at a future meeting of the Committee or Board; and/or items requiring immediate action because of an emergency situation or where the need to take immediate action came to the attention of the Committee subsequent to the posting of the agenda."
3515,2026-07-16,"Finance, Budget and Audit Committee",172073,,27,,,,,,,,0,0,COMMENTS FROM THE PUBLIC ON ITEMS OF PUBLIC INTEREST WITHIN COMMITTEE’S SUBJECT MATTER JURISDICTION
3515,2026-07-16,"Finance, Budget and Audit Committee",172074,,28,,,,,,,,0,0,Adjournment
3515,2026-07-16,"Finance, Budget and Audit Committee",172155,27,18,12522,2026-0405,Resolution,,,,,0,0,"ADOPT:

A.	FINDINGS and RECOMMENDATIONS (Attachment A) for allocating Fiscal Year 2027 (FY27) Transportation Development Act (TDA) Article 8 funds (Attachment B) estimated at $35,546,436 as follows:

1.	In the City of Avalon, there are no unmet transit needs that are reasonable to meet. Therefore, TDA Article 8 funds in the amount of $167,800 may be used for street and road projects or transit projects;

2.	In the Cities of Lancaster and Palmdale, there are no unmet transit needs that are "
3515,2026-07-16,"Finance, Budget and Audit Committee",172158,,24,,,,,,,,0,0,
3515,2026-07-16,"Finance, Budget and Audit Committee",172161,30,23,12362,2026-0245,Budget,,,,,0,0,"CONSIDER:

A.	APPROVING local funding request for Access Services (Access) in an amount not to exceed $240,986,909 for FY27. This amount includes:

1.	Local funds for operating and capital expenses in the amount of $238,218,046
2.	Local funds paid directly to Metrolink for its participation in Access’ Free Fare Program in the amount of $2,768,863

B.	AMENDING the FY27 Budget by $27,150,139 to fully fund Recommendation A; and

C.	AUTHORIZING the Chief Executive Officer (CEO) to negotiate"
3515,2026-07-16,"Finance, Budget and Audit Committee",172162,25,16,12559,2026-0442,Program,,,,,0,0,"AUTHORIZE the Chief Executive Officer to negotiate and purchase a cybersecurity liability insurance policy with up to $50 million in limits at a cost not-to-exceed $2.7 million for the 12-month period effective September 1, 2026, to September 1, 2027."
3515,2026-07-16,"Finance, Budget and Audit Committee",172163,24,15,12107,2025-1089,Program,,,,,0,0,"AUTHORIZE the Chief Executive Officer to negotiate and purchase Public Entity excess liability policies with up to $300 million in limits at a not-to-exceed premium of $31 million for the 12-month period effective August 1, 2026, to August 1, 2027."
3515,2026-07-16,"Finance, Budget and Audit Committee",172164,29,22,12580,2026-0463,Informational Report,RECEIVED AND FILED,Pass,,,0,0,"RECEIVE AND FILE the Consolidated Audit Financial and Compliance Reports completed by Vasquez and Company (Vasquez) and Simpson and Simpson (Simpson), certified public accountants, for the fiscal year ended June 30, 2025 (FY25)."
3515,2026-07-16,"Finance, Budget and Audit Committee",172224,26,17,12510,2026-0393,Formula Allocation / Local Return,,,,,0,0,"CONSIDER:

A.	ESTABLISHING new Local Return funded Capital Reserve Accounts for the Cities of Bell (Measure M), Beverly Hills (Measure M), Compton (Proposition C), Lawndale (Proposition C and Measure M), Lynwood (Proposition C), Palmdale (Proposition C, Measure R, Measure M), Palos Verdes Estates (Proposition C), Rolling Hills Estates (Proposition C, Measure R, Measure M), Rosemead (Proposition C), San Dimas (Proposition C, Measure M), Santa Monica (Proposition C, Measure M), Sierra Madre (Pro"
3515,2026-07-16,"Finance, Budget and Audit Committee",172234,28,19,12287,2026-0170,Contract,,,,,0,0,"AUTHORIZE the Chief Executive Officer (CEO) to:

A.	AWARD a five-year on-call firm fixed unit rate Contract No. PS132584000 to KPMG LLP to provide custom application development and maintenance in Oracle, Salesforce, and Microsoft SharePoint in the Not to Exceed (NTE) amount of $12,198,522, subject to the resolution of any properly submitted protest(s), if any;

B.	AWARD a five-year on-call firm fixed unit rate Contract No. PS132584001 to Crowe LLP to provide business improvement process studies"
3515,2026-07-16,"Finance, Budget and Audit Committee",172240,,20,,,,,,,,0,0,page break
3516,2026-07-16,Executive Management Committee,172075,,1,,,,,,,,0,0,page break
3516,2026-07-16,Executive Management Committee,172076,,2,,,,,,,,0,0,Live Public Comment Instructions:
3516,2026-07-16,Executive Management Committee,172077,,3,,,,,,,,0,0,"Live public comment can be given by telephone or in-person.

The Meeting begins at 11:00 AM Pacific Time on July 16, 2026; you may join the call 5 minutes prior to the start of the meeting.

Dial-in: 888-978-8818 and enter
English Access Code: 5647249#
Spanish Access Code: 7292892#"
3516,2026-07-16,Executive Management Committee,172078,,4,,,,,,,,0,0,"Public comment will be taken as the Board takes up each item. To give public  comment on an item, enter #2 (pound-two) when prompted. Please note that the live  video feed lags about 30 seconds behind the actual meeting. There is no lag on the  public comment dial-in line."
3516,2026-07-16,Executive Management Committee,172079,,5,,,,,,,,0,0,Instrucciones para comentarios publicos en vivo:
3516,2026-07-16,Executive Management Committee,172080,,6,,,,,,,,0,0,"Los comentarios publicos en vivo se pueden dar por telefono o en persona.

La Reunion de la Junta comienza a las 11:00 AM, hora del Pacifico, el 16 de Julio de 2026.
Puedes unirte a la llamada 5 minutos antes del comienso de la junta.

Marque: 888-978-8818 y ingrese el codigo
Codigo de acceso en ingles: 5647249#
Codigo de acceso en espanol: 7292892#"
3516,2026-07-16,Executive Management Committee,172081,,7,,,,,,,,0,0,Los comentarios del público se tomaran cuando se toma cada tema. Para dar un  comentario público sobre una tema ingrese # 2 (Tecla de numero y dos) cuando se le  solicite. Tenga en cuenta que la transmisión de video en vivo se retrasa unos 30  segundos con respecto a la reunión real. No hay retraso en la línea de acceso telefónico para comentarios públicos.
3516,2026-07-16,Executive Management Committee,172082,,8,,,,,,,,0,0,Written Public Comment Instruction:
3516,2026-07-16,Executive Management Committee,172083,,9,,,,,,,,0,0,"Written public comments must be received by 5PM the day before the meeting.
Please include the Item # in your comment and your position of “FOR,” “AGAINST,” ""GENERAL COMMENT,"" or ""ITEM NEEDS MORE CONSIDERATION.""
Email: BoardClerk@metro.net
Post Office Mail:
Board Administration
One Gateway Plaza
MS: 99-3-1
Los Angeles, CA 90012"
3516,2026-07-16,Executive Management Committee,172084,,10,,,,,,,,0,0,page break
3516,2026-07-16,Executive Management Committee,172085,,11,,,,,,,,0,0,CALL TO ORDER
3516,2026-07-16,Executive Management Committee,172086,,12,,,,,,,,1,0,ROLL CALL
3516,2026-07-16,Executive Management Committee,172087,,13,,,,,,,,0,0,"APPROVE Consent Calendar Items: 31, 32, and 33.

Consent Calendar items are approved by one motion unless held by a Director for discussion and/or separate action.
"
3516,2026-07-16,Executive Management Committee,172088,,14,,,,,,,,0,0,CONSENT CALENDAR
3516,2026-07-16,Executive Management Committee,172089,,18,,,,,,,,0,0,NON-CONSENT
3516,2026-07-16,Executive Management Committee,172090,,23,12607,2026-0494,Informational Report,,,,,0,0,RECEIVE General Public Comment
3516,2026-07-16,Executive Management Committee,172091,,24,,,,,,,,0,0,"Consideration of items not on the posted agenda, including: items to be presented and (if requested) referred to staff; items to be placed on the agenda for action at a future meeting of the Committee or Board; and/or items requiring immediate action because of an emergency situation or where the need to take immediate action came to the attention of the Committee subsequent to the posting of the agenda."
3516,2026-07-16,Executive Management Committee,172092,,25,,,,,,,,0,0,COMMENTS FROM THE PUBLIC ON ITEMS OF PUBLIC INTEREST WITHIN COMMITTEE’S SUBJECT MATTER JURISDICTION
3516,2026-07-16,Executive Management Committee,172093,,26,,,,,,,,0,0,Adjournment
3516,2026-07-16,Executive Management Committee,172166,33,17,12574,2026-0457,Resolution,,,,,0,0,"CONSIDER:

A.	ADOPTING, pursuant to Senate Bill 707 (SB 707), the following findings on behalf of eligible subsidiary bodies as defined by SB 707:

(i)	The Board of Directors has considered the circumstances of the eligible subsidiary body.
(ii)	Teleconference meetings of the eligible subsidiary body would enhance public access to meetings of the eligible subsidiary body, and the public has been made aware of the type of remote participation, including audio-visual or telephonic, that will "
3516,2026-07-16,Executive Management Committee,172167,32,16,12599,2026-0482,Contract,,,,,0,0,"AUTHORIZE the Chief Executive Officer (CEO) to:

A.	AWARD seven task order based bench Contracts, Nos. PS133086000 through PS133086006 for talent development services for the agency’s workforce for a total Not-To-Exceed (NTE) amount of $3,626,800 for the initial two-year base term, plus $1,902,320 for the first, one-year option, and $1,995,686 for the second, one-year option, for a total NTE cumulative amount of $7,524,806, effective August 10, 2026, subject to the resolution of any properly sub"
3516,2026-07-16,Executive Management Committee,172168,31,15,12579,2026-0462,Appointment,,,,,0,0,APPROVE the new appointment of the Latin Business Association (LBA) to the Transportation Business Advisory Council (TBAC) membership.
3516,2026-07-16,Executive Management Committee,172169,35,20,12526,2026-0409,Informational Report,RECEIVED AND FILED,Pass,,,0,0,RECEIVE AND FILE the HOME Quarterly Report.
3516,2026-07-16,Executive Management Committee,172171,34,19,12590,2026-0473,Informational Report,RECEIVED AND FILED,Pass,,,0,0,RECEIVE AND FILE July 2026 Federal and State Legislative Report.
3516,2026-07-16,Executive Management Committee,172229,36,21,12587,2026-0470,Agreement,,,,,0,0,"CONSIDER:

A.	AUTHORIZING the Chief Executive Officer (CEO), or designee, to negotiate and enter into a loan agreement and other related documents (“Loan Documents”) with Treehouse Leimert or affiliated entity, a joint venture between Leimert PropCo LLC (Treehouse) and The Apex Collaborative LLC (collectively, “Developer”), to provide up to $25,000,000 in development financing in support of the construction of The Nathaniel, a 97-unit workforce housing development located at 4421-4437 Crenshaw B"
3516,2026-07-16,Executive Management Committee,172232,,22,,,,,,,,0,0,
3517,2026-07-16,"Operations, Safety, and Customer Experience Committee",172094,,1,,,,,,,,0,0,page break
3517,2026-07-16,"Operations, Safety, and Customer Experience Committee",172095,,2,,,,,,,,0,0,Live Public Comment Instructions:
3517,2026-07-16,"Operations, Safety, and Customer Experience Committee",172096,,3,,,,,,,,0,0,"Live public comment can be given by telephone or in-person.

The Meeting begins at 1:00 PM Pacific Time on July 16, 2026; you may join the call 5 minutes prior to the start of the meeting.

Dial-in: 888-978-8818 and enter
English Access Code: 5647249#
Spanish Access Code: 7292892#"
3517,2026-07-16,"Operations, Safety, and Customer Experience Committee",172097,,4,,,,,,,,0,0,"Public comment will be taken as the Board takes up each item. To give public  comment on an item, enter #2 (pound-two) when prompted. Please note that the live  video feed lags about 30 seconds behind the actual meeting. There is no lag on the  public comment dial-in line."
3517,2026-07-16,"Operations, Safety, and Customer Experience Committee",172098,,5,,,,,,,,0,0,Instrucciones para comentarios publicos en vivo:
3517,2026-07-16,"Operations, Safety, and Customer Experience Committee",172099,,6,,,,,,,,0,0,"Los comentarios publicos en vivo se pueden dar por telefono o en persona.

La Reunion de la Junta comienza a las 1:00 PM, hora del Pacifico, el 16 de Julio de 2026.
Puedes unirte a la llamada 5 minutos antes del comienso de la junta.

Marque: 888-978-8818 y ingrese el codigo
Codigo de acceso en ingles: 5647249#
Codigo de acceso en espanol: 7292892#"
3517,2026-07-16,"Operations, Safety, and Customer Experience Committee",172100,,7,,,,,,,,0,0,Los comentarios del público se tomaran cuando se toma cada tema. Para dar un  comentario público sobre una tema ingrese # 2 (Tecla de numero y dos) cuando se le  solicite. Tenga en cuenta que la transmisión de video en vivo se retrasa unos 30  segundos con respecto a la reunión real. No hay retraso en la línea de acceso telefónico para comentarios públicos.
3517,2026-07-16,"Operations, Safety, and Customer Experience Committee",172101,,8,,,,,,,,0,0,Written Public Comment Instruction:
3517,2026-07-16,"Operations, Safety, and Customer Experience Committee",172102,,9,,,,,,,,0,0,"Written public comments must be received by 5PM the day before the meeting.
Please include the Item # in your comment and your position of “FOR,” “AGAINST,” ""GENERAL COMMENT,"" or ""ITEM NEEDS MORE CONSIDERATION.""
Email: BoardClerk@metro.net
Post Office Mail:
Board Administration
One Gateway Plaza
MS: 99-3-1
Los Angeles, CA 90012"
3517,2026-07-16,"Operations, Safety, and Customer Experience Committee",172103,,10,,,,,,,,0,0,page break
3517,2026-07-16,"Operations, Safety, and Customer Experience Committee",172104,,11,,,,,,,,0,0,CALL TO ORDER
3517,2026-07-16,"Operations, Safety, and Customer Experience Committee",172105,,12,,,,,,,,1,0,ROLL CALL
3517,2026-07-16,"Operations, Safety, and Customer Experience Committee",172106,,13,,,,,,,,0,0,"APPROVE Consent Calendar Items: 37, 38, 39, 40, 41, 42, and 43.

Consent Calendar items are approved by one motion unless held by a Director for discussion and/or separate action.
"
3517,2026-07-16,"Operations, Safety, and Customer Experience Committee",172107,,14,,,,,,,,0,0,CONSENT CALENDAR
3517,2026-07-16,"Operations, Safety, and Customer Experience Committee",172108,,23,,,,,,,,0,0,NON-CONSENT
3517,2026-07-16,"Operations, Safety, and Customer Experience Committee",172109,,38,12608,2026-0495,Informational Report,,,,,0,0,RECEIVE General Public Comment
3517,2026-07-16,"Operations, Safety, and Customer Experience Committee",172110,,39,,,,,,,,0,0,"Consideration of items not on the posted agenda, including: items to be presented and (if requested) referred to staff; items to be placed on the agenda for action at a future meeting of the Committee or Board; and/or items requiring immediate action because of an emergency situation or where the need to take immediate action came to the attention of the Committee subsequent to the posting of the agenda."
3517,2026-07-16,"Operations, Safety, and Customer Experience Committee",172111,,40,,,,,,,,0,0,COMMENTS FROM THE PUBLIC ON ITEMS OF PUBLIC INTEREST WITHIN COMMITTEE’S SUBJECT MATTER JURISDICTION
3517,2026-07-16,"Operations, Safety, and Customer Experience Committee",172112,,41,,,,,,,,0,0,Adjournment
3517,2026-07-16,"Operations, Safety, and Customer Experience Committee",172177,43,22,12572,2026-0455,Contract,,,,,0,0,"AUTHORIZE the Chief Executive Officer to execute Modification No. 2 to Contract No. PS123964000 with GP Generate, LLC to continue to provide advertising and communications services in the amount of $2,871,750, increasing the contract value from $1,579,463 to $4,451,213."
3517,2026-07-16,"Operations, Safety, and Customer Experience Committee",172178,42,21,12478,2026-0361,Rule / By-law,,,,,0,0,ADOPT the revised Service Council Bylaws.
3517,2026-07-16,"Operations, Safety, and Customer Experience Committee",172179,41,19,12441,2026-0324,Appointment,,,,,0,0,APPROVE nominee for membership on Metro’s San Gabriel Valley Service Council (Attachment A).
3517,2026-07-16,"Operations, Safety, and Customer Experience Committee",172180,40,18,12233,2026-0117,Contract,,,,,0,0,"CONSIDER:

A.	AUTHORIZE the Chief Executive Officer to award a four-year cost-plus fixed fee Contract No. PS140440000, to WSP USA Inc. for as-needed professional consultant support services for zero-emission bus engineering and acquisition, program management, and technical support services, in the total Not-To-Exceed (NTE) amount of $15,520,898.51, subject to the resolution of any properly submitted protest(s), if any;

B.	APPROVE Contract Modification Authority specific to Contract No. PS14044"
3517,2026-07-16,"Operations, Safety, and Customer Experience Committee",172181,39,17,12508,2026-0391,Contract,,,,,0,0,"AUTHORIZE the Chief Executive Officer to AWARD a 12-month firm-fixed price contract, Contract No. OP140266000, to Siemens Mobility, Inc., for the purchase of gate mechanism assemblies and accessories, for the replacement of the A Line at-grade crossing gate mechanisms in the Not-To-Exceed (NTE) amount of $3,195,702.00, inclusive of sales tax, and subject to the resolution of any properly submitted protest(s)."
3517,2026-07-16,"Operations, Safety, and Customer Experience Committee",172182,38,16,12512,2026-0395,Contract,,,,,0,0,"AUTHORIZE the Chief Executive Officer (CEO) to execute a five (5) year agreement for FY26, FY27, FY28, FY29 & FY30 with the California Highway Patrol (CHP) to provide services in support of the Metro Freeway Service Patrol (FSP) program for an amount not to exceed $4,215,590.00."
3517,2026-07-16,"Operations, Safety, and Customer Experience Committee",172184,53,35,12528,2026-0411,Informational Report,RECEIVED AND FILED,Pass,,,0,0,RECEIVE AND FILE the quarterly update on the Department of Public Safety (DPS) Implementation Plan.
3517,2026-07-16,"Operations, Safety, and Customer Experience Committee",172186,51,33,11455,2025-0436,Informational Report,RECEIVED AND FILED,Pass,,,0,0,RECEIVE AND FILE status update on the ZEB Program.
3517,2026-07-16,"Operations, Safety, and Customer Experience Committee",172188,52,34,12479,2026-0362,Informational Report,RECEIVED AND FILED,Pass,,,0,0,RECEIVE AND FILE status update on NextGen Bus Ridership.
3517,2026-07-16,"Operations, Safety, and Customer Experience Committee",172189,45,25,12515,2026-0398,Oral Report / Presentation,RECEIVED,Pass,,,0,0,RECEIVE oral report on Metro Operations.
3517,2026-07-16,"Operations, Safety, and Customer Experience Committee",172190,44,24,12514,2026-0397,Oral Report / Presentation,RECEIVED,Pass,,,0,0,RECOGNIZE Operations Employees of the Month.
3517,2026-07-16,"Operations, Safety, and Customer Experience Committee",172192,47,27,12058,2025-1040,Contract,FORWARDED WITHOUT RECOMMENDATION,Pass,,,0,0,"WITHDRAWN:

AUTHORIZE the Chief Executive Officer to:

A.	AWARD Contract No. OP118576(2)000 with El Dorado National (California), Inc. (ENC), for the manufacturing and delivery of a base order of 220 Battery Electric Buses (BEBs) in the amount of $337,698,727.58 for the base contract, including taxes and delivery; exclusive of any contract option buses, subject to the resolution of any properly submitted protest(s), if any;

B.	INCREASE the Life-Of-Project (LOP) for Capital Project 201078 "
3517,2026-07-16,"Operations, Safety, and Customer Experience Committee",172194,37,15,12004,2025-0986,Contract,,,,,0,0,"AUTHORIZE the Chief Executive Officer to award a firm fixed price Contract No. AE138681000 to Atlas Technical Consultants, Inc. for the inspection of Metro structures and facilities in the amount of $13,293,420 for the four-year base term, $6,549,640 for the first two-year option, and $7,120,053 for the second two-year option, for a total amount of $26,963,113, effective August 5, 2026, subject to the resolution of any properly submitted protest(s)."
3517,2026-07-16,"Operations, Safety, and Customer Experience Committee",172195,54,36,12537,2026-0420,Informational Report,RECEIVED AND FILED,Pass,,,0,0,RECEIVE AND FILE the Public Safety Report.
3517,2026-07-16,"Operations, Safety, and Customer Experience Committee",172196,,37,,,,,,,,0,0,
3517,2026-07-16,"Operations, Safety, and Customer Experience Committee",172206,49,29,12573,2026-0456,Informational Report,RECEIVED AND FILED,Pass,,,0,0,RECEIVE AND FILE an update on the feasibility of water taxi service between San Pedro and Long Beach.
3517,2026-07-16,"Operations, Safety, and Customer Experience Committee",172215,46,26,12554,2026-0437,Contract,,,,,0,0,"AUTHORIZE the Chief Executive Officer to:

A.	EXECUTE Modification No. 9 to Contract No. OP73960000 with Clean Energy Renewable Fuels, LLC to extend the contract performance end date by eleven months from July 31, 2026, to June 30, 2027; 

B.	EXECUTE Modification No. 9 to Contract No. OP59812000A with Clean Energy Renewable Fuels to extend the contract performance end date by eleven months from July 31, 2026, to June 30, 2027; 

C.	EXECUTE Modification No. 6 to Contract No. OP59812000B with Shel"
3517,2026-07-16,"Operations, Safety, and Customer Experience Committee",172223,48,28,12614,2026-0501,Contract,,,,,0,0,"AUTHORIZE the Chief Executive Officer (CEO) to:

A.	EXECUTE Modification No. 24 to Contract No. PS272680011357 with Bicycle Transit Systems, Inc. (BTS) to exercise up to six, one-month options, each separately as needed from December 1, 2026 to May 31, 2027, to continue Metro Bike Share (MBS) program services in the Not-To-Exceed (NTE) amount of $6,505,955, increasing the total contract value from $137,661,378 to $144,167,333; and

B.	EXECUTE individual contract modifications for Contract No"
3517,2026-07-16,"Operations, Safety, and Customer Experience Committee",172237,50,31,12634,2026-0521,Motion / Motion Response,,,,,0,0,"APPROVE Motion by Hahn, Bass, and Richardson that the Board direct the Chief Executive Officer to convene regional partners, including Metro, the County of Los Angeles, the City of Los Angeles, the City of Long Beach to:

A.	Determine each agency’s willingness to participate in funding the implementation and operation of the San Pedro-Long Beach water taxi service;

B.	Develop a proposed cost-sharing framework among Metro and participating regional partners to provide the funding certainty neces"
3517,2026-07-16,"Operations, Safety, and Customer Experience Committee",172238,,20,,,,,,,,0,0,page break
3517,2026-07-16,"Operations, Safety, and Customer Experience Committee",172239,,32,,,,,,,,0,0,page break
3517,2026-07-16,"Operations, Safety, and Customer Experience Committee",172242,,30,,,,,,,,0,0,page break
3518,2026-07-23,Board of Directors - Regular Board Meeting,172299,,1,,,,,,,,0,0,page break
3518,2026-07-23,Board of Directors - Regular Board Meeting,172300,,2,,,,,,,,0,0,Live Public Comment Instructions:
3518,2026-07-23,Board of Directors - Regular Board Meeting,172301,,3,,,,,,,,0,0,"Live public comment can be given by telephone or in-person.

The Meeting begins at 10:00 AM Pacific Time on July 23, 2026; you may join the call 5 minutes prior to the start of the meeting.

Dial-in: 888-978-8818 and enter
English Access Code: 5647249#
Spanish Access Code: 7292892#"
3518,2026-07-23,Board of Directors - Regular Board Meeting,172302,,4,,,,,,,,0,0,"Public comment will be taken as the Board takes up each item. To give public  comment on an item, enter #2 (pound-two) when prompted. Please note that the live  video feed lags about 30 seconds behind the actual meeting. There is no lag on the  public comment dial-in line."
3518,2026-07-23,Board of Directors - Regular Board Meeting,172303,,5,,,,,,,,0,0,Instrucciones para comentarios publicos en vivo:
3518,2026-07-23,Board of Directors - Regular Board Meeting,172304,,6,,,,,,,,0,0,"Los comentarios publicos en vivo se pueden dar por telefono o en persona.

La Reunion de la Junta comienza a las 10:00 AM, hora del Pacifico, el 23 de Julio de 2026.
Puedes unirte a la llamada 5 minutos antes del comienso de la junta.

Marque: 888-978-8818 y ingrese el codigo
Codigo de acceso en ingles: 5647249#
Codigo de acceso en espanol: 7292892#"
3518,2026-07-23,Board of Directors - Regular Board Meeting,172305,,7,,,,,,,,0,0,Los comentarios del público se tomaran cuando se toma cada tema. Para dar un  comentario público sobre una tema ingrese # 2 (Tecla de numero y dos) cuando se le  solicite. Tenga en cuenta que la transmisión de video en vivo se retrasa unos 30  segundos con respecto a la reunión real. No hay retraso en la línea de acceso telefónico para comentarios públicos.
3518,2026-07-23,Board of Directors - Regular Board Meeting,172306,,8,,,,,,,,0,0,Written Public Comment Instruction:
3518,2026-07-23,Board of Directors - Regular Board Meeting,172307,,9,,,,,,,,0,0,"Written public comments must be received by 5PM the day before the meeting.
Please include the Item # in your comment and your position of “FOR,” “AGAINST,” ""GENERAL COMMENT,"" or ""ITEM NEEDS MORE CONSIDERATION.""
Email: BoardClerk@metro.net
Post Office Mail:
Board Administration
One Gateway Plaza
MS: 99-3-1
Los Angeles, CA 90012"
3518,2026-07-23,Board of Directors - Regular Board Meeting,172308,,10,,,,,,,,0,0,page break
3518,2026-07-23,Board of Directors - Regular Board Meeting,172309,,11,,,,,,,,0,0,CALL TO ORDER
3518,2026-07-23,Board of Directors - Regular Board Meeting,172310,,12,,,,,,,,1,0,ROLL CALL
3518,2026-07-23,Board of Directors - Regular Board Meeting,172311,1,13,,,,,,,,0,0,"APPROVE Consent Calendar Items: 2, 6, 7, 8, 9, 10, 11, 12, 13, 16, 17, 18, 19, 24, 25, 26, 27, 28, 30, 31, 32, 33, 36, 37, 38, 39, 40, 41, 42, 43, 46, 48, and 50.

Consent Calendar items are approved by one motion unless held by a Director for discussion and/or separate action.

All Consent Calendar items are listed at the end of the agenda, beginning on page 10."
3518,2026-07-23,Board of Directors - Regular Board Meeting,172312,,14,,,,,,,,0,0,NON-CONSENT
3518,2026-07-23,Board of Directors - Regular Board Meeting,172313,,25,,,,,,,,0,0,END OF NON-CONSENT ITEMS
3518,2026-07-23,Board of Directors - Regular Board Meeting,172314,,28,,,,,,,,0,0,"CONSENT CALENDAR - ITEMS 2, 6, 7, 8, 9, 10, 11, 12, 13, 16, 17, 18, 19, 24, 25, 26, 27, 28, 30, 31, 32, 33, 36, 37, 38, 39, 40, 41, 42, 43, 46, 48, and 50."
3518,2026-07-23,Board of Directors - Regular Board Meeting,172315,,99,12661,2026-0548,Informational Report,,,,,0,0,RECEIVE General Public Comment
3518,2026-07-23,Board of Directors - Regular Board Meeting,172316,,100,,,,,,,,0,0,"Consideration of items not on the posted agenda, including: items to be presented and (if requested) referred to staff; items to be placed on the agenda for action at a future meeting of the Committee or Board; and/or items requiring immediate action because of an emergency situation or where the need to take immediate action came to the attention of the Committee subsequent to the posting of the agenda."
3518,2026-07-23,Board of Directors - Regular Board Meeting,172317,,101,,,,,,,,0,0,COMMENTS FROM THE PUBLIC ON ITEMS OF PUBLIC INTEREST WITHIN COMMITTEE’S SUBJECT MATTER JURISDICTION
3518,2026-07-23,Board of Directors - Regular Board Meeting,172318,,102,,,,,,,,0,0,Adjournment
3518,2026-07-23,Board of Directors - Regular Board Meeting,172319,7,34,12558,2026-0441,Program,,,,,0,1,"CONSIDER:

A.	APPROVING:
 
1.	Programming an additional $4,917,785 within the capacity of Measure M Multi-Year Subregional Program (MSP) - Active Transportation First/Last Mile Connections Program (Expenditure Line 51) and reprogram project funds previously approved to meet the project schedule, as shown in Attachment A; 

2.	Programming an additional $3,979,932 within the capacity of Measure M MSP - Subregional Equity Program (Expenditure Line 68), as shown in Attachment B; and

B.	AUTH"
3518,2026-07-23,Board of Directors - Regular Board Meeting,172320,,33,,,,,,,,0,0,PLANNING AND PROGRAMMING COMMITTEE MADE THE FOLLOWING RECOMMENDATION (5-0):
3518,2026-07-23,Board of Directors - Regular Board Meeting,172322,57,24,12669,2026-0556,Motion / Motion Response,APPROVED,Pass,,,0,0,"At its June committee, Chair Najarian requested that the Board consider the following proposal by Committee Member Fasana seconded by Director Horvath, without further endorsement:

Add the following 3 members to the staff recommendation
·	a rider appointed by the county supervisors residing in an unincorporated area
·	a labor representative
·	the county executive

Additionally, Member Fasana asked that the Board revise the 35% threshold in statute for the City of Los Angeles seats to 43.75%. 

"
3518,2026-07-23,Board of Directors - Regular Board Meeting,172323,55,22,12667,2026-0554,Motion / Motion Response,APPROVED AS AMENDED,Pass,,,0,0,"APPROVE Motion by Bass, Najarian, Barger, and Dupont-Walker that the Board adopt the following amended alternative:

Amend Alternative D as follows:

A.	The BOS will determine the structure for designating the five County seats on the Metro Board of Directors. Once the elected Los Angeles County CEO position is seated through Measure G, the BOS would have the flexibility to designate the CEO as one of its five Board Members. and establish the structure for appointing the five seats. 

B.	Beginni"
3518,2026-07-23,Board of Directors - Regular Board Meeting,172324,56,23,12666,2026-0553,Motion / Motion Response,APPROVED AS AMENDED,Pass,,,0,0,"APPROVE Motion by Hahn, Richardson, and Sandoval that the Board directs the Chief Executive Officer to further amend alternative D to:

A.	ESTABLISH a minimum of one (1) additional voting seat(s) on the Metro Board of Directors for a regular transit rider.

1.	Coordinate with Metro’s community advisory councils, community-based organizations, and other stakeholder groups to develop a transparent, inclusive, and accessible process for selecting the regular transit rider representative.

2.	Report"
3518,2026-07-23,Board of Directors - Regular Board Meeting,172325,47,20,12058,2025-1040,Contract,,,,,0,0,"WITHDRAWN:

AUTHORIZE the Chief Executive Officer to:

A.	AWARD Contract No. OP118576(2)000 with El Dorado National (California), Inc. (ENC), for the manufacturing and delivery of a base order of 220 Battery Electric Buses (BEBs) in the amount of $337,698,727.58 for the base contract, including taxes and delivery; exclusive of any contract option buses, subject to the resolution of any properly submitted protest(s), if any;

B.	INCREASE the Life-Of-Project (LOP) for Capital Project 201078 "
3518,2026-07-23,Board of Directors - Regular Board Meeting,172326,,98,,,,,,,,0,0,
3518,2026-07-23,Board of Directors - Regular Board Meeting,172327,,94,,,,,,,,0,0,"OPERATIONS, SAFETY, AND CUSTOMER EXPERIENCE COMMITTEE ADVANCED THE FOLLOWING (3-0):"
3518,2026-07-23,Board of Directors - Regular Board Meeting,172328,,35,,,,,,,,0,0,PLANNING AND PROGRAMMING COMMITTEE MADE THE FOLLOWING RECOMMENDATION (5-0):
3518,2026-07-23,Board of Directors - Regular Board Meeting,172329,6,31,12411,2026-0294,Program,APPROVED,Pass,,,0,1,"CONSIDER:

A.	APPROVING the list of eligible SR-710 North Mobility Improvement Projects (MIP) in Attachment A;

B.	AUTHORIZING the Chief Executive Officer or their designee to: 
1.	ALLOCATE and program funds to three new MIPs in the City of Monterey Park as recommended in Attachment A;
2.	REALLOCATE funds from one existing MIP to another existing MIP in the City of Los Angeles and from one existing MIP to one new MIP and one existing MIP in the City of South Pasadena as recommended in Attachment"
3518,2026-07-23,Board of Directors - Regular Board Meeting,172330,46,93,12554,2026-0437,Contract,APPROVED,Pass,,,0,1,"AUTHORIZE the Chief Executive Officer to:

A.	EXECUTE Modification No. 9 to Contract No. OP73960000 with Clean Energy Renewable Fuels, LLC to extend the contract performance end date by eleven months from July 31, 2026, to June 30, 2027; 

B.	EXECUTE Modification No. 9 to Contract No. OP59812000A with Clean Energy Renewable Fuels to extend the contract performance end date by eleven months from July 31, 2026, to June 30, 2027; 

C.	EXECUTE Modification No. 6 to Contract No. OP59812000B with Shel"
3518,2026-07-23,Board of Directors - Regular Board Meeting,172331,,47,,,,,,,,0,0,CONSTRUCTION COMMITTEE ADVANCED THE FOLLOWING (2-0):
3518,2026-07-23,Board of Directors - Regular Board Meeting,172332,13,46,12549,2026-0432,Motion / Motion Response,APPROVED AS AMENDED,Pass,,,0,0,"APPROVE the staff recommendation to provide assistance to local jurisdictions to use Local Return and TDA Article 3 as the only available funding for Open and Slow Street events occurring between September 2026 and March 2028. 

HORVATH AMENDMENT AS AMENDED BY BASS: 
A.	Come back in September with identification of eligible funding for an additional $1M of Metro-controlled funding for the Open Streets program without delay.

B.	Refer the mission statement to the Planning and Programming Committe"
3518,2026-07-23,Board of Directors - Regular Board Meeting,172333,2,29,12660,2026-0547,Minutes,APPROVED,Pass,,,0,1,"APPROVE Minutes of the Regular Board Meeting held May 28, 2026."
3518,2026-07-23,Board of Directors - Regular Board Meeting,172334,,45,,,,,,,,0,0,PLANNING AND PROGRAMMING COMMITTEE MADE THE FOLLOWING RECOMMENDATION (4-1):
3518,2026-07-23,Board of Directors - Regular Board Meeting,172335,11,42,12523,2026-0406,Plan,APPROVED,Pass,,,0,1,APPROVE objectives and criteria for the Measure M 10-Year Comprehensive Assessment (Attachment A).
3518,2026-07-23,Board of Directors - Regular Board Meeting,172336,,41,,,,,,,,0,0,PLANNING AND PROGRAMMING COMMITTEE MADE THE FOLLOWING RECOMMENDATION (5-0):
3518,2026-07-23,Board of Directors - Regular Board Meeting,172337,10,40,12430,2026-0313,Program,,,,,0,0,"CONSIDER:  

A1.	APPROVING $125,403,758 $104,403,758 in additional programming within the capacity of Measure R Multimodal Highway Subregional Programs, along with funding changes via the updated project list shown in Attachment A, excluding the WB SR-91 Alondra Blvd to Shoemaker Ave Project;

A2. APPROVING $21,000,000 in additional programming within the capacity of Measure R Multimodal Highway Subregional Programs for the WB SR-91 Alondra Blvd to Shoemaker Ave Project, as shown in Attachment A"
3518,2026-07-23,Board of Directors - Regular Board Meeting,172338,,39,,,,,,,,0,0,"PLANNING AND PROGRAMMING COMMITTEE MADE THE FOLLOWING RECOMMENDATIONS AS AMENDED DIRECTIVE A1, B, AND C (5-0) AND A2 (4-1):"
3518,2026-07-23,Board of Directors - Regular Board Meeting,172339,9,38,12219,2026-0103,Project,APPROVED,Pass,,,0,1,"PROGRAM $6,900,000 for conceptual planning, environmental clearance, preliminary engineering, and community outreach for the San Fernando Valley (SFV)/Pacoima Metrolink Station and Mobility Hub."
3518,2026-07-23,Board of Directors - Regular Board Meeting,172340,,37,,,,,,,,0,0,PLANNING AND PROGRAMMING COMMITTEE MADE THE FOLLOWING RECOMMENDATION (5-0):
3518,2026-07-23,Board of Directors - Regular Board Meeting,172341,8,36,12571,2026-0454,Budget,ADOPTED,Pass,,,0,1,"CONSIDER:

A.	PROGRAMMING $89,466,188 in Consolidated Appropriations Act of 2026 award funding in support of Planning, Design, and Operations for the 2028 Games; 

B.	AMENDING the FY27 Budget by $89,466,188; and

C.	AUTHORIZING the CEO or their designee to negotiate and execute all necessary agreements, including pass-through agreements and/or amendments with the agencies for projects contained in the GME FY26 Federal Funding Allocation (Attachment A)."
3518,2026-07-23,Board of Directors - Regular Board Meeting,172342,,30,,,,,,,,0,0,PLANNING AND PROGRAMMING COMMITTEE MADE THE FOLLOWING RECOMMENDATION (5-0):
3518,2026-07-23,Board of Directors - Regular Board Meeting,172343,,63,,,,,,,,0,0,"FINANCE, BUDGET, AND AUDIT COMMITTEE ADVANCED THE FOLLOWING (2-0):"
3518,2026-07-23,Board of Directors - Regular Board Meeting,172344,27,62,12522,2026-0405,Resolution,ADOPTED,Pass,,,0,1,"ADOPT:

A.	FINDINGS and RECOMMENDATIONS (Attachment A) for allocating Fiscal Year 2027 (FY27) Transportation Development Act (TDA) Article 8 funds (Attachment B) estimated at $35,546,436 as follows:

1.	In the City of Avalon, there are no unmet transit needs that are reasonable to meet. Therefore, TDA Article 8 funds in the amount of $167,800 may be used for street and road projects or transit projects;

2.	In the Cities of Lancaster and Palmdale, there are no unmet transit needs that are "
3518,2026-07-23,Board of Directors - Regular Board Meeting,172345,,61,,,,,,,,0,0,"FINANCE, BUDGET, AND AUDIT COMMITTEE ADVANCED THE FOLLOWING (2-0):"
3518,2026-07-23,Board of Directors - Regular Board Meeting,172346,26,60,12510,2026-0393,Formula Allocation / Local Return,APPROVED,Pass,,,0,1,"CONSIDER:

A.	ESTABLISHING new Local Return funded Capital Reserve Accounts for the Cities of Bell (Measure M), Beverly Hills (Measure M), Compton (Proposition C), Lawndale (Proposition C and Measure M), Lynwood (Proposition C), Palmdale (Proposition C, Measure R, Measure M), Palos Verdes Estates (Proposition C), Rolling Hills Estates (Proposition C, Measure R, Measure M), Rosemead (Proposition C), San Dimas (Proposition C, Measure M), Santa Monica (Proposition C, Measure M), Sierra Madre (Pro"
3518,2026-07-23,Board of Directors - Regular Board Meeting,172347,,59,,,,,,,,0,0,"FINANCE, BUDGET, AND AUDIT COMMITTEE ADVANCED THE FOLLOWING (2-0):"
3518,2026-07-23,Board of Directors - Regular Board Meeting,172348,25,58,12559,2026-0442,Program,APPROVED,Pass,,,0,1,"AUTHORIZE the Chief Executive Officer to negotiate and purchase a cybersecurity liability insurance policy with up to $50 million in limits at a cost not-to-exceed $2.7 million for the 12-month period effective September 1, 2026, to September 1, 2027."
3518,2026-07-23,Board of Directors - Regular Board Meeting,172349,,57,,,,,,,,0,0,"FINANCE, BUDGET, AND AUDIT COMMITTEE ADVANCED THE FOLLOWING (2-0):"
3518,2026-07-23,Board of Directors - Regular Board Meeting,172350,24,56,12107,2025-1089,Program,APPROVED,Pass,,,0,0,"AUTHORIZE the Chief Executive Officer to negotiate and purchase Public Entity excess liability policies with up to $300 million in limits at a not-to-exceed premium of $31 million for the 12-month period effective August 1, 2026, to August 1, 2027."
3518,2026-07-23,Board of Directors - Regular Board Meeting,172351,,55,,,,,,,,0,0,"FINANCE, BUDGET, AND AUDIT COMMITTEE ADVANCED THE FOLLOWING (2-0):"
3518,2026-07-23,Board of Directors - Regular Board Meeting,172352,19,54,12505,2026-0388,Contract,APPROVED,Pass,,,0,1,"AUTHORIZE the Chief Executive Officer to: 

A.	AWARD a firm fixed price Contract No. PS140991000 to Atkinson/Clark, a Joint Venture (ACJV), for Phase 1 Preconstruction Services of the Construction Manager/General Contractor contract for the Games Multimodal Infrastructure Projects (Project) in the amount of $1,045,165.00, subject to the resolution of any properly submitted protest(s);

B.	NEGOTIATE and EXECUTE all project related agreements and contract modifications utilizing Reconnecting Commu"
3518,2026-07-23,Board of Directors - Regular Board Meeting,172353,,53,,,,,,,,0,0,CONSTRUCTION COMMITTEE ADVANCED THE FOLLOWING (2-0):
3518,2026-07-23,Board of Directors - Regular Board Meeting,172354,18,52,12504,2026-0387,Contract,APPROVED,Pass,,,0,0,"AUTHORIZE the Chief Executive Officer to execute a contract modification to Contract No. AE76301MC081000 with Zephyr Rail to increase the total authorized contract funding by $328,417, increasing the total Not-To-Exceed (NTE) amount from $9,269,211.94 to $9,597,628.94, for final contract closeout."
3518,2026-07-23,Board of Directors - Regular Board Meeting,172355,,51,,,,,,,,0,0,CONSTRUCTION COMMITTEE ADVANCED THE FOLLOWING (2-0):
3518,2026-07-23,Board of Directors - Regular Board Meeting,172356,17,50,12417,2026-0300,Project,APPROVED,Pass,,,0,0,"AUTHORIZE the Chief Executive Officer to award a cost-plus fixed fee Contract No. AE137794MC086 for Construction Management Support Services (CMSS) to Zephyr UAS, Inc., dba Zephyr Rail, for a base term of four years in an amount Not-To-Exceed (NTE) $5,994,149, plus a one-year option in an amount NTE $280,178, for a total of $6,274,327; subject to the resolution of any properly submitted protest(s)."
3518,2026-07-23,Board of Directors - Regular Board Meeting,172357,,49,,,,,,,,0,0,CONSTRUCTION COMMITTEE ADVANCED THE FOLLOWING (2-0):
3518,2026-07-23,Board of Directors - Regular Board Meeting,172358,16,48,12577,2026-0460,Informational Report,RECEIVED AND FILED,Pass,,,0,1,AUTHORIZE the Chief Executive Officer to execute the FY27 Annual Work Plan Budget for the City of Los Angeles (Attachment A).
3518,2026-07-23,Board of Directors - Regular Board Meeting,172359,,92,,,,,,,,0,0,"OPERATIONS, SAFETY, AND CUSTOMER EXPERIENCE COMMITTEE ADVANCED THE FOLLOWING (3-0):"
3518,2026-07-23,Board of Directors - Regular Board Meeting,172360,,68,,,,,,,,0,0,EXECUTIVE MANAGEMENT COMMITTEE MADE THE FOLLOWING RECOMMENDATION (3-0):
3518,2026-07-23,Board of Directors - Regular Board Meeting,172361,30,67,12362,2026-0245,Budget,ADOPTED,Pass,,,0,1,"CONSIDER:

A.	APPROVING local funding request for Access Services (Access) in an amount not to exceed $240,986,909 for FY27. This amount includes:

1.	Local funds for operating and capital expenses in the amount of $238,218,046
2.	Local funds paid directly to Metrolink for its participation in Access’ Free Fare Program in the amount of $2,768,863

B.	AMENDING the FY27 Budget by $27,150,139 to fully fund Recommendation A; and

C.	AUTHORIZING the Chief Executive Officer (CEO) to negotiate"
3518,2026-07-23,Board of Directors - Regular Board Meeting,172363,,66,,,,,,,,0,0,"FINANCE, BUDGET, AND AUDIT COMMITTEE ADVANCED THE FOLLOWING (2-0):"
3518,2026-07-23,Board of Directors - Regular Board Meeting,172364,28,64,12287,2026-0170,Contract,APPROVED,Pass,,,0,0,"AUTHORIZE the Chief Executive Officer (CEO) to:

A.	AWARD a five-year on-call firm fixed unit rate Contract No. PS132584000 to KPMG LLP to provide custom application development and maintenance in Oracle, Salesforce, and Microsoft SharePoint in the Not to Exceed (NTE) amount of $12,198,522, subject to the resolution of any properly submitted protest(s), if any;

B.	AWARD a five-year on-call firm fixed unit rate Contract No. PS132584001 to Crowe LLP to provide business improvement process studies"
3518,2026-07-23,Board of Directors - Regular Board Meeting,172365,43,91,12572,2026-0455,Contract,APPROVED,Pass,,,0,1,"AUTHORIZE the Chief Executive Officer to execute Modification No. 2 to Contract No. PS123964000 with GP Generate, LLC to continue to provide advertising and communications services in the amount of $2,871,750, increasing the contract value from $1,579,463 to $4,451,213."
3518,2026-07-23,Board of Directors - Regular Board Meeting,172366,,90,,,,,,,,0,0,"OPERATIONS, SAFETY, AND CUSTOMER EXPERIENCE COMMITTEE ADVANCED THE FOLLOWING (3-0):"
3518,2026-07-23,Board of Directors - Regular Board Meeting,172367,42,89,12478,2026-0361,Rule / By-law,ADOPTED,Pass,,,0,1,ADOPT the revised Service Council Bylaws.
3518,2026-07-23,Board of Directors - Regular Board Meeting,172368,,88,,,,,,,,0,0,"OPERATIONS, SAFETY, AND CUSTOMER EXPERIENCE COMMITTEE ADVANCED THE FOLLOWING (3-0):"
3518,2026-07-23,Board of Directors - Regular Board Meeting,172369,36,76,12587,2026-0470,Agreement,APPROVED,Pass,,,0,1,"CONSIDER:

A.	AUTHORIZING the Chief Executive Officer (CEO), or designee, to negotiate and enter into a loan agreement and other related documents (“Loan Documents”) with Treehouse Leimert or affiliated entity, a joint venture between Leimert PropCo LLC (Treehouse) and The Apex Collaborative LLC (collectively, “Developer”), to provide up to $25,000,000 in development financing in support of the construction of The Nathaniel, a 97-unit workforce housing development located at 4421-4437 Crenshaw B"
3518,2026-07-23,Board of Directors - Regular Board Meeting,172370,33,74,12574,2026-0457,Resolution,ADOPTED,Pass,,,0,1,"CONSIDER:

A.	ADOPTING, pursuant to Senate Bill 707 (SB 707), the following findings on behalf of eligible subsidiary bodies as defined by SB 707:

(i)	The Board of Directors has considered the circumstances of the eligible subsidiary body.
(ii)	Teleconference meetings of the eligible subsidiary body would enhance public access to meetings of the eligible subsidiary body, and the public has been made aware of the type of remote participation, including audio-visual or telephonic, that will "
3518,2026-07-23,Board of Directors - Regular Board Meeting,172371,,73,,,,,,,,0,0,EXECUTIVE MANAGEMENT COMMITTEE MADE THE FOLLOWING RECOMMENDATION (3-0):
3518,2026-07-23,Board of Directors - Regular Board Meeting,172372,32,72,12599,2026-0482,Contract,APPROVED,Pass,,,0,0,"AUTHORIZE the Chief Executive Officer (CEO) to:

A.	AWARD seven task order based bench Contracts, Nos. PS133086000 through PS133086006 for talent development services for the agency’s workforce for a total Not-To-Exceed (NTE) amount of $3,626,800 for the initial two-year base term, plus $1,902,320 for the first, one-year option, and $1,995,686 for the second, one-year option, for a total NTE cumulative amount of $7,524,806, effective August 10, 2026, subject to the resolution of any properly sub"
3518,2026-07-23,Board of Directors - Regular Board Meeting,172373,,71,,,,,,,,0,0,EXECUTIVE MANAGEMENT COMMITTEE MADE THE FOLLOWING RECOMMENDATION (3-0):
3518,2026-07-23,Board of Directors - Regular Board Meeting,172374,31,69,12579,2026-0462,Appointment,APPROVED,Pass,,,0,1,APPROVE the new appointment of the Latin Business Association (LBA) to the Transportation Business Advisory Council (TBAC) membership.
3518,2026-07-23,Board of Directors - Regular Board Meeting,172375,,75,,,,,,,,0,0,EXECUTIVE MANAGEMENT COMMITTEE MADE THE FOLLOWING RECOMMENDATION (3-0):
3518,2026-07-23,Board of Directors - Regular Board Meeting,172376,41,87,12441,2026-0324,Appointment,APPROVED,Pass,,,0,1,APPROVE nominee for membership on Metro’s San Gabriel Valley Service Council (Attachment A).
3518,2026-07-23,Board of Directors - Regular Board Meeting,172377,,86,,,,,,,,0,0,"OPERATIONS, SAFETY, AND CUSTOMER EXPERIENCE COMMITTEE ADVANCED THE FOLLOWING (3-0):"
3518,2026-07-23,Board of Directors - Regular Board Meeting,172378,40,85,12233,2026-0117,Contract,APPROVED,Pass,,,0,1,"CONSIDER:

A.	AUTHORIZE the Chief Executive Officer to award a four-year cost-plus fixed fee Contract No. PS140440000, to WSP USA Inc. for as-needed professional consultant support services for zero-emission bus engineering and acquisition, program management, and technical support services, in the total Not-To-Exceed (NTE) amount of $15,520,898.51, subject to the resolution of any properly submitted protest(s), if any;

B.	APPROVE Contract Modification Authority specific to Contract No. PS14044"
3518,2026-07-23,Board of Directors - Regular Board Meeting,172379,,84,,,,,,,,0,0,"OPERATIONS, SAFETY, AND CUSTOMER EXPERIENCE COMMITTEE ADVANCED THE FOLLOWING (3-0):"
3518,2026-07-23,Board of Directors - Regular Board Meeting,172380,39,82,12508,2026-0391,Contract,APPROVED,Pass,,,0,0,"AUTHORIZE the Chief Executive Officer to AWARD a 12-month firm-fixed price contract, Contract No. OP140266000, to Siemens Mobility, Inc., for the purchase of gate mechanism assemblies and accessories, for the replacement of the A Line at-grade crossing gate mechanisms in the Not-To-Exceed (NTE) amount of $3,195,702.00, inclusive of sales tax, and subject to the resolution of any properly submitted protest(s)."
3518,2026-07-23,Board of Directors - Regular Board Meeting,172381,,81,,,,,,,,0,0,"OPERATIONS, SAFETY, AND CUSTOMER EXPERIENCE COMMITTEE ADVANCED THE FOLLOWING (3-0):"
3518,2026-07-23,Board of Directors - Regular Board Meeting,172382,,79,,,,,,,,0,0,"OPERATIONS, SAFETY, AND CUSTOMER EXPERIENCE COMMITTEE ADVANCED THE FOLLOWING (3-0):"
3518,2026-07-23,Board of Directors - Regular Board Meeting,172383,38,80,12512,2026-0395,Contract,APPROVED,Pass,,,0,1,"AUTHORIZE the Chief Executive Officer (CEO) to execute a five (5) year agreement for FY26, FY27, FY28, FY29 & FY30 with the California Highway Patrol (CHP) to provide services in support of the Metro Freeway Service Patrol (FSP) program for an amount not to exceed $4,215,590.00."
3518,2026-07-23,Board of Directors - Regular Board Meeting,172384,37,78,12004,2025-0986,Contract,APPROVED,Pass,,,0,1,"AUTHORIZE the Chief Executive Officer to award a firm fixed price Contract No. AE138681000 to Atlas Technical Consultants, Inc. for the inspection of Metro structures and facilities in the amount of $13,293,420 for the four-year base term, $6,549,640 for the first two-year option, and $7,120,053 for the second two-year option, for a total amount of $26,963,113, effective August 5, 2026, subject to the resolution of any properly submitted protest(s)."
3518,2026-07-23,Board of Directors - Regular Board Meeting,172385,,77,,,,,,,,0,0,"OPERATIONS, SAFETY, AND CUSTOMER EXPERIENCE COMMITTEE ADVANCED THE FOLLOWING (3-0):"
3518,2026-07-23,Board of Directors - Regular Board Meeting,172392,50,97,12634,2026-0521,Motion / Motion Response,APPROVED,Pass,,,0,1,"APPROVE Motion by Hahn, Bass, and Richardson that the Board direct the Chief Executive Officer to convene regional partners, including Metro, the County of Los Angeles, the City of Los Angeles, the City of Long Beach to:

A.	Determine each agency’s willingness to participate in funding the implementation and operation of the San Pedro-Long Beach water taxi service;

B.	Develop a proposed cost-sharing framework among Metro and participating regional partners to provide the funding certainty neces"
3518,2026-07-23,Board of Directors - Regular Board Meeting,172393,,96,,,,,,,,0,0,"OPERATIONS, SAFETY, AND CUSTOMER EXPERIENCE COMMITTEE ADVANCED THE FOLLOWING (3-0):"
3518,2026-07-23,Board of Directors - Regular Board Meeting,172394,48,95,12614,2026-0501,Contract,APPROVED,Pass,,,0,1,"AUTHORIZE the Chief Executive Officer (CEO) to:

A.	EXECUTE Modification No. 24 to Contract No. PS272680011357 with Bicycle Transit Systems, Inc. (BTS) to exercise up to six, one-month options, each separately as needed from December 1, 2026 to May 31, 2027, to continue Metro Bike Share (MBS) program services in the Not-To-Exceed (NTE) amount of $6,505,955, increasing the total contract value from $137,661,378 to $144,167,333; and

B.	EXECUTE individual contract modifications for Contract No"
3518,2026-07-23,Board of Directors - Regular Board Meeting,172395,,19,,,,,,,,0,0,"OPERATIONS, SAFETY, AND CUSTOMER EXPERIENCE COMMITTEE FORWARDED THE FOLLOWING:"
3518,2026-07-23,Board of Directors - Regular Board Meeting,172396,5,18,12663,2026-0550,Plan,,,,,0,0,"APPROVE the staff recommendation on Metro's Board Member Composition and Appointment Structure to:

A.	ADOPT ""Alternative A (Flexible Appointments)"" that would enable each Appointing Authority to have the flexibility to fill their allocated seats (County of Los Angeles - 5 seats, City of Los Angeles - 4 seats, City Selection Committee - 4 seats, Governor - 1 non-voting seat) with either elected officials or qualified public members, including special interest stakeholders, transit system users/r"
3518,2026-07-23,Board of Directors - Regular Board Meeting,172397,4,16,12658,2026-0545,Oral Report / Presentation,CARRIED OVER,,,,0,0,RECEIVE report by the Chief Executive Officer.
3518,2026-07-23,Board of Directors - Regular Board Meeting,172398,3,15,12657,2026-0544,Oral Report / Presentation,RECEIVED,Pass,,,0,0,RECEIVE remarks by the Chair.
3518,2026-07-23,Board of Directors - Regular Board Meeting,172402,,27,,,,,,,,0,0,page break
3518,2026-07-23,Board of Directors - Regular Board Meeting,172403,,32,,,,,,,,0,0,page break
3518,2026-07-23,Board of Directors - Regular Board Meeting,172405,12,44,12502,2026-0385,Project,APPROVED,Pass,,,0,1,"CONSIDER: 
 
A.	RECEIVING AND FILING the Environmental Assessment (EA), in accordance with the National Environmental Policy Act (NEPA), including the NEPA project mitigation measures for the Locally Preferred Alternative (LPA), a 4.7-mile Initial Operating Segment to the City of Montebello;

B.	APPROVING the EA’s 9-acre Maintenance and Storage Facility (MSF) Site 3 in the City of Commerce for the Board-selected Locally Preferred Alternative (LPA), a 4.7-mile Initial Operating Segment extension "
3518,2026-07-23,Board of Directors - Regular Board Meeting,172406,,43,,,,,,,,0,0,PLANNING AND PROGRAMMING COMMITTEE MADE THE FOLLOWING RECOMMENDATION (5-0):
3518,2026-07-23,Board of Directors - Regular Board Meeting,172407,4.1,17,12665,2026-0552,Oral Report / Presentation,RECEIVED,Pass,,,0,0,RECEIVE remarks for outgoing Board Members Ara J. Najarian and Fernando Dutra.
3518,2026-07-23,Board of Directors - Regular Board Meeting,172408,,21,,,,,,,,0,0,page break
3518,2026-07-23,Board of Directors - Regular Board Meeting,172409,,65,,,,,,,,0,0,page break
3518,2026-07-23,Board of Directors - Regular Board Meeting,172410,,70,,,,,,,,0,0,page break
3518,2026-07-23,Board of Directors - Regular Board Meeting,172411,,83,,,,,,,,0,0,page break
3518,2026-07-23,Board of Directors - Regular Board Meeting,173087,,,,,,APPROVED ON CONSENT CALENDAR,Pass,,,0,1,Approval of the Consent Agenda
3538,2026-09-16,Planning and Programming Committee,172540,,1,,,,,,,,0,0,page break
3538,2026-09-16,Planning and Programming Committee,172541,,2,,,,,,,,0,0,Live Public Comment Instructions:
3538,2026-09-16,Planning and Programming Committee,172542,,3,,,,,,,,0,0,"Live public comment can be given by telephone or in-person.

The Meeting begins at 11:00 AM Pacific Time on September 16, 2026; you may join the call 5 minutes prior to the start of the meeting.

Dial-in: 888-978-8818 and enter
English Access Code: 5647249#
Spanish Access Code: 7292892#"
3538,2026-09-16,Planning and Programming Committee,172543,,4,,,,,,,,0,0,"Public comment will be taken as the Board takes up each item. To give public  comment on an item, enter #2 (pound-two) when prompted. Please note that the live  video feed lags about 30 seconds behind the actual meeting. There is no lag on the  public comment dial-in line."
3538,2026-09-16,Planning and Programming Committee,172544,,5,,,,,,,,0,0,Instrucciones para comentarios publicos en vivo:
3538,2026-09-16,Planning and Programming Committee,172545,,6,,,,,,,,0,0,"Los comentarios publicos en vivo se pueden dar por telefono o en persona.

La Reunion de la Junta comienza a las 11:00 AM, hora del Pacifico, el 16 de Septiembre de 2026. Puedes unirte a la llamada 5 minutos antes del comienso de la junta.

Marque: 888-978-8818 y ingrese el codigo
Codigo de acceso en ingles: 5647249#
Codigo de acceso en espanol: 7292892#"
3538,2026-09-16,Planning and Programming Committee,172546,,7,,,,,,,,0,0,Los comentarios del público se tomaran cuando se toma cada tema. Para dar un  comentario público sobre una tema ingrese # 2 (Tecla de numero y dos) cuando se le  solicite. Tenga en cuenta que la transmisión de video en vivo se retrasa unos 30  segundos con respecto a la reunión real. No hay retraso en la línea de acceso telefónico para comentarios públicos.
3538,2026-09-16,Planning and Programming Committee,172547,,8,,,,,,,,0,0,Written Public Comment Instruction:
3538,2026-09-16,Planning and Programming Committee,172548,,9,,,,,,,,0,0,"Written public comments must be received by 5PM the day before the meeting.
Please include the Item # in your comment and your position of “FOR,” “AGAINST,” ""GENERAL COMMENT,"" or ""ITEM NEEDS MORE CONSIDERATION.""
Email: BoardClerk@metro.net
Post Office Mail:
Board Administration
One Gateway Plaza
MS: 99-3-1
Los Angeles, CA 90012"
3538,2026-09-16,Planning and Programming Committee,172549,,10,,,,,,,,0,0,page break
3538,2026-09-16,Planning and Programming Committee,172550,,11,,,,,,,,0,0,CALL TO ORDER
3538,2026-09-16,Planning and Programming Committee,172551,,12,,,,,,,,1,0,ROLL CALL
3538,2026-09-16,Planning and Programming Committee,172552,,13,,,,,,,,0,0,"APPROVE Consent Calendar Items: 5, 6, and 7. 

Consent Calendar items are approved by one motion unless held by a Director for discussion and/or separate action.
"
3538,2026-09-16,Planning and Programming Committee,172553,,14,,,,,,,,0,0,CONSENT CALENDAR
3538,2026-09-16,Planning and Programming Committee,172554,,19,,,,,,,,0,0,NON-CONSENT
3538,2026-09-16,Planning and Programming Committee,172555,,25,12776,2026-0663,Informational Report,,,,,0,0,RECEIVE General Public Comment
3538,2026-09-16,Planning and Programming Committee,172556,,26,,,,,,,,0,0,"Consideration of items not on the posted agenda, including: items to be presented and (if requested) referred to staff; items to be placed on the agenda for action at a future meeting of the Committee or Board; and/or items requiring immediate action because of an emergency situation or where the need to take immediate action came to the attention of the Committee subsequent to the posting of the agenda."
3538,2026-09-16,Planning and Programming Committee,172557,,27,,,,,,,,0,0,COMMENTS FROM THE PUBLIC ON ITEMS OF PUBLIC INTEREST WITHIN COMMITTEE’S SUBJECT MATTER JURISDICTION
3538,2026-09-16,Planning and Programming Committee,172558,,28,,,,,,,,0,0,Adjournment
3538,2026-09-16,Planning and Programming Committee,172560,5,15,12524,2026-0407,Agreement,,,,,0,0,"AUTHORIZING the Chief Executive Officer (CEO) or their  designee to execute an amendment to the Joint Development Agreement (JDA) with Chavez Fickett, L.P. (Developer), an affiliate of Abode Communities, to extend the term for one year, from October 19, 2026 to October 19, 2027, with an option to extend for one additional year for the joint development of a mixed-use, affordable housing project on 1.56 acres of Metro-owned property located at the corner of Cesar E. Chavez Avenue and Fickett Stre"
3538,2026-09-16,Planning and Programming Committee,172562,9,21,12697,2026-0584,Program,,,,,0,0,"CONSIDER:

A.	APPROVING:

1.	Programming an additional $96,574,573 within the capacity of Measure M Multi-Year Subregional Program (MSP) - Transportation System and Mobility Improvements Program (Expenditure Line 50), and reprogramming $29,828,100 project funds previously approved to meet the project schedule, as shown in Attachment A;

2.	Programming an additional $8,700,000 within the capacity of Measure M MSP - South Bay Highway Operational Improvements Program (Expenditure Line 63), as shown"
3538,2026-09-16,Planning and Programming Committee,172867,6,16,12645,2026-0532,Program,,,,,0,0,"CONSIDER:

A.	APPROVING the programming of an additional $5,183,184 within the capacity of Measure M Multi-Year Subregional Program (MSP) - Active Transportation Program, and reprogramming project funds previously approved to meet the project schedule, as shown in Attachment A; and

B.	AUTHORIZING the Chief Executive Officer or their designee to negotiate and execute all necessary agreements and/or amendments for approved projects."
3538,2026-09-16,Planning and Programming Committee,172869,,24,,,,,,,,0,0,
3538,2026-09-16,Planning and Programming Committee,172924,10,23,12775,2026-0662,Project,,,,,0,0,"CONSIDER: 

A.	PROGRAMMING an amount not-to-exceed $35 million in Measure M I-710 South Corridor Project (now the LB-ELA CMIP) Highway Capital Funds as funding augmentation for the Shoreline Drive Realignment Project, subject to contingencies including partial repayment (Attachment A);

B.	AMENDING the FY 2027 Budget to accommodate this programming action; and

C.	AUTHORIZING the Chief Executive Officer or their designee to negotiate and execute all necessary agreements with the City of Lo"
3538,2026-09-16,Planning and Programming Committee,172925,8,20,12584,2026-0467,Resolution,,,,,0,0,"CONSIDER approving the Resolution in Attachment A that:

A.	AUTHORIZES the Chief Executive Officer (CEO) or their designee to claim a total of $58,909,350 in California Cap-and-Invest (formerly California Cap-and-Trade) proceeds, accumulated in State Fiscal Year (FY) 2025-26, disbursed through LCTOP for A-Line Operations;

B.	CERTIFIES that Metro will comply with LCTOP certification, assurances, and the authorized agent requirements; and

C.	AUTHORIZES the CEO or their designee to execute all re"
3538,2026-09-16,Planning and Programming Committee,172961,7,18,12698,2026-0585,Program,,,,,0,0,"CONSIDER:

A.	DEOBLIGATING $2.23 million of previously approved Call for Projects (Call) funding, as shown in Attachment A, and held in reserve;

B.	APPROVING changes to the scope of work for the City of Long Beach - 1st Street Pedestrian Gallery (#F9628); 

C.	AUTHORIZING the Chief Executive Officer (CEO) or their designee to negotiate and execute all necessary agreements/or amendments for previously awarded projects; and

D.	RECEIVING AND FILING time extensions for 46 projects shown in"
3538,2026-09-16,Planning and Programming Committee,172962,,22,,,,,,,,0,0,page break
3538,2026-09-16,Planning and Programming Committee,172968,,17,,,,,,,,0,0,page break
3539,2026-09-16,Construction Committee,172563,,1,,,,,,,,0,0,page break
3539,2026-09-16,Construction Committee,172564,,2,,,,,,,,0,0,Live Public Comment Instructions:
3539,2026-09-16,Construction Committee,172565,,3,,,,,,,,0,0,"Live public comment can be given by telephone or in-person.

The Meeting begins at 1:00 PM Pacific Time on September 16, 2026; you may join the call 5 minutes prior to the start of the meeting.

Dial-in: 888-978-8818 and enter
English Access Code: 5647249#
Spanish Access Code: 7292892#"
3539,2026-09-16,Construction Committee,172566,,4,,,,,,,,0,0,"Public comment will be taken as the Board takes up each item. To give public  comment on an item, enter #2 (pound-two) when prompted. Please note that the live  video feed lags about 30 seconds behind the actual meeting. There is no lag on the  public comment dial-in line."
3539,2026-09-16,Construction Committee,172567,,5,,,,,,,,0,0,Instrucciones para comentarios publicos en vivo:
3539,2026-09-16,Construction Committee,172568,,6,,,,,,,,0,0,"Los comentarios publicos en vivo se pueden dar por telefono o en persona.

La Reunion de la Junta comienza a las 1:00 PM, hora del Pacifico, el 16 de Septiembre de 2026. Puedes unirte a la llamada 5 minutos antes del comienso de la junta.

Marque: 888-978-8818 y ingrese el codigo
Codigo de acceso en ingles: 5647249#
Codigo de acceso en espanol: 7292892#"
3539,2026-09-16,Construction Committee,172569,,7,,,,,,,,0,0,Los comentarios del público se tomaran cuando se toma cada tema. Para dar un  comentario público sobre una tema ingrese # 2 (Tecla de numero y dos) cuando se le  solicite. Tenga en cuenta que la transmisión de video en vivo se retrasa unos 30  segundos con respecto a la reunión real. No hay retraso en la línea de acceso telefónico para comentarios públicos.
3539,2026-09-16,Construction Committee,172570,,8,,,,,,,,0,0,Written Public Comment Instruction:
3539,2026-09-16,Construction Committee,172571,,9,,,,,,,,0,0,"Written public comments must be received by 5PM the day before the meeting.
Please include the Item # in your comment and your position of “FOR,” “AGAINST,” ""GENERAL COMMENT,"" or ""ITEM NEEDS MORE CONSIDERATION.""
Email: BoardClerk@metro.net
Post Office Mail:
Board Administration
One Gateway Plaza
MS: 99-3-1
Los Angeles, CA 90012"
3539,2026-09-16,Construction Committee,172572,,10,,,,,,,,0,0,page break
3539,2026-09-16,Construction Committee,172573,,11,,,,,,,,0,0,CALL TO ORDER
3539,2026-09-16,Construction Committee,172574,,12,,,,,,,,0,0,ROLL CALL
3539,2026-09-16,Construction Committee,172575,,13,,,,,,,,0,0,"APPROVE Consent Calendar Item: 11. 

Consent Calendar items are approved by one motion unless held by a Director for discussion and/or separate action.
"
3539,2026-09-16,Construction Committee,172576,,14,,,,,,,,0,0,CONSENT CALENDAR
3539,2026-09-16,Construction Committee,172577,,16,,,,,,,,0,0,NON-CONSENT
3539,2026-09-16,Construction Committee,172578,,22,12777,2026-0664,Informational Report,,,,,0,0,RECEIVE General Public Comment
3539,2026-09-16,Construction Committee,172579,,24,,,,,,,,0,0,"Consideration of items not on the posted agenda, including: items to be presented and (if requested) referred to staff; items to be placed on the agenda for action at a future meeting of the Committee or Board; and/or items requiring immediate action because of an emergency situation or where the need to take immediate action came to the attention of the Committee subsequent to the posting of the agenda."
3539,2026-09-16,Construction Committee,172580,,25,,,,,,,,0,0,COMMENTS FROM THE PUBLIC ON ITEMS OF PUBLIC INTEREST WITHIN COMMITTEE’S SUBJECT MATTER JURISDICTION
3539,2026-09-16,Construction Committee,172581,,26,,,,,,,,0,0,Adjournment
3539,2026-09-16,Construction Committee,172583,12,18,12597,2026-0480,Contract,,,,,0,0,"AUTHORIZE the Chief Executive Officer to:

A.	AWARD an Indefinite Delivery/Indefinite Quantity Cost Plus Fixed Fee Contract No. EN 136012EN089, to Veridian Transit Solutions, for Environmental Engineering and Consulting services, in the Not-To-Exceed (NTE) amount of $44,772,922 for a three-year base term, and two, one-year options in the NTE amounts of $14,787,002 and $14,808,572, respectively, for a total NTE amount of $74,368,496, subject to resolution of protest(s), if any; 

B.	EXECUTE Contr"
3539,2026-09-16,Construction Committee,172585,11,15,12676,2026-0563,Contract,,,,,0,0,"AUTHORIZE the Chief Executive Officer to: 

A.	AWARD a firm fixed price Contract No. PS140835000 to RailWorks Track Services, LLC, for Phase 1 Preconstruction Services of the Construction Manager/General Contractor contract for the A&E Line Interlock Project (Project) in the amount of $1,000,000, subject to the resolution of any properly submitted protest(s), if any;

B.	ESTABLISH a Preconstruction Budget for the Project in an amount of $27,290,000; and

C.	NEGOTIATE and EXECUTE all project-rela"
3539,2026-09-16,Construction Committee,172870,,23,,,,,,,,0,0,
3539,2026-09-16,Construction Committee,172871,13,19,12642,2026-0529,Project,,,,,0,0,"AUTHORIZE the Chief Executive Officer to: 

A.	ESTABLISH a Life-of-Project (LOP) budget for the Doran Street Grade Separation Project (Project) in the amount of $116,242,594; 

B.	NEGOTIATE and EXECUTE all contracts, modifications, and agreements up to the authorized LOP budget for the Doran Street Grade Separation Project; and  

C.	AMEND the FY27 budget for the Doran Street Grade Separation Project by $8,497,108 for a total of $30,348,345."
3539,2026-09-16,Construction Committee,172918,14,20,12771,2026-0658,Budget,,,,,0,0,"CONSIDER:

A.	ESTABLISHING a Life-of-Project budget for the Vermont Transit Corridor Bus Rapid Transit (BRT) Project in the amount of $413,786,609; and

B.	AUTHORIZING the Chief Executive Officer to negotiate and execute project-related agreements up to the authorized Life-of-Project budget."
3539,2026-09-16,Construction Committee,172930,,17,,,,,,,,0,0,
3539,2026-09-16,Construction Committee,172952,,21,,,,,,,,0,0,
3540,2026-09-17,"Finance, Budget and Audit Committee",172611,,1,,,,,,,,0,0,page break
3540,2026-09-17,"Finance, Budget and Audit Committee",172612,,2,,,,,,,,0,0,Live Public Comment Instructions:
3540,2026-09-17,"Finance, Budget and Audit Committee",172613,,3,,,,,,,,0,0,"Live public comment can be given by telephone or in-person.

The Meeting begins at 10:00 AM Pacific Time on September 17, 2026; you may join the call 5 minutes prior to the start of the meeting.

Dial-in: 888-978-8818 and enter
English Access Code: 5647249#
Spanish Access Code: 7292892#"
3540,2026-09-17,"Finance, Budget and Audit Committee",172614,,4,,,,,,,,0,0,"Public comment will be taken as the Board takes up each item. To give public  comment on an item, enter #2 (pound-two) when prompted. Please note that the live  video feed lags about 30 seconds behind the actual meeting. There is no lag on the  public comment dial-in line."
3540,2026-09-17,"Finance, Budget and Audit Committee",172615,,5,,,,,,,,0,0,Instrucciones para comentarios publicos en vivo:
3540,2026-09-17,"Finance, Budget and Audit Committee",172616,,6,,,,,,,,0,0,"Los comentarios publicos en vivo se pueden dar por telefono o en persona.

La Reunion de la Junta comienza a las 10:00 AM, hora del Pacifico, el 17 de Septiembre de 2026. Puedes unirte a la llamada 5 minutos antes del comienso de la junta.

Marque: 888-978-8818 y ingrese el codigo
Codigo de acceso en ingles: 5647249#
Codigo de acceso en espanol: 7292892#"
3540,2026-09-17,"Finance, Budget and Audit Committee",172617,,7,,,,,,,,0,0,Los comentarios del público se tomaran cuando se toma cada tema. Para dar un  comentario público sobre una tema ingrese # 2 (Tecla de numero y dos) cuando se le  solicite. Tenga en cuenta que la transmisión de video en vivo se retrasa unos 30  segundos con respecto a la reunión real. No hay retraso en la línea de acceso telefónico para comentarios públicos.
3540,2026-09-17,"Finance, Budget and Audit Committee",172618,,8,,,,,,,,0,0,Written Public Comment Instruction:
3540,2026-09-17,"Finance, Budget and Audit Committee",172619,,9,,,,,,,,0,0,"Written public comments must be received by 5PM the day before the meeting.
Please include the Item # in your comment and your position of “FOR,” “AGAINST,” ""GENERAL COMMENT,"" or ""ITEM NEEDS MORE CONSIDERATION.""
Email: BoardClerk@metro.net
Post Office Mail:
Board Administration
One Gateway Plaza
MS: 99-3-1
Los Angeles, CA 90012"
3540,2026-09-17,"Finance, Budget and Audit Committee",172620,,10,,,,,,,,0,0,page break
3540,2026-09-17,"Finance, Budget and Audit Committee",172621,,11,,,,,,,,0,0,CALL TO ORDER
3540,2026-09-17,"Finance, Budget and Audit Committee",172622,,12,,,,,,,,1,0,ROLL CALL
3540,2026-09-17,"Finance, Budget and Audit Committee",172623,,13,,,,,,,,0,0,"APPROVE Consent Calendar Items: 17, 18, 19, 20, and 21. 

Consent Calendar items are approved by one motion unless held by a Director for discussion and/or separate action.
"
3540,2026-09-17,"Finance, Budget and Audit Committee",172624,,14,,,,,,,,0,0,CONSENT CALENDAR
3540,2026-09-17,"Finance, Budget and Audit Committee",172625,,23,,,,,,,,0,0,NON-CONSENT
3540,2026-09-17,"Finance, Budget and Audit Committee",172626,,29,12778,2026-0665,Informational Report,,,,,0,0,RECEIVE General Public Comment
3540,2026-09-17,"Finance, Budget and Audit Committee",172627,,30,,,,,,,,0,0,"Consideration of items not on the posted agenda, including: items to be presented and (if requested) referred to staff; items to be placed on the agenda for action at a future meeting of the Committee or Board; and/or items requiring immediate action because of an emergency situation or where the need to take immediate action came to the attention of the Committee subsequent to the posting of the agenda."
3540,2026-09-17,"Finance, Budget and Audit Committee",172628,,31,,,,,,,,0,0,COMMENTS FROM THE PUBLIC ON ITEMS OF PUBLIC INTEREST WITHIN COMMITTEE’S SUBJECT MATTER JURISDICTION
3540,2026-09-17,"Finance, Budget and Audit Committee",172629,,32,,,,,,,,0,0,Adjournment
3540,2026-09-17,"Finance, Budget and Audit Committee",172842,17,15,12503,2026-0386,Agreement,,,,,0,0,"AUTHORIZE the Chief Executive Officer (CEO) or their designee to execute Amendment No. 9 to the Lease Agreement with Downtown Properties, LLC (“Lessor”), for the Office of the Inspector General (“OIG”) located at 818 West 7th Street in Los Angeles (Attachment A - Location Map), extending the lease term for 65 months (5 years, 5 months), commencing August 1, 2027, at an initial rate of $39,274 per month with 3% annual escalations, for a total of $2,521,267.65 over the 65-month term."
3540,2026-09-17,"Finance, Budget and Audit Committee",172844,20,19,12346,2026-0229,Appointment,,,,,0,0,"APPROVE the following recommendations for the Measure M Independent Taxpayer Oversight Committee (MMITOC):

A.	Jay Gandhi, the recommended nominee for the area of expertise A, a retired federal or state judge; and

B.	Daniel Freeman, the recommended nominee for the area of expertise F, a licensed architect or engineer."
3540,2026-09-17,"Finance, Budget and Audit Committee",172846,24,27,12694,2026-0581,Informational Report,RECEIVED AND FILED,Pass,,,0,0,RECEIVE AND FILE the Management Audit Services FY 2026 Fourth Quarter and Cumulative year-end report.
3540,2026-09-17,"Finance, Budget and Audit Committee",172847,22,24,12257,2026-0140,Budget,,,,,0,0,"CONSIDER:

A.	AUTHORIZING the Chief Executive Officer or their designee to execute Metrolink’s second continuing resolution to extend Fiscal Year 2026 (FY26) budget authorization through the second quarter of Fiscal Year 2027 (FY27) until January 1, 2027, and execute all necessary agreements between Metro and the Southern California Regional Rail Authority (SCRRA or Metrolink) based on the continuing resolution;

B.	APPROVING additional funding in the amount of up to $365,202 for Metro’s share o"
3540,2026-09-17,"Finance, Budget and Audit Committee",172872,19,18,12714,2026-0601,Program,,,,,0,0,"AUTHORIZE the Chief Executive Officer to award a firm fixed unit rate Contract No. PS134759000 to Matrix Healthcare Services, Inc., dba MyMatrixx, to administer and manage pharmacy benefits, and process and pass through prescription medications for Metro’s Workers’ Compensation Program (the “Program”) in the Not-To-Exceed (NTE) amount of $9,672,000 for the initial three-year base term, $3,256,000 for the first, one-year option, and $3,320,000 for the second, one-year option, for a total NTE amou"
3540,2026-09-17,"Finance, Budget and Audit Committee",172873,18,16,12480,2026-0363,Informational Report,RECEIVED AND FILED,Pass,,,0,0,"RECEIVE AND FILE Office of the Inspector General (OIG) Final Report on the Statutorily Mandated Audit of Miscellaneous Expenses for the Period of July 1, 2025, to September 30, 2025."
3540,2026-09-17,"Finance, Budget and Audit Committee",172877,,28,,,,,,,,0,0,
3540,2026-09-17,"Finance, Budget and Audit Committee",172931,,17,,,,,,,,0,0,page break
3540,2026-09-17,"Finance, Budget and Audit Committee",172932,,20,,,,,,,,0,0,page break
3540,2026-09-17,"Finance, Budget and Audit Committee",172936,21,21,12719,2026-0606,Contract,,,,,0,0,"AUTHORIZE the Chief Executive Officer (CEO) to renew existing group insurance policies covering Non-Contract and American Federation of State, County and Municipal (AFSCME) employees, including long term disability coverage for Teamsters employees, and life insurance for all full-time Los Angeles County Metropolitan Transportation Authority (Metro) employees, for the one-year period beginning January 1, 2027 (Attachment A)."
3540,2026-09-17,"Finance, Budget and Audit Committee",172954,23,25,12803,2026-0690,Motion / Motion Response,,,,,0,0,"APPROVE Motion by Yaroslavsky, Bass, Padilla, Mitchell, and Horvath to direct the Chief Executive Officer, in consultation with any relevant County or City of Los Angeles departments, to:

A.	EVALUATE the feasibility of temporary advertising on construction walls or solid fencing at one Metro-owned property within the City of Los Angeles, including but not limited to the Metro-owned lots on (1) the southwest corner of Wilshire Boulevard and La Brea Avenue; and (2) relevant East San Fernando Vall"
3540,2026-09-17,"Finance, Budget and Audit Committee",172963,,22,,,,,,,,0,0,
3540,2026-09-17,"Finance, Budget and Audit Committee",172967,,26,,,,,,,,0,0,page break
3541,2026-09-17,Executive Management Committee,172630,,1,,,,,,,,0,0,page break
3541,2026-09-17,Executive Management Committee,172631,,2,,,,,,,,0,0,Live Public Comment Instructions:
3541,2026-09-17,Executive Management Committee,172632,,3,,,,,,,,0,0,"Live public comment can be given by telephone or in-person.

The Meeting begins at 11:00 AM Pacific Time on September 17, 2026; you may join the call 5 minutes prior to the start of the meeting.

Dial-in: 888-978-8818 and enter
English Access Code: 5647249#
Spanish Access Code: 7292892#"
3541,2026-09-17,Executive Management Committee,172633,,4,,,,,,,,0,0,"Public comment will be taken as the Board takes up each item. To give public  comment on an item, enter #2 (pound-two) when prompted. Please note that the live  video feed lags about 30 seconds behind the actual meeting. There is no lag on the  public comment dial-in line."
3541,2026-09-17,Executive Management Committee,172634,,5,,,,,,,,0,0,Instrucciones para comentarios publicos en vivo:
3541,2026-09-17,Executive Management Committee,172635,,6,,,,,,,,0,0,"Los comentarios publicos en vivo se pueden dar por telefono o en persona.

La Reunion de la Junta comienza a las 11:00 AM, hora del Pacifico, el 17 de Septiembre de 2026. Puedes unirte a la llamada 5 minutos antes del comienso de la junta.

Marque: 888-978-8818 y ingrese el codigo
Codigo de acceso en ingles: 5647249#
Codigo de acceso en espanol: 7292892#"
3541,2026-09-17,Executive Management Committee,172636,,7,,,,,,,,0,0,Los comentarios del público se tomaran cuando se toma cada tema. Para dar un  comentario público sobre una tema ingrese # 2 (Tecla de numero y dos) cuando se le  solicite. Tenga en cuenta que la transmisión de video en vivo se retrasa unos 30  segundos con respecto a la reunión real. No hay retraso en la línea de acceso telefónico para comentarios públicos.
3541,2026-09-17,Executive Management Committee,172637,,8,,,,,,,,0,0,Written Public Comment Instruction:
3541,2026-09-17,Executive Management Committee,172638,,9,,,,,,,,0,0,"Written public comments must be received by 5PM the day before the meeting.
Please include the Item # in your comment and your position of “FOR,” “AGAINST,” ""GENERAL COMMENT,"" or ""ITEM NEEDS MORE CONSIDERATION.""
Email: BoardClerk@metro.net
Post Office Mail:
Board Administration
One Gateway Plaza
MS: 99-3-1
Los Angeles, CA 90012"
3541,2026-09-17,Executive Management Committee,172639,,10,,,,,,,,0,0,page break
3541,2026-09-17,Executive Management Committee,172640,,11,,,,,,,,0,0,CALL TO ORDER
3541,2026-09-17,Executive Management Committee,172641,,12,,,,,,,,1,0,ROLL CALL
3541,2026-09-17,Executive Management Committee,172642,,13,,,,,,,,0,0,"APPROVE Consent Calendar Item: 25. 

Consent Calendar items are approved by one motion unless held by a Director for discussion and/or separate action.
"
3541,2026-09-17,Executive Management Committee,172643,,14,,,,,,,,0,0,CONSENT CALENDAR
3541,2026-09-17,Executive Management Committee,172644,,17,,,,,,,,0,0,NON-CONSENT
3541,2026-09-17,Executive Management Committee,172645,,28,12779,2026-0666,Informational Report,,,,,0,0,RECEIVE General Public Comment
3541,2026-09-17,Executive Management Committee,172646,,29,,,,,,,,0,0,"Consideration of items not on the posted agenda, including: items to be presented and (if requested) referred to staff; items to be placed on the agenda for action at a future meeting of the Committee or Board; and/or items requiring immediate action because of an emergency situation or where the need to take immediate action came to the attention of the Committee subsequent to the posting of the agenda."
3541,2026-09-17,Executive Management Committee,172647,,30,,,,,,,,0,0,COMMENTS FROM THE PUBLIC ON ITEMS OF PUBLIC INTEREST WITHIN COMMITTEE’S SUBJECT MATTER JURISDICTION
3541,2026-09-17,Executive Management Committee,172648,,31,,,,,,,,0,0,Adjournment
3541,2026-09-17,Executive Management Committee,172848,,16,,,,,,,,0,0,
3541,2026-09-17,Executive Management Committee,172849,25,15,12675,2026-0562,Appointment,,,,,0,0,APPROVE the appointment of the Chinese American Construction Professionals (CACP) to the Transportation Business Advisory Council (TBAC) membership.
3541,2026-09-17,Executive Management Committee,172850,30,25,12555,2026-0438,Informational Report,RECEIVED AND FILED,Pass,,,0,0,RECEIVE AND FILE the Community Advisory Council (CAC) Update.
3541,2026-09-17,Executive Management Committee,172854,28,21,12734,2026-0621,Program,,,,,0,0,"WITHDRAWN: 

ADOPT the staff recommendation for the following official and operational station names for the two stations that comprise Metro Rail’s D Line Extension, Section 3:

Official Station Name: Wilshire/UCLA		
Operational Station Name: Wilshire/UCLA
			
Official Station Name: Wilshire/VA Medical Ctr		
Operational Station Name: Wilshire/VA Medical Ctr"
3541,2026-09-17,Executive Management Committee,172878,31,26,12744,2026-0631,Informational Report,RECEIVED AND FILED,Pass,,,0,0,RECEIVE AND FILE September 2026 Federal and State Legislative Report.
3541,2026-09-17,Executive Management Committee,172921,26,18,12696,2026-0583,Program,,,,,0,0,"CONSIDER:

A.	APPROVING the use of $1 million of previously deobligated local Proposition C 25% Call for Projects funding set aside in reserve for capital projects to fund Open and Slow Streets Cycle 8 operational events between September 2026 and March 2028;

B.	AMENDING the FY27 Budget by $1,000,000 to authorize expenditures for Recommendation A; and

C.	AUTHORIZING the Chief Executive Officer or their designee to award eligible Cycle 8 events that meet the requirements and process outlined in"
3541,2026-09-17,Executive Management Committee,172928,,27,,,,,,,,0,0,
3541,2026-09-17,Executive Management Committee,172956,,24,,,,,,,,0,0,
3541,2026-09-17,Executive Management Committee,172957,29,23,12802,2026-0689,Motion / Motion Response,,,,,0,0,"APPROVE Motion by Bass, Dupont-Walker, Richardson, Mitchell, Solis and Sandoval to direct the CEO to:

A.	DEVELOP a plan to increase participation in Metro’s subsidized fare and fareless programs by at least 30 percent, including the LIFE Program, GoPass, U-Pass, the Employer Program and all existing programs that provide free or reduced-cost transit to eligible riders. The plan should include strategies to increase employer participation and encourage more employers to subsidize or provide free"
3541,2026-09-17,Executive Management Committee,172958,27,20,12801,2026-0688,Motion / Motion Response,,,,,0,0,"APPROVE Motion by Bass, Yaroslavsky, Padilla, Butts, Solis, and Horvath to direct the CEO to:

A.	ENSURE the following criteria will be applied when evaluating the grant applications for Open Streets events held in FY 2027 between January 2027 - July 2028; 

1.	Establish a maximum grant amount of $250,000, while maintaining the existing minimum local match requirement;

2.	A minimum of 3 consecutive miles of street closure per event No minimum route length requirement shall apply; 

3.	Applicati"
3541,2026-09-17,Executive Management Committee,172964,,22,,,,,,,,0,0,page break
3541,2026-09-17,Executive Management Committee,172969,,19,,,,,,,,0,0,page break
3544,2026-09-17,"Operations, Safety, and Customer Experience Committee",172649,,1,,,,,,,,0,0,page break
3544,2026-09-17,"Operations, Safety, and Customer Experience Committee",172650,,2,,,,,,,,0,0,Live Public Comment Instructions:
3544,2026-09-17,"Operations, Safety, and Customer Experience Committee",172651,,3,,,,,,,,0,0,"Live public comment can be given by telephone or in-person.

The Meeting begins at 1:00 PM Pacific Time on September 17, 2026; you may join the call 5 minutes prior to the start of the meeting.

Dial-in: 888-978-8818 and enter
English Access Code: 5647249#
Spanish Access Code: 7292892#"
3544,2026-09-17,"Operations, Safety, and Customer Experience Committee",172652,,4,,,,,,,,0,0,"Public comment will be taken as the Board takes up each item. To give public  comment on an item, enter #2 (pound-two) when prompted. Please note that the live  video feed lags about 30 seconds behind the actual meeting. There is no lag on the  public comment dial-in line."
3544,2026-09-17,"Operations, Safety, and Customer Experience Committee",172653,,5,,,,,,,,0,0,Instrucciones para comentarios publicos en vivo:
3544,2026-09-17,"Operations, Safety, and Customer Experience Committee",172654,,6,,,,,,,,0,0,"Los comentarios publicos en vivo se pueden dar por telefono o en persona.

La Reunion de la Junta comienza a las 1:00 PM, hora del Pacifico, el 17 de Septiembre de 2026. Puedes unirte a la llamada 5 minutos antes del comienso de la junta.

Marque: 888-978-8818 y ingrese el codigo
Codigo de acceso en ingles: 5647249#
Codigo de acceso en espanol: 7292892#"
3544,2026-09-17,"Operations, Safety, and Customer Experience Committee",172655,,7,,,,,,,,0,0,Los comentarios del público se tomaran cuando se toma cada tema. Para dar un  comentario público sobre una tema ingrese # 2 (Tecla de numero y dos) cuando se le  solicite. Tenga en cuenta que la transmisión de video en vivo se retrasa unos 30  segundos con respecto a la reunión real. No hay retraso en la línea de acceso telefónico para comentarios públicos.
3544,2026-09-17,"Operations, Safety, and Customer Experience Committee",172656,,8,,,,,,,,0,0,Written Public Comment Instruction:
3544,2026-09-17,"Operations, Safety, and Customer Experience Committee",172657,,9,,,,,,,,0,0,"Written public comments must be received by 5PM the day before the meeting.
Please include the Item # in your comment and your position of “FOR,” “AGAINST,” ""GENERAL COMMENT,"" or ""ITEM NEEDS MORE CONSIDERATION.""
Email: BoardClerk@metro.net
Post Office Mail:
Board Administration
One Gateway Plaza
MS: 99-3-1
Los Angeles, CA 90012"
3544,2026-09-17,"Operations, Safety, and Customer Experience Committee",172658,,10,,,,,,,,0,0,page break
3544,2026-09-17,"Operations, Safety, and Customer Experience Committee",172659,,11,,,,,,,,0,0,CALL TO ORDER
3544,2026-09-17,"Operations, Safety, and Customer Experience Committee",172660,,12,,,,,,,,1,0,ROLL CALL
3544,2026-09-17,"Operations, Safety, and Customer Experience Committee",172661,,13,,,,,,,,0,0,"APPROVE Consent Calendar Items: 32, 34, 35 and 36. 

Consent Calendar items are approved by one motion unless held by a Director for discussion and/or separate action.
"
3544,2026-09-17,"Operations, Safety, and Customer Experience Committee",172662,,14,,,,,,,,0,0,CONSENT CALENDAR
3544,2026-09-17,"Operations, Safety, and Customer Experience Committee",172663,,23,,,,,,,,0,0,NON-CONSENT
3544,2026-09-17,"Operations, Safety, and Customer Experience Committee",172664,,36,12780,2026-0667,Informational Report,,,,,0,0,RECEIVE General Public Comment
3544,2026-09-17,"Operations, Safety, and Customer Experience Committee",172665,,37,,,,,,,,0,0,"Consideration of items not on the posted agenda, including: items to be presented and (if requested) referred to staff; items to be placed on the agenda for action at a future meeting of the Committee or Board; and/or items requiring immediate action because of an emergency situation or where the need to take immediate action came to the attention of the Committee subsequent to the posting of the agenda."
3544,2026-09-17,"Operations, Safety, and Customer Experience Committee",172666,,38,,,,,,,,0,0,COMMENTS FROM THE PUBLIC ON ITEMS OF PUBLIC INTEREST WITHIN COMMITTEE’S SUBJECT MATTER JURISDICTION
3544,2026-09-17,"Operations, Safety, and Customer Experience Committee",172667,,39,,,,,,,,0,0,Adjournment
3544,2026-09-17,"Operations, Safety, and Customer Experience Committee",172855,34,19,12677,2026-0564,Contract,,,,,0,0,"AUTHORIZE the Chief Executive Officer to award a firm fixed price contract, Contract No. DR135489 for six swing loaders with hi-rail gears to SWNG Inc. (DBA Swingmaster), the lowest responsive and responsible bidder, for a total contract amount of $2,573,400, plus applicable California’s use tax, subject to the resolution of any properly submitted protest(s), if any."
3544,2026-09-17,"Operations, Safety, and Customer Experience Committee",172857,43,32,12586,2026-0469,Oral Report / Presentation,RECEIVED,Pass,,,0,0,"RECEIVE oral report on the quarterly Customer Experience Pulse Survey, customer experience improvements and marketing and communications campaign results."
3544,2026-09-17,"Operations, Safety, and Customer Experience Committee",172858,37,24,12654,2026-0541,Oral Report / Presentation,RECEIVED,Pass,,,0,0,RECOGNIZE Operations Employees of the Month.
3544,2026-09-17,"Operations, Safety, and Customer Experience Committee",172859,33,17,12596,2026-0479,Appointment,,,,,0,0,"WITHDRAWN: 

APPROVE nominees for membership on Metro’s San Fernando Valley and Westside Central Service Councils (Attachment A)."
3544,2026-09-17,"Operations, Safety, and Customer Experience Committee",172860,32,15,12179,2026-0063,Contract,,,,,0,0,"AUTHORIZE the Chief Executive Officer to execute Contract Modification No. 34 to Contract No PS20113000, a cost plus fixed-fee contract with CH2M Hill, Inc. for the P2000 Light Rail Vehicle (LRV) Overhaul Program Consultant Support Services, increasing the Not-To-Exceed (NTE) contract price by $810,985.32, from $11,012,090.20 to $11,823,075.52, and extending the period of performance from September 30, 2026 through June 30, 2034. This requested increase to the NTE contract price is within the cu"
3544,2026-09-17,"Operations, Safety, and Customer Experience Committee",172861,42,31,12456,2026-0339,Informational Report,RECEIVED,Pass,,,0,0,RECEIVE oral report that provides an update on Metro’s efforts to launch a comprehensive Station Activation Program.
3544,2026-09-17,"Operations, Safety, and Customer Experience Committee",172862,41,29,12047,2025-1029,Informational Report,RECEIVED AND FILED,Pass,,,0,0,RECEIVE AND FILE Office of the Inspector General (OIG) Final Report on Review of Metro Rail Station Repairs.
3544,2026-09-17,"Operations, Safety, and Customer Experience Committee",172864,39,26,12682,2026-0569,Budget,,,,,0,0,"AUTHORIZE the Chief Executive Officer to increase the Life of Project Budget (LOP) for the Project 205670 - Metro C Line Traction Power Substations Replacement by $63,000,000 increasing the Life of Project from $98,500,000 to $161,500,000."
3544,2026-09-17,"Operations, Safety, and Customer Experience Committee",172865,38,25,12655,2026-0542,Oral Report / Presentation,RECEIVED,Pass,,,0,0,RECEIVE oral report on Metro Operations.
3544,2026-09-17,"Operations, Safety, and Customer Experience Committee",172874,36,22,12680,2026-0567,Contract,,,,,0,0,"AUTHORIZE the Chief Executive Officer to execute Modification No. 4 to Contract No. OP964830008370 with Graffiti Shield, Inc. for stainless steel anti-graffiti film installation and replacement services for Regions 1, 2, and 3, to exercise the first one-year option in the Not-To-Exceed (NTE) amount of $5,737,859, increasing the total NTE contract amount from $15,722,845 to $21,460,704, and extending the period of performance from December 1, 2026, to November 30, 2027."
3544,2026-09-17,"Operations, Safety, and Customer Experience Committee",172875,35,20,12679,2026-0566,Contract,,,,,0,0,"AUTHORIZE the Chief Executive Officer to execute Modification No. 2 to Contract No. OP44851-20008370 with Prudential Overall Supply for uniform rental services, to exercise the one, three-year option in the Not-To-Exceed (NTE) amount of $3,575,446, increasing the total contract NTE amount from $3,256,271 to $6,831,717, and extending the period of performance from December 1, 2026 to November 30, 2029."
3544,2026-09-17,"Operations, Safety, and Customer Experience Committee",172879,,35,,,,,,,,0,0,page break
3544,2026-09-17,"Operations, Safety, and Customer Experience Committee",172880,45,34,12685,2026-0572,Informational Report,RECEIVED AND FILED,Pass,,,0,0,RECEIVE AND FILE the Public Safety Report.
3544,2026-09-17,"Operations, Safety, and Customer Experience Committee",172881,44,33,12737,2026-0624,Informational Report,RECEIVED AND FILED,Pass,,,0,0,RECEIVE AND FILE Metro’s Public Safety Advisory Committee (PSAC) Update.
3544,2026-09-17,"Operations, Safety, and Customer Experience Committee",172933,,16,,,,,,,,0,0,
3544,2026-09-17,"Operations, Safety, and Customer Experience Committee",172934,,21,,,,,,,,0,0,"
"
3544,2026-09-17,"Operations, Safety, and Customer Experience Committee",172953,40,27,12785,2026-0672,Contract,,,,,0,0,"AUTHORIZE the Chief Executive Officer (CEO) to execute Modification No. 25 to Contract No. PS272680011357 with Bicycle Transit Systems, Inc., DBA Revolution, to implement and support the grant funded expansion of the Metro Bike Share (MBS) system in the Not-To-Exceed (NTE) amount of $7,550,000, increasing the total contract value from $139,830,029 to $147,380,029."
3544,2026-09-17,"Operations, Safety, and Customer Experience Committee",172959,,30,,,,,,,,0,0,
3544,2026-09-17,"Operations, Safety, and Customer Experience Committee",172965,,18,,,,,,,,0,0,page break
3544,2026-09-17,"Operations, Safety, and Customer Experience Committee",172966,,28,,,,,,,,0,0,page break
3545,2026-09-24,Board of Directors - Regular Board Meeting,172882,,1,,,,,,,,0,0,page break
3545,2026-09-24,Board of Directors - Regular Board Meeting,172883,,2,,,,,,,,0,0,Live Public Comment Instructions:
3545,2026-09-24,Board of Directors - Regular Board Meeting,172884,,3,,,,,,,,0,0,"Live public comment can be given by telephone or in-person.

The Meeting begins at 10:00 AM Pacific Time on September 24, 2026; you may join the call 5 minutes prior to the start of the meeting.

Dial-in: 888-978-8818 and enter
English Access Code: 5647249#
Spanish Access Code: 7292892#"
3545,2026-09-24,Board of Directors - Regular Board Meeting,172885,,4,,,,,,,,0,0,"Public comment will be taken as the Board takes up each item. To give public  comment on an item, enter #2 (pound-two) when prompted. Please note that the live  video feed lags about 30 seconds behind the actual meeting. There is no lag on the  public comment dial-in line."
3545,2026-09-24,Board of Directors - Regular Board Meeting,172886,,5,,,,,,,,0,0,Instrucciones para comentarios publicos en vivo:
3545,2026-09-24,Board of Directors - Regular Board Meeting,172887,,6,,,,,,,,0,0,"Los comentarios publicos en vivo se pueden dar por telefono o en persona.

La Reunion de la Junta comienza a las 10:00 AM, hora del Pacifico, el 24 de Septiembre de 2026. Puedes unirte a la llamada 5 minutos antes del comienso de la junta.

Marque: 888-978-8818 y ingrese el codigo
Codigo de acceso en ingles: 5647249#
Codigo de acceso en espanol: 7292892#"
3545,2026-09-24,Board of Directors - Regular Board Meeting,172888,,7,,,,,,,,0,0,Los comentarios del público se tomaran cuando se toma cada tema. Para dar un  comentario público sobre una tema ingrese # 2 (Tecla de numero y dos) cuando se le  solicite. Tenga en cuenta que la transmisión de video en vivo se retrasa unos 30  segundos con respecto a la reunión real. No hay retraso en la línea de acceso telefónico para comentarios públicos.
3545,2026-09-24,Board of Directors - Regular Board Meeting,172889,,8,,,,,,,,0,0,Written Public Comment Instruction:
3545,2026-09-24,Board of Directors - Regular Board Meeting,172890,,9,,,,,,,,0,0,"Written public comments must be received by 5PM the day before the meeting.
Please include the Item # in your comment and your position of “FOR,” “AGAINST,” ""GENERAL COMMENT,"" or ""ITEM NEEDS MORE CONSIDERATION.""
Email: BoardClerk@metro.net
Post Office Mail:
Board Administration
One Gateway Plaza
MS: 99-3-1
Los Angeles, CA 90012"
3545,2026-09-24,Board of Directors - Regular Board Meeting,172891,,10,,,,,,,,0,0,page break
3545,2026-09-24,Board of Directors - Regular Board Meeting,172892,,11,,,,,,,,0,0,CALL TO ORDER
3545,2026-09-24,Board of Directors - Regular Board Meeting,172893,,12,,,,,,,,1,0,ROLL CALL
3545,2026-09-24,Board of Directors - Regular Board Meeting,172894,,13,,,,,,,,0,0,"APPROVE Consent Calendar Items: 2, 5, 6, 7, 8, 9, 10, 11, 13, 14, 17, 19, 20, 21, 23, 25, 26, 27, 29, 32, 34, 35, 36, 39, and 40. 

Consent Calendar items are approved by one motion unless held by a Director for discussion and/or separate action.

All Consent Calendar items are listed at the end of the agenda, beginning on page 9."
3545,2026-09-24,Board of Directors - Regular Board Meeting,172895,,14,,,,,,,,0,0,NON-CONSENT
3545,2026-09-24,Board of Directors - Regular Board Meeting,172896,,24,,,,,,,,0,0,END OF NON-CONSENT ITEMS
3545,2026-09-24,Board of Directors - Regular Board Meeting,172897,,28,,,,,,,,0,0,"CONSENT CALENDAR - ITEMS 2, 5, 6, 7, 8, 9, 10, 11, 13, 14, 17, 19, 20, 21, 23, 25, 26, 27, 29, 32, 34, 35, 36, 39, and 40. "
3545,2026-09-24,Board of Directors - Regular Board Meeting,172898,,82,12809,2026-0696,Informational Report,,,,,0,0,RECEIVE General Public Comment
3545,2026-09-24,Board of Directors - Regular Board Meeting,172899,,83,,,,,,,,0,0,"Consideration of items not on the posted agenda, including: items to be presented and (if requested) referred to staff; items to be placed on the agenda for action at a future meeting of the Committee or Board; and/or items requiring immediate action because of an emergency situation or where the need to take immediate action came to the attention of the Committee subsequent to the posting of the agenda."
3545,2026-09-24,Board of Directors - Regular Board Meeting,172900,,84,,,,,,,,0,0,COMMENTS FROM THE PUBLIC ON ITEMS OF PUBLIC INTEREST WITHIN COMMITTEE’S SUBJECT MATTER JURISDICTION
3545,2026-09-24,Board of Directors - Regular Board Meeting,172901,,85,,,,,,,,0,0,Adjournment
3545,2026-09-24,Board of Directors - Regular Board Meeting,172903,46,23,12690,2026-0577,Contract,APPROVED AS AMENDED,Pass,,,0,0,"AUTHORIZE the Chief Executive Officer to:

A.	AWARD Contract No. OP118576(2)000 with ElDorado National (California), Inc. (ENC), for the manufacturing and delivery of 220 Battery Electric Buses (BEBs) in the amount of $337,698,727.58 for the base contract, including taxes and delivery; exclusive of any contract option buses, subject to the resolution of any properly submitted protest(s), if any;

B.	INCREASE the Life-Of-Project (LOP) for Capital Project 201078 from $52,000,000, established to pu"
3545,2026-09-24,Board of Directors - Regular Board Meeting,172905,,81,,,,,,,,0,0,
3545,2026-09-24,Board of Directors - Regular Board Meeting,172906,8,37,12584,2026-0467,Resolution,ADOPTED,Pass,,,0,1,"CONSIDER approving the Resolution in Attachment A that:

A.	AUTHORIZES the Chief Executive Officer (CEO) or their designee to claim a total of $58,909,350 in California Cap-and-Invest (formerly California Cap-and-Trade) proceeds, accumulated in State Fiscal Year (FY) 2025-26, disbursed through LCTOP for A-Line Operations;

B.	CERTIFIES that Metro will comply with LCTOP certification, assurances, and the authorized agent requirements; and

C.	AUTHORIZES the CEO or their designee to execute all re"
3545,2026-09-24,Board of Directors - Regular Board Meeting,172907,7,35,12698,2026-0585,Program,APPROVED,Pass,,,0,1,"CONSIDER:

A.	DEOBLIGATING $2.23 million of previously approved Call for Projects (Call) funding, as shown in Attachment A, and held in reserve;

B.	APPROVING changes to the scope of work for the City of Long Beach - 1st Street Pedestrian Gallery (#F9628); 

C.	AUTHORIZING the Chief Executive Officer (CEO) or their designee to negotiate and execute all necessary agreements/or amendments for previously awarded projects; and

D.	RECEIVING AND FILING time extensions for 46 projects shown in"
3545,2026-09-24,Board of Directors - Regular Board Meeting,172908,,30,,,,,,,,0,0,PLANNING AND PROGRAMMING COMMITTEE MADE THE FOLLOWING RECOMMENDATION (4-0):
3545,2026-09-24,Board of Directors - Regular Board Meeting,172976,4,16,12808,2026-0695,Oral Report / Presentation,RECEIVED,,,,0,0,RECEIVE report by the Chief Executive Officer.
3545,2026-09-24,Board of Directors - Regular Board Meeting,172977,3,15,12807,2026-0694,Oral Report / Presentation,RECEIVED,,,,0,0,RECEIVE remarks by the Chair.
3545,2026-09-24,Board of Directors - Regular Board Meeting,172978,,34,,,,,,,,0,0,PLANNING AND PROGRAMMING COMMITTEE MADE THE FOLLOWING RECOMMENDATION (4-0):
3545,2026-09-24,Board of Directors - Regular Board Meeting,172979,6,33,12645,2026-0532,Program,APPROVED,Pass,,,0,1,"CONSIDER:

A.	APPROVING the programming of an additional $5,183,184 within the capacity of Measure M Multi-Year Subregional Program (MSP) - Active Transportation Program, and reprogramming project funds previously approved to meet the project schedule, as shown in Attachment A; and

B.	AUTHORIZING the Chief Executive Officer or their designee to negotiate and execute all necessary agreements and/or amendments for approved projects."
3545,2026-09-24,Board of Directors - Regular Board Meeting,172980,,32,,,,,,,,0,0,PLANNING AND PROGRAMMING COMMITTEE MADE THE FOLLOWING RECOMMENDATION (4-0):
3545,2026-09-24,Board of Directors - Regular Board Meeting,172981,5,31,12524,2026-0407,Agreement,APPROVED,Pass,,,0,1,"AUTHORIZING the Chief Executive Officer (CEO) or their  designee to execute an amendment to the Joint Development Agreement (JDA) with Chavez Fickett, L.P. (Developer), an affiliate of Abode Communities, to extend the term for one year, from October 19, 2026 to October 19, 2027, with an option to extend for one additional year for the joint development of a mixed-use, affordable housing project on 1.56 acres of Metro-owned property located at the corner of Cesar E. Chavez Avenue and Fickett Stre"
3545,2026-09-24,Board of Directors - Regular Board Meeting,172982,,40,,,,,,,,0,0,PLANNING AND PROGRAMMING COMMITTEE MADE THE FOLLOWING RECOMMENDATION (6-0):
3545,2026-09-24,Board of Directors - Regular Board Meeting,172983,,36,,,,,,,,0,0,PLANNING AND PROGRAMMING COMMITTEE MADE THE FOLLOWING RECOMMENDATION (6-0):
3545,2026-09-24,Board of Directors - Regular Board Meeting,172984,9,39,12697,2026-0584,Program,APPROVED,Pass,,,0,1,"CONSIDER:

A.	APPROVING:

1.	Programming an additional $96,574,573 within the capacity of Measure M Multi-Year Subregional Program (MSP) - Transportation System and Mobility Improvements Program (Expenditure Line 50), and reprogramming $29,828,100 project funds previously approved to meet the project schedule, as shown in Attachment A;

2.	Programming an additional $8,700,000 within the capacity of Measure M MSP - South Bay Highway Operational Improvements Program (Expenditure Line 63), as shown"
3545,2026-09-24,Board of Directors - Regular Board Meeting,172985,,38,,,,,,,,0,0,PLANNING AND PROGRAMMING COMMITTEE MADE THE FOLLOWING RECOMMENDATION (6-0):
3545,2026-09-24,Board of Directors - Regular Board Meeting,172986,17,49,12503,2026-0386,Agreement,APPROVED ON CONSENT CALENDAR,Pass,Tim Sandoval,Ara J. Najarian,0,0,"AUTHORIZE the Chief Executive Officer (CEO) or their designee to execute Amendment No. 9 to the Lease Agreement with Downtown Properties, LLC (“Lessor”), for the Office of the Inspector General (“OIG”) located at 818 West 7th Street in Los Angeles (Attachment A - Location Map), extending the lease term for 65 months (5 years, 5 months), commencing August 1, 2027, at an initial rate of $39,274 per month with 3% annual escalations, for a total of $2,521,267.65 over the 65-month term."
3545,2026-09-24,Board of Directors - Regular Board Meeting,172987,10,41,12775,2026-0662,Project,APPROVED,Pass,,,0,1,"CONSIDER: 

A.	PROGRAMMING an amount not-to-exceed $35 million in Measure M I-710 South Corridor Project (now the LB-ELA CMIP) Highway Capital Funds as funding augmentation for the Shoreline Drive Realignment Project, subject to contingencies including partial repayment (Attachment A);

B.	AMENDING the FY 2027 Budget to accommodate this programming action; and

C.	AUTHORIZING the Chief Executive Officer or their designee to negotiate and execute all necessary agreements with the City of Lo"
3545,2026-09-24,Board of Directors - Regular Board Meeting,172988,,48,,,,,,,,0,0,"FINANCE, BUDGET, AND AUDIT COMMITTEE MADE THE FOLLOWING RECOMMENDATION (4-0):"
3545,2026-09-24,Board of Directors - Regular Board Meeting,172989,14,47,12771,2026-0658,Budget,ADOPTED,Pass,,,0,1,"CONSIDER:

A.	ESTABLISHING a Life-of-Project budget for the Vermont Transit Corridor Bus Rapid Transit (BRT) Project in the amount of $413,786,609; and

B.	AUTHORIZING the Chief Executive Officer to negotiate and execute project-related agreements up to the authorized Life-of-Project budget."
3545,2026-09-24,Board of Directors - Regular Board Meeting,172990,,46,,,,,,,,0,0,CONSTRUCTION COMMITTEE MADE THE FOLLOWING RECOMMENDATION (3-0):
3545,2026-09-24,Board of Directors - Regular Board Meeting,172991,13,45,12642,2026-0529,Project,APPROVED,Pass,,,0,1,"AUTHORIZE the Chief Executive Officer to: 

A.	ESTABLISH a Life-of-Project (LOP) budget for the Doran Street Grade Separation Project (Project) in the amount of $116,242,594; 

B.	NEGOTIATE and EXECUTE all contracts, modifications, and agreements up to the authorized LOP budget for the Doran Street Grade Separation Project; and  

C.	AMEND the FY27 budget for the Doran Street Grade Separation Project by $8,497,108 for a total of $30,348,345."
3545,2026-09-24,Board of Directors - Regular Board Meeting,172992,,42,,,,,,,,0,0,CONSTRUCTION COMMITTEE MADE THE FOLLOWING RECOMMENDATION (3-0):
3545,2026-09-24,Board of Directors - Regular Board Meeting,172993,11,43,12676,2026-0563,Contract,APPROVED,Pass,,,0,1,"AUTHORIZE the Chief Executive Officer to: 

A.	AWARD a firm fixed price Contract No. PS140835000 to RailWorks Track Services, LLC, for Phase 1 Preconstruction Services of the Construction Manager/General Contractor contract for the A&E Line Interlock Project (Project) in the amount of $1,000,000, subject to the resolution of any properly submitted protest(s), if any;

B.	ESTABLISH a Preconstruction Budget for the Project in an amount of $27,290,000; and

C.	NEGOTIATE and EXECUTE all project-rela"
3545,2026-09-24,Board of Directors - Regular Board Meeting,172994,,44,,,,,,,,0,0,CONSTRUCTION COMMITTEE MADE THE FOLLOWING RECOMMENDATION (3-0):
3545,2026-09-24,Board of Directors - Regular Board Meeting,172995,2,29,12811,2026-0698,Minutes,APPROVED,Pass,,,0,1,"APPROVE Minutes of the Regular Board Meeting held July 23, 2026 and the Special Board Meeting held September 16, 2026."
3545,2026-09-24,Board of Directors - Regular Board Meeting,172997,12,18,12597,2026-0480,Contract,APPROVED,Pass,James Butts,Holly J. Mitchell,0,0,"AUTHORIZE the Chief Executive Officer to:

A.	AWARD an Indefinite Delivery/Indefinite Quantity Cost Plus Fixed Fee Contract No. EN 136012EN089, to Veridian Transit Solutions, for Environmental Engineering and Consulting services, in the Not-To-Exceed (NTE) amount of $44,772,922 for a three-year base term, and two, one-year options in the NTE amounts of $14,787,002 and $14,808,572, respectively, for a total NTE amount of $74,368,496, subject to resolution of protest(s), if any; 

B.	EXECUTE Contr"
3545,2026-09-24,Board of Directors - Regular Board Meeting,172998,,17,,,,,,,,0,0,CONSTRUCTION COMMITTEE FORWARDED THE FOLLOWING DUE TO CONFLICTS AND ABSENCES:
3545,2026-09-24,Board of Directors - Regular Board Meeting,173005,27,65,12801,2026-0688,Motion / Motion Response,APPROVED AS AMENDED,Pass,,,0,0,"APPROVE Motion by Bass, Yaroslavsky, Padilla, Butts, Solis, and Horvath to direct the CEO to:

A.	ENSURE the following criteria will be applied when evaluating the grant applications for Open Streets events held in FY 2027 between January 2027 - July 2028; 

1.	Establish a maximum grant amount of $250,000, while maintaining the existing minimum local match requirement;

2.	A minimum of 3 consecutive miles of street closure per event No minimum route length requirement shall apply; 

3.	Applicati"
3545,2026-09-24,Board of Directors - Regular Board Meeting,173006,,64,,,,,,,,0,0,EXECUTIVE MANAGEMENT COMMITTEE MADE THE FOLLOWING RECOMMENDATION (3-0):
3545,2026-09-24,Board of Directors - Regular Board Meeting,173007,26,63,12696,2026-0583,Program,APPROVED,Pass,,,0,0,"CONSIDER:

A.	APPROVING the use of $1 million of previously deobligated local Proposition C 25% Call for Projects funding set aside in reserve for capital projects to fund Open and Slow Streets Cycle 8 operational events between September 2026 and March 2028;

B.	AMENDING the FY27 Budget by $1,000,000 to authorize expenditures for Recommendation A; and

C.	AUTHORIZING the Chief Executive Officer or their designee to award eligible Cycle 8 events that meet the requirements and process outlined in"
3545,2026-09-24,Board of Directors - Regular Board Meeting,173008,,62,,,,,,,,0,0,EXECUTIVE MANAGEMENT COMMITTEE MADE THE FOLLOWING RECOMMENDATION (3-0):
3545,2026-09-24,Board of Directors - Regular Board Meeting,173009,25,61,12675,2026-0562,Appointment,APPROVED,Pass,,,0,1,APPROVE the appointment of the Chinese American Construction Professionals (CACP) to the Transportation Business Advisory Council (TBAC) membership.
3545,2026-09-24,Board of Directors - Regular Board Meeting,173010,,60,,,,,,,,0,0,EXECUTIVE MANAGEMENT COMMITTEE MADE THE FOLLOWING RECOMMENDATION (3-0):
3545,2026-09-24,Board of Directors - Regular Board Meeting,173011,23,58,12803,2026-0690,Motion / Motion Response,APPROVED,Pass,,,0,1,"APPROVE Motion by Yaroslavsky, Bass, Padilla, Mitchell, and Horvath to direct the Chief Executive Officer, in consultation with any relevant County or City of Los Angeles departments, to:

A.	EVALUATE the feasibility of temporary advertising on construction walls or solid fencing at one Metro-owned property within the City of Los Angeles, including but not limited to the Metro-owned lots on (1) the southwest corner of Wilshire Boulevard and La Brea Avenue; and (2) relevant East San Fernando Vall"
3545,2026-09-24,Board of Directors - Regular Board Meeting,173012,,57,,,,,,,,0,0,"FINANCE, BUDGET, AND AUDIT COMMITTEE MADE THE FOLLOWING RECOMMENDATION (4-0):"
3545,2026-09-24,Board of Directors - Regular Board Meeting,173013,21,55,12719,2026-0606,Contract,APPROVED ON CONSENT CALENDAR,Pass,Tim Sandoval,Ara J. Najarian,0,0,"AUTHORIZE the Chief Executive Officer (CEO) to renew existing group insurance policies covering Non-Contract and American Federation of State, County and Municipal (AFSCME) employees, including long term disability coverage for Teamsters employees, and life insurance for all full-time Los Angeles County Metropolitan Transportation Authority (Metro) employees, for the one-year period beginning January 1, 2027 (Attachment A)."
3545,2026-09-24,Board of Directors - Regular Board Meeting,173014,,54,,,,,,,,0,0,"FINANCE, BUDGET, AND AUDIT COMMITTEE MADE THE FOLLOWING RECOMMENDATION (4-0):"
3545,2026-09-24,Board of Directors - Regular Board Meeting,173015,20,53,12346,2026-0229,Appointment,APPROVED,Pass,,,0,1,"APPROVE the following recommendations for the Measure M Independent Taxpayer Oversight Committee (MMITOC):

A.	Jay Gandhi, the recommended nominee for the area of expertise A, a retired federal or state judge; and

B.	Daniel Freeman, the recommended nominee for the area of expertise F, a licensed architect or engineer."
3545,2026-09-24,Board of Directors - Regular Board Meeting,173016,,52,,,,,,,,0,0,"FINANCE, BUDGET, AND AUDIT COMMITTEE MADE THE FOLLOWING RECOMMENDATION (4-0):"
3545,2026-09-24,Board of Directors - Regular Board Meeting,173017,19,51,12714,2026-0601,Program,APPROVED ON CONSENT CALENDAR,Pass,Tim Sandoval,Ara J. Najarian,0,0,"AUTHORIZE the Chief Executive Officer to award a firm fixed unit rate Contract No. PS134759000 to Matrix Healthcare Services, Inc., dba MyMatrixx, to administer and manage pharmacy benefits, and process and pass through prescription medications for Metro’s Workers’ Compensation Program (the “Program”) in the Not-To-Exceed (NTE) amount of $9,672,000 for the initial three-year base term, $3,256,000 for the first, one-year option, and $3,320,000 for the second, one-year option, for a total NTE amou"
3545,2026-09-24,Board of Directors - Regular Board Meeting,173018,,50,,,,,,,,0,0,"FINANCE, BUDGET, AND AUDIT COMMITTEE MADE THE FOLLOWING RECOMMENDATION (4-0):"
3545,2026-09-24,Board of Directors - Regular Board Meeting,173019,,19,,,,,,,,0,0,"FINANCE, BUDGET, AND AUDIT COMMITTEE MADE THE FOLLOWING RECOMMENDATION AS AMENDED (4-0):"
3545,2026-09-24,Board of Directors - Regular Board Meeting,173020,22,20,12257,2026-0140,Budget,ADOPTED AS AMENDED,Pass,Kathryn Barger,Katy Yaroslavsky,0,0,"CONSIDER:

A.	AUTHORIZING the Chief Executive Officer or their designee to execute Metrolink’s second continuing resolution to extend Fiscal Year 2026 (FY26) budget authorization through the second quarter of Fiscal Year 2027 (FY27) until January 1, 2027, and execute all necessary agreements between Metro and the Southern California Regional Rail Authority (SCRRA or Metrolink) based on the continuing resolution;

B.	APPROVING additional funding in the amount of up to $365,202 for Metro’s share o"
3545,2026-09-24,Board of Directors - Regular Board Meeting,173021,,68,,,,,,,,0,0,"OPERATIONS, SAFETY, AND CUSTOMER EXPERIENCE COMMITTEE MADE THE FOLLOWING RECOMMENDATION (5-0):"
3545,2026-09-24,Board of Directors - Regular Board Meeting,173022,29,67,12802,2026-0689,Motion / Motion Response,APPROVED,Pass,,,0,1,"APPROVE Motion by Bass, Dupont-Walker, Richardson, Mitchell, Solis and Sandoval to direct the CEO to:

A.	DEVELOP a plan to increase participation in Metro’s subsidized fare and fareless programs by at least 30 percent, including the LIFE Program, GoPass, U-Pass, the Employer Program and all existing programs that provide free or reduced-cost transit to eligible riders. The plan should include strategies to increase employer participation and encourage more employers to subsidize or provide free"
3545,2026-09-24,Board of Directors - Regular Board Meeting,173023,,66,,,,,,,,0,0,EXECUTIVE MANAGEMENT COMMITTEE MADE THE FOLLOWING RECOMMENDATION (3-0):
3545,2026-09-24,Board of Directors - Regular Board Meeting,173024,28,22,12734,2026-0621,Program,WITHDRAWN,,,,0,0,"WITHDRAWN: 

ADOPT the staff recommendation for the following official and operational station names for the two stations that comprise Metro Rail’s D Line Extension, Section 3:

Official Station Name: Wilshire/UCLA		
Operational Station Name: Wilshire/UCLA
			
Official Station Name: Wilshire/VA Medical Ctr		
Operational Station Name: Wilshire/VA Medical Ctr"
3545,2026-09-24,Board of Directors - Regular Board Meeting,173025,,21,,,,,,,,0,0,EXECUTIVE MANAGEMENT COMMITTEE FORWARDED THE FOLLOWING: 
3545,2026-09-24,Board of Directors - Regular Board Meeting,173026,36,76,12680,2026-0567,Contract,APPROVED,Pass,,,0,1,"AUTHORIZE the Chief Executive Officer to execute Modification No. 4 to Contract No. OP964830008370 with Graffiti Shield, Inc. for stainless steel anti-graffiti film installation and replacement services for Regions 1, 2, and 3, to exercise the first one-year option in the Not-To-Exceed (NTE) amount of $5,737,859, increasing the total NTE contract amount from $15,722,845 to $21,460,704, and extending the period of performance from December 1, 2026, to November 30, 2027."
3545,2026-09-24,Board of Directors - Regular Board Meeting,173027,,75,,,,,,,,0,0,"OPERATIONS, SAFETY, AND CUSTOMER EXPERIENCE COMMITTEE MADE THE FOLLOWING RECOMMENDATION (5-0):"
3545,2026-09-24,Board of Directors - Regular Board Meeting,173028,35,73,12679,2026-0566,Contract,APPROVED,Pass,,,0,1,"AUTHORIZE the Chief Executive Officer to execute Modification No. 2 to Contract No. OP44851-20008370 with Prudential Overall Supply for uniform rental services, to exercise the one, three-year option in the Not-To-Exceed (NTE) amount of $3,575,446, increasing the total contract NTE amount from $3,256,271 to $6,831,717, and extending the period of performance from December 1, 2026 to November 30, 2029."
3545,2026-09-24,Board of Directors - Regular Board Meeting,173029,,72,,,,,,,,0,0,"OPERATIONS, SAFETY, AND CUSTOMER EXPERIENCE COMMITTEE MADE THE FOLLOWING RECOMMENDATION (5-0):"
3545,2026-09-24,Board of Directors - Regular Board Meeting,173030,34,71,12677,2026-0564,Contract,APPROVED,Pass,,,0,1,"AUTHORIZE the Chief Executive Officer to award a firm fixed price contract, Contract No. DR135489 for six swing loaders with hi-rail gears to SWNG Inc. (DBA Swingmaster), the lowest responsive and responsible bidder, for a total contract amount of $2,573,400, plus applicable California’s use tax, subject to the resolution of any properly submitted protest(s), if any."
3545,2026-09-24,Board of Directors - Regular Board Meeting,173031,,70,,,,,,,,0,0,"OPERATIONS, SAFETY, AND CUSTOMER EXPERIENCE COMMITTEE MADE THE FOLLOWING RECOMMENDATION (5-0):"
3545,2026-09-24,Board of Directors - Regular Board Meeting,173032,32,69,12179,2026-0063,Contract,APPROVED ON CONSENT CALENDAR,Pass,Tim Sandoval,Ara J. Najarian,0,0,"AUTHORIZE the Chief Executive Officer to execute Contract Modification No. 34 to Contract No PS20113000, a cost plus fixed-fee contract with CH2M Hill, Inc. for the P2000 Light Rail Vehicle (LRV) Overhaul Program Consultant Support Services, increasing the Not-To-Exceed (NTE) contract price by $810,985.32, from $11,012,090.20 to $11,823,075.52, and extending the period of performance from September 30, 2026 through June 30, 2034. This requested increase to the NTE contract price is within the cu"
3545,2026-09-24,Board of Directors - Regular Board Meeting,173034,,27,,,,,,,,0,0,page break
3545,2026-09-24,Board of Directors - Regular Board Meeting,173035,,25,,,,APPROVED,,,,0,0,
3545,2026-09-24,Board of Directors - Regular Board Meeting,173036,39,78,12682,2026-0569,Budget,ADOPTED,Pass,Tim Sandoval,Ara J. Najarian,0,0,"AUTHORIZE the Chief Executive Officer to increase the Life of Project Budget (LOP) for the Project 205670 - Metro C Line Traction Power Substations Replacement by $63,000,000 increasing the Life of Project from $98,500,000 to $161,500,000."
3545,2026-09-24,Board of Directors - Regular Board Meeting,173037,,77,,,,,,,,0,0,"OPERATIONS, SAFETY, AND CUSTOMER EXPERIENCE COMMITTEE MADE THE FOLLOWING RECOMMENDATION (6-0):"
3545,2026-09-24,Board of Directors - Regular Board Meeting,173038,40,80,12785,2026-0672,Contract,APPROVED,Pass,,,0,1,"AUTHORIZE the Chief Executive Officer (CEO) to execute Modification No. 25 to Contract No. PS272680011357 with Bicycle Transit Systems, Inc., DBA Revolution, to implement and support the grant funded expansion of the Metro Bike Share (MBS) system in the Not-To-Exceed (NTE) amount of $7,550,000, increasing the total contract value from $139,830,029 to $147,380,029."
3545,2026-09-24,Board of Directors - Regular Board Meeting,173039,,79,,,,,,,,0,0,"OPERATIONS, SAFETY, AND CUSTOMER EXPERIENCE COMMITTEE MADE THE FOLLOWING RECOMMENDATION (6-0):"
3545,2026-09-24,Board of Directors - Regular Board Meeting,173040,,56,,,,,,,,0,0,page break
3545,2026-09-24,Board of Directors - Regular Board Meeting,173041,,59,,,,,,,,0,0,page break
3545,2026-09-24,Board of Directors - Regular Board Meeting,173042,,74,,,,,,,,0,0,page break
3545,2026-09-24,Board of Directors - Regular Board Meeting,173086,,,,,,APPROVED ON CONSENT CALENDAR,Pass,,,0,1,Approval of the Consent Agenda
3580,2026-09-16,Board of Directors - Special Board Meeting,172586,,1,,,,,,,,0,0,page break
3580,2026-09-16,Board of Directors - Special Board Meeting,172587,,2,,,,,,,,0,0,Live Public Comment Instructions:
3580,2026-09-16,Board of Directors - Special Board Meeting,172588,,3,,,,,,,,0,0,"Live public comment can be given by telephone or in-person.

The Meeting begins at 3:00 PM Pacific Time on September 16, 2026; you may join the call 5 minutes prior to the start of the meeting.

Dial-in: 888-978-8818 and enter
English Access Code: 5647249#
Spanish Access Code: 7292892#"
3580,2026-09-16,Board of Directors - Special Board Meeting,172589,,4,,,,,,,,0,0,"Public comment will be taken as the Board takes up each item. To give public  comment on an item, enter #2 (pound-two) when prompted. Please note that the live  video feed lags about 30 seconds behind the actual meeting. There is no lag on the  public comment dial-in line."
3580,2026-09-16,Board of Directors - Special Board Meeting,172590,,5,,,,,,,,0,0,Instrucciones para comentarios publicos en vivo:
3580,2026-09-16,Board of Directors - Special Board Meeting,172591,,6,,,,,,,,0,0,"Los comentarios publicos en vivo se pueden dar por telefono o en persona.

La Reunion de la Junta comienza a las 3:00 PM, hora del Pacifico, el 16 de Septiembre de 2026. Puedes unirte a la llamada 5 minutos antes del comienso de la junta.

Marque: 888-978-8818 y ingrese el codigo
Codigo de acceso en ingles: 5647249#
Codigo de acceso en espanol: 7292892#"
3580,2026-09-16,Board of Directors - Special Board Meeting,172592,,7,,,,,,,,0,0,Los comentarios del público se tomaran cuando se toma cada tema. Para dar un  comentario público sobre una tema ingrese # 2 (Tecla de numero y dos) cuando se le  solicite. Tenga en cuenta que la transmisión de video en vivo se retrasa unos 30  segundos con respecto a la reunión real. No hay retraso en la línea de acceso telefónico para comentarios públicos.
3580,2026-09-16,Board of Directors - Special Board Meeting,172593,,8,,,,,,,,0,0,Written Public Comment Instruction:
3580,2026-09-16,Board of Directors - Special Board Meeting,172594,,9,,,,,,,,0,0,"Written public comments must be received by 5PM the day before the meeting.
Please include the Item # in your comment and your position of “FOR,” “AGAINST,” ""GENERAL COMMENT,"" or ""ITEM NEEDS MORE CONSIDERATION.""
Email: BoardClerk@metro.net
Post Office Mail:
Board Administration
One Gateway Plaza
MS: 99-3-1
Los Angeles, CA 90012"
3580,2026-09-16,Board of Directors - Special Board Meeting,172595,,10,,,,,,,,0,0,page break
3580,2026-09-16,Board of Directors - Special Board Meeting,172596,,11,,,,,,,,0,0,CALL TO ORDER
3580,2026-09-16,Board of Directors - Special Board Meeting,172597,,12,,,,,,,,1,0,ROLL CALL
3580,2026-09-16,Board of Directors - Special Board Meeting,172602,,16,12781,2026-0668,Informational Report,,,,,0,0,RECEIVE General Public Comment
3580,2026-09-16,Board of Directors - Special Board Meeting,172603,,17,,,,,,,,0,0,"Consideration of items not on the posted agenda, including: items to be presented and (if requested) referred to staff; items to be placed on the agenda for action at a future meeting of the Committee or Board; and/or items requiring immediate action because of an emergency situation or where the need to take immediate action came to the attention of the Committee subsequent to the posting of the agenda."
3580,2026-09-16,Board of Directors - Special Board Meeting,172604,,18,,,,,,,,0,0,COMMENTS FROM THE PUBLIC ON ITEMS OF PUBLIC INTEREST WITHIN COMMITTEE’S SUBJECT MATTER JURISDICTION
3580,2026-09-16,Board of Directors - Special Board Meeting,172605,,19,,,,,,,,0,0,Adjournment
3580,2026-09-16,Board of Directors - Special Board Meeting,172606,15,13,12516,2026-0399,Informational Report,RECEIVED AND FILED,Pass,,,0,0,RECEIVE AND FILE a report on the 2026 FIFA World Cup debrief.
3580,2026-09-16,Board of Directors - Special Board Meeting,172610,16,14,12730,2026-0617,Informational Report,RECEIVED AND FILED,Pass,,,0,0,RECEIVE AND FILE the Mobility Concept Plan (MCP) Implementation Progress Report.
3580,2026-09-16,Board of Directors - Special Board Meeting,172915,,15,,,,,,,,0,0,
3637,2026-09-02,Measure M Independent Taxpayer Oversight Committee,172494,,1,,,,,,,,0,0,page break
3637,2026-09-02,Measure M Independent Taxpayer Oversight Committee,172495,,2,,,,,,,,0,0,Live Public Comment Instructions:
3637,2026-09-02,Measure M Independent Taxpayer Oversight Committee,172496,,3,,,,,,,,0,0,"Live public comment can be given by telephone or in-person.

The Meeting begins at 10:00 AM Pacific Time on September 2, 2026; you may join the call 5 minutes prior to the start of the meeting.

Dial-in: 888-978-8818 and enter
English Access Code: 5647249#
Spanish Access Code: 7292892#"
3637,2026-09-02,Measure M Independent Taxpayer Oversight Committee,172497,,4,,,,,,,,0,0,"Public comment will be taken as the Board takes up each item. To give public  comment on an item, enter #2 (pound-two) when prompted. Please note that the live  video feed lags about 30 seconds behind the actual meeting. There is no lag on the  public comment dial-in line."
3637,2026-09-02,Measure M Independent Taxpayer Oversight Committee,172498,,5,,,,,,,,0,0,Instrucciones para comentarios publicos en vivo:
3637,2026-09-02,Measure M Independent Taxpayer Oversight Committee,172499,,6,,,,,,,,0,0,"Los comentarios publicos en vivo se pueden dar por telefono o en persona.

La Reunion de la Junta comienza a las 10:00 AM, hora del Pacifico, el 2 de Septiembre de 2026. Puedes unirte a la llamada 5 minutos antes del comienso de la junta.

Marque: 888-978-8818 y ingrese el codigo
Codigo de acceso en ingles: 5647249#
Codigo de acceso en espanol: 7292892#"
3637,2026-09-02,Measure M Independent Taxpayer Oversight Committee,172500,,7,,,,,,,,0,0,Los comentarios del público se tomaran cuando se toma cada tema. Para dar un  comentario público sobre una tema ingrese # 2 (Tecla de numero y dos) cuando se le  solicite. Tenga en cuenta que la transmisión de video en vivo se retrasa unos 30  segundos con respecto a la reunión real. No hay retraso en la línea de acceso telefónico para comentarios públicos.
3637,2026-09-02,Measure M Independent Taxpayer Oversight Committee,172501,,8,,,,,,,,0,0,Written Public Comment Instruction:
3637,2026-09-02,Measure M Independent Taxpayer Oversight Committee,172502,,9,,,,,,,,0,0,"Written public comments must be received by 5PM the day before the meeting.
Please include the Item # in your comment and your position of “FOR,” “AGAINST,” ""GENERAL COMMENT,"" or ""ITEM NEEDS MORE CONSIDERATION.""
Email: BoardClerk@metro.net
Post Office Mail:
Board Administration
One Gateway Plaza
MS: 99-3-1
Los Angeles, CA 90012"
3637,2026-09-02,Measure M Independent Taxpayer Oversight Committee,172503,,10,,,,,,,,0,0,page break
3637,2026-09-02,Measure M Independent Taxpayer Oversight Committee,172504,,11,,,,,,,,0,0,CALL TO ORDER
3637,2026-09-02,Measure M Independent Taxpayer Oversight Committee,172505,,12,,,,,,,,0,0,ROLL CALL
3637,2026-09-02,Measure M Independent Taxpayer Oversight Committee,172506,,22,12725,2026-0612,Informational Report,,,,,0,0,RECEIVE General Public Comment
3637,2026-09-02,Measure M Independent Taxpayer Oversight Committee,172507,,23,,,,,,,,0,0,"Consideration of items not on the posted agenda, including: items to be presented and (if requested) referred to staff; items to be placed on the agenda for action at a future meeting of the Committee or Board; and/or items requiring immediate action because of an emergency situation or where the need to take immediate action came to the attention of the Committee subsequent to the posting of the agenda."
3637,2026-09-02,Measure M Independent Taxpayer Oversight Committee,172508,,24,,,,,,,,0,0,COMMENTS FROM THE PUBLIC ON ITEMS OF PUBLIC INTEREST WITHIN COMMITTEE’S SUBJECT MATTER JURISDICTION
3637,2026-09-02,Measure M Independent Taxpayer Oversight Committee,172509,,25,,,,,,,,0,0,Adjournment
3637,2026-09-02,Measure M Independent Taxpayer Oversight Committee,172510,,21,,,,,,,,0,0,
3637,2026-09-02,Measure M Independent Taxpayer Oversight Committee,172511,7,20,12646,2026-0533,Oral Report / Presentation,,,,,0,0,"RECEIVE oral report on Measure M Active Transportation, programmed revenues, and uses to support discussion on the effective and efficient use of funds."
3637,2026-09-02,Measure M Independent Taxpayer Oversight Committee,172512,6,19,12585,2026-0468,Oral Report / Presentation,,,,,0,0,RECEIVE oral report on Transit and Highway Capital Projects to support discussion on the effective and efficient use of funds.
3637,2026-09-02,Measure M Independent Taxpayer Oversight Committee,172513,5,17,12688,2026-0575,Oral Report / Presentation,,,,,0,0,RECEIVE oral report on State of Good Repair budget and expenses.
3637,2026-09-02,Measure M Independent Taxpayer Oversight Committee,172514,4,16,12671,2026-0558,Oral Report / Presentation,,,,,0,0,RECEIVE oral report on Local Return programmed revenues and uses for Los Angeles County jurisdictions to support discussion on the effective and efficient use of funds.
3637,2026-09-02,Measure M Independent Taxpayer Oversight Committee,172515,3,15,12647,2026-0534,Oral Report / Presentation,,,,,0,0,RECEIVE oral report on review of the Measure M transit operations budget and countywide bus service metrics to support discussion on the effective and efficient use of funds.
3637,2026-09-02,Measure M Independent Taxpayer Oversight Committee,172516,2,14,12724,2026-0611,Minutes,,,,,0,0,"APPROVE Minutes of the Measure M Independent Taxpayer Oversight Committee Meeting held June 3, 2026."
3637,2026-09-02,Measure M Independent Taxpayer Oversight Committee,172517,1,13,12723,2026-0610,Oral Report / Presentation,,,,,0,0,RECEIVE remarks by the Chair.
3637,2026-09-02,Measure M Independent Taxpayer Oversight Committee,172668,,18,,,,,,,,0,0,page break
